Frequency/GHz, Amplitude rel. 1, Phase 1, Ref.Amplitude rel. 1, Ref.Phase 1, Amplitude rel. 2, Phase 2, Ref.Amplitude rel. 2, Ref.Phase 2
     0.0,  1.855070E-3,    -3.14159,  1.913670E-3,    -0.00000, 1.068595E-12,    -0.02928,          NaN,         NaN
     5.0,  1.886854E-3,    -3.90795,  5.603461E-3,    -2.60812, 1.003110E-11,     1.19792,          NaN,         NaN
    10.0,  6.480784E-3,    -6.54648,  1.116512E-2,    -1.17708, 1.150019E-11,     0.38058,          NaN,         NaN
    15.0,  6.211028E-3,    -6.30913,  1.156937E-2,    -1.15276, 1.509814E-11,     1.19672,          NaN,         NaN
    20.0,  1.383846E-2,    -6.23756,  1.956219E-2,    -0.77483, 1.812510E-11,     2.67094,          NaN,         NaN
    25.0,  3.283918E-2,    -4.49448,  2.120595E-2,     1.31504, 1.495317E-11,     5.16960,          NaN,         NaN
    30.0,  1.857088E-2,    -1.54133,  2.925665E-2,    -1.67905, 1.017989E-11,     3.88568,          NaN,         NaN
    35.0,  3.876846E-2,     0.55976,  4.216567E-2,    -0.13378, 4.563909E-12,     4.43342,          NaN,         NaN
    40.0,  7.839376E-2,     0.26269,  8.502012E-2,    -0.30067, 1.078816E-11,     3.62363,          NaN,         NaN
    45.0,  1.171224E-1,     0.19731,  1.239163E-1,    -0.36306, 1.264400E-11,     3.50126,          NaN,         NaN
    50.0,  1.219714E-1,     1.35719,  1.212416E-1,     0.75001, 1.091056E-11,     3.72787,          NaN,         NaN
    55.0,  3.063458E-1,     3.21527,  3.016069E-1,     2.60028, 1.470969E-11,     5.36675,          NaN,         NaN
    60.0,  6.574965E-2,     3.71666,  6.260730E-2,     3.01620, 9.083182E-12,     6.87906,          NaN,         NaN
    65.0,  1.443453E-1,     4.01019,  1.442629E-1,     3.26940, 7.625244E-12,     7.48351,          NaN,         NaN
    70.0,  3.682122E-1,     3.85649,  3.718031E-1,     3.07437, 1.787792E-11,     6.08877,          NaN,         NaN
    75.0,  3.247172E-1,     4.23380,  3.269170E-1,     3.38962, 1.538183E-11,     6.17445,          NaN,         NaN
    80.0,  3.625060E-1,     5.35271,  3.559498E-1,     4.47532, 2.149758E-11,     7.71640,          NaN,         NaN
    85.0,  7.771619E-2,     4.17501,  8.274100E-2,     3.12769, 8.997511E-12,     8.67580,          NaN,         NaN
    90.0,  1.559207E-1,     6.39698,  1.446289E-1,     5.45126, 1.047462E-11,     8.72474,          NaN,         NaN
    95.0,  2.909466E-1,     6.17225,  2.799256E-1,     5.14249, 7.965501E-12,     8.54949,          NaN,         NaN
   100.0,  3.956078E-1,     6.36367,  3.860071E-1,     5.28379, 1.986431E-11,     8.11420,          NaN,         NaN
   105.0,  4.156461E-1,     7.09004,  4.104005E-1,     5.97036, 2.441158E-11,     8.18747,          NaN,         NaN
   110.0,  4.328365E-1,     7.19859,  4.319515E-1,     6.02034, 1.540876E-11,     8.35856,          NaN,         NaN
   115.0,  6.293396E-1,     7.12955,  6.322827E-1,     5.89862, 2.844236E-11,     8.56586,          NaN,         NaN
   120.0,  4.314624E-1,     7.97146,  4.336634E-1,     6.69178, 2.374128E-11,     9.68373,          NaN,         NaN
   125.0,  4.766230E-1,     8.82562,  4.799500E-1,     7.48928, 2.053181E-11,    10.16665,          NaN,         NaN
   130.0,  5.416456E-1,     9.06019,  5.477060E-1,     7.66414, 2.607183E-11,    10.61054,          NaN,         NaN
   135.0,  4.960289E-1,     9.23806,  5.018544E-1,     7.78521, 1.795322E-11,    10.76621,          NaN,         NaN
   140.0,  6.297541E-1,     9.58604,  6.361379E-1,     8.07804, 2.895366E-11,    10.53317,          NaN,         NaN
   145.0,  6.327907E-1,     9.91691,  6.397730E-1,     8.35407, 2.288313E-11,    11.44730,          NaN,         NaN
   150.0,  5.298142E-1,    10.32611,  5.367671E-1,     8.70416, 1.460225E-11,    11.97804,          NaN,         NaN
   155.0,  6.242934E-1,    10.63477,  6.369223E-1,     8.96415, 2.318865E-11,    11.76955,          NaN,         NaN
   160.0,  5.351057E-1,    10.98566,  5.475041E-1,     9.26858, 1.465487E-11,    12.55054,          NaN,         NaN
   165.0,  6.225314E-1,    11.51196,  6.408875E-1,     9.73911, 1.837894E-11,    12.28738,          NaN,         NaN
   170.0,  7.545566E-1,    11.84908,  7.856129E-1,    10.01985, 2.192480E-11,    12.68062,          NaN,         NaN
   175.0,  7.190679E-1,    12.30811,  7.537392E-1,    10.42565, 2.731971E-11,    13.42465,          NaN,         NaN
   180.0,  6.696652E-1,    12.83740,  7.054922E-1,    10.90096, 2.324754E-11,    14.06353,          NaN,         NaN
   185.0,  7.374889E-1,    12.98579,  7.788369E-1,    10.99678, 2.560386E-11,    14.13857,          NaN,         NaN
   190.0,  6.738035E-1,    13.08599,  7.134033E-1,    11.03625, 1.976000E-11,    14.13676,          NaN,         NaN
   195.0,  6.900651E-1,    13.56964,  7.354608E-1,    11.46655, 2.843381E-11,    14.50165,          NaN,         NaN
   200.0,  7.412944E-1,    13.97402,  7.976434E-1,    11.80572, 3.050385E-11,    14.95737,          NaN,         NaN
   205.0,  5.603524E-1,    14.55950,  6.099734E-1,    12.34214, 2.624831E-11,    16.09454,          NaN,         NaN
   210.0,  6.269032E-1,    14.69133,  6.887363E-1,    12.42141, 2.665924E-11,    15.78454,          NaN,         NaN
   215.0,  6.372472E-1,    14.99377,  7.079661E-1,    12.66140, 1.825483E-11,    15.85916,          NaN,         NaN
   220.0,  9.380281E-1,    15.46851,  1.053657E+0,    13.07798, 4.100981E-11,    16.69320,          NaN,         NaN
   225.0,  9.813043E-1,    15.74835,  1.117651E+0,    13.30832, 4.204341E-11,    16.68798,          NaN,         NaN
   230.0,  7.937987E-1,    16.19708,  9.042178E-1,    13.70252, 3.609329E-11,    17.41673,          NaN,         NaN
   235.0,  7.228059E-1,    16.40703,  8.274686E-1,    13.84994, 2.498977E-11,    18.13923,          NaN,         NaN
   240.0,  7.284175E-1,    16.77348,  8.398905E-1,    14.15591, 2.390489E-11,    18.47076,          NaN,         NaN
   245.0,  8.021915E-1,    17.26693,  9.367203E-1,    14.59705, 2.984088E-11,    18.23184,          NaN,         NaN
   250.0,  8.397527E-1,    17.78673,  9.896711E-1,    15.06375, 2.412517E-11,    18.76956,          NaN,         NaN
   255.0,  7.728838E-1,    18.03005,  9.222802E-1,    15.24656, 3.015431E-11,    18.97604,          NaN,         NaN
   260.0,  6.847846E-1,    18.41018,  8.278827E-1,    15.57098, 3.299664E-11,    18.77741,          NaN,         NaN
   265.0,  9.112863E-1,    18.54674,  1.120928E+0,    15.64321, 3.438361E-11,    19.39360,          NaN,         NaN
   270.0,  7.949965E-1,    18.90990,  9.961081E-1,    15.95065, 3.463044E-11,    20.02221,          NaN,         NaN
   275.0,  8.543451E-1,    19.51754,  1.086376E+0,    16.51531, 4.258019E-11,    20.59686,          NaN,         NaN
   280.0,  7.830409E-1,    19.67742,  1.005416E+0,    16.61261, 4.098368E-11,    20.67391,          NaN,         NaN
   285.0,  6.798076E-1,    20.25437,  8.917463E-1,    17.12731, 2.373509E-11,    21.61567,          NaN,         NaN
   290.0,  8.190779E-1,    20.49379,  1.088536E+0,    17.31553, 3.402855E-11,    21.38771,          NaN,         NaN
   295.0,  7.911132E-1,    20.91414,  1.057103E+0,    17.67672, 3.295691E-11,    21.81967,          NaN,         NaN
   300.0,  7.372918E-1,    21.25213,  1.002746E+0,    17.95543, 3.657122E-11,    22.34997,          NaN,         NaN
   305.0,  6.516317E-1,    21.61684,  9.034528E-1,    18.26885, 2.330149E-11,    22.38560,          NaN,         NaN
   310.0,  6.548303E-1,    21.89039,  9.163098E-1,    18.48567, 2.172876E-11,    23.01979,          NaN,         NaN
   315.0,  5.748455E-1,    22.29705,  8.150981E-1,    18.83313, 1.821882E-11,    23.90233,          NaN,         NaN
   320.0,  6.918315E-1,    22.59511,  1.000085E+0,    19.07174, 3.599816E-11,    22.94174,          NaN,         NaN
   325.0,  6.115521E-1,    22.88375,  9.086523E-1,    19.29664, 2.971711E-11,    23.75813,          NaN,         NaN
   330.0,  6.102006E-1,    23.37583,  9.256409E-1,    19.74069, 2.125328E-11,    24.66608,          NaN,         NaN
   335.0,  6.280341E-1,    23.59441,  9.731361E-1,    19.91132, 2.548340E-11,    24.34323,          NaN,         NaN
   340.0,  6.010100E-1,    23.96442,  9.474531E-1,    20.22116, 2.789135E-11,    24.92449,          NaN,         NaN
   345.0,  5.866259E-1,    24.26861,  9.377381E-1,    20.46373, 2.164328E-11,    25.66944,          NaN,         NaN
   350.0,  5.672795E-1,    24.73433,  9.302772E-1,    20.87246, 1.933706E-11,    26.01204,          NaN,         NaN
   355.0,  5.724685E-1,    25.02415,  9.596728E-1,    21.09633, 2.206438E-11,    26.19576,          NaN,         NaN
   360.0,  5.249095E-1,    25.37906,  8.930686E-1,    21.41041, 1.906725E-11,    25.81676,          NaN,         NaN
   365.0,  5.350359E-1,    25.72587,  9.264444E-1,    21.69996, 3.340091E-11,    26.50627,          NaN,         NaN
   370.0,  4.912962E-1,    26.03121,  8.686981E-1,    21.94357, 2.223022E-11,    26.89706,          NaN,         NaN
   375.0,  4.874105E-1,    26.45561,  8.830989E-1,    22.30648, 3.144884E-11,    28.00661,          NaN,         NaN
   380.0,  4.763448E-1,    26.67982,  8.950891E-1,    22.48610, 1.365909E-11,    28.01768,          NaN,         NaN
   385.0,  4.653511E-1,    27.05353,  8.953417E-1,    22.79892, 2.362797E-11,    27.80363,          NaN,         NaN
   390.0,  4.820912E-1,    27.44966,  9.375872E-1,    23.15098, 2.235741E-11,    28.79430,          NaN,         NaN
   395.0,  4.591148E-1,    27.76453,  9.260019E-1,    23.41244, 2.328362E-11,    29.07480,          NaN,         NaN
   400.0,  4.368229E-1,    28.05038,  8.822267E-1,    23.63551, 1.292286E-11,    29.16502,          NaN,         NaN
   405.0,  4.405985E-1,    28.50075,  9.236613E-1,    24.02312, 2.551434E-11,    29.66500,          NaN,         NaN
   410.0,  4.200591E-1,    28.79885,  9.185429E-1,    24.26130, 1.825153E-11,    29.90238,          NaN,         NaN
   415.0,  3.766816E-1,    29.22119,  8.411331E-1,    24.61802, 1.909066E-11,    31.13972,          NaN,         NaN
   420.0,  3.967588E-1,    29.60971,  9.157613E-1,    24.95609, 1.881619E-11,    30.58660,          NaN,         NaN
   425.0,  3.427332E-1,    29.81725,  8.217411E-1,    25.12646, 1.079548E-11,    30.98786,          NaN,         NaN
   430.0,  3.465127E-1,    30.24533,  8.489396E-1,    25.49888, 2.625602E-11,    31.20153,          NaN,         NaN
   435.0,  3.339172E-1,    30.49075,  8.410937E-1,    25.68434, 1.177896E-11,    30.85538,          NaN,         NaN
   440.0,  3.055523E-1,    30.87671,  8.031060E-1,    26.01473, 2.529707E-11,    30.56416,          NaN,         NaN
   445.0,  2.902888E-1,    31.28685,  7.993487E-1,    26.39417, 7.840035E-12,    30.43878,          NaN,         NaN
   450.0,  3.050710E-1,    31.44497,  8.471205E-1,    26.50362, 1.857341E-11,    31.82011,          NaN,         NaN
   455.0,  2.646980E-1,    31.85321,  7.580291E-1,    26.85430, 1.202233E-11,    32.20949,          NaN,         NaN
   460.0,  2.946911E-1,    32.24809,  8.849519E-1,    27.19704, 1.364111E-11,    33.18351,          NaN,         NaN
   465.0,  2.645040E-1,    32.49901,  8.227224E-1,    27.39655, 6.969565E-12,    32.29260,          NaN,         NaN
   470.0,  2.544369E-1,    32.93659,  8.056266E-1,    27.81356, 1.614763E-11,    32.75413,          NaN,         NaN
   475.0,  2.672812E-1,    33.20454,  8.775077E-1,    28.03056, 1.410334E-11,    33.96428,          NaN,         NaN
   480.0,  2.134277E-1,    33.53807,  7.141299E-1,    28.30673, 1.374962E-11,    32.96092,          NaN,         NaN
   485.0,  2.334542E-1,    33.91958,  7.966979E-1,    28.64748, 1.499053E-11,    34.35379,          NaN,         NaN
   490.0,  2.409621E-1,    34.16896,  8.484057E-1,    28.86020, 9.872983E-12,    34.59579,          NaN,         NaN
   495.0,  2.074062E-1,    34.51080,  7.567946E-1,    29.11261, 7.497242E-12,    35.27257,          NaN,         NaN
   500.0,  2.232587E-1,    35.02237,  8.370237E-1,    29.58805, 1.497595E-11,    34.65920,          NaN,         NaN
   505.0,  2.190264E-1,    35.16824,  8.496039E-1,    29.68227, 1.735107E-11,    35.00935,          NaN,         NaN
   510.0,  1.889762E-1,    35.63552,  7.662297E-1,    30.08776, 1.241979E-11,    35.22593,          NaN,         NaN
   515.0,  2.064216E-1,    36.00773,  8.917141E-1,    30.42504, 1.327667E-11,    35.82372,          NaN,         NaN
   520.0,  1.902713E-1,    36.29892,  8.431709E-1,    30.66426, 9.823459E-12,    35.63151,          NaN,         NaN
   525.0,  1.738902E-1,    36.75750,  7.827530E-1,    31.10342, 7.843205E-12,    36.66846,          NaN,         NaN
   530.0,  1.845075E-1,    37.12611,  8.647553E-1,    31.39614, 1.597257E-11,    36.09635,          NaN,         NaN
   535.0,  1.543010E-1,    37.46392,  7.672497E-1,    31.67457, 1.734090E-11,    37.20106,          NaN,         NaN
   540.0,  1.415197E-1,    37.90909,  7.383342E-1,    32.10871, 1.295409E-11,    37.80003,          NaN,         NaN
   545.0,  1.390652E-1,    38.31059,  7.614957E-1,    32.47555, 5.976853E-12,    38.03378,          NaN,         NaN
   550.0,  1.013543E-1,    38.79498,  5.733394E-1,    32.90964, 1.599368E-11,    37.99713,          NaN,         NaN
   555.0,  4.653609E-2,    39.42374,  2.667168E-1,    33.48497, 1.128187E-11,    37.81279,          NaN,         NaN
   560.0,  5.167105E-2,    38.10502,  3.152742E-1,    32.13110, 7.851890E-12,    37.61811,          NaN,         NaN
   565.0,  9.406410E-2,    38.61303,  5.979944E-1,    32.61351, 9.241747E-12,    37.49083,          NaN,         NaN
   570.0,  1.065109E-1,    39.17677,  6.901383E-1,    33.15549, 9.942206E-12,    38.25774,          NaN,         NaN
   575.0,  1.125162E-1,    39.56901,  7.585278E-1,    33.50337, 9.181871E-12,    38.60536,          NaN,         NaN
   580.0,  1.053528E-1,    39.93094,  7.154090E-1,    33.84853, 1.086511E-11,    37.97637,          NaN,         NaN
   585.0,  1.037742E-1,    40.32196,  7.171553E-1,    34.19878, 7.491048E-12,    38.08994,          NaN,         NaN
   590.0,  1.069864E-1,    40.70550,  7.450742E-1,    34.50457, 7.290286E-12,    38.72393,          NaN,         NaN
   595.0,  9.668228E-2,    41.02488,  7.044841E-1,    34.76315, 1.726603E-11,    40.02511,          NaN,         NaN
   600.0,  9.463438E-2,    41.43730,  7.414492E-1,    35.12238, 5.820678E-12,    40.85188,          NaN,         NaN
   605.0,  9.231353E-2,    41.76376,  7.386270E-1,    35.39005, 8.210515E-12,    41.34975,          NaN,         NaN
   610.0,  8.463740E-2,    42.14670,  7.351539E-1,    35.69492, 1.058047E-11,    39.85745,          NaN,         NaN
   615.0,  7.839548E-2,    42.47850,  7.274311E-1,    36.01751, 1.563051E-11,    41.33679,          NaN,         NaN
   620.0,  7.305005E-2,    42.72204,  7.259354E-1,    36.26657, 5.980041E-12,    42.27149,          NaN,         NaN
   625.0,  7.146755E-2,    43.01165,  7.262703E-1,    36.56578, 7.314637E-12,    41.31276,          NaN,         NaN
   630.0,  6.997047E-2,    43.42070,  7.226738E-1,    36.89619, 8.716975E-12,    40.52162,          NaN,         NaN
   635.0,  6.949962E-2,    43.73797,  7.567098E-1,    37.16302, 1.248967E-11,    41.48499,          NaN,         NaN
   640.0,  6.226800E-2,    44.08081,  7.080151E-1,    37.50704, 1.085984E-11,    41.55831,          NaN,         NaN
   645.0,  6.148210E-2,    44.40488,  7.197566E-1,    37.77121, 1.119771E-11,    42.06380,          NaN,         NaN
   650.0,  5.636817E-2,    44.78050,  7.057570E-1,    38.10933, 1.893646E-11,    43.58148,          NaN,         NaN
   655.0,  5.953880E-2,    45.04442,  7.534030E-1,    38.34756, 1.210748E-11,    42.43428,          NaN,         NaN
   660.0,  5.023611E-2,    45.35592,  6.924829E-1,    38.64777, 1.556605E-11,    44.12215,          NaN,         NaN
   665.0,  5.037855E-2,    45.75937,  7.090757E-1,    39.03647, 9.313289E-12,    42.29173,          NaN,         NaN
   670.0,  4.707023E-2,    46.05673,  6.904196E-1,    39.29296, 8.802957E-12,    40.95414,          NaN,         NaN
   675.0,  4.181731E-2,    46.39840,  6.489866E-1,    39.58573, 8.453384E-12,    42.16260,          NaN,         NaN
   680.0,  4.205531E-2,    46.69201,  6.621852E-1,    39.88718, 1.108559E-11,    43.11942,          NaN,         NaN
   685.0,  4.160570E-2,    47.07012,  6.731834E-1,    40.19881, 7.127587E-12,    42.38359,          NaN,         NaN
   690.0,  3.782727E-2,    47.36616,  6.258014E-1,    40.44665, 1.133547E-11,    41.08468,          NaN,         NaN
   695.0,  3.350234E-2,    47.73278,  6.148025E-1,    40.82352, 1.139854E-11,    42.24754,          NaN,         NaN
   700.0,  3.373598E-2,    47.96190,  5.999885E-1,    41.02329, 7.414380E-12,    42.79753,          NaN,         NaN
   705.0,  2.869140E-2,    48.31989,  5.697297E-1,    41.34087, 7.094767E-12,    43.83848,          NaN,         NaN
   710.0,  2.962390E-2,    48.61543,  5.944001E-1,    41.66194, 1.667621E-11,    43.23320,          NaN,         NaN
   715.0,  2.849359E-2,    48.85488,  5.851267E-1,    41.84728, 1.203824E-11,    43.26702,          NaN,         NaN
   720.0,  2.401890E-2,    49.30981,  5.363793E-1,    42.27274, 1.682801E-11,    44.99054,          NaN,         NaN
   725.0,  2.608124E-2,    49.62899,  5.768192E-1,    42.55215, 1.055766E-11,    43.90248,          NaN,         NaN
   730.0,  2.415162E-2,    49.85447,  5.464367E-1,    42.77576, 1.093648E-11,    42.79244,          NaN,         NaN
   735.0,  2.244474E-2,    50.26335,  5.116111E-1,    43.15614, 6.548815E-12,    43.45332,          NaN,         NaN
   740.0,  2.175464E-2,    50.69835,  5.476493E-1,    43.50759, 8.376636E-12,    43.56323,          NaN,         NaN
   745.0,  1.702356E-2,    51.07804,  4.451751E-1,    43.88202, 9.254039E-12,    44.24262,          NaN,         NaN
   750.0,  9.917036E-3,    51.58872,  2.619663E-1,    44.39880, 9.404245E-12,    45.37831,          NaN,         NaN
   755.0,  1.041392E-2,    50.72703,  2.982490E-1,    43.52441, 8.601731E-12,    46.00295,          NaN,         NaN
   760.0,  1.613808E-2,    51.26858,  4.382945E-1,    43.95491, 7.349018E-12,    46.81867,          NaN,         NaN
   765.0,  1.668027E-2,    51.71011,  5.085533E-1,    44.43453, 5.604015E-12,    46.97909,          NaN,         NaN
   770.0,  1.508844E-2,    52.13223,  5.285935E-1,    44.72374, 5.911547E-12,    46.76989,          NaN,         NaN
   775.0,  1.497427E-2,    52.32873,  5.144897E-1,    45.10227, 1.272406E-11,    46.31803,          NaN,         NaN
   780.0,  1.679515E-2,    52.74732,  5.190058E-1,    45.43347, 9.525249E-12,    46.97480,          NaN,         NaN
   785.0,  1.646551E-2,    53.10135,  5.414670E-1,    45.68650, 6.258935E-12,    47.95353,          NaN,         NaN
   790.0,  1.425852E-2,    53.57187,  5.035719E-1,    46.05168, 9.334056E-12,    48.86202,          NaN,         NaN
   795.0,  1.408458E-2,    53.92561,  5.335507E-1,    46.36219, 7.974044E-12,    48.24262,          NaN,         NaN
   800.0,  1.398540E-2,    54.18492,  5.131768E-1,    46.64362, 9.867140E-12,    49.01479,          NaN,         NaN
   805.0,  1.265590E-2,    54.63769,  4.953521E-1,    46.97608, 5.636570E-12,    49.31179,          NaN,         NaN
   810.0,  9.578069E-3,    54.84323,  5.012030E-1,    47.26498, 6.188181E-12,    49.25040,          NaN,         NaN
   815.0,  9.271412E-3,    55.23845,  4.829449E-1,    47.55851, 7.474032E-12,    48.35657,          NaN,         NaN
   820.0,  9.019157E-3,    55.48873,  4.768849E-1,    47.87128, 5.618319E-12,    46.87029,          NaN,         NaN
   825.0,  8.073955E-3,    55.77257,  4.694198E-1,    48.16500, 8.808572E-12,    46.71655,          NaN,         NaN
   830.0,  7.941346E-3,    56.08227,  4.529669E-1,    48.42441, 5.777946E-12,    46.74109,          NaN,         NaN
   835.0,  7.237933E-3,    56.39876,  4.459282E-1,    48.74895, 1.153785E-11,    48.23553,          NaN,         NaN
   840.0,  6.781907E-3,    56.71174,  4.517483E-1,    48.96739, 6.650724E-12,    48.46836,          NaN,         NaN
   845.0,  5.957808E-3,    56.77898,  4.377630E-1,    49.31486, 1.356357E-11,    47.90443,          NaN,         NaN
   850.0,  7.409997E-3,    57.21580,  4.503399E-1,    49.57507, 8.036163E-12,    48.09093,          NaN,         NaN
   855.0,  7.077660E-3,    57.46143,  4.386579E-1,    49.86284, 7.326994E-12,    47.47474,          NaN,         NaN
   860.0,  5.147026E-3,    58.04299,  4.294527E-1,    50.16442, 1.462135E-11,    48.49488,          NaN,         NaN
   865.0,  5.228871E-3,    58.09903,  4.430256E-1,    50.44405, 8.304119E-12,    47.43746,          NaN,         NaN
   870.0,  4.270535E-3,    58.57090,  4.341120E-1,    50.73588, 1.115472E-11,    47.34818,          NaN,         NaN
   875.0,  4.238912E-3,    58.42999,  4.280054E-1,    51.02054, 1.118245E-11,    47.47273,          NaN,         NaN
   880.0,  6.250923E-3,    58.98036,  4.427618E-1,    51.33312, 5.663824E-12,    46.59012,          NaN,         NaN
   885.0,  5.346580E-3,    59.18483,  4.209611E-1,    51.58803, 1.194758E-11,    46.05038,          NaN,         NaN
   890.0,  4.539970E-3,    59.56774,  4.308550E-1,    51.94445, 6.492827E-12,    46.72278,          NaN,         NaN
   895.0,  5.121971E-3,    59.90482,  4.377027E-1,    52.18124, 6.157628E-12,    46.18028,          NaN,         NaN
   900.0,  3.672885E-3,    60.45462,  4.221906E-1,    52.51842, 5.578539E-12,    46.71776,          NaN,         NaN
   905.0,  3.900197E-3,    60.70859,  4.316808E-1,    52.84914, 6.074778E-12,    46.65178,          NaN,         NaN
   910.0,  3.876288E-3,    60.90484,  4.346440E-1,    53.12725, 6.479812E-12,    46.07570,          NaN,         NaN
   915.0,  3.578957E-3,    60.98961,  3.866154E-1,    53.46111, 1.284225E-11,    45.10484,          NaN,         NaN
   920.0,  4.331043E-3,    61.24774,  4.029195E-1,    53.72245, 8.550095E-12,    44.65854,          NaN,         NaN
   925.0,  4.811323E-3,    61.83275,  4.107880E-1,    54.01691, 8.813889E-12,    44.60706,          NaN,         NaN
   930.0,  3.400780E-3,    62.54583,  3.818297E-1,    54.33792, 7.226538E-12,    43.83341,          NaN,         NaN
   935.0,  2.933971E-3,    62.61178,  4.022350E-1,    54.64701, 9.964303E-12,    43.86855,          NaN,         NaN
   940.0,  3.632521E-3,    62.83345,  3.647852E-1,    54.90187, 9.369934E-12,    45.35973,          NaN,         NaN
   945.0,  2.615387E-3,    63.51282,  3.630302E-1,    55.28361, 6.118981E-12,    46.07749,          NaN,         NaN
   950.0,  2.060214E-3,    63.77053,  3.679821E-1,    55.50721, 6.570591E-12,    46.59610,          NaN,         NaN
   955.0,  1.644635E-3,    63.72857,  3.464656E-1,    55.81543, 9.015721E-12,    46.36560,          NaN,         NaN
   960.0,  2.230903E-3,    64.48213,  3.472924E-1,    56.16632, 9.085745E-12,    45.79023,          NaN,         NaN
   965.0,  1.109599E-3,    65.25531,  3.369803E-1,    56.45329, 1.087248E-11,    46.17028,          NaN,         NaN
   970.0,  2.677623E-4,    63.44531,  3.027525E-1,    56.74385, 9.214708E-12,    47.34712,          NaN,         NaN
   975.0,  1.392228E-3,    64.69433,  3.080197E-1,    57.08484, 9.781148E-12,    48.40152,          NaN,         NaN
   980.0,  9.232086E-4,    64.43732,  3.026622E-1,    57.42026, 7.891854E-12,    48.26144,          NaN,         NaN
   985.0,  6.674709E-4,    65.19204,  1.975138E-1,    57.85142, 9.421835E-12,    48.66261,          NaN,         NaN
   990.0,  8.696940E-4,    64.37779,  1.860502E-1,    57.38665, 6.769309E-12,    47.44948,          NaN,         NaN
   995.0,  1.138024E-3,    64.72607,  2.681591E-1,    57.71625, 8.148283E-12,    48.05613,          NaN,         NaN
  1000.0,  1.762397E-3,    65.30399,  2.906755E-1,    58.10775, 1.569514E-11,    48.42078,          NaN,         NaN
  1005.0,  1.494457E-3,    65.87333,  3.113685E-1,    58.44402, 5.186049E-12,    47.82342,          NaN,         NaN
  1010.0,  2.006470E-3,    65.90704,  3.110267E-1,    58.75481, 7.994418E-12,    47.23570,          NaN,         NaN
  1015.0,  1.219604E-3,    66.53483,  3.071418E-1,    59.11691, 1.074126E-11,    46.98615,          NaN,         NaN
  1020.0,  1.306958E-3,    67.00551,  3.271083E-1,    59.45205, 1.242247E-11,    48.15047,          NaN,         NaN
  1025.0,  2.353481E-3,    66.71896,  3.036597E-1,    59.74730, 7.536253E-12,    50.01497,          NaN,         NaN
  1030.0,  2.091248E-3,    67.65885,  3.054200E-1,    60.11442, 6.287674E-12,    50.28816,          NaN,         NaN
  1035.0,  1.974367E-3,    67.92871,  3.154257E-1,    60.39794, 1.080381E-11,    50.56106,          NaN,         NaN
  1040.0,  2.081924E-3,    68.00291,  2.970233E-1,    60.76153, 1.088247E-11,    49.32113,          NaN,         NaN
  1045.0,  2.070966E-3,    68.42210,  3.021529E-1,    61.08443, 6.278733E-12,    47.66442,          NaN,         NaN
  1050.0,  2.152522E-3,    69.08154,  2.903386E-1,    61.43317, 5.714248E-12,    47.33791,          NaN,         NaN
  1055.0,  2.377678E-3,    69.62583,  2.808273E-1,    61.77219, 8.030381E-12,    47.13754,          NaN,         NaN
  1060.0,  1.639074E-3,    70.01953,  2.894993E-1,    62.15813, 1.039956E-11,    46.65158,          NaN,         NaN
  1065.0,  2.059360E-3,    70.50672,  2.712887E-1,    62.49805, 7.682711E-12,    47.36176,          NaN,         NaN
  1070.0,  1.118539E-3,    71.03769,  2.624730E-1,    62.95532, 7.432133E-12,    47.32419,          NaN,         NaN
  1075.0,  1.188524E-3,    71.11482,  2.548830E-1,    63.41661, 1.095773E-11,    47.96748,          NaN,         NaN
  1080.0,  1.506523E-3,    71.82165,  2.221035E-1,    63.89613, 9.799353E-12,    50.08353,          NaN,         NaN
  1085.0,  1.339603E-3,    72.54144,  1.948054E-1,    64.57951, 7.803947E-12,    51.11179,          NaN,         NaN
  1090.0,  5.908355E-4,    73.73395,  1.205913E-1,    65.56482, 1.139213E-11,    51.40807,          NaN,         NaN
  1095.0,  1.320740E-4,    73.96512,  1.245872E-2,    66.73083, 1.059848E-11,    52.64951,          NaN,         NaN
  1100.0,  8.245828E-5,    75.32420,  1.207520E-2,    67.97329, 9.705747E-12,    53.16058,          NaN,         NaN
  1105.0,  6.016756E-4,    77.25692,  9.290439E-2,    69.28837, 6.700368E-12,    52.73155,          NaN,         NaN
  1110.0,  4.069351E-4,    78.88393,  8.252685E-2,    70.49270, 8.545576E-12,    52.89596,          NaN,         NaN
  1115.0,  3.237402E-4,    77.69455,  5.684900E-2,    69.73605, 8.849647E-12,    52.27187,          NaN,         NaN
  1120.0,  5.152694E-4,    79.32301,  1.603856E-1,    70.28445, 7.432031E-12,    52.85065,          NaN,         NaN
  1125.0,  4.368966E-4,    79.04113,  1.922971E-1,    70.98030, 5.983372E-12,    52.45420,          NaN,         NaN
  1130.0,  6.552459E-4,    80.08723,  2.063468E-1,    71.61721, 8.994105E-12,    53.55261,          NaN,         NaN
  1135.0,  4.633900E-4,    80.56165,  2.030327E-1,    72.11548, 1.351757E-11,    55.03082,          NaN,         NaN
  1140.0,  3.768646E-4,    80.60725,  1.960557E-1,    72.71243, 7.529976E-12,    54.92267,          NaN,         NaN
  1145.0,  6.342311E-4,    81.68193,  1.779023E-1,    73.39904, 9.718537E-12,    54.73092,          NaN,         NaN
  1150.0,  1.484386E-4,    82.92771,  1.142799E-1,    74.22214, 1.163288E-11,    54.72869,          NaN,         NaN
  1155.0,  1.610606E-4,    82.15417,  5.860597E-2,    74.49251, 8.027323E-12,    56.76686,          NaN,         NaN
  1160.0,  8.967920E-5,    83.30335,  9.791355E-3,    75.95638, 8.807401E-12,    55.41641,          NaN,         NaN
  1165.0,  5.460337E-5,    84.44512,  2.625030E-3,    76.77571, 1.318732E-11,    53.63581,          NaN,         NaN
  1170.0,  1.508202E-4,    86.12043,  8.738037E-2,    77.83342, 4.632010E-12,    52.79259,          NaN,         NaN
  1175.0,  1.985959E-4,    86.36180,  1.591741E-1,    78.94612, 8.328889E-12,    52.30749,          NaN,         NaN
  1180.0,  3.936729E-4,    87.46508,  1.816842E-1,    79.77059, 7.135387E-12,    53.02776,          NaN,         NaN
  1185.0,  2.752941E-4,    88.32957,  1.946761E-1,    80.38397, 8.172388E-12,    52.56004,          NaN,         NaN
  1190.0,  4.038286E-4,    89.43004,  1.882388E-1,    80.89402, 1.391364E-11,    52.39408,          NaN,         NaN
  1195.0,  1.281297E-4,    89.59593,  1.825135E-1,    81.46145, 9.230388E-12,    51.73500,          NaN,         NaN
  1200.0,  1.304859E-4,    89.29899,  1.620048E-1,    82.07168, 1.098552E-11,    52.13070,          NaN,         NaN
  1205.0,  1.946228E-4,    89.97953,  7.416356E-2,    82.78529, 1.107337E-11,    52.08567,          NaN,         NaN
  1210.0,  2.422182E-4,    88.96553,  5.488967E-2,    81.40387, 1.177212E-11,    51.21521,          NaN,         NaN
  1215.0,  6.645372E-5,    90.98621,  1.336657E-1,    82.00691, 1.117365E-11,    53.17474,          NaN,         NaN
  1220.0,  5.910326E-4,    90.55505,  1.408028E-1,    82.68360, 5.509397E-12,    52.48404,          NaN,         NaN
  1225.0,  1.864527E-4,    93.43601,  9.713015E-2,    83.43879, 1.078738E-11,    50.88738,          NaN,         NaN
  1230.0,  9.537314E-5,    93.94238,  4.579602E-2,    82.49769, 1.246628E-11,    51.81810,          NaN,         NaN
  1235.0,  3.706697E-4,    95.37233,  1.285843E-1,    82.76891, 7.140808E-12,    51.24549,          NaN,         NaN
  1240.0,  2.781928E-4,    96.89013,  1.549256E-1,    83.33039, 1.312765E-11,    51.73253,          NaN,         NaN
  1245.0,  5.047139E-4,    96.64707,  1.661238E-1,    83.74436, 1.088731E-11,    52.20551,          NaN,         NaN
  1250.0,  6.667677E-4,    97.19246,  1.673957E-1,    84.12010, 5.522078E-12,    53.42752,          NaN,         NaN
  1255.0,  4.781059E-4,    98.75057,  1.756666E-1,    84.51564, 1.054069E-11,    53.23159,          NaN,         NaN
  1260.0,  1.747406E-4,    98.34449,  1.738730E-1,    84.80988, 8.236807E-12,    53.08527,          NaN,         NaN
  1265.0,  1.908185E-4,    98.44249,  1.680694E-1,    85.17784, 1.252309E-11,    52.49214,          NaN,         NaN
  1270.0,  4.259898E-4,    99.11971,  1.772842E-1,    85.52132, 8.697695E-12,    51.45689,          NaN,         NaN
  1275.0,  3.197155E-4,   100.03237,  1.685388E-1,    85.77440, 6.099794E-12,    52.38075,          NaN,         NaN
  1280.0,  3.191907E-4,    99.82659,  1.711060E-1,    86.14003, 1.326656E-11,    51.85730,          NaN,         NaN
  1285.0,  3.381139E-4,   100.93380,  1.794519E-1,    86.43225, 8.668755E-12,    51.70334,          NaN,         NaN
  1290.0,  8.701605E-5,   101.47041,  1.709488E-1,    86.74697, 5.941680E-12,    52.16815,          NaN,         NaN
  1295.0,  3.660614E-4,    99.58443,  1.650897E-1,    87.13342, 7.879575E-12,    51.66254,          NaN,         NaN
  1300.0,  1.082260E-4,   100.84125,  1.751419E-1,    87.36739, 8.356053E-12,    51.24642,          NaN,         NaN
  1305.0,  3.941708E-4,   101.65499,  1.681050E-1,    87.70218, 1.277310E-11,    49.42179,          NaN,         NaN
  1310.0,  9.251913E-5,   103.34254,  1.689897E-1,    88.06460, 8.239578E-12,    49.50489,          NaN,         NaN
  1315.0,  4.030488E-4,   101.09756,  1.686508E-1,    88.37781, 1.429876E-11,    49.66089,          NaN,         NaN
  1320.0,  4.097823E-4,   102.69115,  1.405095E-1,    88.73637, 8.980035E-12,    51.75227,          NaN,         NaN
  1325.0,  3.342609E-4,   103.98051,  1.460667E-1,    88.85270, 1.010144E-11,    53.90345,          NaN,         NaN
  1330.0,  3.618347E-4,   101.88301,  1.564905E-1,    89.16260, 1.101002E-11,    55.78859,          NaN,         NaN
  1335.0,  2.995329E-4,   104.30346,  1.560791E-1,    89.52664, 1.299590E-11,    57.86217,          NaN,         NaN
  1340.0,  2.795257E-4,   103.73028,  1.552721E-1,    89.86098, 1.168767E-11,    57.01020,          NaN,         NaN
  1345.0,  7.828856E-5,   105.34595,  1.540580E-1,    90.14580, 9.333592E-12,    56.70296,          NaN,         NaN
  1350.0,  3.077289E-4,   106.08904,  1.444101E-1,    90.49268, 9.794560E-12,    58.41099,          NaN,         NaN
  1355.0,  2.237335E-4,   103.82498,  1.492592E-1,    90.77794, 1.018102E-11,    59.37926,          NaN,         NaN
  1360.0,  3.399925E-4,   102.57900,  1.434568E-1,    91.07717, 9.933706E-12,    59.52728,          NaN,         NaN
  1365.0,  5.446905E-5,   101.65574,  1.393450E-1,    91.43823, 1.185251E-11,    57.56886,          NaN,         NaN
  1370.0,  1.927788E-4,   101.29038,  1.471447E-1,    91.75129, 9.491591E-12,    56.86318,          NaN,         NaN
  1375.0,  3.926542E-4,   103.77203,  1.337772E-1,    92.09745, 5.174213E-12,    57.58492,          NaN,         NaN
  1380.0,  3.202713E-4,   104.12409,  1.350524E-1,    92.43747, 1.482899E-11,    58.29595,          NaN,         NaN
  1385.0,  2.336229E-4,   105.06944,  1.378746E-1,    92.80865, 7.444099E-12,    58.94927,          NaN,         NaN
  1390.0,  2.618571E-4,   105.16317,  1.263306E-1,    93.23244, 8.549453E-12,    60.30221,          NaN,         NaN
  1395.0,  2.901938E-4,   105.54992,  1.242742E-1,    93.75622, 4.818912E-12,    59.62751,          NaN,         NaN
  1400.0,  3.251226E-4,   106.59441,  1.012596E-1,    94.36248, 5.926410E-12,    59.73564,          NaN,         NaN
  1405.0,  1.466771E-4,   107.90649,  5.020785E-2,    95.44537, 1.131362E-11,    58.39746,          NaN,         NaN
  1410.0,  5.038825E-5,   108.62792,  1.071762E-3,    95.01298, 9.950536E-12,    59.17843,          NaN,         NaN
  1415.0,  6.074733E-5,   109.26337,  2.927479E-2,    97.78979, 9.205112E-12,    60.24174,          NaN,         NaN
  1420.0,  1.936243E-4,   108.74840,  8.873108E-2,    99.01776, 9.841603E-12,    60.98669,          NaN,         NaN
  1425.0,  4.306986E-4,   110.84658,  1.131936E-1,    99.76270, 9.486031E-12,    62.99976,          NaN,         NaN
  1430.0,  1.486252E-4,   111.42240,  1.190968E-1,   100.30258, 9.312082E-12,    63.25296,          NaN,         NaN
  1435.0,  1.357240E-4,   110.86324,  1.221824E-1,   100.75247, 9.926593E-12,    64.03339,          NaN,         NaN
  1440.0,  3.067416E-4,   111.12072,  1.227483E-1,   101.17191, 8.170466E-12,    63.61154,          NaN,         NaN
  1445.0,  3.303463E-4,   112.50884,  1.223920E-1,   101.48878, 6.869508E-12,    63.55737,          NaN,         NaN
  1450.0,  2.766749E-4,   113.53538,  1.244503E-1,   101.91651, 7.501804E-12,    63.67708,          NaN,         NaN
  1455.0,  2.659276E-4,   112.61974,  1.206681E-1,   102.23331, 1.623342E-11,    63.63300,          NaN,         NaN
  1460.0,  3.071128E-4,   113.54571,  1.158798E-1,   102.57019, 7.086838E-12,    63.99612,          NaN,         NaN
  1465.0,  4.026681E-4,   114.06473,  1.172498E-1,   102.91320, 1.023821E-11,    63.12182,          NaN,         NaN
  1470.0,  2.489088E-4,   114.99668,  1.178508E-1,   103.22139, 1.606558E-11,    64.84411,          NaN,         NaN
  1475.0,  5.700629E-5,   115.81545,  1.116499E-1,   103.57998, 8.441634E-12,    65.26579,          NaN,         NaN
  1480.0,  3.477448E-4,   115.36625,  1.109516E-1,   103.92155, 9.903387E-12,    65.66939,          NaN,         NaN
  1485.0,  2.552434E-4,   115.99101,  1.063523E-1,   104.20226, 7.332039E-12,    65.54054,          NaN,         NaN
  1490.0,  2.107732E-4,   117.93969,  1.009944E-1,   104.52205, 7.112764E-12,    66.34602,          NaN,         NaN
  1495.0,  8.395730E-5,   116.95474,  1.076144E-1,   104.82706, 1.198791E-11,    66.36571,          NaN,         NaN
  1500.0,  6.900788E-5,   116.10019,  1.012508E-1,   105.10739, 1.320579E-11,    67.25031,          NaN,         NaN
  1505.0,  2.002114E-4,   116.92421,  9.876275E-2,   105.48688, 1.262066E-11,    68.72229,          NaN,         NaN
  1510.0,  1.257016E-4,   117.73167,  1.017581E-1,   105.75228, 1.224977E-11,    69.51238,          NaN,         NaN
  1515.0,  1.630726E-4,   118.30142,  9.661941E-2,   106.05208, 9.160784E-12,    69.48524,          NaN,         NaN
  1520.0,  1.751551E-4,   119.64201,  9.910648E-2,   106.41257, 1.534889E-11,    70.69585,          NaN,         NaN
  1525.0,  1.431454E-4,   120.30991,  9.939761E-2,   106.70695, 7.446655E-12,    70.10140,          NaN,         NaN
  1530.0,  1.068670E-4,   122.21410,  9.559972E-2,   107.05275, 1.576437E-11,    69.27249,          NaN,         NaN
  1535.0,  1.350780E-4,   120.26210,  9.536913E-2,   107.41580, 1.475070E-11,    68.08982,          NaN,         NaN
  1540.0,  1.110408E-4,   121.27670,  9.198393E-2,   107.69987, 7.937024E-12,    66.59833,          NaN,         NaN
  1545.0,  3.625832E-4,   122.63339,  8.981382E-2,   107.98627, 1.406304E-11,    65.85346,          NaN,         NaN
  1550.0,  3.089567E-4,   123.86173,  9.508874E-2,   108.34884, 5.506941E-12,    65.65997,          NaN,         NaN
  1555.0,  2.041318E-4,   125.95404,  9.065165E-2,   108.68179, 6.497019E-12,    64.64810,          NaN,         NaN
  1560.0,  3.132957E-4,   125.38863,  8.841810E-2,   109.07199, 6.858300E-12,    64.61502,          NaN,         NaN
  1565.0,  7.412703E-5,   125.05331,  9.165013E-2,   109.40580, 8.236708E-12,    66.11495,          NaN,         NaN
  1570.0,  2.398632E-4,   126.72542,  8.738755E-2,   109.75306, 7.244038E-12,    66.62509,          NaN,         NaN
  1575.0,  2.855280E-4,   127.06719,  8.565362E-2,   110.15039, 4.902548E-12,    66.72059,          NaN,         NaN
  1580.0,  1.733486E-4,   128.06797,  8.390155E-2,   110.56360, 4.758362E-12,    65.78218,          NaN,         NaN
  1585.0,  1.460747E-4,   128.76011,  7.966471E-2,   110.97412, 6.575638E-12,    66.21857,          NaN,         NaN
  1590.0,  1.441803E-4,   129.40940,  7.310968E-2,   111.51926, 1.062069E-11,    66.57827,          NaN,         NaN
  1595.0,  7.799290E-5,   131.50822,  5.946630E-2,   112.10795, 5.418656E-12,    67.54691,          NaN,         NaN
  1600.0,  4.076899E-5,   130.02064,  1.925170E-2,   112.83122, 8.156624E-12,    68.73519,          NaN,         NaN
  1605.0,  8.383491E-5,   130.24519,  2.027155E-2,   110.92340, 9.721302E-12,    68.30503,          NaN,         NaN
  1610.0,  2.865865E-5,   131.40033,  5.440356E-2,   111.63523, 1.546019E-11,    69.83031,          NaN,         NaN
  1615.0,  1.123759E-4,   131.98898,  6.259389E-2,   112.31811, 8.771016E-12,    71.81729,          NaN,         NaN
  1620.0,  7.933682E-5,   133.19879,  6.716275E-2,   112.89847, 6.655290E-12,    71.83633,          NaN,         NaN
  1625.0,  1.640780E-4,   133.82903,  6.726319E-2,   113.41848, 8.315550E-12,    71.93556,          NaN,         NaN
  1630.0,  1.988989E-4,   135.21473,  6.322053E-2,   114.00774, 6.417114E-12,    72.31425,          NaN,         NaN
  1635.0,  1.014599E-4,   136.25190,  6.173971E-2,   114.62753, 8.840579E-12,    71.57884,          NaN,         NaN
  1640.0,  6.412377E-5,   135.66069,  5.632085E-2,   115.30910, 6.947734E-12,    70.91076,          NaN,         NaN
  1645.0,  1.408141E-4,   136.83619,  4.704695E-2,   116.22292, 8.020802E-12,    70.72176,          NaN,         NaN
  1650.0,  7.388995E-5,   136.50125,  3.522542E-2,   117.35498, 4.882110E-12,    71.45910,          NaN,         NaN
  1655.0,  4.698206E-5,   136.39085,  1.208849E-2,   119.15129, 8.087922E-12,    71.13089,          NaN,         NaN
  1660.0,  5.543419E-5,   137.78453,  9.564937E-4,   118.85562, 6.171797E-12,    70.49564,          NaN,         NaN
  1665.0,  7.840587E-5,   137.39694,  5.143936E-4,   119.15641, 4.889405E-12,    71.01495,          NaN,         NaN
  1670.0,  2.882807E-5,   136.83127,  5.371283E-4,   119.30620, 1.601064E-11,    70.90072,          NaN,         NaN
  1675.0,  1.259235E-4,   136.52963,  1.435780E-3,   120.64710, 7.862883E-12,    71.49544,          NaN,         NaN
  1680.0,  8.749133E-5,   137.23272,  1.499936E-2,   123.65128, 1.620590E-11,    70.97233,          NaN,         NaN
  1685.0,  6.971477E-5,   136.39740,  2.993379E-2,   125.53581, 1.688839E-11,    72.04303,          NaN,         NaN
  1690.0,  3.476988E-5,   136.58273,  3.945824E-2,   126.89231, 7.717563E-12,    71.52509,          NaN,         NaN
  1695.0,  5.155937E-5,   137.32065,  4.081540E-2,   127.99822, 8.366404E-12,    72.58959,          NaN,         NaN
  1700.0,  5.280317E-5,   139.41412,  3.585537E-2,   129.22130, 8.631485E-12,    72.73965,          NaN,         NaN
  1705.0,  4.038532E-5,   139.39598,  2.512153E-2,   130.66849, 8.178043E-12,    73.26960,          NaN,         NaN
  1710.0,  3.689520E-5,   138.41517,  5.709095E-3,   132.85256, 1.038346E-11,    74.72342,          NaN,         NaN
  1715.0,  3.812832E-5,   138.94482,  7.580443E-4,   132.52865, 5.526917E-12,    75.80962,          NaN,         NaN
  1720.0,  5.559275E-5,   137.66516,  8.718461E-4,   134.18117, 1.716141E-11,    75.62755,          NaN,         NaN
  1725.0,  4.231234E-5,   138.49536,  1.151543E-2,   131.10424, 9.587159E-12,    77.33961,          NaN,         NaN
  1730.0,  6.418451E-5,   137.89367,  2.916481E-2,   133.02571, 7.530746E-12,    78.46481,          NaN,         NaN
  1735.0,  5.778876E-5,   139.24214,  4.010970E-2,   134.17275, 7.055160E-12,    79.15906,          NaN,         NaN
  1740.0,  7.680182E-5,   139.95167,  4.326628E-2,   135.01304, 1.036187E-11,    80.44392,          NaN,         NaN
  1745.0,  1.083575E-4,   140.07328,  4.692604E-2,   135.74949, 1.090018E-11,    82.02143,          NaN,         NaN
  1750.0,  1.670120E-4,   141.24154,  4.637978E-2,   136.35683, 8.423509E-12,    81.01294,          NaN,         NaN
  1755.0,  9.475150E-5,   142.32893,  4.143909E-2,   137.03378, 7.779069E-12,    80.50061,          NaN,         NaN
  1760.0,  7.830343E-5,   142.61951,  2.573289E-2,   137.69659, 7.585120E-12,    81.42525,          NaN,         NaN
  1765.0,  1.109191E-4,   143.33315,  2.606370E-2,   137.07749, 1.132673E-11,    81.06986,          NaN,         NaN
  1770.0,  6.380514E-5,   141.84805,  3.967774E-2,   137.68482, 5.332193E-12,    81.99774,          NaN,         NaN
  1775.0,  7.086202E-5,   143.46617,  4.320117E-2,   138.26806, 9.484986E-12,    82.49940,          NaN,         NaN
  1780.0,  1.392993E-4,   143.52186,  4.203252E-2,   138.78739, 1.010408E-11,    82.51062,          NaN,         NaN
  1785.0,  5.475458E-5,   143.40295,  3.811415E-2,   139.42819, 1.119945E-11,    84.03511,          NaN,         NaN
  1790.0,  5.365015E-5,   144.55852,  2.836601E-2,   140.20999, 5.395461E-12,    83.01355,          NaN,         NaN
  1795.0,  6.331557E-5,   142.15226,  5.139250E-3,   140.33591, 1.498968E-11,    85.09232,          NaN,         NaN
  1800.0,  9.192824E-5,   142.75586,  1.291714E-2,   138.49621, 1.230878E-11,    83.62741,          NaN,         NaN
  1805.0,  3.868862E-5,   143.03231,  3.334455E-2,   139.31786, 9.147564E-12,    83.73510,          NaN,         NaN
  1810.0,  1.034491E-4,   143.68670,  3.879940E-2,   139.97795, 1.393267E-11,    84.68509,          NaN,         NaN
  1815.0,  4.265313E-5,   143.56074,  4.174224E-2,   140.51154, 1.323904E-11,    83.82277,          NaN,         NaN
  1820.0,  4.323030E-5,   144.00314,  4.325407E-2,   140.95835, 1.840356E-11,    85.40578,          NaN,         NaN
  1825.0,  1.023461E-4,   142.03886,  4.234927E-2,   141.40128, 1.335667E-11,    86.81199,          NaN,         NaN
  1830.0,  8.904170E-5,   143.86410,  4.210315E-2,   141.85685, 1.405565E-11,    87.51360,          NaN,         NaN
  1835.0,  9.130276E-5,   143.05514,  4.130554E-2,   142.24558, 1.199562E-11,    88.77308,          NaN,         NaN
  1840.0,  8.060592E-5,   141.63831,  3.891604E-2,   142.70874, 1.339250E-11,    89.46255,          NaN,         NaN
  1845.0,  5.627845E-5,   143.42169,  3.893450E-2,   143.16311, 1.222886E-11,    90.09327,          NaN,         NaN
  1850.0,  4.641696E-5,   143.60091,  3.567372E-2,   143.66720, 8.221597E-12,    91.20639,          NaN,         NaN
  1855.0,  6.211233E-5,   144.76467,  3.136615E-2,   144.34477, 6.683659E-12,    91.54302,          NaN,         NaN
  1860.0,  5.278015E-5,   142.64150,  2.190876E-2,   145.25213, 7.708574E-12,    91.63966,          NaN,         NaN
  1865.0,  4.010500E-5,   143.01099,  2.908969E-3,   146.46699, 8.678997E-12,    90.67191,          NaN,         NaN
  1870.0,  3.543454E-5,   144.24163,  1.364575E-3,   147.31288, 7.025581E-12,    91.63761,          NaN,         NaN
  1875.0,  2.439885E-5,   145.10560,  1.812113E-2,   148.92650, 1.342623E-11,    90.69577,          NaN,         NaN
  1880.0,  6.566495E-5,   145.15076,  2.659835E-2,   149.93177, 6.022875E-12,    90.77019,          NaN,         NaN
  1885.0,  7.271861E-5,   146.08287,  2.944273E-2,   150.61111, 9.565502E-12,    91.71939,          NaN,         NaN
  1890.0,  5.045550E-5,   145.19941,  3.264264E-2,   151.12152, 1.792424E-11,    91.20656,          NaN,         NaN
  1895.0,  6.412673E-5,   146.56356,  3.219376E-2,   151.63975, 9.646710E-12,    90.45040,          NaN,         NaN
  1900.0,  2.784280E-5,   147.74586,  3.320088E-2,   152.16254, 1.408827E-11,    90.51205,          NaN,         NaN
  1905.0,  7.052614E-5,   148.87177,  3.107654E-2,   152.70644, 7.094073E-12,    89.65939,          NaN,         NaN
  1910.0,  9.849176E-5,   150.98997,  2.516547E-2,   153.44943, 7.046600E-12,    89.76622,          NaN,         NaN
  1915.0,  5.339871E-5,   152.33803,  1.058183E-2,   154.49729, 8.276688E-12,    89.92688,          NaN,         NaN
  1920.0,  7.366061E-5,   153.13137,  4.994255E-4,   153.36485, 7.578618E-12,    88.71375,          NaN,         NaN
  1925.0,  3.845786E-5,   153.20659,  1.491474E-2,   151.60270, 1.040448E-11,    89.17061,          NaN,         NaN
  1930.0,  6.974526E-5,   151.55301,  2.812340E-2,   152.59311, 1.220347E-11,    87.66426,          NaN,         NaN
  1935.0,  2.025561E-5,   151.27454,  3.257855E-2,   153.20250, 8.299212E-12,    87.95587,          NaN,         NaN
  1940.0,  8.513273E-5,   152.47758,  3.444705E-2,   153.73723, 6.349570E-12,    87.33715,          NaN,         NaN
  1945.0,  7.556300E-5,   152.63178,  3.605347E-2,   154.17054, 1.267618E-11,    87.46764,          NaN,         NaN
  1950.0,  8.313524E-5,   153.99279,  3.587071E-2,   154.57306, 6.053902E-12,    88.45493,          NaN,         NaN
  1955.0,  9.639535E-5,   155.10222,  3.626889E-2,   154.97602, 1.009963E-11,    89.44268,          NaN,         NaN
  1960.0,  5.384230E-5,   156.29507,  3.635744E-2,   155.32218, 1.115382E-11,    89.32801,          NaN,         NaN
  1965.0,  8.865392E-5,   154.25683,  3.567577E-2,   155.69894, 1.436586E-11,    90.42852,          NaN,         NaN
  1970.0,  6.147504E-5,   155.66128,  3.563410E-2,   156.06958, 8.851270E-12,    89.20140,          NaN,         NaN
  1975.0,  6.475809E-5,   153.76413,  3.560088E-2,   156.38299, 8.082678E-12,    89.43043,          NaN,         NaN
  1980.0,  6.319786E-5,   151.93320,  3.430716E-2,   156.75230, 7.112788E-12,    88.67868,          NaN,         NaN
  1985.0,  3.274520E-5,   152.18370,  3.507749E-2,   157.11246, 9.280537E-12,    89.05207,          NaN,         NaN
  1990.0,  3.622056E-5,   151.00986,  3.396094E-2,   157.43358, 8.876088E-12,    89.03724,          NaN,         NaN
  1995.0,  5.899627E-5,   150.17650,  3.302225E-2,   157.80145, 9.630569E-12,    89.43965,          NaN,         NaN
  2000.0,  7.817701E-5,   152.23978,  3.281887E-2,   158.15110, 7.206659E-12,    89.05911,          NaN,         NaN
  2005.0,  1.226254E-4,   153.94998,  3.168508E-2,   158.50542, 8.761332E-12,    89.82152,          NaN,         NaN
  2010.0,  9.214583E-5,   155.79122,  3.005127E-2,   158.91766, 4.470255E-12,    89.62635,          NaN,         NaN
  2015.0,  9.755641E-5,   156.53270,  2.479163E-2,   159.26557, 7.286341E-12,    89.63204,          NaN,         NaN
  2020.0,  3.305680E-5,   155.07151,  2.708166E-2,   159.40652, 9.206915E-12,    89.22153,          NaN,         NaN
  2025.0,  7.098956E-5,   157.07739,  2.825904E-2,   159.92187, 6.515995E-12,    88.62074,          NaN,         NaN
  2030.0,  3.617965E-5,   157.67340,  2.698373E-2,   160.43319, 6.123776E-12,    88.61055,          NaN,         NaN
  2035.0,  9.639662E-5,   158.25891,  1.869062E-2,   161.20436, 1.073650E-11,    87.96215,          NaN,         NaN
  2040.0,  2.962298E-5,   158.67791,  2.693700E-3,   161.35148, 9.553356E-12,    88.28644,          NaN,         NaN
  2045.0,  9.341135E-5,   159.12960,  1.375461E-2,   159.65300, 8.419607E-12,    89.29939,          NaN,         NaN
  2050.0,  8.382681E-5,   161.32250,  2.326998E-2,   160.49274, 5.788212E-12,    88.45935,          NaN,         NaN
  2055.0,  8.873511E-5,   162.52001,  2.651124E-2,   161.10147, 1.088212E-11,    88.96117,          NaN,         NaN
  2060.0,  1.299662E-4,   163.36209,  2.693007E-2,   161.62190, 7.665823E-12,    88.83784,          NaN,         NaN
  2065.0,  6.932691E-5,   163.32281,  2.507812E-2,   162.21806, 8.969581E-12,    87.61374,          NaN,         NaN
  2070.0,  5.672845E-5,   164.39864,  1.780166E-2,   162.92380, 1.321236E-11,    86.68113,          NaN,         NaN
  2075.0,  2.296876E-5,   164.63084,  4.982563E-3,   162.18644, 1.132042E-11,    86.17517,          NaN,         NaN
  2080.0,  4.863899E-5,   164.42139,  1.865671E-2,   162.16884, 1.261497E-11,    85.10019,          NaN,         NaN
  2085.0,  9.600283E-5,   166.51526,  2.453468E-2,   162.76005, 6.378319E-12,    85.65165,          NaN,         NaN
  2090.0,  6.061693E-5,   164.94138,  2.497476E-2,   163.25884, 6.154174E-12,    86.33647,          NaN,         NaN
  2095.0,  3.218095E-5,   166.34312,  2.554847E-2,   163.73213, 8.616420E-12,    85.84859,          NaN,         NaN
  2100.0,  3.957530E-5,   165.85955,  2.577699E-2,   164.12572, 1.229774E-11,    86.42537,          NaN,         NaN
  2105.0,  3.641043E-5,   165.29544,  2.426562E-2,   164.51905, 1.365818E-11,    85.41888,          NaN,         NaN
  2110.0,  4.533262E-5,   166.71021,  2.433415E-2,   164.94301, 6.466011E-12,    85.25144,          NaN,         NaN
  2115.0,  5.811081E-5,   164.98959,  2.431462E-2,   165.32260, 1.036561E-11,    85.72154,          NaN,         NaN
  2120.0,  5.558391E-5,   166.37549,  2.290000E-2,   165.74337, 8.958743E-12,    84.53940,          NaN,         NaN
  2125.0,  6.083885E-5,   167.87285,  2.278205E-2,   166.18064, 9.162186E-12,    83.91353,          NaN,         NaN
  2130.0,  6.071591E-5,   168.52406,  2.193006E-2,   166.59191, 1.351084E-11,    84.68327,          NaN,         NaN
  2135.0,  6.837513E-5,   169.88416,  2.095863E-2,   167.11888, 1.597946E-11,    85.79956,          NaN,         NaN
  2140.0,  3.415514E-5,   170.80897,  2.041771E-2,   167.65329, 7.507323E-12,    85.97457,          NaN,         NaN
  2145.0,  3.963996E-5,   172.06542,  1.816033E-2,   168.25640, 1.038827E-11,    85.32202,          NaN,         NaN
  2150.0,  2.740233E-5,   172.06226,  1.515898E-2,   169.08948, 1.084773E-11,    86.20122,          NaN,         NaN
  2155.0,  3.443534E-5,   172.42666,  9.775374E-3,   170.26824, 8.189232E-12,    84.49002,          NaN,         NaN
  2160.0,  5.245868E-5,   173.36389,  1.239130E-3,   171.93329, 5.982145E-12,    85.03020,          NaN,         NaN
  2165.0,  2.774597E-5,   174.82233,  2.080835E-4,   170.99401, 7.066154E-12,    85.45818,          NaN,         NaN
  2170.0,  4.668657E-5,   173.57833,  2.944051E-3,   171.57860, 1.966934E-11,    85.56809,          NaN,         NaN
  2175.0,  6.572976E-5,   175.75725,  9.763487E-3,   173.42472, 1.889058E-11,    86.78744,          NaN,         NaN
  2180.0,  4.741314E-5,   177.52547,  1.274928E-2,   174.81280, 1.437767E-11,    88.03954,          NaN,         NaN
  2185.0,  6.511324E-5,   175.33965,  1.159823E-2,   176.07228, 9.281371E-12,    88.14832,          NaN,         NaN
  2190.0,  4.254867E-5,   176.01938,  5.629824E-3,   177.74156, 1.074388E-11,    89.63961,          NaN,         NaN
  2195.0,  4.506855E-5,   174.78548,  4.292751E-4,   177.43019, 8.358846E-12,    87.92107,          NaN,         NaN
  2200.0,  3.167605E-5,   175.83115,  1.559925E-3,   178.88675, 1.060044E-11,    89.70157,          NaN,         NaN
  2205.0,  5.504052E-5,   176.49357,  8.044195E-3,   181.02403, 1.478836E-11,    90.29978,          NaN,         NaN
  2210.0,  4.229029E-5,   177.33704,  1.015453E-2,   182.72554, 1.044335E-11,    88.17340,          NaN,         NaN
  2215.0,  1.122314E-4,   176.10343,  5.737546E-3,   184.49772, 8.906063E-12,    86.60409,          NaN,         NaN
  2220.0,  4.471938E-5,   178.14582,  1.497992E-4,   183.82034, 9.168960E-12,    86.28318,          NaN,         NaN
  2225.0,  7.428616E-5,   178.70259,  1.079952E-3,   185.49310, 1.065309E-11,    87.58644,          NaN,         NaN
  2230.0,  4.839633E-5,   176.36192,  8.415881E-3,   187.48206, 1.016241E-11,    86.05594,          NaN,         NaN
  2235.0,  6.010542E-5,   176.68897,  1.281087E-2,   188.89171, 6.100115E-12,    87.04012,          NaN,         NaN
  2240.0,  4.748643E-5,   178.64770,  1.413132E-2,   189.92227, 1.457775E-11,    88.57958,          NaN,         NaN
  2245.0,  6.263245E-5,   178.36288,  1.246347E-2,   190.76890, 8.673730E-12,    89.66407,          NaN,         NaN
  2250.0,  3.904448E-5,   177.82859,  1.240482E-2,   191.81073, 7.206272E-12,    90.10738,          NaN,         NaN
  2255.0,  7.733971E-5,   179.17432,  7.946687E-3,   193.22504, 1.363495E-11,    91.06626,          NaN,         NaN
  2260.0,  4.128610E-5,   177.82811,  9.253834E-4,   195.32149, 1.214712E-11,    92.33127,          NaN,         NaN
  2265.0,  3.454974E-5,   176.13088,  1.910421E-4,   194.91314, 1.336456E-11,    94.13190,          NaN,         NaN
  2270.0,  7.250830E-5,   174.56732,  2.332034E-3,   193.66859, 5.858024E-12,    93.30262,          NaN,         NaN
  2275.0,  3.604321E-5,   176.12664,  9.322638E-3,   195.64053, 5.348230E-12,    92.28015,          NaN,         NaN
  2280.0,  3.096289E-5,   174.73918,  1.334525E-2,   196.83221, 6.928768E-12,    94.06145,          NaN,         NaN
  2285.0,  5.987506E-5,   173.58065,  1.519103E-2,   197.64027, 5.439949E-12,    93.39506,          NaN,         NaN
  2290.0,  4.503679E-5,   173.04555,  1.586105E-2,   198.31065, 1.098620E-11,    93.12493,          NaN,         NaN
  2295.0,  4.709149E-5,   174.75595,  1.634495E-2,   198.90395, 7.195206E-12,    92.56894,          NaN,         NaN
  2300.0,  4.049476E-5,   175.70768,  1.644666E-2,   199.42587, 1.363873E-11,    92.74806,          NaN,         NaN
  2305.0,  2.411540E-5,   175.18875,  1.612457E-2,   199.96034, 6.733509E-12,    91.93697,          NaN,         NaN
  2310.0,  6.373681E-5,   175.95242,  1.604421E-2,   200.45998, 7.400000E-12,    91.83196,          NaN,         NaN
  2315.0,  5.630864E-5,   175.93929,  1.403140E-2,   200.98947, 9.265702E-12,    91.65576,          NaN,         NaN
  2320.0,  4.207074E-5,   177.37384,  1.242955E-2,   201.19432, 1.510094E-11,    90.16158,          NaN,         NaN
  2325.0,  4.973947E-5,   177.71873,  1.468622E-2,   201.71311, 4.574237E-12,    90.14239,          NaN,         NaN
  2330.0,  6.827869E-5,   179.68356,  1.384092E-2,   202.29890, 6.596118E-12,    89.79824,          NaN,         NaN
  2335.0,  4.575126E-5,   181.57378,  1.241608E-2,   203.03267, 7.193163E-12,    88.66553,          NaN,         NaN
  2340.0,  5.812931E-5,   180.39032,  7.247505E-3,   204.02546, 7.344081E-12,    90.18155,          NaN,         NaN
  2345.0,  4.068813E-5,   180.08068,  4.251668E-4,   202.67611, 9.750683E-12,    90.86433,          NaN,         NaN
  2350.0,  2.358325E-5,   181.01593,  7.612955E-3,   202.56969, 7.185092E-12,    91.58214,          NaN,         NaN
  2355.0,  3.674955E-5,   180.22984,  1.006286E-2,   203.66624, 9.215683E-12,    92.44822,          NaN,         NaN
  2360.0,  3.236504E-5,   178.65914,  7.793127E-3,   204.77697, 6.245180E-12,    91.87031,          NaN,         NaN
  2365.0,  3.045305E-5,   177.48898,  1.205825E-3,   205.55286, 1.159071E-11,    92.79344,          NaN,         NaN
  2370.0,  5.639513E-5,   179.06106,  4.320965E-3,   203.59841, 9.819816E-12,    91.49843,          NaN,         NaN
  2375.0,  4.778270E-5,   178.91994,  7.900728E-3,   204.98402, 1.593990E-11,    90.91307,          NaN,         NaN
  2380.0,  3.703192E-5,   177.82568,  6.924057E-3,   206.29613, 8.548338E-12,    91.52850,          NaN,         NaN
  2385.0,  4.413268E-5,   176.19691,  2.506864E-3,   208.11088, 1.138244E-11,    92.23400,          NaN,         NaN
  2390.0,  3.271960E-5,   175.18055,  2.109586E-4,   207.73691, 6.620367E-12,    91.68375,          NaN,         NaN
  2395.0,  5.838449E-5,   174.55720,  1.991377E-4,   206.11969, 7.920335E-12,    90.85195,          NaN,         NaN
  2400.0,  6.576889E-5,   174.29457,  4.057498E-3,   208.60029, 1.020237E-11,    91.26369,          NaN,         NaN
  2405.0,  4.183232E-5,   175.15791,  7.329467E-3,   210.09081, 1.648423E-11,    90.30590,          NaN,         NaN
  2410.0,  3.320663E-5,   174.36154,  9.167601E-3,   211.04834, 9.480892E-12,    92.07582,          NaN,         NaN
  2415.0,  6.697327E-5,   175.45396,  9.917831E-3,   211.78888, 7.858399E-12,    92.70356,          NaN,         NaN
  2420.0,  6.357720E-5,   176.14844,  1.016693E-2,   212.46825, 9.397537E-12,    94.56396,          NaN,         NaN
  2425.0,  3.591026E-5,   176.32447,  9.309463E-3,   213.13683, 8.273225E-12,    93.30388,          NaN,         NaN
  2430.0,  8.880126E-5,   176.20685,  7.431338E-3,   213.31776, 1.638240E-11,    94.59635,          NaN,         NaN
  2435.0,  3.861891E-5,   177.66403,  9.773832E-3,   213.92964, 1.363418E-11,    95.38385,          NaN,         NaN
  2440.0,  8.164996E-5,   176.44125,  9.580542E-3,   214.60585, 9.802385E-12,    93.66940,          NaN,         NaN
  2445.0,  5.780105E-5,   177.69171,  7.803961E-3,   215.39214, 1.290843E-11,    91.96036,          NaN,         NaN
  2450.0,  4.344515E-5,   178.19309,  7.027270E-3,   216.07687, 7.385354E-12,    90.22408,          NaN,         NaN
  2455.0,  5.449650E-5,   178.86190,  4.242667E-3,   217.56310, 5.910322E-12,    91.28537,          NaN,         NaN
  2460.0,  4.806739E-5,   179.02474,  2.316284E-4,   219.71037, 9.210372E-12,    90.77866,          NaN,         NaN
  2465.0,  2.534308E-5,   179.26409,  7.575792E-5,   220.02504, 8.310246E-12,    90.67481,          NaN,         NaN
  2470.0,  5.251432E-5,   180.61960,  2.912971E-3,   218.23303, 5.198955E-12,    90.40962,          NaN,         NaN
  2475.0,  3.621072E-5,   181.27288,  7.142839E-3,   219.92927, 1.042882E-11,    90.42193,          NaN,         NaN
  2480.0,  3.279308E-5,   181.85139,  9.164114E-3,   220.92646, 9.957313E-12,    88.62953,          NaN,         NaN
  2485.0,  2.815761E-5,   181.66403,  1.016272E-2,   221.66738, 5.982516E-12,    89.92786,          NaN,         NaN
  2490.0,  3.678925E-5,   181.76796,  1.094557E-2,   222.28654, 9.993698E-12,    89.11848,          NaN,         NaN
  2495.0,  3.584368E-5,   181.11103,  1.121038E-2,   222.81732, 1.013257E-11,    89.39680,          NaN,         NaN
  2500.0,  4.809607E-5,   182.27298,  1.106968E-2,   223.32503, 6.595975E-12,    88.48256,          NaN,         NaN
  2505.0,  2.819436E-5,   182.72847,  1.125270E-2,   223.80494, 5.817187E-12,    88.03835,          NaN,         NaN
  2510.0,  4.404754E-5,   182.66877,  1.124798E-2,   224.22549, 1.038145E-11,    87.94548,          NaN,         NaN
  2515.0,  8.188242E-5,   181.03949,  1.107144E-2,   224.66410, 8.818617E-12,    86.54492,          NaN,         NaN
  2520.0,  4.378414E-5,   181.39282,  1.117422E-2,   225.09999, 1.007948E-11,    87.42634,          NaN,         NaN
  2525.0,  4.994168E-5,   181.48306,  1.107595E-2,   225.51513, 8.763602E-12,    86.91969,          NaN,         NaN
  2530.0,  4.166933E-5,   181.42999,  1.072839E-2,   225.93627, 1.407747E-11,    88.23472,          NaN,         NaN
  2535.0,  5.507040E-5,   182.62193,  1.071362E-2,   226.32166, 1.042675E-11,    89.97970,          NaN,         NaN
  2540.0,  2.825307E-5,   184.22251,  1.048022E-2,   226.75090, 8.227167E-12,    91.48924,          NaN,         NaN
  2545.0,  3.993189E-5,   185.34738,  1.038480E-2,   227.18283, 8.365571E-12,    92.16113,          NaN,         NaN
  2550.0,  2.270200E-5,   185.56874,  1.020612E-2,   227.56889, 1.051686E-11,    93.02973,          NaN,         NaN
  2555.0,  4.714732E-5,   186.29907,  9.888210E-3,   228.01041, 1.025821E-11,    93.65323,          NaN,         NaN
  2560.0,  3.329460E-5,   185.38383,  9.857709E-3,   228.49494, 1.055138E-11,    94.21273,          NaN,         NaN
  2565.0,  9.134205E-5,   187.24634,  8.325391E-3,   228.99768, 9.486256E-12,    93.67201,          NaN,         NaN
  2570.0,  4.750542E-5,   187.26073,  8.076524E-3,   229.08751, 1.250363E-11,    94.43396,          NaN,         NaN
  2575.0,  4.558815E-5,   187.79994,  9.317212E-3,   229.62219, 8.024683E-12,    95.92627,          NaN,         NaN
  2580.0,  5.021894E-5,   186.86322,  9.594910E-3,   230.13496, 1.060639E-11,    94.68262,          NaN,         NaN
  2585.0,  3.749841E-5,   188.11764,  9.495639E-3,   230.69446, 1.192457E-11,    95.81997,          NaN,         NaN
  2590.0,  3.404469E-5,   189.14019,  9.341808E-3,   231.27673, 6.846200E-12,    96.73668,          NaN,         NaN
  2595.0,  6.204278E-5,   188.66287,  8.968196E-3,   231.89425, 7.848620E-12,    97.79330,          NaN,         NaN
  2600.0,  5.916437E-5,   186.97852,  8.557647E-3,   232.59774, 1.022635E-11,    98.30126,          NaN,         NaN
  2605.0,  3.791662E-5,   187.81138,  8.115457E-3,   233.38169, 7.509527E-12,    99.07104,          NaN,         NaN
  2610.0,  5.224897E-5,   188.58024,  7.142911E-3,   234.33452, 1.552775E-11,    98.54339,          NaN,         NaN
  2615.0,  6.239356E-5,   190.28418,  5.823874E-3,   235.56855, 1.300689E-11,   100.16762,          NaN,         NaN
  2620.0,  2.992103E-5,   191.51942,  3.928757E-3,   237.19409, 1.066739E-11,   101.80651,          NaN,         NaN
  2625.0,  4.016702E-5,   191.19646,  1.489357E-3,   239.54270, 1.057905E-11,   103.39884,          NaN,         NaN
  2630.0,  4.092833E-5,   192.18009,  1.258644E-4,   238.68891, 8.503120E-12,   101.51424,          NaN,         NaN
  2635.0,  5.081566E-5,   191.85249,  1.898866E-4,   239.72857, 5.253595E-12,   101.46286,          NaN,         NaN
  2640.0,  5.533274E-5,   191.07973,  1.390423E-4,   240.58383, 6.875416E-12,   100.28368,          NaN,         NaN
  2645.0,  5.289499E-5,   189.84805,  1.904238E-4,   240.61839, 9.874853E-12,   101.84869,          NaN,         NaN
  2650.0,  4.780290E-5,   192.21774,  2.385973E-4,   240.76645, 8.588580E-12,   103.61593,          NaN,         NaN
  2655.0,  3.597775E-5,   192.00534,  1.209004E-3,   238.14526, 9.965528E-12,   101.97833,          NaN,         NaN
  2660.0,  5.723545E-5,   192.38627,  1.976779E-3,   240.96163, 8.531978E-12,   103.47828,          NaN,         NaN
  2665.0,  3.930916E-5,   193.08193,  6.818431E-4,   241.29304, 1.092789E-11,   104.10292,          NaN,         NaN
  2670.0,  3.287309E-5,   192.06972,  3.528567E-3,   242.22200, 1.554141E-11,   106.06722,          NaN,         NaN
  2675.0,  4.305534E-5,   193.48125,  4.489864E-3,   243.72089, 7.950829E-12,   106.58434,          NaN,         NaN
  2680.0,  6.227262E-5,   194.51756,  3.359069E-3,   245.11651, 1.230507E-11,   107.93707,          NaN,         NaN
  2685.0,  2.577264E-5,   194.50241,  2.977439E-4,   245.86610, 9.081101E-12,   108.67389,          NaN,         NaN
  2690.0,  5.048717E-5,   195.79411,  2.449267E-3,   243.79345, 7.554294E-12,   108.27882,          NaN,         NaN
  2695.0,  4.169205E-5,   195.13990,  5.222351E-3,   245.05717, 7.508495E-12,   108.97207,          NaN,         NaN
  2700.0,  6.614610E-5,   195.87398,  6.121531E-3,   245.96643, 1.466215E-11,   110.14446,          NaN,         NaN
  2705.0,  5.933636E-5,   194.92217,  6.750097E-3,   246.71168, 6.836565E-12,   111.09849,          NaN,         NaN
  2710.0,  3.287596E-5,   194.00629,  6.914546E-3,   247.38717, 9.545417E-12,   111.41568,          NaN,         NaN
  2715.0,  4.551940E-5,   195.30603,  7.041023E-3,   248.02383, 4.990771E-12,   110.94914,          NaN,         NaN
  2720.0,  3.750757E-5,   196.95992,  7.200594E-3,   248.67367, 1.303815E-11,   110.14197,          NaN,         NaN
  2725.0,  2.777662E-5,   196.65895,  6.991532E-3,   249.33174, 1.318564E-11,   111.44536,          NaN,         NaN
  2730.0,  3.727357E-5,   197.73348,  6.887142E-3,   250.01789, 7.653771E-12,   112.19481,          NaN,         NaN
  2735.0,  5.621700E-5,   197.15456,  6.687179E-3,   250.72213, 1.090353E-11,   111.42873,          NaN,         NaN
  2740.0,  6.158549E-5,   195.95780,  6.020953E-3,   251.51187, 7.694425E-12,   110.51683,          NaN,         NaN
  2745.0,  3.900163E-5,   196.65570,  5.641800E-3,   252.36243, 9.633189E-12,   111.03805,          NaN,         NaN
  2750.0,  5.363466E-5,   196.78328,  4.839970E-3,   253.42418, 1.132284E-11,   109.18936,          NaN,         NaN
  2755.0,  3.305979E-5,   196.55270,  3.344244E-3,   254.85184, 9.893615E-12,   108.40872,          NaN,         NaN
  2760.0,  3.832060E-5,   198.22660,  1.533288E-3,   256.94484, 1.303611E-11,   108.61398,          NaN,         NaN
  2765.0,  3.251152E-5,   196.87677,  2.898178E-4,   254.35053, 1.414888E-11,   106.23820,          NaN,         NaN
  2770.0,  4.603789E-5,   196.41079,  6.008686E-5,   252.86071, 7.279983E-12,   106.29277,          NaN,         NaN
  2775.0,  3.568272E-5,   198.57708,  1.377319E-4,   253.22635, 1.105070E-11,   105.74996,          NaN,         NaN
  2780.0,  8.226270E-5,   200.56765,  1.184470E-4,   254.20694, 6.104020E-12,   107.19688,          NaN,         NaN
  2785.0,  2.201395E-5,   201.86722,  7.126794E-4,   255.90912, 1.036148E-11,   107.33863,          NaN,         NaN
  2790.0,  4.925827E-5,   201.59155,  2.210869E-3,   258.65842, 7.808040E-12,   107.01223,          NaN,         NaN
  2795.0,  5.643954E-5,   201.52144,  3.483001E-3,   260.44162, 9.834491E-12,   106.81129,          NaN,         NaN
  2800.0,  5.552884E-5,   201.06250,  4.517798E-3,   261.68979, 8.073016E-12,   106.73946,          NaN,         NaN
  2805.0,  3.975080E-5,   202.80742,  5.200718E-3,   262.64039, 1.002855E-11,   106.87714,          NaN,         NaN
  2810.0,  6.792987E-5,   202.62132,  5.613098E-3,   263.47432, 6.684036E-12,   107.13799,          NaN,         NaN
  2815.0,  6.694561E-5,   204.09845,  6.011527E-3,   264.23327, 1.387404E-11,   107.29588,          NaN,         NaN
  2820.0,  4.038005E-5,   204.29739,  6.274062E-3,   264.89133, 7.210694E-12,   109.36255,          NaN,         NaN
  2825.0,  6.238744E-5,   204.21747,  6.466268E-3,   265.51240, 5.264884E-12,   109.65666,          NaN,         NaN
  2830.0,  4.887703E-5,   204.85902,  6.732731E-3,   266.10444, 6.155473E-12,   109.61607,          NaN,         NaN
  2835.0,  9.735396E-5,   205.34554,  6.694555E-3,   266.68750, 1.146590E-11,   109.67723,          NaN,         NaN
  2840.0,  3.211466E-5,   206.40249,  6.824596E-3,   267.27949, 6.148893E-12,   108.83373,          NaN,         NaN
  2845.0,  3.736538E-5,   207.46617,  6.901700E-3,   267.85004, 5.593903E-12,   108.45293,          NaN,         NaN
  2850.0,  3.480436E-5,   206.12294,  6.746192E-3,   268.40902, 8.582158E-12,   107.49233,          NaN,         NaN
  2855.0,  4.345553E-5,   207.01651,  6.805724E-3,   269.06860, 8.937614E-12,   107.34636,          NaN,         NaN
  2860.0,  5.140664E-5,   207.82176,  6.695259E-3,   269.75499, 6.937611E-12,   109.32988,          NaN,         NaN
  2865.0,  4.277999E-5,   208.08828,  6.146780E-3,   270.56241, 5.789068E-12,   110.07522,          NaN,         NaN
  2870.0,  4.087958E-5,   209.26268,  4.792005E-3,   271.64523, 1.063314E-11,   109.24131,          NaN,         NaN
  2875.0,  3.233022E-5,   210.41666,  1.721379E-3,   273.36687, 6.342792E-12,   111.34616,          NaN,         NaN
  2880.0,  7.428509E-5,   210.52780,  2.104490E-4,   272.51654, 5.143397E-12,   110.91207,          NaN,         NaN
  2885.0,  3.884999E-5,   209.64397,  1.324171E-4,   272.55312, 4.652743E-12,   110.65700,          NaN,         NaN
  2890.0,  6.818521E-5,   209.49448,  2.098914E-3,   274.28426, 8.575479E-12,   110.41972,          NaN,         NaN
  2895.0,  3.941997E-5,   209.14020,  4.169684E-3,   275.93889, 6.671344E-12,   110.75719,          NaN,         NaN
  2900.0,  6.276815E-5,   208.28254,  5.058335E-3,   276.96338, 1.042684E-11,   111.51295,          NaN,         NaN
  2905.0,  3.984992E-5,   209.05994,  5.414558E-3,   277.73870, 1.057754E-11,   110.46231,          NaN,         NaN
  2910.0,  2.950209E-5,   209.19367,  5.524618E-3,   278.46327, 1.124872E-11,   110.31838,          NaN,         NaN
  2915.0,  4.450465E-5,   210.80839,  5.696603E-3,   279.10331, 1.091790E-11,   112.17736,          NaN,         NaN
  2920.0,  3.316734E-5,   211.27462,  5.547890E-3,   279.74289, 8.644631E-12,   113.29738,          NaN,         NaN
  2925.0,  3.353567E-5,   211.77051,  5.433503E-3,   280.40957, 9.041521E-12,   113.79122,          NaN,         NaN
  2930.0,  4.037007E-5,   210.71120,  5.381026E-3,   281.10479, 9.856376E-12,   112.54995,          NaN,         NaN
  2935.0,  3.726396E-5,   211.01565,  4.974450E-3,   281.80890, 1.298330E-11,   113.62927,          NaN,         NaN
  2940.0,  5.648705E-5,   211.64267,  4.490599E-3,   282.61186, 1.085560E-11,   113.45397,          NaN,         NaN
  2945.0,  3.963463E-5,   212.47497,  4.195123E-3,   283.54795, 5.127388E-12,   113.86021,          NaN,         NaN
  2950.0,  6.475493E-5,   212.63289,  3.274475E-3,   284.79128, 6.545302E-12,   113.78982,          NaN,         NaN
  2955.0,  3.784169E-5,   212.94132,  2.078184E-3,   286.50741, 7.920804E-12,   113.98633,          NaN,         NaN
  2960.0,  6.310380E-5,   213.11021,  4.965835E-4,   289.00244, 8.547879E-12,   113.83061,          NaN,         NaN
  2965.0,  3.755718E-5,   213.37473,  1.181640E-4,   287.91452, 7.729939E-12,   113.57125,          NaN,         NaN
  2970.0,  3.808569E-5,   214.56222,  1.759519E-4,   289.23478, 9.980414E-12,   114.14142,          NaN,         NaN
  2975.0,  2.712446E-5,   214.86330,  7.732566E-5,   290.39598, 5.061933E-12,   114.71466,          NaN,         NaN
  2980.0,  4.445014E-5,   215.02580,  6.259774E-4,   291.31447, 5.971732E-12,   113.88395,          NaN,         NaN
  2985.0,  5.722383E-5,   214.95506,  1.572139E-3,   293.98860, 1.066007E-11,   112.99878,          NaN,         NaN
  2990.0,  6.146593E-5,   213.67882,  1.892177E-3,   296.32892, 6.043752E-12,   114.12199,          NaN,         NaN
  2995.0,  3.772433E-5,   215.32623,  1.160089E-3,   298.91803, 1.083705E-11,   114.56281,          NaN,         NaN
  3000.0,  3.588527E-5,   214.65646,  4.310538E-4,   300.84389, 1.094425E-11,   115.66304,          NaN,         NaN
  3005.0,  3.423613E-5,   215.07897,  1.098914E-4,   303.20706, 9.085344E-12,   115.49881,          NaN,         NaN
  3010.0,  3.559678E-5,   214.93207,  8.993337E-5,   301.89522, 1.397891E-11,   116.88337,          NaN,         NaN
  3015.0,  5.061751E-5,   213.42094,  1.147776E-4,   302.67395, 6.609643E-12,   117.64971,          NaN,         NaN
  3020.0,  5.395568E-5,   213.17407,  9.582384E-5,   302.70541, 7.986199E-12,   119.26235,          NaN,         NaN
  3025.0,  3.619059E-5,   213.90349,  4.827224E-4,   302.78026, 1.026045E-11,   118.76882,          NaN,         NaN
  3030.0,  5.411210E-5,   213.61052,  1.246690E-3,   299.96223, 8.403846E-12,   119.02507,          NaN,         NaN
  3035.0,  3.446251E-5,   213.94733,  1.637383E-3,   302.63463, 9.657503E-12,   119.88205,          NaN,         NaN
  3040.0,  6.962489E-5,   213.60109,  4.672628E-4,   305.16791, 1.073652E-11,   119.51695,          NaN,         NaN
  3045.0,  2.671653E-5,   213.15929,  1.373905E-4,   304.15674, 9.940540E-12,   118.81203,          NaN,         NaN
  3050.0,  6.238310E-5,   213.51129,  1.420108E-3,   302.11356, 6.161398E-12,   119.63432,          NaN,         NaN
  3055.0,  8.033494E-5,   211.57435,  3.003241E-3,   303.85140, 1.152960E-11,   119.89864,          NaN,         NaN
  3060.0,  2.422058E-5,   212.03850,  3.690879E-3,   304.96524, 7.337547E-12,   119.56803,          NaN,         NaN
  3065.0,  7.916854E-5,   212.18025,  4.066958E-3,   305.86300, 8.584767E-12,   118.42516,          NaN,         NaN
  3070.0,  3.728268E-5,   210.93836,  4.260940E-3,   306.67973, 1.303586E-11,   119.33292,          NaN,         NaN
  3075.0,  5.230440E-5,   212.91125,  4.290047E-3,   307.41412, 6.614558E-12,   120.43522,          NaN,         NaN
  3080.0,  3.875200E-5,   213.06439,  4.390584E-3,   308.12933, 8.654101E-12,   120.42987,          NaN,         NaN
  3085.0,  3.061240E-5,   214.29472,  4.484835E-3,   308.78737, 1.395866E-11,   121.21493,          NaN,         NaN
  3090.0,  3.407313E-5,   213.64466,  4.474062E-3,   309.44930, 7.103942E-12,   121.02069,          NaN,         NaN
  3095.0,  8.091179E-5,   214.51568,  4.414412E-3,   310.15719, 5.667936E-12,   120.71429,          NaN,         NaN
  3100.0,  6.289914E-5,   215.58705,  4.400909E-3,   310.85826, 7.131800E-12,   122.29314,          NaN,         NaN
  3105.0,  2.882133E-5,   216.31646,  4.325328E-3,   311.61793, 9.655576E-12,   123.82013,          NaN,         NaN
  3110.0,  7.841999E-5,   215.09244,  4.113254E-3,   312.50108, 1.067438E-11,   124.02537,          NaN,         NaN
  3115.0,  5.792411E-5,   216.46353,  3.557156E-3,   313.58849, 7.831422E-12,   124.89881,          NaN,         NaN
  3120.0,  2.538871E-5,   216.61248,  2.329570E-3,   314.98363, 6.465419E-12,   126.23294,          NaN,         NaN
  3125.0,  5.034457E-5,   216.79756,  2.419573E-4,   316.50057, 1.281771E-11,   127.62452,          NaN,         NaN
  3130.0,  5.106342E-5,   217.91467,  1.136809E-4,   316.05114, 9.650285E-12,   129.22613,          NaN,         NaN
  3135.0,  4.056564E-5,   218.95534,  7.700674E-5,   315.86811, 8.170107E-12,   130.77980,          NaN,         NaN
  3140.0,  6.468663E-5,   220.08273,  3.787242E-5,   316.66884, 8.105185E-12,   129.72654,          NaN,         NaN
  3145.0,  7.081281E-5,   219.18294,  1.179558E-3,   316.00927, 7.907635E-12,   128.20747,          NaN,         NaN
  3150.0,  7.113267E-5,   218.29997,  1.687766E-3,   318.32656, 8.525494E-12,   128.60147,          NaN,         NaN
  3155.0,  6.077001E-5,   219.32292,  1.660961E-3,   320.44388, 1.213103E-11,   128.33866,          NaN,         NaN
  3160.0,  3.497614E-5,   219.98533,  6.254166E-4,   323.19126, 5.704792E-12,   128.20408,          NaN,         NaN
  3165.0,  6.850239E-5,   221.23279,  1.986543E-4,   322.90072, 7.085564E-12,   127.88997,          NaN,         NaN
  3170.0,  5.574918E-5,   220.39896,  2.250137E-4,   323.46821, 1.318139E-11,   127.68439,          NaN,         NaN
  3175.0,  6.968766E-5,   221.67989,  8.443416E-4,   322.67336, 8.127909E-12,   126.70881,          NaN,         NaN
  3180.0,  3.544776E-5,   219.70097,  7.493170E-4,   324.97765, 8.905079E-12,   126.17607,          NaN,         NaN
  3185.0,  5.233253E-5,   221.35805,  1.142953E-3,   323.76644, 7.966033E-12,   124.83385,          NaN,         NaN
  3190.0,  5.544811E-5,   220.93032,  2.782091E-3,   325.21449, 6.265660E-12,   125.53776,          NaN,         NaN
  3195.0,  8.233440E-5,   220.16211,  3.272767E-3,   326.27192, 7.422273E-12,   125.76817,          NaN,         NaN
  3200.0,  3.490198E-5,   221.08053,  3.430676E-3,   327.18628, 1.095040E-11,   125.54549,          NaN,         NaN
  3205.0,  3.405351E-5,   222.12473,  2.985881E-3,   328.18042, 6.422932E-12,   126.31753,          NaN,         NaN
  3210.0,  6.007998E-5,   221.76401,  7.796370E-4,   328.97822, 8.447409E-12,   125.76046,          NaN,         NaN
  3215.0,  2.766716E-5,   222.45145,  2.535036E-3,   328.40077, 6.635213E-12,   125.41749,          NaN,         NaN
  3220.0,  1.035459E-4,   221.91015,  2.690400E-3,   329.58874, 7.096954E-12,   125.03912,          NaN,         NaN
  3225.0,  4.170939E-5,   221.06987,  1.522178E-3,   331.06439, 6.107549E-12,   124.96434,          NaN,         NaN
  3230.0,  3.543666E-5,   220.01851,  8.981660E-5,   331.20693, 9.057486E-12,   124.82176,          NaN,         NaN
  3235.0,  4.604908E-5,   220.95102,  1.385217E-3,   333.85133, 9.389254E-12,   124.80479,          NaN,         NaN
  3240.0,  4.469976E-5,   221.37749,  2.884982E-3,   335.33825, 8.384850E-12,   123.19497,          NaN,         NaN
  3245.0,  5.440014E-5,   221.87662,  3.296229E-3,   336.21657, 6.607102E-12,   123.06582,          NaN,         NaN
  3250.0,  3.334400E-5,   222.53129,  3.522935E-3,   336.85157, 7.453299E-12,   123.12204,          NaN,         NaN
  3255.0,  6.062703E-5,   224.16291,  3.580140E-3,   337.38610, 9.810061E-12,   122.77604,          NaN,         NaN
  3260.0,  5.720474E-5,   222.20571,  3.573314E-3,   337.94695, 8.832386E-12,   122.68807,          NaN,         NaN
  3265.0,  4.240276E-5,   221.75651,  3.644532E-3,   338.44557, 1.043091E-11,   123.20894,          NaN,         NaN
  3270.0,  6.090075E-5,   221.86757,  3.557939E-3,   338.89958, 5.962479E-12,   121.80546,          NaN,         NaN
  3275.0,  6.348850E-5,   222.53259,  3.480783E-3,   339.37712, 1.153793E-11,   122.19933,          NaN,         NaN
  3280.0,  5.764343E-5,   223.90614,  3.393197E-3,   339.83756, 6.718136E-12,   121.90231,          NaN,         NaN
  3285.0,  3.748430E-5,   222.35336,  3.439282E-3,   340.30479, 7.495001E-12,   121.84620,          NaN,         NaN
  3290.0,  2.926538E-5,   223.62388,  3.367001E-3,   340.76842, 1.213434E-11,   121.31953,          NaN,         NaN
  3295.0,  3.063437E-5,   224.06877,  3.211401E-3,   341.28768, 9.522986E-12,   123.13364,          NaN,         NaN
  3300.0,  4.717490E-5,   222.54242,  3.181988E-3,   341.79565, 6.337418E-12,   124.45537,          NaN,         NaN
  3305.0,  4.927928E-5,   223.11212,  3.128576E-3,   342.38484, 1.393871E-11,   122.92618,          NaN,         NaN
  3310.0,  6.482953E-5,   222.61915,  2.862056E-3,   343.12158, 9.111313E-12,   123.67813,          NaN,         NaN
  3315.0,  5.712459E-5,   223.02808,  2.481711E-3,   344.01211, 1.059125E-11,   123.65039,          NaN,         NaN
  3320.0,  5.953845E-5,   223.80172,  1.558624E-3,   345.26518, 7.188723E-12,   123.98925,          NaN,         NaN
  3325.0,  4.828247E-5,   222.92479,  1.843052E-4,   347.00945, 7.507140E-12,   123.67721,          NaN,         NaN
  3330.0,  5.147973E-5,   223.28258,  1.255226E-4,   346.64164, 4.437863E-12,   123.63018,          NaN,         NaN
  3335.0,  5.729953E-5,   224.45960,  6.800357E-5,   346.63396, 9.556947E-12,   123.62809,          NaN,         NaN
  3340.0,  6.292341E-5,   225.57944,  7.579510E-4,   345.03590, 1.240045E-11,   124.48535,          NaN,         NaN
  3345.0,  6.349245E-5,   225.85665,  1.958736E-3,   346.84031, 8.520798E-12,   125.31178,          NaN,         NaN
  3350.0,  8.663181E-5,   225.70197,  2.517185E-3,   347.93763, 1.332520E-11,   126.71087,          NaN,         NaN
  3355.0,  5.592168E-5,   226.18439,  2.883567E-3,   348.74067, 5.599887E-12,   126.76973,          NaN,         NaN
  3360.0,  6.060887E-5,   226.07247,  3.169341E-3,   349.46141, 1.088740E-11,   127.77595,          NaN,         NaN
  3365.0,  4.123153E-5,   226.80780,  3.371832E-3,   350.00888, 9.500932E-12,   128.99384,          NaN,         NaN
  3370.0,  3.796812E-5,   228.12403,  3.367235E-3,   350.55310, 9.973644E-12,   128.86068,          NaN,         NaN
  3375.0,  3.308533E-5,   228.37090,  3.475684E-3,   351.03119, 6.223478E-12,   127.76321,          NaN,         NaN
  3380.0,  5.257826E-5,   227.78544,  3.464792E-3,   351.49276, 7.732737E-12,   126.82771,          NaN,         NaN
  3385.0,  5.771475E-5,   228.10271,  3.463863E-3,   351.92533, 5.380091E-12,   125.54936,          NaN,         NaN
  3390.0,  6.635235E-5,   227.81726,  3.412010E-3,   352.34047, 1.105104E-11,   125.76093,          NaN,         NaN
  3395.0,  4.499243E-5,   228.02082,  3.486524E-3,   352.76308, 1.728759E-11,   127.15058,          NaN,         NaN
  3400.0,  7.493572E-5,   229.50250,  3.525133E-3,   353.15809, 8.524637E-12,   127.61717,          NaN,         NaN
  3405.0,  5.322606E-5,   229.22232,  3.462621E-3,   353.54306, 8.823602E-12,   128.09142,          NaN,         NaN
  3410.0,  4.208366E-5,   230.16111,  3.465577E-3,   353.95233, 1.179955E-11,   127.25464,          NaN,         NaN
  3415.0,  6.615324E-5,   229.47583,  3.455643E-3,   354.34169, 1.332925E-11,   126.07537,          NaN,         NaN
  3420.0,  4.308215E-5,   229.74417,  3.451767E-3,   354.74288, 7.397136E-12,   125.30111,          NaN,         NaN
  3425.0,  5.297601E-5,   230.00571,  3.377226E-3,   355.11971, 1.198303E-11,   126.23368,          NaN,         NaN
  3430.0,  6.470548E-5,   230.74755,  3.398975E-3,   355.49753, 8.034874E-12,   126.77197,          NaN,         NaN
  3435.0,  5.615746E-5,   231.66888,  3.384898E-3,   355.88784, 8.525998E-12,   126.71939,          NaN,         NaN
  3440.0,  8.950986E-5,   231.37608,  3.357270E-3,   356.26761, 6.444103E-12,   126.89912,          NaN,         NaN
  3445.0,  4.950733E-5,   232.25313,  3.255724E-3,   356.65945, 8.641368E-12,   126.94563,          NaN,         NaN
  3450.0,  4.902236E-5,   232.80266,  3.233913E-3,   357.05713, 6.901578E-12,   128.67853,          NaN,         NaN
  3455.0,  5.560064E-5,   232.72814,  3.205878E-3,   357.45469, 6.515252E-12,   130.05582,          NaN,         NaN
  3460.0,  3.423431E-5,   232.24569,  3.196350E-3,   357.83847, 7.328440E-12,   130.22388,          NaN,         NaN
  3465.0,  7.898251E-5,   232.56307,  3.096824E-3,   358.24432, 7.894721E-12,   131.69201,          NaN,         NaN
  3470.0,  5.689119E-5,   233.49388,  3.033059E-3,   358.64116, 1.091897E-11,   133.01351,          NaN,         NaN
  3475.0,  4.080311E-5,   233.80751,  2.999796E-3,   359.06753, 1.037630E-11,   133.81774,          NaN,         NaN
  3480.0,  3.705345E-5,   233.87779,  2.905807E-3,   359.52700, 9.381831E-12,   133.24160,          NaN,         NaN
  3485.0,  5.569603E-5,   233.37945,  2.839972E-3,   360.03735, 1.109970E-11,   133.95613,          NaN,         NaN
  3490.0,  9.525421E-5,   235.21726,  2.422579E-3,   360.66421, 8.041766E-12,   134.22845,          NaN,         NaN
  3495.0,  7.492130E-5,   235.33722,  5.870531E-4,   361.24840, 7.133368E-12,   135.03139,          NaN,         NaN
  3500.0,  3.934304E-5,   235.77804,  1.873082E-3,   360.27159, 1.313246E-11,   134.84670,          NaN,         NaN
  3505.0,  6.243922E-5,   236.56475,  2.283418E-3,   361.08934, 1.254148E-11,   135.81982,          NaN,         NaN
  3510.0,  2.767859E-5,   236.96146,  1.927691E-3,   361.43896, 9.908046E-12,   137.81400,          NaN,         NaN
  3515.0,  5.333682E-5,   236.93474,  2.421989E-3,   361.98534, 9.513291E-12,   138.75573,          NaN,         NaN
  3520.0,  7.243270E-5,   238.41757,  2.409743E-3,   362.64516, 9.729837E-12,   137.93491,          NaN,         NaN
  3525.0,  7.026692E-5,   236.75902,  2.150033E-3,   363.43210, 1.394896E-11,   138.95378,          NaN,         NaN
  3530.0,  4.453368E-5,   235.75069,  1.393506E-3,   364.54771, 1.517476E-11,   139.53117,          NaN,         NaN
  3535.0,  8.516769E-5,   236.19167,  4.322798E-5,   362.49564, 7.129353E-12,   139.70982,          NaN,         NaN
  3540.0,  3.577187E-5,   235.06019,  4.303691E-4,   361.57993, 1.082715E-11,   140.33580,          NaN,         NaN
  3545.0,  4.467219E-5,   235.53188,  1.707914E-3,   363.17674, 6.542437E-12,   141.28650,          NaN,         NaN
  3550.0,  4.405760E-5,   236.37723,  2.038172E-3,   364.14536, 6.219084E-12,   140.27055,          NaN,         NaN
  3555.0,  5.161270E-5,   238.18257,  2.120189E-3,   364.89854, 1.282105E-11,   141.00881,          NaN,         NaN
  3560.0,  5.973614E-5,   236.11927,  2.146689E-3,   365.60767, 6.552758E-12,   139.81976,          NaN,         NaN
  3565.0,  4.400336E-5,   235.11770,  2.046784E-3,   366.29096, 1.118028E-11,   139.73585,          NaN,         NaN
  3570.0,  4.620707E-5,   235.82328,  1.969916E-3,   367.01341, 6.168293E-12,   141.29889,          NaN,         NaN
  3575.0,  4.435270E-5,   236.62812,  1.849473E-3,   367.78876, 1.045939E-11,   139.68683,          NaN,         NaN
  3580.0,  3.237022E-5,   238.39423,  1.583385E-3,   368.80599, 7.186828E-12,   141.51846,          NaN,         NaN
  3585.0,  3.331526E-5,   239.20154,  1.331281E-3,   370.05882, 1.014128E-11,   140.25690,          NaN,         NaN
  3590.0,  2.297371E-5,   239.67286,  8.260966E-4,   371.89835, 7.796004E-12,   140.37606,          NaN,         NaN
  3595.0,  2.203820E-5,   239.45620,  4.196901E-5,   371.17275, 7.335663E-12,   141.48779,          NaN,         NaN
  3600.0,  2.595456E-5,   240.31801,  1.475428E-4,   373.44405, 1.180677E-11,   142.75580,          NaN,         NaN
  3605.0,  2.992034E-5,   240.61783,  1.078530E-4,   374.88456, 9.949820E-12,   142.90639,          NaN,         NaN
  3610.0,  2.618386E-5,   241.10267,  3.519293E-4,   373.15348, 1.025083E-11,   143.34834,          NaN,         NaN
  3615.0,  4.576040E-5,   240.36394,  3.462911E-4,   372.58147, 9.973485E-12,   144.16276,          NaN,         NaN
  3620.0,  2.420075E-5,   241.11188,  1.129053E-3,   374.54036, 7.724249E-12,   144.70608,          NaN,         NaN
  3625.0,  3.680061E-5,   241.30846,  1.137568E-3,   376.29029, 8.382563E-12,   145.26687,          NaN,         NaN
  3630.0,  4.794625E-5,   241.57952,  1.043997E-3,   378.09229, 5.503129E-12,   145.27070,          NaN,         NaN
  3635.0,  3.234956E-5,   240.62112,  8.287532E-4,   380.18855, 7.500952E-12,   146.15535,          NaN,         NaN
  3640.0,  4.157325E-5,   241.01681,  4.079501E-4,   382.41571, 9.214337E-12,   145.47366,          NaN,         NaN
  3645.0,  3.670472E-5,   239.47949,  2.204426E-4,   381.35227, 1.479419E-11,   147.10552,          NaN,         NaN
  3650.0,  4.536008E-5,   239.82612,  1.479153E-4,   382.38276, 7.008866E-12,   147.39693,          NaN,         NaN
  3655.0,  2.991853E-5,   240.99593,  1.003739E-4,   383.03878, 6.352744E-12,   148.17982,          NaN,         NaN
  3660.0,  5.275047E-5,   240.47689,  1.651827E-4,   382.92842, 7.981591E-12,   147.69637,          NaN,         NaN
  3665.0,  3.558224E-5,   241.80251,  1.484441E-4,   383.21100, 1.090910E-11,   148.12874,          NaN,         NaN
  3670.0,  4.291737E-5,   242.56412,  3.378865E-4,   380.66730, 7.922166E-12,   147.88869,          NaN,         NaN
  3675.0,  4.064798E-5,   241.64733,  7.721410E-4,   383.32547, 1.514184E-11,   148.71101,          NaN,         NaN
  3680.0,  9.482340E-5,   241.59736,  7.142156E-4,   385.34915, 8.061406E-12,   149.14787,          NaN,         NaN
  3685.0,  3.826084E-5,   243.10584,  6.804791E-4,   385.75426, 1.243183E-11,   148.47611,          NaN,         NaN
  3690.0,  2.246088E-5,   242.46428,  2.860534E-4,   387.78646, 8.699881E-12,   148.75891,          NaN,         NaN
  3695.0,  4.537912E-5,   242.47007,  8.212759E-4,   386.60925, 5.635324E-12,   149.40013,          NaN,         NaN
  3700.0,  3.120445E-5,   242.94148,  1.366391E-3,   387.99734, 8.358000E-12,   150.02654,          NaN,         NaN
  3705.0,  2.928182E-5,   241.95088,  1.448723E-3,   388.94947, 8.396891E-12,   151.03999,          NaN,         NaN
  3710.0,  3.991699E-5,   241.72959,  1.582084E-3,   389.78487, 8.885729E-12,   151.37063,          NaN,         NaN
  3715.0,  4.209321E-5,   242.43779,  1.557715E-3,   390.53533, 1.301056E-11,   152.72783,          NaN,         NaN
  3720.0,  7.321360E-5,   242.55274,  1.296258E-3,   391.23138, 8.984382E-12,   152.43686,          NaN,         NaN
  3725.0,  3.317408E-5,   244.60448,  1.462229E-3,   391.61004, 1.051729E-11,   152.80806,          NaN,         NaN
  3730.0,  5.150898E-5,   242.73679,  1.558874E-3,   392.29765, 9.350839E-12,   151.72283,          NaN,         NaN
  3735.0,  2.860603E-5,   243.31891,  1.442510E-3,   392.95061, 7.110330E-12,   150.91831,          NaN,         NaN
  3740.0,  5.913978E-5,   244.08025,  1.469181E-3,   393.29504, 5.988026E-12,   150.78218,          NaN,         NaN
  3745.0,  3.600872E-5,   244.06352,  1.615554E-3,   394.00326, 1.013892E-11,   150.73746,          NaN,         NaN
  3750.0,  5.774262E-5,   243.89338,  1.590702E-3,   394.66429, 8.423199E-12,   151.74211,          NaN,         NaN
  3755.0,  2.762082E-5,   244.20670,  1.527443E-3,   395.31318, 9.624371E-12,   150.16229,          NaN,         NaN
  3760.0,  4.984853E-5,   244.10457,  1.454572E-3,   396.04509, 1.267339E-11,   152.26585,          NaN,         NaN
  3765.0,  6.601543E-5,   246.17965,  1.309835E-3,   396.80300, 6.665508E-12,   153.27994,          NaN,         NaN
  3770.0,  3.768718E-5,   246.11224,  1.203117E-3,   397.63830, 6.785223E-12,   153.96939,          NaN,         NaN
  3775.0,  2.564351E-5,   245.62937,  1.069949E-3,   398.68121, 9.373653E-12,   154.62316,          NaN,         NaN
  3780.0,  4.821128E-5,   246.97869,  8.894187E-4,   400.00721, 7.507745E-12,   154.01849,          NaN,         NaN
  3785.0,  3.283685E-5,   246.35952,  7.009966E-4,   401.76265, 1.115785E-11,   153.93715,          NaN,         NaN
  3790.0,  5.389923E-5,   247.26031,  2.861980E-4,   404.05142, 1.079757E-11,   155.03256,          NaN,         NaN
  3795.0,  5.765186E-5,   245.60327,  1.062086E-4,   403.04801, 5.683491E-12,   155.46190,          NaN,         NaN
  3800.0,  4.174255E-5,   244.95760,  5.147695E-5,   403.80427, 1.299509E-11,   154.63728,          NaN,         NaN
  3805.0,  3.919063E-5,   243.45525,  3.863978E-5,   403.92445, 7.120399E-12,   154.56181,          NaN,         NaN
  3810.0,  2.372942E-5,   242.96328,  3.737982E-5,   403.55208, 8.206495E-12,   154.89945,          NaN,         NaN
  3815.0,  2.387188E-5,   242.65517,  9.659032E-5,   404.75939, 1.344831E-11,   154.83028,          NaN,         NaN
  3820.0,  4.075456E-5,   241.97513,  1.326406E-4,   406.64399, 8.703213E-12,   153.79568,          NaN,         NaN
  3825.0,  3.260477E-5,   240.92490,  4.146563E-4,   404.90688, 1.113860E-11,   154.15622,          NaN,         NaN
  3830.0,  2.036905E-5,   241.82244,  6.475128E-4,   406.77792, 1.646349E-11,   154.93600,          NaN,         NaN
  3835.0,  2.790580E-5,   241.25406,  7.577837E-4,   408.12719, 6.623111E-12,   153.81837,          NaN,         NaN
  3840.0,  7.728382E-5,   240.24444,  7.984915E-4,   409.31901, 9.015017E-12,   152.05196,          NaN,         NaN
  3845.0,  6.003662E-5,   241.19767,  8.027608E-4,   410.45692, 8.617821E-12,   153.21196,          NaN,         NaN
  3850.0,  5.696092E-5,   239.04606,  7.019341E-4,   411.49491, 1.150045E-11,   154.26951,          NaN,         NaN
  3855.0,  3.869028E-5,   239.68914,  8.088202E-5,   412.29845, 1.337002E-11,   152.29872,          NaN,         NaN
  3860.0,  4.349964E-5,   241.16116,  6.636593E-4,   411.34035, 9.625379E-12,   151.22173,          NaN,         NaN
  3865.0,  7.598187E-5,   241.70408,  9.131080E-4,   412.33443, 8.434136E-12,   150.36683,          NaN,         NaN
  3870.0,  4.259997E-5,   243.21010,  1.058968E-3,   413.13555, 7.958699E-12,   151.48955,          NaN,         NaN
  3875.0,  7.811240E-5,   242.11103,  1.088846E-3,   413.78440, 1.200690E-11,   152.97422,          NaN,         NaN
  3880.0,  7.093278E-5,   243.06030,  1.099915E-3,   414.41580, 9.375614E-12,   153.08223,          NaN,         NaN
  3885.0,  3.873095E-5,   243.91922,  1.150411E-3,   414.96476, 1.016258E-11,   153.78685,          NaN,         NaN
  3890.0,  3.570841E-5,   243.93028,  1.128086E-3,   415.60917, 8.725280E-12,   152.74564,          NaN,         NaN
  3895.0,  2.480214E-5,   245.28750,  1.179878E-3,   416.20499, 1.423482E-11,   151.90772,          NaN,         NaN
  3900.0,  5.933841E-5,   244.53339,  1.135426E-3,   416.74824, 9.188964E-12,   152.23047,          NaN,         NaN
  3905.0,  5.661035E-5,   244.43787,  1.057061E-3,   417.36182, 1.425847E-11,   152.24425,          NaN,         NaN
  3910.0,  6.600715E-5,   246.37698,  1.070366E-3,   418.01673, 1.489055E-11,   151.47140,          NaN,         NaN
  3915.0,  4.401917E-5,   247.64076,  1.059926E-3,   418.74965, 1.320490E-11,   153.53849,          NaN,         NaN
  3920.0,  4.460565E-5,   247.69794,  7.121896E-4,   419.70323, 6.785504E-12,   152.90045,          NaN,         NaN
  3925.0,  6.020143E-5,   247.14429,  5.243329E-4,   419.15537, 1.163594E-11,   151.01864,          NaN,         NaN
  3930.0,  8.007213E-5,   247.34549,  8.123798E-4,   420.22722, 7.743268E-12,   151.21556,          NaN,         NaN
  3935.0,  5.396546E-5,   246.68745,  7.995489E-4,   421.30337, 6.378767E-12,   152.04145,          NaN,         NaN
  3940.0,  3.350082E-5,   246.69828,  6.839874E-4,   422.56701, 8.718978E-12,   151.27551,          NaN,         NaN
  3945.0,  3.455673E-5,   246.26477,  2.737892E-4,   424.59638, 9.850804E-12,   152.58229,          NaN,         NaN
  3950.0,  3.994635E-5,   245.54499,  6.514942E-5,   424.75187, 7.165617E-12,   151.26963,          NaN,         NaN
  3955.0,  3.828617E-5,   243.95715,  5.841327E-5,   425.89459, 4.605174E-12,   151.48354,          NaN,         NaN
  3960.0,  3.814313E-5,   244.12655,  1.382204E-4,   428.17460, 1.030399E-11,   151.43951,          NaN,         NaN
  3965.0,  5.281609E-5,   243.65409,  1.251964E-4,   426.18993, 9.557139E-12,   152.98363,          NaN,         NaN
  3970.0,  5.895569E-5,   243.83966,  4.018571E-5,   425.93947, 5.597373E-12,   154.10405,          NaN,         NaN
  3975.0,  3.674329E-5,   243.11861,  3.764128E-5,   426.26690, 1.138895E-11,   153.92830,          NaN,         NaN
  3980.0,  1.994334E-5,   244.23391,  5.314824E-5,   426.64435, 1.019777E-11,   153.17276,          NaN,         NaN
  3985.0,  3.499505E-5,   245.03460,  6.613346E-5,   427.65892, 4.969307E-12,   153.03365,          NaN,         NaN
  3990.0,  3.230160E-5,   244.58761,  1.271645E-4,   426.74668, 1.232159E-11,   153.45870,          NaN,         NaN
  3995.0,  5.753685E-5,   244.47706,  1.486588E-4,   429.43234, 9.125961E-12,   152.30352,          NaN,         NaN
  4000.0,  2.205372E-5,   244.57586,  3.688603E-5,   429.27521, 1.387417E-11,   152.77353,          NaN,         NaN
  4005.0,  4.220125E-5,   243.91322,  2.182019E-4,   429.28654, 1.565754E-11,   153.09300,          NaN,         NaN
  4010.0,  4.139270E-5,   244.56478,  4.427550E-4,   430.87084, 7.231934E-12,   152.25879,          NaN,         NaN
  4015.0,  5.891001E-5,   244.86958,  5.433805E-4,   432.10078, 7.137072E-12,   151.76988,          NaN,         NaN
  4020.0,  3.215177E-5,   243.21137,  4.107905E-4,   433.07232, 9.667065E-12,   149.71490,          NaN,         NaN
  4025.0,  3.755224E-5,   243.93472,  5.174610E-4,   433.62200, 7.376518E-12,   149.65354,          NaN,         NaN
  4030.0,  2.982179E-5,   243.93012,  5.937993E-4,   434.30343, 9.395449E-12,   150.55974,          NaN,         NaN
  4035.0,  3.263195E-5,   244.30478,  5.922436E-4,   434.99225, 1.074423E-11,   150.68780,          NaN,         NaN
  4040.0,  4.373389E-5,   244.44440,  5.724863E-4,   435.50202, 4.870558E-12,   151.73753,          NaN,         NaN
  4045.0,  4.853025E-5,   244.75977,  5.944348E-4,   436.01436, 1.228412E-11,   153.28637,          NaN,         NaN
  4050.0,  5.327574E-5,   244.69210,  5.399442E-4,   436.60670, 7.674047E-12,   154.83112,          NaN,         NaN
  4055.0,  3.521747E-5,   243.49948,  4.035701E-4,   436.88526, 5.505260E-12,   155.96099,          NaN,         NaN
  4060.0,  4.197730E-5,   244.68702,  5.486618E-4,   437.45815, 1.078723E-11,   156.12217,          NaN,         NaN
  4065.0,  5.567751E-5,   245.12531,  6.370699E-4,   437.90181, 7.720707E-12,   155.86726,          NaN,         NaN
  4070.0,  2.809727E-5,   245.91389,  5.173449E-4,   438.53946, 7.785592E-12,   158.02847,          NaN,         NaN
  4075.0,  3.989779E-5,   245.63999,  4.628939E-4,   438.65286, 8.354565E-12,   157.26982,          NaN,         NaN
  4080.0,  3.728189E-5,   243.46623,  5.824049E-4,   439.12298, 7.683402E-12,   156.15157,          NaN,         NaN
  4085.0,  4.428759E-5,   242.94438,  5.424432E-4,   439.72102, 8.229672E-12,   155.17984,          NaN,         NaN
  4090.0,  3.413948E-5,   243.16596,  5.929890E-4,   440.17278, 1.551825E-11,   156.09649,          NaN,         NaN
  4095.0,  6.847833E-5,   244.14640,  5.817037E-4,   440.74486, 1.373843E-11,   156.08712,          NaN,         NaN
  4100.0,  2.645426E-5,   243.94813,  5.586096E-4,   441.17754, 1.006529E-11,   156.95688,          NaN,         NaN
  4105.0,  7.036271E-5,   244.39568,  5.687866E-4,   441.87666, 8.292725E-12,   157.87600,          NaN,         NaN
  4110.0,  2.491732E-5,   244.34493,  6.291365E-4,   442.37440, 1.128534E-11,   158.88908,          NaN,         NaN
  4115.0,  3.910572E-5,   245.21435,  5.391192E-4,   443.07115, 1.229735E-11,   160.49742,          NaN,         NaN
  4120.0,  3.408937E-5,   245.05896,  4.594166E-4,   443.67892, 5.082171E-12,   160.60317,          NaN,         NaN
  4125.0,  3.602709E-5,   244.85568,  5.242384E-4,   444.31953, 8.564865E-12,   160.32034,          NaN,         NaN
  4130.0,  4.905219E-5,   243.82665,  4.977907E-4,   445.28037, 7.690610E-12,   161.33517,          NaN,         NaN
  4135.0,  6.568432E-5,   245.31528,  4.413033E-4,   446.16427, 1.201333E-11,   161.39002,          NaN,         NaN
  4140.0,  3.221646E-5,   245.15343,  4.831259E-4,   447.37090, 1.174213E-11,   163.16422,          NaN,         NaN
  4145.0,  4.471832E-5,   245.60339,  4.382152E-4,   448.73015, 6.355027E-12,   164.11155,          NaN,         NaN
  4150.0,  4.143788E-5,   243.87760,  3.095166E-4,   450.49838, 1.055574E-11,   162.96702,          NaN,         NaN
  4155.0,  2.570504E-5,   243.17781,  6.535813E-5,   448.24843, 8.737226E-12,   162.28260,          NaN,         NaN
  4160.0,  4.176793E-5,   244.27164,  4.145394E-5,   449.22794, 8.675452E-12,   160.46134,          NaN,         NaN
  4165.0,  3.270467E-5,   244.93570,  5.053399E-5,   448.46615, 7.420651E-12,   160.08425,          NaN,         NaN
  4170.0,  3.644469E-5,   246.79946,  5.718848E-5,   448.98013, 1.028584E-11,   159.04460,          NaN,         NaN
  4175.0,  4.417870E-5,   248.38975,  4.307837E-5,   448.14460, 1.538256E-11,   157.14188,          NaN,         NaN
  4180.0,  4.003837E-5,   246.77854,  9.212409E-5,   449.90046, 8.166145E-12,   158.40110,          NaN,         NaN
  4185.0,  6.323867E-5,   247.21817,  4.279941E-5,   451.06743, 9.841904E-12,   158.61515,          NaN,         NaN
  4190.0,  4.303908E-5,   246.17176,  4.898726E-5,   449.31869, 7.327811E-12,   157.57176,          NaN,         NaN
  4195.0,  4.583873E-5,   245.34012,  3.903024E-5,   451.06654, 9.187361E-12,   158.77305,          NaN,         NaN
  4200.0,  9.325041E-5,   244.43357,  1.479101E-4,   451.26731, 1.417587E-11,   160.08663,          NaN,         NaN
  4205.0,  6.369646E-5,   245.12620,  1.788188E-4,   448.54593, 8.609344E-12,   157.88447,          NaN,         NaN
  4210.0,  3.828784E-5,   247.13839,  1.183228E-4,   450.91059, 1.387387E-11,   156.52346,          NaN,         NaN
  4215.0,  4.122907E-5,   246.80918,  6.066005E-5,   450.36622, 5.082579E-12,   155.67999,          NaN,         NaN
  4220.0,  4.604768E-5,   246.48737,  3.018117E-5,   450.07192, 5.085743E-12,   156.16814,          NaN,         NaN
  4225.0,  4.182205E-5,   247.87045,  7.143820E-5,   451.18850, 1.477188E-11,   155.79358,          NaN,         NaN
  4230.0,  6.064497E-5,   246.13286,  1.573653E-4,   453.46950, 7.957415E-12,   156.54061,          NaN,         NaN
  4235.0,  3.639032E-5,   244.98466,  2.176688E-4,   456.05536, 1.105824E-11,   158.07708,          NaN,         NaN
  4240.0,  5.275727E-5,   243.46740,  7.225864E-5,   457.74720, 4.811223E-12,   158.82730,          NaN,         NaN
  4245.0,  3.331141E-5,   244.29989,  1.647605E-4,   460.29470, 8.269050E-12,   158.90213,          NaN,         NaN
  4250.0,  3.189044E-5,   244.43321,  3.577900E-4,   462.11155, 8.517349E-12,   159.92634,          NaN,         NaN
  4255.0,  5.973061E-5,   242.77322,  4.259570E-4,   463.08003, 4.752306E-12,   160.90754,          NaN,         NaN
  4260.0,  5.298398E-5,   244.94824,  4.859406E-4,   463.77037, 7.169905E-12,   161.51077,          NaN,         NaN
  4265.0,  8.516374E-5,   243.66702,  4.814399E-4,   464.48707, 1.517114E-11,   160.65258,          NaN,         NaN
  4270.0,  5.328019E-5,   243.27509,  5.061883E-4,   465.07987, 1.483465E-11,   160.60212,          NaN,         NaN
  4275.0,  1.890350E-5,   243.47192,  5.295861E-4,   465.58362, 1.150600E-11,   161.18474,          NaN,         NaN
  4280.0,  4.438332E-5,   243.51258,  4.994265E-4,   466.09176, 1.898882E-11,   160.06704,          NaN,         NaN
  4285.0,  7.355166E-5,   243.74249,  5.666013E-4,   466.53947, 8.549164E-12,   159.42366,          NaN,         NaN
  4290.0,  5.491746E-5,   244.95373,  5.546575E-4,   467.15120, 9.654194E-12,   158.85061,          NaN,         NaN
  4295.0,  4.444933E-5,   243.89908,  5.194583E-4,   467.60684, 9.073663E-12,   160.41739,          NaN,         NaN
  4300.0,  2.972608E-5,   244.11698,  5.398596E-4,   468.01577, 9.456884E-12,   159.54778,          NaN,         NaN
  4305.0,  5.171493E-5,   243.36807,  5.173572E-4,   468.55998, 9.854885E-12,   160.15165,          NaN,         NaN
  4310.0,  3.413306E-5,   243.59301,  5.062613E-4,   468.96238, 1.276467E-11,   160.14038,          NaN,         NaN
  4315.0,  4.232475E-5,   242.06646,  4.713185E-4,   469.40606, 1.044705E-11,   162.06530,          NaN,         NaN
  4320.0,  6.766814E-5,   241.93370,  5.534212E-4,   469.83744, 1.010315E-11,   163.24289,          NaN,         NaN
  4325.0,  3.901808E-5,   243.20282,  4.435955E-4,   470.43151, 1.361848E-11,   163.97484,          NaN,         NaN
  4330.0,  3.087054E-5,   243.97702,  4.486919E-4,   470.86342, 6.059826E-12,   163.82987,          NaN,         NaN
  4335.0,  5.289756E-5,   243.44900,  4.518394E-4,   471.15331, 1.955566E-11,   162.41102,          NaN,         NaN
  4340.0,  7.111859E-5,   243.55120,  4.454076E-4,   471.62251, 6.001232E-12,   162.21048,          NaN,         NaN
  4345.0,  7.205312E-5,   243.94192,  3.536310E-4,   472.26801, 1.408364E-11,   162.78137,          NaN,         NaN
  4350.0,  3.666568E-5,   245.65942,  3.719786E-4,   472.59393, 8.154283E-12,   161.75101,          NaN,         NaN
  4355.0,  4.134906E-5,   245.62284,  3.378111E-4,   472.87032, 7.954730E-12,   161.80695,          NaN,         NaN
  4360.0,  3.736374E-5,   244.86541,  4.232251E-4,   473.38198, 1.235688E-11,   161.42905,          NaN,         NaN
  4365.0,  4.843042E-5,   245.90378,  3.307477E-4,   474.02643, 1.726167E-11,   159.69494,          NaN,         NaN
  4370.0,  6.602780E-5,   244.48196,  3.527977E-4,   474.52006, 7.960848E-12,   157.89179,          NaN,         NaN
  4375.0,  4.307067E-5,   246.00894,  3.508164E-4,   474.96384, 1.051844E-11,   158.08204,          NaN,         NaN
  4380.0,  3.819017E-5,   247.15697,  3.116781E-4,   475.57324, 8.312536E-12,   158.13838,          NaN,         NaN
  4385.0,  5.054447E-5,   246.94617,  3.077538E-4,   475.99696, 7.864725E-12,   157.51642,          NaN,         NaN
  4390.0,  3.949876E-5,   247.29436,  3.001460E-4,   476.76341, 8.342168E-12,   157.69861,          NaN,         NaN
  4395.0,  5.489722E-5,   246.12767,  3.143418E-4,   477.02429, 1.274786E-11,   157.66767,          NaN,         NaN
  4400.0,  2.686206E-5,   246.51056,  3.332617E-4,   477.77945, 8.155132E-12,   157.20483,          NaN,         NaN
  4405.0,  3.026778E-5,   246.84030,  2.944567E-4,   478.40144, 7.954620E-12,   156.49209,          NaN,         NaN
  4410.0,  6.156077E-5,   245.70887,  2.691709E-4,   478.94327, 1.620489E-11,   156.27117,          NaN,         NaN
  4415.0,  5.038879E-5,   243.72206,  3.019751E-4,   479.64907, 1.043519E-11,   158.23364,          NaN,         NaN
  4420.0,  3.244256E-5,   242.11351,  3.055620E-4,   480.21300, 8.786027E-12,   159.45136,          NaN,         NaN
  4425.0,  4.880892E-5,   242.64226,  2.734859E-4,   480.73367, 8.063134E-12,   159.85899,          NaN,         NaN
  4430.0,  3.312054E-5,   242.98653,  3.071342E-4,   481.64648, 1.323869E-11,   160.23515,          NaN,         NaN
  4435.0,  4.057556E-5,   243.93510,  2.717124E-4,   482.38354, 8.461459E-12,   160.83591,          NaN,         NaN
  4440.0,  4.216229E-5,   245.32922,  2.296695E-4,   483.45112, 1.312128E-11,   161.01588,          NaN,         NaN
  4445.0,  3.877782E-5,   246.61069,  1.461115E-4,   484.17166, 1.452444E-11,   160.74697,          NaN,         NaN
  4450.0,  6.293429E-5,   244.87284,  9.357424E-5,   485.72532, 6.948918E-12,   160.67864,          NaN,         NaN
  4455.0,  2.839734E-5,   246.12678,  8.523655E-5,   488.10799, 9.913847E-12,   160.42428,          NaN,         NaN
  4460.0,  3.516823E-5,   245.31316,  4.360363E-5,   487.47172, 9.988774E-12,   158.32444,          NaN,         NaN
  4465.0,  7.910127E-5,   244.30676,  5.712355E-5,   488.23280, 5.810697E-12,   158.31729,          NaN,         NaN
  4470.0,  2.875299E-5,   242.41933,  5.845325E-5,   489.15469, 5.495264E-12,   157.78888,          NaN,         NaN
  4475.0,  3.940329E-5,   241.21206,  5.589269E-5,   489.77477, 3.495066E-12,   157.85760,          NaN,         NaN
  4480.0,  4.362256E-5,   241.08013,  5.494314E-5,   489.30769, 1.085041E-11,   157.86799,          NaN,         NaN
  4485.0,  3.047305E-5,   241.26285,  1.535056E-4,   491.07959, 1.247662E-11,   157.86706,          NaN,         NaN
  4490.0,  4.633277E-5,   241.13865,  3.586549E-5,   490.04169, 1.859742E-11,   158.21971,          NaN,         NaN
  4495.0,  4.552469E-5,   240.63585,  4.029472E-5,   488.39076, 7.809028E-12,   157.42726,          NaN,         NaN
  4500.0,  2.979754E-5,   240.35216,  3.711005E-5,   488.62265, 5.578380E-12,   157.39165,          NaN,         NaN
  4505.0,  3.023231E-5,   239.58305,  4.695209E-5,   487.95317, 7.941152E-12,   156.61898,          NaN,         NaN
  4510.0,  6.177694E-5,   241.07108,  3.659672E-5,   487.50293, 8.772607E-12,   156.56551,          NaN,         NaN
  4515.0,  5.724643E-5,   241.92197,  4.740067E-5,   487.64367, 8.423280E-12,   158.09481,          NaN,         NaN
  4520.0,  5.617957E-5,   242.10503,  6.117056E-5,   487.40139, 1.027181E-11,   157.70207,          NaN,         NaN
  4525.0,  3.437885E-5,   244.08686,  5.052636E-5,   488.43655, 6.547705E-12,   159.17134,          NaN,         NaN
  4530.0,  6.185814E-5,   244.14503,  4.651419E-5,   487.55119, 1.206602E-11,   158.70514,          NaN,         NaN
  4535.0,  3.298305E-5,   242.54992,  5.306187E-5,   487.61951, 7.776837E-12,   158.76481,          NaN,         NaN
  4540.0,  3.974689E-5,   242.93835,  6.406535E-5,   487.84556, 1.797702E-11,   157.95551,          NaN,         NaN
  4545.0,  4.986005E-5,   242.44782,  4.937909E-5,   488.59421, 1.286203E-11,   156.10307,          NaN,         NaN
  4550.0,  4.418290E-5,   244.30496,  1.081028E-4,   487.93603, 7.777059E-12,   154.69467,          NaN,         NaN
  4555.0,  3.106826E-5,   244.51392,  1.115717E-4,   489.85395, 6.510254E-12,   155.24930,          NaN,         NaN
  4560.0,  3.984227E-5,   244.73672,  1.115343E-4,   491.94159, 6.518817E-12,   156.15531,          NaN,         NaN
  4565.0,  5.706501E-5,   245.50807,  1.773264E-4,   493.21759, 8.719623E-12,   157.41002,          NaN,         NaN
  4570.0,  4.324803E-5,   246.60598,  1.812180E-4,   494.80165, 5.526192E-12,   157.62430,          NaN,         NaN
  4575.0,  6.604268E-5,   248.42745,  1.064485E-4,   495.33719, 8.387603E-12,   157.60820,          NaN,         NaN
  4580.0,  4.056316E-5,   247.76968,  1.550265E-4,   496.74194, 3.952236E-12,   157.33653,          NaN,         NaN
  4585.0,  5.631747E-5,   247.41703,  5.165663E-5,   499.30509, 9.266803E-12,   156.82302,          NaN,         NaN
  4590.0,  6.482287E-5,   247.09759,  6.257254E-5,   501.26180, 7.878123E-12,   157.45725,          NaN,         NaN
  4595.0,  4.821034E-5,   245.34377,  3.637801E-5,   501.62882, 1.254267E-11,   158.25444,          NaN,         NaN
  4600.0,  4.287326E-5,   245.39646,  7.084087E-5,   501.58714, 1.195995E-11,   156.49978,          NaN,         NaN
  4605.0,  2.668928E-5,   246.58805,  4.207406E-5,   502.74213, 1.300864E-11,   155.43313,          NaN,         NaN
  4610.0,  4.289039E-5,   247.58043,  4.120418E-5,   503.40095, 8.560643E-12,   156.30664,          NaN,         NaN
  4615.0,  2.918181E-5,   249.38817,  1.245922E-4,   503.01070, 7.878884E-12,   156.54075,          NaN,         NaN
  4620.0,  2.316462E-5,   248.31255,  9.528400E-5,   504.99681, 1.272226E-11,   155.28501,          NaN,         NaN
  4625.0,  2.642517E-5,   247.10811,  8.413809E-5,   506.77767, 7.699153E-12,   156.59877,          NaN,         NaN
  4630.0,  7.877759E-5,   246.71171,  1.100044E-4,   508.46791, 9.561285E-12,   157.13436,          NaN,         NaN
  4635.0,  2.966584E-5,   246.07391,  1.067423E-4,   509.24483, 9.344400E-12,   157.12294,          NaN,         NaN
  4640.0,  2.848301E-5,   246.27174,  1.714658E-4,   509.58979, 9.174671E-12,   157.86273,          NaN,         NaN
  4645.0,  4.829901E-5,   246.26381,  1.546191E-4,   510.50022, 1.313555E-11,   155.92475,          NaN,         NaN
  4650.0,  7.730497E-5,   245.27632,  1.853059E-4,   511.14860, 1.569593E-11,   157.36693,          NaN,         NaN
  4655.0,  3.372615E-5,   245.67186,  1.550599E-4,   511.69297, 6.171760E-12,   158.86093,          NaN,         NaN
  4660.0,  3.556403E-5,   244.55824,  1.742420E-4,   512.38268, 8.200710E-12,   158.50670,          NaN,         NaN
  4665.0,  4.539401E-5,   244.93274,  1.626882E-4,   513.10916, 4.228090E-12,   158.06033,          NaN,         NaN
  4670.0,  3.186359E-5,   246.88878,  1.260604E-4,   513.66358, 1.499937E-11,   157.75132,          NaN,         NaN
  4675.0,  6.787575E-5,   247.69121,  1.567358E-4,   514.41676, 5.457685E-12,   157.73650,          NaN,         NaN
  4680.0,  1.619498E-5,   247.25121,  1.028075E-4,   515.32141, 7.930167E-12,   156.81119,          NaN,         NaN
  4685.0,  2.288832E-5,   247.45851,  6.600764E-5,   516.96122, 1.003181E-11,   156.96718,          NaN,         NaN
  4690.0,  3.621681E-5,   248.69935,  4.771368E-5,   519.01329, 1.096610E-11,   155.80691,          NaN,         NaN
  4695.0,  5.378375E-5,   246.91077,  3.454493E-5,   519.84368, 8.944347E-12,   157.18181,          NaN,         NaN
  4700.0,  7.787231E-5,   248.12283,  9.057506E-5,   521.18244, 1.332501E-11,   155.58777,          NaN,         NaN
  4705.0,  2.671807E-5,   247.79082,  8.540126E-5,   522.52622, 5.307723E-12,   157.43237,          NaN,         NaN
  4710.0,  2.482278E-5,   247.69168,  1.159130E-4,   524.20295, 6.935563E-12,   157.55414,          NaN,         NaN
  4715.0,  3.547203E-5,   247.29198,  8.001749E-5,   525.31264, 1.643183E-11,   156.77937,          NaN,         NaN
  4720.0,  2.891031E-5,   248.30053,  6.681742E-5,   524.94699, 1.341703E-11,   155.27579,          NaN,         NaN
  4725.0,  4.553417E-5,   248.75734,  3.690559E-5,   525.25522, 4.658694E-12,   156.68060,          NaN,         NaN
  4730.0,  2.594727E-5,   247.11701,  5.734683E-5,   526.09172, 7.623126E-12,   156.25461,          NaN,         NaN
  4735.0,  7.837686E-5,   246.03465,  3.920507E-5,   527.31389, 9.241903E-12,   157.47049,          NaN,         NaN
  4740.0,  8.040038E-5,   248.53692,  5.180215E-5,   526.95536, 9.021053E-12,   157.42015,          NaN,         NaN
  4745.0,  3.881467E-5,   246.80141,  4.259133E-5,   526.77226, 1.230303E-11,   158.79982,          NaN,         NaN
  4750.0,  3.993466E-5,   245.68110,  8.088011E-5,   528.19411, 6.375837E-12,   158.89746,          NaN,         NaN
  4755.0,  5.660345E-5,   244.96018,  7.704549E-5,   530.04913, 1.000937E-11,   159.25010,          NaN,         NaN
  4760.0,  3.841361E-5,   243.50415,  5.655725E-5,   531.18620, 1.747606E-11,   161.18626,          NaN,         NaN
  4765.0,  4.491843E-5,   244.53992,  3.722328E-5,   530.78525, 1.135946E-11,   161.60905,          NaN,         NaN
  4770.0,  4.240619E-5,   246.06547,  9.060442E-5,   532.48844, 7.595584E-12,   160.18594,          NaN,         NaN
  4775.0,  3.931029E-5,   246.30968,  1.251098E-4,   533.36646, 1.042965E-11,   159.29379,          NaN,         NaN
  4780.0,  4.006995E-5,   245.72330,  1.183567E-4,   534.25064, 9.720627E-12,   160.78243,          NaN,         NaN
  4785.0,  3.390682E-5,   246.95028,  1.039317E-4,   534.91788, 5.759587E-12,   160.13405,          NaN,         NaN
  4790.0,  4.555749E-5,   249.07355,  8.317783E-5,   535.33426, 1.069816E-11,   159.07928,          NaN,         NaN
  4795.0,  3.102862E-5,   250.19839,  9.007360E-5,   535.67678, 1.018732E-11,   158.48186,          NaN,         NaN
  4800.0,  6.926258E-5,   249.62387,  9.939759E-5,   536.43829, 1.082310E-11,   158.92473,          NaN,         NaN
  4805.0,  6.821824E-5,   251.52024,  1.174600E-4,   535.64752, 8.318498E-12,   160.14011,          NaN,         NaN
  4810.0,  4.326226E-5,   252.34668,  9.980679E-5,   536.86266, 6.400173E-12,   159.14484,          NaN,         NaN
  4815.0,  4.002958E-5,   252.64689,  1.282152E-4,   537.14709, 6.886852E-12,   160.63504,          NaN,         NaN
  4820.0,  4.299537E-5,   252.61999,  1.584830E-4,   537.48381, 1.498145E-11,   161.47565,          NaN,         NaN
  4825.0,  5.002705E-5,   251.77638,  1.296130E-4,   538.13290, 1.060049E-11,   163.13349,          NaN,         NaN
  4830.0,  4.149394E-5,   250.73687,  9.130900E-5,   538.40213, 8.375390E-12,   164.13374,          NaN,         NaN
  4835.0,  2.861471E-5,   250.77604,  9.479281E-5,   538.82713, 1.530782E-11,   162.84861,          NaN,         NaN
  4840.0,  4.040452E-5,   252.45769,  8.775910E-5,   538.92075, 8.069294E-12,   161.96213,          NaN,         NaN
  4845.0,  3.228594E-5,   253.18920,  1.076472E-4,   539.45277, 7.367410E-12,   162.59666,          NaN,         NaN
  4850.0,  7.046840E-5,   253.32559,  5.291394E-5,   538.69069, 6.263518E-12,   164.27367,          NaN,         NaN
  4855.0,  5.130704E-5,   252.40073,  7.974508E-5,   539.55538, 1.169605E-11,   165.38459,          NaN,         NaN
  4860.0,  2.464919E-5,   253.58142,  1.264209E-4,   540.52321, 9.248267E-12,   164.94352,          NaN,         NaN
  4865.0,  4.654771E-5,   253.40738,  7.029475E-5,   540.99076, 9.086087E-12,   165.28761,          NaN,         NaN
  4870.0,  2.935115E-5,   254.91646,  1.216263E-4,   541.46489, 1.445111E-11,   166.45116,          NaN,         NaN
  4875.0,  3.505832E-5,   253.41370,  8.383801E-5,   541.96546, 8.653353E-12,   167.13181,          NaN,         NaN
  4880.0,  5.723481E-5,   254.82961,  1.117102E-4,   542.16302, 6.443094E-12,   167.85464,          NaN,         NaN
  4885.0,  2.764692E-5,   255.43257,  9.448472E-5,   542.90964, 8.489880E-12,   166.44472,          NaN,         NaN
  4890.0,  4.003275E-5,   256.21972,  7.379056E-5,   543.90883, 1.287375E-11,   167.86352,          NaN,         NaN
  4895.0,  4.542988E-5,   254.52231,  7.043323E-5,   543.61460, 1.126285E-11,   168.78158,          NaN,         NaN
  4900.0,  2.387399E-5,   255.14270,  3.577348E-5,   544.20193, 1.097660E-11,   169.90343,          NaN,         NaN
  4905.0,  6.079972E-5,   255.65202,  7.847108E-5,   544.85962, 7.867805E-12,   168.27713,          NaN,         NaN
  4910.0,  3.030450E-5,   254.64186,  7.474747E-5,   545.00086, 1.185425E-11,   166.57998,          NaN,         NaN
  4915.0,  4.754353E-5,   256.33494,  1.028592E-4,   545.89455, 6.678138E-12,   166.00595,          NaN,         NaN
  4920.0,  6.511169E-5,   255.75129,  3.933019E-5,   546.38412, 9.526069E-12,   166.05718,          NaN,         NaN
  4925.0,  4.502158E-5,   257.47530,  8.512185E-5,   545.91505, 6.305074E-12,   166.36016,          NaN,         NaN
  4930.0,  7.258628E-5,   257.69515,  4.577160E-5,   546.93333, 8.736468E-12,   165.82623,          NaN,         NaN
  4935.0,  2.828028E-5,   258.18247,  7.165967E-5,   546.52682, 9.148896E-12,   164.63238,          NaN,         NaN
  4940.0,  2.716394E-5,   258.69512,  8.043325E-5,   548.02250, 1.354059E-11,   163.67890,          NaN,         NaN
  4945.0,  3.375223E-5,   258.83700,  9.561476E-5,   547.78186, 5.284052E-12,   162.91533,          NaN,         NaN
  4950.0,  5.200700E-5,   257.77287,  1.081202E-4,   548.44388, 7.815292E-12,   162.52113,          NaN,         NaN
  4955.0,  5.624340E-5,   259.36319,  5.739699E-5,   549.72238, 6.361619E-12,   161.50379,          NaN,         NaN
  4960.0,  2.884816E-5,   259.29776,  3.576665E-5,   549.58063, 9.222173E-12,   162.92706,          NaN,         NaN
  4965.0,  3.290823E-5,   259.66336,  3.692468E-5,   550.24443, 8.313215E-12,   164.42251,          NaN,         NaN
  4970.0,  2.522617E-5,   258.89716,  7.922430E-5,   550.94529, 7.633869E-12,   164.24584,          NaN,         NaN
  4975.0,  4.910634E-5,   259.17191,  9.408232E-5,   550.84688, 1.660451E-11,   165.08141,          NaN,         NaN
  4980.0,  2.861338E-5,   258.46079,  3.659763E-5,   549.56281, 1.081126E-11,   165.38602,          NaN,         NaN
  4985.0,  2.682036E-5,   257.61958,  8.071618E-5,   548.25241, 8.270672E-12,   165.18355,          NaN,         NaN
  4990.0,  4.188626E-5,   255.84264,  4.400996E-5,   549.75334, 9.563714E-12,   163.59617,          NaN,         NaN
  4995.0,  4.921231E-5,   255.65164,  4.498664E-5,   550.70197, 8.022100E-12,   162.64464,          NaN,         NaN
  5000.0,  3.339167E-5,   256.52580,  3.772349E-5,   549.68427, 7.391618E-12,   162.96385,          NaN,         NaN
  5005.0,  6.146183E-5,   255.52707,  7.165145E-5,   549.32380, 4.580576E-12,   163.37133,          NaN,         NaN
  5010.0,  2.300231E-5,   256.31471,  3.920561E-5,   550.68159, 5.342393E-12,   162.66061,          NaN,         NaN
  5015.0,  3.681525E-5,   256.90546,  7.837362E-5,   552.18961, 7.529281E-12,   163.82521,          NaN,         NaN
  5020.0,  4.217141E-5,   254.98771,  4.545756E-5,   552.41021, 1.073213E-11,   163.31633,          NaN,         NaN
  5025.0,  3.822074E-5,   254.92243,  2.944727E-5,   553.01176, 1.142355E-11,   165.24327,          NaN,         NaN
  5030.0,  2.923499E-5,   254.88326,  4.329090E-5,   553.07612, 8.796653E-12,   166.19770,          NaN,         NaN
  5035.0,  2.633620E-5,   254.55079,  1.009428E-4,   554.23897, 6.234931E-12,   166.50344,          NaN,         NaN
  5040.0,  4.678962E-5,   254.17764,  1.192485E-4,   554.76586, 8.366112E-12,   165.38387,          NaN,         NaN
  5045.0,  2.893381E-5,   255.36701,  1.082726E-4,   555.77930, 1.272617E-11,   165.07704,          NaN,         NaN
  5050.0,  4.318870E-5,   257.24908,  8.256425E-5,   556.47761, 1.061388E-11,   166.78408,          NaN,         NaN
  5055.0,  3.850738E-5,   257.13122,  7.026178E-5,   556.59338, 1.343655E-11,   168.65772,          NaN,         NaN
  5060.0,  2.455022E-5,   256.91770,  1.046229E-4,   557.09332, 7.512830E-12,   170.00601,          NaN,         NaN
  5065.0,  4.006406E-5,   256.77044,  5.716577E-5,   557.76454, 1.628985E-11,   171.63630,          NaN,         NaN
  5070.0,  5.039548E-5,   255.13854,  1.238240E-4,   559.01637, 7.895112E-12,   171.85708,          NaN,         NaN
  5075.0,  3.875633E-5,   253.86376,  7.199111E-5,   559.48988, 8.811673E-12,   171.68837,          NaN,         NaN
  5080.0,  6.220211E-5,   255.72581,  3.728125E-5,   559.26240, 1.296906E-11,   172.46932,          NaN,         NaN
  5085.0,  4.372692E-5,   254.57930,  6.795201E-5,   559.12564, 1.148065E-11,   172.48849,          NaN,         NaN
  5090.0,  3.340781E-5,   254.39791,  4.777114E-5,   557.01260, 8.160772E-12,   172.59878,          NaN,         NaN
  5095.0,  4.351052E-5,   254.64087,  4.582865E-5,   555.47987, 7.553631E-12,   171.60274,          NaN,         NaN
  5100.0,  6.650847E-5,   254.95198,  4.998378E-5,   555.48172, 6.498204E-12,   170.92364,          NaN,         NaN
  5105.0,  4.975171E-5,   256.66372,  3.863515E-5,   554.53472, 1.420296E-11,   171.78122,          NaN,         NaN
  5110.0,  4.928287E-5,   256.71755,  3.175123E-5,   554.43564, 7.781140E-12,   172.56250,          NaN,         NaN
  5115.0,  4.412237E-5,   255.42295,  5.695949E-5,   555.54471, 5.218250E-12,   172.08034,          NaN,         NaN
  5120.0,  8.145369E-5,   256.61314,  5.094176E-5,   555.79102, 8.096191E-12,   172.36899,          NaN,         NaN
  5125.0,  5.558976E-5,   257.50880,  3.979620E-5,   555.11367, 7.931227E-12,   172.42763,          NaN,         NaN
  5130.0,  2.412043E-5,   257.61117,  6.098874E-5,   555.31819, 8.974007E-12,   171.83951,          NaN,         NaN
  5135.0,  3.727864E-5,   258.13382,  8.311505E-5,   555.75697, 1.313500E-11,   170.44395,          NaN,         NaN
  5140.0,  2.821379E-5,   258.30590,  5.407599E-5,   557.91819, 1.620106E-11,   169.13893,          NaN,         NaN
  5145.0,  2.589544E-5,   258.71235,  1.041727E-4,   558.44453, 6.887912E-12,   169.80592,          NaN,         NaN
  5150.0,  4.821825E-5,   259.02506,  7.454518E-5,   559.52746, 1.074140E-11,   169.72298,          NaN,         NaN
  5155.0,  2.472240E-5,   260.22921,  1.038235E-4,   560.67437, 1.651579E-11,   171.81022,          NaN,         NaN
  5160.0,  4.814417E-5,   260.94609,  5.239782E-5,   561.15963, 1.409656E-11,   171.49561,          NaN,         NaN
  5165.0,  2.669005E-5,   262.28334,  1.028384E-4,   562.34727, 1.103318E-11,   171.67495,          NaN,         NaN
  5170.0,  4.085124E-5,   263.44112,  5.129389E-5,   563.09243, 8.360850E-12,   171.99866,          NaN,         NaN
  5175.0,  3.743804E-5,   262.72454,  8.210524E-5,   563.54996, 6.833944E-12,   172.73995,          NaN,         NaN
  5180.0,  3.897440E-5,   263.75791,  1.297774E-4,   563.72490, 8.377793E-12,   171.72750,          NaN,         NaN
  5185.0,  3.310698E-5,   263.91997,  1.083023E-4,   565.15712, 9.049648E-12,   170.26843,          NaN,         NaN
  5190.0,  3.648198E-5,   264.51230,  4.563500E-5,   566.11278, 8.181260E-12,   171.45868,          NaN,         NaN
  5195.0,  2.486138E-5,   265.28544,  4.632242E-5,   565.56462, 1.123783E-11,   171.98613,          NaN,         NaN
  5200.0,  5.015820E-5,   266.43124,  5.218662E-5,   564.98592, 6.311030E-12,   170.74240,          NaN,         NaN
  5205.0,  5.481119E-5,   264.93296,  3.278496E-5,   565.48374, 1.301961E-11,   169.93581,          NaN,         NaN
  5210.0,  4.394221E-5,   265.65783,  6.568279E-5,   565.70668, 1.350772E-11,   170.17530,          NaN,         NaN
  5215.0,  3.418628E-5,   265.73888,  3.217694E-5,   566.36731, 1.336697E-11,   168.72145,          NaN,         NaN
  5220.0,  3.442170E-5,   265.75490,  7.834720E-5,   566.91341, 8.031934E-12,   169.04923,          NaN,         NaN
  5225.0,  2.181757E-5,   265.39593,  1.196984E-4,   567.59938, 1.095820E-11,   168.09774,          NaN,         NaN
  5230.0,  3.790582E-5,   265.04169,  7.098897E-5,   568.81486, 7.026597E-12,   166.32636,          NaN,         NaN
  5235.0,  6.049393E-5,   264.07147,  1.101238E-4,   569.21857, 8.431836E-12,   166.69348,          NaN,         NaN
  5240.0,  4.764119E-5,   261.91859,  8.188934E-5,   569.98759, 5.316169E-12,   166.93723,          NaN,         NaN
  5245.0,  5.383159E-5,   262.79081,  6.987072E-5,   570.40143, 7.929678E-12,   167.34014,          NaN,         NaN
  5250.0,  3.198119E-5,   262.82824,  1.001295E-4,   570.62102, 1.191346E-11,   168.87634,          NaN,         NaN
  5255.0,  3.716921E-5,   263.26056,  7.203668E-5,   571.72253, 6.796952E-12,   169.46843,          NaN,         NaN
  5260.0,  4.523048E-5,   263.64176,  3.842112E-5,   570.12383, 1.278134E-11,   168.33532,          NaN,         NaN
  5265.0,  2.007593E-5,   262.39114,  9.243307E-5,   571.17853, 8.316217E-12,   168.43357,          NaN,         NaN
  5270.0,  2.254783E-5,   263.21285,  4.195078E-5,   572.33391, 1.629924E-11,   168.30700,          NaN,         NaN
  5275.0,  6.323887E-5,   262.88605,  4.357605E-5,   572.88052, 1.309836E-11,   166.47541,          NaN,         NaN
  5280.0,  5.823217E-5,   264.04172,  8.137498E-5,   572.78574, 8.816525E-12,   166.31474,          NaN,         NaN
  5285.0,  4.864984E-5,   263.96979,  8.584166E-5,   574.11395, 1.146735E-11,   165.31326,          NaN,         NaN
  5290.0,  4.650759E-5,   263.41040,  6.312982E-5,   573.55391, 8.051384E-12,   165.02041,          NaN,         NaN
  5295.0,  7.140029E-5,   263.90082,  7.742571E-5,   571.07833, 1.207425E-11,   165.42844,          NaN,         NaN
  5300.0,  3.203642E-5,   263.99724,  8.129625E-5,   572.24288, 8.438242E-12,   165.91381,          NaN,         NaN
  5305.0,  3.213162E-5,   262.66275,  5.390885E-5,   573.76228, 5.882327E-12,   165.65618,          NaN,         NaN
  5310.0,  1.849296E-5,   263.21845,  4.540224E-5,   574.01885, 8.921720E-12,   165.02465,          NaN,         NaN
  5315.0,  3.802134E-5,   262.98738,  4.380087E-5,   574.22069, 1.383250E-11,   164.87761,          NaN,         NaN
  5320.0,  5.733089E-5,   263.74403,  2.826202E-5,   574.57475, 1.271474E-11,   165.75286,          NaN,         NaN
  5325.0,  6.434914E-5,   264.88883,  3.389764E-5,   575.18681, 6.210102E-12,   165.61783,          NaN,         NaN
  5330.0,  8.150926E-5,   265.98779,  4.137879E-5,   576.69210, 8.674897E-12,   165.22072,          NaN,         NaN
  5335.0,  3.920909E-5,   267.47531,  1.036576E-4,   576.23444, 1.694409E-11,   165.82313,          NaN,         NaN
  5340.0,  8.023834E-5,   267.92629,  3.153541E-5,   577.28961, 9.993214E-12,   166.91799,          NaN,         NaN
  5345.0,  3.067041E-5,   268.54916,  4.264387E-5,   576.21808, 8.912369E-12,   165.60584,          NaN,         NaN
  5350.0,  3.635911E-5,   268.44690,  6.198672E-5,   574.57584, 6.435392E-12,   166.40176,          NaN,         NaN
  5355.0,  4.557900E-5,   267.01783,  6.372071E-5,   576.30018, 1.301628E-11,   167.60996,          NaN,         NaN
  5360.0,  1.738811E-5,   266.54323,  6.930154E-5,   575.67352, 9.494018E-12,   166.81450,          NaN,         NaN
  5365.0,  2.833588E-5,   267.03883,  8.740090E-5,   576.10150, 1.132614E-11,   167.43928,          NaN,         NaN
  5370.0,  3.293791E-5,   267.43667,  4.070027E-5,   576.11593, 7.399959E-12,   167.07315,          NaN,         NaN
  5375.0,  2.838920E-5,   267.41000,  9.124686E-5,   576.74746, 1.032270E-11,   166.06573,          NaN,         NaN
  5380.0,  3.500048E-5,   266.94989,  1.088973E-4,   577.45656, 9.925538E-12,   165.51304,          NaN,         NaN
  5385.0,  5.254578E-5,   266.03912,  7.753679E-5,   577.74152, 1.146979E-11,   163.60879,          NaN,         NaN
  5390.0,  4.699885E-5,   266.84653,  1.053383E-4,   578.47128, 5.186363E-12,   164.08391,          NaN,         NaN
  5395.0,  4.755754E-5,   264.68717,  1.194993E-4,   578.69358, 9.879332E-12,   163.98504,          NaN,         NaN
  5400.0,  2.050064E-5,   264.61386,  7.375669E-5,   580.08088, 7.441919E-12,   164.66378,          NaN,         NaN
  5405.0,  4.727277E-5,   265.49583,  8.945165E-5,   580.16536, 8.555486E-12,   164.99740,          NaN,         NaN
  5410.0,  4.538773E-5,   267.15231,  5.471571E-5,   580.71907, 9.626189E-12,   164.02795,          NaN,         NaN
  5415.0,  4.071804E-5,   267.55098,  4.739658E-5,   581.92317, 7.995340E-12,   163.06708,          NaN,         NaN
  5420.0,  5.079285E-5,   266.57136,  6.622845E-5,   582.70115, 8.467619E-12,   162.78865,          NaN,         NaN
  5425.0,  4.526870E-5,   266.74546,  8.577058E-5,   584.55385, 1.012510E-11,   163.64216,          NaN,         NaN
  5430.0,  5.763133E-5,   267.47817,  3.567924E-5,   585.36661, 6.374785E-12,   163.60939,          NaN,         NaN
  5435.0,  2.860129E-5,   267.88732,  4.065585E-5,   585.72024, 9.525883E-12,   164.34226,          NaN,         NaN
  5440.0,  2.914555E-5,   268.66575,  4.471792E-5,   585.76764, 1.164593E-11,   164.33296,          NaN,         NaN
  5445.0,  3.812854E-5,   269.88566,  7.958243E-5,   586.05380, 7.071630E-12,   165.59120,          NaN,         NaN
  5450.0,  2.440304E-5,   269.72324,  8.752575E-5,   586.39059, 6.226501E-12,   165.96705,          NaN,         NaN
  5455.0,  5.051802E-5,   270.01438,  8.009450E-5,   587.39187, 7.582429E-12,   167.33956,          NaN,         NaN
  5460.0,  6.192663E-5,   271.50577,  5.501292E-5,   587.91683, 6.309238E-12,   167.44051,          NaN,         NaN
  5465.0,  3.228721E-5,   272.29213,  1.036082E-4,   588.41785, 5.552983E-12,   166.67245,          NaN,         NaN
  5470.0,  3.925872E-5,   273.88297,  1.084343E-4,   589.20669, 5.388349E-12,   166.32665,          NaN,         NaN
  5475.0,  3.236012E-5,   272.49646,  5.035047E-5,   589.78476, 6.010904E-12,   165.85407,          NaN,         NaN
  5480.0,  3.673796E-5,   273.15125,  4.234734E-5,   590.67750, 7.046285E-12,   167.20082,          NaN,         NaN
  5485.0,  3.484376E-5,   271.85349,  3.958041E-5,   590.75391, 8.753626E-12,   168.23625,          NaN,         NaN
  5490.0,  2.267859E-5,   271.03953,  4.482223E-5,   590.51614, 7.723146E-12,   169.02063,          NaN,         NaN
  5495.0,  3.463667E-5,   270.80251,  4.738819E-5,   590.66292, 1.016515E-11,   170.59268,          NaN,         NaN
  5500.0,  4.988961E-5,   269.37965,  7.942078E-5,   588.52331, 6.858968E-12,   168.91373,          NaN,         NaN
  5505.0,  3.551424E-5,   269.63754,  3.715366E-5,   588.84738, 6.606365E-12,   167.92211,          NaN,         NaN
  5510.0,  4.872398E-5,   271.65368,  4.260809E-5,   589.63576, 8.209025E-12,   166.06833,          NaN,         NaN
  5515.0,  4.643183E-5,   272.75499,  5.061208E-5,   589.27105, 5.788347E-12,   165.79149,          NaN,         NaN
  5520.0,  3.032192E-5,   274.04732,  3.739333E-5,   589.26831, 9.122076E-12,   165.54351,          NaN,         NaN
  5525.0,  3.357889E-5,   274.87616,  7.168686E-5,   590.93174, 9.256590E-12,   165.50528,          NaN,         NaN
  5530.0,  3.112096E-5,   273.95511,  3.240994E-5,   591.61933, 5.421087E-12,   164.69573,          NaN,         NaN
  5535.0,  2.970851E-5,   275.48371,  8.367015E-5,   591.79054, 6.518726E-12,   164.52309,          NaN,         NaN
  5540.0,  3.231188E-5,   274.30153,  8.957691E-5,   591.97521, 7.842997E-12,   164.67592,          NaN,         NaN
  5545.0,  3.076862E-5,   273.48413,  5.331806E-5,   593.03864, 7.899147E-12,   163.79245,          NaN,         NaN
  5550.0,  5.639667E-5,   271.74232,  1.162931E-4,   592.76421, 1.292272E-11,   164.09051,          NaN,         NaN
  5555.0,  2.987377E-5,   271.22835,  8.287928E-5,   593.44420, 1.782838E-11,   166.14986,          NaN,         NaN
  5560.0,  4.267599E-5,   270.38574,  7.955435E-5,   594.08975, 1.020701E-11,   166.78035,          NaN,         NaN
  5565.0,  3.343405E-5,   271.29679,  5.051944E-5,   593.77180, 4.942819E-12,   165.55420,          NaN,         NaN
  5570.0,  2.696493E-5,   271.18571,  6.665569E-5,   593.82869, 6.275820E-12,   165.35023,          NaN,         NaN
  5575.0,  2.939614E-5,   271.71151,  9.292872E-5,   593.57072, 1.507678E-11,   165.52425,          NaN,         NaN
  5580.0,  3.534154E-5,   271.04058,  7.198201E-5,   595.10393, 9.576931E-12,   166.50226,          NaN,         NaN
  5585.0,  4.250106E-5,   272.63528,  6.249327E-5,   595.33448, 1.173985E-11,   167.94384,          NaN,         NaN
  5590.0,  5.039891E-5,   272.25906,  7.413109E-5,   596.30770, 5.704187E-12,   167.61144,          NaN,         NaN
  5595.0,  3.084274E-5,   271.63693,  6.682337E-5,   595.68156, 1.001047E-11,   167.99261,          NaN,         NaN
  5600.0,  3.253016E-5,   270.61298,  8.341174E-5,   596.58164, 1.130494E-11,   166.60924,          NaN,         NaN
  5605.0,  4.302003E-5,   269.59292,  7.078090E-5,   597.02339, 1.240202E-11,   166.45023,          NaN,         NaN
  5610.0,  4.515799E-5,   270.63689,  4.728748E-5,   597.78045, 1.085808E-11,   164.30321,          NaN,         NaN
  5615.0,  4.121602E-5,   271.19946,  4.979396E-5,   596.70167, 6.696676E-12,   164.28012,          NaN,         NaN
  5620.0,  4.932539E-5,   271.38402,  6.776025E-5,   597.37748, 7.152849E-12,   163.17723,          NaN,         NaN
  5625.0,  5.997349E-5,   272.55706,  5.659464E-5,   597.06308, 8.037440E-12,   164.69661,          NaN,         NaN
  5630.0,  4.108214E-5,   273.55820,  6.049138E-5,   596.23249, 1.215805E-11,   165.37991,          NaN,         NaN
  5635.0,  4.975938E-5,   275.71771,  4.597562E-5,   597.54895, 4.411094E-12,   166.72817,          NaN,         NaN
  5640.0,  5.399887E-5,   273.45646,  3.189756E-5,   597.11654, 8.218814E-12,   167.50687,          NaN,         NaN
  5645.0,  4.465041E-5,   274.57644,  5.616008E-5,   598.14176, 9.009674E-12,   168.88143,          NaN,         NaN
  5650.0,  4.235669E-5,   275.03202,  3.519436E-5,   599.12162, 1.518702E-11,   170.44829,          NaN,         NaN
  5655.0,  3.561431E-5,   274.50568,  3.611771E-5,   599.02063, 7.228807E-12,   172.14320,          NaN,         NaN
  5660.0,  2.923174E-5,   275.73121,  5.606853E-5,   597.81911, 7.334583E-12,   170.16462,          NaN,         NaN
  5665.0,  3.539168E-5,   275.74036,  5.484072E-5,   598.39628, 5.899109E-12,   169.10214,          NaN,         NaN
  5670.0,  5.269801E-5,   276.75236,  5.004538E-5,   598.82997, 1.003990E-11,   169.23864,          NaN,         NaN
  5675.0,  5.537899E-5,   278.40172,  4.868800E-5,   600.15159, 6.602320E-12,   168.68264,          NaN,         NaN
  5680.0,  3.776603E-5,   277.58468,  6.143424E-5,   599.68502, 1.225648E-11,   169.85374,          NaN,         NaN
  5685.0,  5.682108E-5,   278.51647,  4.998826E-5,   599.26862, 1.221620E-11,   172.22065,          NaN,         NaN
  5690.0,  3.145572E-5,   279.55721,  4.443037E-5,   600.41072, 1.362989E-11,   171.07802,          NaN,         NaN
  5695.0,  5.295855E-5,   279.37118,  3.500639E-5,   600.90517, 9.588283E-12,   172.51767,          NaN,         NaN
  5700.0,  3.294431E-5,   278.16511,  6.022194E-5,   600.15469, 8.356553E-12,   172.07304,          NaN,         NaN
  5705.0,  2.224476E-5,   277.85582,  4.296034E-5,   599.85209, 4.772259E-12,   171.22969,          NaN,         NaN
  5710.0,  3.215734E-5,   277.65634,  4.593451E-5,   600.98451, 1.209072E-11,   170.21473,          NaN,         NaN
  5715.0,  2.628487E-5,   277.27093,  2.640803E-5,   601.15263, 9.609313E-12,   170.61433,          NaN,         NaN
  5720.0,  2.984647E-5,   276.44423,  5.779172E-5,   601.91392, 9.999731E-12,   171.38768,          NaN,         NaN
  5725.0,  4.413125E-5,   275.22283,  4.301453E-5,   602.04312, 8.027193E-12,   172.60525,          NaN,         NaN
  5730.0,  2.798709E-5,   274.44370,  3.812655E-5,   602.83139, 7.971209E-12,   170.71575,          NaN,         NaN
  5735.0,  3.553922E-5,   273.98457,  4.600828E-5,   602.82286, 1.324160E-11,   169.95948,          NaN,         NaN
  5740.0,  4.970992E-5,   272.96379,  3.663054E-5,   603.56737, 1.235854E-11,   169.79708,          NaN,         NaN
  5745.0,  2.840415E-5,   272.96809,  6.356156E-5,   602.84708, 1.030794E-11,   168.50976,          NaN,         NaN
  5750.0,  3.797372E-5,   272.19867,  2.918309E-5,   601.70200, 1.271405E-11,   170.14845,          NaN,         NaN
  5755.0,  3.588341E-5,   273.69002,  3.009725E-5,   602.67957, 6.955269E-12,   169.72518,          NaN,         NaN
  5760.0,  3.343211E-5,   274.17663,  2.595668E-5,   603.56381, 1.100709E-11,   169.81839,          NaN,         NaN
  5765.0,  3.759792E-5,   272.64652,  5.569379E-5,   602.38558, 9.052730E-12,   168.69714,          NaN,         NaN
  5770.0,  4.170960E-5,   272.63234,  3.190994E-5,   601.31705, 7.241802E-12,   169.80901,          NaN,         NaN
  5775.0,  6.895004E-5,   271.92357,  3.685368E-5,   601.16289, 1.265434E-11,   168.81527,          NaN,         NaN
  5780.0,  2.202541E-5,   271.92798,  7.432250E-5,   601.14010, 6.495573E-12,   167.90446,          NaN,         NaN
  5785.0,  4.354636E-5,   273.02429,  4.607028E-5,   601.30473, 1.148204E-11,   167.46023,          NaN,         NaN
  5790.0,  3.626816E-5,   272.97168,  6.379339E-5,   601.37888, 4.962022E-12,   165.85386,          NaN,         NaN
  5795.0,  2.843851E-5,   273.72079,  5.901798E-5,   601.92896, 5.548868E-12,   165.92643,          NaN,         NaN
  5800.0,  3.421503E-5,   272.41654,  3.948444E-5,   601.83702, 9.027741E-12,   164.89372,          NaN,         NaN
  5805.0,  4.014427E-5,   272.63411,  8.047439E-5,   602.30412, 9.452571E-12,   166.08621,          NaN,         NaN
  5810.0,  4.483508E-5,   274.15785,  5.232701E-5,   600.83046, 1.250750E-11,   164.09234,          NaN,         NaN
  5815.0,  2.803787E-5,   273.23325,  3.177414E-5,   599.58565, 1.443260E-11,   163.10825,          NaN,         NaN
  5820.0,  7.379115E-5,   272.84947,  5.730968E-5,   600.29831, 5.477225E-12,   162.57886,          NaN,         NaN
  5825.0,  5.498805E-5,   274.33750,  4.314574E-5,   598.50975, 1.010231E-11,   161.17837,          NaN,         NaN
  5830.0,  5.780722E-5,   275.61967,  6.056596E-5,   596.87444, 7.181560E-12,   159.21433,          NaN,         NaN
  5835.0,  3.155527E-5,   274.90862,  5.134382E-5,   597.25457, 9.299541E-12,   160.83815,          NaN,         NaN
  5840.0,  4.610644E-5,   275.04695,  2.497720E-5,   597.02941, 9.244878E-12,   160.23761,          NaN,         NaN
  5845.0,  4.434539E-5,   276.64337,  6.751999E-5,   598.17020, 7.158462E-12,   160.31150,          NaN,         NaN
  5850.0,  5.085508E-5,   275.17469,  4.865961E-5,   597.63861, 7.330467E-12,   160.24597,          NaN,         NaN
  5855.0,  4.355551E-5,   274.04265,  4.340785E-5,   597.71052, 6.715157E-12,   159.57875,          NaN,         NaN
  5860.0,  2.543710E-5,   274.35339,  4.047318E-5,   597.02313, 4.937913E-12,   160.28152,          NaN,         NaN
  5865.0,  2.675401E-5,   274.68389,  6.197401E-5,   595.27823, 7.357850E-12,   158.63941,          NaN,         NaN
  5870.0,  5.396731E-5,   275.42916,  4.455442E-5,   594.47000, 8.417096E-12,   157.28244,          NaN,         NaN
  5875.0,  5.012748E-5,   276.18535,  3.263773E-5,   596.48631, 6.863454E-12,   158.62892,          NaN,         NaN
  5880.0,  3.103257E-5,   276.16238,  4.073592E-5,   595.86494, 7.376980E-12,   158.35495,          NaN,         NaN
  5885.0,  2.676662E-5,   277.37913,  3.824180E-5,   596.14272, 7.385877E-12,   158.74339,          NaN,         NaN
  5890.0,  4.393865E-5,   276.83693,  7.918939E-5,   596.91010, 9.387047E-12,   158.23489,          NaN,         NaN
  5895.0,  5.524288E-5,   278.08149,  4.310244E-5,   595.63057, 1.121965E-11,   156.90830,          NaN,         NaN
  5900.0,  4.373825E-5,   276.40227,  3.881935E-5,   596.20542, 6.624008E-12,   156.94138,          NaN,         NaN
  5905.0,  3.462535E-5,   276.09258,  9.023774E-5,   596.96114, 7.467306E-12,   156.03601,          NaN,         NaN
  5910.0,  6.803597E-5,   276.98487,  6.041498E-5,   597.93466, 8.883234E-12,   155.40397,          NaN,         NaN
  5915.0,  4.370146E-5,   276.93334,  1.000909E-4,   597.83496, 1.171811E-11,   153.77955,          NaN,         NaN
  5920.0,  7.217230E-5,   277.61339,  6.411850E-5,   598.36979, 9.180100E-12,   154.33746,          NaN,         NaN
  5925.0,  3.570854E-5,   278.86076,  3.336950E-5,   598.03780, 1.318152E-11,   154.13101,          NaN,         NaN
  5930.0,  4.169879E-5,   280.41076,  6.725030E-5,   598.43794, 1.186830E-11,   155.62590,          NaN,         NaN
  5935.0,  2.971307E-5,   278.97476,  3.616652E-5,   599.01347, 8.521890E-12,   157.60698,          NaN,         NaN
  5940.0,  6.017581E-5,   277.26243,  5.893822E-5,   599.59973, 7.913452E-12,   156.28091,          NaN,         NaN
  5945.0,  7.291318E-5,   276.91121,  7.705926E-5,   600.27456, 5.288073E-12,   155.78582,          NaN,         NaN
  5950.0,  3.445040E-5,   277.76172,  6.909440E-5,   600.40537, 1.310832E-11,   156.39532,          NaN,         NaN
  5955.0,  3.216671E-5,   277.65763,  7.323429E-5,   600.68286, 1.010216E-11,   157.77673,          NaN,         NaN
  5960.0,  8.066283E-5,   278.94492,  5.330946E-5,   600.72746, 1.143138E-11,   156.71545,          NaN,         NaN
  5965.0,  4.559677E-5,   279.28060,  5.699342E-5,   601.94903, 9.748572E-12,   156.67485,          NaN,         NaN
  5970.0,  2.654345E-5,   278.49313,  6.607494E-5,   602.05218, 8.097391E-12,   156.80576,          NaN,         NaN
  5975.0,  2.356135E-5,   277.90780,  4.064197E-5,   603.22015, 9.238350E-12,   157.86575,          NaN,         NaN
  5980.0,  2.748476E-5,   277.96896,  3.605169E-5,   604.02758, 6.518808E-12,   159.08671,          NaN,         NaN
  5985.0,  4.070845E-5,   277.84849,  4.100036E-5,   603.96388, 1.104622E-11,   157.72289,          NaN,         NaN
  5990.0,  5.155874E-5,   279.05176,  3.302995E-5,   603.97254, 5.547772E-12,   157.43388,          NaN,         NaN
  5995.0,  4.648490E-5,   278.19052,  4.108749E-5,   604.81856, 6.435503E-12,   156.64579,          NaN,         NaN
  6000.0,  2.306655E-5,   278.83880,  4.306457E-5,   604.46568, 1.299694E-11,   157.75344,          NaN,         NaN
  6005.0,  4.043185E-5,   280.03389,  9.384835E-5,   604.23918, 8.367160E-12,   157.66566,          NaN,         NaN
  6010.0,  4.215567E-5,   279.80533,  3.517125E-5,   603.89203, 6.850819E-12,   158.30621,          NaN,         NaN
  6015.0,  3.649373E-5,   279.01813,  6.539771E-5,   605.07310, 6.370798E-12,   157.89888,          NaN,         NaN
  6020.0,  4.320521E-5,   280.59896,  5.427089E-5,   606.17184, 1.392026E-11,   158.78238,          NaN,         NaN
  6025.0,  2.496339E-5,   280.13033,  4.542051E-5,   606.16184, 8.504512E-12,   160.39842,          NaN,         NaN
  6030.0,  3.805168E-5,   279.81236,  3.189124E-5,   606.37664, 8.407008E-12,   161.47843,          NaN,         NaN
  6035.0,  5.993086E-5,   278.29401,  5.141154E-5,   606.02257, 1.103849E-11,   160.14960,          NaN,         NaN
  6040.0,  3.414528E-5,   276.74008,  5.959849E-5,   606.02288, 7.974128E-12,   158.68933,          NaN,         NaN
  6045.0,  3.541119E-5,   276.61204,  3.174118E-5,   607.29660, 6.171190E-12,   158.74359,          NaN,         NaN
  6050.0,  6.830204E-5,   278.78495,  4.757632E-5,   607.38228, 7.336243E-12,   159.98982,          NaN,         NaN
  6055.0,  3.953657E-5,   278.48342,  2.210727E-5,   608.14720, 5.676066E-12,   160.10026,          NaN,         NaN
  6060.0,  3.826918E-5,   278.50511,  5.289483E-5,   609.25252, 9.919907E-12,   161.34579,          NaN,         NaN
  6065.0,  3.453947E-5,   278.87831,  3.747237E-5,   609.46723, 1.116720E-11,   162.46212,          NaN,         NaN
  6070.0,  3.003695E-5,   279.77596,  5.799101E-5,   607.18173, 1.129505E-11,   162.42395,          NaN,         NaN
  6075.0,  3.678732E-5,   280.02694,  4.166834E-5,   608.64523, 9.158525E-12,   164.56437,          NaN,         NaN
  6080.0,  3.453971E-5,   280.00945,  4.817592E-5,   610.65457, 1.034507E-11,   164.18387,          NaN,         NaN
  6085.0,  3.240130E-5,   279.95876,  4.163382E-5,   612.13055, 7.111030E-12,   164.24670,          NaN,         NaN
  6090.0,  4.919278E-5,   280.81067,  3.488570E-5,   611.23506, 6.424714E-12,   162.76987,          NaN,         NaN
  6095.0,  4.042762E-5,   281.15066,  3.560924E-5,   611.20596, 6.246152E-12,   162.63839,          NaN,         NaN
  6100.0,  4.551585E-5,   279.18724,  4.723210E-5,   610.72445, 9.150988E-12,   161.94222,          NaN,         NaN
  6105.0,  3.270782E-5,   278.66223,  3.579259E-5,   611.33017, 1.090927E-11,   162.18335,          NaN,         NaN
  6110.0,  7.449405E-5,   280.20615,  3.415134E-5,   611.90746, 8.218431E-12,   161.50979,          NaN,         NaN
  6115.0,  4.072104E-5,   278.33117,  2.975945E-5,   611.50639, 1.013354E-11,   162.89814,          NaN,         NaN
  6120.0,  5.117801E-5,   278.57084,  4.229795E-5,   612.50975, 1.266774E-11,   164.48916,          NaN,         NaN
  6125.0,  2.574463E-5,   276.75303,  4.415866E-5,   611.22738, 6.524740E-12,   163.87189,          NaN,         NaN
  6130.0,  2.547818E-5,   278.09934,  8.389154E-5,   611.53724, 7.441755E-12,   162.53615,          NaN,         NaN
  6135.0,  5.697263E-5,   280.03284,  4.418298E-5,   612.48892, 1.179688E-11,   162.08727,          NaN,         NaN
  6140.0,  1.958384E-5,   278.57880,  3.297097E-5,   613.40798, 1.097296E-11,   160.51013,          NaN,         NaN
  6145.0,  3.674569E-5,   279.74515,  3.672958E-5,   613.61965, 5.885458E-12,   159.71260,          NaN,         NaN
  6150.0,  3.675256E-5,   280.42438,  4.780462E-5,   615.08183, 4.795151E-12,   159.34051,          NaN,         NaN
  6155.0,  3.765524E-5,   279.47547,  1.837326E-5,   614.64103, 1.203611E-11,   159.79372,          NaN,         NaN
  6160.0,  2.482398E-5,   279.65009,  5.536666E-5,   614.92648, 7.403607E-12,   160.27720,          NaN,         NaN
  6165.0,  2.772580E-5,   280.59847,  3.348146E-5,   615.02133, 8.802566E-12,   160.25468,          NaN,         NaN
  6170.0,  2.858522E-5,   279.49761,  2.281942E-5,   616.33297, 7.854912E-12,   158.37670,          NaN,         NaN
  6175.0,  4.691122E-5,   278.62761,  3.244301E-5,   617.02204, 5.738542E-12,   159.18927,          NaN,         NaN
  6180.0,  4.148405E-5,   277.46131,  5.106822E-5,   616.97122, 9.130734E-12,   160.14457,          NaN,         NaN
  6185.0,  3.941480E-5,   277.95864,  2.611362E-5,   616.25023, 7.142212E-12,   159.49820,          NaN,         NaN
  6190.0,  3.031164E-5,   278.90984,  4.298587E-5,   615.32143, 5.409111E-12,   159.62860,          NaN,         NaN
  6195.0,  3.702186E-5,   278.47069,  2.843577E-5,   616.59405, 1.048243E-11,   160.04322,          NaN,         NaN
  6200.0,  3.325140E-5,   276.83298,  7.206479E-5,   615.14579, 6.402939E-12,   158.35590,          NaN,         NaN
  6205.0,  3.421086E-5,   277.36538,  3.434262E-5,   616.03167, 1.176318E-11,   159.53529,          NaN,         NaN
  6210.0,  2.984409E-5,   277.33401,  3.245380E-5,   616.72543, 7.658673E-12,   158.14323,          NaN,         NaN
  6215.0,  3.381923E-5,   275.86870,  4.533869E-5,   616.67523, 7.661594E-12,   158.01798,          NaN,         NaN
  6220.0,  2.123141E-5,   275.27936,  3.652861E-5,   617.77757, 1.256172E-11,   158.81313,          NaN,         NaN
  6225.0,  2.555318E-5,   275.96204,  8.109554E-5,   616.14106, 1.378881E-11,   156.45954,          NaN,         NaN
  6230.0,  3.380161E-5,   275.69804,  5.407705E-5,   617.48095, 1.161740E-11,   155.97452,          NaN,         NaN
  6235.0,  3.138592E-5,   277.34714,  2.984446E-5,   617.62182, 1.110136E-11,   157.64120,          NaN,         NaN
  6240.0,  4.475872E-5,   276.26863,  4.014188E-5,   617.62843, 7.741231E-12,   156.84251,          NaN,         NaN
  6245.0,  4.148021E-5,   276.41227,  4.329043E-5,   616.58918, 1.225656E-11,   157.28438,          NaN,         NaN
  6250.0,  4.853591E-5,   275.22298,  4.744224E-5,   615.43762, 8.925511E-12,   155.84132,          NaN,         NaN
  6255.0,  2.068162E-5,   274.72088,  6.867953E-5,   616.48603, 9.003600E-12,   156.52467,          NaN,         NaN
  6260.0,  4.163894E-5,   275.47688,  3.764045E-5,   615.54737, 9.407013E-12,   156.93181,          NaN,         NaN
  6265.0,  2.066307E-5,   274.36597,  4.703145E-5,   616.15968, 7.684393E-12,   158.39117,          NaN,         NaN
  6270.0,  2.988177E-5,   275.13133,  4.436389E-5,   615.62159, 7.775596E-12,   160.03935,          NaN,         NaN
  6275.0,  5.358578E-5,   275.54749,  5.335444E-5,   616.40881, 3.492865E-12,   158.62288,          NaN,         NaN
  6280.0,  2.539211E-5,   276.02506,  4.366668E-5,   616.14316, 1.100795E-11,   157.61555,          NaN,         NaN
  6285.0,  3.450750E-5,   276.79682,  7.519505E-5,   617.23956, 1.204627E-11,   159.87931,          NaN,         NaN
  6290.0,  2.412376E-5,   276.50773,  5.611536E-5,   619.10540, 4.990515E-12,   159.31752,          NaN,         NaN
  6295.0,  2.394219E-5,   275.79479,  4.564295E-5,   619.45092, 1.245325E-11,   159.56819,          NaN,         NaN
  6300.0,  3.855399E-5,   275.40958,  3.709271E-5,   617.97882, 5.512194E-12,   159.06840,          NaN,         NaN
  6305.0,  2.419752E-5,   276.09222,  6.148054E-5,   619.35386, 1.513538E-11,   158.50098,          NaN,         NaN
  6310.0,  5.530703E-5,   277.13303,  6.822133E-5,   618.40875, 7.633978E-12,   159.70181,          NaN,         NaN
  6315.0,  4.333774E-5,   277.06417,  5.813610E-5,   617.56131, 1.167855E-11,   160.66388,          NaN,         NaN
  6320.0,  6.632311E-5,   278.42806,  6.477928E-5,   615.11432, 5.428894E-12,   160.20338,          NaN,         NaN
  6325.0,  2.773770E-5,   277.80859,  3.344476E-5,   614.01260, 1.010316E-11,   160.58549,          NaN,         NaN
  6330.0,  4.469862E-5,   278.38445,  4.826351E-5,   613.78203, 6.444186E-12,   160.53267,          NaN,         NaN
  6335.0,  2.430727E-5,   277.92861,  4.421269E-5,   613.72137, 9.530993E-12,   160.59744,          NaN,         NaN
  6340.0,  3.157578E-5,   278.74458,  3.356437E-5,   612.90587, 8.105608E-12,   160.35825,          NaN,         NaN
  6345.0,  7.303368E-5,   280.59450,  2.673274E-5,   612.83730, 9.761991E-12,   158.24919,          NaN,         NaN
  6350.0,  4.623785E-5,   280.34290,  4.173265E-5,   612.30421, 6.631292E-12,   159.40278,          NaN,         NaN
  6355.0,  3.096603E-5,   279.93342,  4.484954E-5,   612.19924, 1.316563E-11,   159.95258,          NaN,         NaN
  6360.0,  4.124471E-5,   280.53364,  2.563800E-5,   612.14542, 6.554492E-12,   159.32169,          NaN,         NaN
  6365.0,  5.920602E-5,   281.10119,  6.099582E-5,   613.38614, 7.587882E-12,   159.72459,          NaN,         NaN
  6370.0,  4.924299E-5,   280.68958,  4.344309E-5,   612.37791, 9.148537E-12,   160.14955,          NaN,         NaN
  6375.0,  5.333146E-5,   282.58015,  3.629080E-5,   610.69191, 9.852060E-12,   158.40550,          NaN,         NaN
  6380.0,  3.527306E-5,   283.31877,  3.158202E-5,   609.44793, 1.165843E-11,   159.74510,          NaN,         NaN
  6385.0,  4.313109E-5,   282.35982,  4.067049E-5,   610.01514, 9.255237E-12,   161.88313,          NaN,         NaN
  6390.0,  3.496882E-5,   280.17363,  7.042762E-5,   610.42993, 6.614941E-12,   162.39030,          NaN,         NaN
  6395.0,  2.399712E-5,   280.78816,  3.408622E-5,   610.57553, 8.458510E-12,   161.35626,          NaN,         NaN
  6400.0,  5.762177E-5,   280.04140,  5.093200E-5,   609.84351, 9.174077E-12,   160.12924,          NaN,         NaN
  6405.0,  2.423433E-5,   280.75917,  3.808175E-5,   610.82256, 8.493959E-12,   158.85367,          NaN,         NaN
  6410.0,  2.304993E-5,   280.80152,  4.924981E-5,   610.42899, 8.636736E-12,   156.56385,          NaN,         NaN
  6415.0,  4.601995E-5,   279.86614,  3.084898E-5,   612.35033, 6.817243E-12,   156.41340,          NaN,         NaN
  6420.0,  2.381726E-5,   280.46703,  3.707965E-5,   611.12153, 5.780470E-12,   156.68808,          NaN,         NaN
  6425.0,  5.100906E-5,   280.93848,  3.607436E-5,   612.33005, 9.558034E-12,   156.38898,          NaN,         NaN
  6430.0,  6.240125E-5,   282.30585,  3.572534E-5,   613.64318, 1.088807E-11,   158.28601,          NaN,         NaN
  6435.0,  1.844796E-5,   281.96563,  5.445719E-5,   612.50836, 1.050378E-11,   158.67477,          NaN,         NaN
  6440.0,  5.506227E-5,   282.88037,  7.644727E-5,   611.58532, 7.724870E-12,   158.32575,          NaN,         NaN
  6445.0,  6.626839E-5,   281.17498,  4.215822E-5,   610.32781, 7.547887E-12,   159.37417,          NaN,         NaN
  6450.0,  3.283371E-5,   281.72994,  3.784726E-5,   612.01187, 1.051566E-11,   158.18988,          NaN,         NaN
  6455.0,  4.193976E-5,   281.28257,  2.970351E-5,   612.62282, 1.028230E-11,   156.77034,          NaN,         NaN
  6460.0,  4.251553E-5,   282.37848,  3.511647E-5,   613.26277, 7.347012E-12,   157.49169,          NaN,         NaN
  6465.0,  4.196664E-5,   282.87389,  2.518988E-5,   614.17320, 8.473371E-12,   157.27573,          NaN,         NaN
  6470.0,  3.313796E-5,   284.00508,  4.070793E-5,   614.11829, 4.146371E-12,   157.96715,          NaN,         NaN
  6475.0,  5.031934E-5,   284.96375,  4.071143E-5,   615.71537, 7.320950E-12,   158.00071,          NaN,         NaN
  6480.0,  3.889581E-5,   285.07414,  7.374941E-5,   615.63174, 6.724770E-12,   157.74877,          NaN,         NaN
  6485.0,  8.233744E-5,   285.23191,  3.770443E-5,   614.18478, 1.114883E-11,   156.41735,          NaN,         NaN
  6490.0,  2.717172E-5,   285.42149,  2.474407E-5,   615.86761, 5.166821E-12,   156.98832,          NaN,         NaN
  6495.0,  2.970497E-5,   284.71458,  3.648236E-5,   617.51376, 6.080586E-12,   156.25339,          NaN,         NaN
  6500.0,  2.684159E-5,   283.91743,  5.847070E-5,   617.84862, 4.880224E-12,   155.84110,          NaN,         NaN
  6505.0,  2.372113E-5,   283.00739,  5.930332E-5,   615.91624, 4.533602E-12,   156.06396,          NaN,         NaN
  6510.0,  5.818535E-5,   283.64171,  3.719645E-5,   615.76563, 1.029446E-11,   156.29990,          NaN,         NaN
  6515.0,  4.658680E-5,   282.08510,  2.780215E-5,   616.50068, 9.175960E-12,   156.04356,          NaN,         NaN
  6520.0,  5.723565E-5,   280.55656,  3.982347E-5,   615.36330, 1.020923E-11,   155.05163,          NaN,         NaN
  6525.0,  3.725854E-5,   279.99025,  4.765673E-5,   614.27795, 5.672533E-12,   153.34956,          NaN,         NaN
  6530.0,  3.970544E-5,   279.22198,  2.762659E-5,   612.03133, 1.237537E-11,   152.30432,          NaN,         NaN
  6535.0,  5.304818E-5,   278.64425,  3.721411E-5,   610.73602, 6.343679E-12,   152.48256,          NaN,         NaN
  6540.0,  7.271494E-5,   280.29631,  2.568801E-5,   611.38009, 1.023698E-11,   151.94174,          NaN,         NaN
  6545.0,  7.830868E-5,   281.46781,  3.553817E-5,   612.70245, 5.597747E-12,   150.72428,          NaN,         NaN
  6550.0,  3.389751E-5,   282.30489,  5.924595E-5,   611.04906, 6.794732E-12,   152.32689,          NaN,         NaN
  6555.0,  5.168444E-5,   280.67515,  7.745755E-5,   610.54636, 1.008940E-11,   154.13369,          NaN,         NaN
  6560.0,  5.392963E-5,   280.67358,  2.819477E-5,   612.42724, 8.368149E-12,   152.55754,          NaN,         NaN
  6565.0,  6.780248E-5,   278.49269,  3.271445E-5,   614.21463, 1.105135E-11,   151.26326,          NaN,         NaN
  6570.0,  2.053999E-5,   277.32734,  2.630429E-5,   615.43611, 5.285390E-12,   149.90259,          NaN,         NaN
  6575.0,  5.697641E-5,   276.59264,  4.961606E-5,   615.96765, 6.580768E-12,   150.16127,          NaN,         NaN
  6580.0,  5.720623E-5,   275.11723,  2.331997E-5,   615.47501, 9.403766E-12,   149.14348,          NaN,         NaN
  6585.0,  2.557029E-5,   275.96742,  3.149151E-5,   615.94322, 5.981727E-12,   147.28793,          NaN,         NaN
  6590.0,  3.727705E-5,   276.26813,  4.846458E-5,   614.27897, 7.999966E-12,   148.54929,          NaN,         NaN
  6595.0,  2.485955E-5,   277.41804,  5.016481E-5,   615.23719, 8.145040E-12,   147.48753,          NaN,         NaN
  6600.0,  4.389664E-5,   276.58341,  4.191283E-5,   614.62276, 7.709365E-12,   147.16135,          NaN,         NaN
  6605.0,  4.236519E-5,   278.15113,  3.100976E-5,   615.35870, 5.457288E-12,   147.14172,          NaN,         NaN
  6610.0,  3.556300E-5,   276.38559,  4.592059E-5,   616.67310, 1.016878E-11,   147.99099,          NaN,         NaN
  6615.0,  5.407786E-5,   274.55937,  4.472726E-5,   617.92139, 5.709296E-12,   147.20723,          NaN,         NaN
  6620.0,  6.024709E-5,   275.46541,  6.532244E-5,   616.10629, 7.930329E-12,   146.94425,          NaN,         NaN
  6625.0,  4.861320E-5,   275.68810,  3.215978E-5,   617.05376, 1.382431E-11,   145.41413,          NaN,         NaN
  6630.0,  3.499858E-5,   275.67292,  3.259355E-5,   616.95060, 1.747245E-11,   143.07618,          NaN,         NaN
  6635.0,  2.371005E-5,   274.15253,  4.497366E-5,   615.59628, 5.821063E-12,   143.56318,          NaN,         NaN
  6640.0,  1.931059E-5,   273.21030,  4.693972E-5,   615.73080, 1.146408E-11,   144.41709,          NaN,         NaN
  6645.0,  2.018869E-5,   273.13543,  3.456140E-5,   615.10924, 8.299730E-12,   142.55149,          NaN,         NaN
  6650.0,  5.191806E-5,   273.23808,  7.165848E-5,   614.55167, 4.835599E-12,   141.85857,          NaN,         NaN
  6655.0,  2.229447E-5,   273.23366,  3.529232E-5,   616.21663, 8.457537E-12,   140.66444,          NaN,         NaN
  6660.0,  3.114744E-5,   272.61704,  5.877336E-5,   615.35178, 6.054433E-12,   141.40363,          NaN,         NaN
  6665.0,  4.622579E-5,   274.06314,  6.570373E-5,   613.83186, 6.517347E-12,   142.87707,          NaN,         NaN
  6670.0,  5.369683E-5,   276.05284,  3.052460E-5,   613.36801, 6.679579E-12,   142.25088,          NaN,         NaN
  6675.0,  4.249008E-5,   275.85579,  3.535248E-5,   611.72119, 1.175225E-11,   142.85011,          NaN,         NaN
  6680.0,  3.363632E-5,   276.28538,  4.333747E-5,   610.67651, 9.409589E-12,   142.03572,          NaN,         NaN
  6685.0,  4.043143E-5,   275.13159,  5.763141E-5,   609.16079, 1.006850E-11,   143.30863,          NaN,         NaN
  6690.0,  2.533296E-5,   276.93490,  3.846360E-5,   609.48656, 6.868539E-12,   145.09930,          NaN,         NaN
  6695.0,  4.198652E-5,   275.85555,  3.153944E-5,   610.62443, 4.477172E-12,   144.45775,          NaN,         NaN
  6700.0,  3.322111E-5,   276.53836,  4.074486E-5,   611.20900, 6.029698E-12,   143.32854,          NaN,         NaN
  6705.0,  3.719340E-5,   274.90117,  3.114084E-5,   609.51324, 9.812241E-12,   142.96216,          NaN,         NaN
  6710.0,  2.093971E-5,   274.76615,  2.772380E-5,   610.19291, 6.465071E-12,   144.06614,          NaN,         NaN
  6715.0,  3.918395E-5,   274.32685,  3.354636E-5,   609.95156, 8.008008E-12,   142.94374,          NaN,         NaN
  6720.0,  2.087423E-5,   273.65566,  2.462386E-5,   609.41164, 8.302674E-12,   143.82889,          NaN,         NaN
  6725.0,  4.567689E-5,   274.43307,  3.352661E-5,   609.09868, 8.877157E-12,   144.12169,          NaN,         NaN
  6730.0,  3.726341E-5,   274.94120,  8.659486E-5,   608.80550, 1.297849E-11,   143.44566,          NaN,         NaN
  6735.0,  5.207588E-5,   274.76869,  2.921908E-5,   609.39337, 8.641975E-12,   142.64010,          NaN,         NaN
  6740.0,  2.871564E-5,   275.71098,  4.700000E-5,   608.18844, 7.804597E-12,   144.29569,          NaN,         NaN
  6745.0,  1.338253E-5,   275.94770,  2.737631E-5,   608.53361, 9.201258E-12,   143.05923,          NaN,         NaN
  6750.0,  3.417945E-5,   276.62841,  3.452928E-5,   607.30768, 7.728939E-12,   142.01362,          NaN,         NaN
  6755.0,  5.064445E-5,   274.65581,  2.222375E-5,   606.82532, 5.409134E-12,   141.00008,          NaN,         NaN
  6760.0,  4.224420E-5,   274.08579,  5.272517E-5,   606.84605, 8.290264E-12,   141.61128,          NaN,         NaN
  6765.0,  3.713607E-5,   272.48481,  3.169022E-5,   605.28702, 6.961288E-12,   141.50915,          NaN,         NaN
  6770.0,  2.855700E-5,   273.99750,  2.532834E-5,   604.81954, 4.872562E-12,   140.64707,          NaN,         NaN
  6775.0,  3.862842E-5,   275.39860,  1.859969E-5,   604.86914, 9.350553E-12,   141.50619,          NaN,         NaN
  6780.0,  3.990919E-5,   276.99218,  5.917158E-5,   605.46145, 9.647811E-12,   139.39607,          NaN,         NaN
  6785.0,  3.571634E-5,   277.71606,  4.932036E-5,   606.06410, 5.566822E-12,   140.13498,          NaN,         NaN
  6790.0,  3.646539E-5,   278.67636,  7.095840E-5,   606.41306, 6.653005E-12,   140.67210,          NaN,         NaN
  6795.0,  2.777033E-5,   277.98516,  2.199990E-5,   606.42024, 1.019954E-11,   140.92130,          NaN,         NaN
  6800.0,  4.875593E-5,   276.23881,  5.088288E-5,   607.72466, 6.532195E-12,   139.28496,          NaN,         NaN
  6805.0,  2.758926E-5,   275.13703,  2.889952E-5,   606.72269, 1.079869E-11,   137.97421,          NaN,         NaN
  6810.0,  3.913074E-5,   275.56519,  4.262372E-5,   607.82348, 8.092892E-12,   140.28728,          NaN,         NaN
  6815.0,  3.250978E-5,   274.27534,  5.737356E-5,   608.32526, 1.142844E-11,   141.82246,          NaN,         NaN
  6820.0,  4.264307E-5,   275.99339,  2.350081E-5,   608.71364, 9.598306E-12,   139.72575,          NaN,         NaN
  6825.0,  3.213749E-5,   275.14194,  4.384089E-5,   607.79549, 6.605428E-12,   139.90118,          NaN,         NaN
  6830.0,  4.473180E-5,   276.57234,  3.162658E-5,   608.25882, 7.188961E-12,   139.32706,          NaN,         NaN
  6835.0,  3.138692E-5,   277.94547,  3.739811E-5,   608.05682, 1.011327E-11,   137.84403,          NaN,         NaN
  6840.0,  5.528376E-5,   277.89820,  4.516588E-5,   609.47203, 1.053549E-11,   136.81050,          NaN,         NaN
  6845.0,  4.010072E-5,   277.93373,  2.696193E-5,   610.21638, 7.048460E-12,   137.24431,          NaN,         NaN
  6850.0,  5.844610E-5,   277.23133,  4.344331E-5,   610.34754, 5.305324E-12,   136.84027,          NaN,         NaN
  6855.0,  2.148112E-5,   278.08438,  3.726947E-5,   611.64290, 6.504360E-12,   137.49296,          NaN,         NaN
  6860.0,  4.834230E-5,   278.28550,  5.748148E-5,   610.23209, 6.075366E-12,   136.30427,          NaN,         NaN
  6865.0,  3.712871E-5,   278.94859,  2.431671E-5,   611.27470, 5.532366E-12,   137.21132,          NaN,         NaN
  6870.0,  6.202043E-5,   279.05195,  3.538873E-5,   610.72360, 1.295388E-11,   136.46887,          NaN,         NaN
  6875.0,  2.403866E-5,   277.54940,  4.066949E-5,   611.02213, 9.017910E-12,   137.53118,          NaN,         NaN
  6880.0,  2.841536E-5,   278.17375,  3.168397E-5,   612.15506, 9.656352E-12,   137.09675,          NaN,         NaN
  6885.0,  2.837805E-5,   278.36376,  3.447806E-5,   613.02847, 1.071966E-11,   136.24788,          NaN,         NaN
  6890.0,  4.082910E-5,   276.87608,  2.473936E-5,   614.21769, 6.670894E-12,   136.90539,          NaN,         NaN
  6895.0,  4.536506E-5,   277.75664,  4.076364E-5,   615.37364, 8.531423E-12,   135.37377,          NaN,         NaN
  6900.0,  7.802516E-5,   280.36957,  1.936240E-5,   614.24695, 1.190407E-11,   133.81826,          NaN,         NaN
  6905.0,  4.301046E-5,   278.56078,  3.733232E-5,   614.67120, 7.110620E-12,   133.16214,          NaN,         NaN
  6910.0,  6.601695E-5,   279.96866,  4.614920E-5,   612.81719, 7.605142E-12,   133.08909,          NaN,         NaN
  6915.0,  2.948114E-5,   280.02112,  4.162565E-5,   610.93389, 6.791797E-12,   133.55060,          NaN,         NaN
  6920.0,  2.786550E-5,   281.06216,  3.846781E-5,   610.00510, 6.212827E-12,   133.09730,          NaN,         NaN
  6925.0,  4.576525E-5,   279.25968,  3.534726E-5,   608.70619, 1.041536E-11,   133.53976,          NaN,         NaN
  6930.0,  2.192000E-5,   278.92856,  4.437903E-5,   610.47462, 7.621367E-12,   133.11077,          NaN,         NaN
  6935.0,  2.632878E-5,   278.48743,  3.959079E-5,   611.49438, 7.742957E-12,   133.59437,          NaN,         NaN
  6940.0,  2.528041E-5,   279.09751,  5.066175E-5,   611.08090, 6.493693E-12,   133.72458,          NaN,         NaN
  6945.0,  2.856821E-5,   278.70425,  5.718666E-5,   610.59487, 6.318603E-12,   134.15419,          NaN,         NaN
  6950.0,  4.917286E-5,   279.57117,  3.791022E-5,   612.14093, 6.427420E-12,   133.85284,          NaN,         NaN
  6955.0,  6.443118E-5,   278.45941,  3.837076E-5,   610.93725, 6.918443E-12,   133.35373,          NaN,         NaN
  6960.0,  2.344898E-5,   278.24678,  3.518781E-5,   612.17936, 7.074296E-12,   134.10588,          NaN,         NaN
  6965.0,  5.044111E-5,   279.07447,  4.888218E-5,   611.54563, 1.448142E-11,   133.30366,          NaN,         NaN
  6970.0,  6.868448E-5,   280.88426,  2.937335E-5,   612.29521, 9.092079E-12,   132.18933,          NaN,         NaN
  6975.0,  3.318549E-5,   282.41965,  8.986400E-5,   611.66780, 8.498908E-12,   132.47313,          NaN,         NaN
  6980.0,  3.274129E-5,   283.39925,  3.562145E-5,   611.02825, 1.200602E-11,   130.83288,          NaN,         NaN
  6985.0,  2.067144E-5,   283.35143,  2.576843E-5,   610.15794, 5.820985E-12,   130.12417,          NaN,         NaN
  6990.0,  4.277581E-5,   282.08175,  3.896909E-5,   609.46084, 7.317636E-12,   129.90289,          NaN,         NaN
  6995.0,  6.970252E-5,   281.75622,  4.322882E-5,   607.81296, 5.133773E-12,   128.89447,          NaN,         NaN
  7000.0,  2.304977E-5,   280.76021,  2.394188E-5,   609.17468, 8.681996E-12,   128.28322,          NaN,         NaN
  7005.0,  3.890955E-5,   282.52710,  1.642576E-5,   609.95649, 1.063499E-11,   129.56017,          NaN,         NaN
  7010.0,  4.413019E-5,   282.39439,  2.734868E-5,   609.54440, 9.208431E-12,   128.61855,          NaN,         NaN
  7015.0,  4.747162E-5,   282.42142,  4.842481E-5,   610.05509, 5.076855E-12,   129.73685,          NaN,         NaN
  7020.0,  2.825343E-5,   280.73940,  2.523753E-5,   609.65507, 7.882256E-12,   128.13163,          NaN,         NaN
  7025.0,  2.105721E-5,   280.83264,  5.309285E-5,   608.94415, 8.003411E-12,   127.47768,          NaN,         NaN
  7030.0,  4.729168E-5,   280.18320,  2.505624E-5,   608.74507, 6.627409E-12,   126.46780,          NaN,         NaN
  7035.0,  3.261789E-5,   280.81097,  3.486367E-5,   608.76381, 5.796610E-12,   125.74857,          NaN,         NaN
  7040.0,  3.992323E-5,   279.59825,  4.818996E-5,   608.86519, 9.135741E-12,   124.45331,          NaN,         NaN
  7045.0,  2.833398E-5,   280.31418,  6.779748E-5,   609.28424, 1.236537E-11,   125.18690,          NaN,         NaN
  7050.0,  2.979527E-5,   279.43917,  4.644530E-5,   608.68958, 5.984361E-12,   125.49495,          NaN,         NaN
  7055.0,  3.438235E-5,   278.37517,  5.287155E-5,   610.70474, 6.764620E-12,   125.86763,          NaN,         NaN
  7060.0,  3.133925E-5,   277.81462,  3.211113E-5,   609.67056, 6.697821E-12,   126.47874,          NaN,         NaN
  7065.0,  4.101877E-5,   278.07039,  4.624796E-5,   611.46995, 1.179654E-11,   128.03950,          NaN,         NaN
  7070.0,  9.066698E-5,   277.99464,  5.193591E-5,   610.93169, 7.769633E-12,   128.26905,          NaN,         NaN
  7075.0,  1.843863E-5,   276.31524,  3.058241E-5,   610.89085, 6.510617E-12,   126.28370,          NaN,         NaN
  7080.0,  2.675417E-5,   277.38329,  4.518148E-5,   610.86963, 6.548971E-12,   125.90920,          NaN,         NaN
  7085.0,  2.192951E-5,   277.30939,  3.900589E-5,   611.16289, 5.733617E-12,   125.13521,          NaN,         NaN
  7090.0,  4.708185E-5,   277.73313,  3.723712E-5,   609.28622, 1.063557E-11,   125.95799,          NaN,         NaN
  7095.0,  2.536112E-5,   277.91263,  4.588817E-5,   607.56172, 7.566930E-12,   124.06406,          NaN,         NaN
  7100.0,  6.023538E-5,   276.65050,  4.300614E-5,   606.13730, 7.157945E-12,   124.63938,          NaN,         NaN
  7105.0,  4.964757E-5,   275.00149,  4.217446E-5,   606.64952, 7.357586E-12,   123.99977,          NaN,         NaN
  7110.0,  7.132793E-5,   273.77974,  7.154430E-5,   607.64225, 1.078656E-11,   123.10414,          NaN,         NaN
  7115.0,  4.592421E-5,   272.03611,  3.040637E-5,   608.57593, 7.949000E-12,   121.99372,          NaN,         NaN
  7120.0,  3.331350E-5,   270.74048,  3.046685E-5,   607.02001, 7.100625E-12,   122.53124,          NaN,         NaN
  7125.0,  3.811532E-5,   272.36934,  3.382544E-5,   606.91076, 5.758482E-12,   120.94326,          NaN,         NaN
  7130.0,  1.988703E-5,   273.72810,  2.071859E-5,   606.99658, 6.289028E-12,   122.38099,          NaN,         NaN
  7135.0,  3.460212E-5,   271.85200,  5.193887E-5,   606.61241, 5.304098E-12,   122.81560,          NaN,         NaN
  7140.0,  4.225623E-5,   273.18763,  2.618742E-5,   604.70958, 9.243087E-12,   122.66657,          NaN,         NaN
  7145.0,  4.413656E-5,   273.79486,  4.351218E-5,   603.45819, 1.203967E-11,   121.69410,          NaN,         NaN
  7150.0,  3.798240E-5,   273.10889,  5.713716E-5,   603.17357, 5.803363E-12,   120.22851,          NaN,         NaN
  7155.0,  2.824740E-5,   272.09922,  4.575593E-5,   603.86675, 5.698294E-12,   119.44962,          NaN,         NaN
  7160.0,  3.207749E-5,   272.51183,  4.445938E-5,   603.48009, 4.765213E-12,   119.71160,          NaN,         NaN
  7165.0,  2.567315E-5,   271.19685,  1.815354E-5,   603.94212, 7.467865E-12,   118.84989,          NaN,         NaN
  7170.0,  3.900341E-5,   271.37413,  3.437094E-5,   604.73707, 5.527261E-12,   120.44707,          NaN,         NaN
  7175.0,  5.939534E-5,   271.86626,  2.077076E-5,   603.03779, 5.113054E-12,   119.77443,          NaN,         NaN
  7180.0,  4.544859E-5,   271.02238,  2.585369E-5,   604.00588, 6.340241E-12,   120.24946,          NaN,         NaN
  7185.0,  3.578261E-5,   270.22571,  3.898750E-5,   604.56352, 5.171406E-12,   120.16359,          NaN,         NaN
  7190.0,  4.645214E-5,   270.19043,  1.941731E-5,   604.72388, 5.663094E-12,   120.38273,          NaN,         NaN
  7195.0,  3.275270E-5,   268.67625,  5.044570E-5,   603.81659, 5.226895E-12,   120.95784,          NaN,         NaN
  7200.0,  3.157290E-5,   267.97461,  1.742736E-5,   603.54600, 5.503412E-12,   122.20557,          NaN,         NaN
  7205.0,  4.657966E-5,   266.86699,  2.304714E-5,   602.20436, 5.975223E-12,   122.28865,          NaN,         NaN
  7210.0,  3.966754E-5,   264.66350,  1.634489E-5,   601.92699, 4.842459E-12,   122.12589,          NaN,         NaN
  7215.0,  3.369677E-5,   265.24488,  2.712381E-5,   601.58205, 1.017395E-11,   122.34595,          NaN,         NaN
  7220.0,  6.114306E-5,   265.26730,  2.719860E-5,   601.98501, 1.377339E-11,   124.06879,          NaN,         NaN
  7225.0,  4.402916E-5,   264.86947,  2.074319E-5,   601.05046, 5.122445E-12,   122.57662,          NaN,         NaN
  7230.0,  4.134200E-5,   263.65279,  4.096408E-5,   600.38721, 6.239353E-12,   121.75573,          NaN,         NaN
  7235.0,  3.046328E-5,   263.42237,  2.191226E-5,   599.69209, 4.198656E-12,   120.74167,          NaN,         NaN
  7240.0,  2.623353E-5,   263.96900,  5.085891E-5,   599.43882, 7.155970E-12,   120.40634,          NaN,         NaN
  7245.0,  3.136432E-5,   264.10182,  3.233088E-5,   597.65468, 5.700079E-12,   119.61810,          NaN,         NaN
  7250.0,  3.238845E-5,   262.75761,  4.592486E-5,   597.29214, 8.075842E-12,   119.37990,          NaN,         NaN
  7255.0,  3.994436E-5,   261.00928,  2.231463E-5,   596.60114, 8.603501E-12,   117.28451,          NaN,         NaN
  7260.0,  2.611517E-5,   262.35017,  3.205936E-5,   596.26095, 8.519768E-12,   116.84835,          NaN,         NaN
  7265.0,  4.938379E-5,   262.24215,  2.527187E-5,   595.59674, 4.324735E-12,   115.09308,          NaN,         NaN
  7270.0,  3.047157E-5,   261.61331,  4.045726E-5,   594.49992, 5.675700E-12,   114.36313,          NaN,         NaN
  7275.0,  3.177103E-5,   261.66494,  1.777087E-5,   595.66823, 8.481359E-12,   113.20808,          NaN,         NaN
  7280.0,  3.650937E-5,   261.54047,  5.063377E-5,   595.95698, 9.665251E-12,   111.69009,          NaN,         NaN
  7285.0,  1.785747E-5,   262.17301,  5.875178E-5,   594.75594, 7.506884E-12,   111.26576,          NaN,         NaN
  7290.0,  3.783156E-5,   260.63125,  6.179837E-5,   592.63723, 4.406218E-12,   110.97652,          NaN,         NaN
  7295.0,  3.237171E-5,   259.00860,  4.719828E-5,   593.51244, 6.135686E-12,   110.63542,          NaN,         NaN
  7300.0,  1.834596E-5,   259.06908,  2.180750E-5,   593.63301, 1.023547E-11,   110.34762,          NaN,         NaN
  7305.0,  2.536282E-5,   259.49347,  3.479946E-5,   593.62655, 4.650194E-12,   110.81772,          NaN,         NaN
  7310.0,  3.774758E-5,   259.80168,  3.261040E-5,   594.20772, 1.115338E-11,   109.87506,          NaN,         NaN
  7315.0,  2.527806E-5,   259.09410,  2.949310E-5,   595.05670, 5.535991E-12,   108.70750,          NaN,         NaN
  7320.0,  3.141295E-5,   258.71646,  2.916063E-5,   593.83997, 8.038331E-12,   108.94018,          NaN,         NaN
  7325.0,  2.149121E-5,   259.15493,  3.653199E-5,   594.63995, 7.670859E-12,   110.52654,          NaN,         NaN
  7330.0,  4.052370E-5,   259.09170,  1.894173E-5,   594.22334, 5.274493E-12,   110.79720,          NaN,         NaN
  7335.0,  3.805287E-5,   258.93719,  2.145763E-5,   593.40898, 6.898636E-12,   110.16993,          NaN,         NaN
  7340.0,  6.476786E-5,   257.10071,  3.549983E-5,   592.51358, 6.672244E-12,   108.83561,          NaN,         NaN
  7345.0,  5.512157E-5,   256.60411,  2.388019E-5,   592.76206, 9.368903E-12,   107.22169,          NaN,         NaN
  7350.0,  4.284041E-5,   255.69384,  3.188162E-5,   594.34466, 1.122620E-11,   105.77718,          NaN,         NaN
  7355.0,  1.713578E-5,   255.42105,  4.665746E-5,   594.95418, 4.887227E-12,   105.61493,          NaN,         NaN
  7360.0,  3.114452E-5,   255.17518,  2.557861E-5,   592.95884, 7.851312E-12,   106.33093,          NaN,         NaN
  7365.0,  3.112821E-5,   255.37886,  4.229617E-5,   593.34670, 8.919211E-12,   108.33123,          NaN,         NaN
  7370.0,  1.495998E-5,   255.65986,  4.347654E-5,   592.50313, 8.288522E-12,   109.33558,          NaN,         NaN
  7375.0,  5.154087E-5,   255.13425,  2.014172E-5,   591.58530, 7.400473E-12,   110.45938,          NaN,         NaN
  7380.0,  2.650099E-5,   256.09210,  3.000011E-5,   591.05264, 7.384419E-12,   110.58786,          NaN,         NaN
  7385.0,  5.401308E-5,   254.96320,  3.626054E-5,   591.50980, 8.683026E-12,   109.83184,          NaN,         NaN
  7390.0,  2.614227E-5,   256.44750,  3.582558E-5,   590.15556, 1.168143E-11,   108.60809,          NaN,         NaN
  7395.0,  1.935516E-5,   257.56117,  3.734338E-5,   590.87402, 9.125759E-12,   109.74540,          NaN,         NaN
  7400.0,  2.961876E-5,   257.08569,  2.671856E-5,   591.35421, 1.576415E-11,   107.87144,          NaN,         NaN
  7405.0,  2.646827E-5,   256.31950,  4.244073E-5,   590.08974, 6.172394E-12,   107.62552,          NaN,         NaN
  7410.0,  4.304063E-5,   256.83803,  2.830498E-5,   589.10557, 7.715741E-12,   107.69257,          NaN,         NaN
  7415.0,  3.853558E-5,   256.37696,  2.529111E-5,   589.14547, 3.906035E-12,   108.02477,          NaN,         NaN
  7420.0,  4.314988E-5,   255.58478,  4.315777E-5,   588.43844, 9.122859E-12,   107.97939,          NaN,         NaN
  7425.0,  4.726289E-5,   254.38791,  3.988093E-5,   589.85006, 4.868844E-12,   106.97592,          NaN,         NaN
  7430.0,  4.990691E-5,   254.28398,  7.321908E-5,   590.76126, 5.225604E-12,   107.34726,          NaN,         NaN
  7435.0,  2.619759E-5,   253.63447,  6.328492E-5,   589.74061, 7.721079E-12,   106.36891,          NaN,         NaN
  7440.0,  3.285693E-5,   254.11558,  3.791329E-5,   587.56934, 7.840905E-12,   105.03488,          NaN,         NaN
  7445.0,  3.203118E-5,   254.08493,  4.551547E-5,   586.06165, 8.055765E-12,   104.78611,          NaN,         NaN
  7450.0,  3.507447E-5,   254.15371,  6.331703E-5,   585.25418, 7.414175E-12,   106.58477,          NaN,         NaN
  7455.0,  4.195511E-5,   253.39026,  2.560871E-5,   584.17964, 8.267393E-12,   105.15585,          NaN,         NaN
  7460.0,  2.098143E-5,   253.14759,  3.838100E-5,   583.81966, 6.300139E-12,   104.89522,          NaN,         NaN
  7465.0,  1.741833E-5,   253.96508,  2.176850E-5,   584.84512, 5.219794E-12,   103.41840,          NaN,         NaN
  7470.0,  1.382245E-5,   253.70951,  4.911215E-5,   583.79543, 3.697145E-12,   103.23702,          NaN,         NaN
  7475.0,  2.952536E-5,   253.38137,  1.988146E-5,   582.88499, 3.747312E-12,   103.72649,          NaN,         NaN
  7480.0,  2.705351E-5,   254.05098,  5.302486E-5,   582.70869, 9.042418E-12,   102.60647,          NaN,         NaN
  7485.0,  3.063060E-5,   254.11499,  2.562494E-5,   584.10484, 1.032595E-11,   102.08798,          NaN,         NaN
  7490.0,  4.062662E-5,   254.06929,  3.881361E-5,   584.28585, 5.744591E-12,   100.82800,          NaN,         NaN
  7495.0,  2.710045E-5,   254.48371,  3.646458E-5,   583.34709, 6.685400E-12,   101.43037,          NaN,         NaN
  7500.0,  4.302275E-5,   254.77985,  2.878179E-5,   584.36476, 8.172570E-12,   102.99011,          NaN,         NaN
  7505.0,  3.500982E-5,   255.41109,  4.563705E-5,   584.49928, 8.365608E-12,   103.25793,          NaN,         NaN
  7510.0,  3.073375E-5,   257.06769,  2.770367E-5,   585.48902, 4.649741E-12,   102.85656,          NaN,         NaN
  7515.0,  4.142442E-5,   255.30645,  3.247659E-5,   585.02610, 6.139676E-12,   103.94550,          NaN,         NaN
  7520.0,  3.152103E-5,   255.73234,  2.337252E-5,   585.56936, 5.776703E-12,   103.20279,          NaN,         NaN
  7525.0,  5.916101E-5,   256.31963,  3.915169E-5,   585.11968, 9.434295E-12,   102.76279,          NaN,         NaN
  7530.0,  4.542952E-5,   254.68561,  1.987512E-5,   585.44365, 6.616315E-12,   101.44473,          NaN,         NaN
  7535.0,  4.972996E-5,   255.58604,  2.192715E-5,   584.25576, 6.353712E-12,   101.79741,          NaN,         NaN
  7540.0,  5.820903E-5,   256.86600,  2.700459E-5,   584.79524, 7.777908E-12,   102.50241,          NaN,         NaN
  7545.0,  3.769428E-5,   255.47616,  2.307165E-5,   584.73806, 6.761170E-12,   101.28109,          NaN,         NaN
  7550.0,  3.283343E-5,   256.37055,  5.994137E-5,   583.63046, 6.139150E-12,   100.57099,          NaN,         NaN
  7555.0,  2.440816E-5,   256.64416,  3.533188E-5,   583.54336, 7.999063E-12,   100.05570,          NaN,         NaN
  7560.0,  3.567986E-5,   256.38996,  1.973796E-5,   584.26005, 1.026363E-11,    98.88913,          NaN,         NaN
  7565.0,  3.166908E-5,   255.07783,  4.256591E-5,   584.54939, 7.184552E-12,    98.95097,          NaN,         NaN
  7570.0,  2.876473E-5,   255.02022,  3.426403E-5,   584.69587, 5.377857E-12,    99.49423,          NaN,         NaN
  7575.0,  5.057432E-5,   255.19403,  4.250700E-5,   585.66020, 3.926115E-12,   100.09835,          NaN,         NaN
  7580.0,  3.113823E-5,   254.73990,  2.294241E-5,   586.10736, 1.105822E-11,    99.91440,          NaN,         NaN
  7585.0,  2.832985E-5,   255.27228,  2.941983E-5,   585.24946, 5.303444E-12,    98.21998,          NaN,         NaN
  7590.0,  2.527033E-5,   253.77114,  3.505543E-5,   584.29382, 7.910473E-12,    96.60974,          NaN,         NaN
  7595.0,  3.222290E-5,   253.45665,  4.781370E-5,   586.20920, 3.597339E-12,    97.27619,          NaN,         NaN
  7600.0,  3.668022E-5,   253.75171,  3.109577E-5,   585.08774, 4.392688E-12,    97.26463,          NaN,         NaN
  7605.0,  2.399740E-5,   253.76845,  4.303006E-5,   585.82115, 7.063016E-12,    97.75552,          NaN,         NaN
  7610.0,  3.241185E-5,   253.58639,  2.785184E-5,   584.02791, 1.011058E-11,    96.03768,          NaN,         NaN
  7615.0,  3.315199E-5,   252.72005,  3.997902E-5,   584.61677, 1.223201E-11,    94.53033,          NaN,         NaN
  7620.0,  2.168431E-5,   254.65579,  2.110758E-5,   586.18095, 7.152656E-12,    95.95012,          NaN,         NaN
  7625.0,  3.724547E-5,   253.72855,  4.151694E-5,   587.38623, 6.021396E-12,    95.58296,          NaN,         NaN
  7630.0,  3.020510E-5,   254.76598,  2.247454E-5,   587.34961, 1.271461E-11,    96.63625,          NaN,         NaN
  7635.0,  2.307337E-5,   255.03914,  2.502301E-5,   587.54314, 7.817682E-12,    95.31660,          NaN,         NaN
  7640.0,  3.716832E-5,   253.45709,  3.558545E-5,   588.55101, 1.144044E-11,    94.90883,          NaN,         NaN
  7645.0,  4.173664E-5,   254.80842,  3.444104E-5,   586.27268, 6.420909E-12,    95.53727,          NaN,         NaN
  7650.0,  2.732896E-5,   254.73524,  2.461489E-5,   586.70249, 3.823848E-12,    94.61114,          NaN,         NaN
  7655.0,  2.372891E-5,   255.50659,  4.031630E-5,   586.58812, 6.192369E-12,    94.36949,          NaN,         NaN
  7660.0,  3.502362E-5,   255.49089,  2.234246E-5,   586.40178, 3.814899E-12,    94.37942,          NaN,         NaN
  7665.0,  5.990010E-5,   257.94424,  2.075949E-5,   586.00797, 7.291652E-12,    93.76406,          NaN,         NaN
  7670.0,  3.235044E-5,   257.55107,  2.683326E-5,   586.78862, 6.982003E-12,    92.42176,          NaN,         NaN
  7675.0,  5.479273E-5,   256.70188,  3.032738E-5,   587.13796, 4.887252E-12,    92.16744,          NaN,         NaN
  7680.0,  2.793144E-5,   254.95419,  3.693568E-5,   587.69058, 5.645720E-12,    91.98752,          NaN,         NaN
  7685.0,  2.861944E-5,   255.22169,  4.796278E-5,   588.03040, 9.516641E-12,    92.09113,          NaN,         NaN
  7690.0,  3.939011E-5,   254.76028,  1.756816E-5,   588.88948, 9.575739E-12,    92.26092,          NaN,         NaN
  7695.0,  3.753722E-5,   256.26588,  5.509523E-5,   587.99858, 3.989984E-12,    93.18885,          NaN,         NaN
  7700.0,  3.105659E-5,   256.14621,  3.616296E-5,   587.96756, 1.138934E-11,    92.36271,          NaN,         NaN
  7705.0,  2.233345E-5,   257.05418,  2.684174E-5,   588.92631, 1.117535E-11,    90.92362,          NaN,         NaN
  7710.0,  2.825463E-5,   257.90094,  3.295673E-5,   589.63159, 6.437504E-12,    90.74046,          NaN,         NaN
  7715.0,  3.048855E-5,   257.45530,  5.900003E-5,   588.61728, 7.367169E-12,    90.19447,          NaN,         NaN
  7720.0,  3.310768E-5,   256.90920,  3.712002E-5,   590.43589, 7.602659E-12,    89.51199,          NaN,         NaN
  7725.0,  2.797663E-5,   257.84781,  3.031399E-5,   592.20881, 1.062834E-11,    89.43081,          NaN,         NaN
  7730.0,  2.231761E-5,   258.05561,  4.231596E-5,   590.38251, 6.576113E-12,    90.34380,          NaN,         NaN
  7735.0,  2.607224E-5,   258.35998,  3.116905E-5,   590.71766, 4.824119E-12,    90.56262,          NaN,         NaN
  7740.0,  3.010352E-5,   257.07805,  4.101843E-5,   590.66493, 8.880197E-12,    90.72947,          NaN,         NaN
  7745.0,  3.138319E-5,   258.05961,  3.831997E-5,   590.39443, 9.892255E-12,    91.28473,          NaN,         NaN
  7750.0,  2.082272E-5,   258.43769,  3.574200E-5,   590.98185, 8.954582E-12,    90.82876,          NaN,         NaN
  7755.0,  2.883497E-5,   258.14124,  3.642144E-5,   592.59672, 3.917716E-12,    89.58642,          NaN,         NaN
  7760.0,  3.289761E-5,   256.02577,  4.993921E-5,   591.09167, 3.687117E-12,    89.36379,          NaN,         NaN
  7765.0,  1.607395E-5,   256.41042,  2.918820E-5,   592.86355, 6.413038E-12,    89.17250,          NaN,         NaN
  7770.0,  2.752780E-5,   256.24263,  4.170976E-5,   590.93315, 5.570207E-12,    89.47025,          NaN,         NaN
  7775.0,  1.967187E-5,   255.82022,  4.539172E-5,   591.76783, 6.599148E-12,    90.16235,          NaN,         NaN
  7780.0,  4.114492E-5,   255.29516,  2.400294E-5,   590.48411, 3.443320E-12,    88.83024,          NaN,         NaN
  7785.0,  1.912375E-5,   256.50743,  3.057782E-5,   590.37680, 6.800746E-12,    89.08652,          NaN,         NaN
  7790.0,  2.523947E-5,   256.22923,  3.350101E-5,   589.73302, 1.084062E-11,    88.69378,          NaN,         NaN
  7795.0,  1.910859E-5,   257.86983,  2.536002E-5,   588.42745, 9.494781E-12,    87.65016,          NaN,         NaN
  7800.0,  2.710403E-5,   258.29909,  3.162015E-5,   587.18894, 5.117822E-12,    88.49266,          NaN,         NaN
  7805.0,  3.641885E-5,   257.45101,  3.644830E-5,   586.46593, 4.095926E-12,    88.23997,          NaN,         NaN
  7810.0,  2.606945E-5,   257.31018,  5.402444E-5,   586.50198, 1.326082E-11,    87.03027,          NaN,         NaN
  7815.0,  5.151556E-5,   258.05172,  2.977904E-5,   588.05721, 5.305409E-12,    86.93794,          NaN,         NaN
  7820.0,  2.389738E-5,   259.03257,  4.718934E-5,   587.94258, 6.756327E-12,    87.55269,          NaN,         NaN
  7825.0,  2.531079E-5,   257.26052,  5.060712E-5,   587.23081, 7.165577E-12,    87.99663,          NaN,         NaN
  7830.0,  2.287116E-5,   256.61990,  2.829932E-5,   588.42860, 7.217170E-12,    89.53581,          NaN,         NaN
  7835.0,  2.401349E-5,   255.92761,  3.175305E-5,   586.84316, 8.529881E-12,    89.79946,          NaN,         NaN
  7840.0,  2.410612E-5,   255.31158,  1.549793E-5,   586.12881, 7.459795E-12,    89.25696,          NaN,         NaN
  7845.0,  3.738280E-5,   255.03681,  2.407785E-5,   585.87898, 6.106633E-12,    90.40405,          NaN,         NaN
  7850.0,  2.433124E-5,   255.15198,  4.211877E-5,   585.88653, 5.971865E-12,    89.52160,          NaN,         NaN
  7855.0,  3.276347E-5,   254.90024,  6.264085E-5,   583.66135, 6.087796E-12,    90.85449,          NaN,         NaN
  7860.0,  2.064575E-5,   253.50541,  3.302966E-5,   582.90895, 4.897731E-12,    88.93359,          NaN,         NaN
  7865.0,  2.938144E-5,   252.89877,  3.735598E-5,   583.48945, 4.678928E-12,    88.00057,          NaN,         NaN
  7870.0,  2.990969E-5,   250.84509,  4.628136E-5,   582.84257, 4.529605E-12,    87.40280,          NaN,         NaN
  7875.0,  2.341263E-5,   251.05175,  2.679680E-5,   582.30607, 5.872361E-12,    86.89251,          NaN,         NaN
  7880.0,  2.507408E-5,   251.40349,  2.718313E-5,   581.44856, 5.025227E-12,    85.65300,          NaN,         NaN
  7885.0,  3.370159E-5,   250.45599,  5.015425E-5,   580.26123, 7.503783E-12,    84.72344,          NaN,         NaN
  7890.0,  2.024783E-5,   250.79806,  1.476321E-5,   581.33053, 8.255731E-12,    83.47234,          NaN,         NaN
  7895.0,  2.233688E-5,   251.50648,  3.133957E-5,   582.74987, 5.659565E-12,    84.05192,          NaN,         NaN
  7900.0,  3.338007E-5,   251.86087,  1.515007E-5,   581.81000, 8.258112E-12,    83.64472,          NaN,         NaN
  7905.0,  2.220964E-5,   250.96321,  3.739701E-5,   582.37159, 4.837430E-12,    82.85619,          NaN,         NaN
  7910.0,  2.311907E-5,   249.11986,  2.299648E-5,   583.34682, 4.754281E-12,    82.10059,          NaN,         NaN
  7915.0,  2.652836E-5,   249.55409,  2.553499E-5,   582.02496, 8.618616E-12,    80.46366,          NaN,         NaN
  7920.0,  2.553814E-5,   249.00693,  4.703600E-5,   580.27540, 7.346576E-12,    82.17764,          NaN,         NaN
  7925.0,  2.803445E-5,   247.83680,  5.011663E-5,   578.33644, 3.205804E-12,    81.89078,          NaN,         NaN
  7930.0,  3.177155E-5,   246.46691,  3.829568E-5,   577.40561, 5.913371E-12,    81.89921,          NaN,         NaN
  7935.0,  5.189032E-5,   246.91753,  4.745657E-5,   578.06610, 1.153163E-11,    80.47923,          NaN,         NaN
  7940.0,  5.247790E-5,   245.87162,  5.272408E-5,   577.15101, 6.463570E-12,    79.26091,          NaN,         NaN
  7945.0,  4.282530E-5,   244.42846,  5.578986E-5,   577.29467, 7.082162E-12,    78.85413,          NaN,         NaN
  7950.0,  6.878112E-5,   242.91761,  2.782590E-5,   577.49137, 9.638598E-12,    77.24710,          NaN,         NaN
  7955.0,  3.073910E-5,   242.14228,  3.523989E-5,   576.97534, 6.518721E-12,    76.16412,          NaN,         NaN
  7960.0,  3.530279E-5,   242.65516,  2.462559E-5,   577.40523, 6.195323E-12,    76.30027,          NaN,         NaN
  7965.0,  2.361236E-5,   243.67500,  2.778468E-5,   577.78574, 8.850102E-12,    75.02052,          NaN,         NaN
  7970.0,  3.266821E-5,   243.62999,  3.769108E-5,   578.49706, 1.190468E-11,    73.96468,          NaN,         NaN
  7975.0,  3.964220E-5,   241.95437,  3.956215E-5,   578.44500, 9.209069E-12,    73.03338,          NaN,         NaN
  7980.0,  2.479738E-5,   241.00094,  4.294307E-5,   576.89114, 1.177350E-11,    72.51764,          NaN,         NaN
  7985.0,  4.831206E-5,   241.34654,  6.091057E-5,   577.94099, 6.035374E-12,    70.26007,          NaN,         NaN
  7990.0,  3.305644E-5,   239.83412,  3.577036E-5,   576.57496, 1.086677E-11,    72.01528,          NaN,         NaN
  7995.0,  1.828220E-5,   241.58037,  5.094419E-5,   578.16815, 4.389779E-12,    70.77577,          NaN,         NaN
  8000.0,  3.279969E-5,   241.48401,  4.412985E-5,   576.66457, 6.876024E-12,    70.58571,          NaN,         NaN
  8005.0,  3.512148E-5,   241.70755,  4.506600E-5,   577.21868, 4.736883E-12,    69.43434,          NaN,         NaN
  8010.0,  3.215240E-5,   241.80824,  2.704816E-5,   576.54017, 8.081770E-12,    70.47684,          NaN,         NaN
  8015.0,  3.764226E-5,   240.79026,  3.342344E-5,   575.39387, 5.799891E-12,    71.59376,          NaN,         NaN
  8020.0,  4.177995E-5,   240.19748,  3.598902E-5,   575.36114, 3.880226E-12,    70.82398,          NaN,         NaN
  8025.0,  3.267190E-5,   239.67771,  3.962832E-5,   575.03992, 6.685996E-12,    70.54398,          NaN,         NaN
  8030.0,  2.438985E-5,   239.35644,  5.331037E-5,   574.13681, 5.886880E-12,    71.61164,          NaN,         NaN
  8035.0,  3.301224E-5,   240.14526,  2.925856E-5,   574.02811, 8.775517E-12,    72.68757,          NaN,         NaN
  8040.0,  5.151562E-5,   240.42912,  2.992272E-5,   573.18786, 7.403585E-12,    72.64041,          NaN,         NaN
  8045.0,  2.830781E-5,   240.40031,  2.435755E-5,   573.07196, 5.990104E-12,    72.20176,          NaN,         NaN
  8050.0,  3.332895E-5,   239.81484,  2.236343E-5,   573.85128, 6.052536E-12,    72.25613,          NaN,         NaN
  8055.0,  2.482194E-5,   238.10764,  4.225416E-5,   573.59410, 6.463194E-12,    71.92243,          NaN,         NaN
  8060.0,  3.407072E-5,   238.07009,  2.821031E-5,   572.73968, 7.477062E-12,    71.68641,          NaN,         NaN
  8065.0,  1.768530E-5,   237.56822,  4.853306E-5,   573.71794, 7.690571E-12,    70.42421,          NaN,         NaN
  8070.0,  2.879536E-5,   236.50135,  3.146045E-5,   573.72457, 4.654437E-12,    69.99581,          NaN,         NaN
  8075.0,  2.209536E-5,   236.17316,  4.554686E-5,   574.49951, 7.390405E-12,    69.59414,          NaN,         NaN
  8080.0,  2.655314E-5,   237.07097,  2.257732E-5,   573.39797, 4.781651E-12,    69.24320,          NaN,         NaN
  8085.0,  3.120539E-5,   238.21107,  2.376709E-5,   574.36001, 8.138402E-12,    68.69384,          NaN,         NaN
  8090.0,  1.977622E-5,   238.98424,  2.644167E-5,   574.18409, 7.109115E-12,    70.04807,          NaN,         NaN
  8095.0,  2.385875E-5,   237.49128,  4.125442E-5,   573.87220, 6.472886E-12,    70.67883,          NaN,         NaN
  8100.0,  2.468473E-5,   236.92149,  2.154087E-5,   574.34876, 8.370661E-12,    70.67222,          NaN,         NaN
  8105.0,  2.177573E-5,   237.46754,  3.512614E-5,   572.75707, 4.978146E-12,    69.76608,          NaN,         NaN
  8110.0,  4.957367E-5,   237.89781,  2.626171E-5,   573.61047, 5.588534E-12,    69.67381,          NaN,         NaN
  8115.0,  2.507412E-5,   237.77816,  3.186004E-5,   574.08374, 1.187344E-11,    68.69704,          NaN,         NaN
  8120.0,  2.593531E-5,   239.00294,  3.511172E-5,   573.74966, 8.340677E-12,    68.78099,          NaN,         NaN
  8125.0,  1.923257E-5,   237.78411,  2.527897E-5,   573.36718, 4.869976E-12,    68.54831,          NaN,         NaN
  8130.0,  2.303391E-5,   237.07316,  1.936098E-5,   574.21843, 4.239142E-12,    68.62980,          NaN,         NaN
  8135.0,  5.038576E-5,   235.16197,  2.472570E-5,   573.50794, 3.312816E-12,    68.25954,          NaN,         NaN
  8140.0,  3.814973E-5,   234.00424,  5.718533E-5,   574.47016, 5.106423E-12,    69.28297,          NaN,         NaN
  8145.0,  4.540914E-5,   234.16457,  4.131767E-5,   573.92447, 4.307864E-12,    68.86535,          NaN,         NaN
  8150.0,  2.915014E-5,   234.26959,  4.028616E-5,   575.46519, 5.928150E-12,    68.92729,          NaN,         NaN
  8155.0,  3.879910E-5,   234.22740,  5.188094E-5,   574.28951, 4.702393E-12,    68.26681,          NaN,         NaN
  8160.0,  3.638823E-5,   232.78954,  4.387327E-5,   574.71300, 6.782535E-12,    68.27942,          NaN,         NaN
  8165.0,  3.399230E-5,   232.45405,  2.467713E-5,   575.28748, 1.015459E-11,    69.26455,          NaN,         NaN
  8170.0,  4.722523E-5,   233.40014,  2.856176E-5,   573.93419, 5.103261E-12,    69.41626,          NaN,         NaN
  8175.0,  2.963069E-5,   232.55641,  4.896700E-5,   574.31775, 6.791846E-12,    68.40047,          NaN,         NaN
  8180.0,  2.410194E-5,   232.14171,  4.589322E-5,   573.60444, 8.900369E-12,    67.62715,          NaN,         NaN
  8185.0,  2.114121E-5,   232.89469,  3.228015E-5,   573.94977, 6.747084E-12,    69.19883,          NaN,         NaN
  8190.0,  4.290458E-5,   231.46782,  4.587119E-5,   574.24563, 7.093882E-12,    68.44088,          NaN,         NaN
  8195.0,  3.866527E-5,   233.25531,  2.783466E-5,   573.20346, 4.371193E-12,    68.48645,          NaN,         NaN
  8200.0,  2.070564E-5,   234.90860,  2.052461E-5,   572.60913, 4.453201E-12,    67.56349,          NaN,         NaN
  8205.0,  2.187940E-5,   235.27358,  2.347551E-5,   573.19437, 6.178156E-12,    68.28362,          NaN,         NaN
  8210.0,  2.134723E-5,   235.03562,  2.565967E-5,   573.28394, 5.965714E-12,    66.37948,          NaN,         NaN
  8215.0,  2.820408E-5,   234.64212,  3.766644E-5,   572.61549, 4.621832E-12,    67.42511,          NaN,         NaN
  8220.0,  1.440547E-5,   235.20942,  2.567243E-5,   572.66409, 9.120895E-12,    67.69248,          NaN,         NaN
  8225.0,  2.965768E-5,   235.68732,  3.694103E-5,   574.58090, 7.984568E-12,    66.34042,          NaN,         NaN
  8230.0,  2.750441E-5,   236.05968,  2.810930E-5,   574.22386, 3.493218E-12,    66.18093,          NaN,         NaN
  8235.0,  2.451357E-5,   234.77945,  2.661570E-5,   572.42555, 5.792873E-12,    66.10285,          NaN,         NaN
  8240.0,  2.244452E-5,   235.57449,  3.267708E-5,   573.92375, 5.318380E-12,    64.86938,          NaN,         NaN
  8245.0,  2.607185E-5,   236.43219,  5.596506E-5,   574.08041, 7.855260E-12,    65.56610,          NaN,         NaN
  8250.0,  4.004639E-5,   236.95143,  3.137208E-5,   572.74089, 4.721640E-12,    65.96815,          NaN,         NaN
  8255.0,  3.597949E-5,   237.09438,  2.698064E-5,   571.03111, 7.075185E-12,    65.05571,          NaN,         NaN
  8260.0,  3.386255E-5,   235.78016,  3.180665E-5,   570.35594, 4.785075E-12,    64.80472,          NaN,         NaN
  8265.0,  3.437638E-5,   234.94755,  2.391418E-5,   570.38368, 5.906739E-12,    65.11497,          NaN,         NaN
  8270.0,  3.720339E-5,   236.46462,  5.403490E-5,   569.83154, 3.378994E-12,    64.15951,          NaN,         NaN
  8275.0,  1.763056E-5,   236.30194,  1.843770E-5,   569.18864, 5.293163E-12,    63.46383,          NaN,         NaN
  8280.0,  2.065458E-5,   236.34639,  2.433190E-5,   569.14657, 7.449459E-12,    63.54140,          NaN,         NaN
  8285.0,  2.203837E-5,   236.15936,  5.489214E-5,   569.95906, 7.697113E-12,    63.03136,          NaN,         NaN
  8290.0,  2.639604E-5,   235.21371,  4.398913E-5,   568.21527, 8.819078E-12,    62.74351,          NaN,         NaN
  8295.0,  3.720261E-5,   234.54433,  3.798875E-5,   567.37419, 7.915855E-12,    62.87022,          NaN,         NaN
  8300.0,  2.798300E-5,   235.54099,  6.194625E-5,   566.21522, 3.612883E-12,    62.60929,          NaN,         NaN
  8305.0,  3.610619E-5,   234.54404,  3.124927E-5,   564.58188, 5.968620E-12,    63.65657,          NaN,         NaN
  8310.0,  2.113488E-5,   233.62401,  3.844375E-5,   565.71696, 3.628825E-12,    63.44831,          NaN,         NaN
  8315.0,  6.050323E-5,   234.11544,  3.258865E-5,   565.61178, 4.888402E-12,    62.59689,          NaN,         NaN
  8320.0,  6.182192E-5,   232.70250,  3.172797E-5,   564.69678, 5.113277E-12,    62.50611,          NaN,         NaN
  8325.0,  2.573953E-5,   232.83772,  2.872461E-5,   565.61786, 6.328047E-12,    61.80221,          NaN,         NaN
  8330.0,  2.381257E-5,   232.51382,  2.890243E-5,   565.86694, 4.053641E-12,    61.47977,          NaN,         NaN
  8335.0,  3.124351E-5,   232.45378,  2.890973E-5,   564.68410, 5.598886E-12,    61.52839,          NaN,         NaN
  8340.0,  2.697029E-5,   232.83693,  1.569904E-5,   565.75031, 3.859965E-12,    61.95496,          NaN,         NaN
  8345.0,  2.490648E-5,   232.50551,  2.915399E-5,   564.86470, 5.713858E-12,    62.31570,          NaN,         NaN
  8350.0,  3.376827E-5,   232.21273,  3.106870E-5,   564.74237, 7.818858E-12,    61.93432,          NaN,         NaN
  8355.0,  7.024826E-5,   230.61908,  3.454226E-5,   563.84871, 8.548161E-12,    60.93701,          NaN,         NaN
  8360.0,  3.366518E-5,   229.58616,  2.405463E-5,   564.45367, 4.074140E-12,    61.32107,          NaN,         NaN
  8365.0,  4.031211E-5,   229.55483,  3.883049E-5,   564.36400, 6.054843E-12,    60.15661,          NaN,         NaN
  8370.0,  2.644054E-5,   228.68079,  3.894564E-5,   565.30652, 6.009519E-12,    59.08581,          NaN,         NaN
  8375.0,  2.113899E-5,   228.15477,  3.625417E-5,   565.27825, 8.615816E-12,    60.08176,          NaN,         NaN
  8380.0,  3.212363E-5,   229.14031,  3.889147E-5,   566.62816, 6.296986E-12,    60.47021,          NaN,         NaN
  8385.0,  3.367928E-5,   228.06549,  5.321994E-5,   565.53143, 4.293022E-12,    61.83418,          NaN,         NaN
  8390.0,  3.224285E-5,   228.43473,  3.629501E-5,   565.60769, 3.741761E-12,    62.36422,          NaN,         NaN
  8395.0,  3.772178E-5,   229.38439,  4.189723E-5,   564.98070, 4.583003E-12,    61.32523,          NaN,         NaN
  8400.0,  2.731446E-5,   230.83857,  3.821780E-5,   566.18688, 6.313010E-12,    62.23154,          NaN,         NaN
  8405.0,  3.310973E-5,   229.26760,  1.817479E-5,   567.54082, 5.681111E-12,    61.04880,          NaN,         NaN
  8410.0,  1.795691E-5,   227.94035,  3.641443E-5,   566.72997, 5.031102E-12,    59.78314,          NaN,         NaN
  8415.0,  2.754193E-5,   227.18449,  5.917517E-5,   566.82809, 8.811487E-12,    58.74524,          NaN,         NaN
  8420.0,  2.241804E-5,   227.44226,  4.334218E-5,   566.70437, 5.219728E-12,    58.53142,          NaN,         NaN
  8425.0,  2.930205E-5,   227.51029,  3.322735E-5,   567.66901, 4.780000E-12,    56.91341,          NaN,         NaN
  8430.0,  2.529921E-5,   226.46203,  2.946554E-5,   566.32357, 4.129496E-12,    56.76036,          NaN,         NaN
  8435.0,  3.047398E-5,   226.45058,  3.091624E-5,   566.86404, 6.212131E-12,    57.26543,          NaN,         NaN
  8440.0,  1.644130E-5,   226.01058,  2.177396E-5,   566.28300, 5.118559E-12,    55.97617,          NaN,         NaN
  8445.0,  2.980722E-5,   225.46831,  2.044956E-5,   566.27094, 3.761047E-12,    56.37966,          NaN,         NaN
  8450.0,  2.703487E-5,   225.70729,  1.791950E-5,   565.85044, 4.893133E-12,    56.44984,          NaN,         NaN
  8455.0,  3.673693E-5,   225.17793,  2.268069E-5,   566.14707, 6.006628E-12,    56.74440,          NaN,         NaN
  8460.0,  3.212851E-5,   223.53600,  4.132230E-5,   565.90023, 5.130403E-12,    56.39050,          NaN,         NaN
  8465.0,  3.394430E-5,   222.98819,  2.627196E-5,   565.00393, 5.159743E-12,    56.56971,          NaN,         NaN
  8470.0,  3.203183E-5,   221.83198,  4.298505E-5,   565.68904, 4.924459E-12,    54.95881,          NaN,         NaN
  8475.0,  2.781811E-5,   223.01229,  1.895201E-5,   566.53314, 7.375248E-12,    54.32658,          NaN,         NaN
  8480.0,  2.214110E-5,   223.05870,  2.079553E-5,   567.58880, 8.245926E-12,    53.54684,          NaN,         NaN
  8485.0,  3.036788E-5,   222.10491,  3.008185E-5,   566.81034, 7.814643E-12,    52.57793,          NaN,         NaN
  8490.0,  1.681071E-5,   222.07075,  2.676901E-5,   565.91879, 8.294251E-12,    51.59840,          NaN,         NaN
  8495.0,  2.728442E-5,   222.40301,  1.671735E-5,   565.41787, 1.152943E-11,    50.31234,          NaN,         NaN
  8500.0,  3.059872E-5,   223.63630,  1.680368E-5,   564.31409, 9.278984E-12,    49.71520,          NaN,         NaN
  8505.0,  2.681460E-5,   225.34324,  3.190180E-5,   563.34431, 5.566372E-12,    48.21070,          NaN,         NaN
  8510.0,  2.571032E-5,   224.04358,  1.639387E-5,   564.30884, 5.622049E-12,    46.89742,          NaN,         NaN
  8515.0,  3.614336E-5,   223.26704,  3.712653E-5,   565.47266, 5.226255E-12,    47.57466,          NaN,         NaN
  8520.0,  1.677997E-5,   222.65037,  1.956432E-5,   564.11220, 6.270628E-12,    46.31864,          NaN,         NaN
  8525.0,  6.116169E-5,   223.03540,  3.566019E-5,   565.19875, 5.827274E-12,    45.35951,          NaN,         NaN
  8530.0,  3.137372E-5,   221.28717,  2.986201E-5,   566.07732, 3.500518E-12,    46.08704,          NaN,         NaN
  8535.0,  1.859827E-5,   220.67257,  3.740779E-5,   564.86587, 7.354202E-12,    46.80873,          NaN,         NaN
  8540.0,  2.736038E-5,   220.44803,  2.741895E-5,   564.12169, 3.551246E-12,    45.85868,          NaN,         NaN
  8545.0,  1.274481E-5,   220.60011,  2.916547E-5,   562.28706, 3.523117E-12,    46.09710,          NaN,         NaN
  8550.0,  2.289351E-5,   220.45736,  5.056609E-5,   562.24117, 2.990930E-12,    45.55738,          NaN,         NaN
  8555.0,  1.855665E-5,   220.20088,  1.501092E-5,   562.23272, 6.280848E-12,    44.53061,          NaN,         NaN
  8560.0,  1.729061E-5,   219.49870,  5.780420E-5,   562.09829, 6.920612E-12,    43.74760,          NaN,         NaN
  8565.0,  4.257093E-5,   218.66185,  1.759823E-5,   561.88788, 4.820290E-12,    44.48406,          NaN,         NaN
  8570.0,  4.155719E-5,   220.17519,  2.441782E-5,   562.29391, 4.689821E-12,    43.83231,          NaN,         NaN
  8575.0,  4.716843E-5,   218.35974,  3.885078E-5,   560.81224, 5.285018E-12,    42.55917,          NaN,         NaN
  8580.0,  2.234132E-5,   218.79249,  2.195693E-5,   562.28664, 6.486494E-12,    41.38264,          NaN,         NaN
  8585.0,  2.761508E-5,   217.58948,  2.461943E-5,   563.50034, 6.271074E-12,    40.77421,          NaN,         NaN
  8590.0,  3.031390E-5,   216.45951,  3.736067E-5,   561.82517, 4.464943E-12,    40.48432,          NaN,         NaN
  8595.0,  2.220986E-5,   216.12597,  4.865934E-5,   561.42777, 8.404221E-12,    38.99721,          NaN,         NaN
  8600.0,  1.446009E-5,   215.85820,  2.077287E-5,   560.45147, 7.589012E-12,    38.53229,          NaN,         NaN
  8605.0,  1.865117E-5,   215.74314,  2.748482E-5,   559.70287, 6.690129E-12,    38.01285,          NaN,         NaN
  8610.0,  3.300133E-5,   215.14623,  3.642464E-5,   559.67077, 6.073605E-12,    36.30066,          NaN,         NaN
  8615.0,  2.802820E-5,   213.96650,  3.399964E-5,   559.05466, 6.346238E-12,    35.45200,          NaN,         NaN
  8620.0,  2.331542E-5,   215.28534,  3.226237E-5,   559.42819, 3.460473E-12,    35.53014,          NaN,         NaN
  8625.0,  3.075421E-5,   213.64901,  4.249453E-5,   557.33148, 4.264980E-12,    35.05673,          NaN,         NaN
  8630.0,  2.492772E-5,   214.31311,  2.361044E-5,   556.35752, 7.200335E-12,    35.28807,          NaN,         NaN
  8635.0,  4.963859E-5,   212.62507,  2.621606E-5,   555.81122, 4.705164E-12,    34.34909,          NaN,         NaN
  8640.0,  3.858603E-5,   212.26795,  3.408482E-5,   555.51866, 5.316278E-12,    33.76154,          NaN,         NaN
  8645.0,  2.369610E-5,   210.82833,  2.444303E-5,   555.90670, 4.406467E-12,    33.68928,          NaN,         NaN
  8650.0,  1.657172E-5,   211.66080,  3.491851E-5,   556.12438, 5.136377E-12,    33.01111,          NaN,         NaN
  8655.0,  2.115324E-5,   211.23599,  2.755390E-5,   556.04797, 5.382373E-12,    32.96402,          NaN,         NaN
  8660.0,  2.600330E-5,   209.97827,  3.177360E-5,   555.98422, 4.008767E-12,    32.24120,          NaN,         NaN
  8665.0,  2.508176E-5,   210.44063,  4.819171E-5,   554.89747, 6.270720E-12,    31.51964,          NaN,         NaN
  8670.0,  2.224961E-5,   208.78264,  3.378222E-5,   553.64215, 7.277523E-12,    30.32238,          NaN,         NaN
  8675.0,  3.635032E-5,   208.28997,  2.602926E-5,   552.15719, 4.457543E-12,    29.86873,          NaN,         NaN
  8680.0,  1.870156E-5,   207.76520,  2.883793E-5,   551.96092, 4.646284E-12,    28.32600,          NaN,         NaN
  8685.0,  3.760817E-5,   207.91579,  1.703093E-5,   550.59974, 6.594084E-12,    28.23419,          NaN,         NaN
  8690.0,  2.412581E-5,   208.83406,  4.370565E-5,   551.20279, 5.842973E-12,    27.20475,          NaN,         NaN
  8695.0,  2.895321E-5,   207.59442,  1.915947E-5,   550.48809, 6.257004E-12,    26.58975,          NaN,         NaN
  8700.0,  2.360602E-5,   206.53556,  1.601235E-5,   550.28076, 5.319765E-12,    27.12294,          NaN,         NaN
  8705.0,  2.735266E-5,   206.17314,  3.251691E-5,   548.96945, 6.878517E-12,    27.31101,          NaN,         NaN
  8710.0,  2.356433E-5,   205.47819,  3.336781E-5,   547.69956, 4.622100E-12,    26.43854,          NaN,         NaN
  8715.0,  1.764984E-5,   206.11262,  3.452597E-5,   548.89629, 6.291329E-12,    26.60367,          NaN,         NaN
  8720.0,  2.957521E-5,   204.80511,  3.601195E-5,   548.46543, 6.876747E-12,    26.88226,          NaN,         NaN
  8725.0,  1.831554E-5,   204.35271,  1.578327E-5,   549.07769, 5.327124E-12,    26.57401,          NaN,         NaN
  8730.0,  2.602373E-5,   204.55096,  1.376605E-5,   548.18297, 3.844577E-12,    26.62344,          NaN,         NaN
  8735.0,  2.260913E-5,   205.00809,  3.971472E-5,   547.70790, 4.764786E-12,    27.36086,          NaN,         NaN
  8740.0,  4.058324E-5,   205.05618,  2.340014E-5,   545.54338, 4.865525E-12,    27.63421,          NaN,         NaN
  8745.0,  1.736135E-5,   204.40712,  3.550315E-5,   545.27375, 7.477367E-12,    25.54367,          NaN,         NaN
  8750.0,  3.617439E-5,   203.14486,  2.041666E-5,   544.64708, 4.889910E-12,    26.55874,          NaN,         NaN
  8755.0,  3.394822E-5,   202.04706,  1.901901E-5,   544.53517, 6.407868E-12,    25.90224,          NaN,         NaN
  8760.0,  1.802204E-5,   201.03520,  1.506746E-5,   543.61588, 4.040719E-12,    26.85059,          NaN,         NaN
  8765.0,  3.832069E-5,   200.22181,  3.011527E-5,   543.04814, 7.648456E-12,    26.32393,          NaN,         NaN
  8770.0,  3.348912E-5,   198.37950,  2.100687E-5,   543.28658, 4.915310E-12,    25.36166,          NaN,         NaN
  8775.0,  2.263673E-5,   198.59997,  1.846212E-5,   542.38458, 3.543148E-12,    26.14821,          NaN,         NaN
  8780.0,  1.703494E-5,   197.55498,  2.076664E-5,   541.99777, 4.789597E-12,    25.79173,          NaN,         NaN
  8785.0,  3.141767E-5,   198.16225,  2.859315E-5,   541.86650, 4.422993E-12,    25.05090,          NaN,         NaN
  8790.0,  2.369072E-5,   198.53530,  2.232382E-5,   541.45982, 3.851427E-12,    24.74959,          NaN,         NaN
  8795.0,  1.972379E-5,   197.12655,  1.557325E-5,   540.73821, 5.087059E-12,    24.69532,          NaN,         NaN
  8800.0,  3.043710E-5,   196.13806,  2.970952E-5,   540.25626, 4.316867E-12,    24.68236,          NaN,         NaN
  8805.0,  2.064604E-5,   195.80030,  1.755745E-5,   539.86221, 4.879286E-12,    24.09731,          NaN,         NaN
  8810.0,  6.321938E-5,   195.60592,  3.294298E-5,   538.98653, 5.999871E-12,    23.84186,          NaN,         NaN
  8815.0,  2.678201E-5,   195.73503,  1.765991E-5,   539.61036, 5.137645E-12,    23.61294,          NaN,         NaN
  8820.0,  4.385436E-5,   194.36398,  4.844217E-5,   539.46691, 7.048420E-12,    22.14951,          NaN,         NaN
  8825.0,  3.471905E-5,   195.27255,  3.451171E-5,   538.75721, 6.832087E-12,    21.49915,          NaN,         NaN
  8830.0,  3.052582E-5,   193.97020,  2.737447E-5,   538.41146, 7.452111E-12,    21.02779,          NaN,         NaN
  8835.0,  2.194488E-5,   193.82916,  3.885962E-5,   537.98172, 5.890073E-12,    20.21741,          NaN,         NaN
  8840.0,  2.380445E-5,   194.66289,  2.177137E-5,   539.28486, 4.048268E-12,    19.22035,          NaN,         NaN
  8845.0,  3.788497E-5,   192.69794,  1.929958E-5,   538.14615, 5.391254E-12,    19.48169,          NaN,         NaN
  8850.0,  3.002099E-5,   191.06748,  4.254258E-5,   537.08157, 4.842444E-12,    20.94763,          NaN,         NaN
  8855.0,  2.297322E-5,   191.35498,  1.924899E-5,   536.61770, 7.513693E-12,    20.21642,          NaN,         NaN
  8860.0,  3.256192E-5,   191.48309,  2.280477E-5,   536.04128, 5.300081E-12,    19.15906,          NaN,         NaN
  8865.0,  2.396472E-5,   189.85582,  3.149960E-5,   536.71393, 7.968592E-12,    19.32073,          NaN,         NaN
  8870.0,  1.975913E-5,   189.59235,  3.056373E-5,   536.40697, 1.059000E-11,    18.36649,          NaN,         NaN
  8875.0,  1.908146E-5,   189.73584,  2.692184E-5,   535.22819, 6.181806E-12,    17.69335,          NaN,         NaN
  8880.0,  3.238109E-5,   188.55372,  2.857174E-5,   534.97150, 7.325017E-12,    18.92936,          NaN,         NaN
  8885.0,  2.453340E-5,   189.79543,  2.855053E-5,   533.35005, 3.288802E-12,    17.79676,          NaN,         NaN
  8890.0,  2.807254E-5,   188.98938,  3.416351E-5,   533.76651, 5.241066E-12,    17.49297,          NaN,         NaN
  8895.0,  3.825787E-5,   189.28153,  3.594094E-5,   533.95822, 8.119786E-12,    17.85042,          NaN,         NaN
  8900.0,  1.480654E-5,   189.90406,  2.974012E-5,   533.12784, 7.627701E-12,    15.95097,          NaN,         NaN
  8905.0,  1.550873E-5,   189.40961,  3.033252E-5,   533.00928, 7.268199E-12,    15.34910,          NaN,         NaN
  8910.0,  1.768895E-5,   188.53016,  3.150878E-5,   531.02550, 6.193301E-12,    14.43378,          NaN,         NaN
  8915.0,  1.713831E-5,   188.47508,  3.479169E-5,   531.15659, 5.021516E-12,    14.80143,          NaN,         NaN
  8920.0,  2.408564E-5,   189.21675,  2.123429E-5,   529.64488, 6.783467E-12,    14.03546,          NaN,         NaN
  8925.0,  3.135733E-5,   190.00034,  1.608269E-5,   528.51847, 3.543299E-12,    14.81053,          NaN,         NaN
  8930.0,  2.194462E-5,   189.27652,  1.525321E-5,   528.60965, 4.305587E-12,    14.67651,          NaN,         NaN
  8935.0,  2.415390E-5,   189.74242,  2.536082E-5,   527.67399, 5.111807E-12,    14.45792,          NaN,         NaN
  8940.0,  3.163239E-5,   188.41355,  1.859563E-5,   526.27409, 5.014827E-12,    14.69264,          NaN,         NaN
  8945.0,  2.153225E-5,   188.77759,  3.705868E-5,   526.81143, 5.047547E-12,    13.40357,          NaN,         NaN
  8950.0,  2.537118E-5,   187.09427,  2.482499E-5,   526.43063, 7.567407E-12,    13.30511,          NaN,         NaN
  8955.0,  2.033210E-5,   187.18771,  4.087366E-5,   527.09916, 4.891736E-12,    13.71840,          NaN,         NaN
  8960.0,  2.826922E-5,   185.97261,  2.342183E-5,   527.08363, 6.983797E-12,    12.22857,          NaN,         NaN
  8965.0,  2.746093E-5,   184.68957,  3.255410E-5,   525.04740, 4.721347E-12,    11.28242,          NaN,         NaN
  8970.0,  2.818647E-5,   185.14669,  1.423470E-5,   523.99587, 4.722769E-12,    10.74005,          NaN,         NaN
  8975.0,  2.657424E-5,   183.33426,  3.801103E-5,   523.64673, 4.321513E-12,     9.40518,          NaN,         NaN
  8980.0,  2.137292E-5,   183.35376,  6.631730E-5,   522.81654, 5.657788E-12,     8.77792,          NaN,         NaN
  8985.0,  3.147419E-5,   181.68356,  2.689727E-5,   521.29413, 5.771840E-12,     8.61871,          NaN,         NaN
  8990.0,  1.532132E-5,   181.70890,  1.517228E-5,   521.43406, 5.505301E-12,     6.30333,          NaN,         NaN
  8995.0,  2.013784E-5,   181.49162,  2.396122E-5,   521.35939, 5.503053E-12,     5.83134,          NaN,         NaN
  9000.0,  2.128729E-5,   182.07413,  2.053171E-5,   521.04793, 9.457641E-12,     4.58953,          NaN,         NaN
  9005.0,  2.801418E-5,   183.19846,  2.939986E-5,   521.40454, 4.759499E-12,     4.43159,          NaN,         NaN
  9010.0,  3.365617E-5,   181.55753,  2.401449E-5,   520.20082, 9.063992E-12,     3.20207,          NaN,         NaN
  9015.0,  2.334455E-5,   180.85522,  2.953587E-5,   520.14717, 7.102699E-12,     2.14638,          NaN,         NaN
  9020.0,  3.033119E-5,   179.53014,  9.258468E-6,   519.02776, 4.486210E-12,     0.78895,          NaN,         NaN
  9025.0,  1.355679E-5,   179.88608,  3.420915E-5,   518.25167, 3.684804E-12,    -0.73221,          NaN,         NaN
  9030.0,  3.612008E-5,   179.53275,  2.143804E-5,   518.79569, 5.359929E-12,     0.45260,          NaN,         NaN
  9035.0,  3.177424E-5,   178.06498,  1.902527E-5,   517.02697, 4.399054E-12,    -0.43348,          NaN,         NaN
  9040.0,  3.480029E-5,   177.66574,  2.080173E-5,   517.16642, 7.025639E-12,    -0.49525,          NaN,         NaN
  9045.0,  3.599152E-5,   178.75999,  2.919928E-5,   516.46028, 2.694076E-12,    -0.40123,          NaN,         NaN
  9050.0,  2.804245E-5,   178.59484,  1.551934E-5,   516.86419, 4.880358E-12,    -1.05761,          NaN,         NaN
  9055.0,  2.374362E-5,   176.93717,  2.286933E-5,   516.63326, 6.718986E-12,    -0.96653,          NaN,         NaN
  9060.0,  2.565547E-5,   177.97719,  2.926034E-5,   516.92625, 7.101691E-12,    -1.23237,          NaN,         NaN
  9065.0,  3.745641E-5,   176.56070,  1.943108E-5,   515.45802, 5.262896E-12,    -1.38494,          NaN,         NaN
  9070.0,  2.252661E-5,   175.07938,  3.349102E-5,   514.48662, 9.487391E-12,    -2.94790,          NaN,         NaN
  9075.0,  4.141779E-5,   175.14475,  2.607677E-5,   513.62814, 5.654074E-12,    -3.76187,          NaN,         NaN
  9080.0,  4.981503E-5,   175.08833,  4.272214E-5,   513.44549, 8.694160E-12,    -4.00675,          NaN,         NaN
  9085.0,  5.384110E-5,   174.20097,  2.044227E-5,   512.31525, 3.466922E-12,    -4.49320,          NaN,         NaN
  9090.0,  2.756786E-5,   172.96608,  4.105120E-5,   512.51817, 5.565351E-12,    -5.63378,          NaN,         NaN
  9095.0,  1.545525E-5,   173.13712,  1.552427E-5,   513.68654, 5.266138E-12,    -3.90821,          NaN,         NaN
  9100.0,  1.582409E-5,   172.94428,  2.125276E-5,   514.31933, 4.791581E-12,    -3.33522,          NaN,         NaN
  9105.0,  2.360207E-5,   171.99710,  1.587950E-5,   514.06992, 5.321526E-12,    -4.61849,          NaN,         NaN
  9110.0,  2.101742E-5,   171.27751,  3.476305E-5,   514.32194, 5.064893E-12,    -5.66697,          NaN,         NaN
  9115.0,  3.618134E-5,   171.79035,  1.333991E-5,   514.05856, 4.568381E-12,    -5.80505,          NaN,         NaN
  9120.0,  3.240063E-5,   169.60486,  1.933300E-5,   513.54064, 4.706522E-12,    -7.06527,          NaN,         NaN
  9125.0,  2.506772E-5,   169.82223,  3.961617E-5,   512.02926, 3.614961E-12,    -6.22200,          NaN,         NaN
  9130.0,  2.095371E-5,   168.83036,  1.682991E-5,   510.38025, 4.483530E-12,    -6.47398,          NaN,         NaN
  9135.0,  3.624361E-5,   169.39177,  3.126567E-5,   510.68943, 4.844989E-12,    -7.74180,          NaN,         NaN
  9140.0,  2.175142E-5,   169.27755,  2.343616E-5,   509.33693, 6.628264E-12,    -9.08544,          NaN,         NaN
  9145.0,  1.461585E-5,   168.90765,  3.063627E-5,   509.02929, 8.533581E-12,    -9.55567,          NaN,         NaN
  9150.0,  2.799680E-5,   168.46878,  1.845755E-5,   508.42274, 8.576975E-12,   -11.63646,          NaN,         NaN
  9155.0,  2.587859E-5,   167.29194,  2.412506E-5,   508.70435, 7.658880E-12,   -11.81259,          NaN,         NaN
  9160.0,  4.677995E-5,   167.13600,  1.524892E-5,   508.46425, 5.933526E-12,   -11.80955,          NaN,         NaN
  9165.0,  4.097423E-5,   167.25546,  4.459775E-5,   507.11090, 7.110180E-12,   -13.10606,          NaN,         NaN
  9170.0,  2.524862E-5,   166.25785,  3.471812E-5,   507.30701, 3.287569E-12,   -13.99457,          NaN,         NaN
  9175.0,  2.101462E-5,   166.33019,  4.104301E-5,   507.05549, 4.786544E-12,   -13.66183,          NaN,         NaN
  9180.0,  2.672770E-5,   165.93741,  2.791890E-5,   506.08845, 5.398851E-12,   -14.74033,          NaN,         NaN
  9185.0,  1.393170E-5,   166.59251,  2.154186E-5,   507.75068, 3.359147E-12,   -14.50250,          NaN,         NaN
  9190.0,  1.764075E-5,   167.19436,  2.497298E-5,   509.36822, 4.021738E-12,   -14.15049,          NaN,         NaN
  9195.0,  1.359176E-5,   167.37211,  2.641005E-5,   509.35898, 4.369197E-12,   -14.37885,          NaN,         NaN
  9200.0,  1.949469E-5,   166.28391,  3.246638E-5,   508.01647, 4.667821E-12,   -16.14219,          NaN,         NaN
  9205.0,  2.614530E-5,   165.42151,  1.940577E-5,   508.07274, 6.139467E-12,   -16.51587,          NaN,         NaN
  9210.0,  2.716071E-5,   165.19448,  2.094960E-5,   507.27848, 5.337865E-12,   -16.58426,          NaN,         NaN
  9215.0,  2.184145E-5,   164.88461,  3.434371E-5,   506.56350, 6.962640E-12,   -18.72472,          NaN,         NaN
  9220.0,  2.611406E-5,   163.89296,  3.605716E-5,   505.74306, 4.957689E-12,   -18.41496,          NaN,         NaN
  9225.0,  3.186395E-5,   163.29873,  2.328549E-5,   505.66974, 2.901056E-12,   -17.77653,          NaN,         NaN
  9230.0,  2.787181E-5,   162.37029,  4.311179E-5,   504.68240, 6.723981E-12,   -16.99679,          NaN,         NaN
  9235.0,  1.874636E-5,   162.08887,  2.204176E-5,   503.92101, 3.781674E-12,   -16.85213,          NaN,         NaN
  9240.0,  2.580482E-5,   161.10745,  2.278471E-5,   503.71062, 5.092756E-12,   -18.14098,          NaN,         NaN
  9245.0,  1.761522E-5,   162.01050,  2.710843E-5,   503.89095, 9.724151E-12,   -19.14943,          NaN,         NaN
  9250.0,  3.840829E-5,   160.73008,  2.036977E-5,   503.15504, 1.320007E-11,   -20.28443,          NaN,         NaN
  9255.0,  2.613791E-5,   159.50839,  1.730328E-5,   503.68546, 6.588928E-12,   -20.54649,          NaN,         NaN
  9260.0,  2.421115E-5,   158.73277,  2.858269E-5,   501.99730, 1.101210E-11,   -21.12471,          NaN,         NaN
  9265.0,  4.699727E-5,   158.43315,  1.943638E-5,   500.76373, 7.768482E-12,   -22.17317,          NaN,         NaN
  9270.0,  2.938158E-5,   158.33030,  1.767927E-5,   499.29541, 5.863572E-12,   -23.34384,          NaN,         NaN
  9275.0,  2.140292E-5,   157.56279,  1.290163E-5,   499.07100, 3.638143E-12,   -23.05823,          NaN,         NaN
  9280.0,  2.720741E-5,   157.75017,  2.373164E-5,   498.83542, 4.514809E-12,   -23.17042,          NaN,         NaN
  9285.0,  1.828162E-5,   158.01119,  3.845364E-5,   498.18625, 3.946626E-12,   -24.18036,          NaN,         NaN
  9290.0,  2.743019E-5,   158.07923,  1.615986E-5,   497.80159, 6.178337E-12,   -24.75687,          NaN,         NaN
  9295.0,  1.984243E-5,   157.56605,  3.415992E-5,   498.34588, 5.002843E-12,   -23.96080,          NaN,         NaN
  9300.0,  2.368876E-5,   158.03128,  2.234693E-5,   496.39841, 3.609071E-12,   -23.74442,          NaN,         NaN
  9305.0,  1.761339E-5,   158.31260,  2.832744E-5,   495.43780, 4.039335E-12,   -23.58385,          NaN,         NaN
  9310.0,  3.438656E-5,   157.87459,  2.872193E-5,   496.70924, 4.142231E-12,   -22.84860,          NaN,         NaN
  9315.0,  1.906473E-5,   157.60100,  1.634008E-5,   495.97241, 6.413262E-12,   -22.63826,          NaN,         NaN
  9320.0,  3.431141E-5,   157.51457,  2.482237E-5,   495.44238, 5.092521E-12,   -24.34111,          NaN,         NaN
  9325.0,  2.177785E-5,   157.71320,  4.147477E-5,   495.01238, 6.835572E-12,   -24.48066,          NaN,         NaN
  9330.0,  2.641570E-5,   158.68399,  4.064873E-5,   494.35567, 8.388111E-12,   -25.39960,          NaN,         NaN
  9335.0,  1.759261E-5,   158.95115,  2.295456E-5,   494.01868, 9.160163E-12,   -25.61603,          NaN,         NaN
  9340.0,  1.557778E-5,   158.87632,  2.797231E-5,   492.58499, 1.235260E-11,   -25.96602,          NaN,         NaN
  9345.0,  4.007248E-5,   157.70251,  2.654854E-5,   493.29266, 1.169988E-11,   -26.82433,          NaN,         NaN
  9350.0,  2.506519E-5,   156.30716,  2.899688E-5,   494.12613, 9.254600E-12,   -27.07683,          NaN,         NaN
  9355.0,  2.950177E-5,   154.73886,  2.552960E-5,   494.25628, 3.651484E-12,   -28.50997,          NaN,         NaN
  9360.0,  1.833680E-5,   154.28580,  1.804351E-5,   494.92897, 3.207254E-12,   -28.97529,          NaN,         NaN
  9365.0,  3.646207E-5,   153.91140,  2.993477E-5,   493.62424, 4.296577E-12,   -28.99590,          NaN,         NaN
  9370.0,  3.309653E-5,   154.11130,  2.728835E-5,   493.88945, 4.762765E-12,   -28.80758,          NaN,         NaN
  9375.0,  2.233038E-5,   154.91201,  3.250303E-5,   492.61247, 2.946400E-12,   -28.82470,          NaN,         NaN
  9380.0,  3.146682E-5,   153.97544,  2.123168E-5,   492.12038, 4.221859E-12,   -28.60223,          NaN,         NaN
  9385.0,  2.479853E-5,   154.51518,  1.971038E-5,   492.40811, 4.077015E-12,   -29.28252,          NaN,         NaN
  9390.0,  2.567060E-5,   154.29622,  1.756707E-5,   492.35388, 3.492502E-12,   -29.78158,          NaN,         NaN
  9395.0,  2.691427E-5,   154.06865,  4.482461E-5,   492.57575, 4.652218E-12,   -30.65514,          NaN,         NaN
  9400.0,  4.050201E-5,   153.04033,  2.488005E-5,   491.34505, 7.560181E-12,   -31.45494,          NaN,         NaN
  9405.0,  2.394577E-5,   153.20466,  2.016283E-5,   491.27701, 9.596890E-12,   -32.38376,          NaN,         NaN
  9410.0,  3.353062E-5,   152.78797,  1.620149E-5,   490.23599, 5.222339E-12,   -33.16478,          NaN,         NaN
  9415.0,  2.392334E-5,   151.36566,  2.944076E-5,   488.70791, 8.186644E-12,   -31.94775,          NaN,         NaN
  9420.0,  2.183112E-5,   151.64802,  1.453845E-5,   489.34855, 7.169617E-12,   -33.24357,          NaN,         NaN
  9425.0,  3.542900E-5,   150.39146,  2.077541E-5,   488.35341, 5.353317E-12,   -33.88716,          NaN,         NaN
  9430.0,  2.638416E-5,   149.14415,  1.597307E-5,   488.41531, 3.580067E-12,   -32.87817,          NaN,         NaN
  9435.0,  3.725649E-5,   149.92154,  2.242475E-5,   486.77653, 6.613208E-12,   -33.80300,          NaN,         NaN
  9440.0,  3.415508E-5,   148.53715,  2.027372E-5,   487.20740, 3.520690E-12,   -33.43962,          NaN,         NaN
  9445.0,  3.032144E-5,   148.55234,  4.281058E-5,   486.38212, 4.932315E-12,   -34.36551,          NaN,         NaN
  9450.0,  2.589839E-5,   150.09517,  2.856124E-5,   485.49591, 7.153714E-12,   -36.21899,          NaN,         NaN
  9455.0,  4.328436E-5,   151.18601,  2.574663E-5,   484.96646, 5.157011E-12,   -36.71762,          NaN,         NaN
  9460.0,  5.411191E-5,   150.20416,  2.643559E-5,   484.17161, 3.378882E-12,   -37.22693,          NaN,         NaN
  9465.0,  4.879791E-5,   149.16253,  3.287793E-5,   483.65983, 5.023662E-12,   -37.04463,          NaN,         NaN
  9470.0,  4.854620E-5,   148.17219,  2.152535E-5,   483.17700, 3.640294E-12,   -37.84371,          NaN,         NaN
  9475.0,  4.764093E-5,   148.03174,  1.522599E-5,   484.01491, 4.504279E-12,   -38.34142,          NaN,         NaN
  9480.0,  4.137320E-5,   147.43431,  2.509703E-5,   485.38556, 4.662453E-12,   -38.28682,          NaN,         NaN
  9485.0,  4.299873E-5,   147.35005,  3.152702E-5,   483.81873, 4.121345E-12,   -38.02789,          NaN,         NaN
  9490.0,  3.038741E-5,   146.46176,  2.265981E-5,   484.17821, 5.163209E-12,   -38.93936,          NaN,         NaN
  9495.0,  2.372236E-5,   146.12521,  1.443947E-5,   483.53255, 4.584005E-12,   -39.89178,          NaN,         NaN
  9500.0,  1.438274E-5,   145.72896,  2.456707E-5,   483.64958, 3.608732E-12,   -40.65781,          NaN,         NaN
  9505.0,  3.097239E-5,   144.87249,  2.700017E-5,   481.81827, 4.953931E-12,   -41.32070,          NaN,         NaN
  9510.0,  3.352293E-5,   143.27477,  1.818390E-5,   482.06940, 6.402125E-12,   -42.12231,          NaN,         NaN
  9515.0,  3.255022E-5,   142.06628,  3.335555E-5,   480.53055, 5.565018E-12,   -41.42018,          NaN,         NaN
  9520.0,  1.849852E-5,   141.78027,  3.011606E-5,   480.07196, 3.435913E-12,   -41.35454,          NaN,         NaN
  9525.0,  2.629506E-5,   141.78840,  2.107841E-5,   478.65670, 4.425966E-12,   -42.15466,          NaN,         NaN
  9530.0,  1.475169E-5,   143.03104,  3.331469E-5,   477.99552, 3.984310E-12,   -42.90773,          NaN,         NaN
  9535.0,  2.682964E-5,   141.89949,  3.026854E-5,   477.11010, 2.715652E-12,   -43.39460,          NaN,         NaN
  9540.0,  1.622309E-5,   140.54008,  2.195880E-5,   476.92375, 3.683696E-12,   -43.47915,          NaN,         NaN
  9545.0,  2.978725E-5,   139.06214,  4.327182E-5,   477.31878, 4.917714E-12,   -43.56454,          NaN,         NaN
  9550.0,  2.608997E-5,   138.33816,  3.793930E-5,   476.97101, 4.427481E-12,   -44.39437,          NaN,         NaN
  9555.0,  2.488297E-5,   138.02835,  3.060445E-5,   476.14188, 3.883159E-12,   -45.41053,          NaN,         NaN
  9560.0,  1.977421E-5,   137.43922,  1.765198E-5,   476.04632, 4.019396E-12,   -46.15692,          NaN,         NaN
  9565.0,  1.737219E-5,   136.72529,  3.000070E-5,   474.97784, 5.146920E-12,   -46.21983,          NaN,         NaN
  9570.0,  2.005952E-5,   136.59911,  2.519650E-5,   474.78751, 3.042495E-12,   -46.42832,          NaN,         NaN
  9575.0,  3.169641E-5,   134.78080,  1.565856E-5,   474.18756, 5.922330E-12,   -46.60309,          NaN,         NaN
  9580.0,  3.517174E-5,   134.45892,  2.771921E-5,   472.90390, 5.741837E-12,   -47.70038,          NaN,         NaN
  9585.0,  2.728028E-5,   133.57765,  2.094462E-5,   472.01895, 5.963568E-12,   -47.59429,          NaN,         NaN
  9590.0,  2.131826E-5,   132.79862,  2.762578E-5,   472.99181, 7.217706E-12,   -48.87387,          NaN,         NaN
  9595.0,  1.515698E-5,   132.39254,  2.707633E-5,   472.47247, 6.656279E-12,   -50.04209,          NaN,         NaN
  9600.0,  3.492131E-5,   132.25456,  3.394545E-5,   472.20219, 3.627288E-12,   -49.85347,          NaN,         NaN
  9605.0,  2.048548E-5,   131.55478,  3.562540E-5,   472.58134, 5.426215E-12,   -50.04307,          NaN,         NaN
  9610.0,  2.010262E-5,   131.97796,  2.171798E-5,   471.45089, 3.216560E-12,   -50.48722,          NaN,         NaN
  9615.0,  2.416671E-5,   130.48197,  2.360575E-5,   471.63692, 6.181188E-12,   -49.98171,          NaN,         NaN
  9620.0,  2.786816E-5,   129.30843,  2.400228E-5,   472.01325, 5.988201E-12,   -50.52677,          NaN,         NaN
  9625.0,  2.149116E-5,   128.38397,  2.814983E-5,   471.25583, 5.193291E-12,   -51.14911,          NaN,         NaN
  9630.0,  3.753006E-5,   126.64488,  1.793742E-5,   470.63398, 4.726057E-12,   -50.94555,          NaN,         NaN
  9635.0,  1.885205E-5,   126.22685,  2.537363E-5,   469.51641, 3.260835E-12,   -49.79470,          NaN,         NaN
  9640.0,  1.874783E-5,   126.15091,  2.948544E-5,   468.43625, 4.157680E-12,   -50.31405,          NaN,         NaN
  9645.0,  2.328297E-5,   125.24374,  1.592969E-5,   468.05089, 4.878465E-12,   -50.58204,          NaN,         NaN
  9650.0,  2.041586E-5,   125.36802,  3.842159E-5,   468.08642, 4.495560E-12,   -51.34712,          NaN,         NaN
  9655.0,  3.462918E-5,   124.62300,  3.846059E-5,   468.16265, 3.341262E-12,   -51.29161,          NaN,         NaN
  9660.0,  2.614381E-5,   123.23409,  4.343885E-5,   466.47007, 3.124697E-12,   -52.00860,          NaN,         NaN
  9665.0,  2.941566E-5,   124.02642,  2.517649E-5,   465.94776, 4.207858E-12,   -52.24340,          NaN,         NaN
  9670.0,  1.657964E-5,   123.86044,  1.928921E-5,   465.34689, 5.132199E-12,   -53.13806,          NaN,         NaN
  9675.0,  2.137501E-5,   124.12612,  1.695135E-5,   464.79943, 5.603584E-12,   -54.49182,          NaN,         NaN
  9680.0,  2.359786E-5,   122.55208,  1.989715E-5,   464.33632, 4.865117E-12,   -55.38023,          NaN,         NaN
  9685.0,  1.828470E-5,   122.85734,  2.331672E-5,   463.85756, 6.937507E-12,   -55.34928,          NaN,         NaN
  9690.0,  2.637857E-5,   122.66794,  2.118237E-5,   463.43143, 7.892843E-12,   -56.62009,          NaN,         NaN
  9695.0,  3.506969E-5,   122.36648,  2.143623E-5,   463.01277, 5.494366E-12,   -56.85379,          NaN,         NaN
  9700.0,  3.350451E-5,   121.30926,  2.139681E-5,   461.73374, 4.348956E-12,   -58.22442,          NaN,         NaN
  9705.0,  3.758769E-5,   120.42138,  2.035690E-5,   460.78226, 3.124520E-12,   -58.68602,          NaN,         NaN
  9710.0,  3.358408E-5,   119.37779,  3.590309E-5,   460.43145, 4.879329E-12,   -59.13547,          NaN,         NaN
  9715.0,  2.211127E-5,   119.02784,  2.623895E-5,   460.03692, 6.493301E-12,   -59.83759,          NaN,         NaN
  9720.0,  2.603761E-5,   118.61952,  2.314640E-5,   459.91703, 4.409218E-12,   -61.22010,          NaN,         NaN
  9725.0,  2.757155E-5,   117.63739,  2.749874E-5,   459.28001, 7.754120E-12,   -61.48606,          NaN,         NaN
  9730.0,  1.842802E-5,   116.32966,  2.247349E-5,   457.94946, 1.016244E-11,   -62.97298,          NaN,         NaN
  9735.0,  2.284948E-5,   117.49661,  3.043349E-5,   457.43383, 6.237960E-12,   -64.23683,          NaN,         NaN
  9740.0,  2.029230E-5,   118.25361,  2.300994E-5,   457.06534, 3.246274E-12,   -64.64902,          NaN,         NaN
  9745.0,  1.629019E-5,   117.49025,  1.490240E-5,   457.93423, 7.248508E-12,   -65.49741,          NaN,         NaN
  9750.0,  3.152975E-5,   117.26268,  2.977023E-5,   457.16979, 3.345413E-12,   -65.76094,          NaN,         NaN
  9755.0,  1.700136E-5,   117.58456,  2.880648E-5,   457.82513, 3.725519E-12,   -65.79277,          NaN,         NaN
  9760.0,  3.367088E-5,   117.16603,  2.798496E-5,   458.24553, 4.758140E-12,   -66.27916,          NaN,         NaN
  9765.0,  3.126523E-5,   116.40040,  2.417018E-5,   457.72638, 3.926339E-12,   -67.79227,          NaN,         NaN
  9770.0,  2.183402E-5,   115.69639,  2.168889E-5,   459.04338, 6.671397E-12,   -67.59483,          NaN,         NaN
  9775.0,  2.853758E-5,   115.10111,  2.012121E-5,   459.51130, 4.999674E-12,   -69.58482,          NaN,         NaN
  9780.0,  2.799872E-5,   114.94817,  1.753314E-5,   460.19072, 5.763938E-12,   -68.80315,          NaN,         NaN
  9785.0,  2.029815E-5,   114.46974,  2.330455E-5,   459.25496, 8.322984E-12,   -71.04544,          NaN,         NaN
  9790.0,  2.783894E-5,   114.95945,  3.227185E-5,   459.40466, 7.085166E-12,   -71.06139,          NaN,         NaN
  9795.0,  2.957838E-5,   114.11418,  3.389793E-5,   458.03137, 7.201854E-12,   -72.02630,          NaN,         NaN
  9800.0,  2.045123E-5,   113.49377,  2.309940E-5,   458.69414, 3.733692E-12,   -72.04336,          NaN,         NaN
  9805.0,  1.774959E-5,   114.51025,  1.304431E-5,   458.58647, 4.948702E-12,   -71.17559,          NaN,         NaN
  9810.0,  2.715172E-5,   113.59921,  3.301350E-5,   458.30492, 6.099563E-12,   -72.29952,          NaN,         NaN
  9815.0,  2.650530E-5,   112.76235,  2.566547E-5,   458.24649, 6.552500E-12,   -73.78975,          NaN,         NaN
  9820.0,  3.817640E-5,   112.31330,  2.880033E-5,   457.72914, 5.315459E-12,   -73.50719,          NaN,         NaN
  9825.0,  2.838514E-5,   112.94927,  2.198824E-5,   457.89881, 4.909863E-12,   -74.59378,          NaN,         NaN
  9830.0,  3.737088E-5,   111.26954,  2.366600E-5,   456.62178, 3.711974E-12,   -74.32897,          NaN,         NaN
  9835.0,  2.355159E-5,   110.49119,  3.577984E-5,   456.74439, 6.061129E-12,   -73.81458,          NaN,         NaN
  9840.0,  2.502426E-5,   110.08975,  2.510265E-5,   457.55452, 5.026029E-12,   -73.55182,          NaN,         NaN
  9845.0,  2.194195E-5,   109.36585,  2.294398E-5,   457.02559, 4.939007E-12,   -74.52479,          NaN,         NaN
  9850.0,  1.869113E-5,   108.57372,  2.182589E-5,   457.18223, 2.938648E-12,   -74.14917,          NaN,         NaN
  9855.0,  3.721028E-5,   107.28079,  2.818815E-5,   456.35232, 6.050429E-12,   -74.91058,          NaN,         NaN
  9860.0,  3.223718E-5,   106.71123,  3.435356E-5,   455.82044, 6.601594E-12,   -74.31331,          NaN,         NaN
  9865.0,  3.020922E-5,   106.80542,  3.205655E-5,   454.47626, 6.082380E-12,   -76.17624,          NaN,         NaN
  9870.0,  1.836456E-5,   107.31600,  2.903335E-5,   454.94065, 3.506150E-12,   -77.25898,          NaN,         NaN
  9875.0,  2.506681E-5,   106.87554,  2.541834E-5,   453.65114, 3.598223E-12,   -77.21872,          NaN,         NaN
  9880.0,  2.599890E-5,   105.84565,  2.147442E-5,   453.59498, 4.976753E-12,   -77.50848,          NaN,         NaN
  9885.0,  1.709217E-5,   107.06102,  2.035912E-5,   452.47880, 4.622210E-12,   -78.59826,          NaN,         NaN
  9890.0,  1.873107E-5,   107.36481,  4.874904E-5,   452.64181, 6.375659E-12,   -78.66051,          NaN,         NaN
  9895.0,  1.711218E-5,   107.30125,  3.229561E-5,   452.91911, 4.546865E-12,   -79.61372,          NaN,         NaN
  9900.0,  2.167317E-5,   107.28461,  1.828658E-5,   453.14067, 4.933768E-12,   -80.16603,          NaN,         NaN
  9905.0,  1.765958E-5,   106.32045,  2.826109E-5,   453.49715, 4.649455E-12,   -81.23494,          NaN,         NaN
  9910.0,  1.566098E-5,   105.43575,  4.403383E-5,   452.87025, 4.765009E-12,   -80.94705,          NaN,         NaN
  9915.0,  2.804264E-5,   106.59342,  4.435545E-5,   451.95754, 3.551737E-12,   -81.34291,          NaN,         NaN
  9920.0,  2.332733E-5,   105.33428,  3.246561E-5,   450.95165, 6.350786E-12,   -82.13550,          NaN,         NaN
  9925.0,  3.761452E-5,   105.12256,  2.018240E-5,   450.04522, 5.036006E-12,   -83.00321,          NaN,         NaN
  9930.0,  2.221022E-5,   104.82145,  2.994804E-5,   449.88102, 4.067587E-12,   -82.74566,          NaN,         NaN
  9935.0,  2.813470E-5,   103.93014,  2.291960E-5,   449.05272, 3.802817E-12,   -83.83710,          NaN,         NaN
  9940.0,  2.814627E-5,   102.56580,  2.860424E-5,   450.08939, 4.639127E-12,   -85.05766,          NaN,         NaN
  9945.0,  2.404222E-5,   103.68246,  1.818282E-5,   449.88940, 3.495091E-12,   -84.16905,          NaN,         NaN
  9950.0,  2.668087E-5,   102.59909,  2.342033E-5,   448.28986, 3.413540E-12,   -85.12819,          NaN,         NaN
  9955.0,  2.100656E-5,   102.65522,  1.691973E-5,   449.09748, 4.662645E-12,   -86.14983,          NaN,         NaN
  9960.0,  2.704178E-5,   101.13098,  2.547235E-5,   447.75341, 4.660395E-12,   -87.41828,          NaN,         NaN
  9965.0,  2.857142E-5,   100.21307,  2.473247E-5,   447.68112, 4.243158E-12,   -86.70793,          NaN,         NaN
  9970.0,  2.265863E-5,   100.55406,  2.096268E-5,   446.50344, 5.241711E-12,   -87.45235,          NaN,         NaN
  9975.0,  2.015996E-5,    99.36796,  3.138750E-5,   446.90639, 3.725039E-12,   -88.24932,          NaN,         NaN
  9980.0,  3.912824E-5,    98.56878,  3.905310E-5,   445.29656, 4.832565E-12,   -86.88017,          NaN,         NaN
  9985.0,  3.774214E-5,    97.23994,  2.016930E-5,   445.58006, 4.045720E-12,   -87.58328,          NaN,         NaN
  9990.0,  1.834150E-5,    97.03927,  2.859213E-5,   447.27819, 4.790228E-12,   -88.14148,          NaN,         NaN
  9995.0,  3.301606E-5,    96.92390,  3.335309E-5,   446.37506, 3.811511E-12,   -89.35989,          NaN,         NaN
 10000.0,  1.475390E-5,    95.38984,  2.186310E-5,   448.05457, 3.735431E-12,   -90.44269,          NaN,         NaN
,,,          NaN,,,,          NaN,         NaN
,,,          NaN,,,,          NaN,         NaN
,,,          NaN,,,,          NaN,         NaN
,,,          NaN,,,,          NaN,         NaN
,,,          NaN,,,,          NaN,         NaN
,,,          NaN,,,,          NaN,         NaN
,,,          NaN,,,,          NaN,         NaN
,,,          NaN,,,,          NaN,         NaN
,,,          NaN,,,,          NaN,         NaN
,,,          NaN,,,,          NaN,         NaN
,,,          NaN,,,,          NaN,         NaN
,,,          NaN,,,,          NaN,         NaN
,,,          NaN,,,,          NaN,         NaN
,,,          NaN,,,,          NaN,         NaN
,,,          NaN,,,,          NaN,         NaN
,,,          NaN,,,,          NaN,         NaN
,,,          NaN,,,,          NaN,         NaN
,,,          NaN,,,,          NaN,         NaN
,,,          NaN,,,,          NaN,         NaN
,,,          NaN,,,,          NaN,         NaN
,,,          NaN,,,,          NaN,         NaN
,,,          NaN,,,,          NaN,         NaN
,,,          NaN,,,,          NaN,         NaN
,,,          NaN,,,,          NaN,         NaN
,,,          NaN,,,,          NaN,         NaN
,,,          NaN,,,,          NaN,         NaN
,,,          NaN,,,,          NaN,         NaN
,,,          NaN,,,,          NaN,         NaN
,,,          NaN,,,,          NaN,         NaN
,,,          NaN,,,,          NaN,         NaN
,,,          NaN,,,,          NaN,         NaN
,,,          NaN,,,,          NaN,         NaN
,,,          NaN,,,,          NaN,         NaN
,,,          NaN,,,,          NaN,         NaN
,,,          NaN,,,,          NaN,         NaN
,,,          NaN,,,,          NaN,         NaN
,,,          NaN,,,,          NaN,         NaN
,,,          NaN,,,,          NaN,         NaN
,,,          NaN,,,,          NaN,         NaN
,,,          NaN,,,,          NaN,         NaN
,,,          NaN,,,,          NaN,         NaN
,,,          NaN,,,,          NaN,         NaN
,,,          NaN,,,,          NaN,         NaN
,,,          NaN,,,,          NaN,         NaN
,,,          NaN,,,,          NaN,         NaN
,,,          NaN,,,,          NaN,         NaN
,,,          NaN,,,,          NaN,         NaN
,,,          NaN,,,,          NaN,         NaN
,,,          NaN,,,,          NaN,         NaN
,,,          NaN,,,,          NaN,         NaN
,,,          NaN,,,,          NaN,         NaN
,,,          NaN,,,,          NaN,         NaN
,,,          NaN,,,,          NaN,         NaN
,,,          NaN,,,,          NaN,         NaN
,,,          NaN,,,,          NaN,         NaN
,,,          NaN,,,,          NaN,         NaN
,,,          NaN,,,,          NaN,         NaN
,,,          NaN,,,,          NaN,         NaN
,,,          NaN,,,,          NaN,         NaN
,,,          NaN,,,,          NaN,         NaN
,,,          NaN,,,,          NaN,         NaN
,,,          NaN,,,,          NaN,         NaN
,,,          NaN,,,,          NaN,         NaN
,,,          NaN,,,,          NaN,         NaN
,,,          NaN,,,,          NaN,         NaN
,,,          NaN,,,,          NaN,         NaN
,,,          NaN,,,,          NaN,         NaN
,,,          NaN,,,,          NaN,         NaN
,,,          NaN,,,,          NaN,         NaN
,,,          NaN,,,,          NaN,         NaN
,,,          NaN,,,,          NaN,         NaN
,,,          NaN,,,,          NaN,         NaN
,,,          NaN,,,,          NaN,         NaN
,,,          NaN,,,,          NaN,         NaN
,,,          NaN,,,,          NaN,         NaN
,,,          NaN,,,,          NaN,         NaN
,,,          NaN,,,,          NaN,         NaN
,,,          NaN,,,,          NaN,         NaN
,,,          NaN,,,,          NaN,         NaN
,,,          NaN,,,,          NaN,         NaN
,,,          NaN,,,,          NaN,         NaN
,,,          NaN,,,,          NaN,         NaN
,,,          NaN,,,,          NaN,         NaN
,,,          NaN,,,,          NaN,         NaN
,,,          NaN,,,,          NaN,         NaN
,,,          NaN,,,,          NaN,         NaN
,,,          NaN,,,,          NaN,         NaN
,,,          NaN,,,,          NaN,         NaN
,,,          NaN,,,,          NaN,         NaN
,,,          NaN,,,,          NaN,         NaN
,,,          NaN,,,,          NaN,         NaN
,,,          NaN,,,,          NaN,         NaN
,,,          NaN,,,,          NaN,         NaN
,,,          NaN,,,,          NaN,         NaN
,,,          NaN,,,,          NaN,         NaN
,,,          NaN,,,,          NaN,         NaN
,,,          NaN,,,,          NaN,         NaN
,,,          NaN,,,,          NaN,         NaN
,,,          NaN,,,,          NaN,         NaN
,,,          NaN,,,,          NaN,         NaN
,,,          NaN,,,,          NaN,         NaN
,,,          NaN,,,,          NaN,         NaN
,,,          NaN,,,,          NaN,         NaN
,,,          NaN,,,,          NaN,         NaN
,,,          NaN,,,,          NaN,         NaN
,,,          NaN,,,,          NaN,         NaN
,,,          NaN,,,,          NaN,         NaN
,,,          NaN,,,,          NaN,         NaN
,,,          NaN,,,,          NaN,         NaN
,,,          NaN,,,,          NaN,         NaN
,,,          NaN,,,,          NaN,         NaN
,,,          NaN,,,,          NaN,         NaN
,,,          NaN,,,,          NaN,         NaN
,,,          NaN,,,,          NaN,         NaN
,,,          NaN,,,,          NaN,         NaN
,,,          NaN,,,,          NaN,         NaN
,,,          NaN,,,,          NaN,         NaN
,,,          NaN,,,,          NaN,         NaN
,,,          NaN,,,,          NaN,         NaN
,,,          NaN,,,,          NaN,         NaN
,,,          NaN,,,,          NaN,         NaN
,,,          NaN,,,,          NaN,         NaN
,,,          NaN,,,,          NaN,         NaN
,,,          NaN,,,,          NaN,         NaN
,,,          NaN,,,,          NaN,         NaN
,,,          NaN,,,,          NaN,         NaN
,,,          NaN,,,,          NaN,         NaN
,,,          NaN,,,,          NaN,         NaN
,,,          NaN,,,,          NaN,         NaN
,,,          NaN,,,,          NaN,         NaN
,,,          NaN,,,,          NaN,         NaN
,,,          NaN,,,,          NaN,         NaN
,,,          NaN,,,,          NaN,         NaN
,,,          NaN,,,,          NaN,         NaN
,,,          NaN,,,,          NaN,         NaN
,,,          NaN,,,,          NaN,         NaN
,,,          NaN,,,,          NaN,         NaN
,,,          NaN,,,,          NaN,         NaN
,,,          NaN,,,,          NaN,         NaN
,,,          NaN,,,,          NaN,         NaN
,,,          NaN,,,,          NaN,         NaN
,,,          NaN,,,,          NaN,         NaN
,,,          NaN,,,,          NaN,         NaN
,,,          NaN,,,,          NaN,         NaN
,,,          NaN,,,,          NaN,         NaN
,,,          NaN,,,,          NaN,         NaN
,,,          NaN,,,,          NaN,         NaN
,,,          NaN,,,,          NaN,         NaN
,,,          NaN,,,,          NaN,         NaN
,,,          NaN,,,,          NaN,         NaN
,,,          NaN,,,,          NaN,         NaN
,,,          NaN,,,,          NaN,         NaN
,,,          NaN,,,,          NaN,         NaN
,,,          NaN,,,,          NaN,         NaN
,,,          NaN,,,,          NaN,         NaN
,,,          NaN,,,,          NaN,         NaN
,,,          NaN,,,,          NaN,         NaN
,,,          NaN,,,,          NaN,         NaN
,,,          NaN,,,,          NaN,         NaN
,,,          NaN,,,,          NaN,         NaN
,,,          NaN,,,,          NaN,         NaN
,,,          NaN,,,,          NaN,         NaN
,,,          NaN,,,,          NaN,         NaN
,,,          NaN,,,,          NaN,         NaN
,,,          NaN,,,,          NaN,         NaN
,,,          NaN,,,,          NaN,         NaN
,,,          NaN,,,,          NaN,         NaN
,,,          NaN,,,,          NaN,         NaN
,,,          NaN,,,,          NaN,         NaN
,,,          NaN,,,,          NaN,         NaN
,,,          NaN,,,,          NaN,         NaN
,,,          NaN,,,,          NaN,         NaN
,,,          NaN,,,,          NaN,         NaN
,,,          NaN,,,,          NaN,         NaN
,,,          NaN,,,,          NaN,         NaN
,,,          NaN,,,,          NaN,         NaN
,,,          NaN,,,,          NaN,         NaN
,,,          NaN,,,,          NaN,         NaN
,,,          NaN,,,,          NaN,         NaN
,,,          NaN,,,,          NaN,         NaN
,,,          NaN,,,,          NaN,         NaN
,,,          NaN,,,,          NaN,         NaN
,,,          NaN,,,,          NaN,         NaN
,,,          NaN,,,,          NaN,         NaN
,,,          NaN,,,,          NaN,         NaN
,,,          NaN,,,,          NaN,         NaN
,,,          NaN,,,,          NaN,         NaN
,,,          NaN,,,,          NaN,         NaN
,,,          NaN,,,,          NaN,         NaN
,,,          NaN,,,,          NaN,         NaN
,,,          NaN,,,,          NaN,         NaN
,,,          NaN,,,,          NaN,         NaN
,,,          NaN,,,,          NaN,         NaN
,,,          NaN,,,,          NaN,         NaN
,,,          NaN,,,,          NaN,         NaN
,,,          NaN,,,,          NaN,         NaN
,,,          NaN,,,,          NaN,         NaN
,,,          NaN,,,,          NaN,         NaN
,,,          NaN,,,,          NaN,         NaN
,,,          NaN,,,,          NaN,         NaN
,,,          NaN,,,,          NaN,         NaN
,,,          NaN,,,,          NaN,         NaN
,,,          NaN,,,,          NaN,         NaN
,,,          NaN,,,,          NaN,         NaN
,,,          NaN,,,,          NaN,         NaN
,,,          NaN,,,,          NaN,         NaN
,,,          NaN,,,,          NaN,         NaN
,,,          NaN,,,,          NaN,         NaN
,,,          NaN,,,,          NaN,         NaN
,,,          NaN,,,,          NaN,         NaN
,,,          NaN,,,,          NaN,         NaN
,,,          NaN,,,,          NaN,         NaN
,,,          NaN,,,,          NaN,         NaN
,,,          NaN,,,,          NaN,         NaN
,,,          NaN,,,,          NaN,         NaN
,,,          NaN,,,,          NaN,         NaN
,,,          NaN,,,,          NaN,         NaN
,,,          NaN,,,,          NaN,         NaN
,,,          NaN,,,,          NaN,         NaN
,,,          NaN,,,,          NaN,         NaN
,,,          NaN,,,,          NaN,         NaN
,,,          NaN,,,,          NaN,         NaN
,,,          NaN,,,,          NaN,         NaN
,,,          NaN,,,,          NaN,         NaN
,,,          NaN,,,,          NaN,         NaN
,,,          NaN,,,,          NaN,         NaN
,,,          NaN,,,,          NaN,         NaN
,,,          NaN,,,,          NaN,         NaN
,,,          NaN,,,,          NaN,         NaN
,,,          NaN,,,,          NaN,         NaN
,,,          NaN,,,,          NaN,         NaN
,,,          NaN,,,,          NaN,         NaN
,,,          NaN,,,,          NaN,         NaN
,,,          NaN,,,,          NaN,         NaN
,,,          NaN,,,,          NaN,         NaN
,,,          NaN,,,,          NaN,         NaN
,,,          NaN,,,,          NaN,         NaN
,,,          NaN,,,,          NaN,         NaN
,,,          NaN,,,,          NaN,         NaN
,,,          NaN,,,,          NaN,         NaN
,,,          NaN,,,,          NaN,         NaN
,,,          NaN,,,,          NaN,         NaN
,,,          NaN,,,,          NaN,         NaN
,,,          NaN,,,,          NaN,         NaN
,,,          NaN,,,,          NaN,         NaN
,,,          NaN,,,,          NaN,         NaN
,,,          NaN,,,,          NaN,         NaN
,,,          NaN,,,,          NaN,         NaN
,,,          NaN,,,,          NaN,         NaN
,,,          NaN,,,,          NaN,         NaN
,,,          NaN,,,,          NaN,         NaN
,,,          NaN,,,,          NaN,         NaN
,,,          NaN,,,,          NaN,         NaN
,,,          NaN,,,,          NaN,         NaN
,,,          NaN,,,,          NaN,         NaN
,,,          NaN,,,,          NaN,         NaN
,,,          NaN,,,,          NaN,         NaN
,,,          NaN,,,,          NaN,         NaN
,,,          NaN,,,,          NaN,         NaN
,,,          NaN,,,,          NaN,         NaN
,,,          NaN,,,,          NaN,         NaN
,,,          NaN,,,,          NaN,         NaN
,,,          NaN,,,,          NaN,         NaN
,,,          NaN,,,,          NaN,         NaN
,,,          NaN,,,,          NaN,         NaN
,,,          NaN,,,,          NaN,         NaN
,,,          NaN,,,,          NaN,         NaN
,,,          NaN,,,,          NaN,         NaN
,,,          NaN,,,,          NaN,         NaN
,,,          NaN,,,,          NaN,         NaN
,,,          NaN,,,,          NaN,         NaN
,,,          NaN,,,,          NaN,         NaN
,,,          NaN,,,,          NaN,         NaN
,,,          NaN,,,,          NaN,         NaN
,,,          NaN,,,,          NaN,         NaN
,,,          NaN,,,,          NaN,         NaN
,,,          NaN,,,,          NaN,         NaN
,,,          NaN,,,,          NaN,         NaN
,,,          NaN,,,,          NaN,         NaN
,,,          NaN,,,,          NaN,         NaN
,,,          NaN,,,,          NaN,         NaN
,,,          NaN,,,,          NaN,         NaN
,,,          NaN,,,,          NaN,         NaN
,,,          NaN,,,,          NaN,         NaN
,,,          NaN,,,,          NaN,         NaN
,,,          NaN,,,,          NaN,         NaN
,,,          NaN,,,,          NaN,         NaN
,,,          NaN,,,,          NaN,         NaN
,,,          NaN,,,,          NaN,         NaN
,,,          NaN,,,,          NaN,         NaN
,,,          NaN,,,,          NaN,         NaN
,,,          NaN,,,,          NaN,         NaN
,,,          NaN,,,,          NaN,         NaN
,,,          NaN,,,,          NaN,         NaN
,,,          NaN,,,,          NaN,         NaN
,,,          NaN,,,,          NaN,         NaN
,,,          NaN,,,,          NaN,         NaN
,,,          NaN,,,,          NaN,         NaN
,,,          NaN,,,,          NaN,         NaN
,,,          NaN,,,,          NaN,         NaN
,,,          NaN,,,,          NaN,         NaN
,,,          NaN,,,,          NaN,         NaN
,,,          NaN,,,,          NaN,         NaN
,,,          NaN,,,,          NaN,         NaN
,,,          NaN,,,,          NaN,         NaN
,,,          NaN,,,,          NaN,         NaN
,,,          NaN,,,,          NaN,         NaN
,,,          NaN,,,,          NaN,         NaN
,,,          NaN,,,,          NaN,         NaN
,,,          NaN,,,,          NaN,         NaN
,,,          NaN,,,,          NaN,         NaN
,,,          NaN,,,,          NaN,         NaN
,,,          NaN,,,,          NaN,         NaN
,,,          NaN,,,,          NaN,         NaN
,,,          NaN,,,,          NaN,         NaN
,,,          NaN,,,,          NaN,         NaN
,,,          NaN,,,,          NaN,         NaN
,,,          NaN,,,,          NaN,         NaN
,,,          NaN,,,,          NaN,         NaN
,,,          NaN,,,,          NaN,         NaN
,,,          NaN,,,,          NaN,         NaN
,,,          NaN,,,,          NaN,         NaN
,,,          NaN,,,,          NaN,         NaN
,,,          NaN,,,,          NaN,         NaN
,,,          NaN,,,,          NaN,         NaN
,,,          NaN,,,,          NaN,         NaN
,,,          NaN,,,,          NaN,         NaN
,,,          NaN,,,,          NaN,         NaN
,,,          NaN,,,,          NaN,         NaN
,,,          NaN,,,,          NaN,         NaN
,,,          NaN,,,,          NaN,         NaN
,,,          NaN,,,,          NaN,         NaN
,,,          NaN,,,,          NaN,         NaN
,,,          NaN,,,,          NaN,         NaN
,,,          NaN,,,,          NaN,         NaN
,,,          NaN,,,,          NaN,         NaN
,,,          NaN,,,,          NaN,         NaN
,,,          NaN,,,,          NaN,         NaN
,,,          NaN,,,,          NaN,         NaN
,,,          NaN,,,,          NaN,         NaN
,,,          NaN,,,,          NaN,         NaN
,,,          NaN,,,,          NaN,         NaN
,,,          NaN,,,,          NaN,         NaN
,,,          NaN,,,,          NaN,         NaN
,,,          NaN,,,,          NaN,         NaN
,,,          NaN,,,,          NaN,         NaN
,,,          NaN,,,,          NaN,         NaN
,,,          NaN,,,,          NaN,         NaN
,,,          NaN,,,,          NaN,         NaN
,,,          NaN,,,,          NaN,         NaN
,,,          NaN,,,,          NaN,         NaN
,,,          NaN,,,,          NaN,         NaN
,,,          NaN,,,,          NaN,         NaN
,,,          NaN,,,,          NaN,         NaN
,,,          NaN,,,,          NaN,         NaN
,,,          NaN,,,,          NaN,         NaN
,,,          NaN,,,,          NaN,         NaN
,,,          NaN,,,,          NaN,         NaN
,,,          NaN,,,,          NaN,         NaN
,,,          NaN,,,,          NaN,         NaN
,,,          NaN,,,,          NaN,         NaN
,,,          NaN,,,,          NaN,         NaN
,,,          NaN,,,,          NaN,         NaN
,,,          NaN,,,,          NaN,         NaN
,,,          NaN,,,,          NaN,         NaN
,,,          NaN,,,,          NaN,         NaN
,,,          NaN,,,,          NaN,         NaN
,,,          NaN,,,,          NaN,         NaN
,,,          NaN,,,,          NaN,         NaN
,,,          NaN,,,,          NaN,         NaN
,,,          NaN,,,,          NaN,         NaN
,,,          NaN,,,,          NaN,         NaN
,,,          NaN,,,,          NaN,         NaN
,,,          NaN,,,,          NaN,         NaN
,,,          NaN,,,,          NaN,         NaN
,,,          NaN,,,,          NaN,         NaN
,,,          NaN,,,,          NaN,         NaN
,,,          NaN,,,,          NaN,         NaN
,,,          NaN,,,,          NaN,         NaN
,,,          NaN,,,,          NaN,         NaN
,,,          NaN,,,,          NaN,         NaN
,,,          NaN,,,,          NaN,         NaN
,,,          NaN,,,,          NaN,         NaN
,,,          NaN,,,,          NaN,         NaN
,,,          NaN,,,,          NaN,         NaN
,,,          NaN,,,,          NaN,         NaN
,,,          NaN,,,,          NaN,         NaN
,,,          NaN,,,,          NaN,         NaN
,,,          NaN,,,,          NaN,         NaN
,,,          NaN,,,,          NaN,         NaN
,,,          NaN,,,,          NaN,         NaN
,,,          NaN,,,,          NaN,         NaN
,,,          NaN,,,,          NaN,         NaN
,,,          NaN,,,,          NaN,         NaN
,,,          NaN,,,,          NaN,         NaN
,,,          NaN,,,,          NaN,         NaN
,,,          NaN,,,,          NaN,         NaN
,,,          NaN,,,,          NaN,         NaN
,,,          NaN,,,,          NaN,         NaN
,,,          NaN,,,,          NaN,         NaN
,,,          NaN,,,,          NaN,         NaN
,,,          NaN,,,,          NaN,         NaN
,,,          NaN,,,,          NaN,         NaN
,,,          NaN,,,,          NaN,         NaN
,,,          NaN,,,,          NaN,         NaN
,,,          NaN,,,,          NaN,         NaN
,,,          NaN,,,,          NaN,         NaN
,,,          NaN,,,,          NaN,         NaN
,,,          NaN,,,,          NaN,         NaN
,,,          NaN,,,,          NaN,         NaN
,,,          NaN,,,,          NaN,         NaN
,,,          NaN,,,,          NaN,         NaN
,,,          NaN,,,,          NaN,         NaN
,,,          NaN,,,,          NaN,         NaN
,,,          NaN,,,,          NaN,         NaN
,,,          NaN,,,,          NaN,         NaN
,,,          NaN,,,,          NaN,         NaN
,,,          NaN,,,,          NaN,         NaN
,,,          NaN,,,,          NaN,         NaN
,,,          NaN,,,,          NaN,         NaN
,,,          NaN,,,,          NaN,         NaN
,,,          NaN,,,,          NaN,         NaN
,,,          NaN,,,,          NaN,         NaN
,,,          NaN,,,,          NaN,         NaN
,,,          NaN,,,,          NaN,         NaN
,,,          NaN,,,,          NaN,         NaN
,,,          NaN,,,,          NaN,         NaN
,,,          NaN,,,,          NaN,         NaN
,,,          NaN,,,,          NaN,         NaN
,,,          NaN,,,,          NaN,         NaN
,,,          NaN,,,,          NaN,         NaN
,,,          NaN,,,,          NaN,         NaN
,,,          NaN,,,,          NaN,         NaN
,,,          NaN,,,,          NaN,         NaN
,,,          NaN,,,,          NaN,         NaN
,,,          NaN,,,,          NaN,         NaN
,,,          NaN,,,,          NaN,         NaN
,,,          NaN,,,,          NaN,         NaN
,,,          NaN,,,,          NaN,         NaN
,,,          NaN,,,,          NaN,         NaN
,,,          NaN,,,,          NaN,         NaN
,,,          NaN,,,,          NaN,         NaN
,,,          NaN,,,,          NaN,         NaN
,,,          NaN,,,,          NaN,         NaN
,,,          NaN,,,,          NaN,         NaN
,,,          NaN,,,,          NaN,         NaN
,,,          NaN,,,,          NaN,         NaN
,,,          NaN,,,,          NaN,         NaN
,,,          NaN,,,,          NaN,         NaN
,,,          NaN,,,,          NaN,         NaN
,,,          NaN,,,,          NaN,         NaN
,,,          NaN,,,,          NaN,         NaN
,,,          NaN,,,,          NaN,         NaN
,,,          NaN,,,,          NaN,         NaN
,,,          NaN,,,,          NaN,         NaN
,,,          NaN,,,,          NaN,         NaN
,,,          NaN,,,,          NaN,         NaN
,,,          NaN,,,,          NaN,         NaN
,,,          NaN,,,,          NaN,         NaN
,,,          NaN,,,,          NaN,         NaN
,,,          NaN,,,,          NaN,         NaN
,,,          NaN,,,,          NaN,         NaN
,,,          NaN,,,,          NaN,         NaN
,,,          NaN,,,,          NaN,         NaN
,,,          NaN,,,,          NaN,         NaN
,,,          NaN,,,,          NaN,         NaN
,,,          NaN,,,,          NaN,         NaN
,,,          NaN,,,,          NaN,         NaN
,,,          NaN,,,,          NaN,         NaN
,,,          NaN,,,,          NaN,         NaN
,,,          NaN,,,,          NaN,         NaN
,,,          NaN,,,,          NaN,         NaN
,,,          NaN,,,,          NaN,         NaN
,,,          NaN,,,,          NaN,         NaN
,,,          NaN,,,,          NaN,         NaN
,,,          NaN,,,,          NaN,         NaN
,,,          NaN,,,,          NaN,         NaN
,,,          NaN,,,,          NaN,         NaN
,,,          NaN,,,,          NaN,         NaN
,,,          NaN,,,,          NaN,         NaN
,,,          NaN,,,,          NaN,         NaN
,,,          NaN,,,,          NaN,         NaN
,,,          NaN,,,,          NaN,         NaN
,,,          NaN,,,,          NaN,         NaN
,,,          NaN,,,,          NaN,         NaN
,,,          NaN,,,,          NaN,         NaN
,,,          NaN,,,,          NaN,         NaN
,,,          NaN,,,,          NaN,         NaN
,,,          NaN,,,,          NaN,         NaN
,,,          NaN,,,,          NaN,         NaN
,,,          NaN,,,,          NaN,         NaN
,,,          NaN,,,,          NaN,         NaN
,,,          NaN,,,,          NaN,         NaN
,,,          NaN,,,,          NaN,         NaN
,,,          NaN,,,,          NaN,         NaN
,,,          NaN,,,,          NaN,         NaN
,,,          NaN,,,,          NaN,         NaN
,,,          NaN,,,,          NaN,         NaN
,,,          NaN,,,,          NaN,         NaN
,,,          NaN,,,,          NaN,         NaN
,,,          NaN,,,,          NaN,         NaN
,,,          NaN,,,,          NaN,         NaN
,,,          NaN,,,,          NaN,         NaN
,,,          NaN,,,,          NaN,         NaN
,,,          NaN,,,,          NaN,         NaN
,,,          NaN,,,,          NaN,         NaN
,,,          NaN,,,,          NaN,         NaN
,,,          NaN,,,,          NaN,         NaN
,,,          NaN,,,,          NaN,         NaN
,,,          NaN,,,,          NaN,         NaN
,,,          NaN,,,,          NaN,         NaN
,,,          NaN,,,,          NaN,         NaN
,,,          NaN,,,,          NaN,         NaN
,,,          NaN,,,,          NaN,         NaN
,,,          NaN,,,,          NaN,         NaN
,,,          NaN,,,,          NaN,         NaN
,,,          NaN,,,,          NaN,         NaN
,,,          NaN,,,,          NaN,         NaN
,,,          NaN,,,,          NaN,         NaN
,,,          NaN,,,,          NaN,         NaN
,,,          NaN,,,,          NaN,         NaN
,,,          NaN,,,,          NaN,         NaN
,,,          NaN,,,,          NaN,         NaN
,,,          NaN,,,,          NaN,         NaN
,,,          NaN,,,,          NaN,         NaN
,,,          NaN,,,,          NaN,         NaN
,,,          NaN,,,,          NaN,         NaN
,,,          NaN,,,,          NaN,         NaN
,,,          NaN,,,,          NaN,         NaN
,,,          NaN,,,,          NaN,         NaN
,,,          NaN,,,,          NaN,         NaN
,,,          NaN,,,,          NaN,         NaN
,,,          NaN,,,,          NaN,         NaN
,,,          NaN,,,,          NaN,         NaN
,,,          NaN,,,,          NaN,         NaN
,,,          NaN,,,,          NaN,         NaN
,,,          NaN,,,,          NaN,         NaN
,,,          NaN,,,,          NaN,         NaN
,,,          NaN,,,,          NaN,         NaN
,,,          NaN,,,,          NaN,         NaN
,,,          NaN,,,,          NaN,         NaN
,,,          NaN,,,,          NaN,         NaN
,,,          NaN,,,,          NaN,         NaN
,,,          NaN,,,,          NaN,         NaN
,,,          NaN,,,,          NaN,         NaN
,,,          NaN,,,,          NaN,         NaN
,,,          NaN,,,,          NaN,         NaN
,,,          NaN,,,,          NaN,         NaN
,,,          NaN,,,,          NaN,         NaN
,,,          NaN,,,,          NaN,         NaN
,,,          NaN,,,,          NaN,         NaN
,,,          NaN,,,,          NaN,         NaN
,,,          NaN,,,,          NaN,         NaN
,,,          NaN,,,,          NaN,         NaN
,,,          NaN,,,,          NaN,         NaN
,,,          NaN,,,,          NaN,         NaN
,,,          NaN,,,,          NaN,         NaN
,,,          NaN,,,,          NaN,         NaN
,,,          NaN,,,,          NaN,         NaN
,,,          NaN,,,,          NaN,         NaN
,,,          NaN,,,,          NaN,         NaN
,,,          NaN,,,,          NaN,         NaN
,,,          NaN,,,,          NaN,         NaN
,,,          NaN,,,,          NaN,         NaN
,,,          NaN,,,,          NaN,         NaN
,,,          NaN,,,,          NaN,         NaN
,,,          NaN,,,,          NaN,         NaN
,,,          NaN,,,,          NaN,         NaN
,,,          NaN,,,,          NaN,         NaN
,,,          NaN,,,,          NaN,         NaN
,,,          NaN,,,,          NaN,         NaN
,,,          NaN,,,,          NaN,         NaN
,,,          NaN,,,,          NaN,         NaN
,,,          NaN,,,,          NaN,         NaN
,,,          NaN,,,,          NaN,         NaN
,,,          NaN,,,,          NaN,         NaN
,,,          NaN,,,,          NaN,         NaN
,,,          NaN,,,,          NaN,         NaN
,,,          NaN,,,,          NaN,         NaN
,,,          NaN,,,,          NaN,         NaN
,,,          NaN,,,,          NaN,         NaN
,,,          NaN,,,,          NaN,         NaN
,,,          NaN,,,,          NaN,         NaN
,,,          NaN,,,,          NaN,         NaN
,,,          NaN,,,,          NaN,         NaN
,,,          NaN,,,,          NaN,         NaN
,,,          NaN,,,,          NaN,         NaN
,,,          NaN,,,,          NaN,         NaN
,,,          NaN,,,,          NaN,         NaN
,,,          NaN,,,,          NaN,         NaN
,,,          NaN,,,,          NaN,         NaN
,,,          NaN,,,,          NaN,         NaN
,,,          NaN,,,,          NaN,         NaN
,,,          NaN,,,,          NaN,         NaN
,,,          NaN,,,,          NaN,         NaN
,,,          NaN,,,,          NaN,         NaN
,,,          NaN,,,,          NaN,         NaN
,,,          NaN,,,,          NaN,         NaN
,,,          NaN,,,,          NaN,         NaN
,,,          NaN,,,,          NaN,         NaN
,,,          NaN,,,,          NaN,         NaN
,,,          NaN,,,,          NaN,         NaN
,,,          NaN,,,,          NaN,         NaN
,,,          NaN,,,,          NaN,         NaN
,,,          NaN,,,,          NaN,         NaN
,,,          NaN,,,,          NaN,         NaN
,,,          NaN,,,,          NaN,         NaN
,,,          NaN,,,,          NaN,         NaN
,,,          NaN,,,,          NaN,         NaN
,,,          NaN,,,,          NaN,         NaN
,,,          NaN,,,,          NaN,         NaN
,,,          NaN,,,,          NaN,         NaN
,,,          NaN,,,,          NaN,         NaN
,,,          NaN,,,,          NaN,         NaN
,,,          NaN,,,,          NaN,         NaN
,,,          NaN,,,,          NaN,         NaN
,,,          NaN,,,,          NaN,         NaN
,,,          NaN,,,,          NaN,         NaN
,,,          NaN,,,,          NaN,         NaN
,,,          NaN,,,,          NaN,         NaN
,,,          NaN,,,,          NaN,         NaN
,,,          NaN,,,,          NaN,         NaN
,,,          NaN,,,,          NaN,         NaN
,,,          NaN,,,,          NaN,         NaN
,,,          NaN,,,,          NaN,         NaN
,,,          NaN,,,,          NaN,         NaN
,,,          NaN,,,,          NaN,         NaN
,,,          NaN,,,,          NaN,         NaN
,,,          NaN,,,,          NaN,         NaN
,,,          NaN,,,,          NaN,         NaN
,,,          NaN,,,,          NaN,         NaN
,,,          NaN,,,,          NaN,         NaN
,,,          NaN,,,,          NaN,         NaN
,,,          NaN,,,,          NaN,         NaN
,,,          NaN,,,,          NaN,         NaN
,,,          NaN,,,,          NaN,         NaN
,,,          NaN,,,,          NaN,         NaN
,,,          NaN,,,,          NaN,         NaN
,,,          NaN,,,,          NaN,         NaN
,,,          NaN,,,,          NaN,         NaN
,,,          NaN,,,,          NaN,         NaN
,,,          NaN,,,,          NaN,         NaN
,,,          NaN,,,,          NaN,         NaN
,,,          NaN,,,,          NaN,         NaN
,,,          NaN,,,,          NaN,         NaN
,,,          NaN,,,,          NaN,         NaN
,,,          NaN,,,,          NaN,         NaN
,,,          NaN,,,,          NaN,         NaN
,,,          NaN,,,,          NaN,         NaN
,,,          NaN,,,,          NaN,         NaN
,,,          NaN,,,,          NaN,         NaN
,,,          NaN,,,,          NaN,         NaN
,,,          NaN,,,,          NaN,         NaN
,,,          NaN,,,,          NaN,         NaN
,,,          NaN,,,,          NaN,         NaN
,,,          NaN,,,,          NaN,         NaN
,,,          NaN,,,,          NaN,         NaN
,,,          NaN,,,,          NaN,         NaN
,,,          NaN,,,,          NaN,         NaN
,,,          NaN,,,,          NaN,         NaN
,,,          NaN,,,,          NaN,         NaN
,,,          NaN,,,,          NaN,         NaN
,,,          NaN,,,,          NaN,         NaN
,,,          NaN,,,,          NaN,         NaN
,,,          NaN,,,,          NaN,         NaN
,,,          NaN,,,,          NaN,         NaN
,,,          NaN,,,,          NaN,         NaN
,,,          NaN,,,,          NaN,         NaN
,,,          NaN,,,,          NaN,         NaN
,,,          NaN,,,,          NaN,         NaN
,,,          NaN,,,,          NaN,         NaN
,,,          NaN,,,,          NaN,         NaN
,,,          NaN,,,,          NaN,         NaN
,,,          NaN,,,,          NaN,         NaN
,,,          NaN,,,,          NaN,         NaN
,,,          NaN,,,,          NaN,         NaN
,,,          NaN,,,,          NaN,         NaN
,,,          NaN,,,,          NaN,         NaN
,,,          NaN,,,,          NaN,         NaN
,,,          NaN,,,,          NaN,         NaN
,,,          NaN,,,,          NaN,         NaN
,,,          NaN,,,,          NaN,         NaN
,,,          NaN,,,,          NaN,         NaN
,,,          NaN,,,,          NaN,         NaN
,,,          NaN,,,,          NaN,         NaN
,,,          NaN,,,,          NaN,         NaN
,,,          NaN,,,,          NaN,         NaN
,,,          NaN,,,,          NaN,         NaN
,,,          NaN,,,,          NaN,         NaN
,,,          NaN,,,,          NaN,         NaN
,,,          NaN,,,,          NaN,         NaN
,,,          NaN,,,,          NaN,         NaN
,,,          NaN,,,,          NaN,         NaN
,,,          NaN,,,,          NaN,         NaN
,,,          NaN,,,,          NaN,         NaN
,,,          NaN,,,,          NaN,         NaN
,,,          NaN,,,,          NaN,         NaN
,,,          NaN,,,,          NaN,         NaN
,,,          NaN,,,,          NaN,         NaN
,,,          NaN,,,,          NaN,         NaN
,,,          NaN,,,,          NaN,         NaN
,,,          NaN,,,,          NaN,         NaN
,,,          NaN,,,,          NaN,         NaN
,,,          NaN,,,,          NaN,         NaN
,,,          NaN,,,,          NaN,         NaN
,,,          NaN,,,,          NaN,         NaN
,,,          NaN,,,,          NaN,         NaN
,,,          NaN,,,,          NaN,         NaN
,,,          NaN,,,,          NaN,         NaN
,,,          NaN,,,,          NaN,         NaN
,,,          NaN,,,,          NaN,         NaN
,,,          NaN,,,,          NaN,         NaN
,,,          NaN,,,,          NaN,         NaN
,,,          NaN,,,,          NaN,         NaN
,,,          NaN,,,,          NaN,         NaN
,,,          NaN,,,,          NaN,         NaN
,,,          NaN,,,,          NaN,         NaN
,,,          NaN,,,,          NaN,         NaN
,,,          NaN,,,,          NaN,         NaN
,,,          NaN,,,,          NaN,         NaN
,,,          NaN,,,,          NaN,         NaN
,,,          NaN,,,,          NaN,         NaN
,,,          NaN,,,,          NaN,         NaN
,,,          NaN,,,,          NaN,         NaN
,,,          NaN,,,,          NaN,         NaN
,,,          NaN,,,,          NaN,         NaN
,,,          NaN,,,,          NaN,         NaN
,,,          NaN,,,,          NaN,         NaN
,,,          NaN,,,,          NaN,         NaN
,,,          NaN,,,,          NaN,         NaN
,,,          NaN,,,,          NaN,         NaN
,,,          NaN,,,,          NaN,         NaN
,,,          NaN,,,,          NaN,         NaN
,,,          NaN,,,,          NaN,         NaN
,,,          NaN,,,,          NaN,         NaN
,,,          NaN,,,,          NaN,         NaN
,,,          NaN,,,,          NaN,         NaN
,,,          NaN,,,,          NaN,         NaN
,,,          NaN,,,,          NaN,         NaN
,,,          NaN,,,,          NaN,         NaN
,,,          NaN,,,,          NaN,         NaN
,,,          NaN,,,,          NaN,         NaN
,,,          NaN,,,,          NaN,         NaN
,,,          NaN,,,,          NaN,         NaN
,,,          NaN,,,,          NaN,         NaN
,,,          NaN,,,,          NaN,         NaN
,,,          NaN,,,,          NaN,         NaN
,,,          NaN,,,,          NaN,         NaN
,,,          NaN,,,,          NaN,         NaN
,,,          NaN,,,,          NaN,         NaN
,,,          NaN,,,,          NaN,         NaN
,,,          NaN,,,,          NaN,         NaN
,,,          NaN,,,,          NaN,         NaN
,,,          NaN,,,,          NaN,         NaN
,,,          NaN,,,,          NaN,         NaN
,,,          NaN,,,,          NaN,         NaN
,,,          NaN,,,,          NaN,         NaN
,,,          NaN,,,,          NaN,         NaN
,,,          NaN,,,,          NaN,         NaN
,,,          NaN,,,,          NaN,         NaN
,,,          NaN,,,,          NaN,         NaN
,,,          NaN,,,,          NaN,         NaN
,,,          NaN,,,,          NaN,         NaN
,,,          NaN,,,,          NaN,         NaN
,,,          NaN,,,,          NaN,         NaN
,,,          NaN,,,,          NaN,         NaN
,,,          NaN,,,,          NaN,         NaN
,,,          NaN,,,,          NaN,         NaN
,,,          NaN,,,,          NaN,         NaN
,,,          NaN,,,,          NaN,         NaN
,,,          NaN,,,,          NaN,         NaN
,,,          NaN,,,,          NaN,         NaN
,,,          NaN,,,,          NaN,         NaN
,,,          NaN,,,,          NaN,         NaN
,,,          NaN,,,,          NaN,         NaN
,,,          NaN,,,,          NaN,         NaN
,,,          NaN,,,,          NaN,         NaN
,,,          NaN,,,,          NaN,         NaN
,,,          NaN,,,,          NaN,         NaN
,,,          NaN,,,,          NaN,         NaN
,,,          NaN,,,,          NaN,         NaN
,,,          NaN,,,,          NaN,         NaN
,,,          NaN,,,,          NaN,         NaN
,,,          NaN,,,,          NaN,         NaN
,,,          NaN,,,,          NaN,         NaN
,,,          NaN,,,,          NaN,         NaN
,,,          NaN,,,,          NaN,         NaN
,,,          NaN,,,,          NaN,         NaN
,,,          NaN,,,,          NaN,         NaN
,,,          NaN,,,,          NaN,         NaN
,,,          NaN,,,,          NaN,         NaN
,,,          NaN,,,,          NaN,         NaN
,,,          NaN,,,,          NaN,         NaN
,,,          NaN,,,,          NaN,         NaN
,,,          NaN,,,,          NaN,         NaN
,,,          NaN,,,,          NaN,         NaN
,,,          NaN,,,,          NaN,         NaN
,,,          NaN,,,,          NaN,         NaN
,,,          NaN,,,,          NaN,         NaN
,,,          NaN,,,,          NaN,         NaN
,,,          NaN,,,,          NaN,         NaN
,,,          NaN,,,,          NaN,         NaN
,,,          NaN,,,,          NaN,         NaN
,,,          NaN,,,,          NaN,         NaN
,,,          NaN,,,,          NaN,         NaN
,,,          NaN,,,,          NaN,         NaN
,,,          NaN,,,,          NaN,         NaN
,,,          NaN,,,,          NaN,         NaN
,,,          NaN,,,,          NaN,         NaN
,,,          NaN,,,,          NaN,         NaN
,,,          NaN,,,,          NaN,         NaN
,,,          NaN,,,,          NaN,         NaN
,,,          NaN,,,,          NaN,         NaN
,,,          NaN,,,,          NaN,         NaN
,,,          NaN,,,,          NaN,         NaN
,,,          NaN,,,,          NaN,         NaN
,,,          NaN,,,,          NaN,         NaN
,,,          NaN,,,,          NaN,         NaN
,,,          NaN,,,,          NaN,         NaN
,,,          NaN,,,,          NaN,         NaN
,,,          NaN,,,,          NaN,         NaN
,,,          NaN,,,,          NaN,         NaN
,,,          NaN,,,,          NaN,         NaN
,,,          NaN,,,,          NaN,         NaN
,,,          NaN,,,,          NaN,         NaN
,,,          NaN,,,,          NaN,         NaN
,,,          NaN,,,,          NaN,         NaN
,,,          NaN,,,,          NaN,         NaN
,,,          NaN,,,,          NaN,         NaN
,,,          NaN,,,,          NaN,         NaN
,,,          NaN,,,,          NaN,         NaN
,,,          NaN,,,,          NaN,         NaN
,,,          NaN,,,,          NaN,         NaN
,,,          NaN,,,,          NaN,         NaN
,,,          NaN,,,,          NaN,         NaN
,,,          NaN,,,,          NaN,         NaN
,,,          NaN,,,,          NaN,         NaN
,,,          NaN,,,,          NaN,         NaN
,,,          NaN,,,,          NaN,         NaN
,,,          NaN,,,,          NaN,         NaN
,,,          NaN,,,,          NaN,         NaN
,,,          NaN,,,,          NaN,         NaN
,,,          NaN,,,,          NaN,         NaN
,,,          NaN,,,,          NaN,         NaN
,,,          NaN,,,,          NaN,         NaN
,,,          NaN,,,,          NaN,         NaN
,,,          NaN,,,,          NaN,         NaN
,,,          NaN,,,,          NaN,         NaN
,,,          NaN,,,,          NaN,         NaN
,,,          NaN,,,,          NaN,         NaN
,,,          NaN,,,,          NaN,         NaN
,,,          NaN,,,,          NaN,         NaN
,,,          NaN,,,,          NaN,         NaN
,,,          NaN,,,,          NaN,         NaN
,,,          NaN,,,,          NaN,         NaN
,,,          NaN,,,,          NaN,         NaN
,,,          NaN,,,,          NaN,         NaN
,,,          NaN,,,,          NaN,         NaN
,,,          NaN,,,,          NaN,         NaN
,,,          NaN,,,,          NaN,         NaN
,,,          NaN,,,,          NaN,         NaN
,,,          NaN,,,,          NaN,         NaN
,,,          NaN,,,,          NaN,         NaN
,,,          NaN,,,,          NaN,         NaN
,,,          NaN,,,,          NaN,         NaN
,,,          NaN,,,,          NaN,         NaN
,,,          NaN,,,,          NaN,         NaN
,,,          NaN,,,,          NaN,         NaN
,,,          NaN,,,,          NaN,         NaN
,,,          NaN,,,,          NaN,         NaN
,,,          NaN,,,,          NaN,         NaN
,,,          NaN,,,,          NaN,         NaN
,,,          NaN,,,,          NaN,         NaN
,,,          NaN,,,,          NaN,         NaN
,,,          NaN,,,,          NaN,         NaN
,,,          NaN,,,,          NaN,         NaN
,,,          NaN,,,,          NaN,         NaN
,,,          NaN,,,,          NaN,         NaN
,,,          NaN,,,,          NaN,         NaN
,,,          NaN,,,,          NaN,         NaN
,,,          NaN,,,,          NaN,         NaN
,,,          NaN,,,,          NaN,         NaN
,,,          NaN,,,,          NaN,         NaN
,,,          NaN,,,,          NaN,         NaN
,,,          NaN,,,,          NaN,         NaN
,,,          NaN,,,,          NaN,         NaN
,,,          NaN,,,,          NaN,         NaN
,,,          NaN,,,,          NaN,         NaN
,,,          NaN,,,,          NaN,         NaN
,,,          NaN,,,,          NaN,         NaN
,,,          NaN,,,,          NaN,         NaN
,,,          NaN,,,,          NaN,         NaN
,,,          NaN,,,,          NaN,         NaN
,,,          NaN,,,,          NaN,         NaN
,,,          NaN,,,,          NaN,         NaN
,,,          NaN,,,,          NaN,         NaN
,,,          NaN,,,,          NaN,         NaN
,,,          NaN,,,,          NaN,         NaN
,,,          NaN,,,,          NaN,         NaN
,,,          NaN,,,,          NaN,         NaN
,,,          NaN,,,,          NaN,         NaN
,,,          NaN,,,,          NaN,         NaN
,,,          NaN,,,,          NaN,         NaN
,,,          NaN,,,,          NaN,         NaN
,,,          NaN,,,,          NaN,         NaN
,,,          NaN,,,,          NaN,         NaN
,,,          NaN,,,,          NaN,         NaN
,,,          NaN,,,,          NaN,         NaN
,,,          NaN,,,,          NaN,         NaN
,,,          NaN,,,,          NaN,         NaN
,,,          NaN,,,,          NaN,         NaN
,,,          NaN,,,,          NaN,         NaN
,,,          NaN,,,,          NaN,         NaN
,,,          NaN,,,,          NaN,         NaN
,,,          NaN,,,,          NaN,         NaN
,,,          NaN,,,,          NaN,         NaN
,,,          NaN,,,,          NaN,         NaN
,,,          NaN,,,,          NaN,         NaN
,,,          NaN,,,,          NaN,         NaN
,,,          NaN,,,,          NaN,         NaN
,,,          NaN,,,,          NaN,         NaN
,,,          NaN,,,,          NaN,         NaN
,,,          NaN,,,,          NaN,         NaN
,,,          NaN,,,,          NaN,         NaN
,,,          NaN,,,,          NaN,         NaN
,,,          NaN,,,,          NaN,         NaN
,,,          NaN,,,,          NaN,         NaN
,,,          NaN,,,,          NaN,         NaN
,,,          NaN,,,,          NaN,         NaN
,,,          NaN,,,,          NaN,         NaN
,,,          NaN,,,,          NaN,         NaN
,,,          NaN,,,,          NaN,         NaN
,,,          NaN,,,,          NaN,         NaN
,,,          NaN,,,,          NaN,         NaN
,,,          NaN,,,,          NaN,         NaN
,,,          NaN,,,,          NaN,         NaN
,,,          NaN,,,,          NaN,         NaN
,,,          NaN,,,,          NaN,         NaN
,,,          NaN,,,,          NaN,         NaN
,,,          NaN,,,,          NaN,         NaN
,,,          NaN,,,,          NaN,         NaN
,,,          NaN,,,,          NaN,         NaN
,,,          NaN,,,,          NaN,         NaN
,,,          NaN,,,,          NaN,         NaN
,,,          NaN,,,,          NaN,         NaN
,,,          NaN,,,,          NaN,         NaN
,,,          NaN,,,,          NaN,         NaN
,,,          NaN,,,,          NaN,         NaN
,,,          NaN,,,,          NaN,         NaN
,,,          NaN,,,,          NaN,         NaN
,,,          NaN,,,,          NaN,         NaN
,,,          NaN,,,,          NaN,         NaN
,,,          NaN,,,,          NaN,         NaN
,,,          NaN,,,,          NaN,         NaN
,,,          NaN,,,,          NaN,         NaN
,,,          NaN,,,,          NaN,         NaN
,,,          NaN,,,,          NaN,         NaN
,,,          NaN,,,,          NaN,         NaN
,,,          NaN,,,,          NaN,         NaN
,,,          NaN,,,,          NaN,         NaN
,,,          NaN,,,,          NaN,         NaN
,,,          NaN,,,,          NaN,         NaN
,,,          NaN,,,,          NaN,         NaN
,,,          NaN,,,,          NaN,         NaN
,,,          NaN,,,,          NaN,         NaN
,,,          NaN,,,,          NaN,         NaN
,,,          NaN,,,,          NaN,         NaN
,,,          NaN,,,,          NaN,         NaN
,,,          NaN,,,,          NaN,         NaN
,,,          NaN,,,,          NaN,         NaN
,,,          NaN,,,,          NaN,         NaN
,,,          NaN,,,,          NaN,         NaN
,,,          NaN,,,,          NaN,         NaN
,,,          NaN,,,,          NaN,         NaN
,,,          NaN,,,,          NaN,         NaN
,,,          NaN,,,,          NaN,         NaN
,,,          NaN,,,,          NaN,         NaN
,,,          NaN,,,,          NaN,         NaN
,,,          NaN,,,,          NaN,         NaN
,,,          NaN,,,,          NaN,         NaN
,,,          NaN,,,,          NaN,         NaN
,,,          NaN,,,,          NaN,         NaN
,,,          NaN,,,,          NaN,         NaN
,,,          NaN,,,,          NaN,         NaN
,,,          NaN,,,,          NaN,         NaN
,,,          NaN,,,,          NaN,         NaN
,,,          NaN,,,,          NaN,         NaN
,,,          NaN,,,,          NaN,         NaN
,,,          NaN,,,,          NaN,         NaN
,,,          NaN,,,,          NaN,         NaN
,,,          NaN,,,,          NaN,         NaN
,,,          NaN,,,,          NaN,         NaN
,,,          NaN,,,,          NaN,         NaN
,,,          NaN,,,,          NaN,         NaN
,,,          NaN,,,,          NaN,         NaN
,,,          NaN,,,,          NaN,         NaN
,,,          NaN,,,,          NaN,         NaN
,,,          NaN,,,,          NaN,         NaN
,,,          NaN,,,,          NaN,         NaN
,,,          NaN,,,,          NaN,         NaN
,,,          NaN,,,,          NaN,         NaN
,,,          NaN,,,,          NaN,         NaN
,,,          NaN,,,,          NaN,         NaN
,,,          NaN,,,,          NaN,         NaN
,,,          NaN,,,,          NaN,         NaN
,,,          NaN,,,,          NaN,         NaN
,,,          NaN,,,,          NaN,         NaN
,,,          NaN,,,,          NaN,         NaN
,,,          NaN,,,,          NaN,         NaN
,,,          NaN,,,,          NaN,         NaN
,,,          NaN,,,,          NaN,         NaN
,,,          NaN,,,,          NaN,         NaN
,,,          NaN,,,,          NaN,         NaN
,,,          NaN,,,,          NaN,         NaN
,,,          NaN,,,,          NaN,         NaN
,,,          NaN,,,,          NaN,         NaN
,,,          NaN,,,,          NaN,         NaN
,,,          NaN,,,,          NaN,         NaN
,,,          NaN,,,,          NaN,         NaN
,,,          NaN,,,,          NaN,         NaN
,,,          NaN,,,,          NaN,         NaN
,,,          NaN,,,,          NaN,         NaN
,,,          NaN,,,,          NaN,         NaN
,,,          NaN,,,,          NaN,         NaN
,,,          NaN,,,,          NaN,         NaN
,,,          NaN,,,,          NaN,         NaN
,,,          NaN,,,,          NaN,         NaN
,,,          NaN,,,,          NaN,         NaN
,,,          NaN,,,,          NaN,         NaN
,,,          NaN,,,,          NaN,         NaN
,,,          NaN,,,,          NaN,         NaN
,,,          NaN,,,,          NaN,         NaN
,,,          NaN,,,,          NaN,         NaN
,,,          NaN,,,,          NaN,         NaN
,,,          NaN,,,,          NaN,         NaN
,,,          NaN,,,,          NaN,         NaN
,,,          NaN,,,,          NaN,         NaN
,,,          NaN,,,,          NaN,         NaN
,,,          NaN,,,,          NaN,         NaN
,,,          NaN,,,,          NaN,         NaN
,,,          NaN,,,,          NaN,         NaN
,,,          NaN,,,,          NaN,         NaN
,,,          NaN,,,,          NaN,         NaN
,,,          NaN,,,,          NaN,         NaN
,,,          NaN,,,,          NaN,         NaN
,,,          NaN,,,,          NaN,         NaN
,,,          NaN,,,,          NaN,         NaN
,,,          NaN,,,,          NaN,         NaN
,,,          NaN,,,,          NaN,         NaN
,,,          NaN,,,,          NaN,         NaN
,,,          NaN,,,,          NaN,         NaN
,,,          NaN,,,,          NaN,         NaN
,,,          NaN,,,,          NaN,         NaN
,,,          NaN,,,,          NaN,         NaN
,,,          NaN,,,,          NaN,         NaN
,,,          NaN,,,,          NaN,         NaN
,,,          NaN,,,,          NaN,         NaN
,,,          NaN,,,,          NaN,         NaN
,,,          NaN,,,,          NaN,         NaN
,,,          NaN,,,,          NaN,         NaN
,,,          NaN,,,,          NaN,         NaN
,,,          NaN,,,,          NaN,         NaN
,,,          NaN,,,,          NaN,         NaN
,,,          NaN,,,,          NaN,         NaN
,,,          NaN,,,,          NaN,         NaN
,,,          NaN,,,,          NaN,         NaN
,,,          NaN,,,,          NaN,         NaN
,,,          NaN,,,,          NaN,         NaN
,,,          NaN,,,,          NaN,         NaN
,,,          NaN,,,,          NaN,         NaN
,,,          NaN,,,,          NaN,         NaN
,,,          NaN,,,,          NaN,         NaN
,,,          NaN,,,,          NaN,         NaN
,,,          NaN,,,,          NaN,         NaN
,,,          NaN,,,,          NaN,         NaN
,,,          NaN,,,,          NaN,         NaN
,,,          NaN,,,,          NaN,         NaN
,,,          NaN,,,,          NaN,         NaN
,,,          NaN,,,,          NaN,         NaN
,,,          NaN,,,,          NaN,         NaN
,,,          NaN,,,,          NaN,         NaN
,,,          NaN,,,,          NaN,         NaN
,,,          NaN,,,,          NaN,         NaN
,,,          NaN,,,,          NaN,         NaN
,,,          NaN,,,,          NaN,         NaN
,,,          NaN,,,,          NaN,         NaN
,,,          NaN,,,,          NaN,         NaN
,,,          NaN,,,,          NaN,         NaN
,,,          NaN,,,,          NaN,         NaN
,,,          NaN,,,,          NaN,         NaN
,,,          NaN,,,,          NaN,         NaN
,,,          NaN,,,,          NaN,         NaN
,,,          NaN,,,,          NaN,         NaN
,,,          NaN,,,,          NaN,         NaN
,,,          NaN,,,,          NaN,         NaN
,,,          NaN,,,,          NaN,         NaN
,,,          NaN,,,,          NaN,         NaN
,,,          NaN,,,,          NaN,         NaN
,,,          NaN,,,,          NaN,         NaN
,,,          NaN,,,,          NaN,         NaN
,,,          NaN,,,,          NaN,         NaN
,,,          NaN,,,,          NaN,         NaN
,,,          NaN,,,,          NaN,         NaN
,,,          NaN,,,,          NaN,         NaN
,,,          NaN,,,,          NaN,         NaN
,,,          NaN,,,,          NaN,         NaN
,,,          NaN,,,,          NaN,         NaN
,,,          NaN,,,,          NaN,         NaN
,,,          NaN,,,,          NaN,         NaN
,,,          NaN,,,,          NaN,         NaN
,,,          NaN,,,,          NaN,         NaN
,,,          NaN,,,,          NaN,         NaN
,,,          NaN,,,,          NaN,         NaN
,,,          NaN,,,,          NaN,         NaN
,,,          NaN,,,,          NaN,         NaN
,,,          NaN,,,,          NaN,         NaN
,,,          NaN,,,,          NaN,         NaN
,,,          NaN,,,,          NaN,         NaN
,,,          NaN,,,,          NaN,         NaN
,,,          NaN,,,,          NaN,         NaN
,,,          NaN,,,,          NaN,         NaN
,,,          NaN,,,,          NaN,         NaN
,,,          NaN,,,,          NaN,         NaN
,,,          NaN,,,,          NaN,         NaN
,,,          NaN,,,,          NaN,         NaN
,,,          NaN,,,,          NaN,         NaN
,,,          NaN,,,,          NaN,         NaN
,,,          NaN,,,,          NaN,         NaN
,,,          NaN,,,,          NaN,         NaN
,,,          NaN,,,,          NaN,         NaN
,,,          NaN,,,,          NaN,         NaN
,,,          NaN,,,,          NaN,         NaN
,,,          NaN,,,,          NaN,         NaN
,,,          NaN,,,,          NaN,         NaN
,,,          NaN,,,,          NaN,         NaN
,,,          NaN,,,,          NaN,         NaN
,,,          NaN,,,,          NaN,         NaN
,,,          NaN,,,,          NaN,         NaN
,,,          NaN,,,,          NaN,         NaN
,,,          NaN,,,,          NaN,         NaN
,,,          NaN,,,,          NaN,         NaN
,,,          NaN,,,,          NaN,         NaN
,,,          NaN,,,,          NaN,         NaN
,,,          NaN,,,,          NaN,         NaN
,,,          NaN,,,,          NaN,         NaN
,,,          NaN,,,,          NaN,         NaN
,,,          NaN,,,,          NaN,         NaN
,,,          NaN,,,,          NaN,         NaN
,,,          NaN,,,,          NaN,         NaN
,,,          NaN,,,,          NaN,         NaN
,,,          NaN,,,,          NaN,         NaN
,,,          NaN,,,,          NaN,         NaN
,,,          NaN,,,,          NaN,         NaN
,,,          NaN,,,,          NaN,         NaN
,,,          NaN,,,,          NaN,         NaN
,,,          NaN,,,,          NaN,         NaN
,,,          NaN,,,,          NaN,         NaN
,,,          NaN,,,,          NaN,         NaN
,,,          NaN,,,,          NaN,         NaN
,,,          NaN,,,,          NaN,         NaN
,,,          NaN,,,,          NaN,         NaN
,,,          NaN,,,,          NaN,         NaN
,,,          NaN,,,,          NaN,         NaN
,,,          NaN,,,,          NaN,         NaN
,,,          NaN,,,,          NaN,         NaN
,,,          NaN,,,,          NaN,         NaN
,,,          NaN,,,,          NaN,         NaN
,,,          NaN,,,,          NaN,         NaN
,,,          NaN,,,,          NaN,         NaN
,,,          NaN,,,,          NaN,         NaN
,,,          NaN,,,,          NaN,         NaN
,,,          NaN,,,,          NaN,         NaN
,,,          NaN,,,,          NaN,         NaN
,,,          NaN,,,,          NaN,         NaN
,,,          NaN,,,,          NaN,         NaN
,,,          NaN,,,,          NaN,         NaN
,,,          NaN,,,,          NaN,         NaN
,,,          NaN,,,,          NaN,         NaN
,,,          NaN,,,,          NaN,         NaN
,,,          NaN,,,,          NaN,         NaN
,,,          NaN,,,,          NaN,         NaN
,,,          NaN,,,,          NaN,         NaN
,,,          NaN,,,,          NaN,         NaN
,,,          NaN,,,,          NaN,         NaN
,,,          NaN,,,,          NaN,         NaN
,,,          NaN,,,,          NaN,         NaN
,,,          NaN,,,,          NaN,         NaN
,,,          NaN,,,,          NaN,         NaN
,,,          NaN,,,,          NaN,         NaN
,,,          NaN,,,,          NaN,         NaN
,,,          NaN,,,,          NaN,         NaN
,,,          NaN,,,,          NaN,         NaN
,,,          NaN,,,,          NaN,         NaN
,,,          NaN,,,,          NaN,         NaN
,,,          NaN,,,,          NaN,         NaN
,,,          NaN,,,,          NaN,         NaN
,,,          NaN,,,,          NaN,         NaN
,,,          NaN,,,,          NaN,         NaN
,,,          NaN,,,,          NaN,         NaN
,,,          NaN,,,,          NaN,         NaN
,,,          NaN,,,,          NaN,         NaN
,,,          NaN,,,,          NaN,         NaN
,,,          NaN,,,,          NaN,         NaN
,,,          NaN,,,,          NaN,         NaN
,,,          NaN,,,,          NaN,         NaN
,,,          NaN,,,,          NaN,         NaN
,,,          NaN,,,,          NaN,         NaN
,,,          NaN,,,,          NaN,         NaN
,,,          NaN,,,,          NaN,         NaN
,,,          NaN,,,,          NaN,         NaN
,,,          NaN,,,,          NaN,         NaN
,,,          NaN,,,,          NaN,         NaN
,,,          NaN,,,,          NaN,         NaN
,,,          NaN,,,,          NaN,         NaN
,,,          NaN,,,,          NaN,         NaN
,,,          NaN,,,,          NaN,         NaN
,,,          NaN,,,,          NaN,         NaN
,,,          NaN,,,,          NaN,         NaN
,,,          NaN,,,,          NaN,         NaN
,,,          NaN,,,,          NaN,         NaN
,,,          NaN,,,,          NaN,         NaN
,,,          NaN,,,,          NaN,         NaN
,,,          NaN,,,,          NaN,         NaN
,,,          NaN,,,,          NaN,         NaN
,,,          NaN,,,,          NaN,         NaN
,,,          NaN,,,,          NaN,         NaN
,,,          NaN,,,,          NaN,         NaN
,,,          NaN,,,,          NaN,         NaN
,,,          NaN,,,,          NaN,         NaN
,,,          NaN,,,,          NaN,         NaN
,,,          NaN,,,,          NaN,         NaN
,,,          NaN,,,,          NaN,         NaN
,,,          NaN,,,,          NaN,         NaN
,,,          NaN,,,,          NaN,         NaN
,,,          NaN,,,,          NaN,         NaN
,,,          NaN,,,,          NaN,         NaN
,,,          NaN,,,,          NaN,         NaN
,,,          NaN,,,,          NaN,         NaN
,,,          NaN,,,,          NaN,         NaN
,,,          NaN,,,,          NaN,         NaN
,,,          NaN,,,,          NaN,         NaN
,,,          NaN,,,,          NaN,         NaN
,,,          NaN,,,,          NaN,         NaN
,,,          NaN,,,,          NaN,         NaN
,,,          NaN,,,,          NaN,         NaN
,,,          NaN,,,,          NaN,         NaN
,,,          NaN,,,,          NaN,         NaN
,,,          NaN,,,,          NaN,         NaN
,,,          NaN,,,,          NaN,         NaN
,,,          NaN,,,,          NaN,         NaN
,,,          NaN,,,,          NaN,         NaN
,,,          NaN,,,,          NaN,         NaN
,,,          NaN,,,,          NaN,         NaN
,,,          NaN,,,,          NaN,         NaN
,,,          NaN,,,,          NaN,         NaN
,,,          NaN,,,,          NaN,         NaN
,,,          NaN,,,,          NaN,         NaN
,,,          NaN,,,,          NaN,         NaN
,,,          NaN,,,,          NaN,         NaN
,,,          NaN,,,,          NaN,         NaN
,,,          NaN,,,,          NaN,         NaN
,,,          NaN,,,,          NaN,         NaN
,,,          NaN,,,,          NaN,         NaN
,,,          NaN,,,,          NaN,         NaN
,,,          NaN,,,,          NaN,         NaN
,,,          NaN,,,,          NaN,         NaN
,,,          NaN,,,,          NaN,         NaN
,,,          NaN,,,,          NaN,         NaN
,,,          NaN,,,,          NaN,         NaN
,,,          NaN,,,,          NaN,         NaN
,,,          NaN,,,,          NaN,         NaN
,,,          NaN,,,,          NaN,         NaN
,,,          NaN,,,,          NaN,         NaN
,,,          NaN,,,,          NaN,         NaN
,,,          NaN,,,,          NaN,         NaN
,,,          NaN,,,,          NaN,         NaN
,,,          NaN,,,,          NaN,         NaN
,,,          NaN,,,,          NaN,         NaN
,,,          NaN,,,,          NaN,         NaN
,,,          NaN,,,,          NaN,         NaN
,,,          NaN,,,,          NaN,         NaN
,,,          NaN,,,,          NaN,         NaN
,,,          NaN,,,,          NaN,         NaN
,,,          NaN,,,,          NaN,         NaN
,,,          NaN,,,,          NaN,         NaN
,,,          NaN,,,,          NaN,         NaN
,,,          NaN,,,,          NaN,         NaN
,,,          NaN,,,,          NaN,         NaN
,,,          NaN,,,,          NaN,         NaN
,,,          NaN,,,,          NaN,         NaN
,,,          NaN,,,,          NaN,         NaN
,,,          NaN,,,,          NaN,         NaN
,,,          NaN,,,,          NaN,         NaN
,,,          NaN,,,,          NaN,         NaN
,,,          NaN,,,,          NaN,         NaN
,,,          NaN,,,,          NaN,         NaN
,,,          NaN,,,,          NaN,         NaN
,,,          NaN,,,,          NaN,         NaN
,,,          NaN,,,,          NaN,         NaN
,,,          NaN,,,,          NaN,         NaN
,,,          NaN,,,,          NaN,         NaN
,,,          NaN,,,,          NaN,         NaN
,,,          NaN,,,,          NaN,         NaN
,,,          NaN,,,,          NaN,         NaN
,,,          NaN,,,,          NaN,         NaN
,,,          NaN,,,,          NaN,         NaN
,,,          NaN,,,,          NaN,         NaN
,,,          NaN,,,,          NaN,         NaN
,,,          NaN,,,,          NaN,         NaN
,,,          NaN,,,,          NaN,         NaN
,,,          NaN,,,,          NaN,         NaN
,,,          NaN,,,,          NaN,         NaN
,,,          NaN,,,,          NaN,         NaN
,,,          NaN,,,,          NaN,         NaN
,,,          NaN,,,,          NaN,         NaN
,,,          NaN,,,,          NaN,         NaN
,,,          NaN,,,,          NaN,         NaN
,,,          NaN,,,,          NaN,         NaN
,,,          NaN,,,,          NaN,         NaN
,,,          NaN,,,,          NaN,         NaN
,,,          NaN,,,,          NaN,         NaN
,,,          NaN,,,,          NaN,         NaN
,,,          NaN,,,,          NaN,         NaN
,,,          NaN,,,,          NaN,         NaN
,,,          NaN,,,,          NaN,         NaN
,,,          NaN,,,,          NaN,         NaN
,,,          NaN,,,,          NaN,         NaN
,,,          NaN,,,,          NaN,         NaN
,,,          NaN,,,,          NaN,         NaN
,,,          NaN,,,,          NaN,         NaN
,,,          NaN,,,,          NaN,         NaN
,,,          NaN,,,,          NaN,         NaN
,,,          NaN,,,,          NaN,         NaN
,,,          NaN,,,,          NaN,         NaN
,,,          NaN,,,,          NaN,         NaN
,,,          NaN,,,,          NaN,         NaN
,,,          NaN,,,,          NaN,         NaN
,,,          NaN,,,,          NaN,         NaN
,,,          NaN,,,,          NaN,         NaN
,,,          NaN,,,,          NaN,         NaN
,,,          NaN,,,,          NaN,         NaN
,,,          NaN,,,,          NaN,         NaN
,,,          NaN,,,,          NaN,         NaN
,,,          NaN,,,,          NaN,         NaN
,,,          NaN,,,,          NaN,         NaN
,,,          NaN,,,,          NaN,         NaN
,,,          NaN,,,,          NaN,         NaN
,,,          NaN,,,,          NaN,         NaN
,,,          NaN,,,,          NaN,         NaN
,,,          NaN,,,,          NaN,         NaN
,,,          NaN,,,,          NaN,         NaN
,,,          NaN,,,,          NaN,         NaN
,,,          NaN,,,,          NaN,         NaN
,,,          NaN,,,,          NaN,         NaN
,,,          NaN,,,,          NaN,         NaN
,,,          NaN,,,,          NaN,         NaN
,,,          NaN,,,,          NaN,         NaN
,,,          NaN,,,,          NaN,         NaN
,,,          NaN,,,,          NaN,         NaN
,,,          NaN,,,,          NaN,         NaN
,,,          NaN,,,,          NaN,         NaN
,,,          NaN,,,,          NaN,         NaN
,,,          NaN,,,,          NaN,         NaN
,,,          NaN,,,,          NaN,         NaN
,,,          NaN,,,,          NaN,         NaN
,,,          NaN,,,,          NaN,         NaN
,,,          NaN,,,,          NaN,         NaN
,,,          NaN,,,,          NaN,         NaN
,,,          NaN,,,,          NaN,         NaN
,,,          NaN,,,,          NaN,         NaN
,,,          NaN,,,,          NaN,         NaN
,,,          NaN,,,,          NaN,         NaN
,,,          NaN,,,,          NaN,         NaN
,,,          NaN,,,,          NaN,         NaN
,,,          NaN,,,,          NaN,         NaN
,,,          NaN,,,,          NaN,         NaN
,,,          NaN,,,,          NaN,         NaN
,,,          NaN,,,,          NaN,         NaN
,,,          NaN,,,,          NaN,         NaN
,,,          NaN,,,,          NaN,         NaN
,,,          NaN,,,,          NaN,         NaN
,,,          NaN,,,,          NaN,         NaN
,,,          NaN,,,,          NaN,         NaN
,,,          NaN,,,,          NaN,         NaN
,,,          NaN,,,,          NaN,         NaN
,,,          NaN,,,,          NaN,         NaN
,,,          NaN,,,,          NaN,         NaN
,,,          NaN,,,,          NaN,         NaN
,,,          NaN,,,,          NaN,         NaN
,,,          NaN,,,,          NaN,         NaN
,,,          NaN,,,,          NaN,         NaN
,,,          NaN,,,,          NaN,         NaN
,,,          NaN,,,,          NaN,         NaN
,,,          NaN,,,,          NaN,         NaN
,,,          NaN,,,,          NaN,         NaN
,,,          NaN,,,,          NaN,         NaN
,,,          NaN,,,,          NaN,         NaN
,,,          NaN,,,,          NaN,         NaN
,,,          NaN,,,,          NaN,         NaN
,,,          NaN,,,,          NaN,         NaN
,,,          NaN,,,,          NaN,         NaN
,,,          NaN,,,,          NaN,         NaN
,,,          NaN,,,,          NaN,         NaN
,,,          NaN,,,,          NaN,         NaN
,,,          NaN,,,,          NaN,         NaN
,,,          NaN,,,,          NaN,         NaN
,,,          NaN,,,,          NaN,         NaN
,,,          NaN,,,,          NaN,         NaN
,,,          NaN,,,,          NaN,         NaN
,,,          NaN,,,,          NaN,         NaN
,,,          NaN,,,,          NaN,         NaN
,,,          NaN,,,,          NaN,         NaN
,,,          NaN,,,,          NaN,         NaN
,,,          NaN,,,,          NaN,         NaN
,,,          NaN,,,,          NaN,         NaN
,,,          NaN,,,,          NaN,         NaN
,,,          NaN,,,,          NaN,         NaN
,,,          NaN,,,,          NaN,         NaN
,,,          NaN,,,,          NaN,         NaN
,,,          NaN,,,,          NaN,         NaN
,,,          NaN,,,,          NaN,         NaN
,,,          NaN,,,,          NaN,         NaN
,,,          NaN,,,,          NaN,         NaN
,,,          NaN,,,,          NaN,         NaN
,,,          NaN,,,,          NaN,         NaN
,,,          NaN,,,,          NaN,         NaN
,,,          NaN,,,,          NaN,         NaN
,,,          NaN,,,,          NaN,         NaN
,,,          NaN,,,,          NaN,         NaN
,,,          NaN,,,,          NaN,         NaN
,,,          NaN,,,,          NaN,         NaN
,,,          NaN,,,,          NaN,         NaN
,,,          NaN,,,,          NaN,         NaN
,,,          NaN,,,,          NaN,         NaN
,,,          NaN,,,,          NaN,         NaN
,,,          NaN,,,,          NaN,         NaN
,,,          NaN,,,,          NaN,         NaN
,,,          NaN,,,,          NaN,         NaN
,,,          NaN,,,,          NaN,         NaN
,,,          NaN,,,,          NaN,         NaN
,,,          NaN,,,,          NaN,         NaN
,,,          NaN,,,,          NaN,         NaN
,,,          NaN,,,,          NaN,         NaN
,,,          NaN,,,,          NaN,         NaN
,,,          NaN,,,,          NaN,         NaN
,,,          NaN,,,,          NaN,         NaN
,,,          NaN,,,,          NaN,         NaN
,,,          NaN,,,,          NaN,         NaN
,,,          NaN,,,,          NaN,         NaN
,,,          NaN,,,,          NaN,         NaN
,,,          NaN,,,,          NaN,         NaN
,,,          NaN,,,,          NaN,         NaN
,,,          NaN,,,,          NaN,         NaN
,,,          NaN,,,,          NaN,         NaN
,,,          NaN,,,,          NaN,         NaN
,,,          NaN,,,,          NaN,         NaN
,,,          NaN,,,,          NaN,         NaN
,,,          NaN,,,,          NaN,         NaN
,,,          NaN,,,,          NaN,         NaN
,,,          NaN,,,,          NaN,         NaN
,,,          NaN,,,,          NaN,         NaN
,,,          NaN,,,,          NaN,         NaN
,,,          NaN,,,,          NaN,         NaN
,,,          NaN,,,,          NaN,         NaN
,,,          NaN,,,,          NaN,         NaN
,,,          NaN,,,,          NaN,         NaN
,,,          NaN,,,,          NaN,         NaN
,,,          NaN,,,,          NaN,         NaN
,,,          NaN,,,,          NaN,         NaN
,,,          NaN,,,,          NaN,         NaN
,,,          NaN,,,,          NaN,         NaN
,,,          NaN,,,,          NaN,         NaN
,,,          NaN,,,,          NaN,         NaN
,,,          NaN,,,,          NaN,         NaN
,,,          NaN,,,,          NaN,         NaN
,,,          NaN,,,,          NaN,         NaN
,,,          NaN,,,,          NaN,         NaN
,,,          NaN,,,,          NaN,         NaN
,,,          NaN,,,,          NaN,         NaN
,,,          NaN,,,,          NaN,         NaN
,,,          NaN,,,,          NaN,         NaN
,,,          NaN,,,,          NaN,         NaN
,,,          NaN,,,,          NaN,         NaN
,,,          NaN,,,,          NaN,         NaN
,,,          NaN,,,,          NaN,         NaN
,,,          NaN,,,,          NaN,         NaN
,,,          NaN,,,,          NaN,         NaN
,,,          NaN,,,,          NaN,         NaN
,,,          NaN,,,,          NaN,         NaN
,,,          NaN,,,,          NaN,         NaN
,,,          NaN,,,,          NaN,         NaN
,,,          NaN,,,,          NaN,         NaN
,,,          NaN,,,,          NaN,         NaN
,,,          NaN,,,,          NaN,         NaN
,,,          NaN,,,,          NaN,         NaN
,,,          NaN,,,,          NaN,         NaN
,,,          NaN,,,,          NaN,         NaN
,,,          NaN,,,,          NaN,         NaN
,,,          NaN,,,,          NaN,         NaN
,,,          NaN,,,,          NaN,         NaN
,,,          NaN,,,,          NaN,         NaN
,,,          NaN,,,,          NaN,         NaN
,,,          NaN,,,,          NaN,         NaN
,,,          NaN,,,,          NaN,         NaN
,,,          NaN,,,,          NaN,         NaN
,,,          NaN,,,,          NaN,         NaN
,,,          NaN,,,,          NaN,         NaN
,,,          NaN,,,,          NaN,         NaN
,,,          NaN,,,,          NaN,         NaN
,,,          NaN,,,,          NaN,         NaN
,,,          NaN,,,,          NaN,         NaN
,,,          NaN,,,,          NaN,         NaN
,,,          NaN,,,,          NaN,         NaN
,,,          NaN,,,,          NaN,         NaN
,,,          NaN,,,,          NaN,         NaN
,,,          NaN,,,,          NaN,         NaN
,,,          NaN,,,,          NaN,         NaN
,,,          NaN,,,,          NaN,         NaN
,,,          NaN,,,,          NaN,         NaN
,,,          NaN,,,,          NaN,         NaN
,,,          NaN,,,,          NaN,         NaN
,,,          NaN,,,,          NaN,         NaN
,,,          NaN,,,,          NaN,         NaN
,,,          NaN,,,,          NaN,         NaN
,,,          NaN,,,,          NaN,         NaN
,,,          NaN,,,,          NaN,         NaN
,,,          NaN,,,,          NaN,         NaN
,,,          NaN,,,,          NaN,         NaN
,,,          NaN,,,,          NaN,         NaN
,,,          NaN,,,,          NaN,         NaN
,,,          NaN,,,,          NaN,         NaN
,,,          NaN,,,,          NaN,         NaN
,,,          NaN,,,,          NaN,         NaN
,,,          NaN,,,,          NaN,         NaN
,,,          NaN,,,,          NaN,         NaN
,,,          NaN,,,,          NaN,         NaN
,,,          NaN,,,,          NaN,         NaN
,,,          NaN,,,,          NaN,         NaN
,,,          NaN,,,,          NaN,         NaN
,,,          NaN,,,,          NaN,         NaN
,,,          NaN,,,,          NaN,         NaN
,,,          NaN,,,,          NaN,         NaN
,,,          NaN,,,,          NaN,         NaN
,,,          NaN,,,,          NaN,         NaN
,,,          NaN,,,,          NaN,         NaN
,,,          NaN,,,,          NaN,         NaN
,,,          NaN,,,,          NaN,         NaN
,,,          NaN,,,,          NaN,         NaN
,,,          NaN,,,,          NaN,         NaN
,,,          NaN,,,,          NaN,         NaN
,,,          NaN,,,,          NaN,         NaN
,,,          NaN,,,,          NaN,         NaN
,,,          NaN,,,,          NaN,         NaN
,,,          NaN,,,,          NaN,         NaN
,,,          NaN,,,,          NaN,         NaN
,,,          NaN,,,,          NaN,         NaN
,,,          NaN,,,,          NaN,         NaN
,,,          NaN,,,,          NaN,         NaN
,,,          NaN,,,,          NaN,         NaN
,,,          NaN,,,,          NaN,         NaN
,,,          NaN,,,,          NaN,         NaN
,,,          NaN,,,,          NaN,         NaN
,,,          NaN,,,,          NaN,         NaN
,,,          NaN,,,,          NaN,         NaN
,,,          NaN,,,,          NaN,         NaN
,,,          NaN,,,,          NaN,         NaN
,,,          NaN,,,,          NaN,         NaN
,,,          NaN,,,,          NaN,         NaN
,,,          NaN,,,,          NaN,         NaN
,,,          NaN,,,,          NaN,         NaN
,,,          NaN,,,,          NaN,         NaN
,,,          NaN,,,,          NaN,         NaN
,,,          NaN,,,,          NaN,         NaN
,,,          NaN,,,,          NaN,         NaN
,,,          NaN,,,,          NaN,         NaN
,,,          NaN,,,,          NaN,         NaN
,,,          NaN,,,,          NaN,         NaN
,,,          NaN,,,,          NaN,         NaN
,,,          NaN,,,,          NaN,         NaN
,,,          NaN,,,,          NaN,         NaN
,,,          NaN,,,,          NaN,         NaN
,,,          NaN,,,,          NaN,         NaN
,,,          NaN,,,,          NaN,         NaN
,,,          NaN,,,,          NaN,         NaN
,,,          NaN,,,,          NaN,         NaN
,,,          NaN,,,,          NaN,         NaN
,,,          NaN,,,,          NaN,         NaN
,,,          NaN,,,,          NaN,         NaN
,,,          NaN,,,,          NaN,         NaN
,,,          NaN,,,,          NaN,         NaN
,,,          NaN,,,,          NaN,         NaN
,,,          NaN,,,,          NaN,         NaN
,,,          NaN,,,,          NaN,         NaN
,,,          NaN,,,,          NaN,         NaN
,,,          NaN,,,,          NaN,         NaN
,,,          NaN,,,,          NaN,         NaN
,,,          NaN,,,,          NaN,         NaN
,,,          NaN,,,,          NaN,         NaN
,,,          NaN,,,,          NaN,         NaN
,,,          NaN,,,,          NaN,         NaN
,,,          NaN,,,,          NaN,         NaN
,,,          NaN,,,,          NaN,         NaN
,,,          NaN,,,,          NaN,         NaN
,,,          NaN,,,,          NaN,         NaN
,,,          NaN,,,,          NaN,         NaN
,,,          NaN,,,,          NaN,         NaN
,,,          NaN,,,,          NaN,         NaN
,,,          NaN,,,,          NaN,         NaN
,,,          NaN,,,,          NaN,         NaN
,,,          NaN,,,,          NaN,         NaN
,,,          NaN,,,,          NaN,         NaN
,,,          NaN,,,,          NaN,         NaN
,,,          NaN,,,,          NaN,         NaN
,,,          NaN,,,,          NaN,         NaN
,,,          NaN,,,,          NaN,         NaN
,,,          NaN,,,,          NaN,         NaN
,,,          NaN,,,,          NaN,         NaN
,,,          NaN,,,,          NaN,         NaN
,,,          NaN,,,,          NaN,         NaN
,,,          NaN,,,,          NaN,         NaN
,,,          NaN,,,,          NaN,         NaN
,,,          NaN,,,,          NaN,         NaN
,,,          NaN,,,,          NaN,         NaN
,,,          NaN,,,,          NaN,         NaN
,,,          NaN,,,,          NaN,         NaN
,,,          NaN,,,,          NaN,         NaN
,,,          NaN,,,,          NaN,         NaN
,,,          NaN,,,,          NaN,         NaN
,,,          NaN,,,,          NaN,         NaN
,,,          NaN,,,,          NaN,         NaN
,,,          NaN,,,,          NaN,         NaN
,,,          NaN,,,,          NaN,         NaN
,,,          NaN,,,,          NaN,         NaN
,,,          NaN,,,,          NaN,         NaN
,,,          NaN,,,,          NaN,         NaN
,,,          NaN,,,,          NaN,         NaN
,,,          NaN,,,,          NaN,         NaN
,,,          NaN,,,,          NaN,         NaN
,,,          NaN,,,,          NaN,         NaN
,,,          NaN,,,,          NaN,         NaN
,,,          NaN,,,,          NaN,         NaN
,,,          NaN,,,,          NaN,         NaN
,,,          NaN,,,,          NaN,         NaN
,,,          NaN,,,,          NaN,         NaN
,,,          NaN,,,,          NaN,         NaN
,,,          NaN,,,,          NaN,         NaN
,,,          NaN,,,,          NaN,         NaN
,,,          NaN,,,,          NaN,         NaN
,,,          NaN,,,,          NaN,         NaN
,,,          NaN,,,,          NaN,         NaN
,,,          NaN,,,,          NaN,         NaN
,,,          NaN,,,,          NaN,         NaN
,,,          NaN,,,,          NaN,         NaN
,,,          NaN,,,,          NaN,         NaN
,,,          NaN,,,,          NaN,         NaN
,,,          NaN,,,,          NaN,         NaN
,,,          NaN,,,,          NaN,         NaN
,,,          NaN,,,,          NaN,         NaN
,,,          NaN,,,,          NaN,         NaN
,,,          NaN,,,,          NaN,         NaN
,,,          NaN,,,,          NaN,         NaN
,,,          NaN,,,,          NaN,         NaN
,,,          NaN,,,,          NaN,         NaN
,,,          NaN,,,,          NaN,         NaN
,,,          NaN,,,,          NaN,         NaN
,,,          NaN,,,,          NaN,         NaN
,,,          NaN,,,,          NaN,         NaN
,,,          NaN,,,,          NaN,         NaN
,,,          NaN,,,,          NaN,         NaN
,,,          NaN,,,,          NaN,         NaN
,,,          NaN,,,,          NaN,         NaN
,,,          NaN,,,,          NaN,         NaN
,,,          NaN,,,,          NaN,         NaN
,,,          NaN,,,,          NaN,         NaN
,,,          NaN,,,,          NaN,         NaN
,,,          NaN,,,,          NaN,         NaN
,,,          NaN,,,,          NaN,         NaN
,,,          NaN,,,,          NaN,         NaN
,,,          NaN,,,,          NaN,         NaN
,,,          NaN,,,,          NaN,         NaN
,,,          NaN,,,,          NaN,         NaN
,,,          NaN,,,,          NaN,         NaN
,,,          NaN,,,,          NaN,         NaN
,,,          NaN,,,,          NaN,         NaN
,,,          NaN,,,,          NaN,         NaN
,,,          NaN,,,,          NaN,         NaN
,,,          NaN,,,,          NaN,         NaN
,,,          NaN,,,,          NaN,         NaN
,,,          NaN,,,,          NaN,         NaN
,,,          NaN,,,,          NaN,         NaN
,,,          NaN,,,,          NaN,         NaN
,,,          NaN,,,,          NaN,         NaN
,,,          NaN,,,,          NaN,         NaN
,,,          NaN,,,,          NaN,         NaN
,,,          NaN,,,,          NaN,         NaN
,,,          NaN,,,,          NaN,         NaN
,,,          NaN,,,,          NaN,         NaN
,,,          NaN,,,,          NaN,         NaN
,,,          NaN,,,,          NaN,         NaN
,,,          NaN,,,,          NaN,         NaN
,,,          NaN,,,,          NaN,         NaN
,,,          NaN,,,,          NaN,         NaN
,,,          NaN,,,,          NaN,         NaN
,,,          NaN,,,,          NaN,         NaN
,,,          NaN,,,,          NaN,         NaN
,,,          NaN,,,,          NaN,         NaN
,,,          NaN,,,,          NaN,         NaN
,,,          NaN,,,,          NaN,         NaN
,,,          NaN,,,,          NaN,         NaN
,,,          NaN,,,,          NaN,         NaN
,,,          NaN,,,,          NaN,         NaN
,,,          NaN,,,,          NaN,         NaN
,,,          NaN,,,,          NaN,         NaN
,,,          NaN,,,,          NaN,         NaN
,,,          NaN,,,,          NaN,         NaN
,,,          NaN,,,,          NaN,         NaN
,,,          NaN,,,,          NaN,         NaN
,,,          NaN,,,,          NaN,         NaN
,,,          NaN,,,,          NaN,         NaN
,,,          NaN,,,,          NaN,         NaN
,,,          NaN,,,,          NaN,         NaN
,,,          NaN,,,,          NaN,         NaN
,,,          NaN,,,,          NaN,         NaN
,,,          NaN,,,,          NaN,         NaN
,,,          NaN,,,,          NaN,         NaN
,,,          NaN,,,,          NaN,         NaN
,,,          NaN,,,,          NaN,         NaN
,,,          NaN,,,,          NaN,         NaN
,,,          NaN,,,,          NaN,         NaN
,,,          NaN,,,,          NaN,         NaN
,,,          NaN,,,,          NaN,         NaN
,,,          NaN,,,,          NaN,         NaN
,,,          NaN,,,,          NaN,         NaN
,,,          NaN,,,,          NaN,         NaN
,,,          NaN,,,,          NaN,         NaN
,,,          NaN,,,,          NaN,         NaN
,,,          NaN,,,,          NaN,         NaN
,,,          NaN,,,,          NaN,         NaN
,,,          NaN,,,,          NaN,         NaN
,,,          NaN,,,,          NaN,         NaN
,,,          NaN,,,,          NaN,         NaN
,,,          NaN,,,,          NaN,         NaN
,,,          NaN,,,,          NaN,         NaN
,,,          NaN,,,,          NaN,         NaN
,,,          NaN,,,,          NaN,         NaN
,,,          NaN,,,,          NaN,         NaN
,,,          NaN,,,,          NaN,         NaN
,,,          NaN,,,,          NaN,         NaN
,,,          NaN,,,,          NaN,         NaN
,,,          NaN,,,,          NaN,         NaN
,,,          NaN,,,,          NaN,         NaN
,,,          NaN,,,,          NaN,         NaN
,,,          NaN,,,,          NaN,         NaN
,,,          NaN,,,,          NaN,         NaN
,,,          NaN,,,,          NaN,         NaN
,,,          NaN,,,,          NaN,         NaN
,,,          NaN,,,,          NaN,         NaN
,,,          NaN,,,,          NaN,         NaN
,,,          NaN,,,,          NaN,         NaN
,,,          NaN,,,,          NaN,         NaN
,,,          NaN,,,,          NaN,         NaN
,,,          NaN,,,,          NaN,         NaN
,,,          NaN,,,,          NaN,         NaN
,,,          NaN,,,,          NaN,         NaN
,,,          NaN,,,,          NaN,         NaN
,,,          NaN,,,,          NaN,         NaN
,,,          NaN,,,,          NaN,         NaN
,,,          NaN,,,,          NaN,         NaN
,,,          NaN,,,,          NaN,         NaN
,,,          NaN,,,,          NaN,         NaN
,,,          NaN,,,,          NaN,         NaN
,,,          NaN,,,,          NaN,         NaN
,,,          NaN,,,,          NaN,         NaN
,,,          NaN,,,,          NaN,         NaN
,,,          NaN,,,,          NaN,         NaN
,,,          NaN,,,,          NaN,         NaN
,,,          NaN,,,,          NaN,         NaN
,,,          NaN,,,,          NaN,         NaN
,,,          NaN,,,,          NaN,         NaN
,,,          NaN,,,,          NaN,         NaN
,,,          NaN,,,,          NaN,         NaN
,,,          NaN,,,,          NaN,         NaN
,,,          NaN,,,,          NaN,         NaN
,,,          NaN,,,,          NaN,         NaN
,,,          NaN,,,,          NaN,         NaN
,,,          NaN,,,,          NaN,         NaN
,,,          NaN,,,,          NaN,         NaN
,,,          NaN,,,,          NaN,         NaN
,,,          NaN,,,,          NaN,         NaN
,,,          NaN,,,,          NaN,         NaN
,,,          NaN,,,,          NaN,         NaN
,,,          NaN,,,,          NaN,         NaN
,,,          NaN,,,,          NaN,         NaN
,,,          NaN,,,,          NaN,         NaN
,,,          NaN,,,,          NaN,         NaN
,,,          NaN,,,,          NaN,         NaN
,,,          NaN,,,,          NaN,         NaN
,,,          NaN,,,,          NaN,         NaN
,,,          NaN,,,,          NaN,         NaN
,,,          NaN,,,,          NaN,         NaN
,,,          NaN,,,,          NaN,         NaN
,,,          NaN,,,,          NaN,         NaN
,,,          NaN,,,,          NaN,         NaN
,,,          NaN,,,,          NaN,         NaN
,,,          NaN,,,,          NaN,         NaN
,,,          NaN,,,,          NaN,         NaN
,,,          NaN,,,,          NaN,         NaN
,,,          NaN,,,,          NaN,         NaN
,,,          NaN,,,,          NaN,         NaN
,,,          NaN,,,,          NaN,         NaN
,,,          NaN,,,,          NaN,         NaN
,,,          NaN,,,,          NaN,         NaN
,,,          NaN,,,,          NaN,         NaN
,,,          NaN,,,,          NaN,         NaN
,,,          NaN,,,,          NaN,         NaN
,,,          NaN,,,,          NaN,         NaN
,,,          NaN,,,,          NaN,         NaN
,,,          NaN,,,,          NaN,         NaN
,,,          NaN,,,,          NaN,         NaN
,,,          NaN,,,,          NaN,         NaN
,,,          NaN,,,,          NaN,         NaN
,,,          NaN,,,,          NaN,         NaN
,,,          NaN,,,,          NaN,         NaN
,,,          NaN,,,,          NaN,         NaN
,,,          NaN,,,,          NaN,         NaN
,,,          NaN,,,,          NaN,         NaN
,,,          NaN,,,,          NaN,         NaN
,,,          NaN,,,,          NaN,         NaN
,,,          NaN,,,,          NaN,         NaN
,,,          NaN,,,,          NaN,         NaN
,,,          NaN,,,,          NaN,         NaN
,,,          NaN,,,,          NaN,         NaN
,,,          NaN,,,,          NaN,         NaN
,,,          NaN,,,,          NaN,         NaN
,,,          NaN,,,,          NaN,         NaN
,,,          NaN,,,,          NaN,         NaN
,,,          NaN,,,,          NaN,         NaN
,,,          NaN,,,,          NaN,         NaN
,,,          NaN,,,,          NaN,         NaN
,,,          NaN,,,,          NaN,         NaN
,,,          NaN,,,,          NaN,         NaN
,,,          NaN,,,,          NaN,         NaN
,,,          NaN,,,,          NaN,         NaN
,,,          NaN,,,,          NaN,         NaN
,,,          NaN,,,,          NaN,         NaN
,,,          NaN,,,,          NaN,         NaN
,,,          NaN,,,,          NaN,         NaN
,,,          NaN,,,,          NaN,         NaN
,,,          NaN,,,,          NaN,         NaN
,,,          NaN,,,,          NaN,         NaN
,,,          NaN,,,,          NaN,         NaN
,,,          NaN,,,,          NaN,         NaN
,,,          NaN,,,,          NaN,         NaN
,,,          NaN,,,,          NaN,         NaN
,,,          NaN,,,,          NaN,         NaN
,,,          NaN,,,,          NaN,         NaN
,,,          NaN,,,,          NaN,         NaN
,,,          NaN,,,,          NaN,         NaN
,,,          NaN,,,,          NaN,         NaN
,,,          NaN,,,,          NaN,         NaN
,,,          NaN,,,,          NaN,         NaN
,,,          NaN,,,,          NaN,         NaN
,,,          NaN,,,,          NaN,         NaN
,,,          NaN,,,,          NaN,         NaN
,,,          NaN,,,,          NaN,         NaN
,,,          NaN,,,,          NaN,         NaN
,,,          NaN,,,,          NaN,         NaN
,,,          NaN,,,,          NaN,         NaN
,,,          NaN,,,,          NaN,         NaN
,,,          NaN,,,,          NaN,         NaN
,,,          NaN,,,,          NaN,         NaN
,,,          NaN,,,,          NaN,         NaN
,,,          NaN,,,,          NaN,         NaN
,,,          NaN,,,,          NaN,         NaN
,,,          NaN,,,,          NaN,         NaN
,,,          NaN,,,,          NaN,         NaN
,,,          NaN,,,,          NaN,         NaN
,,,          NaN,,,,          NaN,         NaN
,,,          NaN,,,,          NaN,         NaN
,,,          NaN,,,,          NaN,         NaN
,,,          NaN,,,,          NaN,         NaN
,,,          NaN,,,,          NaN,         NaN
,,,          NaN,,,,          NaN,         NaN
,,,          NaN,,,,          NaN,         NaN
,,,          NaN,,,,          NaN,         NaN
,,,          NaN,,,,          NaN,         NaN
,,,          NaN,,,,          NaN,         NaN
,,,          NaN,,,,          NaN,         NaN
,,,          NaN,,,,          NaN,         NaN
,,,          NaN,,,,          NaN,         NaN
,,,          NaN,,,,          NaN,         NaN
,,,          NaN,,,,          NaN,         NaN
,,,          NaN,,,,          NaN,         NaN
,,,          NaN,,,,          NaN,         NaN
,,,          NaN,,,,          NaN,         NaN
,,,          NaN,,,,          NaN,         NaN
,,,          NaN,,,,          NaN,         NaN
,,,          NaN,,,,          NaN,         NaN
,,,          NaN,,,,          NaN,         NaN
,,,          NaN,,,,          NaN,         NaN
,,,          NaN,,,,          NaN,         NaN
,,,          NaN,,,,          NaN,         NaN
,,,          NaN,,,,          NaN,         NaN
,,,          NaN,,,,          NaN,         NaN
,,,          NaN,,,,          NaN,         NaN
,,,          NaN,,,,          NaN,         NaN
,,,          NaN,,,,          NaN,         NaN
,,,          NaN,,,,          NaN,         NaN
,,,          NaN,,,,          NaN,         NaN
,,,          NaN,,,,          NaN,         NaN
,,,          NaN,,,,          NaN,         NaN
,,,          NaN,,,,          NaN,         NaN
,,,          NaN,,,,          NaN,         NaN
,,,          NaN,,,,          NaN,         NaN
,,,          NaN,,,,          NaN,         NaN
,,,          NaN,,,,          NaN,         NaN
,,,          NaN,,,,          NaN,         NaN
,,,          NaN,,,,          NaN,         NaN
,,,          NaN,,,,          NaN,         NaN
,,,          NaN,,,,          NaN,         NaN
,,,          NaN,,,,          NaN,         NaN
,,,          NaN,,,,          NaN,         NaN
,,,          NaN,,,,          NaN,         NaN
,,,          NaN,,,,          NaN,         NaN
,,,          NaN,,,,          NaN,         NaN
,,,          NaN,,,,          NaN,         NaN
,,,          NaN,,,,          NaN,         NaN
,,,          NaN,,,,          NaN,         NaN
,,,          NaN,,,,          NaN,         NaN
,,,          NaN,,,,          NaN,         NaN
,,,          NaN,,,,          NaN,         NaN
,,,          NaN,,,,          NaN,         NaN
,,,          NaN,,,,          NaN,         NaN
,,,          NaN,,,,          NaN,         NaN
,,,          NaN,,,,          NaN,         NaN
,,,          NaN,,,,          NaN,         NaN
,,,          NaN,,,,          NaN,         NaN
,,,          NaN,,,,          NaN,         NaN
,,,          NaN,,,,          NaN,         NaN
,,,          NaN,,,,          NaN,         NaN
,,,          NaN,,,,          NaN,         NaN
,,,          NaN,,,,          NaN,         NaN
,,,          NaN,,,,          NaN,         NaN
,,,          NaN,,,,          NaN,         NaN
,,,          NaN,,,,          NaN,         NaN
,,,          NaN,,,,          NaN,         NaN
,,,          NaN,,,,          NaN,         NaN
,,,          NaN,,,,          NaN,         NaN
,,,          NaN,,,,          NaN,         NaN
,,,          NaN,,,,          NaN,         NaN
,,,          NaN,,,,          NaN,         NaN
,,,          NaN,,,,          NaN,         NaN
,,,          NaN,,,,          NaN,         NaN
,,,          NaN,,,,          NaN,         NaN
,,,          NaN,,,,          NaN,         NaN
,,,          NaN,,,,          NaN,         NaN
,,,          NaN,,,,          NaN,         NaN
,,,          NaN,,,,          NaN,         NaN
,,,          NaN,,,,          NaN,         NaN
,,,          NaN,,,,          NaN,         NaN
,,,          NaN,,,,          NaN,         NaN
,,,          NaN,,,,          NaN,         NaN
,,,          NaN,,,,          NaN,         NaN
,,,          NaN,,,,          NaN,         NaN
,,,          NaN,,,,          NaN,         NaN
,,,          NaN,,,,          NaN,         NaN
,,,          NaN,,,,          NaN,         NaN
,,,          NaN,,,,          NaN,         NaN
,,,          NaN,,,,          NaN,         NaN
,,,          NaN,,,,          NaN,         NaN
,,,          NaN,,,,          NaN,         NaN
,,,          NaN,,,,          NaN,         NaN
,,,          NaN,,,,          NaN,         NaN
,,,          NaN,,,,          NaN,         NaN
,,,          NaN,,,,          NaN,         NaN
,,,          NaN,,,,          NaN,         NaN
,,,          NaN,,,,          NaN,         NaN
,,,          NaN,,,,          NaN,         NaN
,,,          NaN,,,,          NaN,         NaN
,,,          NaN,,,,          NaN,         NaN
,,,          NaN,,,,          NaN,         NaN
,,,          NaN,,,,          NaN,         NaN
,,,          NaN,,,,          NaN,         NaN
,,,          NaN,,,,          NaN,         NaN
,,,          NaN,,,,          NaN,         NaN
,,,          NaN,,,,          NaN,         NaN
,,,          NaN,,,,          NaN,         NaN
,,,          NaN,,,,          NaN,         NaN
,,,          NaN,,,,          NaN,         NaN
,,,          NaN,,,,          NaN,         NaN
,,,          NaN,,,,          NaN,         NaN
,,,          NaN,,,,          NaN,         NaN
,,,          NaN,,,,          NaN,         NaN
,,,          NaN,,,,          NaN,         NaN
,,,          NaN,,,,          NaN,         NaN
,,,          NaN,,,,          NaN,         NaN
,,,          NaN,,,,          NaN,         NaN
,,,          NaN,,,,          NaN,         NaN
,,,          NaN,,,,          NaN,         NaN
,,,          NaN,,,,          NaN,         NaN
,,,          NaN,,,,          NaN,         NaN
,,,          NaN,,,,          NaN,         NaN
,,,          NaN,,,,          NaN,         NaN
,,,          NaN,,,,          NaN,         NaN
,,,          NaN,,,,          NaN,         NaN
,,,          NaN,,,,          NaN,         NaN
,,,          NaN,,,,          NaN,         NaN
,,,          NaN,,,,          NaN,         NaN
,,,          NaN,,,,          NaN,         NaN
,,,          NaN,,,,          NaN,         NaN
,,,          NaN,,,,          NaN,         NaN
,,,          NaN,,,,          NaN,         NaN
,,,          NaN,,,,          NaN,         NaN
,,,          NaN,,,,          NaN,         NaN
,,,          NaN,,,,          NaN,         NaN
,,,          NaN,,,,          NaN,         NaN
,,,          NaN,,,,          NaN,         NaN
,,,          NaN,,,,          NaN,         NaN
,,,          NaN,,,,          NaN,         NaN
,,,          NaN,,,,          NaN,         NaN
,,,          NaN,,,,          NaN,         NaN
,,,          NaN,,,,          NaN,         NaN
,,,          NaN,,,,          NaN,         NaN
,,,          NaN,,,,          NaN,         NaN
,,,          NaN,,,,          NaN,         NaN
,,,          NaN,,,,          NaN,         NaN
,,,          NaN,,,,          NaN,         NaN
,,,          NaN,,,,          NaN,         NaN
,,,          NaN,,,,          NaN,         NaN
,,,          NaN,,,,          NaN,         NaN
,,,          NaN,,,,          NaN,         NaN
,,,          NaN,,,,          NaN,         NaN
,,,          NaN,,,,          NaN,         NaN
,,,          NaN,,,,          NaN,         NaN
,,,          NaN,,,,          NaN,         NaN
,,,          NaN,,,,          NaN,         NaN
,,,          NaN,,,,          NaN,         NaN
,,,          NaN,,,,          NaN,         NaN
,,,          NaN,,,,          NaN,         NaN
,,,          NaN,,,,          NaN,         NaN
,,,          NaN,,,,          NaN,         NaN
,,,          NaN,,,,          NaN,         NaN
,,,          NaN,,,,          NaN,         NaN
,,,          NaN,,,,          NaN,         NaN
,,,          NaN,,,,          NaN,         NaN
,,,          NaN,,,,          NaN,         NaN
,,,          NaN,,,,          NaN,         NaN
,,,          NaN,,,,          NaN,         NaN
,,,          NaN,,,,          NaN,         NaN
,,,          NaN,,,,          NaN,         NaN
,,,          NaN,,,,          NaN,         NaN
,,,          NaN,,,,          NaN,         NaN
,,,          NaN,,,,          NaN,         NaN
,,,          NaN,,,,          NaN,         NaN
,,,          NaN,,,,          NaN,         NaN
,,,          NaN,,,,          NaN,         NaN
,,,          NaN,,,,          NaN,         NaN
,,,          NaN,,,,          NaN,         NaN
,,,          NaN,,,,          NaN,         NaN
,,,          NaN,,,,          NaN,         NaN
,,,          NaN,,,,          NaN,         NaN
,,,          NaN,,,,          NaN,         NaN
,,,          NaN,,,,          NaN,         NaN
,,,          NaN,,,,          NaN,         NaN
,,,          NaN,,,,          NaN,         NaN
,,,          NaN,,,,          NaN,         NaN
,,,          NaN,,,,          NaN,         NaN
,,,          NaN,,,,          NaN,         NaN
,,,          NaN,,,,          NaN,         NaN
,,,          NaN,,,,          NaN,         NaN
,,,          NaN,,,,          NaN,         NaN
,,,          NaN,,,,          NaN,         NaN
,,,          NaN,,,,          NaN,         NaN
,,,          NaN,,,,          NaN,         NaN
,,,          NaN,,,,          NaN,         NaN
,,,          NaN,,,,          NaN,         NaN
,,,          NaN,,,,          NaN,         NaN
,,,          NaN,,,,          NaN,         NaN
,,,          NaN,,,,          NaN,         NaN
,,,          NaN,,,,          NaN,         NaN
,,,          NaN,,,,          NaN,         NaN
,,,          NaN,,,,          NaN,         NaN
,,,          NaN,,,,          NaN,         NaN
,,,          NaN,,,,          NaN,         NaN
,,,          NaN,,,,          NaN,         NaN
,,,          NaN,,,,          NaN,         NaN
,,,          NaN,,,,          NaN,         NaN
,,,          NaN,,,,          NaN,         NaN
,,,          NaN,,,,          NaN,         NaN
,,,          NaN,,,,          NaN,         NaN
,,,          NaN,,,,          NaN,         NaN
,,,          NaN,,,,          NaN,         NaN
,,,          NaN,,,,          NaN,         NaN
,,,          NaN,,,,          NaN,         NaN
,,,          NaN,,,,          NaN,         NaN
,,,          NaN,,,,          NaN,         NaN
,,,          NaN,,,,          NaN,         NaN
,,,          NaN,,,,          NaN,         NaN
,,,          NaN,,,,          NaN,         NaN
,,,          NaN,,,,          NaN,         NaN
,,,          NaN,,,,          NaN,         NaN
,,,          NaN,,,,          NaN,         NaN
,,,          NaN,,,,          NaN,         NaN
,,,          NaN,,,,          NaN,         NaN
,,,          NaN,,,,          NaN,         NaN
,,,          NaN,,,,          NaN,         NaN
,,,          NaN,,,,          NaN,         NaN
,,,          NaN,,,,          NaN,         NaN
,,,          NaN,,,,          NaN,         NaN
,,,          NaN,,,,          NaN,         NaN
,,,          NaN,,,,          NaN,         NaN
,,,          NaN,,,,          NaN,         NaN
,,,          NaN,,,,          NaN,         NaN
,,,          NaN,,,,          NaN,         NaN
,,,          NaN,,,,          NaN,         NaN
,,,          NaN,,,,          NaN,         NaN
,,,          NaN,,,,          NaN,         NaN
,,,          NaN,,,,          NaN,         NaN
,,,          NaN,,,,          NaN,         NaN
,,,          NaN,,,,          NaN,         NaN
,,,          NaN,,,,          NaN,         NaN
,,,          NaN,,,,          NaN,         NaN
,,,          NaN,,,,          NaN,         NaN
,,,          NaN,,,,          NaN,         NaN
,,,          NaN,,,,          NaN,         NaN
,,,          NaN,,,,          NaN,         NaN
,,,          NaN,,,,          NaN,         NaN
,,,          NaN,,,,          NaN,         NaN
,,,          NaN,,,,          NaN,         NaN
,,,          NaN,,,,          NaN,         NaN
,,,          NaN,,,,          NaN,         NaN
,,,          NaN,,,,          NaN,         NaN
,,,          NaN,,,,          NaN,         NaN
,,,          NaN,,,,          NaN,         NaN
,,,          NaN,,,,          NaN,         NaN
,,,          NaN,,,,          NaN,         NaN
,,,          NaN,,,,          NaN,         NaN
,,,          NaN,,,,          NaN,         NaN
,,,          NaN,,,,          NaN,         NaN
,,,          NaN,,,,          NaN,         NaN
,,,          NaN,,,,          NaN,         NaN
,,,          NaN,,,,          NaN,         NaN
,,,          NaN,,,,          NaN,         NaN
,,,          NaN,,,,          NaN,         NaN
,,,          NaN,,,,          NaN,         NaN
,,,          NaN,,,,          NaN,         NaN
,,,          NaN,,,,          NaN,         NaN
,,,          NaN,,,,          NaN,         NaN
,,,          NaN,,,,          NaN,         NaN
,,,          NaN,,,,          NaN,         NaN
,,,          NaN,,,,          NaN,         NaN
,,,          NaN,,,,          NaN,         NaN
,,,          NaN,,,,          NaN,         NaN
,,,          NaN,,,,          NaN,         NaN
,,,          NaN,,,,          NaN,         NaN
,,,          NaN,,,,          NaN,         NaN
,,,          NaN,,,,          NaN,         NaN
,,,          NaN,,,,          NaN,         NaN
,,,          NaN,,,,          NaN,         NaN
,,,          NaN,,,,          NaN,         NaN
,,,          NaN,,,,          NaN,         NaN
,,,          NaN,,,,          NaN,         NaN
,,,          NaN,,,,          NaN,         NaN
,,,          NaN,,,,          NaN,         NaN
,,,          NaN,,,,          NaN,         NaN
,,,          NaN,,,,          NaN,         NaN
,,,          NaN,,,,          NaN,         NaN
,,,          NaN,,,,          NaN,         NaN
,,,          NaN,,,,          NaN,         NaN
,,,          NaN,,,,          NaN,         NaN
,,,          NaN,,,,          NaN,         NaN
,,,          NaN,,,,          NaN,         NaN
,,,          NaN,,,,          NaN,         NaN
,,,          NaN,,,,          NaN,         NaN
,,,          NaN,,,,          NaN,         NaN
,,,          NaN,,,,          NaN,         NaN
,,,          NaN,,,,          NaN,         NaN
,,,          NaN,,,,          NaN,         NaN
,,,          NaN,,,,          NaN,         NaN
,,,          NaN,,,,          NaN,         NaN
,,,          NaN,,,,          NaN,         NaN
,,,          NaN,,,,          NaN,         NaN
,,,          NaN,,,,          NaN,         NaN
,,,          NaN,,,,          NaN,         NaN
,,,          NaN,,,,          NaN,         NaN
,,,          NaN,,,,          NaN,         NaN
,,,          NaN,,,,          NaN,         NaN
,,,          NaN,,,,          NaN,         NaN
,,,          NaN,,,,          NaN,         NaN
,,,          NaN,,,,          NaN,         NaN
,,,          NaN,,,,          NaN,         NaN
,,,          NaN,,,,          NaN,         NaN
,,,          NaN,,,,          NaN,         NaN
,,,          NaN,,,,          NaN,         NaN
,,,          NaN,,,,          NaN,         NaN
,,,          NaN,,,,          NaN,         NaN
,,,          NaN,,,,          NaN,         NaN
,,,          NaN,,,,          NaN,         NaN
,,,          NaN,,,,          NaN,         NaN
,,,          NaN,,,,          NaN,         NaN
,,,          NaN,,,,          NaN,         NaN
,,,          NaN,,,,          NaN,         NaN
,,,          NaN,,,,          NaN,         NaN
,,,          NaN,,,,          NaN,         NaN
,,,          NaN,,,,          NaN,         NaN
,,,          NaN,,,,          NaN,         NaN
,,,          NaN,,,,          NaN,         NaN
,,,          NaN,,,,          NaN,         NaN
,,,          NaN,,,,          NaN,         NaN
,,,          NaN,,,,          NaN,         NaN
,,,          NaN,,,,          NaN,         NaN
,,,          NaN,,,,          NaN,         NaN
,,,          NaN,,,,          NaN,         NaN
,,,          NaN,,,,          NaN,         NaN
,,,          NaN,,,,          NaN,         NaN
,,,          NaN,,,,          NaN,         NaN
,,,          NaN,,,,          NaN,         NaN
,,,          NaN,,,,          NaN,         NaN
,,,          NaN,,,,          NaN,         NaN
,,,          NaN,,,,          NaN,         NaN
,,,          NaN,,,,          NaN,         NaN
,,,          NaN,,,,          NaN,         NaN
,,,          NaN,,,,          NaN,         NaN
,,,          NaN,,,,          NaN,         NaN
,,,          NaN,,,,          NaN,         NaN
,,,          NaN,,,,          NaN,         NaN
,,,          NaN,,,,          NaN,         NaN
,,,          NaN,,,,          NaN,         NaN
,,,          NaN,,,,          NaN,         NaN
,,,          NaN,,,,          NaN,         NaN
,,,          NaN,,,,          NaN,         NaN
,,,          NaN,,,,          NaN,         NaN
,,,          NaN,,,,          NaN,         NaN
,,,          NaN,,,,          NaN,         NaN
,,,          NaN,,,,          NaN,         NaN
,,,          NaN,,,,          NaN,         NaN
,,,          NaN,,,,          NaN,         NaN
,,,          NaN,,,,          NaN,         NaN
,,,          NaN,,,,          NaN,         NaN
,,,          NaN,,,,          NaN,         NaN
,,,          NaN,,,,          NaN,         NaN
,,,          NaN,,,,          NaN,         NaN
,,,          NaN,,,,          NaN,         NaN
,,,          NaN,,,,          NaN,         NaN
,,,          NaN,,,,          NaN,         NaN
,,,          NaN,,,,          NaN,         NaN
,,,          NaN,,,,          NaN,         NaN
,,,          NaN,,,,          NaN,         NaN
,,,          NaN,,,,          NaN,         NaN
,,,          NaN,,,,          NaN,         NaN
,,,          NaN,,,,          NaN,         NaN
,,,          NaN,,,,          NaN,         NaN
,,,          NaN,,,,          NaN,         NaN
,,,          NaN,,,,          NaN,         NaN
,,,          NaN,,,,          NaN,         NaN
,,,          NaN,,,,          NaN,         NaN
,,,          NaN,,,,          NaN,         NaN
,,,          NaN,,,,          NaN,         NaN
,,,          NaN,,,,          NaN,         NaN
,,,          NaN,,,,          NaN,         NaN
,,,          NaN,,,,          NaN,         NaN
,,,          NaN,,,,          NaN,         NaN
,,,          NaN,,,,          NaN,         NaN
,,,          NaN,,,,          NaN,         NaN
,,,          NaN,,,,          NaN,         NaN
,,,          NaN,,,,          NaN,         NaN
,,,          NaN,,,,          NaN,         NaN
,,,          NaN,,,,          NaN,         NaN
,,,          NaN,,,,          NaN,         NaN
,,,          NaN,,,,          NaN,         NaN
,,,          NaN,,,,          NaN,         NaN
,,,          NaN,,,,          NaN,         NaN
,,,          NaN,,,,          NaN,         NaN
,,,          NaN,,,,          NaN,         NaN
,,,          NaN,,,,          NaN,         NaN
,,,          NaN,,,,          NaN,         NaN
,,,          NaN,,,,          NaN,         NaN
,,,          NaN,,,,          NaN,         NaN
,,,          NaN,,,,          NaN,         NaN
,,,          NaN,,,,          NaN,         NaN
,,,          NaN,,,,          NaN,         NaN
,,,          NaN,,,,          NaN,         NaN
,,,          NaN,,,,          NaN,         NaN
,,,          NaN,,,,          NaN,         NaN
,,,          NaN,,,,          NaN,         NaN
,,,          NaN,,,,          NaN,         NaN
,,,          NaN,,,,          NaN,         NaN
,,,          NaN,,,,          NaN,         NaN
,,,          NaN,,,,          NaN,         NaN
,,,          NaN,,,,          NaN,         NaN
,,,          NaN,,,,          NaN,         NaN
,,,          NaN,,,,          NaN,         NaN
,,,          NaN,,,,          NaN,         NaN
,,,          NaN,,,,          NaN,         NaN
,,,          NaN,,,,          NaN,         NaN
,,,          NaN,,,,          NaN,         NaN
,,,          NaN,,,,          NaN,         NaN
,,,          NaN,,,,          NaN,         NaN
,,,          NaN,,,,          NaN,         NaN
,,,          NaN,,,,          NaN,         NaN
,,,          NaN,,,,          NaN,         NaN
,,,          NaN,,,,          NaN,         NaN
,,,          NaN,,,,          NaN,         NaN
,,,          NaN,,,,          NaN,         NaN
,,,          NaN,,,,          NaN,         NaN
,,,          NaN,,,,          NaN,         NaN
,,,          NaN,,,,          NaN,         NaN
,,,          NaN,,,,          NaN,         NaN
,,,          NaN,,,,          NaN,         NaN
,,,          NaN,,,,          NaN,         NaN
,,,          NaN,,,,          NaN,         NaN
,,,          NaN,,,,          NaN,         NaN
,,,          NaN,,,,          NaN,         NaN
,,,          NaN,,,,          NaN,         NaN
,,,          NaN,,,,          NaN,         NaN
,,,          NaN,,,,          NaN,         NaN
,,,          NaN,,,,          NaN,         NaN
,,,          NaN,,,,          NaN,         NaN
,,,          NaN,,,,          NaN,         NaN
,,,          NaN,,,,          NaN,         NaN
,,,          NaN,,,,          NaN,         NaN
,,,          NaN,,,,          NaN,         NaN
,,,          NaN,,,,          NaN,         NaN
,,,          NaN,,,,          NaN,         NaN
,,,          NaN,,,,          NaN,         NaN
,,,          NaN,,,,          NaN,         NaN
,,,          NaN,,,,          NaN,         NaN
,,,          NaN,,,,          NaN,         NaN
,,,          NaN,,,,          NaN,         NaN
,,,          NaN,,,,          NaN,         NaN
,,,          NaN,,,,          NaN,         NaN
,,,          NaN,,,,          NaN,         NaN
,,,          NaN,,,,          NaN,         NaN
,,,          NaN,,,,          NaN,         NaN
,,,          NaN,,,,          NaN,         NaN
,,,          NaN,,,,          NaN,         NaN
,,,          NaN,,,,          NaN,         NaN
,,,          NaN,,,,          NaN,         NaN
,,,          NaN,,,,          NaN,         NaN
,,,          NaN,,,,          NaN,         NaN
,,,          NaN,,,,          NaN,         NaN
,,,          NaN,,,,          NaN,         NaN
,,,          NaN,,,,          NaN,         NaN
,,,          NaN,,,,          NaN,         NaN
,,,          NaN,,,,          NaN,         NaN
,,,          NaN,,,,          NaN,         NaN
,,,          NaN,,,,          NaN,         NaN
,,,          NaN,,,,          NaN,         NaN
,,,          NaN,,,,          NaN,         NaN
,,,          NaN,,,,          NaN,         NaN
,,,          NaN,,,,          NaN,         NaN
,,,          NaN,,,,          NaN,         NaN
,,,          NaN,,,,          NaN,         NaN
,,,          NaN,,,,          NaN,         NaN
,,,          NaN,,,,          NaN,         NaN
,,,          NaN,,,,          NaN,         NaN
,,,          NaN,,,,          NaN,         NaN
,,,          NaN,,,,          NaN,         NaN
,,,          NaN,,,,          NaN,         NaN
,,,          NaN,,,,          NaN,         NaN
,,,          NaN,,,,          NaN,         NaN
,,,          NaN,,,,          NaN,         NaN
,,,          NaN,,,,          NaN,         NaN
,,,          NaN,,,,          NaN,         NaN
,,,          NaN,,,,          NaN,         NaN
,,,          NaN,,,,          NaN,         NaN
,,,          NaN,,,,          NaN,         NaN
,,,          NaN,,,,          NaN,         NaN
,,,          NaN,,,,          NaN,         NaN
,,,          NaN,,,,          NaN,         NaN
,,,          NaN,,,,          NaN,         NaN
,,,          NaN,,,,          NaN,         NaN
,,,          NaN,,,,          NaN,         NaN
,,,          NaN,,,,          NaN,         NaN
,,,          NaN,,,,          NaN,         NaN
,,,          NaN,,,,          NaN,         NaN
,,,          NaN,,,,          NaN,         NaN
,,,          NaN,,,,          NaN,         NaN
,,,          NaN,,,,          NaN,         NaN
,,,          NaN,,,,          NaN,         NaN
,,,          NaN,,,,          NaN,         NaN
,,,          NaN,,,,          NaN,         NaN
,,,          NaN,,,,          NaN,         NaN
,,,          NaN,,,,          NaN,         NaN
,,,          NaN,,,,          NaN,         NaN
,,,          NaN,,,,          NaN,         NaN
,,,          NaN,,,,          NaN,         NaN
,,,          NaN,,,,          NaN,         NaN
,,,          NaN,,,,          NaN,         NaN
,,,          NaN,,,,          NaN,         NaN
,,,          NaN,,,,          NaN,         NaN
,,,          NaN,,,,          NaN,         NaN
,,,          NaN,,,,          NaN,         NaN
,,,          NaN,,,,          NaN,         NaN
,,,          NaN,,,,          NaN,         NaN
,,,          NaN,,,,          NaN,         NaN
,,,          NaN,,,,          NaN,         NaN
,,,          NaN,,,,          NaN,         NaN
,,,          NaN,,,,          NaN,         NaN
,,,          NaN,,,,          NaN,         NaN
,,,          NaN,,,,          NaN,         NaN
,,,          NaN,,,,          NaN,         NaN
,,,          NaN,,,,          NaN,         NaN
,,,          NaN,,,,          NaN,         NaN
,,,          NaN,,,,          NaN,         NaN
,,,          NaN,,,,          NaN,         NaN
,,,          NaN,,,,          NaN,         NaN
,,,          NaN,,,,          NaN,         NaN
,,,          NaN,,,,          NaN,         NaN
,,,          NaN,,,,          NaN,         NaN
,,,          NaN,,,,          NaN,         NaN
,,,          NaN,,,,          NaN,         NaN
,,,          NaN,,,,          NaN,         NaN
,,,          NaN,,,,          NaN,         NaN
,,,          NaN,,,,          NaN,         NaN
,,,          NaN,,,,          NaN,         NaN
,,,          NaN,,,,          NaN,         NaN
,,,          NaN,,,,          NaN,         NaN
,,,          NaN,,,,          NaN,         NaN
,,,          NaN,,,,          NaN,         NaN
,,,          NaN,,,,          NaN,         NaN
,,,          NaN,,,,          NaN,         NaN
,,,          NaN,,,,          NaN,         NaN
,,,          NaN,,,,          NaN,         NaN
,,,          NaN,,,,          NaN,         NaN
,,,          NaN,,,,          NaN,         NaN
,,,          NaN,,,,          NaN,         NaN
,,,          NaN,,,,          NaN,         NaN
,,,          NaN,,,,          NaN,         NaN
,,,          NaN,,,,          NaN,         NaN
,,,          NaN,,,,          NaN,         NaN
,,,          NaN,,,,          NaN,         NaN
,,,          NaN,,,,          NaN,         NaN
,,,          NaN,,,,          NaN,         NaN
,,,          NaN,,,,          NaN,         NaN
,,,          NaN,,,,          NaN,         NaN
,,,          NaN,,,,          NaN,         NaN
,,,          NaN,,,,          NaN,         NaN
,,,          NaN,,,,          NaN,         NaN
,,,          NaN,,,,          NaN,         NaN
,,,          NaN,,,,          NaN,         NaN
,,,          NaN,,,,          NaN,         NaN
,,,          NaN,,,,          NaN,         NaN
,,,          NaN,,,,          NaN,         NaN
,,,          NaN,,,,          NaN,         NaN
,,,          NaN,,,,          NaN,         NaN
,,,          NaN,,,,          NaN,         NaN
,,,          NaN,,,,          NaN,         NaN
,,,          NaN,,,,          NaN,         NaN
,,,          NaN,,,,          NaN,         NaN
,,,          NaN,,,,          NaN,         NaN
,,,          NaN,,,,          NaN,         NaN
,,,          NaN,,,,          NaN,         NaN
,,,          NaN,,,,          NaN,         NaN
,,,          NaN,,,,          NaN,         NaN
,,,          NaN,,,,          NaN,         NaN
,,,          NaN,,,,          NaN,         NaN
,,,          NaN,,,,          NaN,         NaN
,,,          NaN,,,,          NaN,         NaN
,,,          NaN,,,,          NaN,         NaN
,,,          NaN,,,,          NaN,         NaN
,,,          NaN,,,,          NaN,         NaN
,,,          NaN,,,,          NaN,         NaN
,,,          NaN,,,,          NaN,         NaN
,,,          NaN,,,,          NaN,         NaN
,,,          NaN,,,,          NaN,         NaN
,,,          NaN,,,,          NaN,         NaN
,,,          NaN,,,,          NaN,         NaN
,,,          NaN,,,,          NaN,         NaN
,,,          NaN,,,,          NaN,         NaN
,,,          NaN,,,,          NaN,         NaN
,,,          NaN,,,,          NaN,         NaN
,,,          NaN,,,,          NaN,         NaN
,,,          NaN,,,,          NaN,         NaN
,,,          NaN,,,,          NaN,         NaN
,,,          NaN,,,,          NaN,         NaN
,,,          NaN,,,,          NaN,         NaN
,,,          NaN,,,,          NaN,         NaN
,,,          NaN,,,,          NaN,         NaN
,,,          NaN,,,,          NaN,         NaN
,,,          NaN,,,,          NaN,         NaN
,,,          NaN,,,,          NaN,         NaN
,,,          NaN,,,,          NaN,         NaN
,,,          NaN,,,,          NaN,         NaN
,,,          NaN,,,,          NaN,         NaN
,,,          NaN,,,,          NaN,         NaN
,,,          NaN,,,,          NaN,         NaN
,,,          NaN,,,,          NaN,         NaN
,,,          NaN,,,,          NaN,         NaN
,,,          NaN,,,,          NaN,         NaN
,,,          NaN,,,,          NaN,         NaN
,,,          NaN,,,,          NaN,         NaN
,,,          NaN,,,,          NaN,         NaN
,,,          NaN,,,,          NaN,         NaN
,,,          NaN,,,,          NaN,         NaN
,,,          NaN,,,,          NaN,         NaN
,,,          NaN,,,,          NaN,         NaN
,,,          NaN,,,,          NaN,         NaN
,,,          NaN,,,,          NaN,         NaN
,,,          NaN,,,,          NaN,         NaN
,,,          NaN,,,,          NaN,         NaN
,,,          NaN,,,,          NaN,         NaN
,,,          NaN,,,,          NaN,         NaN
,,,          NaN,,,,          NaN,         NaN
,,,          NaN,,,,          NaN,         NaN
,,,          NaN,,,,          NaN,         NaN
,,,          NaN,,,,          NaN,         NaN
,,,          NaN,,,,          NaN,         NaN
,,,          NaN,,,,          NaN,         NaN
,,,          NaN,,,,          NaN,         NaN
,,,          NaN,,,,          NaN,         NaN
,,,          NaN,,,,          NaN,         NaN
,,,          NaN,,,,          NaN,         NaN
,,,          NaN,,,,          NaN,         NaN
,,,          NaN,,,,          NaN,         NaN
,,,          NaN,,,,          NaN,         NaN
,,,          NaN,,,,          NaN,         NaN
,,,          NaN,,,,          NaN,         NaN
,,,          NaN,,,,          NaN,         NaN
,,,          NaN,,,,          NaN,         NaN
,,,          NaN,,,,          NaN,         NaN
,,,          NaN,,,,          NaN,         NaN
,,,          NaN,,,,          NaN,         NaN
,,,          NaN,,,,          NaN,         NaN
,,,          NaN,,,,          NaN,         NaN
,,,          NaN,,,,          NaN,         NaN
,,,          NaN,,,,          NaN,         NaN
,,,          NaN,,,,          NaN,         NaN
,,,          NaN,,,,          NaN,         NaN
,,,          NaN,,,,          NaN,         NaN
,,,          NaN,,,,          NaN,         NaN
,,,          NaN,,,,          NaN,         NaN
,,,          NaN,,,,          NaN,         NaN
,,,          NaN,,,,          NaN,         NaN
,,,          NaN,,,,          NaN,         NaN
,,,          NaN,,,,          NaN,         NaN
,,,          NaN,,,,          NaN,         NaN
,,,          NaN,,,,          NaN,         NaN
,,,          NaN,,,,          NaN,         NaN
,,,          NaN,,,,          NaN,         NaN
,,,          NaN,,,,          NaN,         NaN
,,,          NaN,,,,          NaN,         NaN
,,,          NaN,,,,          NaN,         NaN
,,,          NaN,,,,          NaN,         NaN
,,,          NaN,,,,          NaN,         NaN
,,,          NaN,,,,          NaN,         NaN
,,,          NaN,,,,          NaN,         NaN
,,,          NaN,,,,          NaN,         NaN
,,,          NaN,,,,          NaN,         NaN
,,,          NaN,,,,          NaN,         NaN
,,,          NaN,,,,          NaN,         NaN
,,,          NaN,,,,          NaN,         NaN
,,,          NaN,,,,          NaN,         NaN
,,,          NaN,,,,          NaN,         NaN
,,,          NaN,,,,          NaN,         NaN
,,,          NaN,,,,          NaN,         NaN
,,,          NaN,,,,          NaN,         NaN
,,,          NaN,,,,          NaN,         NaN
,,,          NaN,,,,          NaN,         NaN
,,,          NaN,,,,          NaN,         NaN
,,,          NaN,,,,          NaN,         NaN
,,,          NaN,,,,          NaN,         NaN
,,,          NaN,,,,          NaN,         NaN
,,,          NaN,,,,          NaN,         NaN
,,,          NaN,,,,          NaN,         NaN
,,,          NaN,,,,          NaN,         NaN
,,,          NaN,,,,          NaN,         NaN
,,,          NaN,,,,          NaN,         NaN
,,,          NaN,,,,          NaN,         NaN
,,,          NaN,,,,          NaN,         NaN
,,,          NaN,,,,          NaN,         NaN
,,,          NaN,,,,          NaN,         NaN
,,,          NaN,,,,          NaN,         NaN
,,,          NaN,,,,          NaN,         NaN
,,,          NaN,,,,          NaN,         NaN
,,,          NaN,,,,          NaN,         NaN
,,,          NaN,,,,          NaN,         NaN
,,,          NaN,,,,          NaN,         NaN
,,,          NaN,,,,          NaN,         NaN
,,,          NaN,,,,          NaN,         NaN
,,,          NaN,,,,          NaN,         NaN
,,,          NaN,,,,          NaN,         NaN
,,,          NaN,,,,          NaN,         NaN
,,,          NaN,,,,          NaN,         NaN
,,,          NaN,,,,          NaN,         NaN
,,,          NaN,,,,          NaN,         NaN
,,,          NaN,,,,          NaN,         NaN
,,,          NaN,,,,          NaN,         NaN
,,,          NaN,,,,          NaN,         NaN
,,,          NaN,,,,          NaN,         NaN
,,,          NaN,,,,          NaN,         NaN
,,,          NaN,,,,          NaN,         NaN
,,,          NaN,,,,          NaN,         NaN
,,,          NaN,,,,          NaN,         NaN
,,,          NaN,,,,          NaN,         NaN
,,,          NaN,,,,          NaN,         NaN
,,,          NaN,,,,          NaN,         NaN
,,,          NaN,,,,          NaN,         NaN
,,,          NaN,,,,          NaN,         NaN
,,,          NaN,,,,          NaN,         NaN
,,,          NaN,,,,          NaN,         NaN
,,,          NaN,,,,          NaN,         NaN
,,,          NaN,,,,          NaN,         NaN
,,,          NaN,,,,          NaN,         NaN
,,,          NaN,,,,          NaN,         NaN
,,,          NaN,,,,          NaN,         NaN
,,,          NaN,,,,          NaN,         NaN
,,,          NaN,,,,          NaN,         NaN
,,,          NaN,,,,          NaN,         NaN
,,,          NaN,,,,          NaN,         NaN
,,,          NaN,,,,          NaN,         NaN
,,,          NaN,,,,          NaN,         NaN
,,,          NaN,,,,          NaN,         NaN
,,,          NaN,,,,          NaN,         NaN
,,,          NaN,,,,          NaN,         NaN
,,,          NaN,,,,          NaN,         NaN
,,,          NaN,,,,          NaN,         NaN
,,,          NaN,,,,          NaN,         NaN
,,,          NaN,,,,          NaN,         NaN
,,,          NaN,,,,          NaN,         NaN
,,,          NaN,,,,          NaN,         NaN
,,,          NaN,,,,          NaN,         NaN
,,,          NaN,,,,          NaN,         NaN
,,,          NaN,,,,          NaN,         NaN
,,,          NaN,,,,          NaN,         NaN
,,,          NaN,,,,          NaN,         NaN
,,,          NaN,,,,          NaN,         NaN
,,,          NaN,,,,          NaN,         NaN
,,,          NaN,,,,          NaN,         NaN
,,,          NaN,,,,          NaN,         NaN
,,,          NaN,,,,          NaN,         NaN
,,,          NaN,,,,          NaN,         NaN
,,,          NaN,,,,          NaN,         NaN
,,,          NaN,,,,          NaN,         NaN
,,,          NaN,,,,          NaN,         NaN
,,,          NaN,,,,          NaN,         NaN
,,,          NaN,,,,          NaN,         NaN
,,,          NaN,,,,          NaN,         NaN
,,,          NaN,,,,          NaN,         NaN
,,,          NaN,,,,          NaN,         NaN
,,,          NaN,,,,          NaN,         NaN
,,,          NaN,,,,          NaN,         NaN
,,,          NaN,,,,          NaN,         NaN
,,,          NaN,,,,          NaN,         NaN
,,,          NaN,,,,          NaN,         NaN
,,,          NaN,,,,          NaN,         NaN
,,,          NaN,,,,          NaN,         NaN
,,,          NaN,,,,          NaN,         NaN
,,,          NaN,,,,          NaN,         NaN
,,,          NaN,,,,          NaN,         NaN
,,,          NaN,,,,          NaN,         NaN
,,,          NaN,,,,          NaN,         NaN
,,,          NaN,,,,          NaN,         NaN
,,,          NaN,,,,          NaN,         NaN
,,,          NaN,,,,          NaN,         NaN
,,,          NaN,,,,          NaN,         NaN
,,,          NaN,,,,          NaN,         NaN
,,,          NaN,,,,          NaN,         NaN
,,,          NaN,,,,          NaN,         NaN
,,,          NaN,,,,          NaN,         NaN
,,,          NaN,,,,          NaN,         NaN
,,,          NaN,,,,          NaN,         NaN
,,,          NaN,,,,          NaN,         NaN
,,,          NaN,,,,          NaN,         NaN
,,,          NaN,,,,          NaN,         NaN
,,,          NaN,,,,          NaN,         NaN
,,,          NaN,,,,          NaN,         NaN
,,,          NaN,,,,          NaN,         NaN
,,,          NaN,,,,          NaN,         NaN
,,,          NaN,,,,          NaN,         NaN
,,,          NaN,,,,          NaN,         NaN
,,,          NaN,,,,          NaN,         NaN
,,,          NaN,,,,          NaN,         NaN
,,,          NaN,,,,          NaN,         NaN
,,,          NaN,,,,          NaN,         NaN
,,,          NaN,,,,          NaN,         NaN
,,,          NaN,,,,          NaN,         NaN
,,,          NaN,,,,          NaN,         NaN
,,,          NaN,,,,          NaN,         NaN
,,,          NaN,,,,          NaN,         NaN
,,,          NaN,,,,          NaN,         NaN
,,,          NaN,,,,          NaN,         NaN
,,,          NaN,,,,          NaN,         NaN
,,,          NaN,,,,          NaN,         NaN
,,,          NaN,,,,          NaN,         NaN
,,,          NaN,,,,          NaN,         NaN
,,,          NaN,,,,          NaN,         NaN
,,,          NaN,,,,          NaN,         NaN
,,,          NaN,,,,          NaN,         NaN
,,,          NaN,,,,          NaN,         NaN
,,,          NaN,,,,          NaN,         NaN
,,,          NaN,,,,          NaN,         NaN
,,,          NaN,,,,          NaN,         NaN
,,,          NaN,,,,          NaN,         NaN
,,,          NaN,,,,          NaN,         NaN
,,,          NaN,,,,          NaN,         NaN
,,,          NaN,,,,          NaN,         NaN
,,,          NaN,,,,          NaN,         NaN
,,,          NaN,,,,          NaN,         NaN
,,,          NaN,,,,          NaN,         NaN
,,,          NaN,,,,          NaN,         NaN
,,,          NaN,,,,          NaN,         NaN
,,,          NaN,,,,          NaN,         NaN
,,,          NaN,,,,          NaN,         NaN
,,,          NaN,,,,          NaN,         NaN
,,,          NaN,,,,          NaN,         NaN
,,,          NaN,,,,          NaN,         NaN
,,,          NaN,,,,          NaN,         NaN
,,,          NaN,,,,          NaN,         NaN
,,,          NaN,,,,          NaN,         NaN
,,,          NaN,,,,          NaN,         NaN
,,,          NaN,,,,          NaN,         NaN
,,,          NaN,,,,          NaN,         NaN
,,,          NaN,,,,          NaN,         NaN
,,,          NaN,,,,          NaN,         NaN
,,,          NaN,,,,          NaN,         NaN
,,,          NaN,,,,          NaN,         NaN
,,,          NaN,,,,          NaN,         NaN
,,,          NaN,,,,          NaN,         NaN
,,,          NaN,,,,          NaN,         NaN
,,,          NaN,,,,          NaN,         NaN
,,,          NaN,,,,          NaN,         NaN
,,,          NaN,,,,          NaN,         NaN
,,,          NaN,,,,          NaN,         NaN
,,,          NaN,,,,          NaN,         NaN
,,,          NaN,,,,          NaN,         NaN
,,,          NaN,,,,          NaN,         NaN
,,,          NaN,,,,          NaN,         NaN
,,,          NaN,,,,          NaN,         NaN
,,,          NaN,,,,          NaN,         NaN
,,,          NaN,,,,          NaN,         NaN
,,,          NaN,,,,          NaN,         NaN
,,,          NaN,,,,          NaN,         NaN
,,,          NaN,,,,          NaN,         NaN
,,,          NaN,,,,          NaN,         NaN
,,,          NaN,,,,          NaN,         NaN
,,,          NaN,,,,          NaN,         NaN
,,,          NaN,,,,          NaN,         NaN
,,,          NaN,,,,          NaN,         NaN
,,,          NaN,,,,          NaN,         NaN
,,,          NaN,,,,          NaN,         NaN
,,,          NaN,,,,          NaN,         NaN
,,,          NaN,,,,          NaN,         NaN
,,,          NaN,,,,          NaN,         NaN
,,,          NaN,,,,          NaN,         NaN
,,,          NaN,,,,          NaN,         NaN
,,,          NaN,,,,          NaN,         NaN
,,,          NaN,,,,          NaN,         NaN
,,,          NaN,,,,          NaN,         NaN
,,,          NaN,,,,          NaN,         NaN
,,,          NaN,,,,          NaN,         NaN
,,,          NaN,,,,          NaN,         NaN
,,,          NaN,,,,          NaN,         NaN
,,,          NaN,,,,          NaN,         NaN
,,,          NaN,,,,          NaN,         NaN
,,,          NaN,,,,          NaN,         NaN
,,,          NaN,,,,          NaN,         NaN
,,,          NaN,,,,          NaN,         NaN
,,,          NaN,,,,          NaN,         NaN
,,,          NaN,,,,          NaN,         NaN
,,,          NaN,,,,          NaN,         NaN
,,,          NaN,,,,          NaN,         NaN
,,,          NaN,,,,          NaN,         NaN
,,,          NaN,,,,          NaN,         NaN
,,,          NaN,,,,          NaN,         NaN
,,,          NaN,,,,          NaN,         NaN
,,,          NaN,,,,          NaN,         NaN
,,,          NaN,,,,          NaN,         NaN
,,,          NaN,,,,          NaN,         NaN
,,,          NaN,,,,          NaN,         NaN
,,,          NaN,,,,          NaN,         NaN
,,,          NaN,,,,          NaN,         NaN
,,,          NaN,,,,          NaN,         NaN
,,,          NaN,,,,          NaN,         NaN
,,,          NaN,,,,          NaN,         NaN
,,,          NaN,,,,          NaN,         NaN
,,,          NaN,,,,          NaN,         NaN
,,,          NaN,,,,          NaN,         NaN
,,,          NaN,,,,          NaN,         NaN
,,,          NaN,,,,          NaN,         NaN
,,,          NaN,,,,          NaN,         NaN
,,,          NaN,,,,          NaN,         NaN
,,,          NaN,,,,          NaN,         NaN
,,,          NaN,,,,          NaN,         NaN
,,,          NaN,,,,          NaN,         NaN
,,,          NaN,,,,          NaN,         NaN
,,,          NaN,,,,          NaN,         NaN
,,,          NaN,,,,          NaN,         NaN
,,,          NaN,,,,          NaN,         NaN
,,,          NaN,,,,          NaN,         NaN
,,,          NaN,,,,          NaN,         NaN
,,,          NaN,,,,          NaN,         NaN
,,,          NaN,,,,          NaN,         NaN
,,,          NaN,,,,          NaN,         NaN
,,,          NaN,,,,          NaN,         NaN
,,,          NaN,,,,          NaN,         NaN
,,,          NaN,,,,          NaN,         NaN
,,,          NaN,,,,          NaN,         NaN
,,,          NaN,,,,          NaN,         NaN
,,,          NaN,,,,          NaN,         NaN
,,,          NaN,,,,          NaN,         NaN
,,,          NaN,,,,          NaN,         NaN
,,,          NaN,,,,          NaN,         NaN
,,,          NaN,,,,          NaN,         NaN
,,,          NaN,,,,          NaN,         NaN
,,,          NaN,,,,          NaN,         NaN
,,,          NaN,,,,          NaN,         NaN
,,,          NaN,,,,          NaN,         NaN
,,,          NaN,,,,          NaN,         NaN
,,,          NaN,,,,          NaN,         NaN
,,,          NaN,,,,          NaN,         NaN
,,,          NaN,,,,          NaN,         NaN
,,,          NaN,,,,          NaN,         NaN
,,,          NaN,,,,          NaN,         NaN
,,,          NaN,,,,          NaN,         NaN
,,,          NaN,,,,          NaN,         NaN
,,,          NaN,,,,          NaN,         NaN
,,,          NaN,,,,          NaN,         NaN
,,,          NaN,,,,          NaN,         NaN
,,,          NaN,,,,          NaN,         NaN
,,,          NaN,,,,          NaN,         NaN
,,,          NaN,,,,          NaN,         NaN
,,,          NaN,,,,          NaN,         NaN
,,,          NaN,,,,          NaN,         NaN
,,,          NaN,,,,          NaN,         NaN
,,,          NaN,,,,          NaN,         NaN
,,,          NaN,,,,          NaN,         NaN
,,,          NaN,,,,          NaN,         NaN
,,,          NaN,,,,          NaN,         NaN
,,,          NaN,,,,          NaN,         NaN
,,,          NaN,,,,          NaN,         NaN
,,,          NaN,,,,          NaN,         NaN
,,,          NaN,,,,          NaN,         NaN
,,,          NaN,,,,          NaN,         NaN
,,,          NaN,,,,          NaN,         NaN
,,,          NaN,,,,          NaN,         NaN
,,,          NaN,,,,          NaN,         NaN
,,,          NaN,,,,          NaN,         NaN
,,,          NaN,,,,          NaN,         NaN
,,,          NaN,,,,          NaN,         NaN
,,,          NaN,,,,          NaN,         NaN
,,,          NaN,,,,          NaN,         NaN
,,,          NaN,,,,          NaN,         NaN
,,,          NaN,,,,          NaN,         NaN
,,,          NaN,,,,          NaN,         NaN
,,,          NaN,,,,          NaN,         NaN
,,,          NaN,,,,          NaN,         NaN
,,,          NaN,,,,          NaN,         NaN
,,,          NaN,,,,          NaN,         NaN
,,,          NaN,,,,          NaN,         NaN
,,,          NaN,,,,          NaN,         NaN
,,,          NaN,,,,          NaN,         NaN
,,,          NaN,,,,          NaN,         NaN
,,,          NaN,,,,          NaN,         NaN
,,,          NaN,,,,          NaN,         NaN
,,,          NaN,,,,          NaN,         NaN
,,,          NaN,,,,          NaN,         NaN
,,,          NaN,,,,          NaN,         NaN
,,,          NaN,,,,          NaN,         NaN
,,,          NaN,,,,          NaN,         NaN
,,,          NaN,,,,          NaN,         NaN
,,,          NaN,,,,          NaN,         NaN
,,,          NaN,,,,          NaN,         NaN
,,,          NaN,,,,          NaN,         NaN
,,,          NaN,,,,          NaN,         NaN
,,,          NaN,,,,          NaN,         NaN
,,,          NaN,,,,          NaN,         NaN
,,,          NaN,,,,          NaN,         NaN
,,,          NaN,,,,          NaN,         NaN
,,,          NaN,,,,          NaN,         NaN
,,,          NaN,,,,          NaN,         NaN
,,,          NaN,,,,          NaN,         NaN
,,,          NaN,,,,          NaN,         NaN
,,,          NaN,,,,          NaN,         NaN
,,,          NaN,,,,          NaN,         NaN
,,,          NaN,,,,          NaN,         NaN
,,,          NaN,,,,          NaN,         NaN
,,,          NaN,,,,          NaN,         NaN
,,,          NaN,,,,          NaN,         NaN
,,,          NaN,,,,          NaN,         NaN
,,,          NaN,,,,          NaN,         NaN
,,,          NaN,,,,          NaN,         NaN
,,,          NaN,,,,          NaN,         NaN
,,,          NaN,,,,          NaN,         NaN
,,,          NaN,,,,          NaN,         NaN
,,,          NaN,,,,          NaN,         NaN
,,,          NaN,,,,          NaN,         NaN
,,,          NaN,,,,          NaN,         NaN
,,,          NaN,,,,          NaN,         NaN
,,,          NaN,,,,          NaN,         NaN
,,,          NaN,,,,          NaN,         NaN
,,,          NaN,,,,          NaN,         NaN
,,,          NaN,,,,          NaN,         NaN
,,,          NaN,,,,          NaN,         NaN
,,,          NaN,,,,          NaN,         NaN
,,,          NaN,,,,          NaN,         NaN
,,,          NaN,,,,          NaN,         NaN
,,,          NaN,,,,          NaN,         NaN
,,,          NaN,,,,          NaN,         NaN
,,,          NaN,,,,          NaN,         NaN
,,,          NaN,,,,          NaN,         NaN
,,,          NaN,,,,          NaN,         NaN
,,,          NaN,,,,          NaN,         NaN
,,,          NaN,,,,          NaN,         NaN
,,,          NaN,,,,          NaN,         NaN
,,,          NaN,,,,          NaN,         NaN
,,,          NaN,,,,          NaN,         NaN
,,,          NaN,,,,          NaN,         NaN
,,,          NaN,,,,          NaN,         NaN
,,,          NaN,,,,          NaN,         NaN
,,,          NaN,,,,          NaN,         NaN
,,,          NaN,,,,          NaN,         NaN
,,,          NaN,,,,          NaN,         NaN
,,,          NaN,,,,          NaN,         NaN
,,,          NaN,,,,          NaN,         NaN
,,,          NaN,,,,          NaN,         NaN
,,,          NaN,,,,          NaN,         NaN
,,,          NaN,,,,          NaN,         NaN
,,,          NaN,,,,          NaN,         NaN
,,,          NaN,,,,          NaN,         NaN
,,,          NaN,,,,          NaN,         NaN
,,,          NaN,,,,          NaN,         NaN
,,,          NaN,,,,          NaN,         NaN
,,,          NaN,,,,          NaN,         NaN
,,,          NaN,,,,          NaN,         NaN
,,,          NaN,,,,          NaN,         NaN
,,,          NaN,,,,          NaN,         NaN
,,,          NaN,,,,          NaN,         NaN
,,,          NaN,,,,          NaN,         NaN
,,,          NaN,,,,          NaN,         NaN
,,,          NaN,,,,          NaN,         NaN
,,,          NaN,,,,          NaN,         NaN
,,,          NaN,,,,          NaN,         NaN
,,,          NaN,,,,          NaN,         NaN
,,,          NaN,,,,          NaN,         NaN
,,,          NaN,,,,          NaN,         NaN
,,,          NaN,,,,          NaN,         NaN
,,,          NaN,,,,          NaN,         NaN
,,,          NaN,,,,          NaN,         NaN
,,,          NaN,,,,          NaN,         NaN
,,,          NaN,,,,          NaN,         NaN
,,,          NaN,,,,          NaN,         NaN
,,,          NaN,,,,          NaN,         NaN
,,,          NaN,,,,          NaN,         NaN
,,,          NaN,,,,          NaN,         NaN
,,,          NaN,,,,          NaN,         NaN
,,,          NaN,,,,          NaN,         NaN
,,,          NaN,,,,          NaN,         NaN
,,,          NaN,,,,          NaN,         NaN
,,,          NaN,,,,          NaN,         NaN
,,,          NaN,,,,          NaN,         NaN
,,,          NaN,,,,          NaN,         NaN
,,,          NaN,,,,          NaN,         NaN
,,,          NaN,,,,          NaN,         NaN
,,,          NaN,,,,          NaN,         NaN
,,,          NaN,,,,          NaN,         NaN
,,,          NaN,,,,          NaN,         NaN
,,,          NaN,,,,          NaN,         NaN
,,,          NaN,,,,          NaN,         NaN
,,,          NaN,,,,          NaN,         NaN
,,,          NaN,,,,          NaN,         NaN
,,,          NaN,,,,          NaN,         NaN
,,,          NaN,,,,          NaN,         NaN
,,,          NaN,,,,          NaN,         NaN
,,,          NaN,,,,          NaN,         NaN
,,,          NaN,,,,          NaN,         NaN
,,,          NaN,,,,          NaN,         NaN
,,,          NaN,,,,          NaN,         NaN
,,,          NaN,,,,          NaN,         NaN
,,,          NaN,,,,          NaN,         NaN
,,,          NaN,,,,          NaN,         NaN
,,,          NaN,,,,          NaN,         NaN
,,,          NaN,,,,          NaN,         NaN
,,,          NaN,,,,          NaN,         NaN
,,,          NaN,,,,          NaN,         NaN
,,,          NaN,,,,          NaN,         NaN
,,,          NaN,,,,          NaN,         NaN
,,,          NaN,,,,          NaN,         NaN
,,,          NaN,,,,          NaN,         NaN
,,,          NaN,,,,          NaN,         NaN
,,,          NaN,,,,          NaN,         NaN
,,,          NaN,,,,          NaN,         NaN
,,,          NaN,,,,          NaN,         NaN
,,,          NaN,,,,          NaN,         NaN
,,,          NaN,,,,          NaN,         NaN
,,,          NaN,,,,          NaN,         NaN
,,,          NaN,,,,          NaN,         NaN
,,,          NaN,,,,          NaN,         NaN
,,,          NaN,,,,          NaN,         NaN
,,,          NaN,,,,          NaN,         NaN
,,,          NaN,,,,          NaN,         NaN
,,,          NaN,,,,          NaN,         NaN
,,,          NaN,,,,          NaN,         NaN
,,,          NaN,,,,          NaN,         NaN
,,,          NaN,,,,          NaN,         NaN
,,,          NaN,,,,          NaN,         NaN
,,,          NaN,,,,          NaN,         NaN
,,,          NaN,,,,          NaN,         NaN
,,,          NaN,,,,          NaN,         NaN
,,,          NaN,,,,          NaN,         NaN
,,,          NaN,,,,          NaN,         NaN
,,,          NaN,,,,          NaN,         NaN
,,,          NaN,,,,          NaN,         NaN
,,,          NaN,,,,          NaN,         NaN
,,,          NaN,,,,          NaN,         NaN
,,,          NaN,,,,          NaN,         NaN
,,,          NaN,,,,          NaN,         NaN
,,,          NaN,,,,          NaN,         NaN
,,,          NaN,,,,          NaN,         NaN
,,,          NaN,,,,          NaN,         NaN
,,,          NaN,,,,          NaN,         NaN
,,,          NaN,,,,          NaN,         NaN
,,,          NaN,,,,          NaN,         NaN
,,,          NaN,,,,          NaN,         NaN
,,,          NaN,,,,          NaN,         NaN
,,,          NaN,,,,          NaN,         NaN
,,,          NaN,,,,          NaN,         NaN
,,,          NaN,,,,          NaN,         NaN
,,,          NaN,,,,          NaN,         NaN
,,,          NaN,,,,          NaN,         NaN
,,,          NaN,,,,          NaN,         NaN
,,,          NaN,,,,          NaN,         NaN
,,,          NaN,,,,          NaN,         NaN
,,,          NaN,,,,          NaN,         NaN
,,,          NaN,,,,          NaN,         NaN
,,,          NaN,,,,          NaN,         NaN
,,,          NaN,,,,          NaN,         NaN
,,,          NaN,,,,          NaN,         NaN
,,,          NaN,,,,          NaN,         NaN
,,,          NaN,,,,          NaN,         NaN
,,,          NaN,,,,          NaN,         NaN
,,,          NaN,,,,          NaN,         NaN
,,,          NaN,,,,          NaN,         NaN
,,,          NaN,,,,          NaN,         NaN
,,,          NaN,,,,          NaN,         NaN
,,,          NaN,,,,          NaN,         NaN
,,,          NaN,,,,          NaN,         NaN
,,,          NaN,,,,          NaN,         NaN
,,,          NaN,,,,          NaN,         NaN
,,,          NaN,,,,          NaN,         NaN
,,,          NaN,,,,          NaN,         NaN
,,,          NaN,,,,          NaN,         NaN
,,,          NaN,,,,          NaN,         NaN
,,,          NaN,,,,          NaN,         NaN
,,,          NaN,,,,          NaN,         NaN
,,,          NaN,,,,          NaN,         NaN
,,,          NaN,,,,          NaN,         NaN
,,,          NaN,,,,          NaN,         NaN
,,,          NaN,,,,          NaN,         NaN
,,,          NaN,,,,          NaN,         NaN
,,,          NaN,,,,          NaN,         NaN
,,,          NaN,,,,          NaN,         NaN
,,,          NaN,,,,          NaN,         NaN
,,,          NaN,,,,          NaN,         NaN
,,,          NaN,,,,          NaN,         NaN
,,,          NaN,,,,          NaN,         NaN
,,,          NaN,,,,          NaN,         NaN
,,,          NaN,,,,          NaN,         NaN
,,,          NaN,,,,          NaN,         NaN
,,,          NaN,,,,          NaN,         NaN
,,,          NaN,,,,          NaN,         NaN
,,,          NaN,,,,          NaN,         NaN
,,,          NaN,,,,          NaN,         NaN
,,,          NaN,,,,          NaN,         NaN
,,,          NaN,,,,          NaN,         NaN
,,,          NaN,,,,          NaN,         NaN
,,,          NaN,,,,          NaN,         NaN
,,,          NaN,,,,          NaN,         NaN
,,,          NaN,,,,          NaN,         NaN
,,,          NaN,,,,          NaN,         NaN
,,,          NaN,,,,          NaN,         NaN
,,,          NaN,,,,          NaN,         NaN
,,,          NaN,,,,          NaN,         NaN
,,,          NaN,,,,          NaN,         NaN
,,,          NaN,,,,          NaN,         NaN
,,,          NaN,,,,          NaN,         NaN
,,,          NaN,,,,          NaN,         NaN
,,,          NaN,,,,          NaN,         NaN
,,,          NaN,,,,          NaN,         NaN
,,,          NaN,,,,          NaN,         NaN
,,,          NaN,,,,          NaN,         NaN
,,,          NaN,,,,          NaN,         NaN
,,,          NaN,,,,          NaN,         NaN
,,,          NaN,,,,          NaN,         NaN
,,,          NaN,,,,          NaN,         NaN
,,,          NaN,,,,          NaN,         NaN
,,,          NaN,,,,          NaN,         NaN
,,,          NaN,,,,          NaN,         NaN
,,,          NaN,,,,          NaN,         NaN
,,,          NaN,,,,          NaN,         NaN
,,,          NaN,,,,          NaN,         NaN
,,,          NaN,,,,          NaN,         NaN
,,,          NaN,,,,          NaN,         NaN
,,,          NaN,,,,          NaN,         NaN
,,,          NaN,,,,          NaN,         NaN
,,,          NaN,,,,          NaN,         NaN
,,,          NaN,,,,          NaN,         NaN
,,,          NaN,,,,          NaN,         NaN
,,,          NaN,,,,          NaN,         NaN
,,,          NaN,,,,          NaN,         NaN
,,,          NaN,,,,          NaN,         NaN
,,,          NaN,,,,          NaN,         NaN
,,,          NaN,,,,          NaN,         NaN
,,,          NaN,,,,          NaN,         NaN
,,,          NaN,,,,          NaN,         NaN
,,,          NaN,,,,          NaN,         NaN
,,,          NaN,,,,          NaN,         NaN
,,,          NaN,,,,          NaN,         NaN
,,,          NaN,,,,          NaN,         NaN
,,,          NaN,,,,          NaN,         NaN
,,,          NaN,,,,          NaN,         NaN
,,,          NaN,,,,          NaN,         NaN
,,,          NaN,,,,          NaN,         NaN
,,,          NaN,,,,          NaN,         NaN
,,,          NaN,,,,          NaN,         NaN
,,,          NaN,,,,          NaN,         NaN
,,,          NaN,,,,          NaN,         NaN
,,,          NaN,,,,          NaN,         NaN
,,,          NaN,,,,          NaN,         NaN
,,,          NaN,,,,          NaN,         NaN
,,,          NaN,,,,          NaN,         NaN
,,,          NaN,,,,          NaN,         NaN
,,,          NaN,,,,          NaN,         NaN
,,,          NaN,,,,          NaN,         NaN
,,,          NaN,,,,          NaN,         NaN
,,,          NaN,,,,          NaN,         NaN
,,,          NaN,,,,          NaN,         NaN
,,,          NaN,,,,          NaN,         NaN
,,,          NaN,,,,          NaN,         NaN
,,,          NaN,,,,          NaN,         NaN
,,,          NaN,,,,          NaN,         NaN
,,,          NaN,,,,          NaN,         NaN
,,,          NaN,,,,          NaN,         NaN
,,,          NaN,,,,          NaN,         NaN
,,,          NaN,,,,          NaN,         NaN
,,,          NaN,,,,          NaN,         NaN
,,,          NaN,,,,          NaN,         NaN
,,,          NaN,,,,          NaN,         NaN
,,,          NaN,,,,          NaN,         NaN
,,,          NaN,,,,          NaN,         NaN
,,,          NaN,,,,          NaN,         NaN
,,,          NaN,,,,          NaN,         NaN
,,,          NaN,,,,          NaN,         NaN
,,,          NaN,,,,          NaN,         NaN
,,,          NaN,,,,          NaN,         NaN
,,,          NaN,,,,          NaN,         NaN
,,,          NaN,,,,          NaN,         NaN
,,,          NaN,,,,          NaN,         NaN
,,,          NaN,,,,          NaN,         NaN
,,,          NaN,,,,          NaN,         NaN
,,,          NaN,,,,          NaN,         NaN
,,,          NaN,,,,          NaN,         NaN
,,,          NaN,,,,          NaN,         NaN
,,,          NaN,,,,          NaN,         NaN
,,,          NaN,,,,          NaN,         NaN
,,,          NaN,,,,          NaN,         NaN
,,,          NaN,,,,          NaN,         NaN
,,,          NaN,,,,          NaN,         NaN
,,,          NaN,,,,          NaN,         NaN
,,,          NaN,,,,          NaN,         NaN
,,,          NaN,,,,          NaN,         NaN
,,,          NaN,,,,          NaN,         NaN
,,,          NaN,,,,          NaN,         NaN
,,,          NaN,,,,          NaN,         NaN
,,,          NaN,,,,          NaN,         NaN
,,,          NaN,,,,          NaN,         NaN
,,,          NaN,,,,          NaN,         NaN
,,,          NaN,,,,          NaN,         NaN
,,,          NaN,,,,          NaN,         NaN
,,,          NaN,,,,          NaN,         NaN
,,,          NaN,,,,          NaN,         NaN
,,,          NaN,,,,          NaN,         NaN
,,,          NaN,,,,          NaN,         NaN
,,,          NaN,,,,          NaN,         NaN
,,,          NaN,,,,          NaN,         NaN
,,,          NaN,,,,          NaN,         NaN
,,,          NaN,,,,          NaN,         NaN
,,,          NaN,,,,          NaN,         NaN
,,,          NaN,,,,          NaN,         NaN
,,,          NaN,,,,          NaN,         NaN
,,,          NaN,,,,          NaN,         NaN
,,,          NaN,,,,          NaN,         NaN
,,,          NaN,,,,          NaN,         NaN
,,,          NaN,,,,          NaN,         NaN
,,,          NaN,,,,          NaN,         NaN
,,,          NaN,,,,          NaN,         NaN
,,,          NaN,,,,          NaN,         NaN
,,,          NaN,,,,          NaN,         NaN
,,,          NaN,,,,          NaN,         NaN
,,,          NaN,,,,          NaN,         NaN
,,,          NaN,,,,          NaN,         NaN
,,,          NaN,,,,          NaN,         NaN
,,,          NaN,,,,          NaN,         NaN
,,,          NaN,,,,          NaN,         NaN
,,,          NaN,,,,          NaN,         NaN
,,,          NaN,,,,          NaN,         NaN
,,,          NaN,,,,          NaN,         NaN
,,,          NaN,,,,          NaN,         NaN
,,,          NaN,,,,          NaN,         NaN
,,,          NaN,,,,          NaN,         NaN
,,,          NaN,,,,          NaN,         NaN
,,,          NaN,,,,          NaN,         NaN
,,,          NaN,,,,          NaN,         NaN
,,,          NaN,,,,          NaN,         NaN
,,,          NaN,,,,          NaN,         NaN
,,,          NaN,,,,          NaN,         NaN
,,,          NaN,,,,          NaN,         NaN
,,,          NaN,,,,          NaN,         NaN
,,,          NaN,,,,          NaN,         NaN
,,,          NaN,,,,          NaN,         NaN
,,,          NaN,,,,          NaN,         NaN
,,,          NaN,,,,          NaN,         NaN
,,,          NaN,,,,          NaN,         NaN
,,,          NaN,,,,          NaN,         NaN
,,,          NaN,,,,          NaN,         NaN
,,,          NaN,,,,          NaN,         NaN
,,,          NaN,,,,          NaN,         NaN
,,,          NaN,,,,          NaN,         NaN
,,,          NaN,,,,          NaN,         NaN
,,,          NaN,,,,          NaN,         NaN
,,,          NaN,,,,          NaN,         NaN
,,,          NaN,,,,          NaN,         NaN
,,,          NaN,,,,          NaN,         NaN
,,,          NaN,,,,          NaN,         NaN
,,,          NaN,,,,          NaN,         NaN
,,,          NaN,,,,          NaN,         NaN
,,,          NaN,,,,          NaN,         NaN
,,,          NaN,,,,          NaN,         NaN
,,,          NaN,,,,          NaN,         NaN
,,,          NaN,,,,          NaN,         NaN
,,,          NaN,,,,          NaN,         NaN
,,,          NaN,,,,          NaN,         NaN
,,,          NaN,,,,          NaN,         NaN
,,,          NaN,,,,          NaN,         NaN
,,,          NaN,,,,          NaN,         NaN
,,,          NaN,,,,          NaN,         NaN
,,,          NaN,,,,          NaN,         NaN
,,,          NaN,,,,          NaN,         NaN
,,,          NaN,,,,          NaN,         NaN
,,,          NaN,,,,          NaN,         NaN
,,,          NaN,,,,          NaN,         NaN
,,,          NaN,,,,          NaN,         NaN
,,,          NaN,,,,          NaN,         NaN
,,,          NaN,,,,          NaN,         NaN
,,,          NaN,,,,          NaN,         NaN
,,,          NaN,,,,          NaN,         NaN
,,,          NaN,,,,          NaN,         NaN
,,,          NaN,,,,          NaN,         NaN
,,,          NaN,,,,          NaN,         NaN
,,,          NaN,,,,          NaN,         NaN
,,,          NaN,,,,          NaN,         NaN
,,,          NaN,,,,          NaN,         NaN
,,,          NaN,,,,          NaN,         NaN
,,,          NaN,,,,          NaN,         NaN
,,,          NaN,,,,          NaN,         NaN
,,,          NaN,,,,          NaN,         NaN
,,,          NaN,,,,          NaN,         NaN
,,,          NaN,,,,          NaN,         NaN
,,,          NaN,,,,          NaN,         NaN
,,,          NaN,,,,          NaN,         NaN
,,,          NaN,,,,          NaN,         NaN
,,,          NaN,,,,          NaN,         NaN
,,,          NaN,,,,          NaN,         NaN
,,,          NaN,,,,          NaN,         NaN
,,,          NaN,,,,          NaN,         NaN
,,,          NaN,,,,          NaN,         NaN
,,,          NaN,,,,          NaN,         NaN
,,,          NaN,,,,          NaN,         NaN
,,,          NaN,,,,          NaN,         NaN
,,,          NaN,,,,          NaN,         NaN
,,,          NaN,,,,          NaN,         NaN
,,,          NaN,,,,          NaN,         NaN
,,,          NaN,,,,          NaN,         NaN
,,,          NaN,,,,          NaN,         NaN
,,,          NaN,,,,          NaN,         NaN
,,,          NaN,,,,          NaN,         NaN
,,,          NaN,,,,          NaN,         NaN
,,,          NaN,,,,          NaN,         NaN
,,,          NaN,,,,          NaN,         NaN
,,,          NaN,,,,          NaN,         NaN
,,,          NaN,,,,          NaN,         NaN
,,,          NaN,,,,          NaN,         NaN
,,,          NaN,,,,          NaN,         NaN
,,,          NaN,,,,          NaN,         NaN
,,,          NaN,,,,          NaN,         NaN
,,,          NaN,,,,          NaN,         NaN
,,,          NaN,,,,          NaN,         NaN
,,,          NaN,,,,          NaN,         NaN
,,,          NaN,,,,          NaN,         NaN
,,,          NaN,,,,          NaN,         NaN
,,,          NaN,,,,          NaN,         NaN
,,,          NaN,,,,          NaN,         NaN
,,,          NaN,,,,          NaN,         NaN
,,,          NaN,,,,          NaN,         NaN
,,,          NaN,,,,          NaN,         NaN
,,,          NaN,,,,          NaN,         NaN
,,,          NaN,,,,          NaN,         NaN
,,,          NaN,,,,          NaN,         NaN
,,,          NaN,,,,          NaN,         NaN
,,,          NaN,,,,          NaN,         NaN
,,,          NaN,,,,          NaN,         NaN
,,,          NaN,,,,          NaN,         NaN
,,,          NaN,,,,          NaN,         NaN
,,,          NaN,,,,          NaN,         NaN
,,,          NaN,,,,          NaN,         NaN
,,,          NaN,,,,          NaN,         NaN
,,,          NaN,,,,          NaN,         NaN
,,,          NaN,,,,          NaN,         NaN
,,,          NaN,,,,          NaN,         NaN
,,,          NaN,,,,          NaN,         NaN
,,,          NaN,,,,          NaN,         NaN
,,,          NaN,,,,          NaN,         NaN
,,,          NaN,,,,          NaN,         NaN
,,,          NaN,,,,          NaN,         NaN
,,,          NaN,,,,          NaN,         NaN
,,,          NaN,,,,          NaN,         NaN
,,,          NaN,,,,          NaN,         NaN
,,,          NaN,,,,          NaN,         NaN
,,,          NaN,,,,          NaN,         NaN
,,,          NaN,,,,          NaN,         NaN
,,,          NaN,,,,          NaN,         NaN
,,,          NaN,,,,          NaN,         NaN
,,,          NaN,,,,          NaN,         NaN
,,,          NaN,,,,          NaN,         NaN
,,,          NaN,,,,          NaN,         NaN
,,,          NaN,,,,          NaN,         NaN
,,,          NaN,,,,          NaN,         NaN
,,,          NaN,,,,          NaN,         NaN
,,,          NaN,,,,          NaN,         NaN
,,,          NaN,,,,          NaN,         NaN
,,,          NaN,,,,          NaN,         NaN
,,,          NaN,,,,          NaN,         NaN
,,,          NaN,,,,          NaN,         NaN
,,,          NaN,,,,          NaN,         NaN
,,,          NaN,,,,          NaN,         NaN
,,,          NaN,,,,          NaN,         NaN
,,,          NaN,,,,          NaN,         NaN
,,,          NaN,,,,          NaN,         NaN
,,,          NaN,,,,          NaN,         NaN
,,,          NaN,,,,          NaN,         NaN
,,,          NaN,,,,          NaN,         NaN
,,,          NaN,,,,          NaN,         NaN
,,,          NaN,,,,          NaN,         NaN
,,,          NaN,,,,          NaN,         NaN
,,,          NaN,,,,          NaN,         NaN
,,,          NaN,,,,          NaN,         NaN
,,,          NaN,,,,          NaN,         NaN
,,,          NaN,,,,          NaN,         NaN
,,,          NaN,,,,          NaN,         NaN
,,,          NaN,,,,          NaN,         NaN
,,,          NaN,,,,          NaN,         NaN
,,,          NaN,,,,          NaN,         NaN
,,,          NaN,,,,          NaN,         NaN
,,,          NaN,,,,          NaN,         NaN
,,,          NaN,,,,          NaN,         NaN
,,,          NaN,,,,          NaN,         NaN
,,,          NaN,,,,          NaN,         NaN
,,,          NaN,,,,          NaN,         NaN
,,,          NaN,,,,          NaN,         NaN
,,,          NaN,,,,          NaN,         NaN
,,,          NaN,,,,          NaN,         NaN
,,,          NaN,,,,          NaN,         NaN
,,,          NaN,,,,          NaN,         NaN
,,,          NaN,,,,          NaN,         NaN
,,,          NaN,,,,          NaN,         NaN
,,,          NaN,,,,          NaN,         NaN
,,,          NaN,,,,          NaN,         NaN
,,,          NaN,,,,          NaN,         NaN
,,,          NaN,,,,          NaN,         NaN
,,,          NaN,,,,          NaN,         NaN
,,,          NaN,,,,          NaN,         NaN
,,,          NaN,,,,          NaN,         NaN
,,,          NaN,,,,          NaN,         NaN
,,,          NaN,,,,          NaN,         NaN
,,,          NaN,,,,          NaN,         NaN
,,,          NaN,,,,          NaN,         NaN
,,,          NaN,,,,          NaN,         NaN
,,,          NaN,,,,          NaN,         NaN
,,,          NaN,,,,          NaN,         NaN
,,,          NaN,,,,          NaN,         NaN
,,,          NaN,,,,          NaN,         NaN
,,,          NaN,,,,          NaN,         NaN
,,,          NaN,,,,          NaN,         NaN
,,,          NaN,,,,          NaN,         NaN
,,,          NaN,,,,          NaN,         NaN
,,,          NaN,,,,          NaN,         NaN
,,,          NaN,,,,          NaN,         NaN
,,,          NaN,,,,          NaN,         NaN
,,,          NaN,,,,          NaN,         NaN
,,,          NaN,,,,          NaN,         NaN
,,,          NaN,,,,          NaN,         NaN
,,,          NaN,,,,          NaN,         NaN
,,,          NaN,,,,          NaN,         NaN
,,,          NaN,,,,          NaN,         NaN
,,,          NaN,,,,          NaN,         NaN
,,,          NaN,,,,          NaN,         NaN
,,,          NaN,,,,          NaN,         NaN
,,,          NaN,,,,          NaN,         NaN
,,,          NaN,,,,          NaN,         NaN
,,,          NaN,,,,          NaN,         NaN
,,,          NaN,,,,          NaN,         NaN
,,,          NaN,,,,          NaN,         NaN
,,,          NaN,,,,          NaN,         NaN
,,,          NaN,,,,          NaN,         NaN
,,,          NaN,,,,          NaN,         NaN
,,,          NaN,,,,          NaN,         NaN
,,,          NaN,,,,          NaN,         NaN
,,,          NaN,,,,          NaN,         NaN
,,,          NaN,,,,          NaN,         NaN
,,,          NaN,,,,          NaN,         NaN
,,,          NaN,,,,          NaN,         NaN
,,,          NaN,,,,          NaN,         NaN
,,,          NaN,,,,          NaN,         NaN
,,,          NaN,,,,          NaN,         NaN
,,,          NaN,,,,          NaN,         NaN
,,,          NaN,,,,          NaN,         NaN
,,,          NaN,,,,          NaN,         NaN
,,,          NaN,,,,          NaN,         NaN
,,,          NaN,,,,          NaN,         NaN
,,,          NaN,,,,          NaN,         NaN
,,,          NaN,,,,          NaN,         NaN
,,,          NaN,,,,          NaN,         NaN
,,,          NaN,,,,          NaN,         NaN
,,,          NaN,,,,          NaN,         NaN
,,,          NaN,,,,          NaN,         NaN
,,,          NaN,,,,          NaN,         NaN
,,,          NaN,,,,          NaN,         NaN
,,,          NaN,,,,          NaN,         NaN
,,,          NaN,,,,          NaN,         NaN
,,,          NaN,,,,          NaN,         NaN
,,,          NaN,,,,          NaN,         NaN
,,,          NaN,,,,          NaN,         NaN
,,,          NaN,,,,          NaN,         NaN
,,,          NaN,,,,          NaN,         NaN
,,,          NaN,,,,          NaN,         NaN
,,,          NaN,,,,          NaN,         NaN
,,,          NaN,,,,          NaN,         NaN
,,,          NaN,,,,          NaN,         NaN
,,,          NaN,,,,          NaN,         NaN
,,,          NaN,,,,          NaN,         NaN
,,,          NaN,,,,          NaN,         NaN
,,,          NaN,,,,          NaN,         NaN
,,,          NaN,,,,          NaN,         NaN
,,,          NaN,,,,          NaN,         NaN
,,,          NaN,,,,          NaN,         NaN
,,,          NaN,,,,          NaN,         NaN
,,,          NaN,,,,          NaN,         NaN
,,,          NaN,,,,          NaN,         NaN
,,,          NaN,,,,          NaN,         NaN
,,,          NaN,,,,          NaN,         NaN
,,,          NaN,,,,          NaN,         NaN
,,,          NaN,,,,          NaN,         NaN
,,,          NaN,,,,          NaN,         NaN
,,,          NaN,,,,          NaN,         NaN
,,,          NaN,,,,          NaN,         NaN
,,,          NaN,,,,          NaN,         NaN
,,,          NaN,,,,          NaN,         NaN
,,,          NaN,,,,          NaN,         NaN
,,,          NaN,,,,          NaN,         NaN
,,,          NaN,,,,          NaN,         NaN
,,,          NaN,,,,          NaN,         NaN
,,,          NaN,,,,          NaN,         NaN
,,,          NaN,,,,          NaN,         NaN
,,,          NaN,,,,          NaN,         NaN
,,,          NaN,,,,          NaN,         NaN
,,,          NaN,,,,          NaN,         NaN
,,,          NaN,,,,          NaN,         NaN
,,,          NaN,,,,          NaN,         NaN
,,,          NaN,,,,          NaN,         NaN
,,,          NaN,,,,          NaN,         NaN
,,,          NaN,,,,          NaN,         NaN
,,,          NaN,,,,          NaN,         NaN
,,,          NaN,,,,          NaN,         NaN
,,,          NaN,,,,          NaN,         NaN
,,,          NaN,,,,          NaN,         NaN
,,,          NaN,,,,          NaN,         NaN
,,,          NaN,,,,          NaN,         NaN
,,,          NaN,,,,          NaN,         NaN
,,,          NaN,,,,          NaN,         NaN
,,,          NaN,,,,          NaN,         NaN
,,,          NaN,,,,          NaN,         NaN
,,,          NaN,,,,          NaN,         NaN
,,,          NaN,,,,          NaN,         NaN
,,,          NaN,,,,          NaN,         NaN
,,,          NaN,,,,          NaN,         NaN
,,,          NaN,,,,          NaN,         NaN
,,,          NaN,,,,          NaN,         NaN
,,,          NaN,,,,          NaN,         NaN
,,,          NaN,,,,          NaN,         NaN
,,,          NaN,,,,          NaN,         NaN
,,,          NaN,,,,          NaN,         NaN
,,,          NaN,,,,          NaN,         NaN
,,,          NaN,,,,          NaN,         NaN
,,,          NaN,,,,          NaN,         NaN
,,,          NaN,,,,          NaN,         NaN
,,,          NaN,,,,          NaN,         NaN
,,,          NaN,,,,          NaN,         NaN
,,,          NaN,,,,          NaN,         NaN
,,,          NaN,,,,          NaN,         NaN
,,,          NaN,,,,          NaN,         NaN
,,,          NaN,,,,          NaN,         NaN
,,,          NaN,,,,          NaN,         NaN
,,,          NaN,,,,          NaN,         NaN
,,,          NaN,,,,          NaN,         NaN
,,,          NaN,,,,          NaN,         NaN
,,,          NaN,,,,          NaN,         NaN
,,,          NaN,,,,          NaN,         NaN
,,,          NaN,,,,          NaN,         NaN
,,,          NaN,,,,          NaN,         NaN
,,,          NaN,,,,          NaN,         NaN
,,,          NaN,,,,          NaN,         NaN
,,,          NaN,,,,          NaN,         NaN
,,,          NaN,,,,          NaN,         NaN
,,,          NaN,,,,          NaN,         NaN
,,,          NaN,,,,          NaN,         NaN
,,,          NaN,,,,          NaN,         NaN
,,,          NaN,,,,          NaN,         NaN
,,,          NaN,,,,          NaN,         NaN
,,,          NaN,,,,          NaN,         NaN
,,,          NaN,,,,          NaN,         NaN
,,,          NaN,,,,          NaN,         NaN
,,,          NaN,,,,          NaN,         NaN
,,,          NaN,,,,          NaN,         NaN
,,,          NaN,,,,          NaN,         NaN
,,,          NaN,,,,          NaN,         NaN
,,,          NaN,,,,          NaN,         NaN
,,,          NaN,,,,          NaN,         NaN
,,,          NaN,,,,          NaN,         NaN
,,,          NaN,,,,          NaN,         NaN
,,,          NaN,,,,          NaN,         NaN
,,,          NaN,,,,          NaN,         NaN
,,,          NaN,,,,          NaN,         NaN
,,,          NaN,,,,          NaN,         NaN
,,,          NaN,,,,          NaN,         NaN
,,,          NaN,,,,          NaN,         NaN
,,,          NaN,,,,          NaN,         NaN
,,,          NaN,,,,          NaN,         NaN
,,,          NaN,,,,          NaN,         NaN
,,,          NaN,,,,          NaN,         NaN
,,,          NaN,,,,          NaN,         NaN
,,,          NaN,,,,          NaN,         NaN
,,,          NaN,,,,          NaN,         NaN
,,,          NaN,,,,          NaN,         NaN
,,,          NaN,,,,          NaN,         NaN
,,,          NaN,,,,          NaN,         NaN
,,,          NaN,,,,          NaN,         NaN
,,,          NaN,,,,          NaN,         NaN
,,,          NaN,,,,          NaN,         NaN
,,,          NaN,,,,          NaN,         NaN
,,,          NaN,,,,          NaN,         NaN
,,,          NaN,,,,          NaN,         NaN
,,,          NaN,,,,          NaN,         NaN
,,,          NaN,,,,          NaN,         NaN
,,,          NaN,,,,          NaN,         NaN
,,,          NaN,,,,          NaN,         NaN
,,,          NaN,,,,          NaN,         NaN
,,,          NaN,,,,          NaN,         NaN
,,,          NaN,,,,          NaN,         NaN
,,,          NaN,,,,          NaN,         NaN
,,,          NaN,,,,          NaN,         NaN
,,,          NaN,,,,          NaN,         NaN
,,,          NaN,,,,          NaN,         NaN
,,,          NaN,,,,          NaN,         NaN
,,,          NaN,,,,          NaN,         NaN
,,,          NaN,,,,          NaN,         NaN
,,,          NaN,,,,          NaN,         NaN
,,,          NaN,,,,          NaN,         NaN
,,,          NaN,,,,          NaN,         NaN
,,,          NaN,,,,          NaN,         NaN
,,,          NaN,,,,          NaN,         NaN
,,,          NaN,,,,          NaN,         NaN
,,,          NaN,,,,          NaN,         NaN
,,,          NaN,,,,          NaN,         NaN
,,,          NaN,,,,          NaN,         NaN
,,,          NaN,,,,          NaN,         NaN
,,,          NaN,,,,          NaN,         NaN
,,,          NaN,,,,          NaN,         NaN
,,,          NaN,,,,          NaN,         NaN
,,,          NaN,,,,          NaN,         NaN
,,,          NaN,,,,          NaN,         NaN
,,,          NaN,,,,          NaN,         NaN
,,,          NaN,,,,          NaN,         NaN
,,,          NaN,,,,          NaN,         NaN
,,,          NaN,,,,          NaN,         NaN
,,,          NaN,,,,          NaN,         NaN
,,,          NaN,,,,          NaN,         NaN
,,,          NaN,,,,          NaN,         NaN
,,,          NaN,,,,          NaN,         NaN
,,,          NaN,,,,          NaN,         NaN
,,,          NaN,,,,          NaN,         NaN
,,,          NaN,,,,          NaN,         NaN
,,,          NaN,,,,          NaN,         NaN
,,,          NaN,,,,          NaN,         NaN
,,,          NaN,,,,          NaN,         NaN
,,,          NaN,,,,          NaN,         NaN
,,,          NaN,,,,          NaN,         NaN
,,,          NaN,,,,          NaN,         NaN
,,,          NaN,,,,          NaN,         NaN
,,,          NaN,,,,          NaN,         NaN
,,,          NaN,,,,          NaN,         NaN
,,,          NaN,,,,          NaN,         NaN
,,,          NaN,,,,          NaN,         NaN
,,,          NaN,,,,          NaN,         NaN
,,,          NaN,,,,          NaN,         NaN
,,,          NaN,,,,          NaN,         NaN
,,,          NaN,,,,          NaN,         NaN
,,,          NaN,,,,          NaN,         NaN
,,,          NaN,,,,          NaN,         NaN
,,,          NaN,,,,          NaN,         NaN
,,,          NaN,,,,          NaN,         NaN
,,,          NaN,,,,          NaN,         NaN
,,,          NaN,,,,          NaN,         NaN
,,,          NaN,,,,          NaN,         NaN
,,,          NaN,,,,          NaN,         NaN
,,,          NaN,,,,          NaN,         NaN
,,,          NaN,,,,          NaN,         NaN
,,,          NaN,,,,          NaN,         NaN
,,,          NaN,,,,          NaN,         NaN
,,,          NaN,,,,          NaN,         NaN
,,,          NaN,,,,          NaN,         NaN
,,,          NaN,,,,          NaN,         NaN
,,,          NaN,,,,          NaN,         NaN
,,,          NaN,,,,          NaN,         NaN
,,,          NaN,,,,          NaN,         NaN
,,,          NaN,,,,          NaN,         NaN
,,,          NaN,,,,          NaN,         NaN
,,,          NaN,,,,          NaN,         NaN
,,,          NaN,,,,          NaN,         NaN
,,,          NaN,,,,          NaN,         NaN
,,,          NaN,,,,          NaN,         NaN
,,,          NaN,,,,          NaN,         NaN
,,,          NaN,,,,          NaN,         NaN
,,,          NaN,,,,          NaN,         NaN
,,,          NaN,,,,          NaN,         NaN
,,,          NaN,,,,          NaN,         NaN
,,,          NaN,,,,          NaN,         NaN
,,,          NaN,,,,          NaN,         NaN
,,,          NaN,,,,          NaN,         NaN
,,,          NaN,,,,          NaN,         NaN
,,,          NaN,,,,          NaN,         NaN
,,,          NaN,,,,          NaN,         NaN
,,,          NaN,,,,          NaN,         NaN
,,,          NaN,,,,          NaN,         NaN
,,,          NaN,,,,          NaN,         NaN
,,,          NaN,,,,          NaN,         NaN
,,,          NaN,,,,          NaN,         NaN
,,,          NaN,,,,          NaN,         NaN
,,,          NaN,,,,          NaN,         NaN
,,,          NaN,,,,          NaN,         NaN
,,,          NaN,,,,          NaN,         NaN
,,,          NaN,,,,          NaN,         NaN
,,,          NaN,,,,          NaN,         NaN
,,,          NaN,,,,          NaN,         NaN
,,,          NaN,,,,          NaN,         NaN
,,,          NaN,,,,          NaN,         NaN
,,,          NaN,,,,          NaN,         NaN
,,,          NaN,,,,          NaN,         NaN
,,,          NaN,,,,          NaN,         NaN
,,,          NaN,,,,          NaN,         NaN
,,,          NaN,,,,          NaN,         NaN
,,,          NaN,,,,          NaN,         NaN
,,,          NaN,,,,          NaN,         NaN
,,,          NaN,,,,          NaN,         NaN
,,,          NaN,,,,          NaN,         NaN
,,,          NaN,,,,          NaN,         NaN
,,,          NaN,,,,          NaN,         NaN
,,,          NaN,,,,          NaN,         NaN
,,,          NaN,,,,          NaN,         NaN
,,,          NaN,,,,          NaN,         NaN
,,,          NaN,,,,          NaN,         NaN
,,,          NaN,,,,          NaN,         NaN
,,,          NaN,,,,          NaN,         NaN
,,,          NaN,,,,          NaN,         NaN
,,,          NaN,,,,          NaN,         NaN
,,,          NaN,,,,          NaN,         NaN
,,,          NaN,,,,          NaN,         NaN
,,,          NaN,,,,          NaN,         NaN
,,,          NaN,,,,          NaN,         NaN
,,,          NaN,,,,          NaN,         NaN
,,,          NaN,,,,          NaN,         NaN
,,,          NaN,,,,          NaN,         NaN
,,,          NaN,,,,          NaN,         NaN
,,,          NaN,,,,          NaN,         NaN
,,,          NaN,,,,          NaN,         NaN
,,,          NaN,,,,          NaN,         NaN
,,,          NaN,,,,          NaN,         NaN
,,,          NaN,,,,          NaN,         NaN
,,,          NaN,,,,          NaN,         NaN
,,,          NaN,,,,          NaN,         NaN
,,,          NaN,,,,          NaN,         NaN
,,,          NaN,,,,          NaN,         NaN
,,,          NaN,,,,          NaN,         NaN
,,,          NaN,,,,          NaN,         NaN
,,,          NaN,,,,          NaN,         NaN
,,,          NaN,,,,          NaN,         NaN
,,,          NaN,,,,          NaN,         NaN
,,,          NaN,,,,          NaN,         NaN
,,,          NaN,,,,          NaN,         NaN
,,,          NaN,,,,          NaN,         NaN
,,,          NaN,,,,          NaN,         NaN
,,,          NaN,,,,          NaN,         NaN
,,,          NaN,,,,          NaN,         NaN
,,,          NaN,,,,          NaN,         NaN
,,,          NaN,,,,          NaN,         NaN
,,,          NaN,,,,          NaN,         NaN
,,,          NaN,,,,          NaN,         NaN
,,,          NaN,,,,          NaN,         NaN
,,,          NaN,,,,          NaN,         NaN
,,,          NaN,,,,          NaN,         NaN
,,,          NaN,,,,          NaN,         NaN
,,,          NaN,,,,          NaN,         NaN
,,,          NaN,,,,          NaN,         NaN
,,,          NaN,,,,          NaN,         NaN
,,,          NaN,,,,          NaN,         NaN
,,,          NaN,,,,          NaN,         NaN
,,,          NaN,,,,          NaN,         NaN
,,,          NaN,,,,          NaN,         NaN
,,,          NaN,,,,          NaN,         NaN
,,,          NaN,,,,          NaN,         NaN
,,,          NaN,,,,          NaN,         NaN
,,,          NaN,,,,          NaN,         NaN
,,,          NaN,,,,          NaN,         NaN
,,,          NaN,,,,          NaN,         NaN
,,,          NaN,,,,          NaN,         NaN
,,,          NaN,,,,          NaN,         NaN
,,,          NaN,,,,          NaN,         NaN
,,,          NaN,,,,          NaN,         NaN
,,,          NaN,,,,          NaN,         NaN
,,,          NaN,,,,          NaN,         NaN
,,,          NaN,,,,          NaN,         NaN
,,,          NaN,,,,          NaN,         NaN
,,,          NaN,,,,          NaN,         NaN
,,,          NaN,,,,          NaN,         NaN
,,,          NaN,,,,          NaN,         NaN
,,,          NaN,,,,          NaN,         NaN
,,,          NaN,,,,          NaN,         NaN
,,,          NaN,,,,          NaN,         NaN
,,,          NaN,,,,          NaN,         NaN
,,,          NaN,,,,          NaN,         NaN
,,,          NaN,,,,          NaN,         NaN
,,,          NaN,,,,          NaN,         NaN
,,,          NaN,,,,          NaN,         NaN
,,,          NaN,,,,          NaN,         NaN
,,,          NaN,,,,          NaN,         NaN
,,,          NaN,,,,          NaN,         NaN
,,,          NaN,,,,          NaN,         NaN
,,,          NaN,,,,          NaN,         NaN
,,,          NaN,,,,          NaN,         NaN
,,,          NaN,,,,          NaN,         NaN
,,,          NaN,,,,          NaN,         NaN
,,,          NaN,,,,          NaN,         NaN
,,,          NaN,,,,          NaN,         NaN
,,,          NaN,,,,          NaN,         NaN
,,,          NaN,,,,          NaN,         NaN
,,,          NaN,,,,          NaN,         NaN
,,,          NaN,,,,          NaN,         NaN
,,,          NaN,,,,          NaN,         NaN
,,,          NaN,,,,          NaN,         NaN
,,,          NaN,,,,          NaN,         NaN
,,,          NaN,,,,          NaN,         NaN
,,,          NaN,,,,          NaN,         NaN
,,,          NaN,,,,          NaN,         NaN
,,,          NaN,,,,          NaN,         NaN
,,,          NaN,,,,          NaN,         NaN
,,,          NaN,,,,          NaN,         NaN
,,,          NaN,,,,          NaN,         NaN
,,,          NaN,,,,          NaN,         NaN
,,,          NaN,,,,          NaN,         NaN
,,,          NaN,,,,          NaN,         NaN
,,,          NaN,,,,          NaN,         NaN
,,,          NaN,,,,          NaN,         NaN
,,,          NaN,,,,          NaN,         NaN
,,,          NaN,,,,          NaN,         NaN
,,,          NaN,,,,          NaN,         NaN
,,,          NaN,,,,          NaN,         NaN
,,,          NaN,,,,          NaN,         NaN
,,,          NaN,,,,          NaN,         NaN
,,,          NaN,,,,          NaN,         NaN
,,,          NaN,,,,          NaN,         NaN
,,,          NaN,,,,          NaN,         NaN
,,,          NaN,,,,          NaN,         NaN
,,,          NaN,,,,          NaN,         NaN
,,,          NaN,,,,          NaN,         NaN
,,,          NaN,,,,          NaN,         NaN
,,,          NaN,,,,          NaN,         NaN
,,,          NaN,,,,          NaN,         NaN
,,,          NaN,,,,          NaN,         NaN
,,,          NaN,,,,          NaN,         NaN
,,,          NaN,,,,          NaN,         NaN
,,,          NaN,,,,          NaN,         NaN
,,,          NaN,,,,          NaN,         NaN
,,,          NaN,,,,          NaN,         NaN
,,,          NaN,,,,          NaN,         NaN
,,,          NaN,,,,          NaN,         NaN
,,,          NaN,,,,          NaN,         NaN
,,,          NaN,,,,          NaN,         NaN
,,,          NaN,,,,          NaN,         NaN
,,,          NaN,,,,          NaN,         NaN
,,,          NaN,,,,          NaN,         NaN
,,,          NaN,,,,          NaN,         NaN
,,,          NaN,,,,          NaN,         NaN
,,,          NaN,,,,          NaN,         NaN
,,,          NaN,,,,          NaN,         NaN
,,,          NaN,,,,          NaN,         NaN
,,,          NaN,,,,          NaN,         NaN
,,,          NaN,,,,          NaN,         NaN
,,,          NaN,,,,          NaN,         NaN
,,,          NaN,,,,          NaN,         NaN
,,,          NaN,,,,          NaN,         NaN
,,,          NaN,,,,          NaN,         NaN
,,,          NaN,,,,          NaN,         NaN
,,,          NaN,,,,          NaN,         NaN
,,,          NaN,,,,          NaN,         NaN
,,,          NaN,,,,          NaN,         NaN
,,,          NaN,,,,          NaN,         NaN
,,,          NaN,,,,          NaN,         NaN
,,,          NaN,,,,          NaN,         NaN
,,,          NaN,,,,          NaN,         NaN
,,,          NaN,,,,          NaN,         NaN
,,,          NaN,,,,          NaN,         NaN
,,,          NaN,,,,          NaN,         NaN
,,,          NaN,,,,          NaN,         NaN
,,,          NaN,,,,          NaN,         NaN
,,,          NaN,,,,          NaN,         NaN
,,,          NaN,,,,          NaN,         NaN
,,,          NaN,,,,          NaN,         NaN
,,,          NaN,,,,          NaN,         NaN
,,,          NaN,,,,          NaN,         NaN
,,,          NaN,,,,          NaN,         NaN
,,,          NaN,,,,          NaN,         NaN
,,,          NaN,,,,          NaN,         NaN
,,,          NaN,,,,          NaN,         NaN
,,,          NaN,,,,          NaN,         NaN
,,,          NaN,,,,          NaN,         NaN
,,,          NaN,,,,          NaN,         NaN
,,,          NaN,,,,          NaN,         NaN
,,,          NaN,,,,          NaN,         NaN
,,,          NaN,,,,          NaN,         NaN
,,,          NaN,,,,          NaN,         NaN
,,,          NaN,,,,          NaN,         NaN
,,,          NaN,,,,          NaN,         NaN
,,,          NaN,,,,          NaN,         NaN
,,,          NaN,,,,          NaN,         NaN
,,,          NaN,,,,          NaN,         NaN
,,,          NaN,,,,          NaN,         NaN
,,,          NaN,,,,          NaN,         NaN
,,,          NaN,,,,          NaN,         NaN
,,,          NaN,,,,          NaN,         NaN
,,,          NaN,,,,          NaN,         NaN
,,,          NaN,,,,          NaN,         NaN
,,,          NaN,,,,          NaN,         NaN
,,,          NaN,,,,          NaN,         NaN
,,,          NaN,,,,          NaN,         NaN
,,,          NaN,,,,          NaN,         NaN
,,,          NaN,,,,          NaN,         NaN
,,,          NaN,,,,          NaN,         NaN
,,,          NaN,,,,          NaN,         NaN
,,,          NaN,,,,          NaN,         NaN
,,,          NaN,,,,          NaN,         NaN
,,,          NaN,,,,          NaN,         NaN
,,,          NaN,,,,          NaN,         NaN
,,,          NaN,,,,          NaN,         NaN
,,,          NaN,,,,          NaN,         NaN
,,,          NaN,,,,          NaN,         NaN
,,,          NaN,,,,          NaN,         NaN
,,,          NaN,,,,          NaN,         NaN
,,,          NaN,,,,          NaN,         NaN
,,,          NaN,,,,          NaN,         NaN
,,,          NaN,,,,          NaN,         NaN
,,,          NaN,,,,          NaN,         NaN
,,,          NaN,,,,          NaN,         NaN
,,,          NaN,,,,          NaN,         NaN
,,,          NaN,,,,          NaN,         NaN
,,,          NaN,,,,          NaN,         NaN
,,,          NaN,,,,          NaN,         NaN
,,,          NaN,,,,          NaN,         NaN
,,,          NaN,,,,          NaN,         NaN
,,,          NaN,,,,          NaN,         NaN
,,,          NaN,,,,          NaN,         NaN
,,,          NaN,,,,          NaN,         NaN
,,,          NaN,,,,          NaN,         NaN
,,,          NaN,,,,          NaN,         NaN
,,,          NaN,,,,          NaN,         NaN
,,,          NaN,,,,          NaN,         NaN
,,,          NaN,,,,          NaN,         NaN
,,,          NaN,,,,          NaN,         NaN
,,,          NaN,,,,          NaN,         NaN
,,,          NaN,,,,          NaN,         NaN
,,,          NaN,,,,          NaN,         NaN
,,,          NaN,,,,          NaN,         NaN
,,,          NaN,,,,          NaN,         NaN
,,,          NaN,,,,          NaN,         NaN
,,,          NaN,,,,          NaN,         NaN
,,,          NaN,,,,          NaN,         NaN
,,,          NaN,,,,          NaN,         NaN
,,,          NaN,,,,          NaN,         NaN
,,,          NaN,,,,          NaN,         NaN
,,,          NaN,,,,          NaN,         NaN
,,,          NaN,,,,          NaN,         NaN
,,,          NaN,,,,          NaN,         NaN
,,,          NaN,,,,          NaN,         NaN
,,,          NaN,,,,          NaN,         NaN
,,,          NaN,,,,          NaN,         NaN
,,,          NaN,,,,          NaN,         NaN
,,,          NaN,,,,          NaN,         NaN
,,,          NaN,,,,          NaN,         NaN
,,,          NaN,,,,          NaN,         NaN
,,,          NaN,,,,          NaN,         NaN
,,,          NaN,,,,          NaN,         NaN
,,,          NaN,,,,          NaN,         NaN
,,,          NaN,,,,          NaN,         NaN
,,,          NaN,,,,          NaN,         NaN
,,,          NaN,,,,          NaN,         NaN
,,,          NaN,,,,          NaN,         NaN
,,,          NaN,,,,          NaN,         NaN
,,,          NaN,,,,          NaN,         NaN
,,,          NaN,,,,          NaN,         NaN
,,,          NaN,,,,          NaN,         NaN
,,,          NaN,,,,          NaN,         NaN
,,,          NaN,,,,          NaN,         NaN
,,,          NaN,,,,          NaN,         NaN
,,,          NaN,,,,          NaN,         NaN
,,,          NaN,,,,          NaN,         NaN
,,,          NaN,,,,          NaN,         NaN
,,,          NaN,,,,          NaN,         NaN
,,,          NaN,,,,          NaN,         NaN
,,,          NaN,,,,          NaN,         NaN
,,,          NaN,,,,          NaN,         NaN
,,,          NaN,,,,          NaN,         NaN
,,,          NaN,,,,          NaN,         NaN
,,,          NaN,,,,          NaN,         NaN
,,,          NaN,,,,          NaN,         NaN
,,,          NaN,,,,          NaN,         NaN
,,,          NaN,,,,          NaN,         NaN
,,,          NaN,,,,          NaN,         NaN
,,,          NaN,,,,          NaN,         NaN
,,,          NaN,,,,          NaN,         NaN
,,,          NaN,,,,          NaN,         NaN
,,,          NaN,,,,          NaN,         NaN
,,,          NaN,,,,          NaN,         NaN
,,,          NaN,,,,          NaN,         NaN
,,,          NaN,,,,          NaN,         NaN
,,,          NaN,,,,          NaN,         NaN
,,,          NaN,,,,          NaN,         NaN
,,,          NaN,,,,          NaN,         NaN
,,,          NaN,,,,          NaN,         NaN
,,,          NaN,,,,          NaN,         NaN
,,,          NaN,,,,          NaN,         NaN
,,,          NaN,,,,          NaN,         NaN
,,,          NaN,,,,          NaN,         NaN
,,,          NaN,,,,          NaN,         NaN
,,,          NaN,,,,          NaN,         NaN
,,,          NaN,,,,          NaN,         NaN
,,,          NaN,,,,          NaN,         NaN
,,,          NaN,,,,          NaN,         NaN
,,,          NaN,,,,          NaN,         NaN
,,,          NaN,,,,          NaN,         NaN
,,,          NaN,,,,          NaN,         NaN
,,,          NaN,,,,          NaN,         NaN
,,,          NaN,,,,          NaN,         NaN
,,,          NaN,,,,          NaN,         NaN
,,,          NaN,,,,          NaN,         NaN
,,,          NaN,,,,          NaN,         NaN
,,,          NaN,,,,          NaN,         NaN
,,,          NaN,,,,          NaN,         NaN
,,,          NaN,,,,          NaN,         NaN
,,,          NaN,,,,          NaN,         NaN
,,,          NaN,,,,          NaN,         NaN
,,,          NaN,,,,          NaN,         NaN
,,,          NaN,,,,          NaN,         NaN
,,,          NaN,,,,          NaN,         NaN
,,,          NaN,,,,          NaN,         NaN
,,,          NaN,,,,          NaN,         NaN
,,,          NaN,,,,          NaN,         NaN
,,,          NaN,,,,          NaN,         NaN
,,,          NaN,,,,          NaN,         NaN
,,,          NaN,,,,          NaN,         NaN
,,,          NaN,,,,          NaN,         NaN
,,,          NaN,,,,          NaN,         NaN
,,,          NaN,,,,          NaN,         NaN
,,,          NaN,,,,          NaN,         NaN
,,,          NaN,,,,          NaN,         NaN
,,,          NaN,,,,          NaN,         NaN
,,,          NaN,,,,          NaN,         NaN
,,,          NaN,,,,          NaN,         NaN
,,,          NaN,,,,          NaN,         NaN
,,,          NaN,,,,          NaN,         NaN
,,,          NaN,,,,          NaN,         NaN
,,,          NaN,,,,          NaN,         NaN
,,,          NaN,,,,          NaN,         NaN
,,,          NaN,,,,          NaN,         NaN
,,,          NaN,,,,          NaN,         NaN
,,,          NaN,,,,          NaN,         NaN
,,,          NaN,,,,          NaN,         NaN
,,,          NaN,,,,          NaN,         NaN
,,,          NaN,,,,          NaN,         NaN
,,,          NaN,,,,          NaN,         NaN
,,,          NaN,,,,          NaN,         NaN
,,,          NaN,,,,          NaN,         NaN
,,,          NaN,,,,          NaN,         NaN
,,,          NaN,,,,          NaN,         NaN
,,,          NaN,,,,          NaN,         NaN
,,,          NaN,,,,          NaN,         NaN
,,,          NaN,,,,          NaN,         NaN
,,,          NaN,,,,          NaN,         NaN
,,,          NaN,,,,          NaN,         NaN
,,,          NaN,,,,          NaN,         NaN
,,,          NaN,,,,          NaN,         NaN
,,,          NaN,,,,          NaN,         NaN
,,,          NaN,,,,          NaN,         NaN
,,,          NaN,,,,          NaN,         NaN
,,,          NaN,,,,          NaN,         NaN
,,,          NaN,,,,          NaN,         NaN
,,,          NaN,,,,          NaN,         NaN
,,,          NaN,,,,          NaN,         NaN
,,,          NaN,,,,          NaN,         NaN
,,,          NaN,,,,          NaN,         NaN
,,,          NaN,,,,          NaN,         NaN
,,,          NaN,,,,          NaN,         NaN
,,,          NaN,,,,          NaN,         NaN
,,,          NaN,,,,          NaN,         NaN
,,,          NaN,,,,          NaN,         NaN
,,,          NaN,,,,          NaN,         NaN
,,,          NaN,,,,          NaN,         NaN
,,,          NaN,,,,          NaN,         NaN
,,,          NaN,,,,          NaN,         NaN
,,,          NaN,,,,          NaN,         NaN
,,,          NaN,,,,          NaN,         NaN
,,,          NaN,,,,          NaN,         NaN
,,,          NaN,,,,          NaN,         NaN
,,,          NaN,,,,          NaN,         NaN
,,,          NaN,,,,          NaN,         NaN
,,,          NaN,,,,          NaN,         NaN
,,,          NaN,,,,          NaN,         NaN
,,,          NaN,,,,          NaN,         NaN
,,,          NaN,,,,          NaN,         NaN
,,,          NaN,,,,          NaN,         NaN
,,,          NaN,,,,          NaN,         NaN
,,,          NaN,,,,          NaN,         NaN
,,,          NaN,,,,          NaN,         NaN
,,,          NaN,,,,          NaN,         NaN
,,,          NaN,,,,          NaN,         NaN
,,,          NaN,,,,          NaN,         NaN
,,,          NaN,,,,          NaN,         NaN
,,,          NaN,,,,          NaN,         NaN
,,,          NaN,,,,          NaN,         NaN
,,,          NaN,,,,          NaN,         NaN
,,,          NaN,,,,          NaN,         NaN
,,,          NaN,,,,          NaN,         NaN
,,,          NaN,,,,          NaN,         NaN
,,,          NaN,,,,          NaN,         NaN
,,,          NaN,,,,          NaN,         NaN
,,,          NaN,,,,          NaN,         NaN
,,,          NaN,,,,          NaN,         NaN
,,,          NaN,,,,          NaN,         NaN
,,,          NaN,,,,          NaN,         NaN
,,,          NaN,,,,          NaN,         NaN
,,,          NaN,,,,          NaN,         NaN
,,,          NaN,,,,          NaN,         NaN
,,,          NaN,,,,          NaN,         NaN
,,,          NaN,,,,          NaN,         NaN
,,,          NaN,,,,          NaN,         NaN
,,,          NaN,,,,          NaN,         NaN
,,,          NaN,,,,          NaN,         NaN
,,,          NaN,,,,          NaN,         NaN
,,,          NaN,,,,          NaN,         NaN
,,,          NaN,,,,          NaN,         NaN
,,,          NaN,,,,          NaN,         NaN
,,,          NaN,,,,          NaN,         NaN
,,,          NaN,,,,          NaN,         NaN
,,,          NaN,,,,          NaN,         NaN
,,,          NaN,,,,          NaN,         NaN
,,,          NaN,,,,          NaN,         NaN
,,,          NaN,,,,          NaN,         NaN
,,,          NaN,,,,          NaN,         NaN
,,,          NaN,,,,          NaN,         NaN
,,,          NaN,,,,          NaN,         NaN
,,,          NaN,,,,          NaN,         NaN
,,,          NaN,,,,          NaN,         NaN
,,,          NaN,,,,          NaN,         NaN
,,,          NaN,,,,          NaN,         NaN
,,,          NaN,,,,          NaN,         NaN
,,,          NaN,,,,          NaN,         NaN
,,,          NaN,,,,          NaN,         NaN
,,,          NaN,,,,          NaN,         NaN
,,,          NaN,,,,          NaN,         NaN
,,,          NaN,,,,          NaN,         NaN
,,,          NaN,,,,          NaN,         NaN
,,,          NaN,,,,          NaN,         NaN
,,,          NaN,,,,          NaN,         NaN
,,,          NaN,,,,          NaN,         NaN
,,,          NaN,,,,          NaN,         NaN
,,,          NaN,,,,          NaN,         NaN
,,,          NaN,,,,          NaN,         NaN
,,,          NaN,,,,          NaN,         NaN
,,,          NaN,,,,          NaN,         NaN
,,,          NaN,,,,          NaN,         NaN
,,,          NaN,,,,          NaN,         NaN
,,,          NaN,,,,          NaN,         NaN
,,,          NaN,,,,          NaN,         NaN
,,,          NaN,,,,          NaN,         NaN
,,,          NaN,,,,          NaN,         NaN
,,,          NaN,,,,          NaN,         NaN
,,,          NaN,,,,          NaN,         NaN
,,,          NaN,,,,          NaN,         NaN
,,,          NaN,,,,          NaN,         NaN
,,,          NaN,,,,          NaN,         NaN
,,,          NaN,,,,          NaN,         NaN
,,,          NaN,,,,          NaN,         NaN
,,,          NaN,,,,          NaN,         NaN
,,,          NaN,,,,          NaN,         NaN
,,,          NaN,,,,          NaN,         NaN
,,,          NaN,,,,          NaN,         NaN
,,,          NaN,,,,          NaN,         NaN
,,,          NaN,,,,          NaN,         NaN
,,,          NaN,,,,          NaN,         NaN
,,,          NaN,,,,          NaN,         NaN
,,,          NaN,,,,          NaN,         NaN
,,,          NaN,,,,          NaN,         NaN
,,,          NaN,,,,          NaN,         NaN
,,,          NaN,,,,          NaN,         NaN
,,,          NaN,,,,          NaN,         NaN
,,,          NaN,,,,          NaN,         NaN
,,,          NaN,,,,          NaN,         NaN
,,,          NaN,,,,          NaN,         NaN
,,,          NaN,,,,          NaN,         NaN
,,,          NaN,,,,          NaN,         NaN
,,,          NaN,,,,          NaN,         NaN
,,,          NaN,,,,          NaN,         NaN
,,,          NaN,,,,          NaN,         NaN
,,,          NaN,,,,          NaN,         NaN
,,,          NaN,,,,          NaN,         NaN
,,,          NaN,,,,          NaN,         NaN
,,,          NaN,,,,          NaN,         NaN
,,,          NaN,,,,          NaN,         NaN
,,,          NaN,,,,          NaN,         NaN
,,,          NaN,,,,          NaN,         NaN
,,,          NaN,,,,          NaN,         NaN
,,,          NaN,,,,          NaN,         NaN
,,,          NaN,,,,          NaN,         NaN
,,,          NaN,,,,          NaN,         NaN
,,,          NaN,,,,          NaN,         NaN
,,,          NaN,,,,          NaN,         NaN
,,,          NaN,,,,          NaN,         NaN
,,,          NaN,,,,          NaN,         NaN
,,,          NaN,,,,          NaN,         NaN
,,,          NaN,,,,          NaN,         NaN
,,,          NaN,,,,          NaN,         NaN
,,,          NaN,,,,          NaN,         NaN
,,,          NaN,,,,          NaN,         NaN
,,,          NaN,,,,          NaN,         NaN
,,,          NaN,,,,          NaN,         NaN
,,,          NaN,,,,          NaN,         NaN
,,,          NaN,,,,          NaN,         NaN
,,,          NaN,,,,          NaN,         NaN
,,,          NaN,,,,          NaN,         NaN
,,,          NaN,,,,          NaN,         NaN
,,,          NaN,,,,          NaN,         NaN
,,,          NaN,,,,          NaN,         NaN
,,,          NaN,,,,          NaN,         NaN
,,,          NaN,,,,          NaN,         NaN
,,,          NaN,,,,          NaN,         NaN
,,,          NaN,,,,          NaN,         NaN
,,,          NaN,,,,          NaN,         NaN
,,,          NaN,,,,          NaN,         NaN
,,,          NaN,,,,          NaN,         NaN
,,,          NaN,,,,          NaN,         NaN
,,,          NaN,,,,          NaN,         NaN
,,,          NaN,,,,          NaN,         NaN
,,,          NaN,,,,          NaN,         NaN
,,,          NaN,,,,          NaN,         NaN
,,,          NaN,,,,          NaN,         NaN
,,,          NaN,,,,          NaN,         NaN
,,,          NaN,,,,          NaN,         NaN
,,,          NaN,,,,          NaN,         NaN
,,,          NaN,,,,          NaN,         NaN
,,,          NaN,,,,          NaN,         NaN
,,,          NaN,,,,          NaN,         NaN
,,,          NaN,,,,          NaN,         NaN
,,,          NaN,,,,          NaN,         NaN
,,,          NaN,,,,          NaN,         NaN
,,,          NaN,,,,          NaN,         NaN
,,,          NaN,,,,          NaN,         NaN
,,,          NaN,,,,          NaN,         NaN
,,,          NaN,,,,          NaN,         NaN
,,,          NaN,,,,          NaN,         NaN
,,,          NaN,,,,          NaN,         NaN
,,,          NaN,,,,          NaN,         NaN
,,,          NaN,,,,          NaN,         NaN
,,,          NaN,,,,          NaN,         NaN
,,,          NaN,,,,          NaN,         NaN
,,,          NaN,,,,          NaN,         NaN
,,,          NaN,,,,          NaN,         NaN
,,,          NaN,,,,          NaN,         NaN
,,,          NaN,,,,          NaN,         NaN
,,,          NaN,,,,          NaN,         NaN
,,,          NaN,,,,          NaN,         NaN
,,,          NaN,,,,          NaN,         NaN
,,,          NaN,,,,          NaN,         NaN
,,,          NaN,,,,          NaN,         NaN
,,,          NaN,,,,          NaN,         NaN
,,,          NaN,,,,          NaN,         NaN
,,,          NaN,,,,          NaN,         NaN
,,,          NaN,,,,          NaN,         NaN
,,,          NaN,,,,          NaN,         NaN
,,,          NaN,,,,          NaN,         NaN
,,,          NaN,,,,          NaN,         NaN
,,,          NaN,,,,          NaN,         NaN
,,,          NaN,,,,          NaN,         NaN
,,,          NaN,,,,          NaN,         NaN
,,,          NaN,,,,          NaN,         NaN
,,,          NaN,,,,          NaN,         NaN
,,,          NaN,,,,          NaN,         NaN
,,,          NaN,,,,          NaN,         NaN
,,,          NaN,,,,          NaN,         NaN
,,,          NaN,,,,          NaN,         NaN
,,,          NaN,,,,          NaN,         NaN
,,,          NaN,,,,          NaN,         NaN
,,,          NaN,,,,          NaN,         NaN
,,,          NaN,,,,          NaN,         NaN
,,,          NaN,,,,          NaN,         NaN
,,,          NaN,,,,          NaN,         NaN
,,,          NaN,,,,          NaN,         NaN
,,,          NaN,,,,          NaN,         NaN
,,,          NaN,,,,          NaN,         NaN
,,,          NaN,,,,          NaN,         NaN
,,,          NaN,,,,          NaN,         NaN
,,,          NaN,,,,          NaN,         NaN
,,,          NaN,,,,          NaN,         NaN
,,,          NaN,,,,          NaN,         NaN
,,,          NaN,,,,          NaN,         NaN
,,,          NaN,,,,          NaN,         NaN
,,,          NaN,,,,          NaN,         NaN
,,,          NaN,,,,          NaN,         NaN
,,,          NaN,,,,          NaN,         NaN
,,,          NaN,,,,          NaN,         NaN
,,,          NaN,,,,          NaN,         NaN
,,,          NaN,,,,          NaN,         NaN
,,,          NaN,,,,          NaN,         NaN
,,,          NaN,,,,          NaN,         NaN
,,,          NaN,,,,          NaN,         NaN
,,,          NaN,,,,          NaN,         NaN
,,,          NaN,,,,          NaN,         NaN
,,,          NaN,,,,          NaN,         NaN
,,,          NaN,,,,          NaN,         NaN
,,,          NaN,,,,          NaN,         NaN
,,,          NaN,,,,          NaN,         NaN
,,,          NaN,,,,          NaN,         NaN
,,,          NaN,,,,          NaN,         NaN
,,,          NaN,,,,          NaN,         NaN
,,,          NaN,,,,          NaN,         NaN
,,,          NaN,,,,          NaN,         NaN
,,,          NaN,,,,          NaN,         NaN
,,,          NaN,,,,          NaN,         NaN
,,,          NaN,,,,          NaN,         NaN
,,,          NaN,,,,          NaN,         NaN
,,,          NaN,,,,          NaN,         NaN
,,,          NaN,,,,          NaN,         NaN
,,,          NaN,,,,          NaN,         NaN
,,,          NaN,,,,          NaN,         NaN
,,,          NaN,,,,          NaN,         NaN
,,,          NaN,,,,          NaN,         NaN
,,,          NaN,,,,          NaN,         NaN
,,,          NaN,,,,          NaN,         NaN
,,,          NaN,,,,          NaN,         NaN
,,,          NaN,,,,          NaN,         NaN
,,,          NaN,,,,          NaN,         NaN
,,,          NaN,,,,          NaN,         NaN
,,,          NaN,,,,          NaN,         NaN
,,,          NaN,,,,          NaN,         NaN
,,,          NaN,,,,          NaN,         NaN
,,,          NaN,,,,          NaN,         NaN
,,,          NaN,,,,          NaN,         NaN
,,,          NaN,,,,          NaN,         NaN
,,,          NaN,,,,          NaN,         NaN
,,,          NaN,,,,          NaN,         NaN
,,,          NaN,,,,          NaN,         NaN
,,,          NaN,,,,          NaN,         NaN
,,,          NaN,,,,          NaN,         NaN
,,,          NaN,,,,          NaN,         NaN
,,,          NaN,,,,          NaN,         NaN
,,,          NaN,,,,          NaN,         NaN
,,,          NaN,,,,          NaN,         NaN
,,,          NaN,,,,          NaN,         NaN
,,,          NaN,,,,          NaN,         NaN
,,,          NaN,,,,          NaN,         NaN
,,,          NaN,,,,          NaN,         NaN
,,,          NaN,,,,          NaN,         NaN
,,,          NaN,,,,          NaN,         NaN
,,,          NaN,,,,          NaN,         NaN
,,,          NaN,,,,          NaN,         NaN
,,,          NaN,,,,          NaN,         NaN
,,,          NaN,,,,          NaN,         NaN
,,,          NaN,,,,          NaN,         NaN
,,,          NaN,,,,          NaN,         NaN
,,,          NaN,,,,          NaN,         NaN
,,,          NaN,,,,          NaN,         NaN
,,,          NaN,,,,          NaN,         NaN
,,,          NaN,,,,          NaN,         NaN
,,,          NaN,,,,          NaN,         NaN
,,,          NaN,,,,          NaN,         NaN
,,,          NaN,,,,          NaN,         NaN
,,,          NaN,,,,          NaN,         NaN
,,,          NaN,,,,          NaN,         NaN
,,,          NaN,,,,          NaN,         NaN
,,,          NaN,,,,          NaN,         NaN
,,,          NaN,,,,          NaN,         NaN
,,,          NaN,,,,          NaN,         NaN
,,,          NaN,,,,          NaN,         NaN
,,,          NaN,,,,          NaN,         NaN
,,,          NaN,,,,          NaN,         NaN
,,,          NaN,,,,          NaN,         NaN
,,,          NaN,,,,          NaN,         NaN
,,,          NaN,,,,          NaN,         NaN
,,,          NaN,,,,          NaN,         NaN
,,,          NaN,,,,          NaN,         NaN
,,,          NaN,,,,          NaN,         NaN
,,,          NaN,,,,          NaN,         NaN
,,,          NaN,,,,          NaN,         NaN
,,,          NaN,,,,          NaN,         NaN
,,,          NaN,,,,          NaN,         NaN
,,,          NaN,,,,          NaN,         NaN
,,,          NaN,,,,          NaN,         NaN
,,,          NaN,,,,          NaN,         NaN
,,,          NaN,,,,          NaN,         NaN
,,,          NaN,,,,          NaN,         NaN
,,,          NaN,,,,          NaN,         NaN
,,,          NaN,,,,          NaN,         NaN
,,,          NaN,,,,          NaN,         NaN
,,,          NaN,,,,          NaN,         NaN
,,,          NaN,,,,          NaN,         NaN
,,,          NaN,,,,          NaN,         NaN
,,,          NaN,,,,          NaN,         NaN
,,,          NaN,,,,          NaN,         NaN
,,,          NaN,,,,          NaN,         NaN
,,,          NaN,,,,          NaN,         NaN
,,,          NaN,,,,          NaN,         NaN
,,,          NaN,,,,          NaN,         NaN
,,,          NaN,,,,          NaN,         NaN
,,,          NaN,,,,          NaN,         NaN
,,,          NaN,,,,          NaN,         NaN
,,,          NaN,,,,          NaN,         NaN
,,,          NaN,,,,          NaN,         NaN
,,,          NaN,,,,          NaN,         NaN
,,,          NaN,,,,          NaN,         NaN
,,,          NaN,,,,          NaN,         NaN
,,,          NaN,,,,          NaN,         NaN
,,,          NaN,,,,          NaN,         NaN
,,,          NaN,,,,          NaN,         NaN
,,,          NaN,,,,          NaN,         NaN
,,,          NaN,,,,          NaN,         NaN
,,,          NaN,,,,          NaN,         NaN
,,,          NaN,,,,          NaN,         NaN
,,,          NaN,,,,          NaN,         NaN
,,,          NaN,,,,          NaN,         NaN
,,,          NaN,,,,          NaN,         NaN
,,,          NaN,,,,          NaN,         NaN
,,,          NaN,,,,          NaN,         NaN
,,,          NaN,,,,          NaN,         NaN
,,,          NaN,,,,          NaN,         NaN
,,,          NaN,,,,          NaN,         NaN
,,,          NaN,,,,          NaN,         NaN
,,,          NaN,,,,          NaN,         NaN
,,,          NaN,,,,          NaN,         NaN
,,,          NaN,,,,          NaN,         NaN
,,,          NaN,,,,          NaN,         NaN
,,,          NaN,,,,          NaN,         NaN
,,,          NaN,,,,          NaN,         NaN
,,,          NaN,,,,          NaN,         NaN
,,,          NaN,,,,          NaN,         NaN
,,,          NaN,,,,          NaN,         NaN
,,,          NaN,,,,          NaN,         NaN
,,,          NaN,,,,          NaN,         NaN
,,,          NaN,,,,          NaN,         NaN
,,,          NaN,,,,          NaN,         NaN
,,,          NaN,,,,          NaN,         NaN
,,,          NaN,,,,          NaN,         NaN
,,,          NaN,,,,          NaN,         NaN
,,,          NaN,,,,          NaN,         NaN
,,,          NaN,,,,          NaN,         NaN
,,,          NaN,,,,          NaN,         NaN
,,,          NaN,,,,          NaN,         NaN
,,,          NaN,,,,          NaN,         NaN
,,,          NaN,,,,          NaN,         NaN
,,,          NaN,,,,          NaN,         NaN
,,,          NaN,,,,          NaN,         NaN
,,,          NaN,,,,          NaN,         NaN
,,,          NaN,,,,          NaN,         NaN
,,,          NaN,,,,          NaN,         NaN
,,,          NaN,,,,          NaN,         NaN
,,,          NaN,,,,          NaN,         NaN
,,,          NaN,,,,          NaN,         NaN
,,,          NaN,,,,          NaN,         NaN
,,,          NaN,,,,          NaN,         NaN
,,,          NaN,,,,          NaN,         NaN
,,,          NaN,,,,          NaN,         NaN
,,,          NaN,,,,          NaN,         NaN
,,,          NaN,,,,          NaN,         NaN
,,,          NaN,,,,          NaN,         NaN
,,,          NaN,,,,          NaN,         NaN
,,,          NaN,,,,          NaN,         NaN
,,,          NaN,,,,          NaN,         NaN
,,,          NaN,,,,          NaN,         NaN
,,,          NaN,,,,          NaN,         NaN
,,,          NaN,,,,          NaN,         NaN
,,,          NaN,,,,          NaN,         NaN
,,,          NaN,,,,          NaN,         NaN
,,,          NaN,,,,          NaN,         NaN
,,,          NaN,,,,          NaN,         NaN
,,,          NaN,,,,          NaN,         NaN
,,,          NaN,,,,          NaN,         NaN
,,,          NaN,,,,          NaN,         NaN
,,,          NaN,,,,          NaN,         NaN
,,,          NaN,,,,          NaN,         NaN
,,,          NaN,,,,          NaN,         NaN
,,,          NaN,,,,          NaN,         NaN
,,,          NaN,,,,          NaN,         NaN
,,,          NaN,,,,          NaN,         NaN
,,,          NaN,,,,          NaN,         NaN
,,,          NaN,,,,          NaN,         NaN
,,,          NaN,,,,          NaN,         NaN
,,,          NaN,,,,          NaN,         NaN
,,,          NaN,,,,          NaN,         NaN
,,,          NaN,,,,          NaN,         NaN
,,,          NaN,,,,          NaN,         NaN
,,,          NaN,,,,          NaN,         NaN
,,,          NaN,,,,          NaN,         NaN
,,,          NaN,,,,          NaN,         NaN
,,,          NaN,,,,          NaN,         NaN
,,,          NaN,,,,          NaN,         NaN
,,,          NaN,,,,          NaN,         NaN
,,,          NaN,,,,          NaN,         NaN
,,,          NaN,,,,          NaN,         NaN
,,,          NaN,,,,          NaN,         NaN
,,,          NaN,,,,          NaN,         NaN
,,,          NaN,,,,          NaN,         NaN
,,,          NaN,,,,          NaN,         NaN
,,,          NaN,,,,          NaN,         NaN
,,,          NaN,,,,          NaN,         NaN
,,,          NaN,,,,          NaN,         NaN
,,,          NaN,,,,          NaN,         NaN
,,,          NaN,,,,          NaN,         NaN
,,,          NaN,,,,          NaN,         NaN
,,,          NaN,,,,          NaN,         NaN
,,,          NaN,,,,          NaN,         NaN
,,,          NaN,,,,          NaN,         NaN
,,,          NaN,,,,          NaN,         NaN
,,,          NaN,,,,          NaN,         NaN
,,,          NaN,,,,          NaN,         NaN
,,,          NaN,,,,          NaN,         NaN
,,,          NaN,,,,          NaN,         NaN
,,,          NaN,,,,          NaN,         NaN
,,,          NaN,,,,          NaN,         NaN
,,,          NaN,,,,          NaN,         NaN
,,,          NaN,,,,          NaN,         NaN
,,,          NaN,,,,          NaN,         NaN
,,,          NaN,,,,          NaN,         NaN
,,,          NaN,,,,          NaN,         NaN
,,,          NaN,,,,          NaN,         NaN
,,,          NaN,,,,          NaN,         NaN
,,,          NaN,,,,          NaN,         NaN
,,,          NaN,,,,          NaN,         NaN
,,,          NaN,,,,          NaN,         NaN
,,,          NaN,,,,          NaN,         NaN
,,,          NaN,,,,          NaN,         NaN
,,,          NaN,,,,          NaN,         NaN
,,,          NaN,,,,          NaN,         NaN
,,,          NaN,,,,          NaN,         NaN
,,,          NaN,,,,          NaN,         NaN
,,,          NaN,,,,          NaN,         NaN
,,,          NaN,,,,          NaN,         NaN
,,,          NaN,,,,          NaN,         NaN
,,,          NaN,,,,          NaN,         NaN
,,,          NaN,,,,          NaN,         NaN
,,,          NaN,,,,          NaN,         NaN
,,,          NaN,,,,          NaN,         NaN
,,,          NaN,,,,          NaN,         NaN
,,,          NaN,,,,          NaN,         NaN
,,,          NaN,,,,          NaN,         NaN
,,,          NaN,,,,          NaN,         NaN
,,,          NaN,,,,          NaN,         NaN
,,,          NaN,,,,          NaN,         NaN
,,,          NaN,,,,          NaN,         NaN
,,,          NaN,,,,          NaN,         NaN
,,,          NaN,,,,          NaN,         NaN
,,,          NaN,,,,          NaN,         NaN
,,,          NaN,,,,          NaN,         NaN
,,,          NaN,,,,          NaN,         NaN
,,,          NaN,,,,          NaN,         NaN
,,,          NaN,,,,          NaN,         NaN
,,,          NaN,,,,          NaN,         NaN
,,,          NaN,,,,          NaN,         NaN
,,,          NaN,,,,          NaN,         NaN
,,,          NaN,,,,          NaN,         NaN
,,,          NaN,,,,          NaN,         NaN
,,,          NaN,,,,          NaN,         NaN
,,,          NaN,,,,          NaN,         NaN
,,,          NaN,,,,          NaN,         NaN
,,,          NaN,,,,          NaN,         NaN
,,,          NaN,,,,          NaN,         NaN
,,,          NaN,,,,          NaN,         NaN
,,,          NaN,,,,          NaN,         NaN
,,,          NaN,,,,          NaN,         NaN
,,,          NaN,,,,          NaN,         NaN
,,,          NaN,,,,          NaN,         NaN
,,,          NaN,,,,          NaN,         NaN
,,,          NaN,,,,          NaN,         NaN
,,,          NaN,,,,          NaN,         NaN
,,,          NaN,,,,          NaN,         NaN
,,,          NaN,,,,          NaN,         NaN
,,,          NaN,,,,          NaN,         NaN
,,,          NaN,,,,          NaN,         NaN
,,,          NaN,,,,          NaN,         NaN
,,,          NaN,,,,          NaN,         NaN
,,,          NaN,,,,          NaN,         NaN
,,,          NaN,,,,          NaN,         NaN
,,,          NaN,,,,          NaN,         NaN
,,,          NaN,,,,          NaN,         NaN
,,,          NaN,,,,          NaN,         NaN
,,,          NaN,,,,          NaN,         NaN
,,,          NaN,,,,          NaN,         NaN
,,,          NaN,,,,          NaN,         NaN
,,,          NaN,,,,          NaN,         NaN
,,,          NaN,,,,          NaN,         NaN
,,,          NaN,,,,          NaN,         NaN
,,,          NaN,,,,          NaN,         NaN
,,,          NaN,,,,          NaN,         NaN
,,,          NaN,,,,          NaN,         NaN
,,,          NaN,,,,          NaN,         NaN
,,,          NaN,,,,          NaN,         NaN
,,,          NaN,,,,          NaN,         NaN
,,,          NaN,,,,          NaN,         NaN
,,,          NaN,,,,          NaN,         NaN
,,,          NaN,,,,          NaN,         NaN
,,,          NaN,,,,          NaN,         NaN
,,,          NaN,,,,          NaN,         NaN
,,,          NaN,,,,          NaN,         NaN
,,,          NaN,,,,          NaN,         NaN
,,,          NaN,,,,          NaN,         NaN
,,,          NaN,,,,          NaN,         NaN
,,,          NaN,,,,          NaN,         NaN
,,,          NaN,,,,          NaN,         NaN
,,,          NaN,,,,          NaN,         NaN
,,,          NaN,,,,          NaN,         NaN
,,,          NaN,,,,          NaN,         NaN
,,,          NaN,,,,          NaN,         NaN
,,,          NaN,,,,          NaN,         NaN
,,,          NaN,,,,          NaN,         NaN
,,,          NaN,,,,          NaN,         NaN
,,,          NaN,,,,          NaN,         NaN
,,,          NaN,,,,          NaN,         NaN
,,,          NaN,,,,          NaN,         NaN
,,,          NaN,,,,          NaN,         NaN
,,,          NaN,,,,          NaN,         NaN
,,,          NaN,,,,          NaN,         NaN
,,,          NaN,,,,          NaN,         NaN
,,,          NaN,,,,          NaN,         NaN
,,,          NaN,,,,          NaN,         NaN
,,,          NaN,,,,          NaN,         NaN
,,,          NaN,,,,          NaN,         NaN
,,,          NaN,,,,          NaN,         NaN
,,,          NaN,,,,          NaN,         NaN
,,,          NaN,,,,          NaN,         NaN
,,,          NaN,,,,          NaN,         NaN
,,,          NaN,,,,          NaN,         NaN
,,,          NaN,,,,          NaN,         NaN
,,,          NaN,,,,          NaN,         NaN
,,,          NaN,,,,          NaN,         NaN
,,,          NaN,,,,          NaN,         NaN
,,,          NaN,,,,          NaN,         NaN
,,,          NaN,,,,          NaN,         NaN
,,,          NaN,,,,          NaN,         NaN
,,,          NaN,,,,          NaN,         NaN
,,,          NaN,,,,          NaN,         NaN
,,,          NaN,,,,          NaN,         NaN
,,,          NaN,,,,          NaN,         NaN
,,,          NaN,,,,          NaN,         NaN
,,,          NaN,,,,          NaN,         NaN
,,,          NaN,,,,          NaN,         NaN
,,,          NaN,,,,          NaN,         NaN
,,,          NaN,,,,          NaN,         NaN
,,,          NaN,,,,          NaN,         NaN
,,,          NaN,,,,          NaN,         NaN
,,,          NaN,,,,          NaN,         NaN
,,,          NaN,,,,          NaN,         NaN
,,,          NaN,,,,          NaN,         NaN
,,,          NaN,,,,          NaN,         NaN
,,,          NaN,,,,          NaN,         NaN
,,,          NaN,,,,          NaN,         NaN
,,,          NaN,,,,          NaN,         NaN
,,,          NaN,,,,          NaN,         NaN
,,,          NaN,,,,          NaN,         NaN
,,,          NaN,,,,          NaN,         NaN
,,,          NaN,,,,          NaN,         NaN
,,,          NaN,,,,          NaN,         NaN
,,,          NaN,,,,          NaN,         NaN
,,,          NaN,,,,          NaN,         NaN
,,,          NaN,,,,          NaN,         NaN
,,,          NaN,,,,          NaN,         NaN
,,,          NaN,,,,          NaN,         NaN
,,,          NaN,,,,          NaN,         NaN
,,,          NaN,,,,          NaN,         NaN
,,,          NaN,,,,          NaN,         NaN
,,,          NaN,,,,          NaN,         NaN
,,,          NaN,,,,          NaN,         NaN
,,,          NaN,,,,          NaN,         NaN
,,,          NaN,,,,          NaN,         NaN
,,,          NaN,,,,          NaN,         NaN
,,,          NaN,,,,          NaN,         NaN
,,,          NaN,,,,          NaN,         NaN
,,,          NaN,,,,          NaN,         NaN
,,,          NaN,,,,          NaN,         NaN
,,,          NaN,,,,          NaN,         NaN
,,,          NaN,,,,          NaN,         NaN
,,,          NaN,,,,          NaN,         NaN
,,,          NaN,,,,          NaN,         NaN
,,,          NaN,,,,          NaN,         NaN
,,,          NaN,,,,          NaN,         NaN
,,,          NaN,,,,          NaN,         NaN
,,,          NaN,,,,          NaN,         NaN
,,,          NaN,,,,          NaN,         NaN
,,,          NaN,,,,          NaN,         NaN
,,,          NaN,,,,          NaN,         NaN
,,,          NaN,,,,          NaN,         NaN
,,,          NaN,,,,          NaN,         NaN
,,,          NaN,,,,          NaN,         NaN
,,,          NaN,,,,          NaN,         NaN
,,,          NaN,,,,          NaN,         NaN
,,,          NaN,,,,          NaN,         NaN
,,,          NaN,,,,          NaN,         NaN
,,,          NaN,,,,          NaN,         NaN
,,,          NaN,,,,          NaN,         NaN
,,,          NaN,,,,          NaN,         NaN
,,,          NaN,,,,          NaN,         NaN
,,,          NaN,,,,          NaN,         NaN
,,,          NaN,,,,          NaN,         NaN
,,,          NaN,,,,          NaN,         NaN
,,,          NaN,,,,          NaN,         NaN
,,,          NaN,,,,          NaN,         NaN
,,,          NaN,,,,          NaN,         NaN
,,,          NaN,,,,          NaN,         NaN
,,,          NaN,,,,          NaN,         NaN
,,,          NaN,,,,          NaN,         NaN
,,,          NaN,,,,          NaN,         NaN
,,,          NaN,,,,          NaN,         NaN
,,,          NaN,,,,          NaN,         NaN
,,,          NaN,,,,          NaN,         NaN
,,,          NaN,,,,          NaN,         NaN
,,,          NaN,,,,          NaN,         NaN
,,,          NaN,,,,          NaN,         NaN
,,,          NaN,,,,          NaN,         NaN
,,,          NaN,,,,          NaN,         NaN
,,,          NaN,,,,          NaN,         NaN
,,,          NaN,,,,          NaN,         NaN
,,,          NaN,,,,          NaN,         NaN
,,,          NaN,,,,          NaN,         NaN
,,,          NaN,,,,          NaN,         NaN
,,,          NaN,,,,          NaN,         NaN
,,,          NaN,,,,          NaN,         NaN
,,,          NaN,,,,          NaN,         NaN
,,,          NaN,,,,          NaN,         NaN
,,,          NaN,,,,          NaN,         NaN
,,,          NaN,,,,          NaN,         NaN
,,,          NaN,,,,          NaN,         NaN
,,,          NaN,,,,          NaN,         NaN
,,,          NaN,,,,          NaN,         NaN
,,,          NaN,,,,          NaN,         NaN
,,,          NaN,,,,          NaN,         NaN
,,,          NaN,,,,          NaN,         NaN
,,,          NaN,,,,          NaN,         NaN
,,,          NaN,,,,          NaN,         NaN
,,,          NaN,,,,          NaN,         NaN
,,,          NaN,,,,          NaN,         NaN
,,,          NaN,,,,          NaN,         NaN
,,,          NaN,,,,          NaN,         NaN
,,,          NaN,,,,          NaN,         NaN
,,,          NaN,,,,          NaN,         NaN
,,,          NaN,,,,          NaN,         NaN
,,,          NaN,,,,          NaN,         NaN
,,,          NaN,,,,          NaN,         NaN
,,,          NaN,,,,          NaN,         NaN
,,,          NaN,,,,          NaN,         NaN
,,,          NaN,,,,          NaN,         NaN
,,,          NaN,,,,          NaN,         NaN
,,,          NaN,,,,          NaN,         NaN
,,,          NaN,,,,          NaN,         NaN
,,,          NaN,,,,          NaN,         NaN
,,,          NaN,,,,          NaN,         NaN
,,,          NaN,,,,          NaN,         NaN
,,,          NaN,,,,          NaN,         NaN
,,,          NaN,,,,          NaN,         NaN
,,,          NaN,,,,          NaN,         NaN
,,,          NaN,,,,          NaN,         NaN
,,,          NaN,,,,          NaN,         NaN
,,,          NaN,,,,          NaN,         NaN
,,,          NaN,,,,          NaN,         NaN
,,,          NaN,,,,          NaN,         NaN
,,,          NaN,,,,          NaN,         NaN
,,,          NaN,,,,          NaN,         NaN
,,,          NaN,,,,          NaN,         NaN
,,,          NaN,,,,          NaN,         NaN
,,,          NaN,,,,          NaN,         NaN
,,,          NaN,,,,          NaN,         NaN
,,,          NaN,,,,          NaN,         NaN
,,,          NaN,,,,          NaN,         NaN
,,,          NaN,,,,          NaN,         NaN
,,,          NaN,,,,          NaN,         NaN
,,,          NaN,,,,          NaN,         NaN
,,,          NaN,,,,          NaN,         NaN
,,,          NaN,,,,          NaN,         NaN
,,,          NaN,,,,          NaN,         NaN
,,,          NaN,,,,          NaN,         NaN
,,,          NaN,,,,          NaN,         NaN
,,,          NaN,,,,          NaN,         NaN
,,,          NaN,,,,          NaN,         NaN
,,,          NaN,,,,          NaN,         NaN
,,,          NaN,,,,          NaN,         NaN
,,,          NaN,,,,          NaN,         NaN
,,,          NaN,,,,          NaN,         NaN
,,,          NaN,,,,          NaN,         NaN
,,,          NaN,,,,          NaN,         NaN
,,,          NaN,,,,          NaN,         NaN
,,,          NaN,,,,          NaN,         NaN
,,,          NaN,,,,          NaN,         NaN
,,,          NaN,,,,          NaN,         NaN
,,,          NaN,,,,          NaN,         NaN
,,,          NaN,,,,          NaN,         NaN
,,,          NaN,,,,          NaN,         NaN
,,,          NaN,,,,          NaN,         NaN
,,,          NaN,,,,          NaN,         NaN
,,,          NaN,,,,          NaN,         NaN
,,,          NaN,,,,          NaN,         NaN
,,,          NaN,,,,          NaN,         NaN
,,,          NaN,,,,          NaN,         NaN
,,,          NaN,,,,          NaN,         NaN
,,,          NaN,,,,          NaN,         NaN
,,,          NaN,,,,          NaN,         NaN
,,,          NaN,,,,          NaN,         NaN
,,,          NaN,,,,          NaN,         NaN
,,,          NaN,,,,          NaN,         NaN
,,,          NaN,,,,          NaN,         NaN
,,,          NaN,,,,          NaN,         NaN
,,,          NaN,,,,          NaN,         NaN
,,,          NaN,,,,          NaN,         NaN
,,,          NaN,,,,          NaN,         NaN
,,,          NaN,,,,          NaN,         NaN
,,,          NaN,,,,          NaN,         NaN
,,,          NaN,,,,          NaN,         NaN
,,,          NaN,,,,          NaN,         NaN
,,,          NaN,,,,          NaN,         NaN
,,,          NaN,,,,          NaN,         NaN
,,,          NaN,,,,          NaN,         NaN
,,,          NaN,,,,          NaN,         NaN
,,,          NaN,,,,          NaN,         NaN
,,,          NaN,,,,          NaN,         NaN
,,,          NaN,,,,          NaN,         NaN
,,,          NaN,,,,          NaN,         NaN
,,,          NaN,,,,          NaN,         NaN
,,,          NaN,,,,          NaN,         NaN
,,,          NaN,,,,          NaN,         NaN
,,,          NaN,,,,          NaN,         NaN
,,,          NaN,,,,          NaN,         NaN
,,,          NaN,,,,          NaN,         NaN
,,,          NaN,,,,          NaN,         NaN
,,,          NaN,,,,          NaN,         NaN
,,,          NaN,,,,          NaN,         NaN
,,,          NaN,,,,          NaN,         NaN
,,,          NaN,,,,          NaN,         NaN
,,,          NaN,,,,          NaN,         NaN
,,,          NaN,,,,          NaN,         NaN
,,,          NaN,,,,          NaN,         NaN
,,,          NaN,,,,          NaN,         NaN
,,,          NaN,,,,          NaN,         NaN
,,,          NaN,,,,          NaN,         NaN
,,,          NaN,,,,          NaN,         NaN
,,,          NaN,,,,          NaN,         NaN
,,,          NaN,,,,          NaN,         NaN
,,,          NaN,,,,          NaN,         NaN
,,,          NaN,,,,          NaN,         NaN
,,,          NaN,,,,          NaN,         NaN
,,,          NaN,,,,          NaN,         NaN
,,,          NaN,,,,          NaN,         NaN
,,,          NaN,,,,          NaN,         NaN
,,,          NaN,,,,          NaN,         NaN
,,,          NaN,,,,          NaN,         NaN
,,,          NaN,,,,          NaN,         NaN
,,,          NaN,,,,          NaN,         NaN
,,,          NaN,,,,          NaN,         NaN
,,,          NaN,,,,          NaN,         NaN
,,,          NaN,,,,          NaN,         NaN
,,,          NaN,,,,          NaN,         NaN
,,,          NaN,,,,          NaN,         NaN
,,,          NaN,,,,          NaN,         NaN
,,,          NaN,,,,          NaN,         NaN
,,,          NaN,,,,          NaN,         NaN
,,,          NaN,,,,          NaN,         NaN
,,,          NaN,,,,          NaN,         NaN
,,,          NaN,,,,          NaN,         NaN
,,,          NaN,,,,          NaN,         NaN
,,,          NaN,,,,          NaN,         NaN
,,,          NaN,,,,          NaN,         NaN
,,,          NaN,,,,          NaN,         NaN
,,,          NaN,,,,          NaN,         NaN
,,,          NaN,,,,          NaN,         NaN
,,,          NaN,,,,          NaN,         NaN
,,,          NaN,,,,          NaN,         NaN
,,,          NaN,,,,          NaN,         NaN
,,,          NaN,,,,          NaN,         NaN
,,,          NaN,,,,          NaN,         NaN
,,,          NaN,,,,          NaN,         NaN
,,,          NaN,,,,          NaN,         NaN
,,,          NaN,,,,          NaN,         NaN
,,,          NaN,,,,          NaN,         NaN
,,,          NaN,,,,          NaN,         NaN
,,,          NaN,,,,          NaN,         NaN
,,,          NaN,,,,          NaN,         NaN
,,,          NaN,,,,          NaN,         NaN
,,,          NaN,,,,          NaN,         NaN
,,,          NaN,,,,          NaN,         NaN
,,,          NaN,,,,          NaN,         NaN
,,,          NaN,,,,          NaN,         NaN
,,,          NaN,,,,          NaN,         NaN
,,,          NaN,,,,          NaN,         NaN
,,,          NaN,,,,          NaN,         NaN
,,,          NaN,,,,          NaN,         NaN
,,,          NaN,,,,          NaN,         NaN
,,,          NaN,,,,          NaN,         NaN
,,,          NaN,,,,          NaN,         NaN
,,,          NaN,,,,          NaN,         NaN
,,,          NaN,,,,          NaN,         NaN
,,,          NaN,,,,          NaN,         NaN
,,,          NaN,,,,          NaN,         NaN
,,,          NaN,,,,          NaN,         NaN
,,,          NaN,,,,          NaN,         NaN
,,,          NaN,,,,          NaN,         NaN
,,,          NaN,,,,          NaN,         NaN
,,,          NaN,,,,          NaN,         NaN
,,,          NaN,,,,          NaN,         NaN
,,,          NaN,,,,          NaN,         NaN
,,,          NaN,,,,          NaN,         NaN
,,,          NaN,,,,          NaN,         NaN
,,,          NaN,,,,          NaN,         NaN
,,,          NaN,,,,          NaN,         NaN
,,,          NaN,,,,          NaN,         NaN
,,,          NaN,,,,          NaN,         NaN
,,,          NaN,,,,          NaN,         NaN
,,,          NaN,,,,          NaN,         NaN
,,,          NaN,,,,          NaN,         NaN
,,,          NaN,,,,          NaN,         NaN
,,,          NaN,,,,          NaN,         NaN
,,,          NaN,,,,          NaN,         NaN
,,,          NaN,,,,          NaN,         NaN
,,,          NaN,,,,          NaN,         NaN
,,,          NaN,,,,          NaN,         NaN
,,,          NaN,,,,          NaN,         NaN
,,,          NaN,,,,          NaN,         NaN
,,,          NaN,,,,          NaN,         NaN
,,,          NaN,,,,          NaN,         NaN
,,,          NaN,,,,          NaN,         NaN
,,,          NaN,,,,          NaN,         NaN
,,,          NaN,,,,          NaN,         NaN
,,,          NaN,,,,          NaN,         NaN
,,,          NaN,,,,          NaN,         NaN
,,,          NaN,,,,          NaN,         NaN
,,,          NaN,,,,          NaN,         NaN
,,,          NaN,,,,          NaN,         NaN
,,,          NaN,,,,          NaN,         NaN
,,,          NaN,,,,          NaN,         NaN
,,,          NaN,,,,          NaN,         NaN
,,,          NaN,,,,          NaN,         NaN
,,,          NaN,,,,          NaN,         NaN
,,,          NaN,,,,          NaN,         NaN
,,,          NaN,,,,          NaN,         NaN
,,,          NaN,,,,          NaN,         NaN
,,,          NaN,,,,          NaN,         NaN
,,,          NaN,,,,          NaN,         NaN
,,,          NaN,,,,          NaN,         NaN
,,,          NaN,,,,          NaN,         NaN
,,,          NaN,,,,          NaN,         NaN
,,,          NaN,,,,          NaN,         NaN
,,,          NaN,,,,          NaN,         NaN
,,,          NaN,,,,          NaN,         NaN
,,,          NaN,,,,          NaN,         NaN
,,,          NaN,,,,          NaN,         NaN
,,,          NaN,,,,          NaN,         NaN
,,,          NaN,,,,          NaN,         NaN
,,,          NaN,,,,          NaN,         NaN
,,,          NaN,,,,          NaN,         NaN
,,,          NaN,,,,          NaN,         NaN
,,,          NaN,,,,          NaN,         NaN
,,,          NaN,,,,          NaN,         NaN
,,,          NaN,,,,          NaN,         NaN
,,,          NaN,,,,          NaN,         NaN
,,,          NaN,,,,          NaN,         NaN
,,,          NaN,,,,          NaN,         NaN
,,,          NaN,,,,          NaN,         NaN
,,,          NaN,,,,          NaN,         NaN
,,,          NaN,,,,          NaN,         NaN
,,,          NaN,,,,          NaN,         NaN
,,,          NaN,,,,          NaN,         NaN
,,,          NaN,,,,          NaN,         NaN
,,,          NaN,,,,          NaN,         NaN
,,,          NaN,,,,          NaN,         NaN
,,,          NaN,,,,          NaN,         NaN
,,,          NaN,,,,          NaN,         NaN
,,,          NaN,,,,          NaN,         NaN
,,,          NaN,,,,          NaN,         NaN
,,,          NaN,,,,          NaN,         NaN
,,,          NaN,,,,          NaN,         NaN
,,,          NaN,,,,          NaN,         NaN
,,,          NaN,,,,          NaN,         NaN
,,,          NaN,,,,          NaN,         NaN
,,,          NaN,,,,          NaN,         NaN
,,,          NaN,,,,          NaN,         NaN
,,,          NaN,,,,          NaN,         NaN
,,,          NaN,,,,          NaN,         NaN
,,,          NaN,,,,          NaN,         NaN
,,,          NaN,,,,          NaN,         NaN
,,,          NaN,,,,          NaN,         NaN
,,,          NaN,,,,          NaN,         NaN
,,,          NaN,,,,          NaN,         NaN
,,,          NaN,,,,          NaN,         NaN
,,,          NaN,,,,          NaN,         NaN
,,,          NaN,,,,          NaN,         NaN
,,,          NaN,,,,          NaN,         NaN
,,,          NaN,,,,          NaN,         NaN
,,,          NaN,,,,          NaN,         NaN
,,,          NaN,,,,          NaN,         NaN
,,,          NaN,,,,          NaN,         NaN
,,,          NaN,,,,          NaN,         NaN
,,,          NaN,,,,          NaN,         NaN
,,,          NaN,,,,          NaN,         NaN
,,,          NaN,,,,          NaN,         NaN
,,,          NaN,,,,          NaN,         NaN
,,,          NaN,,,,          NaN,         NaN
,,,          NaN,,,,          NaN,         NaN
,,,          NaN,,,,          NaN,         NaN
,,,          NaN,,,,          NaN,         NaN
,,,          NaN,,,,          NaN,         NaN
,,,          NaN,,,,          NaN,         NaN
,,,          NaN,,,,          NaN,         NaN
,,,          NaN,,,,          NaN,         NaN
,,,          NaN,,,,          NaN,         NaN
,,,          NaN,,,,          NaN,         NaN
,,,          NaN,,,,          NaN,         NaN
,,,          NaN,,,,          NaN,         NaN
,,,          NaN,,,,          NaN,         NaN
,,,          NaN,,,,          NaN,         NaN
,,,          NaN,,,,          NaN,         NaN
,,,          NaN,,,,          NaN,         NaN
,,,          NaN,,,,          NaN,         NaN
,,,          NaN,,,,          NaN,         NaN
,,,          NaN,,,,          NaN,         NaN
,,,          NaN,,,,          NaN,         NaN
,,,          NaN,,,,          NaN,         NaN
,,,          NaN,,,,          NaN,         NaN
,,,          NaN,,,,          NaN,         NaN
,,,          NaN,,,,          NaN,         NaN
,,,          NaN,,,,          NaN,         NaN
,,,          NaN,,,,          NaN,         NaN
,,,          NaN,,,,          NaN,         NaN
,,,          NaN,,,,          NaN,         NaN
,,,          NaN,,,,          NaN,         NaN
,,,          NaN,,,,          NaN,         NaN
,,,          NaN,,,,          NaN,         NaN
,,,          NaN,,,,          NaN,         NaN
,,,          NaN,,,,          NaN,         NaN
,,,          NaN,,,,          NaN,         NaN
,,,          NaN,,,,          NaN,         NaN
,,,          NaN,,,,          NaN,         NaN
,,,          NaN,,,,          NaN,         NaN
,,,          NaN,,,,          NaN,         NaN
,,,          NaN,,,,          NaN,         NaN
,,,          NaN,,,,          NaN,         NaN
,,,          NaN,,,,          NaN,         NaN
,,,          NaN,,,,          NaN,         NaN
,,,          NaN,,,,          NaN,         NaN
,,,          NaN,,,,          NaN,         NaN
,,,          NaN,,,,          NaN,         NaN
,,,          NaN,,,,          NaN,         NaN
,,,          NaN,,,,          NaN,         NaN
,,,          NaN,,,,          NaN,         NaN
,,,          NaN,,,,          NaN,         NaN
,,,          NaN,,,,          NaN,         NaN
,,,          NaN,,,,          NaN,         NaN
,,,          NaN,,,,          NaN,         NaN
,,,          NaN,,,,          NaN,         NaN
,,,          NaN,,,,          NaN,         NaN
,,,          NaN,,,,          NaN,         NaN
,,,          NaN,,,,          NaN,         NaN
,,,          NaN,,,,          NaN,         NaN
,,,          NaN,,,,          NaN,         NaN
,,,          NaN,,,,          NaN,         NaN
,,,          NaN,,,,          NaN,         NaN
,,,          NaN,,,,          NaN,         NaN
,,,          NaN,,,,          NaN,         NaN
,,,          NaN,,,,          NaN,         NaN
,,,          NaN,,,,          NaN,         NaN
,,,          NaN,,,,          NaN,         NaN
,,,          NaN,,,,          NaN,         NaN
,,,          NaN,,,,          NaN,         NaN
,,,          NaN,,,,          NaN,         NaN
,,,          NaN,,,,          NaN,         NaN
,,,          NaN,,,,          NaN,         NaN
,,,          NaN,,,,          NaN,         NaN
,,,          NaN,,,,          NaN,         NaN
,,,          NaN,,,,          NaN,         NaN
,,,          NaN,,,,          NaN,         NaN
,,,          NaN,,,,          NaN,         NaN
,,,          NaN,,,,          NaN,         NaN
,,,          NaN,,,,          NaN,         NaN
,,,          NaN,,,,          NaN,         NaN
,,,          NaN,,,,          NaN,         NaN
,,,          NaN,,,,          NaN,         NaN
,,,          NaN,,,,          NaN,         NaN
,,,          NaN,,,,          NaN,         NaN
,,,          NaN,,,,          NaN,         NaN
,,,          NaN,,,,          NaN,         NaN
,,,          NaN,,,,          NaN,         NaN
,,,          NaN,,,,          NaN,         NaN
,,,          NaN,,,,          NaN,         NaN
,,,          NaN,,,,          NaN,         NaN
,,,          NaN,,,,          NaN,         NaN
,,,          NaN,,,,          NaN,         NaN
,,,          NaN,,,,          NaN,         NaN
,,,          NaN,,,,          NaN,         NaN
,,,          NaN,,,,          NaN,         NaN
,,,          NaN,,,,          NaN,         NaN
,,,          NaN,,,,          NaN,         NaN
,,,          NaN,,,,          NaN,         NaN
,,,          NaN,,,,          NaN,         NaN
,,,          NaN,,,,          NaN,         NaN
,,,          NaN,,,,          NaN,         NaN
,,,          NaN,,,,          NaN,         NaN
,,,          NaN,,,,          NaN,         NaN
,,,          NaN,,,,          NaN,         NaN
,,,          NaN,,,,          NaN,         NaN
,,,          NaN,,,,          NaN,         NaN
,,,          NaN,,,,          NaN,         NaN
,,,          NaN,,,,          NaN,         NaN
,,,          NaN,,,,          NaN,         NaN
,,,          NaN,,,,          NaN,         NaN
,,,          NaN,,,,          NaN,         NaN
,,,          NaN,,,,          NaN,         NaN
,,,          NaN,,,,          NaN,         NaN
,,,          NaN,,,,          NaN,         NaN
,,,          NaN,,,,          NaN,         NaN
,,,          NaN,,,,          NaN,         NaN
,,,          NaN,,,,          NaN,         NaN
,,,          NaN,,,,          NaN,         NaN
,,,          NaN,,,,          NaN,         NaN
,,,          NaN,,,,          NaN,         NaN
,,,          NaN,,,,          NaN,         NaN
,,,          NaN,,,,          NaN,         NaN
,,,          NaN,,,,          NaN,         NaN
,,,          NaN,,,,          NaN,         NaN
,,,          NaN,,,,          NaN,         NaN
,,,          NaN,,,,          NaN,         NaN
,,,          NaN,,,,          NaN,         NaN
,,,          NaN,,,,          NaN,         NaN
,,,          NaN,,,,          NaN,         NaN
,,,          NaN,,,,          NaN,         NaN
,,,          NaN,,,,          NaN,         NaN
,,,          NaN,,,,          NaN,         NaN
,,,          NaN,,,,          NaN,         NaN
,,,          NaN,,,,          NaN,         NaN
,,,          NaN,,,,          NaN,         NaN
,,,          NaN,,,,          NaN,         NaN
,,,          NaN,,,,          NaN,         NaN
,,,          NaN,,,,          NaN,         NaN
,,,          NaN,,,,          NaN,         NaN
,,,          NaN,,,,          NaN,         NaN
,,,          NaN,,,,          NaN,         NaN
,,,          NaN,,,,          NaN,         NaN
,,,          NaN,,,,          NaN,         NaN
,,,          NaN,,,,          NaN,         NaN
,,,          NaN,,,,          NaN,         NaN
,,,          NaN,,,,          NaN,         NaN
,,,          NaN,,,,          NaN,         NaN
,,,          NaN,,,,          NaN,         NaN
,,,          NaN,,,,          NaN,         NaN
,,,          NaN,,,,          NaN,         NaN
,,,          NaN,,,,          NaN,         NaN
,,,          NaN,,,,          NaN,         NaN
,,,          NaN,,,,          NaN,         NaN
,,,          NaN,,,,          NaN,         NaN
,,,          NaN,,,,          NaN,         NaN
,,,          NaN,,,,          NaN,         NaN
,,,          NaN,,,,          NaN,         NaN
,,,          NaN,,,,          NaN,         NaN
,,,          NaN,,,,          NaN,         NaN
,,,          NaN,,,,          NaN,         NaN
,,,          NaN,,,,          NaN,         NaN
,,,          NaN,,,,          NaN,         NaN
,,,          NaN,,,,          NaN,         NaN
,,,          NaN,,,,          NaN,         NaN
,,,          NaN,,,,          NaN,         NaN
,,,          NaN,,,,          NaN,         NaN
,,,          NaN,,,,          NaN,         NaN
,,,          NaN,,,,          NaN,         NaN
,,,          NaN,,,,          NaN,         NaN
,,,          NaN,,,,          NaN,         NaN
,,,          NaN,,,,          NaN,         NaN
,,,          NaN,,,,          NaN,         NaN
,,,          NaN,,,,          NaN,         NaN
,,,          NaN,,,,          NaN,         NaN
,,,          NaN,,,,          NaN,         NaN
,,,          NaN,,,,          NaN,         NaN
,,,          NaN,,,,          NaN,         NaN
,,,          NaN,,,,          NaN,         NaN
,,,          NaN,,,,          NaN,         NaN
,,,          NaN,,,,          NaN,         NaN
,,,          NaN,,,,          NaN,         NaN
,,,          NaN,,,,          NaN,         NaN
,,,          NaN,,,,          NaN,         NaN
,,,          NaN,,,,          NaN,         NaN
,,,          NaN,,,,          NaN,         NaN
,,,          NaN,,,,          NaN,         NaN
,,,          NaN,,,,          NaN,         NaN
,,,          NaN,,,,          NaN,         NaN
,,,          NaN,,,,          NaN,         NaN
,,,          NaN,,,,          NaN,         NaN
,,,          NaN,,,,          NaN,         NaN
,,,          NaN,,,,          NaN,         NaN
,,,          NaN,,,,          NaN,         NaN
,,,          NaN,,,,          NaN,         NaN
,,,          NaN,,,,          NaN,         NaN
,,,          NaN,,,,          NaN,         NaN
,,,          NaN,,,,          NaN,         NaN
,,,          NaN,,,,          NaN,         NaN
,,,          NaN,,,,          NaN,         NaN
,,,          NaN,,,,          NaN,         NaN
,,,          NaN,,,,          NaN,         NaN
,,,          NaN,,,,          NaN,         NaN
,,,          NaN,,,,          NaN,         NaN
,,,          NaN,,,,          NaN,         NaN
,,,          NaN,,,,          NaN,         NaN
,,,          NaN,,,,          NaN,         NaN
,,,          NaN,,,,          NaN,         NaN
,,,          NaN,,,,          NaN,         NaN
,,,          NaN,,,,          NaN,         NaN
,,,          NaN,,,,          NaN,         NaN
,,,          NaN,,,,          NaN,         NaN
,,,          NaN,,,,          NaN,         NaN
,,,          NaN,,,,          NaN,         NaN
,,,          NaN,,,,          NaN,         NaN
,,,          NaN,,,,          NaN,         NaN
,,,          NaN,,,,          NaN,         NaN
,,,          NaN,,,,          NaN,         NaN
,,,          NaN,,,,          NaN,         NaN
,,,          NaN,,,,          NaN,         NaN
,,,          NaN,,,,          NaN,         NaN
,,,          NaN,,,,          NaN,         NaN
,,,          NaN,,,,          NaN,         NaN
,,,          NaN,,,,          NaN,         NaN
,,,          NaN,,,,          NaN,         NaN
,,,          NaN,,,,          NaN,         NaN
,,,          NaN,,,,          NaN,         NaN
,,,          NaN,,,,          NaN,         NaN
,,,          NaN,,,,          NaN,         NaN
,,,          NaN,,,,          NaN,         NaN
,,,          NaN,,,,          NaN,         NaN
,,,          NaN,,,,          NaN,         NaN
,,,          NaN,,,,          NaN,         NaN
,,,          NaN,,,,          NaN,         NaN
,,,          NaN,,,,          NaN,         NaN
,,,          NaN,,,,          NaN,         NaN
,,,          NaN,,,,          NaN,         NaN
,,,          NaN,,,,          NaN,         NaN
,,,          NaN,,,,          NaN,         NaN
,,,          NaN,,,,          NaN,         NaN
,,,          NaN,,,,          NaN,         NaN
,,,          NaN,,,,          NaN,         NaN
,,,          NaN,,,,          NaN,         NaN
,,,          NaN,,,,          NaN,         NaN
,,,          NaN,,,,          NaN,         NaN
,,,          NaN,,,,          NaN,         NaN
,,,          NaN,,,,          NaN,         NaN
,,,          NaN,,,,          NaN,         NaN
,,,          NaN,,,,          NaN,         NaN
,,,          NaN,,,,          NaN,         NaN
,,,          NaN,,,,          NaN,         NaN
,,,          NaN,,,,          NaN,         NaN
,,,          NaN,,,,          NaN,         NaN
,,,          NaN,,,,          NaN,         NaN
,,,          NaN,,,,          NaN,         NaN
,,,          NaN,,,,          NaN,         NaN
,,,          NaN,,,,          NaN,         NaN
,,,          NaN,,,,          NaN,         NaN
,,,          NaN,,,,          NaN,         NaN
,,,          NaN,,,,          NaN,         NaN
,,,          NaN,,,,          NaN,         NaN
,,,          NaN,,,,          NaN,         NaN
,,,          NaN,,,,          NaN,         NaN
,,,          NaN,,,,          NaN,         NaN
,,,          NaN,,,,          NaN,         NaN
,,,          NaN,,,,          NaN,         NaN
,,,          NaN,,,,          NaN,         NaN
,,,          NaN,,,,          NaN,         NaN
,,,          NaN,,,,          NaN,         NaN
,,,          NaN,,,,          NaN,         NaN
,,,          NaN,,,,          NaN,         NaN
,,,          NaN,,,,          NaN,         NaN
,,,          NaN,,,,          NaN,         NaN
,,,          NaN,,,,          NaN,         NaN
,,,          NaN,,,,          NaN,         NaN
,,,          NaN,,,,          NaN,         NaN
,,,          NaN,,,,          NaN,         NaN
,,,          NaN,,,,          NaN,         NaN
,,,          NaN,,,,          NaN,         NaN
,,,          NaN,,,,          NaN,         NaN
,,,          NaN,,,,          NaN,         NaN
,,,          NaN,,,,          NaN,         NaN
,,,          NaN,,,,          NaN,         NaN
,,,          NaN,,,,          NaN,         NaN
,,,          NaN,,,,          NaN,         NaN
,,,          NaN,,,,          NaN,         NaN
,,,          NaN,,,,          NaN,         NaN
,,,          NaN,,,,          NaN,         NaN
,,,          NaN,,,,          NaN,         NaN
,,,          NaN,,,,          NaN,         NaN
,,,          NaN,,,,          NaN,         NaN
,,,          NaN,,,,          NaN,         NaN
,,,          NaN,,,,          NaN,         NaN
,,,          NaN,,,,          NaN,         NaN
,,,          NaN,,,,          NaN,         NaN
,,,          NaN,,,,          NaN,         NaN
,,,          NaN,,,,          NaN,         NaN
,,,          NaN,,,,          NaN,         NaN
,,,          NaN,,,,          NaN,         NaN
,,,          NaN,,,,          NaN,         NaN
,,,          NaN,,,,          NaN,         NaN
,,,          NaN,,,,          NaN,         NaN
,,,          NaN,,,,          NaN,         NaN
,,,          NaN,,,,          NaN,         NaN
,,,          NaN,,,,          NaN,         NaN
,,,          NaN,,,,          NaN,         NaN
,,,          NaN,,,,          NaN,         NaN
,,,          NaN,,,,          NaN,         NaN
,,,          NaN,,,,          NaN,         NaN
,,,          NaN,,,,          NaN,         NaN
,,,          NaN,,,,          NaN,         NaN
,,,          NaN,,,,          NaN,         NaN
,,,          NaN,,,,          NaN,         NaN
,,,          NaN,,,,          NaN,         NaN
,,,          NaN,,,,          NaN,         NaN
,,,          NaN,,,,          NaN,         NaN
,,,          NaN,,,,          NaN,         NaN
,,,          NaN,,,,          NaN,         NaN
,,,          NaN,,,,          NaN,         NaN
,,,          NaN,,,,          NaN,         NaN
,,,          NaN,,,,          NaN,         NaN
,,,          NaN,,,,          NaN,         NaN
,,,          NaN,,,,          NaN,         NaN
,,,          NaN,,,,          NaN,         NaN
,,,          NaN,,,,          NaN,         NaN
,,,          NaN,,,,          NaN,         NaN
,,,          NaN,,,,          NaN,         NaN
,,,          NaN,,,,          NaN,         NaN
,,,          NaN,,,,          NaN,         NaN
,,,          NaN,,,,          NaN,         NaN
,,,          NaN,,,,          NaN,         NaN
,,,          NaN,,,,          NaN,         NaN
,,,          NaN,,,,          NaN,         NaN
,,,          NaN,,,,          NaN,         NaN
,,,          NaN,,,,          NaN,         NaN
,,,          NaN,,,,          NaN,         NaN
,,,          NaN,,,,          NaN,         NaN
,,,          NaN,,,,          NaN,         NaN
,,,          NaN,,,,          NaN,         NaN
,,,          NaN,,,,          NaN,         NaN
,,,          NaN,,,,          NaN,         NaN
,,,          NaN,,,,          NaN,         NaN
,,,          NaN,,,,          NaN,         NaN
,,,          NaN,,,,          NaN,         NaN
,,,          NaN,,,,          NaN,         NaN
,,,          NaN,,,,          NaN,         NaN
,,,          NaN,,,,          NaN,         NaN
,,,          NaN,,,,          NaN,         NaN
,,,          NaN,,,,          NaN,         NaN
,,,          NaN,,,,          NaN,         NaN
,,,          NaN,,,,          NaN,         NaN
,,,          NaN,,,,          NaN,         NaN
,,,          NaN,,,,          NaN,         NaN
,,,          NaN,,,,          NaN,         NaN
,,,          NaN,,,,          NaN,         NaN
,,,          NaN,,,,          NaN,         NaN
,,,          NaN,,,,          NaN,         NaN
,,,          NaN,,,,          NaN,         NaN
,,,          NaN,,,,          NaN,         NaN
,,,          NaN,,,,          NaN,         NaN
,,,          NaN,,,,          NaN,         NaN
,,,          NaN,,,,          NaN,         NaN
,,,          NaN,,,,          NaN,         NaN
,,,          NaN,,,,          NaN,         NaN
,,,          NaN,,,,          NaN,         NaN
,,,          NaN,,,,          NaN,         NaN
,,,          NaN,,,,          NaN,         NaN
,,,          NaN,,,,          NaN,         NaN
,,,          NaN,,,,          NaN,         NaN
,,,          NaN,,,,          NaN,         NaN
,,,          NaN,,,,          NaN,         NaN
,,,          NaN,,,,          NaN,         NaN
,,,          NaN,,,,          NaN,         NaN
,,,          NaN,,,,          NaN,         NaN
,,,          NaN,,,,          NaN,         NaN
,,,          NaN,,,,          NaN,         NaN
,,,          NaN,,,,          NaN,         NaN
,,,          NaN,,,,          NaN,         NaN
,,,          NaN,,,,          NaN,         NaN
,,,          NaN,,,,          NaN,         NaN
,,,          NaN,,,,          NaN,         NaN
,,,          NaN,,,,          NaN,         NaN
,,,          NaN,,,,          NaN,         NaN
,,,          NaN,,,,          NaN,         NaN
,,,          NaN,,,,          NaN,         NaN
,,,          NaN,,,,          NaN,         NaN
,,,          NaN,,,,          NaN,         NaN
,,,          NaN,,,,          NaN,         NaN
,,,          NaN,,,,          NaN,         NaN
,,,          NaN,,,,          NaN,         NaN
,,,          NaN,,,,          NaN,         NaN
,,,          NaN,,,,          NaN,         NaN
,,,          NaN,,,,          NaN,         NaN
,,,          NaN,,,,          NaN,         NaN
,,,          NaN,,,,          NaN,         NaN
,,,          NaN,,,,          NaN,         NaN
,,,          NaN,,,,          NaN,         NaN
,,,          NaN,,,,          NaN,         NaN
,,,          NaN,,,,          NaN,         NaN
,,,          NaN,,,,          NaN,         NaN
,,,          NaN,,,,          NaN,         NaN
,,,          NaN,,,,          NaN,         NaN
,,,          NaN,,,,          NaN,         NaN
,,,          NaN,,,,          NaN,         NaN
,,,          NaN,,,,          NaN,         NaN
,,,          NaN,,,,          NaN,         NaN
,,,          NaN,,,,          NaN,         NaN
,,,          NaN,,,,          NaN,         NaN
,,,          NaN,,,,          NaN,         NaN
,,,          NaN,,,,          NaN,         NaN
,,,          NaN,,,,          NaN,         NaN
,,,          NaN,,,,          NaN,         NaN
,,,          NaN,,,,          NaN,         NaN
,,,          NaN,,,,          NaN,         NaN
,,,          NaN,,,,          NaN,         NaN
,,,          NaN,,,,          NaN,         NaN
,,,          NaN,,,,          NaN,         NaN
,,,          NaN,,,,          NaN,         NaN
,,,          NaN,,,,          NaN,         NaN
,,,          NaN,,,,          NaN,         NaN
,,,          NaN,,,,          NaN,         NaN
,,,          NaN,,,,          NaN,         NaN
,,,          NaN,,,,          NaN,         NaN
,,,          NaN,,,,          NaN,         NaN
,,,          NaN,,,,          NaN,         NaN
,,,          NaN,,,,          NaN,         NaN
,,,          NaN,,,,          NaN,         NaN
,,,          NaN,,,,          NaN,         NaN
,,,          NaN,,,,          NaN,         NaN
,,,          NaN,,,,          NaN,         NaN
,,,          NaN,,,,          NaN,         NaN
,,,          NaN,,,,          NaN,         NaN
,,,          NaN,,,,          NaN,         NaN
,,,          NaN,,,,          NaN,         NaN
,,,          NaN,,,,          NaN,         NaN
,,,          NaN,,,,          NaN,         NaN
,,,          NaN,,,,          NaN,         NaN
,,,          NaN,,,,          NaN,         NaN
,,,          NaN,,,,          NaN,         NaN
,,,          NaN,,,,          NaN,         NaN
,,,          NaN,,,,          NaN,         NaN
,,,          NaN,,,,          NaN,         NaN
,,,          NaN,,,,          NaN,         NaN
,,,          NaN,,,,          NaN,         NaN
,,,          NaN,,,,          NaN,         NaN
,,,          NaN,,,,          NaN,         NaN
,,,          NaN,,,,          NaN,         NaN
,,,          NaN,,,,          NaN,         NaN
,,,          NaN,,,,          NaN,         NaN
,,,          NaN,,,,          NaN,         NaN
,,,          NaN,,,,          NaN,         NaN
,,,          NaN,,,,          NaN,         NaN
,,,          NaN,,,,          NaN,         NaN
,,,          NaN,,,,          NaN,         NaN
,,,          NaN,,,,          NaN,         NaN
,,,          NaN,,,,          NaN,         NaN
,,,          NaN,,,,          NaN,         NaN
,,,          NaN,,,,          NaN,         NaN
,,,          NaN,,,,          NaN,         NaN
,,,          NaN,,,,          NaN,         NaN
,,,          NaN,,,,          NaN,         NaN
,,,          NaN,,,,          NaN,         NaN
,,,          NaN,,,,          NaN,         NaN
,,,          NaN,,,,          NaN,         NaN
,,,          NaN,,,,          NaN,         NaN
,,,          NaN,,,,          NaN,         NaN
,,,          NaN,,,,          NaN,         NaN
,,,          NaN,,,,          NaN,         NaN
,,,          NaN,,,,          NaN,         NaN
,,,          NaN,,,,          NaN,         NaN
,,,          NaN,,,,          NaN,         NaN
,,,          NaN,,,,          NaN,         NaN
,,,          NaN,,,,          NaN,         NaN
,,,          NaN,,,,          NaN,         NaN
,,,          NaN,,,,          NaN,         NaN
,,,          NaN,,,,          NaN,         NaN
,,,          NaN,,,,          NaN,         NaN
,,,          NaN,,,,          NaN,         NaN
,,,          NaN,,,,          NaN,         NaN
,,,          NaN,,,,          NaN,         NaN
,,,          NaN,,,,          NaN,         NaN
,,,          NaN,,,,          NaN,         NaN
,,,          NaN,,,,          NaN,         NaN
,,,          NaN,,,,          NaN,         NaN
,,,          NaN,,,,          NaN,         NaN
,,,          NaN,,,,          NaN,         NaN
,,,          NaN,,,,          NaN,         NaN
,,,          NaN,,,,          NaN,         NaN
,,,          NaN,,,,          NaN,         NaN
,,,          NaN,,,,          NaN,         NaN
,,,          NaN,,,,          NaN,         NaN
,,,          NaN,,,,          NaN,         NaN
,,,          NaN,,,,          NaN,         NaN
,,,          NaN,,,,          NaN,         NaN
,,,          NaN,,,,          NaN,         NaN
,,,          NaN,,,,          NaN,         NaN
,,,          NaN,,,,          NaN,         NaN
,,,          NaN,,,,          NaN,         NaN
,,,          NaN,,,,          NaN,         NaN
,,,          NaN,,,,          NaN,         NaN
,,,          NaN,,,,          NaN,         NaN
,,,          NaN,,,,          NaN,         NaN
,,,          NaN,,,,          NaN,         NaN
,,,          NaN,,,,          NaN,         NaN
,,,          NaN,,,,          NaN,         NaN
,,,          NaN,,,,          NaN,         NaN
,,,          NaN,,,,          NaN,         NaN
,,,          NaN,,,,          NaN,         NaN
,,,          NaN,,,,          NaN,         NaN
,,,          NaN,,,,          NaN,         NaN
,,,          NaN,,,,          NaN,         NaN
,,,          NaN,,,,          NaN,         NaN
,,,          NaN,,,,          NaN,         NaN
,,,          NaN,,,,          NaN,         NaN
,,,          NaN,,,,          NaN,         NaN
,,,          NaN,,,,          NaN,         NaN
,,,          NaN,,,,          NaN,         NaN
,,,          NaN,,,,          NaN,         NaN
,,,          NaN,,,,          NaN,         NaN
,,,          NaN,,,,          NaN,         NaN
,,,          NaN,,,,          NaN,         NaN
,,,          NaN,,,,          NaN,         NaN
,,,          NaN,,,,          NaN,         NaN
,,,          NaN,,,,          NaN,         NaN
,,,          NaN,,,,          NaN,         NaN
,,,          NaN,,,,          NaN,         NaN
,,,          NaN,,,,          NaN,         NaN
,,,          NaN,,,,          NaN,         NaN
,,,          NaN,,,,          NaN,         NaN
,,,          NaN,,,,          NaN,         NaN
,,,          NaN,,,,          NaN,         NaN
,,,          NaN,,,,          NaN,         NaN
,,,          NaN,,,,          NaN,         NaN
,,,          NaN,,,,          NaN,         NaN
,,,          NaN,,,,          NaN,         NaN
,,,          NaN,,,,          NaN,         NaN
,,,          NaN,,,,          NaN,         NaN
,,,          NaN,,,,          NaN,         NaN
,,,          NaN,,,,          NaN,         NaN
,,,          NaN,,,,          NaN,         NaN
,,,          NaN,,,,          NaN,         NaN
,,,          NaN,,,,          NaN,         NaN
,,,          NaN,,,,          NaN,         NaN
,,,          NaN,,,,          NaN,         NaN
,,,          NaN,,,,          NaN,         NaN
,,,          NaN,,,,          NaN,         NaN
,,,          NaN,,,,          NaN,         NaN
,,,          NaN,,,,          NaN,         NaN
,,,          NaN,,,,          NaN,         NaN
,,,          NaN,,,,          NaN,         NaN
,,,          NaN,,,,          NaN,         NaN
,,,          NaN,,,,          NaN,         NaN
,,,          NaN,,,,          NaN,         NaN
,,,          NaN,,,,          NaN,         NaN
,,,          NaN,,,,          NaN,         NaN
,,,          NaN,,,,          NaN,         NaN
,,,          NaN,,,,          NaN,         NaN
,,,          NaN,,,,          NaN,         NaN
,,,          NaN,,,,          NaN,         NaN
,,,          NaN,,,,          NaN,         NaN
,,,          NaN,,,,          NaN,         NaN
,,,          NaN,,,,          NaN,         NaN
,,,          NaN,,,,          NaN,         NaN
,,,          NaN,,,,          NaN,         NaN
,,,          NaN,,,,          NaN,         NaN
,,,          NaN,,,,          NaN,         NaN
,,,          NaN,,,,          NaN,         NaN
,,,          NaN,,,,          NaN,         NaN
,,,          NaN,,,,          NaN,         NaN
,,,          NaN,,,,          NaN,         NaN
,,,          NaN,,,,          NaN,         NaN
,,,          NaN,,,,          NaN,         NaN
,,,          NaN,,,,          NaN,         NaN
,,,          NaN,,,,          NaN,         NaN
,,,          NaN,,,,          NaN,         NaN
,,,          NaN,,,,          NaN,         NaN
,,,          NaN,,,,          NaN,         NaN
,,,          NaN,,,,          NaN,         NaN
,,,          NaN,,,,          NaN,         NaN
,,,          NaN,,,,          NaN,         NaN
,,,          NaN,,,,          NaN,         NaN
,,,          NaN,,,,          NaN,         NaN
,,,          NaN,,,,          NaN,         NaN
,,,          NaN,,,,          NaN,         NaN
,,,          NaN,,,,          NaN,         NaN
,,,          NaN,,,,          NaN,         NaN
,,,          NaN,,,,          NaN,         NaN
,,,          NaN,,,,          NaN,         NaN
,,,          NaN,,,,          NaN,         NaN
,,,          NaN,,,,          NaN,         NaN
,,,          NaN,,,,          NaN,         NaN
,,,          NaN,,,,          NaN,         NaN
,,,          NaN,,,,          NaN,         NaN
,,,          NaN,,,,          NaN,         NaN
,,,          NaN,,,,          NaN,         NaN
,,,          NaN,,,,          NaN,         NaN
,,,          NaN,,,,          NaN,         NaN
,,,          NaN,,,,          NaN,         NaN
,,,          NaN,,,,          NaN,         NaN
,,,          NaN,,,,          NaN,         NaN
,,,          NaN,,,,          NaN,         NaN
,,,          NaN,,,,          NaN,         NaN
,,,          NaN,,,,          NaN,         NaN
,,,          NaN,,,,          NaN,         NaN
,,,          NaN,,,,          NaN,         NaN
,,,          NaN,,,,          NaN,         NaN
,,,          NaN,,,,          NaN,         NaN
,,,          NaN,,,,          NaN,         NaN
,,,          NaN,,,,          NaN,         NaN
,,,          NaN,,,,          NaN,         NaN
,,,          NaN,,,,          NaN,         NaN
,,,          NaN,,,,          NaN,         NaN
,,,          NaN,,,,          NaN,         NaN
,,,          NaN,,,,          NaN,         NaN
,,,          NaN,,,,          NaN,         NaN
,,,          NaN,,,,          NaN,         NaN
,,,          NaN,,,,          NaN,         NaN
,,,          NaN,,,,          NaN,         NaN
,,,          NaN,,,,          NaN,         NaN
,,,          NaN,,,,          NaN,         NaN
,,,          NaN,,,,          NaN,         NaN
,,,          NaN,,,,          NaN,         NaN
,,,          NaN,,,,          NaN,         NaN
,,,          NaN,,,,          NaN,         NaN
,,,          NaN,,,,          NaN,         NaN
,,,          NaN,,,,          NaN,         NaN
,,,          NaN,,,,          NaN,         NaN
,,,          NaN,,,,          NaN,         NaN
,,,          NaN,,,,          NaN,         NaN
,,,          NaN,,,,          NaN,         NaN
,,,          NaN,,,,          NaN,         NaN
,,,          NaN,,,,          NaN,         NaN
,,,          NaN,,,,          NaN,         NaN
,,,          NaN,,,,          NaN,         NaN
,,,          NaN,,,,          NaN,         NaN
,,,          NaN,,,,          NaN,         NaN
,,,          NaN,,,,          NaN,         NaN
,,,          NaN,,,,          NaN,         NaN
,,,          NaN,,,,          NaN,         NaN
,,,          NaN,,,,          NaN,         NaN
,,,          NaN,,,,          NaN,         NaN
,,,          NaN,,,,          NaN,         NaN
,,,          NaN,,,,          NaN,         NaN
,,,          NaN,,,,          NaN,         NaN
,,,          NaN,,,,          NaN,         NaN
,,,          NaN,,,,          NaN,         NaN
,,,          NaN,,,,          NaN,         NaN
,,,          NaN,,,,          NaN,         NaN
,,,          NaN,,,,          NaN,         NaN
,,,          NaN,,,,          NaN,         NaN
,,,          NaN,,,,          NaN,         NaN
,,,          NaN,,,,          NaN,         NaN
,,,          NaN,,,,          NaN,         NaN
,,,          NaN,,,,          NaN,         NaN
,,,          NaN,,,,          NaN,         NaN
,,,          NaN,,,,          NaN,         NaN
,,,          NaN,,,,          NaN,         NaN
,,,          NaN,,,,          NaN,         NaN
,,,          NaN,,,,          NaN,         NaN
,,,          NaN,,,,          NaN,         NaN
,,,          NaN,,,,          NaN,         NaN
,,,          NaN,,,,          NaN,         NaN
,,,          NaN,,,,          NaN,         NaN
,,,          NaN,,,,          NaN,         NaN
,,,          NaN,,,,          NaN,         NaN
,,,          NaN,,,,          NaN,         NaN
,,,          NaN,,,,          NaN,         NaN
,,,          NaN,,,,          NaN,         NaN
,,,          NaN,,,,          NaN,         NaN
,,,          NaN,,,,          NaN,         NaN
,,,          NaN,,,,          NaN,         NaN
,,,          NaN,,,,          NaN,         NaN
,,,          NaN,,,,          NaN,         NaN
,,,          NaN,,,,          NaN,         NaN
,,,          NaN,,,,          NaN,         NaN
,,,          NaN,,,,          NaN,         NaN
,,,          NaN,,,,          NaN,         NaN
,,,          NaN,,,,          NaN,         NaN
,,,          NaN,,,,          NaN,         NaN
,,,          NaN,,,,          NaN,         NaN
,,,          NaN,,,,          NaN,         NaN
,,,          NaN,,,,          NaN,         NaN
,,,          NaN,,,,          NaN,         NaN
,,,          NaN,,,,          NaN,         NaN
,,,          NaN,,,,          NaN,         NaN
,,,          NaN,,,,          NaN,         NaN
,,,          NaN,,,,          NaN,         NaN
,,,          NaN,,,,          NaN,         NaN
,,,          NaN,,,,          NaN,         NaN
,,,          NaN,,,,          NaN,         NaN
,,,          NaN,,,,          NaN,         NaN
,,,          NaN,,,,          NaN,         NaN
,,,          NaN,,,,          NaN,         NaN
,,,          NaN,,,,          NaN,         NaN
,,,          NaN,,,,          NaN,         NaN
,,,          NaN,,,,          NaN,         NaN
,,,          NaN,,,,          NaN,         NaN
,,,          NaN,,,,          NaN,         NaN
,,,          NaN,,,,          NaN,         NaN
,,,          NaN,,,,          NaN,         NaN
,,,          NaN,,,,          NaN,         NaN
,,,          NaN,,,,          NaN,         NaN
,,,          NaN,,,,          NaN,         NaN
,,,          NaN,,,,          NaN,         NaN
,,,          NaN,,,,          NaN,         NaN
,,,          NaN,,,,          NaN,         NaN
,,,          NaN,,,,          NaN,         NaN
,,,          NaN,,,,          NaN,         NaN
,,,          NaN,,,,          NaN,         NaN
,,,          NaN,,,,          NaN,         NaN
,,,          NaN,,,,          NaN,         NaN
,,,          NaN,,,,          NaN,         NaN
,,,          NaN,,,,          NaN,         NaN
,,,          NaN,,,,          NaN,         NaN
,,,          NaN,,,,          NaN,         NaN
,,,          NaN,,,,          NaN,         NaN
,,,          NaN,,,,          NaN,         NaN
,,,          NaN,,,,          NaN,         NaN
,,,          NaN,,,,          NaN,         NaN
,,,          NaN,,,,          NaN,         NaN
,,,          NaN,,,,          NaN,         NaN
,,,          NaN,,,,          NaN,         NaN
,,,          NaN,,,,          NaN,         NaN
,,,          NaN,,,,          NaN,         NaN
,,,          NaN,,,,          NaN,         NaN
,,,          NaN,,,,          NaN,         NaN
,,,          NaN,,,,          NaN,         NaN
,,,          NaN,,,,          NaN,         NaN
,,,          NaN,,,,          NaN,         NaN
,,,          NaN,,,,          NaN,         NaN
,,,          NaN,,,,          NaN,         NaN
,,,          NaN,,,,          NaN,         NaN
,,,          NaN,,,,          NaN,         NaN
,,,          NaN,,,,          NaN,         NaN
,,,          NaN,,,,          NaN,         NaN
,,,          NaN,,,,          NaN,         NaN
,,,          NaN,,,,          NaN,         NaN
,,,          NaN,,,,          NaN,         NaN
,,,          NaN,,,,          NaN,         NaN
,,,          NaN,,,,          NaN,         NaN
,,,          NaN,,,,          NaN,         NaN
,,,          NaN,,,,          NaN,         NaN
,,,          NaN,,,,          NaN,         NaN
,,,          NaN,,,,          NaN,         NaN
,,,          NaN,,,,          NaN,         NaN
,,,          NaN,,,,          NaN,         NaN
,,,          NaN,,,,          NaN,         NaN
,,,          NaN,,,,          NaN,         NaN
,,,          NaN,,,,          NaN,         NaN
,,,          NaN,,,,          NaN,         NaN
,,,          NaN,,,,          NaN,         NaN
,,,          NaN,,,,          NaN,         NaN
,,,          NaN,,,,          NaN,         NaN
,,,          NaN,,,,          NaN,         NaN
,,,          NaN,,,,          NaN,         NaN
,,,          NaN,,,,          NaN,         NaN
,,,          NaN,,,,          NaN,         NaN
,,,          NaN,,,,          NaN,         NaN
,,,          NaN,,,,          NaN,         NaN
,,,          NaN,,,,          NaN,         NaN
,,,          NaN,,,,          NaN,         NaN
,,,          NaN,,,,          NaN,         NaN
,,,          NaN,,,,          NaN,         NaN
,,,          NaN,,,,          NaN,         NaN
,,,          NaN,,,,          NaN,         NaN
,,,          NaN,,,,          NaN,         NaN
,,,          NaN,,,,          NaN,         NaN
,,,          NaN,,,,          NaN,         NaN
,,,          NaN,,,,          NaN,         NaN
,,,          NaN,,,,          NaN,         NaN
,,,          NaN,,,,          NaN,         NaN
,,,          NaN,,,,          NaN,         NaN
,,,          NaN,,,,          NaN,         NaN
,,,          NaN,,,,          NaN,         NaN
,,,          NaN,,,,          NaN,         NaN
,,,          NaN,,,,          NaN,         NaN
,,,          NaN,,,,          NaN,         NaN
,,,          NaN,,,,          NaN,         NaN
,,,          NaN,,,,          NaN,         NaN
,,,          NaN,,,,          NaN,         NaN
,,,          NaN,,,,          NaN,         NaN
,,,          NaN,,,,          NaN,         NaN
,,,          NaN,,,,          NaN,         NaN
,,,          NaN,,,,          NaN,         NaN
,,,          NaN,,,,          NaN,         NaN
,,,          NaN,,,,          NaN,         NaN
,,,          NaN,,,,          NaN,         NaN
,,,          NaN,,,,          NaN,         NaN
,,,          NaN,,,,          NaN,         NaN
,,,          NaN,,,,          NaN,         NaN
,,,          NaN,,,,          NaN,         NaN
,,,          NaN,,,,          NaN,         NaN
,,,          NaN,,,,          NaN,         NaN
,,,          NaN,,,,          NaN,         NaN
,,,          NaN,,,,          NaN,         NaN
,,,          NaN,,,,          NaN,         NaN
,,,          NaN,,,,          NaN,         NaN
,,,          NaN,,,,          NaN,         NaN
,,,          NaN,,,,          NaN,         NaN
,,,          NaN,,,,          NaN,         NaN
,,,          NaN,,,,          NaN,         NaN
,,,          NaN,,,,          NaN,         NaN
,,,          NaN,,,,          NaN,         NaN
,,,          NaN,,,,          NaN,         NaN
,,,          NaN,,,,          NaN,         NaN
,,,          NaN,,,,          NaN,         NaN
,,,          NaN,,,,          NaN,         NaN
,,,          NaN,,,,          NaN,         NaN
,,,          NaN,,,,          NaN,         NaN
,,,          NaN,,,,          NaN,         NaN
,,,          NaN,,,,          NaN,         NaN
,,,          NaN,,,,          NaN,         NaN
,,,          NaN,,,,          NaN,         NaN
,,,          NaN,,,,          NaN,         NaN
,,,          NaN,,,,          NaN,         NaN
,,,          NaN,,,,          NaN,         NaN
,,,          NaN,,,,          NaN,         NaN
,,,          NaN,,,,          NaN,         NaN
,,,          NaN,,,,          NaN,         NaN
,,,          NaN,,,,          NaN,         NaN
,,,          NaN,,,,          NaN,         NaN
,,,          NaN,,,,          NaN,         NaN
,,,          NaN,,,,          NaN,         NaN
,,,          NaN,,,,          NaN,         NaN
,,,          NaN,,,,          NaN,         NaN
,,,          NaN,,,,          NaN,         NaN
,,,          NaN,,,,          NaN,         NaN
,,,          NaN,,,,          NaN,         NaN
,,,          NaN,,,,          NaN,         NaN
,,,          NaN,,,,          NaN,         NaN
,,,          NaN,,,,          NaN,         NaN
,,,          NaN,,,,          NaN,         NaN
,,,          NaN,,,,          NaN,         NaN
,,,          NaN,,,,          NaN,         NaN
,,,          NaN,,,,          NaN,         NaN
,,,          NaN,,,,          NaN,         NaN
,,,          NaN,,,,          NaN,         NaN
,,,          NaN,,,,          NaN,         NaN
,,,          NaN,,,,          NaN,         NaN
,,,          NaN,,,,          NaN,         NaN
,,,          NaN,,,,          NaN,         NaN
,,,          NaN,,,,          NaN,         NaN
,,,          NaN,,,,          NaN,         NaN
,,,          NaN,,,,          NaN,         NaN
,,,          NaN,,,,          NaN,         NaN
,,,          NaN,,,,          NaN,         NaN
,,,          NaN,,,,          NaN,         NaN
,,,          NaN,,,,          NaN,         NaN
,,,          NaN,,,,          NaN,         NaN
,,,          NaN,,,,          NaN,         NaN
,,,          NaN,,,,          NaN,         NaN
,,,          NaN,,,,          NaN,         NaN
,,,          NaN,,,,          NaN,         NaN
,,,          NaN,,,,          NaN,         NaN
,,,          NaN,,,,          NaN,         NaN
,,,          NaN,,,,          NaN,         NaN
,,,          NaN,,,,          NaN,         NaN
,,,          NaN,,,,          NaN,         NaN
,,,          NaN,,,,          NaN,         NaN
,,,          NaN,,,,          NaN,         NaN
,,,          NaN,,,,          NaN,         NaN
,,,          NaN,,,,          NaN,         NaN
,,,          NaN,,,,          NaN,         NaN
,,,          NaN,,,,          NaN,         NaN
,,,          NaN,,,,          NaN,         NaN
,,,          NaN,,,,          NaN,         NaN
,,,          NaN,,,,          NaN,         NaN
,,,          NaN,,,,          NaN,         NaN
,,,          NaN,,,,          NaN,         NaN
,,,          NaN,,,,          NaN,         NaN
,,,          NaN,,,,          NaN,         NaN
,,,          NaN,,,,          NaN,         NaN
,,,          NaN,,,,          NaN,         NaN
,,,          NaN,,,,          NaN,         NaN
,,,          NaN,,,,          NaN,         NaN
,,,          NaN,,,,          NaN,         NaN
,,,          NaN,,,,          NaN,         NaN
,,,          NaN,,,,          NaN,         NaN
,,,          NaN,,,,          NaN,         NaN
,,,          NaN,,,,          NaN,         NaN
,,,          NaN,,,,          NaN,         NaN
,,,          NaN,,,,          NaN,         NaN
,,,          NaN,,,,          NaN,         NaN
,,,          NaN,,,,          NaN,         NaN
,,,          NaN,,,,          NaN,         NaN
,,,          NaN,,,,          NaN,         NaN
,,,          NaN,,,,          NaN,         NaN
,,,          NaN,,,,          NaN,         NaN
,,,          NaN,,,,          NaN,         NaN
,,,          NaN,,,,          NaN,         NaN
,,,          NaN,,,,          NaN,         NaN
,,,          NaN,,,,          NaN,         NaN
,,,          NaN,,,,          NaN,         NaN
,,,          NaN,,,,          NaN,         NaN
,,,          NaN,,,,          NaN,         NaN
,,,          NaN,,,,          NaN,         NaN
,,,          NaN,,,,          NaN,         NaN
,,,          NaN,,,,          NaN,         NaN
,,,          NaN,,,,          NaN,         NaN
,,,          NaN,,,,          NaN,         NaN
,,,          NaN,,,,          NaN,         NaN
,,,          NaN,,,,          NaN,         NaN
,,,          NaN,,,,          NaN,         NaN
,,,          NaN,,,,          NaN,         NaN
,,,          NaN,,,,          NaN,         NaN
,,,          NaN,,,,          NaN,         NaN
,,,          NaN,,,,          NaN,         NaN
,,,          NaN,,,,          NaN,         NaN
,,,          NaN,,,,          NaN,         NaN
,,,          NaN,,,,          NaN,         NaN
,,,          NaN,,,,          NaN,         NaN
,,,          NaN,,,,          NaN,         NaN
,,,          NaN,,,,          NaN,         NaN
,,,          NaN,,,,          NaN,         NaN
,,,          NaN,,,,          NaN,         NaN
,,,          NaN,,,,          NaN,         NaN
,,,          NaN,,,,          NaN,         NaN
,,,          NaN,,,,          NaN,         NaN
,,,          NaN,,,,          NaN,         NaN
,,,          NaN,,,,          NaN,         NaN
,,,          NaN,,,,          NaN,         NaN
,,,          NaN,,,,          NaN,         NaN
,,,          NaN,,,,          NaN,         NaN
,,,          NaN,,,,          NaN,         NaN
,,,          NaN,,,,          NaN,         NaN
,,,          NaN,,,,          NaN,         NaN
,,,          NaN,,,,          NaN,         NaN
,,,          NaN,,,,          NaN,         NaN
,,,          NaN,,,,          NaN,         NaN
,,,          NaN,,,,          NaN,         NaN
,,,          NaN,,,,          NaN,         NaN
,,,          NaN,,,,          NaN,         NaN
,,,          NaN,,,,          NaN,         NaN
,,,          NaN,,,,          NaN,         NaN
,,,          NaN,,,,          NaN,         NaN
,,,          NaN,,,,          NaN,         NaN
,,,          NaN,,,,          NaN,         NaN
,,,          NaN,,,,          NaN,         NaN
,,,          NaN,,,,          NaN,         NaN
,,,          NaN,,,,          NaN,         NaN
,,,          NaN,,,,          NaN,         NaN
,,,          NaN,,,,          NaN,         NaN
,,,          NaN,,,,          NaN,         NaN
,,,          NaN,,,,          NaN,         NaN
,,,          NaN,,,,          NaN,         NaN
,,,          NaN,,,,          NaN,         NaN
,,,          NaN,,,,          NaN,         NaN
,,,          NaN,,,,          NaN,         NaN
,,,          NaN,,,,          NaN,         NaN
,,,          NaN,,,,          NaN,         NaN
,,,          NaN,,,,          NaN,         NaN
,,,          NaN,,,,          NaN,         NaN
,,,          NaN,,,,          NaN,         NaN
,,,          NaN,,,,          NaN,         NaN
,,,          NaN,,,,          NaN,         NaN
,,,          NaN,,,,          NaN,         NaN
,,,          NaN,,,,          NaN,         NaN
,,,          NaN,,,,          NaN,         NaN
,,,          NaN,,,,          NaN,         NaN
,,,          NaN,,,,          NaN,         NaN
,,,          NaN,,,,          NaN,         NaN
,,,          NaN,,,,          NaN,         NaN
,,,          NaN,,,,          NaN,         NaN
,,,          NaN,,,,          NaN,         NaN
,,,          NaN,,,,          NaN,         NaN
,,,          NaN,,,,          NaN,         NaN
,,,          NaN,,,,          NaN,         NaN
,,,          NaN,,,,          NaN,         NaN
,,,          NaN,,,,          NaN,         NaN
,,,          NaN,,,,          NaN,         NaN
,,,          NaN,,,,          NaN,         NaN
,,,          NaN,,,,          NaN,         NaN
,,,          NaN,,,,          NaN,         NaN
,,,          NaN,,,,          NaN,         NaN
,,,          NaN,,,,          NaN,         NaN
,,,          NaN,,,,          NaN,         NaN
,,,          NaN,,,,          NaN,         NaN
,,,          NaN,,,,          NaN,         NaN
,,,          NaN,,,,          NaN,         NaN
,,,          NaN,,,,          NaN,         NaN
,,,          NaN,,,,          NaN,         NaN
,,,          NaN,,,,          NaN,         NaN
,,,          NaN,,,,          NaN,         NaN
,,,          NaN,,,,          NaN,         NaN
,,,          NaN,,,,          NaN,         NaN
,,,          NaN,,,,          NaN,         NaN
,,,          NaN,,,,          NaN,         NaN
,,,          NaN,,,,          NaN,         NaN
,,,          NaN,,,,          NaN,         NaN
,,,          NaN,,,,          NaN,         NaN
,,,          NaN,,,,          NaN,         NaN
,,,          NaN,,,,          NaN,         NaN
,,,          NaN,,,,          NaN,         NaN
,,,          NaN,,,,          NaN,         NaN
,,,          NaN,,,,          NaN,         NaN
,,,          NaN,,,,          NaN,         NaN
,,,          NaN,,,,          NaN,         NaN
,,,          NaN,,,,          NaN,         NaN
,,,          NaN,,,,          NaN,         NaN
,,,          NaN,,,,          NaN,         NaN
,,,          NaN,,,,          NaN,         NaN
,,,          NaN,,,,          NaN,         NaN
,,,          NaN,,,,          NaN,         NaN
,,,          NaN,,,,          NaN,         NaN
,,,          NaN,,,,          NaN,         NaN
,,,          NaN,,,,          NaN,         NaN
,,,          NaN,,,,          NaN,         NaN
,,,          NaN,,,,          NaN,         NaN
,,,          NaN,,,,          NaN,         NaN
,,,          NaN,,,,          NaN,         NaN
,,,          NaN,,,,          NaN,         NaN
,,,          NaN,,,,          NaN,         NaN
,,,          NaN,,,,          NaN,         NaN
,,,          NaN,,,,          NaN,         NaN
,,,          NaN,,,,          NaN,         NaN
,,,          NaN,,,,          NaN,         NaN
,,,          NaN,,,,          NaN,         NaN
,,,          NaN,,,,          NaN,         NaN
,,,          NaN,,,,          NaN,         NaN
,,,          NaN,,,,          NaN,         NaN
,,,          NaN,,,,          NaN,         NaN
,,,          NaN,,,,          NaN,         NaN
,,,          NaN,,,,          NaN,         NaN
,,,          NaN,,,,          NaN,         NaN
,,,          NaN,,,,          NaN,         NaN
,,,          NaN,,,,          NaN,         NaN
,,,          NaN,,,,          NaN,         NaN
,,,          NaN,,,,          NaN,         NaN
,,,          NaN,,,,          NaN,         NaN
,,,          NaN,,,,          NaN,         NaN
,,,          NaN,,,,          NaN,         NaN
,,,          NaN,,,,          NaN,         NaN
,,,          NaN,,,,          NaN,         NaN
,,,          NaN,,,,          NaN,         NaN
,,,          NaN,,,,          NaN,         NaN
,,,          NaN,,,,          NaN,         NaN
,,,          NaN,,,,          NaN,         NaN
,,,          NaN,,,,          NaN,         NaN
,,,          NaN,,,,          NaN,         NaN
,,,          NaN,,,,          NaN,         NaN
,,,          NaN,,,,          NaN,         NaN
,,,          NaN,,,,          NaN,         NaN
,,,          NaN,,,,          NaN,         NaN
,,,          NaN,,,,          NaN,         NaN
,,,          NaN,,,,          NaN,         NaN
,,,          NaN,,,,          NaN,         NaN
,,,          NaN,,,,          NaN,         NaN
,,,          NaN,,,,          NaN,         NaN
,,,          NaN,,,,          NaN,         NaN
,,,          NaN,,,,          NaN,         NaN
,,,          NaN,,,,          NaN,         NaN
,,,          NaN,,,,          NaN,         NaN
,,,          NaN,,,,          NaN,         NaN
,,,          NaN,,,,          NaN,         NaN
,,,          NaN,,,,          NaN,         NaN
,,,          NaN,,,,          NaN,         NaN
,,,          NaN,,,,          NaN,         NaN
,,,          NaN,,,,          NaN,         NaN
,,,          NaN,,,,          NaN,         NaN
,,,          NaN,,,,          NaN,         NaN
,,,          NaN,,,,          NaN,         NaN
,,,          NaN,,,,          NaN,         NaN
,,,          NaN,,,,          NaN,         NaN
,,,          NaN,,,,          NaN,         NaN
,,,          NaN,,,,          NaN,         NaN
,,,          NaN,,,,          NaN,         NaN
,,,          NaN,,,,          NaN,         NaN
,,,          NaN,,,,          NaN,         NaN
,,,          NaN,,,,          NaN,         NaN
,,,          NaN,,,,          NaN,         NaN
,,,          NaN,,,,          NaN,         NaN
,,,          NaN,,,,          NaN,         NaN
,,,          NaN,,,,          NaN,         NaN
,,,          NaN,,,,          NaN,         NaN
,,,          NaN,,,,          NaN,         NaN
,,,          NaN,,,,          NaN,         NaN
,,,          NaN,,,,          NaN,         NaN
,,,          NaN,,,,          NaN,         NaN
,,,          NaN,,,,          NaN,         NaN
,,,          NaN,,,,          NaN,         NaN
,,,          NaN,,,,          NaN,         NaN
,,,          NaN,,,,          NaN,         NaN
,,,          NaN,,,,          NaN,         NaN
,,,          NaN,,,,          NaN,         NaN
,,,          NaN,,,,          NaN,         NaN
,,,          NaN,,,,          NaN,         NaN
,,,          NaN,,,,          NaN,         NaN
,,,          NaN,,,,          NaN,         NaN
,,,          NaN,,,,          NaN,         NaN
,,,          NaN,,,,          NaN,         NaN
,,,          NaN,,,,          NaN,         NaN
,,,          NaN,,,,          NaN,         NaN
,,,          NaN,,,,          NaN,         NaN
,,,          NaN,,,,          NaN,         NaN
,,,          NaN,,,,          NaN,         NaN
,,,          NaN,,,,          NaN,         NaN
,,,          NaN,,,,          NaN,         NaN
,,,          NaN,,,,          NaN,         NaN
,,,          NaN,,,,          NaN,         NaN
,,,          NaN,,,,          NaN,         NaN
,,,          NaN,,,,          NaN,         NaN
,,,          NaN,,,,          NaN,         NaN
,,,          NaN,,,,          NaN,         NaN
,,,          NaN,,,,          NaN,         NaN
,,,          NaN,,,,          NaN,         NaN
,,,          NaN,,,,          NaN,         NaN
,,,          NaN,,,,          NaN,         NaN
,,,          NaN,,,,          NaN,         NaN
,,,          NaN,,,,          NaN,         NaN
,,,          NaN,,,,          NaN,         NaN
,,,          NaN,,,,          NaN,         NaN
,,,          NaN,,,,          NaN,         NaN
,,,          NaN,,,,          NaN,         NaN
,,,          NaN,,,,          NaN,         NaN
,,,          NaN,,,,          NaN,         NaN
,,,          NaN,,,,          NaN,         NaN
,,,          NaN,,,,          NaN,         NaN
,,,          NaN,,,,          NaN,         NaN
,,,          NaN,,,,          NaN,         NaN
,,,          NaN,,,,          NaN,         NaN
,,,          NaN,,,,          NaN,         NaN
,,,          NaN,,,,          NaN,         NaN
,,,          NaN,,,,          NaN,         NaN
,,,          NaN,,,,          NaN,         NaN
,,,          NaN,,,,          NaN,         NaN
,,,          NaN,,,,          NaN,         NaN
,,,          NaN,,,,          NaN,         NaN
,,,          NaN,,,,          NaN,         NaN
,,,          NaN,,,,          NaN,         NaN
,,,          NaN,,,,          NaN,         NaN
,,,          NaN,,,,          NaN,         NaN
,,,          NaN,,,,          NaN,         NaN
,,,          NaN,,,,          NaN,         NaN
,,,          NaN,,,,          NaN,         NaN
,,,          NaN,,,,          NaN,         NaN
,,,          NaN,,,,          NaN,         NaN
,,,          NaN,,,,          NaN,         NaN
,,,          NaN,,,,          NaN,         NaN
,,,          NaN,,,,          NaN,         NaN
,,,          NaN,,,,          NaN,         NaN
,,,          NaN,,,,          NaN,         NaN
,,,          NaN,,,,          NaN,         NaN
,,,          NaN,,,,          NaN,         NaN
,,,          NaN,,,,          NaN,         NaN
,,,          NaN,,,,          NaN,         NaN
,,,          NaN,,,,          NaN,         NaN
,,,          NaN,,,,          NaN,         NaN
,,,          NaN,,,,          NaN,         NaN
,,,          NaN,,,,          NaN,         NaN
,,,          NaN,,,,          NaN,         NaN
,,,          NaN,,,,          NaN,         NaN
,,,          NaN,,,,          NaN,         NaN
,,,          NaN,,,,          NaN,         NaN
,,,          NaN,,,,          NaN,         NaN
,,,          NaN,,,,          NaN,         NaN
,,,          NaN,,,,          NaN,         NaN
,,,          NaN,,,,          NaN,         NaN
,,,          NaN,,,,          NaN,         NaN
,,,          NaN,,,,          NaN,         NaN
,,,          NaN,,,,          NaN,         NaN
,,,          NaN,,,,          NaN,         NaN
,,,          NaN,,,,          NaN,         NaN
,,,          NaN,,,,          NaN,         NaN
,,,          NaN,,,,          NaN,         NaN
,,,          NaN,,,,          NaN,         NaN
,,,          NaN,,,,          NaN,         NaN
,,,          NaN,,,,          NaN,         NaN
,,,          NaN,,,,          NaN,         NaN
,,,          NaN,,,,          NaN,         NaN
,,,          NaN,,,,          NaN,         NaN
,,,          NaN,,,,          NaN,         NaN
,,,          NaN,,,,          NaN,         NaN
,,,          NaN,,,,          NaN,         NaN
,,,          NaN,,,,          NaN,         NaN
,,,          NaN,,,,          NaN,         NaN
,,,          NaN,,,,          NaN,         NaN
,,,          NaN,,,,          NaN,         NaN
,,,          NaN,,,,          NaN,         NaN
,,,          NaN,,,,          NaN,         NaN
,,,          NaN,,,,          NaN,         NaN
,,,          NaN,,,,          NaN,         NaN
,,,          NaN,,,,          NaN,         NaN
,,,          NaN,,,,          NaN,         NaN
,,,          NaN,,,,          NaN,         NaN
,,,          NaN,,,,          NaN,         NaN
,,,          NaN,,,,          NaN,         NaN
,,,          NaN,,,,          NaN,         NaN
,,,          NaN,,,,          NaN,         NaN
,,,          NaN,,,,          NaN,         NaN
,,,          NaN,,,,          NaN,         NaN
,,,          NaN,,,,          NaN,         NaN
,,,          NaN,,,,          NaN,         NaN
,,,          NaN,,,,          NaN,         NaN
,,,          NaN,,,,          NaN,         NaN
,,,          NaN,,,,          NaN,         NaN
,,,          NaN,,,,          NaN,         NaN
,,,          NaN,,,,          NaN,         NaN
,,,          NaN,,,,          NaN,         NaN
,,,          NaN,,,,          NaN,         NaN
,,,          NaN,,,,          NaN,         NaN
,,,          NaN,,,,          NaN,         NaN
,,,          NaN,,,,          NaN,         NaN
,,,          NaN,,,,          NaN,         NaN
,,,          NaN,,,,          NaN,         NaN
,,,          NaN,,,,          NaN,         NaN
,,,          NaN,,,,          NaN,         NaN
,,,          NaN,,,,          NaN,         NaN
,,,          NaN,,,,          NaN,         NaN
,,,          NaN,,,,          NaN,         NaN
,,,          NaN,,,,          NaN,         NaN
,,,          NaN,,,,          NaN,         NaN
,,,          NaN,,,,          NaN,         NaN
,,,          NaN,,,,          NaN,         NaN
,,,          NaN,,,,          NaN,         NaN
,,,          NaN,,,,          NaN,         NaN
,,,          NaN,,,,          NaN,         NaN
,,,          NaN,,,,          NaN,         NaN
,,,          NaN,,,,          NaN,         NaN
,,,          NaN,,,,          NaN,         NaN
,,,          NaN,,,,          NaN,         NaN
,,,          NaN,,,,          NaN,         NaN
,,,          NaN,,,,          NaN,         NaN
,,,          NaN,,,,          NaN,         NaN
,,,          NaN,,,,          NaN,         NaN
,,,          NaN,,,,          NaN,         NaN
,,,          NaN,,,,          NaN,         NaN
,,,          NaN,,,,          NaN,         NaN
,,,          NaN,,,,          NaN,         NaN
,,,          NaN,,,,          NaN,         NaN
,,,          NaN,,,,          NaN,         NaN
,,,          NaN,,,,          NaN,         NaN
,,,          NaN,,,,          NaN,         NaN
,,,          NaN,,,,          NaN,         NaN
,,,          NaN,,,,          NaN,         NaN
,,,          NaN,,,,          NaN,         NaN
,,,          NaN,,,,          NaN,         NaN
,,,          NaN,,,,          NaN,         NaN
,,,          NaN,,,,          NaN,         NaN
,,,          NaN,,,,          NaN,         NaN
,,,          NaN,,,,          NaN,         NaN
,,,          NaN,,,,          NaN,         NaN
,,,          NaN,,,,          NaN,         NaN
,,,          NaN,,,,          NaN,         NaN
,,,          NaN,,,,          NaN,         NaN
,,,          NaN,,,,          NaN,         NaN
,,,          NaN,,,,          NaN,         NaN
,,,          NaN,,,,          NaN,         NaN
,,,          NaN,,,,          NaN,         NaN
,,,          NaN,,,,          NaN,         NaN
,,,          NaN,,,,          NaN,         NaN
,,,          NaN,,,,          NaN,         NaN
,,,          NaN,,,,          NaN,         NaN
,,,          NaN,,,,          NaN,         NaN
,,,          NaN,,,,          NaN,         NaN
,,,          NaN,,,,          NaN,         NaN
,,,          NaN,,,,          NaN,         NaN
,,,          NaN,,,,          NaN,         NaN
,,,          NaN,,,,          NaN,         NaN
,,,          NaN,,,,          NaN,         NaN
,,,          NaN,,,,          NaN,
,,,          NaN,,,,          NaN,
,,,          NaN,,,,          NaN,
,,,          NaN,,,,          NaN,
,,,          NaN,,,,          NaN,
,,,          NaN,,,,          NaN,
,,,          NaN,,,,          NaN,
,,,          NaN,,,,          NaN,
,,,          NaN,,,,          NaN,
,,,          NaN,,,,          NaN,
,,,          NaN,,,,          NaN,
,,,          NaN,,,,          NaN,
,,,          NaN,,,,          NaN,
,,,          NaN,,,,          NaN,
,,,          NaN,,,,          NaN,
,,,          NaN,,,,          NaN,
,,,          NaN,,,,          NaN,
,,,          NaN,,,,          NaN,
,,,          NaN,,,,          NaN,
,,,          NaN,,,,          NaN,
,,,          NaN,,,,          NaN,
,,,          NaN,,,,          NaN,
,,,          NaN,,,,          NaN,
,,,          NaN,,,,          NaN,
,,,          NaN,,,,          NaN,
,,,          NaN,,,,          NaN,
,,,          NaN,,,,          NaN,
,,,          NaN,,,,          NaN,
,,,          NaN,,,,          NaN,
,,,          NaN,,,,          NaN,
,,,          NaN,,,,          NaN,
,,,          NaN,,,,          NaN,
,,,          NaN,,,,          NaN,
,,,          NaN,,,,          NaN,
,,,          NaN,,,,          NaN,
,,,          NaN,,,,          NaN,
,,,          NaN,,,,          NaN,
,,,          NaN,,,,          NaN,
,,,          NaN,,,,          NaN,
,,,          NaN,,,,          NaN,
,,,          NaN,,,,          NaN,
,,,          NaN,,,,          NaN,
,,,          NaN,,,,          NaN,
,,,          NaN,,,,          NaN,
,,,          NaN,,,,          NaN,
,,,          NaN,,,,          NaN,
,,,          NaN,,,,          NaN,
,,,          NaN,,,,          NaN,
,,,          NaN,,,,          NaN,
,,,          NaN,,,,          NaN,
,,,          NaN,,,,          NaN,
,,,          NaN,,,,          NaN,
,,,          NaN,,,,          NaN,
,,,          NaN,,,,          NaN,
,,,          NaN,,,,          NaN,
,,,          NaN,,,,          NaN,
,,,          NaN,,,,          NaN,
,,,          NaN,,,,          NaN,
,,,          NaN,,,,          NaN,
,,,          NaN,,,,          NaN,
,,,          NaN,,,,          NaN,
,,,          NaN,,,,          NaN,
,,,          NaN,,,,          NaN,
,,,          NaN,,,,          NaN,
,,,          NaN,,,,          NaN,
,,,          NaN,,,,          NaN,
,,,          NaN,,,,          NaN,
,,,          NaN,,,,          NaN,
,,,          NaN,,,,          NaN,
,,,          NaN,,,,          NaN,
,,,          NaN,,,,          NaN,
,,,          NaN,,,,          NaN,
,,,          NaN,,,,          NaN,
,,,          NaN,,,,          NaN,
,,,          NaN,,,,          NaN,
,,,          NaN,,,,          NaN,
,,,          NaN,,,,          NaN,
,,,          NaN,,,,          NaN,
,,,          NaN,,,,          NaN,
,,,          NaN,,,,          NaN,
,,,          NaN,,,,          NaN,
,,,          NaN,,,,          NaN,
,,,          NaN,,,,          NaN,
,,,          NaN,,,,          NaN,
,,,          NaN,,,,          NaN,
,,,          NaN,,,,          NaN,
,,,          NaN,,,,          NaN,
,,,          NaN,,,,          NaN,
,,,          NaN,,,,          NaN,
,,,          NaN,,,,          NaN,
,,,          NaN,,,,          NaN,
,,,          NaN,,,,          NaN,
,,,          NaN,,,,          NaN,
,,,          NaN,,,,          NaN,
,,,          NaN,,,,          NaN,
,,,          NaN,,,,          NaN,
,,,          NaN,,,,          NaN,
,,,          NaN,,,,          NaN,
,,,          NaN,,,,          NaN,
,,,          NaN,,,,          NaN,
,,,          NaN,,,,          NaN,
,,,          NaN,,,,          NaN,
,,,          NaN,,,,          NaN,
,,,          NaN,,,,          NaN,
,,,          NaN,,,,          NaN,
,,,          NaN,,,,          NaN,
,,,          NaN,,,,          NaN,
,,,          NaN,,,,          NaN,
,,,          NaN,,,,          NaN,
,,,          NaN,,,,          NaN,
,,,          NaN,,,,          NaN,
,,,          NaN,,,,          NaN,
,,,          NaN,,,,          NaN,
,,,          NaN,,,,          NaN,
,,,          NaN,,,,          NaN,
,,,          NaN,,,,          NaN,
,,,          NaN,,,,          NaN,
,,,          NaN,,,,          NaN,
,,,          NaN,,,,          NaN,
,,,          NaN,,,,          NaN,
,,,          NaN,,,,          NaN,
,,,          NaN,,,,          NaN,
,,,          NaN,,,,          NaN,
,,,          NaN,,,,          NaN,
,,,          NaN,,,,          NaN,
,,,          NaN,,,,          NaN,
,,,          NaN,,,,          NaN,
,,,          NaN,,,,          NaN,
,,,          NaN,,,,          NaN,
,,,          NaN,,,,          NaN,
,,,          NaN,,,,          NaN,
,,,          NaN,,,,          NaN,
,,,          NaN,,,,          NaN,
,,,          NaN,,,,          NaN,
,,,          NaN,,,,          NaN,
,,,          NaN,,,,          NaN,
,,,          NaN,,,,          NaN,
,,,          NaN,,,,          NaN,
,,,          NaN,,,,          NaN,
,,,          NaN,,,,          NaN,
,,,          NaN,,,,          NaN,
,,,          NaN,,,,          NaN,
,,,          NaN,,,,          NaN,
,,,          NaN,,,,          NaN,
,,,          NaN,,,,          NaN,
,,,          NaN,,,,          NaN,
,,,          NaN,,,,          NaN,
,,,          NaN,,,,          NaN,
,,,          NaN,,,,          NaN,
,,,          NaN,,,,          NaN,
,,,          NaN,,,,          NaN,
,,,          NaN,,,,          NaN,
,,,          NaN,,,,          NaN,
,,,          NaN,,,,          NaN,
,,,          NaN,,,,          NaN,
,,,          NaN,,,,          NaN,
,,,          NaN,,,,          NaN,
,,,          NaN,,,,          NaN,
,,,          NaN,,,,          NaN,
,,,          NaN,,,,          NaN,
,,,          NaN,,,,          NaN,
,,,          NaN,,,,          NaN,
,,,          NaN,,,,          NaN,
,,,          NaN,,,,          NaN,
,,,          NaN,,,,          NaN,
,,,          NaN,,,,          NaN,
,,,          NaN,,,,          NaN,
,,,          NaN,,,,          NaN,
,,,          NaN,,,,          NaN,
,,,          NaN,,,,          NaN,
,,,          NaN,,,,          NaN,
,,,          NaN,,,,          NaN,
,,,          NaN,,,,          NaN,
,,,          NaN,,,,          NaN,
,,,          NaN,,,,          NaN,
,,,          NaN,,,,          NaN,
,,,          NaN,,,,          NaN,
,,,          NaN,,,,          NaN,
,,,          NaN,,,,          NaN,
,,,          NaN,,,,          NaN,
,,,          NaN,,,,          NaN,
,,,          NaN,,,,          NaN,
,,,          NaN,,,,          NaN,
,,,          NaN,,,,          NaN,
,,,          NaN,,,,          NaN,
,,,          NaN,,,,          NaN,
,,,          NaN,,,,          NaN,
,,,          NaN,,,,          NaN,
,,,          NaN,,,,          NaN,
,,,          NaN,,,,          NaN,
,,,          NaN,,,,          NaN,
,,,          NaN,,,,          NaN,
,,,          NaN,,,,          NaN,
,,,          NaN,,,,          NaN,
,,,          NaN,,,,          NaN,
,,,          NaN,,,,          NaN,
,,,          NaN,,,,          NaN,
,,,          NaN,,,,          NaN,
,,,          NaN,,,,          NaN,
,,,          NaN,,,,          NaN,
,,,          NaN,,,,          NaN,
,,,          NaN,,,,          NaN,
,,,          NaN,,,,          NaN,
,,,          NaN,,,,          NaN,
,,,          NaN,,,,          NaN,
,,,          NaN,,,,          NaN,
,,,          NaN,,,,          NaN,
,,,          NaN,,,,          NaN,
,,,          NaN,,,,          NaN,
,,,          NaN,,,,          NaN,
,,,          NaN,,,,          NaN,
,,,          NaN,,,,          NaN,
,,,          NaN,,,,          NaN,
,,,          NaN,,,,          NaN,
,,,          NaN,,,,          NaN,
,,,          NaN,,,,          NaN,
,,,          NaN,,,,          NaN,
,,,          NaN,,,,          NaN,
,,,          NaN,,,,          NaN,
,,,          NaN,,,,          NaN,
,,,          NaN,,,,          NaN,
,,,          NaN,,,,          NaN,
,,,          NaN,,,,          NaN,
,,,          NaN,,,,          NaN,
,,,          NaN,,,,          NaN,
,,,          NaN,,,,          NaN,
,,,          NaN,,,,          NaN,
,,,          NaN,,,,          NaN,
,,,          NaN,,,,          NaN,
,,,          NaN,,,,          NaN,
,,,          NaN,,,,          NaN,
,,,          NaN,,,,          NaN,
,,,          NaN,,,,          NaN,
,,,          NaN,,,,          NaN,
,,,          NaN,,,,          NaN,
,,,          NaN,,,,          NaN,
,,,          NaN,,,,          NaN,
,,,          NaN,,,,          NaN,
,,,          NaN,,,,          NaN,
,,,          NaN,,,,          NaN,
,,,          NaN,,,,          NaN,
,,,          NaN,,,,          NaN,
,,,          NaN,,,,          NaN,
,,,          NaN,,,,          NaN,
,,,          NaN,,,,          NaN,
,,,          NaN,,,,          NaN,
,,,          NaN,,,,          NaN,
,,,          NaN,,,,          NaN,
,,,          NaN,,,,          NaN,
,,,          NaN,,,,          NaN,
,,,          NaN,,,,          NaN,
,,,          NaN,,,,          NaN,
,,,          NaN,,,,          NaN,
,,,          NaN,,,,          NaN,
,,,          NaN,,,,          NaN,
,,,          NaN,,,,          NaN,
,,,          NaN,,,,          NaN,
,,,          NaN,,,,          NaN,
,,,          NaN,,,,          NaN,
,,,          NaN,,,,          NaN,
,,,          NaN,,,,          NaN,
,,,          NaN,,,,          NaN,
,,,          NaN,,,,          NaN,
,,,          NaN,,,,          NaN,
,,,          NaN,,,,          NaN,
,,,          NaN,,,,          NaN,
,,,          NaN,,,,          NaN,
,,,          NaN,,,,          NaN,
,,,          NaN,,,,          NaN,
,,,          NaN,,,,          NaN,
,,,          NaN,,,,          NaN,
,,,          NaN,,,,          NaN,
,,,          NaN,,,,          NaN,
,,,          NaN,,,,          NaN,
,,,          NaN,,,,          NaN,
,,,          NaN,,,,          NaN,
,,,          NaN,,,,          NaN,
,,,          NaN,,,,          NaN,
,,,          NaN,,,,          NaN,
,,,          NaN,,,,          NaN,
,,,          NaN,,,,          NaN,
,,,          NaN,,,,          NaN,
,,,          NaN,,,,          NaN,
,,,          NaN,,,,          NaN,
,,,          NaN,,,,          NaN,
,,,          NaN,,,,          NaN,
,,,          NaN,,,,          NaN,
,,,          NaN,,,,          NaN,
,,,          NaN,,,,          NaN,
,,,          NaN,,,,          NaN,
,,,          NaN,,,,          NaN,
,,,          NaN,,,,          NaN,
,,,          NaN,,,,          NaN,
,,,          NaN,,,,          NaN,
,,,          NaN,,,,          NaN,
,,,          NaN,,,,          NaN,
,,,          NaN,,,,          NaN,
,,,          NaN,,,,          NaN,
,,,          NaN,,,,          NaN,
,,,          NaN,,,,          NaN,
,,,          NaN,,,,          NaN,
,,,          NaN,,,,          NaN,
,,,          NaN,,,,          NaN,
,,,          NaN,,,,          NaN,
,,,          NaN,,,,          NaN,
,,,          NaN,,,,          NaN,
,,,          NaN,,,,          NaN,
,,,          NaN,,,,          NaN,
,,,          NaN,,,,          NaN,
,,,          NaN,,,,          NaN,
,,,          NaN,,,,          NaN,
,,,          NaN,,,,          NaN,
,,,          NaN,,,,          NaN,
,,,          NaN,,,,          NaN,
,,,          NaN,,,,          NaN,
,,,          NaN,,,,          NaN,
,,,          NaN,,,,          NaN,
,,,          NaN,,,,          NaN,
,,,          NaN,,,,          NaN,
,,,          NaN,,,,          NaN,
,,,          NaN,,,,          NaN,
,,,          NaN,,,,          NaN,
,,,          NaN,,,,          NaN,
,,,          NaN,,,,          NaN,
,,,          NaN,,,,          NaN,
,,,          NaN,,,,          NaN,
,,,          NaN,,,,          NaN,
,,,          NaN,,,,          NaN,
,,,          NaN,,,,          NaN,
,,,          NaN,,,,          NaN,
,,,          NaN,,,,          NaN,
,,,          NaN,,,,          NaN,
,,,          NaN,,,,          NaN,
,,,          NaN,,,,          NaN,
,,,          NaN,,,,          NaN,
,,,          NaN,,,,          NaN,
,,,          NaN,,,,          NaN,
,,,          NaN,,,,          NaN,
,,,          NaN,,,,          NaN,
,,,          NaN,,,,          NaN,
,,,          NaN,,,,          NaN,
,,,          NaN,,,,          NaN,
,,,          NaN,,,,          NaN,
,,,          NaN,,,,          NaN,
,,,          NaN,,,,          NaN,
,,,          NaN,,,,          NaN,
,,,          NaN,,,,          NaN,
,,,          NaN,,,,          NaN,
,,,          NaN,,,,          NaN,
,,,          NaN,,,,          NaN,
,,,          NaN,,,,          NaN,
,,,          NaN,,,,          NaN,
,,,          NaN,,,,          NaN,
,,,          NaN,,,,          NaN,
,,,          NaN,,,,          NaN,
,,,          NaN,,,,          NaN,
,,,          NaN,,,,          NaN,
,,,          NaN,,,,          NaN,
,,,          NaN,,,,          NaN,
,,,          NaN,,,,          NaN,
,,,          NaN,,,,          NaN,
,,,          NaN,,,,          NaN,
,,,          NaN,,,,          NaN,
,,,          NaN,,,,          NaN,
,,,          NaN,,,,          NaN,
,,,          NaN,,,,          NaN,
,,,          NaN,,,,          NaN,
,,,          NaN,,,,          NaN,
,,,          NaN,,,,          NaN,
,,,          NaN,,,,          NaN,
,,,          NaN,,,,          NaN,
,,,          NaN,,,,          NaN,
,,,          NaN,,,,          NaN,
,,,          NaN,,,,          NaN,
,,,          NaN,,,,          NaN,
,,,          NaN,,,,          NaN,
,,,          NaN,,,,          NaN,
,,,          NaN,,,,          NaN,
,,,          NaN,,,,          NaN,
,,,          NaN,,,,          NaN,
,,,          NaN,,,,          NaN,
,,,          NaN,,,,          NaN,
,,,          NaN,,,,          NaN,
,,,          NaN,,,,          NaN,
,,,          NaN,,,,          NaN,
,,,          NaN,,,,          NaN,
,,,          NaN,,,,          NaN,
,,,          NaN,,,,          NaN,
,,,          NaN,,,,          NaN,
,,,          NaN,,,,          NaN,
,,,          NaN,,,,          NaN,
,,,          NaN,,,,          NaN,
,,,          NaN,,,,          NaN,
,,,          NaN,,,,          NaN,
,,,          NaN,,,,          NaN,
,,,          NaN,,,,          NaN,
,,,          NaN,,,,          NaN,
,,,          NaN,,,,          NaN,
,,,          NaN,,,,          NaN,
,,,          NaN,,,,          NaN,
,,,          NaN,,,,          NaN,
,,,          NaN,,,,          NaN,
,,,          NaN,,,,          NaN,
,,,          NaN,,,,          NaN,
,,,          NaN,,,,          NaN,
,,,          NaN,,,,          NaN,
,,,          NaN,,,,          NaN,
,,,          NaN,,,,          NaN,
,,,          NaN,,,,          NaN,
,,,          NaN,,,,          NaN,
,,,          NaN,,,,          NaN,
,,,          NaN,,,,          NaN,
,,,          NaN,,,,          NaN,
,,,          NaN,,,,          NaN,
,,,          NaN,,,,          NaN,
,,,          NaN,,,,          NaN,
,,,          NaN,,,,          NaN,
,,,          NaN,,,,          NaN,
,,,          NaN,,,,          NaN,
,,,          NaN,,,,          NaN,
,,,          NaN,,,,          NaN,
,,,          NaN,,,,          NaN,
,,,          NaN,,,,          NaN,
,,,          NaN,,,,          NaN,
,,,          NaN,,,,          NaN,
,,,          NaN,,,,          NaN,
,,,          NaN,,,,          NaN,
,,,          NaN,,,,          NaN,
,,,          NaN,,,,          NaN,
,,,          NaN,,,,          NaN,
,,,          NaN,,,,          NaN,
,,,          NaN,,,,          NaN,
,,,          NaN,,,,          NaN,
,,,          NaN,,,,          NaN,
,,,          NaN,,,,          NaN,
,,,          NaN,,,,          NaN,
,,,          NaN,,,,          NaN,
,,,          NaN,,,,          NaN,
,,,          NaN,,,,          NaN,
,,,          NaN,,,,          NaN,
,,,          NaN,,,,          NaN,
,,,          NaN,,,,          NaN,
,,,          NaN,,,,          NaN,
,,,          NaN,,,,          NaN,
,,,          NaN,,,,          NaN,
,,,          NaN,,,,          NaN,
,,,          NaN,,,,          NaN,
,,,          NaN,,,,          NaN,
,,,          NaN,,,,          NaN,
,,,          NaN,,,,          NaN,
,,,          NaN,,,,          NaN,
,,,          NaN,,,,          NaN,
,,,          NaN,,,,          NaN,
,,,          NaN,,,,          NaN,
,,,          NaN,,,,          NaN,
,,,          NaN,,,,          NaN,
,,,          NaN,,,,          NaN,
,,,          NaN,,,,          NaN,
,,,          NaN,,,,          NaN,
,,,          NaN,,,,          NaN,
,,,          NaN,,,,          NaN,
,,,          NaN,,,,          NaN,
,,,          NaN,,,,          NaN,
,,,          NaN,,,,          NaN,
,,,          NaN,,,,          NaN,
,,,          NaN,,,,          NaN,
,,,          NaN,,,,          NaN,
,,,          NaN,,,,          NaN,
,,,          NaN,,,,          NaN,
,,,          NaN,,,,          NaN,
,,,          NaN,,,,          NaN,
,,,          NaN,,,,          NaN,
,,,          NaN,,,,          NaN,
,,,          NaN,,,,          NaN,
,,,          NaN,,,,          NaN,
,,,          NaN,,,,          NaN,
,,,          NaN,,,,          NaN,
,,,          NaN,,,,          NaN,
,,,          NaN,,,,          NaN,
,,,          NaN,,,,          NaN,
,,,          NaN,,,,          NaN,
,,,          NaN,,,,          NaN,
,,,          NaN,,,,          NaN,
,,,          NaN,,,,          NaN,
,,,          NaN,,,,          NaN,
,,,          NaN,,,,          NaN,
,,,          NaN,,,,          NaN,
,,,          NaN,,,,          NaN,
,,,          NaN,,,,          NaN,
,,,          NaN,,,,          NaN,
,,,          NaN,,,,          NaN,
,,,          NaN,,,,          NaN,
,,,          NaN,,,,          NaN,
,,,          NaN,,,,          NaN,
,,,          NaN,,,,          NaN,
,,,          NaN,,,,          NaN,
,,,          NaN,,,,          NaN,
,,,          NaN,,,,          NaN,
,,,          NaN,,,,          NaN,
,,,          NaN,,,,          NaN,
,,,          NaN,,,,          NaN,
,,,          NaN,,,,          NaN,
,,,          NaN,,,,          NaN,
,,,          NaN,,,,          NaN,
,,,          NaN,,,,          NaN,
,,,          NaN,,,,          NaN,
,,,          NaN,,,,          NaN,
,,,          NaN,,,,          NaN,
,,,          NaN,,,,          NaN,
,,,          NaN,,,,          NaN,
,,,          NaN,,,,          NaN,
,,,          NaN,,,,          NaN,
,,,          NaN,,,,          NaN,
,,,          NaN,,,,          NaN,
,,,          NaN,,,,          NaN,
,,,          NaN,,,,          NaN,
,,,          NaN,,,,          NaN,
,,,          NaN,,,,          NaN,
,,,          NaN,,,,          NaN,
,,,          NaN,,,,          NaN,
,,,          NaN,,,,          NaN,
,,,          NaN,,,,          NaN,
,,,          NaN,,,,          NaN,
,,,          NaN,,,,          NaN,
,,,          NaN,,,,          NaN,
,,,          NaN,,,,          NaN,
,,,          NaN,,,,          NaN,
,,,          NaN,,,,          NaN,
,,,          NaN,,,,          NaN,
,,,          NaN,,,,          NaN,
,,,          NaN,,,,          NaN,
,,,          NaN,,,,          NaN,
,,,          NaN,,,,          NaN,
,,,          NaN,,,,          NaN,
,,,          NaN,,,,          NaN,
,,,          NaN,,,,          NaN,
,,,          NaN,,,,          NaN,
,,,          NaN,,,,          NaN,
,,,          NaN,,,,          NaN,
,,,          NaN,,,,          NaN,
,,,          NaN,,,,          NaN,
,,,          NaN,,,,          NaN,
,,,          NaN,,,,          NaN,
,,,          NaN,,,,          NaN,
,,,          NaN,,,,          NaN,
,,,          NaN,,,,          NaN,
,,,          NaN,,,,          NaN,
,,,          NaN,,,,          NaN,
,,,          NaN,,,,          NaN,
,,,          NaN,,,,          NaN,
,,,          NaN,,,,          NaN,
,,,          NaN,,,,          NaN,
,,,          NaN,,,,          NaN,
,,,          NaN,,,,          NaN,
,,,          NaN,,,,          NaN,
,,,          NaN,,,,          NaN,
,,,          NaN,,,,          NaN,
,,,          NaN,,,,          NaN,
,,,          NaN,,,,          NaN,
,,,          NaN,,,,          NaN,
,,,          NaN,,,,          NaN,
,,,          NaN,,,,          NaN,
,,,          NaN,,,,          NaN,
,,,          NaN,,,,          NaN,
,,,          NaN,,,,          NaN,
,,,          NaN,,,,          NaN,
,,,          NaN,,,,          NaN,
,,,          NaN,,,,          NaN,
,,,          NaN,,,,          NaN,
,,,          NaN,,,,          NaN,
,,,          NaN,,,,          NaN,
,,,          NaN,,,,          NaN,
,,,          NaN,,,,          NaN,
,,,          NaN,,,,          NaN,
,,,          NaN,,,,          NaN,
,,,          NaN,,,,          NaN,
,,,          NaN,,,,          NaN,
,,,          NaN,,,,          NaN,
,,,          NaN,,,,          NaN,
,,,          NaN,,,,          NaN,
,,,          NaN,,,,          NaN,
,,,          NaN,,,,          NaN,
,,,          NaN,,,,          NaN,
,,,          NaN,,,,          NaN,
,,,          NaN,,,,          NaN,
,,,          NaN,,,,          NaN,
,,,          NaN,,,,          NaN,
,,,          NaN,,,,          NaN,
,,,          NaN,,,,          NaN,
,,,          NaN,,,,          NaN,
,,,          NaN,,,,          NaN,
,,,          NaN,,,,          NaN,
,,,          NaN,,,,          NaN,
,,,          NaN,,,,          NaN,
,,,          NaN,,,,          NaN,
,,,          NaN,,,,          NaN,
,,,          NaN,,,,          NaN,
,,,          NaN,,,,          NaN,
,,,          NaN,,,,          NaN,
,,,          NaN,,,,          NaN,
,,,          NaN,,,,          NaN,
,,,          NaN,,,,          NaN,
,,,          NaN,,,,          NaN,
,,,          NaN,,,,          NaN,
,,,          NaN,,,,          NaN,
,,,          NaN,,,,          NaN,
,,,          NaN,,,,          NaN,
,,,          NaN,,,,          NaN,
,,,          NaN,,,,          NaN,
,,,          NaN,,,,          NaN,
,,,          NaN,,,,          NaN,
,,,          NaN,,,,          NaN,
,,,          NaN,,,,          NaN,
,,,          NaN,,,,          NaN,
,,,          NaN,,,,          NaN,
,,,          NaN,,,,          NaN,
,,,          NaN,,,,          NaN,
,,,          NaN,,,,          NaN,
,,,          NaN,,,,          NaN,
,,,          NaN,,,,          NaN,
,,,          NaN,,,,          NaN,
,,,          NaN,,,,          NaN,
,,,          NaN,,,,          NaN,
,,,          NaN,,,,          NaN,
,,,          NaN,,,,          NaN,
,,,          NaN,,,,          NaN,
,,,          NaN,,,,          NaN,
,,,          NaN,,,,          NaN,
,,,          NaN,,,,          NaN,
,,,          NaN,,,,          NaN,
,,,          NaN,,,,          NaN,
,,,          NaN,,,,          NaN,
,,,          NaN,,,,          NaN,
,,,          NaN,,,,          NaN,
,,,          NaN,,,,          NaN,
,,,          NaN,,,,          NaN,
,,,          NaN,,,,          NaN,
,,,          NaN,,,,          NaN,
,,,          NaN,,,,          NaN,
,,,          NaN,,,,          NaN,
,,,          NaN,,,,          NaN,
,,,          NaN,,,,          NaN,
,,,          NaN,,,,          NaN,
,,,          NaN,,,,          NaN,
,,,          NaN,,,,          NaN,
,,,          NaN,,,,          NaN,
,,,          NaN,,,,          NaN,
,,,          NaN,,,,          NaN,
,,,          NaN,,,,          NaN,
,,,          NaN,,,,          NaN,
,,,          NaN,,,,          NaN,
,,,          NaN,,,,          NaN,
,,,          NaN,,,,          NaN,
,,,          NaN,,,,          NaN,
,,,          NaN,,,,          NaN,
,,,          NaN,,,,          NaN,
,,,          NaN,,,,          NaN,
,,,          NaN,,,,          NaN,
,,,          NaN,,,,          NaN,
,,,          NaN,,,,          NaN,
,,,          NaN,,,,          NaN,
,,,          NaN,,,,          NaN,
,,,          NaN,,,,          NaN,
,,,          NaN,,,,          NaN,
,,,          NaN,,,,          NaN,
,,,          NaN,,,,          NaN,
,,,          NaN,,,,          NaN,
,,,          NaN,,,,          NaN,
,,,          NaN,,,,          NaN,
,,,          NaN,,,,          NaN,
,,,          NaN,,,,          NaN,
,,,          NaN,,,,          NaN,
,,,          NaN,,,,          NaN,
,,,          NaN,,,,          NaN,
,,,          NaN,,,,          NaN,
,,,          NaN,,,,          NaN,
,,,          NaN,,,,          NaN,
,,,          NaN,,,,          NaN,
,,,          NaN,,,,          NaN,
,,,          NaN,,,,          NaN,
,,,          NaN,,,,          NaN,
,,,          NaN,,,,          NaN,
,,,          NaN,,,,          NaN,
,,,          NaN,,,,          NaN,
,,,          NaN,,,,          NaN,
,,,          NaN,,,,          NaN,
,,,          NaN,,,,          NaN,
,,,          NaN,,,,          NaN,
,,,          NaN,,,,          NaN,
,,,          NaN,,,,          NaN,
,,,          NaN,,,,          NaN,
,,,          NaN,,,,          NaN,
,,,          NaN,,,,          NaN,
,,,          NaN,,,,          NaN,
,,,          NaN,,,,          NaN,
,,,          NaN,,,,          NaN,
,,,          NaN,,,,          NaN,
,,,          NaN,,,,          NaN,
,,,          NaN,,,,          NaN,
,,,          NaN,,,,          NaN,
,,,          NaN,,,,          NaN,
,,,          NaN,,,,          NaN,
,,,          NaN,,,,          NaN,
,,,          NaN,,,,          NaN,
,,,          NaN,,,,          NaN,
,,,          NaN,,,,          NaN,
,,,          NaN,,,,          NaN,
,,,          NaN,,,,          NaN,
,,,          NaN,,,,          NaN,
,,,          NaN,,,,          NaN,
,,,          NaN,,,,          NaN,
,,,          NaN,,,,          NaN,
,,,          NaN,,,,          NaN,
,,,          NaN,,,,          NaN,
,,,          NaN,,,,          NaN,
,,,          NaN,,,,          NaN,
,,,          NaN,,,,          NaN,
,,,          NaN,,,,          NaN,
,,,          NaN,,,,          NaN,
,,,          NaN,,,,          NaN,
,,,          NaN,,,,          NaN,
,,,          NaN,,,,          NaN,
,,,          NaN,,,,          NaN,
,,,          NaN,,,,          NaN,
,,,          NaN,,,,          NaN,
,,,          NaN,,,,          NaN,
,,,          NaN,,,,          NaN,
,,,          NaN,,,,          NaN,
,,,          NaN,,,,          NaN,
,,,          NaN,,,,          NaN,
,,,          NaN,,,,          NaN,
,,,          NaN,,,,          NaN,
,,,          NaN,,,,          NaN,
,,,          NaN,,,,          NaN,
,,,          NaN,,,,          NaN,
,,,          NaN,,,,          NaN,
,,,          NaN,,,,          NaN,
,,,          NaN,,,,          NaN,
,,,          NaN,,,,          NaN,
,,,          NaN,,,,          NaN,
,,,          NaN,,,,          NaN,
,,,          NaN,,,,          NaN,
,,,          NaN,,,,          NaN,
,,,          NaN,,,,          NaN,
,,,          NaN,,,,          NaN,
,,,          NaN,,,,          NaN,
,,,          NaN,,,,          NaN,
,,,          NaN,,,,          NaN,
,,,          NaN,,,,          NaN,
,,,          NaN,,,,          NaN,
,,,          NaN,,,,          NaN,
,,,          NaN,,,,          NaN,
,,,          NaN,,,,          NaN,
,,,          NaN,,,,          NaN,
,,,          NaN,,,,          NaN,
,,,          NaN,,,,          NaN,
,,,          NaN,,,,          NaN,
,,,          NaN,,,,          NaN,
,,,          NaN,,,,          NaN,
,,,          NaN,,,,          NaN,
,,,          NaN,,,,          NaN,
,,,          NaN,,,,          NaN,
,,,          NaN,,,,          NaN,
,,,          NaN,,,,          NaN,
,,,          NaN,,,,          NaN,
,,,          NaN,,,,          NaN,
,,,          NaN,,,,          NaN,
,,,          NaN,,,,          NaN,
,,,          NaN,,,,          NaN,
,,,          NaN,,,,          NaN,
,,,          NaN,,,,          NaN,
,,,          NaN,,,,          NaN,
,,,          NaN,,,,          NaN,
,,,          NaN,,,,          NaN,
,,,          NaN,,,,          NaN,
,,,          NaN,,,,          NaN,
,,,          NaN,,,,          NaN,
,,,          NaN,,,,          NaN,
,,,          NaN,,,,          NaN,
,,,          NaN,,,,          NaN,
,,,          NaN,,,,          NaN,
,,,          NaN,,,,          NaN,
,,,          NaN,,,,          NaN,
,,,          NaN,,,,          NaN,
,,,          NaN,,,,          NaN,
,,,          NaN,,,,          NaN,
,,,          NaN,,,,          NaN,
,,,          NaN,,,,          NaN,
,,,          NaN,,,,          NaN,
,,,          NaN,,,,          NaN,
,,,          NaN,,,,          NaN,
,,,          NaN,,,,          NaN,
,,,          NaN,,,,          NaN,
,,,          NaN,,,,          NaN,
,,,          NaN,,,,          NaN,
,,,          NaN,,,,          NaN,
,,,          NaN,,,,          NaN,
,,,          NaN,,,,          NaN,
,,,          NaN,,,,          NaN,
,,,          NaN,,,,          NaN,
,,,          NaN,,,,          NaN,
,,,          NaN,,,,          NaN,
,,,          NaN,,,,          NaN,
,,,          NaN,,,,          NaN,
,,,          NaN,,,,          NaN,
,,,          NaN,,,,          NaN,
,,,          NaN,,,,          NaN,
,,,          NaN,,,,          NaN,
,,,          NaN,,,,          NaN,
,,,          NaN,,,,          NaN,
,,,          NaN,,,,          NaN,
,,,          NaN,,,,          NaN,
,,,          NaN,,,,          NaN,
,,,          NaN,,,,          NaN,
,,,          NaN,,,,          NaN,
,,,          NaN,,,,          NaN,
,,,          NaN,,,,          NaN,
,,,          NaN,,,,          NaN,
,,,          NaN,,,,          NaN,
,,,          NaN,,,,          NaN,
,,,          NaN,,,,          NaN,
,,,          NaN,,,,          NaN,
,,,          NaN,,,,          NaN,
,,,          NaN,,,,          NaN,
,,,          NaN,,,,          NaN,
,,,          NaN,,,,          NaN,
,,,          NaN,,,,          NaN,
,,,          NaN,,,,          NaN,
,,,          NaN,,,,          NaN,
,,,          NaN,,,,          NaN,
,,,          NaN,,,,          NaN,
,,,          NaN,,,,          NaN,
,,,          NaN,,,,          NaN,
,,,          NaN,,,,          NaN,
,,,          NaN,,,,          NaN,
,,,          NaN,,,,          NaN,
,,,          NaN,,,,          NaN,
,,,          NaN,,,,          NaN,
,,,          NaN,,,,          NaN,
,,,          NaN,,,,          NaN,
,,,          NaN,,,,          NaN,
,,,          NaN,,,,          NaN,
,,,          NaN,,,,          NaN,
,,,          NaN,,,,          NaN,
,,,          NaN,,,,          NaN,
,,,          NaN,,,,          NaN,
,,,          NaN,,,,          NaN,
,,,          NaN,,,,          NaN,
,,,          NaN,,,,          NaN,
,,,          NaN,,,,          NaN,
,,,          NaN,,,,          NaN,
,,,          NaN,,,,          NaN,
,,,          NaN,,,,          NaN,
,,,          NaN,,,,          NaN,
,,,          NaN,,,,          NaN,
,,,          NaN,,,,          NaN,
,,,          NaN,,,,          NaN,
,,,          NaN,,,,          NaN,
,,,          NaN,,,,          NaN,
,,,          NaN,,,,          NaN,
,,,          NaN,,,,          NaN,
,,,          NaN,,,,          NaN,
,,,          NaN,,,,          NaN,
,,,          NaN,,,,          NaN,
,,,          NaN,,,,          NaN,
,,,          NaN,,,,          NaN,
,,,          NaN,,,,          NaN,
,,,          NaN,,,,          NaN,
,,,          NaN,,,,          NaN,
,,,          NaN,,,,          NaN,
,,,          NaN,,,,          NaN,
,,,          NaN,,,,          NaN,
,,,          NaN,,,,          NaN,
,,,          NaN,,,,          NaN,
,,,          NaN,,,,          NaN,
,,,          NaN,,,,          NaN,
,,,          NaN,,,,          NaN,
,,,          NaN,,,,          NaN,
,,,          NaN,,,,          NaN,
,,,          NaN,,,,          NaN,
,,,          NaN,,,,          NaN,
,,,          NaN,,,,          NaN,
,,,          NaN,,,,          NaN,
,,,          NaN,,,,          NaN,
,,,          NaN,,,,          NaN,
,,,          NaN,,,,          NaN,
,,,          NaN,,,,          NaN,
,,,          NaN,,,,          NaN,
,,,          NaN,,,,          NaN,
,,,          NaN,,,,          NaN,
,,,          NaN,,,,          NaN,
,,,          NaN,,,,          NaN,
,,,          NaN,,,,          NaN,
,,,          NaN,,,,          NaN,
,,,          NaN,,,,          NaN,
,,,          NaN,,,,          NaN,
,,,          NaN,,,,          NaN,
,,,          NaN,,,,          NaN,
,,,          NaN,,,,          NaN,
,,,          NaN,,,,          NaN,
,,,          NaN,,,,          NaN,
,,,          NaN,,,,          NaN,
,,,          NaN,,,,          NaN,
,,,          NaN,,,,          NaN,
,,,          NaN,,,,          NaN,
,,,          NaN,,,,          NaN,
,,,          NaN,,,,          NaN,
,,,          NaN,,,,          NaN,
,,,          NaN,,,,          NaN,
,,,          NaN,,,,          NaN,
,,,          NaN,,,,          NaN,
,,,          NaN,,,,          NaN,
,,,          NaN,,,,          NaN,
,,,          NaN,,,,          NaN,
,,,          NaN,,,,          NaN,
,,,          NaN,,,,          NaN,
,,,          NaN,,,,          NaN,
,,,          NaN,,,,          NaN,
,,,          NaN,,,,          NaN,
,,,          NaN,,,,          NaN,
,,,          NaN,,,,          NaN,
,,,          NaN,,,,          NaN,
,,,          NaN,,,,          NaN,
,,,          NaN,,,,          NaN,
,,,          NaN,,,,          NaN,
,,,          NaN,,,,          NaN,
,,,          NaN,,,,          NaN,
,,,          NaN,,,,          NaN,
,,,          NaN,,,,          NaN,
,,,          NaN,,,,          NaN,
,,,          NaN,,,,          NaN,
,,,          NaN,,,,          NaN,
,,,          NaN,,,,          NaN,
,,,          NaN,,,,          NaN,
,,,          NaN,,,,          NaN,
,,,          NaN,,,,          NaN,
,,,          NaN,,,,          NaN,
,,,          NaN,,,,          NaN,
,,,          NaN,,,,          NaN,
,,,          NaN,,,,          NaN,
,,,          NaN,,,,          NaN,
,,,          NaN,,,,          NaN,
,,,          NaN,,,,          NaN,
,,,          NaN,,,,          NaN,
,,,          NaN,,,,          NaN,
,,,          NaN,,,,          NaN,
,,,          NaN,,,,          NaN,
,,,          NaN,,,,          NaN,
,,,          NaN,,,,          NaN,
,,,          NaN,,,,          NaN,
,,,          NaN,,,,          NaN,
,,,          NaN,,,,          NaN,
,,,          NaN,,,,          NaN,
,,,          NaN,,,,          NaN,
,,,          NaN,,,,          NaN,
,,,          NaN,,,,          NaN,
,,,          NaN,,,,          NaN,
,,,          NaN,,,,          NaN,
,,,          NaN,,,,          NaN,
,,,          NaN,,,,          NaN,
,,,          NaN,,,,          NaN,
,,,          NaN,,,,          NaN,
,,,          NaN,,,,          NaN,
,,,          NaN,,,,          NaN,
,,,          NaN,,,,          NaN,
,,,          NaN,,,,          NaN,
,,,          NaN,,,,          NaN,
,,,          NaN,,,,          NaN,
,,,          NaN,,,,          NaN,
,,,          NaN,,,,          NaN,
,,,          NaN,,,,          NaN,
,,,          NaN,,,,          NaN,
,,,          NaN,,,,          NaN,
,,,          NaN,,,,          NaN,
,,,          NaN,,,,          NaN,
,,,          NaN,,,,          NaN,
,,,          NaN,,,,          NaN,
,,,          NaN,,,,          NaN,
,,,          NaN,,,,          NaN,
,,,          NaN,,,,          NaN,
,,,          NaN,,,,          NaN,
,,,          NaN,,,,          NaN,
,,,          NaN,,,,          NaN,
,,,          NaN,,,,          NaN,
,,,          NaN,,,,          NaN,
,,,          NaN,,,,          NaN,
,,,          NaN,,,,          NaN,
,,,          NaN,,,,          NaN,
,,,          NaN,,,,          NaN,
,,,          NaN,,,,          NaN,
,,,          NaN,,,,          NaN,
,,,          NaN,,,,          NaN,
,,,          NaN,,,,          NaN,
,,,          NaN,,,,          NaN,
,,,          NaN,,,,          NaN,
,,,          NaN,,,,          NaN,
,,,          NaN,,,,          NaN,
,,,          NaN,,,,          NaN,
,,,          NaN,,,,          NaN,
,,,          NaN,,,,          NaN,
,,,          NaN,,,,          NaN,
,,,          NaN,,,,          NaN,
,,,          NaN,,,,          NaN,
,,,          NaN,,,,          NaN,
,,,          NaN,,,,          NaN,
,,,          NaN,,,,          NaN,
,,,          NaN,,,,          NaN,
,,,          NaN,,,,          NaN,
,,,          NaN,,,,          NaN,
,,,          NaN,,,,          NaN,
,,,          NaN,,,,          NaN,
,,,          NaN,,,,          NaN,
,,,          NaN,,,,          NaN,
,,,          NaN,,,,          NaN,
,,,          NaN,,,,          NaN,
,,,          NaN,,,,          NaN,
,,,          NaN,,,,          NaN,
,,,          NaN,,,,          NaN,
,,,          NaN,,,,          NaN,
,,,          NaN,,,,          NaN,
,,,          NaN,,,,          NaN,
,,,          NaN,,,,          NaN,
,,,          NaN,,,,          NaN,
,,,          NaN,,,,          NaN,
,,,          NaN,,,,          NaN,
,,,          NaN,,,,          NaN,
,,,          NaN,,,,          NaN,
,,,          NaN,,,,          NaN,
,,,          NaN,,,,          NaN,
,,,          NaN,,,,          NaN,
,,,          NaN,,,,          NaN,
,,,          NaN,,,,          NaN,
,,,          NaN,,,,          NaN,
,,,          NaN,,,,          NaN,
,,,          NaN,,,,          NaN,
,,,          NaN,,,,          NaN,
,,,          NaN,,,,          NaN,
,,,          NaN,,,,          NaN,
,,,          NaN,,,,          NaN,
,,,          NaN,,,,          NaN,
,,,          NaN,,,,          NaN,
,,,          NaN,,,,          NaN,
,,,          NaN,,,,          NaN,
,,,          NaN,,,,          NaN,
,,,          NaN,,,,          NaN,
,,,          NaN,,,,          NaN,
,,,          NaN,,,,          NaN,
,,,          NaN,,,,          NaN,
,,,          NaN,,,,          NaN,
,,,          NaN,,,,          NaN,
,,,          NaN,,,,          NaN,
,,,          NaN,,,,          NaN,
,,,          NaN,,,,          NaN,
,,,          NaN,,,,          NaN,
,,,          NaN,,,,          NaN,
,,,          NaN,,,,          NaN,
,,,          NaN,,,,          NaN,
,,,          NaN,,,,          NaN,
,,,          NaN,,,,          NaN,
,,,          NaN,,,,          NaN,
,,,          NaN,,,,          NaN,
,,,          NaN,,,,          NaN,
,,,          NaN,,,,          NaN,
,,,          NaN,,,,          NaN,
,,,          NaN,,,,          NaN,
,,,          NaN,,,,          NaN,
,,,          NaN,,,,          NaN,
,,,          NaN,,,,          NaN,
,,,          NaN,,,,          NaN,
,,,          NaN,,,,          NaN,
,,,          NaN,,,,          NaN,
,,,          NaN,,,,          NaN,
,,,          NaN,,,,          NaN,
,,,          NaN,,,,          NaN,
,,,          NaN,,,,          NaN,
,,,          NaN,,,,          NaN,
,,,          NaN,,,,          NaN,
,,,          NaN,,,,          NaN,
,,,          NaN,,,,          NaN,
,,,          NaN,,,,          NaN,
,,,          NaN,,,,          NaN,
,,,          NaN,,,,          NaN,
,,,          NaN,,,,          NaN,
,,,          NaN,,,,          NaN,
,,,          NaN,,,,          NaN,
,,,          NaN,,,,          NaN,
,,,          NaN,,,,          NaN,
,,,          NaN,,,,          NaN,
,,,          NaN,,,,          NaN,
,,,          NaN,,,,          NaN,
,,,          NaN,,,,          NaN,
,,,          NaN,,,,          NaN,
,,,          NaN,,,,          NaN,
,,,          NaN,,,,          NaN,
,,,          NaN,,,,          NaN,
,,,          NaN,,,,          NaN,
,,,          NaN,,,,          NaN,
,,,          NaN,,,,          NaN,
,,,          NaN,,,,          NaN,
,,,          NaN,,,,          NaN,
,,,          NaN,,,,          NaN,
,,,          NaN,,,,          NaN,
,,,          NaN,,,,          NaN,
,,,          NaN,,,,          NaN,
,,,          NaN,,,,          NaN,
,,,          NaN,,,,          NaN,
,,,          NaN,,,,          NaN,
,,,          NaN,,,,          NaN,
,,,          NaN,,,,          NaN,
,,,          NaN,,,,          NaN,
,,,          NaN,,,,          NaN,
,,,          NaN,,,,          NaN,
,,,          NaN,,,,          NaN,
,,,          NaN,,,,          NaN,
,,,          NaN,,,,          NaN,
,,,          NaN,,,,          NaN,
,,,          NaN,,,,          NaN,
,,,          NaN,,,,          NaN,
,,,          NaN,,,,          NaN,
,,,          NaN,,,,          NaN,
,,,          NaN,,,,          NaN,
,,,          NaN,,,,          NaN,
,,,          NaN,,,,          NaN,
,,,          NaN,,,,          NaN,
,,,          NaN,,,,          NaN,
,,,          NaN,,,,          NaN,
,,,          NaN,,,,          NaN,
,,,          NaN,,,,          NaN,
,,,          NaN,,,,          NaN,
,,,          NaN,,,,          NaN,
,,,          NaN,,,,          NaN,
,,,          NaN,,,,          NaN,
,,,          NaN,,,,          NaN,
,,,          NaN,,,,          NaN,
,,,          NaN,,,,          NaN,
,,,          NaN,,,,          NaN,
,,,          NaN,,,,          NaN,
,,,          NaN,,,,          NaN,
,,,          NaN,,,,          NaN,
,,,          NaN,,,,          NaN,
,,,          NaN,,,,          NaN,
,,,          NaN,,,,          NaN,
,,,          NaN,,,,          NaN,
,,,          NaN,,,,          NaN,
,,,          NaN,,,,          NaN,
,,,          NaN,,,,          NaN,
,,,          NaN,,,,          NaN,
,,,          NaN,,,,          NaN,
,,,          NaN,,,,          NaN,
,,,          NaN,,,,          NaN,
,,,          NaN,,,,          NaN,
,,,          NaN,,,,          NaN,
,,,          NaN,,,,          NaN,
,,,          NaN,,,,          NaN,
,,,          NaN,,,,          NaN,
,,,          NaN,,,,          NaN,
,,,          NaN,,,,          NaN,
,,,          NaN,,,,          NaN,
,,,          NaN,,,,          NaN,
,,,          NaN,,,,          NaN,
,,,          NaN,,,,          NaN,
,,,          NaN,,,,          NaN,
,,,          NaN,,,,          NaN,
,,,          NaN,,,,          NaN,
,,,          NaN,,,,          NaN,
,,,          NaN,,,,          NaN,
,,,          NaN,,,,          NaN,
,,,          NaN,,,,          NaN,
,,,          NaN,,,,          NaN,
,,,          NaN,,,,          NaN,
,,,          NaN,,,,          NaN,
,,,          NaN,,,,          NaN,
,,,          NaN,,,,          NaN,
,,,          NaN,,,,          NaN,
,,,          NaN,,,,          NaN,
,,,          NaN,,,,          NaN,
,,,          NaN,,,,          NaN,
,,,          NaN,,,,          NaN,
,,,          NaN,,,,          NaN,
,,,          NaN,,,,          NaN,
,,,          NaN,,,,          NaN,
,,,          NaN,,,,          NaN,
,,,          NaN,,,,          NaN,
,,,          NaN,,,,          NaN,
,,,          NaN,,,,          NaN,
,,,          NaN,,,,          NaN,
,,,          NaN,,,,          NaN,
,,,          NaN,,,,          NaN,
,,,          NaN,,,,          NaN,
,,,          NaN,,,,          NaN,
,,,          NaN,,,,          NaN,
,,,          NaN,,,,          NaN,
,,,          NaN,,,,          NaN,
,,,          NaN,,,,          NaN,
,,,          NaN,,,,          NaN,
,,,          NaN,,,,          NaN,
,,,          NaN,,,,          NaN,
,,,          NaN,,,,          NaN,
,,,          NaN,,,,          NaN,
,,,          NaN,,,,          NaN,
,,,          NaN,,,,          NaN,
,,,          NaN,,,,          NaN,
,,,          NaN,,,,          NaN,
,,,          NaN,,,,          NaN,
,,,          NaN,,,,          NaN,
,,,          NaN,,,,          NaN,
,,,          NaN,,,,          NaN,
,,,          NaN,,,,          NaN,
,,,          NaN,,,,          NaN,
,,,          NaN,,,,          NaN,
,,,          NaN,,,,          NaN,
,,,          NaN,,,,          NaN,
,,,          NaN,,,,          NaN,
,,,          NaN,,,,          NaN,
,,,          NaN,,,,          NaN,
,,,          NaN,,,,          NaN,
,,,          NaN,,,,          NaN,
,,,          NaN,,,,          NaN,
,,,          NaN,,,,          NaN,
,,,          NaN,,,,          NaN,
,,,          NaN,,,,          NaN,
,,,          NaN,,,,          NaN,
,,,          NaN,,,,          NaN,
,,,          NaN,,,,          NaN,
,,,          NaN,,,,          NaN,
,,,          NaN,,,,          NaN,
,,,          NaN,,,,          NaN,
,,,          NaN,,,,          NaN,
,,,          NaN,,,,          NaN,
,,,          NaN,,,,          NaN,
,,,          NaN,,,,          NaN,
,,,          NaN,,,,          NaN,
,,,          NaN,,,,          NaN,
,,,          NaN,,,,          NaN,
,,,          NaN,,,,          NaN,
,,,          NaN,,,,          NaN,
,,,          NaN,,,,          NaN,
,,,          NaN,,,,          NaN,
,,,          NaN,,,,          NaN,
,,,          NaN,,,,          NaN,
,,,          NaN,,,,          NaN,
,,,          NaN,,,,          NaN,
,,,          NaN,,,,          NaN,
,,,          NaN,,,,          NaN,
,,,          NaN,,,,          NaN,
,,,          NaN,,,,          NaN,
,,,          NaN,,,,          NaN,
,,,          NaN,,,,          NaN,
,,,          NaN,,,,          NaN,
,,,          NaN,,,,          NaN,
,,,          NaN,,,,          NaN,
,,,          NaN,,,,          NaN,
,,,          NaN,,,,          NaN,
,,,          NaN,,,,          NaN,
,,,          NaN,,,,          NaN,
,,,          NaN,,,,          NaN,
,,,          NaN,,,,          NaN,
,,,          NaN,,,,          NaN,
,,,          NaN,,,,          NaN,
,,,          NaN,,,,          NaN,
,,,          NaN,,,,          NaN,
,,,          NaN,,,,          NaN,
,,,          NaN,,,,          NaN,
,,,          NaN,,,,          NaN,
,,,          NaN,,,,          NaN,
,,,          NaN,,,,          NaN,
,,,          NaN,,,,          NaN,
,,,          NaN,,,,          NaN,
,,,          NaN,,,,          NaN,
,,,          NaN,,,,          NaN,
,,,          NaN,,,,          NaN,
,,,          NaN,,,,          NaN,
,,,          NaN,,,,          NaN,
,,,          NaN,,,,          NaN,
,,,          NaN,,,,          NaN,
,,,          NaN,,,,          NaN,
,,,          NaN,,,,          NaN,
,,,          NaN,,,,          NaN,
,,,          NaN,,,,          NaN,
,,,          NaN,,,,          NaN,
,,,          NaN,,,,          NaN,
,,,          NaN,,,,          NaN,
,,,          NaN,,,,          NaN,
,,,          NaN,,,,          NaN,
,,,          NaN,,,,          NaN,
,,,          NaN,,,,          NaN,
,,,          NaN,,,,          NaN,
,,,          NaN,,,,          NaN,
,,,          NaN,,,,          NaN,
,,,          NaN,,,,          NaN,
,,,          NaN,,,,          NaN,
,,,          NaN,,,,          NaN,
,,,          NaN,,,,          NaN,
,,,          NaN,,,,          NaN,
,,,          NaN,,,,          NaN,
,,,          NaN,,,,          NaN,
,,,          NaN,,,,          NaN,
,,,          NaN,,,,          NaN,
,,,          NaN,,,,          NaN,
,,,          NaN,,,,          NaN,
,,,          NaN,,,,          NaN,
,,,          NaN,,,,          NaN,
,,,          NaN,,,,          NaN,
,,,          NaN,,,,          NaN,
,,,          NaN,,,,          NaN,
,,,          NaN,,,,          NaN,
,,,          NaN,,,,          NaN,
,,,          NaN,,,,          NaN,
,,,          NaN,,,,          NaN,
,,,          NaN,,,,          NaN,
,,,          NaN,,,,          NaN,
,,,          NaN,,,,          NaN,
,,,          NaN,,,,          NaN,
,,,          NaN,,,,          NaN,
,,,          NaN,,,,          NaN,
,,,          NaN,,,,          NaN,
,,,          NaN,,,,          NaN,
,,,          NaN,,,,          NaN,
,,,          NaN,,,,          NaN,
,,,          NaN,,,,          NaN,
,,,          NaN,,,,          NaN,
,,,          NaN,,,,          NaN,
,,,          NaN,,,,          NaN,
,,,          NaN,,,,          NaN,
,,,          NaN,,,,          NaN,
,,,          NaN,,,,          NaN,
,,,          NaN,,,,          NaN,
,,,          NaN,,,,          NaN,
,,,          NaN,,,,          NaN,
,,,          NaN,,,,          NaN,
,,,          NaN,,,,          NaN,
,,,          NaN,,,,          NaN,
,,,          NaN,,,,          NaN,
,,,          NaN,,,,          NaN,
,,,          NaN,,,,          NaN,
,,,          NaN,,,,          NaN,
,,,          NaN,,,,          NaN,
,,,          NaN,,,,          NaN,
,,,          NaN,,,,          NaN,
,,,          NaN,,,,          NaN,
,,,          NaN,,,,          NaN,
,,,          NaN,,,,          NaN,
,,,          NaN,,,,          NaN,
,,,          NaN,,,,          NaN,
,,,          NaN,,,,          NaN,
,,,          NaN,,,,          NaN,
,,,          NaN,,,,          NaN,
,,,          NaN,,,,          NaN,
,,,          NaN,,,,          NaN,
,,,          NaN,,,,          NaN,
,,,          NaN,,,,          NaN,
,,,          NaN,,,,          NaN,
,,,          NaN,,,,          NaN,
,,,          NaN,,,,          NaN,
,,,          NaN,,,,          NaN,
,,,          NaN,,,,          NaN,
,,,          NaN,,,,          NaN,
,,,          NaN,,,,          NaN,
,,,          NaN,,,,          NaN,
,,,          NaN,,,,          NaN,
,,,          NaN,,,,          NaN,
,,,          NaN,,,,          NaN,
,,,          NaN,,,,          NaN,
,,,          NaN,,,,          NaN,
,,,          NaN,,,,          NaN,
,,,          NaN,,,,          NaN,
,,,          NaN,,,,          NaN,
,,,          NaN,,,,          NaN,
,,,          NaN,,,,          NaN,
,,,          NaN,,,,          NaN,
,,,          NaN,,,,          NaN,
,,,          NaN,,,,          NaN,
,,,          NaN,,,,          NaN,
,,,          NaN,,,,          NaN,
,,,          NaN,,,,          NaN,
,,,          NaN,,,,          NaN,
,,,          NaN,,,,          NaN,
,,,          NaN,,,,          NaN,
,,,          NaN,,,,          NaN,
,,,          NaN,,,,          NaN,
,,,          NaN,,,,          NaN,
,,,          NaN,,,,          NaN,
,,,          NaN,,,,          NaN,
,,,          NaN,,,,          NaN,
,,,          NaN,,,,          NaN,
,,,          NaN,,,,          NaN,
,,,          NaN,,,,          NaN,
,,,          NaN,,,,          NaN,
,,,          NaN,,,,          NaN,
,,,          NaN,,,,          NaN,
,,,          NaN,,,,          NaN,
,,,          NaN,,,,          NaN,
,,,          NaN,,,,          NaN,
,,,          NaN,,,,          NaN,
,,,          NaN,,,,          NaN,
,,,          NaN,,,,          NaN,
,,,          NaN,,,,          NaN,
,,,          NaN,,,,          NaN,
,,,          NaN,,,,          NaN,
,,,          NaN,,,,          NaN,
,,,          NaN,,,,          NaN,
,,,          NaN,,,,          NaN,
,,,          NaN,,,,          NaN,
,,,          NaN,,,,          NaN,
,,,          NaN,,,,          NaN,
,,,          NaN,,,,          NaN,
,,,          NaN,,,,          NaN,
,,,          NaN,,,,          NaN,
,,,          NaN,,,,          NaN,
,,,          NaN,,,,          NaN,
,,,          NaN,,,,          NaN,
,,,          NaN,,,,          NaN,
,,,          NaN,,,,          NaN,
,,,          NaN,,,,          NaN,
,,,          NaN,,,,          NaN,
,,,          NaN,,,,          NaN,
,,,          NaN,,,,          NaN,
,,,          NaN,,,,          NaN,
,,,          NaN,,,,          NaN,
,,,          NaN,,,,          NaN,
,,,          NaN,,,,          NaN,
,,,          NaN,,,,          NaN,
,,,          NaN,,,,          NaN,
,,,          NaN,,,,          NaN,
,,,          NaN,,,,          NaN,
,,,          NaN,,,,          NaN,
,,,          NaN,,,,          NaN,
,,,          NaN,,,,          NaN,
,,,          NaN,,,,          NaN,
,,,          NaN,,,,          NaN,
,,,          NaN,,,,          NaN,
,,,          NaN,,,,          NaN,
,,,          NaN,,,,          NaN,
,,,          NaN,,,,          NaN,
,,,          NaN,,,,          NaN,
,,,          NaN,,,,          NaN,
,,,          NaN,,,,          NaN,
,,,          NaN,,,,          NaN,
,,,          NaN,,,,          NaN,
,,,          NaN,,,,          NaN,
,,,          NaN,,,,          NaN,
,,,          NaN,,,,          NaN,
,,,          NaN,,,,          NaN,
,,,          NaN,,,,          NaN,
,,,          NaN,,,,          NaN,
,,,          NaN,,,,          NaN,
,,,          NaN,,,,          NaN,
,,,          NaN,,,,          NaN,
,,,          NaN,,,,          NaN,
,,,          NaN,,,,          NaN,
,,,          NaN,,,,          NaN,
,,,          NaN,,,,          NaN,
,,,          NaN,,,,          NaN,
,,,          NaN,,,,          NaN,
,,,          NaN,,,,          NaN,
,,,          NaN,,,,          NaN,
,,,          NaN,,,,          NaN,
,,,          NaN,,,,          NaN,
,,,          NaN,,,,          NaN,
,,,          NaN,,,,          NaN,
,,,          NaN,,,,          NaN,
,,,          NaN,,,,          NaN,
,,,          NaN,,,,          NaN,
,,,          NaN,,,,          NaN,
,,,          NaN,,,,          NaN,
,,,          NaN,,,,          NaN,
,,,          NaN,,,,          NaN,
,,,          NaN,,,,          NaN,
,,,          NaN,,,,          NaN,
,,,          NaN,,,,          NaN,
,,,          NaN,,,,          NaN,
,,,          NaN,,,,          NaN,
,,,          NaN,,,,          NaN,
,,,          NaN,,,,          NaN,
,,,          NaN,,,,          NaN,
,,,          NaN,,,,          NaN,
,,,          NaN,,,,          NaN,
,,,          NaN,,,,          NaN,
,,,          NaN,,,,          NaN,
,,,          NaN,,,,          NaN,
,,,          NaN,,,,          NaN,
,,,          NaN,,,,          NaN,
,,,          NaN,,,,          NaN,
,,,          NaN,,,,          NaN,
,,,          NaN,,,,          NaN,
,,,          NaN,,,,          NaN,
,,,          NaN,,,,          NaN,
,,,          NaN,,,,          NaN,
,,,          NaN,,,,          NaN,
,,,          NaN,,,,          NaN,
,,,          NaN,,,,          NaN,
,,,          NaN,,,,          NaN,
,,,          NaN,,,,          NaN,
,,,          NaN,,,,          NaN,
,,,          NaN,,,,          NaN,
,,,          NaN,,,,          NaN,
,,,          NaN,,,,          NaN,
,,,          NaN,,,,          NaN,
,,,          NaN,,,,          NaN,
,,,          NaN,,,,          NaN,
,,,          NaN,,,,          NaN,
,,,          NaN,,,,          NaN,
,,,          NaN,,,,          NaN,
,,,          NaN,,,,          NaN,
,,,          NaN,,,,          NaN,
,,,          NaN,,,,          NaN,
,,,          NaN,,,,          NaN,
,,,          NaN,,,,          NaN,
,,,          NaN,,,,          NaN,
,,,          NaN,,,,          NaN,
,,,          NaN,,,,          NaN,
,,,          NaN,,,,          NaN,
,,,          NaN,,,,          NaN,
,,,          NaN,,,,          NaN,
,,,          NaN,,,,          NaN,
,,,          NaN,,,,          NaN,
,,,          NaN,,,,          NaN,
,,,          NaN,,,,          NaN,
,,,          NaN,,,,          NaN,
,,,          NaN,,,,          NaN,
,,,          NaN,,,,          NaN,
,,,          NaN,,,,          NaN,
,,,          NaN,,,,          NaN,
,,,          NaN,,,,          NaN,
,,,          NaN,,,,          NaN,
,,,          NaN,,,,          NaN,
,,,          NaN,,,,          NaN,
,,,          NaN,,,,          NaN,
,,,          NaN,,,,          NaN,
,,,          NaN,,,,          NaN,
,,,          NaN,,,,          NaN,
,,,          NaN,,,,          NaN,
,,,          NaN,,,,          NaN,
,,,          NaN,,,,          NaN,
,,,          NaN,,,,          NaN,
,,,          NaN,,,,          NaN,
,,,          NaN,,,,          NaN,
,,,          NaN,,,,          NaN,
,,,          NaN,,,,          NaN,
,,,          NaN,,,,          NaN,
,,,          NaN,,,,          NaN,
,,,          NaN,,,,          NaN,
,,,          NaN,,,,          NaN,
,,,          NaN,,,,          NaN,
,,,          NaN,,,,          NaN,
,,,          NaN,,,,          NaN,
,,,          NaN,,,,          NaN,
,,,          NaN,,,,          NaN,
,,,          NaN,,,,          NaN,
,,,          NaN,,,,          NaN,
,,,          NaN,,,,          NaN,
,,,          NaN,,,,          NaN,
,,,          NaN,,,,          NaN,
,,,          NaN,,,,          NaN,
,,,          NaN,,,,          NaN,
,,,          NaN,,,,          NaN,
,,,          NaN,,,,          NaN,
,,,          NaN,,,,          NaN,
,,,          NaN,,,,          NaN,
,,,          NaN,,,,          NaN,
,,,          NaN,,,,          NaN,
,,,          NaN,,,,          NaN,
,,,          NaN,,,,          NaN,
,,,          NaN,,,,          NaN,
,,,          NaN,,,,          NaN,
,,,          NaN,,,,          NaN,
,,,          NaN,,,,          NaN,
,,,          NaN,,,,          NaN,
,,,          NaN,,,,          NaN,
,,,          NaN,,,,          NaN,
,,,          NaN,,,,          NaN,
,,,          NaN,,,,          NaN,
,,,          NaN,,,,          NaN,
,,,          NaN,,,,          NaN,
,,,          NaN,,,,          NaN,
,,,          NaN,,,,          NaN,
,,,          NaN,,,,          NaN,
,,,          NaN,,,,          NaN,
,,,          NaN,,,,          NaN,
,,,          NaN,,,,          NaN,
,,,          NaN,,,,          NaN,
,,,          NaN,,,,          NaN,
,,,          NaN,,,,          NaN,
,,,          NaN,,,,          NaN,
,,,          NaN,,,,          NaN,
,,,          NaN,,,,          NaN,
,,,          NaN,,,,          NaN,
,,,          NaN,,,,          NaN,
,,,          NaN,,,,          NaN,
,,,          NaN,,,,          NaN,
,,,          NaN,,,,          NaN,
,,,          NaN,,,,          NaN,
,,,          NaN,,,,          NaN,
,,,          NaN,,,,          NaN,
,,,          NaN,,,,          NaN,
,,,          NaN,,,,          NaN,
,,,          NaN,,,,          NaN,
,,,          NaN,,,,          NaN,
,,,          NaN,,,,          NaN,
,,,          NaN,,,,          NaN,
,,,          NaN,,,,          NaN,
,,,          NaN,,,,          NaN,
,,,          NaN,,,,          NaN,
,,,          NaN,,,,          NaN,
,,,          NaN,,,,          NaN,
,,,          NaN,,,,          NaN,
,,,          NaN,,,,          NaN,
,,,          NaN,,,,          NaN,
,,,          NaN,,,,          NaN,
,,,          NaN,,,,          NaN,
,,,          NaN,,,,          NaN,
,,,          NaN,,,,          NaN,
,,,          NaN,,,,          NaN,
,,,          NaN,,,,          NaN,
,,,          NaN,,,,          NaN,
,,,          NaN,,,,          NaN,
,,,          NaN,,,,          NaN,
,,,          NaN,,,,          NaN,
,,,          NaN,,,,          NaN,
,,,          NaN,,,,          NaN,
,,,          NaN,,,,          NaN,
,,,          NaN,,,,          NaN,
,,,          NaN,,,,          NaN,
,,,          NaN,,,,          NaN,
,,,          NaN,,,,          NaN,
,,,          NaN,,,,          NaN,
,,,          NaN,,,,          NaN,
,,,          NaN,,,,          NaN,
,,,          NaN,,,,          NaN,
,,,          NaN,,,,          NaN,
,,,          NaN,,,,          NaN,
,,,          NaN,,,,          NaN,
,,,          NaN,,,,          NaN,
,,,          NaN,,,,          NaN,
,,,          NaN,,,,          NaN,
,,,          NaN,,,,          NaN,
,,,          NaN,,,,          NaN,
,,,          NaN,,,,          NaN,
,,,          NaN,,,,          NaN,
,,,          NaN,,,,          NaN,
,,,          NaN,,,,          NaN,
,,,          NaN,,,,          NaN,
,,,          NaN,,,,          NaN,
,,,          NaN,,,,          NaN,
,,,          NaN,,,,          NaN,
,,,          NaN,,,,          NaN,
,,,          NaN,,,,          NaN,
,,,          NaN,,,,          NaN,
,,,          NaN,,,,          NaN,
,,,          NaN,,,,          NaN,
,,,          NaN,,,,          NaN,
,,,          NaN,,,,          NaN,
,,,          NaN,,,,          NaN,
,,,          NaN,,,,          NaN,
,,,          NaN,,,,          NaN,
,,,          NaN,,,,          NaN,
,,,          NaN,,,,          NaN,
,,,          NaN,,,,          NaN,
,,,          NaN,,,,          NaN,
,,,          NaN,,,,          NaN,
,,,          NaN,,,,          NaN,
,,,          NaN,,,,          NaN,
,,,          NaN,,,,          NaN,
,,,          NaN,,,,          NaN,
,,,          NaN,,,,          NaN,
,,,          NaN,,,,          NaN,
,,,          NaN,,,,          NaN,
,,,          NaN,,,,          NaN,
,,,          NaN,,,,          NaN,
,,,          NaN,,,,          NaN,
,,,          NaN,,,,          NaN,
,,,          NaN,,,,          NaN,
,,,          NaN,,,,          NaN,
,,,          NaN,,,,          NaN,
,,,          NaN,,,,          NaN,
,,,          NaN,,,,          NaN,
,,,          NaN,,,,          NaN,
,,,          NaN,,,,          NaN,
,,,          NaN,,,,          NaN,
,,,          NaN,,,,          NaN,
,,,          NaN,,,,          NaN,
,,,          NaN,,,,          NaN,
,,,          NaN,,,,          NaN,
,,,          NaN,,,,          NaN,
,,,          NaN,,,,          NaN,
,,,          NaN,,,,          NaN,
,,,          NaN,,,,          NaN,
,,,          NaN,,,,          NaN,
,,,          NaN,,,,          NaN,
,,,          NaN,,,,          NaN,
,,,          NaN,,,,          NaN,
,,,          NaN,,,,          NaN,
,,,          NaN,,,,          NaN,
,,,          NaN,,,,          NaN,
,,,          NaN,,,,          NaN,
,,,          NaN,,,,          NaN,
,,,          NaN,,,,          NaN,
,,,          NaN,,,,          NaN,
,,,          NaN,,,,          NaN,
,,,          NaN,,,,          NaN,
,,,          NaN,,,,          NaN,
,,,          NaN,,,,          NaN,
,,,          NaN,,,,          NaN,
,,,          NaN,,,,          NaN,
,,,          NaN,,,,          NaN,
,,,          NaN,,,,          NaN,
,,,          NaN,,,,          NaN,
,,,          NaN,,,,          NaN,
,,,          NaN,,,,          NaN,
,,,          NaN,,,,          NaN,
,,,          NaN,,,,          NaN,
,,,          NaN,,,,          NaN,
,,,          NaN,,,,          NaN,
,,,          NaN,,,,          NaN,
,,,          NaN,,,,          NaN,
,,,          NaN,,,,          NaN,
,,,          NaN,,,,          NaN,
,,,          NaN,,,,          NaN,
,,,          NaN,,,,          NaN,
,,,          NaN,,,,          NaN,
,,,          NaN,,,,          NaN,
,,,          NaN,,,,          NaN,
,,,          NaN,,,,          NaN,
,,,          NaN,,,,          NaN,
,,,          NaN,,,,          NaN,
,,,          NaN,,,,          NaN,
,,,          NaN,,,,          NaN,
,,,          NaN,,,,          NaN,
,,,          NaN,,,,          NaN,
,,,          NaN,,,,          NaN,
,,,          NaN,,,,          NaN,
,,,          NaN,,,,          NaN,
,,,          NaN,,,,          NaN,
,,,          NaN,,,,          NaN,
,,,          NaN,,,,          NaN,
,,,          NaN,,,,          NaN,
,,,          NaN,,,,          NaN,
,,,          NaN,,,,          NaN,
,,,          NaN,,,,          NaN,
,,,          NaN,,,,          NaN,
,,,          NaN,,,,          NaN,
,,,          NaN,,,,          NaN,
,,,          NaN,,,,          NaN,
,,,          NaN,,,,          NaN,
,,,          NaN,,,,          NaN,
,,,          NaN,,,,          NaN,
,,,          NaN,,,,          NaN,
,,,          NaN,,,,          NaN,
,,,          NaN,,,,          NaN,
,,,          NaN,,,,          NaN,
,,,          NaN,,,,          NaN,
,,,          NaN,,,,          NaN,
,,,          NaN,,,,          NaN,
,,,          NaN,,,,          NaN,
,,,          NaN,,,,          NaN,
,,,          NaN,,,,          NaN,
,,,          NaN,,,,          NaN,
,,,          NaN,,,,          NaN,
,,,          NaN,,,,          NaN,
,,,          NaN,,,,          NaN,
,,,          NaN,,,,          NaN,
,,,          NaN,,,,          NaN,
,,,          NaN,,,,          NaN,
,,,          NaN,,,,          NaN,
,,,          NaN,,,,          NaN,
,,,          NaN,,,,          NaN,
,,,          NaN,,,,          NaN,
,,,          NaN,,,,          NaN,
,,,          NaN,,,,          NaN,
,,,          NaN,,,,          NaN,
,,,          NaN,,,,          NaN,
,,,          NaN,,,,          NaN,
,,,          NaN,,,,          NaN,
,,,          NaN,,,,          NaN,
,,,          NaN,,,,          NaN,
,,,          NaN,,,,          NaN,
,,,          NaN,,,,          NaN,
,,,          NaN,,,,          NaN,
,,,          NaN,,,,          NaN,
,,,          NaN,,,,          NaN,
,,,          NaN,,,,          NaN,
,,,          NaN,,,,          NaN,
,,,          NaN,,,,          NaN,
,,,          NaN,,,,          NaN,
,,,          NaN,,,,          NaN,
,,,          NaN,,,,          NaN,
,,,          NaN,,,,          NaN,
,,,          NaN,,,,          NaN,
,,,          NaN,,,,          NaN,
,,,          NaN,,,,          NaN,
,,,          NaN,,,,          NaN,
,,,          NaN,,,,          NaN,
,,,          NaN,,,,          NaN,
,,,          NaN,,,,          NaN,
,,,          NaN,,,,          NaN,
,,,          NaN,,,,          NaN,
,,,          NaN,,,,          NaN,
,,,          NaN,,,,          NaN,
,,,          NaN,,,,          NaN,
,,,          NaN,,,,          NaN,
,,,          NaN,,,,          NaN,
,,,          NaN,,,,          NaN,
,,,          NaN,,,,          NaN,
,,,          NaN,,,,          NaN,
,,,          NaN,,,,          NaN,
,,,          NaN,,,,          NaN,
,,,          NaN,,,,          NaN,
,,,          NaN,,,,          NaN,
,,,          NaN,,,,          NaN,
,,,          NaN,,,,          NaN,
