Time_abs/ps, Signal 1/nA, Ref.signal 1/nA, Signal 2/nA, Ref.signal 2/nA
  1800.000,     0.090945,     0.030839,     0.005566,
  1800.050,     0.049371,     0.022589,    -0.002851,
  1800.100,    -0.005355,    -0.002763,     0.000381,
  1800.150,    -0.045422,    -0.014345,    -0.004330,
  1800.200,    -0.089538,    -0.036320,     0.001234,
  1800.250,    -0.132734,    -0.057176,     0.003332,
  1800.300,    -0.166002,    -0.097634,    -0.001689,
  1800.350,    -0.217387,    -0.111622,    -0.001735,
  1800.400,    -0.240223,    -0.148340,    -0.001965,
  1800.450,    -0.287995,    -0.166510,     0.000327,
  1800.500,    -0.309755,    -0.153366,    -0.002261,
  1800.550,    -0.356676,    -0.146137,    -0.002922,
  1800.600,    -0.378092,    -0.074719,    -0.003090,
  1800.650,    -0.407690,     0.005458,     0.000933,
  1800.700,    -0.436616,     0.138383,     0.003546,
  1800.750,    -0.456162,     0.265887,    -0.006525,
  1800.800,    -0.460868,     0.416824,    -0.004304,
  1800.850,    -0.485201,     0.539163,     0.003163,
  1800.900,    -0.510186,     0.659952,    -0.002379,
  1800.950,    -0.528334,     0.752825,     0.002809,
  1801.000,    -0.549576,     0.809669,    -0.003330,
  1801.050,    -0.557859,     0.843742,     0.002672,
  1801.100,    -0.571872,     0.857489,    -0.006911,
  1801.150,    -0.577220,     0.849085,    -0.003991,
  1801.200,    -0.590432,     0.821953,     0.004143,
  1801.250,    -0.582846,     0.789808,    -0.005005,
  1801.300,    -0.559689,     0.749382,    -0.002083,
  1801.350,    -0.543323,     0.717337,    -0.003538,
  1801.400,    -0.508004,     0.665684,    -0.000184,
  1801.450,    -0.456326,     0.626989,    -0.010059,
  1801.500,    -0.403002,     0.590193,     0.003559,
  1801.550,    -0.326356,     0.545302,    -0.004993,
  1801.600,    -0.241528,     0.524779,    -0.009715,
  1801.650,    -0.154342,     0.493844,    -0.000734,
  1801.700,    -0.060925,     0.474700,    -0.007076,
  1801.750,     0.027905,     0.439705,    -0.000806,
  1801.800,     0.105482,     0.410475,     0.004987,
  1801.850,     0.180352,     0.392821,    -0.002221,
  1801.900,     0.250760,     0.358850,     0.002079,
  1801.950,     0.289470,     0.326683,    -0.007156,
  1802.000,     0.317653,     0.307509,    -0.010694,
  1802.050,     0.331044,     0.294495,    -0.005136,
  1802.100,     0.342520,     0.273851,    -0.004759,
  1802.150,     0.338250,     0.257711,    -0.008101,
  1802.200,     0.314224,     0.257427,     0.002134,
  1802.250,     0.286734,     0.251798,    -0.004607,
  1802.300,     0.246985,     0.230449,    -0.010011,
  1802.350,     0.208953,     0.190519,    -0.003139,
  1802.400,     0.166304,     0.144981,     0.003118,
  1802.450,     0.122181,     0.081605,     0.000041,
  1802.500,     0.081788,     0.009261,    -0.005008,
  1802.550,     0.043431,    -0.069030,    -0.008779,
  1802.600,     0.005621,    -0.161640,     0.004064,
  1802.650,    -0.020783,    -0.242984,     0.005556,
  1802.700,    -0.057395,    -0.283866,    -0.001680,
  1802.750,    -0.091214,    -0.328301,     0.002446,
  1802.800,    -0.119589,    -0.352426,     0.000442,
  1802.850,    -0.140318,    -0.370015,     0.001293,
  1802.900,    -0.160848,    -0.380164,    -0.001118,
  1802.950,    -0.204062,    -0.392753,    -0.002202,
  1803.000,    -0.218035,    -0.416254,    -0.002236,
  1803.050,    -0.253154,    -0.436693,    -0.004596,
  1803.100,    -0.274836,    -0.450772,    -0.008089,
  1803.150,    -0.307393,    -0.477408,    -0.001442,
  1803.200,    -0.354566,    -0.501388,    -0.002504,
  1803.250,    -0.395240,    -0.533175,    -0.000868,
  1803.300,    -0.435977,    -0.552693,    -0.003708,
  1803.350,    -0.491440,    -0.592597,    -0.002987,
  1803.400,    -0.545400,    -0.615786,     0.000455,
  1803.450,    -0.591464,    -0.644685,    -0.010357,
  1803.500,    -0.653897,    -0.675552,    -0.001503,
  1803.550,    -0.699829,    -0.692478,     0.008980,
  1803.600,    -0.750569,    -0.714295,     0.001403,
  1803.650,    -0.806791,    -0.725818,    -0.002995,
  1803.700,    -0.849730,    -0.726949,    -0.001999,
  1803.750,    -0.887221,    -0.737666,    -0.000537,
  1803.800,    -0.913773,    -0.736396,     0.003352,
  1803.850,    -0.951137,    -0.736067,    -0.004915,
  1803.900,    -0.975412,    -0.741579,    -0.002767,
  1803.950,    -0.996919,    -0.737511,    -0.005668,
  1804.000,    -1.027606,    -0.730586,    -0.001944,
  1804.050,    -1.042338,    -0.738692,    -0.001262,
  1804.100,    -1.068148,    -0.751549,     0.001692,
  1804.150,    -1.081392,    -0.769618,     0.002707,
  1804.200,    -1.107924,    -0.805761,     0.002429,
  1804.250,    -1.131509,    -0.847726,     0.003392,
  1804.300,    -1.151089,    -0.914264,    -0.004234,
  1804.350,    -1.158047,    -0.976773,    -0.003397,
  1804.400,    -1.182620,    -1.057418,     0.000780,
  1804.450,    -1.196745,    -1.136987,    -0.001537,
  1804.500,    -1.209764,    -1.219164,    -0.005081,
  1804.550,    -1.218420,    -1.296744,    -0.006374,
  1804.600,    -1.232083,    -1.364474,    -0.009375,
  1804.650,    -1.232253,    -1.434925,    -0.010217,
  1804.700,    -1.249728,    -1.512648,     0.007508,
  1804.750,    -1.256055,    -1.590881,     0.003438,
  1804.800,    -1.260744,    -1.679175,    -0.000479,
  1804.850,    -1.276483,    -1.786131,    -0.003762,
  1804.900,    -1.288420,    -1.915827,    -0.003226,
  1804.950,    -1.312715,    -2.050559,    -0.002640,
  1805.000,    -1.334767,    -2.216078,    -0.002658,
  1805.050,    -1.368165,    -2.389188,    -0.004798,
  1805.100,    -1.408540,    -2.571353,     0.000235,
  1805.150,    -1.454131,    -2.783385,     0.002261,
  1805.200,    -1.504844,    -2.995293,     0.008757,
  1805.250,    -1.563947,    -3.245059,    -0.000642,
  1805.300,    -1.636325,    -3.505379,    -0.006247,
  1805.350,    -1.711471,    -3.791223,     0.000880,
  1805.400,    -1.784830,    -4.102874,    -0.003054,
  1805.450,    -1.870190,    -4.433665,    -0.003288,
  1805.500,    -1.956591,    -4.748462,     0.010007,
  1805.550,    -2.050078,    -5.023007,     0.001696,
  1805.600,    -2.161811,    -5.212195,    -0.003933,
  1805.650,    -2.271239,    -5.259341,     0.001623,
  1805.700,    -2.390108,    -5.059597,    -0.002209,
  1805.750,    -2.509697,    -4.542366,    -0.007508,
  1805.800,    -2.656330,    -3.647244,    -0.001449,
  1805.850,    -2.820580,    -2.346003,     0.001661,
  1805.900,    -2.989207,    -0.660014,    -0.002995,
  1805.950,    -3.166153,     1.263599,    -0.004051,
  1806.000,    -3.365959,     3.281265,    -0.001771,
  1806.050,    -3.583002,     5.142304,    -0.004573,
  1806.100,    -3.823230,     6.606792,    -0.007726,
  1806.150,    -4.030573,     7.559915,    -0.000812,
  1806.200,    -4.254480,     7.936108,    -0.003340,
  1806.250,    -4.470861,     7.722804,     0.008394,
  1806.300,    -4.637355,     6.994019,    -0.001405,
  1806.350,    -4.741748,     5.821042,    -0.000120,
  1806.400,    -4.763776,     4.334815,     0.004076,
  1806.450,    -4.679465,     2.628428,     0.004447,
  1806.500,    -4.472288,     0.815825,     0.000160,
  1806.550,    -4.097451,    -1.007676,    -0.001038,
  1806.600,    -3.554153,    -2.820037,    -0.001908,
  1806.650,    -2.847600,    -4.592980,    -0.007173,
  1806.700,    -1.990688,    -6.299999,    -0.003473,
  1806.750,    -1.000933,    -7.905984,     0.000696,
  1806.800,     0.056824,    -9.436619,     0.001111,
  1806.850,     1.130509,   -10.896027,    -0.007191,
  1806.900,     2.172594,   -12.349698,    -0.002470,
  1806.950,     3.104274,   -13.856912,     0.001905,
  1807.000,     3.861855,   -15.450296,     0.002464,
  1807.050,     4.379614,   -17.184559,    -0.006042,
  1807.100,     4.614283,   -19.069222,    -0.007578,
  1807.150,     4.532568,   -21.082060,    -0.007584,
  1807.200,     4.152428,   -23.245397,    -0.008720,
  1807.250,     3.437017,   -25.548886,    -0.002933,
  1807.300,     2.441525,   -28.005309,    -0.008146,
  1807.350,     1.206823,   -30.666806,    -0.002501,
  1807.400,    -0.251855,   -33.518977,     0.003459,
  1807.450,    -1.864104,   -36.667968,     0.002936,
  1807.500,    -3.598550,   -40.185092,    -0.000068,
  1807.550,    -5.406104,   -44.169146,    -0.002047,
  1807.600,    -7.250689,   -48.685110,    -0.003649,
  1807.650,    -9.099622,   -53.747118,    -0.002398,
  1807.700,   -10.967042,   -59.381802,    -0.009208,
  1807.750,   -12.824506,   -65.556572,    -0.000324,
  1807.800,   -14.704674,   -72.242874,     0.007137,
  1807.850,   -16.605902,   -79.436816,     0.001202,
  1807.900,   -18.536393,   -87.085359,    -0.003886,
  1807.950,   -20.544912,   -95.290484,    -0.000649,
  1808.000,   -22.663921,  -104.238752,     0.001594,
  1808.050,   -24.890780,  -114.056605,     0.003279,
  1808.100,   -27.279900,  -125.006153,    -0.000996,
  1808.150,   -29.890636,  -137.422891,    -0.007229,
  1808.200,   -32.724223,  -151.517324,     0.003464,
  1808.250,   -35.826568,  -167.479579,     0.007585,
  1808.300,   -39.263240,  -185.373010,     0.006946,
  1808.350,   -43.043476,  -205.141586,     0.008076,
  1808.400,   -47.210355,  -226.478602,     0.010621,
  1808.450,   -51.814953,  -248.690018,     0.006658,
  1808.500,   -56.855895,  -270.519215,     0.000059,
  1808.550,   -62.435088,  -289.807753,     0.006228,
  1808.600,   -68.572600,  -303.281109,     0.003186,
  1808.650,   -75.338036,  -306.460936,     0.012656,
  1808.700,   -82.741594,  -293.961279,     0.013276,
  1808.750,   -90.834400,  -260.031992,     0.007557,
  1808.800,   -99.765179,  -199.746181,     0.007634,
  1808.850,  -109.596168,  -110.613762,     0.012507,
  1808.900,  -120.401812,     6.077088,     0.016796,
  1808.950,  -132.240714,   144.216994,     0.016395,
  1809.000,  -145.142517,   293.307294,     0.021367,
  1809.050,  -159.056765,   440.350759,     0.020895,
  1809.100,  -173.748933,   572.110734,     0.021423,
  1809.150,  -188.813789,   678.237683,     0.029509,
  1809.200,  -203.705224,   752.720271,     0.033410,
  1809.250,  -217.452170,   793.793309,     0.032282,
  1809.300,  -228.818826,   803.082987,     0.029371,
  1809.350,  -236.308064,   784.308596,     0.032631,
  1809.400,  -238.034089,   742.424950,     0.027711,
  1809.450,  -232.036948,   683.055581,     0.029559,
  1809.500,  -216.408439,   611.692380,     0.029244,
  1809.550,  -189.453599,   533.175242,     0.023555,
  1809.600,  -149.871923,   451.177283,     0.012275,
  1809.650,   -97.238873,   368.997474,     0.001163,
  1809.700,   -31.925567,   289.884465,     0.001193,
  1809.750,    44.727187,   216.898804,    -0.009302,
  1809.800,   130.293052,   152.211480,    -0.016370,
  1809.850,   221.718553,    96.245351,    -0.024375,
  1809.900,   314.957579,    47.991641,    -0.040395,
  1809.950,   405.644450,     5.660212,    -0.061954,
  1810.000,   489.363742,   -32.101412,    -0.066055,
  1810.050,   561.823637,   -65.378219,    -0.073857,
  1810.100,   619.583003,   -93.416084,    -0.083611,
  1810.150,   660.142654,  -115.086280,    -0.088785,
  1810.200,   681.888181,  -129.311468,    -0.095514,
  1810.250,   684.428992,  -135.327639,    -0.092461,
  1810.300,   668.526124,  -132.684068,    -0.086228,
  1810.350,   635.790375,  -121.656753,    -0.091966,
  1810.400,   588.705847,  -103.946644,    -0.084772,
  1810.450,   530.257873,   -83.238025,    -0.071112,
  1810.500,   463.629240,   -64.771241,    -0.068354,
  1810.550,   392.095991,   -53.945200,    -0.059790,
  1810.600,   318.813829,   -54.531239,    -0.046883,
  1810.650,   246.425203,   -67.632699,    -0.049857,
  1810.700,   177.206574,   -91.477676,    -0.034415,
  1810.750,   113.033596,  -122.452563,    -0.022494,
  1810.800,    55.346604,  -155.917142,    -0.015915,
  1810.850,     5.125186,  -186.391017,    -0.004282,
  1810.900,   -37.208338,  -208.447592,     0.006886,
  1810.950,   -71.392998,  -217.900756,     0.008523,
  1811.000,   -97.531468,  -213.501224,     0.001430,
  1811.050,  -116.132526,  -197.603418,     0.005814,
  1811.100,  -127.932395,  -175.225104,     0.011327,
  1811.150,  -133.940250,  -151.819411,     0.015905,
  1811.200,  -135.376197,  -131.316213,     0.019077,
  1811.250,  -133.601739,  -115.312241,     0.013902,
  1811.300,  -130.052532,  -103.481570,     0.014952,
  1811.350,  -126.124866,   -95.163116,     0.015197,
  1811.400,  -123.039438,   -90.127489,     0.019858,
  1811.450,  -121.721402,   -88.398719,     0.017515,
  1811.500,  -122.720943,   -89.664824,     0.022004,
  1811.550,  -126.149660,   -93.014522,     0.025117,
  1811.600,  -131.744541,   -97.292070,     0.021744,
  1811.650,  -138.873687,  -101.768245,     0.024130,
  1811.700,  -146.677180,  -106.043544,     0.021475,
  1811.750,  -154.149662,  -109.510864,     0.021218,
  1811.800,  -160.334866,  -111.244869,     0.023430,
  1811.850,  -164.448406,  -110.265622,     0.019642,
  1811.900,  -165.962718,  -106.297794,     0.021543,
  1811.950,  -164.673084,   -99.737290,     0.018593,
  1812.000,  -160.676804,   -91.109923,     0.015326,
  1812.050,  -154.395412,   -80.600174,     0.018772,
  1812.100,  -146.416469,   -67.941262,     0.019543,
  1812.150,  -137.495002,   -53.050084,     0.015873,
  1812.200,  -128.393409,   -36.708024,     0.023118,
  1812.250,  -119.806878,   -20.652235,     0.015134,
  1812.300,  -112.282792,    -6.983899,     0.011056,
  1812.350,  -106.152086,     2.800564,     0.012558,
  1812.400,  -101.575042,     8.001764,     0.010041,
  1812.450,   -98.476382,     8.358984,     0.010540,
  1812.500,   -96.608381,     3.627361,     0.007693,
  1812.550,   -95.572333,    -6.163345,     0.013261,
  1812.600,   -94.854587,   -20.053253,     0.013005,
  1812.650,   -93.946114,   -35.661910,     0.016694,
  1812.700,   -92.389488,   -49.232546,     0.016541,
  1812.750,   -89.774370,   -57.155161,     0.006259,
  1812.800,   -85.825247,   -57.694541,     0.005800,
  1812.850,   -80.395871,   -51.361339,     0.008840,
  1812.900,   -73.519599,   -40.271531,     0.008120,
  1812.950,   -65.410697,   -27.240914,     0.009840,
  1813.000,   -56.496733,   -15.199432,     0.012692,
  1813.050,   -47.235301,    -6.879072,     0.004966,
  1813.100,   -38.142133,    -4.294650,     0.002534,
  1813.150,   -29.822564,    -7.834655,     0.010580,
  1813.200,   -22.798437,   -15.706100,     0.013561,
  1813.250,   -17.450336,   -24.760911,     0.010266,
  1813.300,   -14.041576,   -31.839009,     0.008409,
  1813.350,   -12.590410,   -34.916423,     0.003161,
  1813.400,   -12.920430,   -33.395553,    -0.001351,
  1813.450,   -14.681703,   -27.880374,    -0.001117,
  1813.500,   -17.420982,   -19.469759,    -0.000046,
  1813.550,   -20.610286,    -9.067029,     0.000615,
  1813.600,   -23.762344,     2.813476,     0.001538,
  1813.650,   -26.428415,    15.638046,     0.002707,
  1813.700,   -28.340241,    28.450602,    -0.000715,
  1813.750,   -29.393443,    39.801034,    -0.000642,
  1813.800,   -29.581158,    48.265980,     0.007599,
  1813.850,   -29.035489,    52.874577,     0.002365,
  1813.900,   -27.993032,    53.092189,     0.004367,
  1813.950,   -26.639025,    48.973006,     0.000667,
  1814.000,   -25.136825,    41.448887,     0.000154,
  1814.050,   -23.572169,    32.299057,     0.007459,
  1814.100,   -21.913767,    23.720685,    -0.004300,
  1814.150,   -20.073585,    17.119147,    -0.004795,
  1814.200,   -17.867294,    12.140736,     0.003206,
  1814.250,   -15.131041,     6.948730,     0.001392,
  1814.300,   -11.677437,     0.049216,     0.003572,
  1814.350,    -7.413980,    -8.283430,     0.004364,
  1814.400,    -2.367322,   -16.440006,    -0.004726,
  1814.450,     3.354588,   -23.088598,    -0.001580,
  1814.500,     9.476849,   -28.351256,    -0.001932,
  1814.550,    15.652110,   -33.313268,    -0.006903,
  1814.600,    21.563251,   -38.942426,    -0.006547,
  1814.650,    26.795074,   -45.292979,    -0.002118,
  1814.700,    30.979134,   -51.345716,    -0.003778,
  1814.750,    33.798766,   -55.323473,    -0.007404,
  1814.800,    35.068721,   -55.423406,    -0.005514,
  1814.850,    34.723528,   -50.481993,     0.001576,
  1814.900,    32.759894,   -40.518671,    -0.010743,
  1814.950,    29.298498,   -26.795281,    -0.015833,
  1815.000,    24.516988,   -11.172740,    -0.007247,
  1815.050,    18.655562,     4.470269,    -0.005638,
  1815.100,    12.007715,    18.259822,    -0.000668,
  1815.150,     4.840969,    28.463146,     0.003151,
  1815.200,    -2.611621,    34.008095,    -0.003062,
  1815.250,   -10.084851,    35.018669,    -0.003732,
  1815.300,   -17.305148,    32.711627,     0.002777,
  1815.350,   -24.008086,    28.512521,     0.010732,
  1815.400,   -29.933530,    23.433056,     0.007167,
  1815.450,   -34.845532,    18.147403,    -0.000011,
  1815.500,   -38.501680,    13.509880,     0.001850,
  1815.550,   -40.674350,    10.665819,     0.005413,
  1815.600,   -41.179149,    10.676274,     0.008934,
  1815.650,   -39.933439,    13.597476,     0.008193,
  1815.700,   -36.923143,    17.967582,     0.010512,
  1815.750,   -32.291514,    21.400997,     0.013038,
  1815.800,   -26.265951,    22.127831,     0.004002,
  1815.850,   -19.198008,    20.212816,     0.000674,
  1815.900,   -11.557277,    17.263044,    -0.005873,
  1815.950,    -3.797166,    14.762414,    -0.005388,
  1816.000,     3.612000,    12.819819,     0.000665,
  1816.050,    10.228775,    10.249420,    -0.001174,
  1816.100,    15.754044,     5.905116,    -0.005732,
  1816.150,    20.025003,    -0.173043,    -0.010900,
  1816.200,    22.961020,    -6.916319,    -0.011026,
  1816.250,    24.635750,   -13.341956,     0.000112,
  1816.300,    25.216177,   -19.238313,     0.006898,
  1816.350,    24.917309,   -24.590355,     0.000023,
  1816.400,    24.011052,   -28.693806,    -0.004295,
  1816.450,    22.720501,   -30.095370,    -0.006768,
  1816.500,    21.240196,   -27.474026,    -0.007522,
  1816.550,    19.684394,   -20.596461,    -0.009836,
  1816.600,    18.120520,   -10.448612,    -0.004807,
  1816.650,    16.552717,     1.264548,    -0.004573,
  1816.700,    14.893922,    12.684143,    -0.005003,
  1816.750,    13.067986,    22.290614,    -0.002969,
  1816.800,    10.991089,    29.261352,    -0.007241,
  1816.850,     8.572955,    33.736424,    -0.004324,
  1816.900,     5.759805,    36.526148,    -0.002039,
  1816.950,     2.565990,    38.222645,    -0.002670,
  1817.000,    -0.884922,    38.961661,     0.001172,
  1817.050,    -4.432695,    38.854024,     0.003991,
  1817.100,    -7.850346,    38.262789,     0.003788,
  1817.150,   -10.852972,    37.550314,     0.006308,
  1817.200,   -13.178928,    36.520661,     0.004088,
  1817.250,   -14.563251,    34.320113,    -0.001107,
  1817.300,   -14.797154,    30.168775,     0.002096,
  1817.350,   -13.744387,    24.044079,     0.001744,
  1817.400,   -11.400872,    16.855429,    -0.001901,
  1817.450,    -7.863262,     9.939466,    -0.002047,
  1817.500,    -3.280438,     4.494584,    -0.004030,
  1817.550,     2.055937,     1.631354,    -0.002539,
  1817.600,     7.808155,     1.987715,    -0.005526,
  1817.650,    13.637245,     5.287544,     0.001614,
  1817.700,    19.242175,    10.372081,     0.001135,
  1817.750,    24.334259,    15.912844,    -0.005738,
  1817.800,    28.652276,    20.809075,    -0.011560,
  1817.850,    31.984593,    24.318112,    -0.005657,
  1817.900,    34.237307,    26.161136,    -0.003778,
  1817.950,    35.342047,    26.488887,    -0.010222,
  1818.000,    35.337311,    25.459889,    -0.011217,
  1818.050,    34.292880,    22.664431,    -0.011260,
  1818.100,    32.348080,    16.992049,    -0.008381,
  1818.150,    29.709695,     7.084833,    -0.008930,
  1818.200,    26.618357,    -7.476458,    -0.007855,
  1818.250,    23.330112,   -24.940827,    -0.010639,
  1818.300,    20.119914,   -41.703352,    -0.017046,
  1818.350,    17.244543,   -53.999840,    -0.012357,
  1818.400,    14.896607,   -59.675601,    -0.009925,
  1818.450,    13.216028,   -58.507623,    -0.006513,
  1818.500,    12.230401,   -51.732028,    -0.008352,
  1818.550,    11.894777,   -41.345446,    -0.003689,
  1818.600,    12.062261,   -29.581147,    -0.002871,
  1818.650,    12.488490,   -18.397054,    -0.007070,
  1818.700,    12.859067,    -8.847344,    -0.014142,
  1818.750,    12.826997,    -0.941382,    -0.016076,
  1818.800,    12.070234,     6.021473,    -0.003632,
  1818.850,    10.342744,    12.748484,     0.006289,
  1818.900,     7.449991,    19.295508,    -0.000721,
  1818.950,     3.352030,    24.959962,    -0.001680,
  1819.000,    -1.803249,    28.642969,     0.001202,
  1819.050,    -7.729286,    29.649580,    -0.001417,
  1819.100,   -14.023550,    28.275034,    -0.003203,
  1819.150,   -20.200406,    25.761606,     0.001652,
  1819.200,   -25.741383,    23.516712,    -0.000135,
  1819.250,   -30.153307,    22.214185,     0.003675,
  1819.300,   -33.054464,    21.387081,     0.008529,
  1819.350,   -34.190032,    19.901255,     0.003189,
  1819.400,   -33.459730,    17.023605,    -0.006395,
  1819.450,   -30.887097,    13.023248,    -0.006402,
  1819.500,   -26.686376,     8.886667,     0.003720,
  1819.550,   -21.170720,     5.545846,     0.002051,
  1819.600,   -14.737131,     3.182344,     0.003128,
  1819.650,    -7.828656,     1.245452,     0.000539,
  1819.700,    -0.898618,    -1.013310,     0.001528,
  1819.750,     5.678716,    -3.935590,     0.003054,
  1819.800,    11.553492,    -7.270406,    -0.004959,
  1819.850,    16.479373,   -10.501631,    -0.011177,
  1819.900,    20.333958,   -13.235234,    -0.007077,
  1819.950,    23.033793,   -15.384401,     0.001017,
  1820.000,    24.573223,   -17.169212,     0.001339,
  1820.050,    25.012523,   -19.029205,    -0.007705,
  1820.100,    24.475190,   -21.284336,    -0.006610,
  1820.150,    23.112845,   -23.922066,    -0.005982,
  1820.200,    21.059749,   -26.612724,    -0.004956,
  1820.250,    18.469732,   -28.871238,    -0.005032,
  1820.300,    15.520945,   -30.062538,    -0.011378,
  1820.350,    12.322257,   -29.593305,    -0.003847,
  1820.400,     9.036288,   -26.898648,     0.000655,
  1820.450,     5.696082,   -21.394868,    -0.003302,
  1820.500,     2.357472,   -12.683982,    -0.002199,
  1820.550,    -0.893356,    -1.148392,    -0.000162,
  1820.600,    -4.028520,    11.824384,     0.005323,
  1820.650,    -7.045126,    24.428406,     0.003122,
  1820.700,    -9.905699,    35.362022,     0.001494,
  1820.750,   -12.614082,    43.998399,    -0.000321,
  1820.800,   -15.148766,    50.043775,     0.002947,
  1820.850,   -17.476395,    52.827357,     0.003574,
  1820.900,   -19.532746,    51.275444,     0.001105,
  1820.950,   -21.244839,    44.863999,     0.002042,
  1821.000,   -22.490993,    34.157248,     0.009063,
  1821.050,   -23.130912,    20.880800,     0.000369,
  1821.100,   -22.988871,     7.071225,     0.001120,
  1821.150,   -21.946518,    -5.628981,     0.001880,
  1821.200,   -19.880369,   -15.832745,    -0.003635,
  1821.250,   -16.712843,   -22.058283,    -0.001025,
  1821.300,   -12.467986,   -23.045258,     0.000939,
  1821.350,    -7.233267,   -18.677118,    -0.006264,
  1821.400,    -1.178491,   -10.170662,    -0.010281,
  1821.450,     5.360416,     0.453880,    -0.001533,
  1821.500,    11.950931,    11.038581,    -0.005760,
  1821.550,    18.212332,    19.704963,    -0.007785,
  1821.600,    23.674862,    24.937677,    -0.008746,
  1821.650,    27.904382,    25.690804,    -0.007638,
  1821.700,    30.586511,    21.634899,     0.000066,
  1821.750,    31.497382,    13.590519,    -0.001425,
  1821.800,    30.621937,     3.334798,    -0.004243,
  1821.850,    28.101943,    -7.005645,    -0.006900,
  1821.900,    24.232535,   -15.770350,    -0.002841,
  1821.950,    19.465005,   -22.068873,    -0.004303,
  1822.000,    14.348458,   -25.515284,    -0.010469,
  1822.050,     9.389049,   -26.031992,    -0.005951,
  1822.100,     5.024320,   -23.858237,    -0.006608,
  1822.150,     1.605052,   -19.646238,     0.002325,
  1822.200,    -0.640127,   -14.380698,    -0.000546,
  1822.250,    -1.677437,    -8.880456,    -0.005993,
  1822.300,    -1.652330,    -3.547035,    -0.004269,
  1822.350,    -0.873569,     1.413584,    -0.004075,
  1822.400,     0.314775,     5.683506,    -0.004692,
  1822.450,     1.510829,     9.019348,    -0.006949,
  1822.500,     2.353205,    11.709666,     0.003639,
  1822.550,     2.558962,    14.514580,     0.006766,
  1822.600,     1.982778,    17.862557,    -0.005991,
  1822.650,     0.598885,    21.254000,    -0.008004,
  1822.700,    -1.454772,    23.502395,    -0.006286,
  1822.750,    -3.950524,    23.664640,    -0.002288,
  1822.800,    -6.623222,    21.621619,     0.000546,
  1822.850,    -9.116934,    18.056339,     0.000229,
  1822.900,   -11.124362,    14.204974,     0.003279,
  1822.950,   -12.423734,    11.246389,     0.002201,
  1823.000,   -12.836356,     9.907119,     0.002413,
  1823.050,   -12.281887,    10.520053,     0.002799,
  1823.100,   -10.779151,    13.097771,    -0.001419,
  1823.150,    -8.438261,    17.261855,    -0.004978,
  1823.200,    -5.419487,    22.042686,    -0.004394,
  1823.250,    -1.944427,    26.143430,    -0.004549,
  1823.300,     1.757120,    28.397845,     0.006748,
  1823.350,     5.451454,    27.915789,     0.000851,
  1823.400,     8.904804,    24.243648,    -0.012507,
  1823.450,    11.929224,    17.297883,    -0.006362,
  1823.500,    14.425054,     7.446402,     0.004215,
  1823.550,    16.334797,    -4.193491,     0.002200,
  1823.600,    17.648761,   -15.526259,    -0.003614,
  1823.650,    18.407655,   -24.112275,    -0.005155,
  1823.700,    18.737690,   -28.528816,    -0.005082,
  1823.750,    18.759780,   -29.324065,    -0.006031,
  1823.800,    18.629658,   -28.526336,    -0.002628,
  1823.850,    18.441373,   -28.150937,    -0.000722,
  1823.900,    18.267684,   -28.703994,    -0.005370,
  1823.950,    18.106091,   -28.961693,    -0.006672,
  1824.000,    17.916794,   -26.815929,    -0.005508,
  1824.050,    17.547596,   -20.562018,    -0.006069,
  1824.100,    16.842450,    -9.911381,    -0.006733,
  1824.150,    15.679519,     3.750175,    -0.001382,
  1824.200,    13.872024,    17.953232,     0.001985,
  1824.250,    11.371985,    30.157956,    -0.000676,
  1824.300,     8.163373,    38.479249,    -0.003965,
  1824.350,     4.291826,    42.302229,    -0.002643,
  1824.400,    -0.092936,    42.220114,    -0.001004,
  1824.450,    -4.741029,    39.153282,    -0.002673,
  1824.500,    -9.364383,    33.692385,     0.000170,
  1824.550,   -13.679853,    26.214869,     0.002854,
  1824.600,   -17.354383,    17.516710,     0.000650,
  1824.650,   -20.085242,     9.148787,     0.000181,
  1824.700,   -21.637850,     2.902704,    -0.004032,
  1824.750,   -21.786460,    -0.000168,    -0.002005,
  1824.800,   -20.468569,     0.506768,     0.007989,
  1824.850,   -17.688017,     3.350092,     0.003406,
  1824.900,   -13.579509,     7.008462,    -0.005979,
  1824.950,    -8.397044,    10.287926,    -0.001414,
  1825.000,    -2.477644,    12.656754,    -0.000324,
  1825.050,     3.784575,    13.869144,    -0.000397,
  1825.100,     9.897992,    13.285117,     0.005912,
  1825.150,    15.446752,     9.811667,    -0.006177,
  1825.200,    20.101528,     2.556072,    -0.007590,
  1825.250,    23.570596,    -8.124486,     0.003349,
  1825.300,    25.677030,   -20.225982,     0.001233,
  1825.350,    26.423544,   -31.080720,    -0.002902,
  1825.400,    25.923784,   -38.835156,     0.000449,
  1825.450,    24.390845,   -43.130183,    -0.003988,
  1825.500,    22.115693,   -44.711770,    -0.003264,
  1825.550,    19.389708,   -44.445463,    -0.006203,
  1825.600,    16.507614,   -42.472896,     0.000185,
  1825.650,    13.696723,   -38.121302,    -0.003418,
  1825.700,    11.082383,   -30.471329,    -0.001680,
  1825.750,     8.685745,   -19.176854,    -0.000207,
  1825.800,     6.449042,    -5.009745,    -0.003377,
  1825.850,     4.218361,    10.049772,     0.005364,
  1825.900,     1.826066,    23.450850,     0.005887,
  1825.950,    -0.866036,    32.889017,     0.000840,
  1826.000,    -3.966254,    37.068076,    -0.001968,
  1826.050,    -7.534975,    36.097784,     0.000543,
  1826.100,   -11.515349,    31.336273,    -0.004966,
  1826.150,   -15.728930,    24.679793,    -0.003613,
  1826.200,   -19.928892,    17.938656,     0.003136,
  1826.250,   -23.803513,    12.472405,     0.001339,
  1826.300,   -26.986712,     9.071830,    -0.001442,
  1826.350,   -29.139881,     8.073844,     0.004353,
  1826.400,   -29.962567,     9.289989,     0.009317,
  1826.450,   -29.257599,    11.927858,     0.004347,
  1826.500,   -26.972021,    14.880043,    -0.000174,
  1826.550,   -23.170322,    17.156987,     0.005948,
  1826.600,   -18.062428,    18.299113,     0.002041,
  1826.650,   -12.009183,    18.450493,    -0.006838,
  1826.700,    -5.438513,    18.051055,    -0.006125,
  1826.750,     1.188850,    17.597204,    -0.000926,
  1826.800,     7.404591,    17.635490,    -0.004377,
  1826.850,    12.799017,    18.627912,    -0.001013,
  1826.900,    17.148519,    20.663115,    -0.002488,
  1826.950,    20.305172,    23.195963,    -0.005806,
  1827.000,    22.247121,    24.985681,    -0.005750,
  1827.050,    23.080537,    24.583349,    -0.006250,
  1827.100,    22.999470,    21.105698,    -0.012119,
  1827.150,    22.229260,    14.807066,    -0.010026,
  1827.200,    21.070430,     6.949040,    -0.006702,
  1827.250,    19.745919,    -0.912261,    -0.001624,
  1827.300,    18.468416,    -7.594046,    -0.002290,
  1827.350,    17.409766,   -12.658443,    -0.003397,
  1827.400,    16.663025,   -16.105078,     0.002504,
  1827.450,    16.281652,   -17.819285,    -0.001320,
  1827.500,    16.227455,   -17.449509,    -0.004053,
  1827.550,    16.453989,   -14.909846,    -0.001059,
  1827.600,    16.845436,   -10.796249,    -0.002789,
  1827.650,    17.260423,    -6.256418,    -0.004176,
  1827.700,    17.545256,    -2.434467,    -0.007937,
  1827.750,    17.568253,     0.077957,    -0.005765,
  1827.800,    17.195226,     1.320642,    -0.005753,
  1827.850,    16.290611,     1.751713,    -0.007636,
  1827.900,    14.797571,     1.901223,     0.001494,
  1827.950,    12.732860,     2.020016,     0.004510,
  1828.000,    10.140450,     2.088000,     0.002802,
  1828.050,     7.127824,     1.896577,    -0.009448,
  1828.100,     3.854372,     1.390119,    -0.004969,
  1828.150,     0.514700,     0.765406,     0.000939,
  1828.200,    -2.651080,     0.410549,     0.002835,
  1828.250,    -5.432275,     0.735022,    -0.000558,
  1828.300,    -7.677209,     1.939371,     0.002190,
  1828.350,    -9.255674,     3.881173,     0.010412,
  1828.400,   -10.117158,     6.123360,     0.006597,
  1828.450,   -10.282993,     8.215876,     0.006991,
  1828.500,    -9.824489,     9.659959,     0.006799,
  1828.550,    -8.852229,     9.824353,     0.004273,
  1828.600,    -7.511851,     8.144078,     0.002254,
  1828.650,    -5.956945,     4.466286,     0.003140,
  1828.700,    -4.329719,    -0.770926,    -0.001358,
  1828.750,    -2.764390,    -6.728247,     0.002061,
  1828.800,    -1.352958,   -12.495558,     0.007092,
  1828.850,    -0.139640,   -17.518058,    -0.001621,
  1828.900,     0.873551,   -21.639375,    -0.008512,
  1828.950,     1.699689,   -25.011206,    -0.004334,
  1829.000,     2.362099,   -27.842252,    -0.000744,
  1829.050,     2.915952,   -30.257052,    -0.003793,
  1829.100,     3.367068,   -32.264523,    -0.000385,
  1829.150,     3.704335,   -33.714926,     0.003143,
  1829.200,     3.912894,   -34.235272,    -0.002592,
  1829.250,     3.933872,   -33.409266,    -0.000955,
  1829.300,     3.699057,   -31.167409,     0.003903,
  1829.350,     3.130282,   -27.909274,    -0.000758,
  1829.400,     2.135754,   -24.220727,    -0.000424,
  1829.450,     0.701097,   -20.433205,    -0.000204,
  1829.500,    -1.215117,   -16.609703,    -0.001208,
  1829.550,    -3.626083,   -12.760259,     0.000860,
  1829.600,    -6.458342,    -9.190567,    -0.002127,
  1829.650,    -9.624933,    -6.457590,    -0.009053,
  1829.700,   -13.013703,    -4.867573,     0.000409,
  1829.750,   -16.471063,    -4.012308,     0.010312,
  1829.800,   -19.838575,    -2.823056,     0.001732,
  1829.850,   -22.958797,    -0.239731,     0.000060,
  1829.900,   -25.653033,     4.061125,     0.004049,
  1829.950,   -27.798206,     9.456262,    -0.000332,
  1830.000,   -29.302822,    14.873718,     0.006579,
  1830.050,   -30.103804,    19.214453,     0.006959,
  1830.100,   -30.141719,    21.480131,    -0.001086,
  1830.150,   -29.447624,    21.050982,     0.002441,
  1830.200,   -28.101286,    17.870393,     0.011258,
  1830.250,   -26.162189,    12.400605,     0.003853,
  1830.300,   -23.729530,     5.287860,    -0.008012,
  1830.350,   -20.916407,    -2.830611,    -0.003562,
  1830.400,   -17.838097,   -11.171824,     0.000896,
  1830.450,   -14.589874,   -18.802081,     0.001880,
  1830.500,   -11.240634,   -24.722008,     0.003364,
  1830.550,    -7.858665,   -27.966689,    -0.003366,
  1830.600,    -4.488578,   -28.081861,     0.002927,
  1830.650,    -1.216160,   -25.405917,     0.004978,
  1830.700,     1.888546,   -20.987593,     0.003197,
  1830.750,     4.731286,   -16.252980,     0.004252,
  1830.800,     7.187393,   -12.435399,     0.000787,
  1830.850,     9.125417,   -10.119930,    -0.002172,
  1830.900,    10.401039,    -9.149282,    -0.002741,
  1830.950,    10.880323,    -8.903925,    -0.006908,
  1831.000,    10.480276,    -8.803011,    -0.006535,
  1831.050,     9.177056,    -8.608541,    -0.007356,
  1831.100,     7.004227,    -8.130710,    -0.009079,
  1831.150,     4.081360,    -6.964122,    -0.007073,
  1831.200,     0.603817,    -4.703827,    -0.004704,
  1831.250,    -3.177935,    -1.460946,    -0.001312,
  1831.300,    -7.020858,     2.033168,    -0.005327,
  1831.350,   -10.618040,     4.873249,    -0.002197,
  1831.400,   -13.760078,     6.444535,    -0.000971,
  1831.450,   -16.267742,     6.664701,     0.002836,
  1831.500,   -17.993796,     5.888842,     0.002500,
  1831.550,   -18.943398,     4.559629,     0.005340,
  1831.600,   -19.133060,     2.938765,     0.007050,
  1831.650,   -18.625027,     1.234594,    -0.002041,
  1831.700,   -17.554548,    -0.147231,    -0.000110,
  1831.750,   -16.062509,    -0.665541,     0.002458,
  1831.800,   -14.253788,     0.064370,     0.001103,
  1831.850,   -12.248199,     2.031974,    -0.000123,
  1831.900,   -10.172093,     4.771662,     0.002926,
  1831.950,    -8.098094,     7.553196,     0.001491,
  1832.000,    -6.065057,     9.692828,    -0.004057,
  1832.050,    -4.149252,    10.633409,    -0.013102,
  1832.100,    -2.393906,     9.989063,    -0.007128,
  1832.150,    -0.837180,     7.671772,     0.007065,
  1832.200,     0.490138,     3.972898,     0.005548,
  1832.250,     1.569045,    -0.543556,    -0.004391,
  1832.300,     2.398196,    -5.222236,    -0.003915,
  1832.350,     2.986449,    -9.419356,    -0.002573,
  1832.400,     3.386584,   -12.571141,    -0.001221,
  1832.450,     3.617784,   -14.238046,     0.003455,
  1832.500,     3.742944,   -14.159811,    -0.006149,
  1832.550,     3.816479,   -12.426573,    -0.004459,
  1832.600,     3.881040,    -9.507284,    -0.002556,
  1832.650,     3.960906,    -6.211418,    -0.002664,
  1832.700,     4.053609,    -3.507131,    -0.001545,
  1832.750,     4.134651,    -2.044930,     0.000857,
  1832.800,     4.141159,    -1.868837,    -0.000353,
  1832.850,     3.988375,    -2.506095,    -0.010937,
  1832.900,     3.608790,    -3.420365,    -0.000822,
  1832.950,     2.956145,    -4.374574,    -0.000776,
  1833.000,     2.005062,    -5.453554,     0.000175,
  1833.050,     0.784442,    -6.719851,    -0.001174,
  1833.100,    -0.653505,    -7.879232,     0.002547,
  1833.150,    -2.242656,    -8.366364,    -0.003559,
  1833.200,    -3.859439,    -7.722801,    -0.002358,
  1833.250,    -5.381708,    -5.971305,     0.004395,
  1833.300,    -6.691681,    -3.538516,     0.006436,
  1833.350,    -7.695338,    -0.873759,     0.004340,
  1833.400,    -8.358175,     1.892714,    -0.002922,
  1833.450,    -8.674073,     4.988500,    -0.000832,
  1833.500,    -8.672921,     8.580984,    -0.004301,
  1833.550,    -8.431247,    12.481888,    -0.005786,
  1833.600,    -8.006865,    16.260202,    -0.003780,
  1833.650,    -7.489698,    19.563039,    -0.002424,
  1833.700,    -6.975554,    22.302680,    -0.005642,
  1833.750,    -6.477129,    24.486382,     0.000652,
  1833.800,    -6.046839,    25.802459,     0.005043,
  1833.850,    -5.665125,    25.471003,     0.001847,
  1833.900,    -5.279751,    22.699453,     0.003502,
  1833.950,    -4.841730,    17.286783,     0.004049,
  1834.000,    -4.289000,    10.072267,     0.000623,
  1834.050,    -3.551263,     2.613659,     0.000123,
  1834.100,    -2.541143,    -3.545050,     0.006110,
  1834.150,    -1.199520,    -7.526897,     0.000297,
  1834.200,     0.453337,    -9.279959,     0.004887,
  1834.250,     2.452303,    -9.193179,     0.001918,
  1834.300,     4.739970,    -7.867654,     0.000571,
  1834.350,     7.201976,    -6.110786,    -0.000046,
  1834.400,     9.723076,    -4.927400,    -0.004282,
  1834.450,    12.142970,    -5.228634,    -0.002176,
  1834.500,    14.308612,    -7.306233,     0.001503,
  1834.550,    16.050911,   -10.528687,    -0.000625,
  1834.600,    17.200479,   -13.679485,    -0.012826,
  1834.650,    17.635931,   -15.588772,    -0.007754,
  1834.700,    17.306350,   -15.577032,    -0.001628,
  1834.750,    16.221340,   -13.587318,     0.001728,
  1834.800,    14.425230,   -10.015588,    -0.006879,
  1834.850,    12.065586,    -5.468060,    -0.007757,
  1834.900,     9.292173,    -0.584082,    -0.001080,
  1834.950,     6.264925,     4.232571,     0.005979,
  1835.000,     3.165005,     8.763061,     0.003935,
  1835.050,     0.171401,    12.896785,    -0.003380,
  1835.100,    -2.587937,    16.504027,     0.002757,
  1835.150,    -5.048960,    19.451083,    -0.000999,
  1835.200,    -7.142586,    21.649338,    -0.004939,
  1835.250,    -8.853585,    23.064938,    -0.009100,
  1835.300,   -10.176773,    23.697078,    -0.005046,
  1835.350,   -11.078352,    23.504873,     0.001515,
  1835.400,   -11.566520,    22.320955,     0.004922,
  1835.450,   -11.634789,    19.935755,     0.004140,
  1835.500,   -11.241446,    16.339666,    -0.001993,
  1835.550,   -10.353857,    11.892633,     0.004130,
  1835.600,    -8.986539,     7.331197,     0.003186,
  1835.650,    -7.143497,     3.443374,     0.002459,
  1835.700,    -4.834603,     0.622074,    -0.005604,
  1835.750,    -2.139759,    -1.399854,    -0.001861,
  1835.800,     0.847122,    -3.380837,     0.001516,
  1835.850,     4.006608,    -5.962509,     0.000410,
  1835.900,     7.183179,    -9.142506,    -0.007578,
  1835.950,    10.215974,   -12.349005,    -0.007548,
  1836.000,    12.957287,   -14.712876,    -0.002618,
  1836.050,    15.283594,   -15.482163,     0.000138,
  1836.100,    17.057586,   -14.345150,    -0.002950,
  1836.150,    18.172437,   -11.636168,    -0.005687,
  1836.200,    18.583970,    -8.123785,     0.000889,
  1836.250,    18.274248,    -4.701497,    -0.002324,
  1836.300,    17.265983,    -2.166328,    -0.002829,
  1836.350,    15.610349,    -0.988266,    -0.001674,
  1836.400,    13.409632,    -1.216273,    -0.002105,
  1836.450,    10.785545,    -2.442621,     0.002815,
  1836.500,     7.846512,    -4.051548,     0.005790,
  1836.550,     4.730506,    -5.465120,     0.001486,
  1836.600,     1.579671,    -6.300586,    -0.002466,
  1836.650,    -1.455800,    -6.499437,    -0.002527,
  1836.700,    -4.251187,    -6.122063,     0.000437,
  1836.750,    -6.688327,    -5.104518,    -0.000847,
  1836.800,    -8.662382,    -3.267241,    -0.008742,
  1836.850,   -10.100527,    -0.606200,    -0.002738,
  1836.900,   -10.997137,     2.681230,    -0.000184,
  1836.950,   -11.371648,     6.170402,    -0.002269,
  1837.000,   -11.278310,     9.292820,    -0.000774,
  1837.050,   -10.806283,    11.517337,     0.000167,
  1837.100,   -10.050383,    12.571236,     0.004900,
  1837.150,    -9.130780,    12.445201,    -0.001175,
  1837.200,    -8.144732,    11.322784,     0.004760,
  1837.250,    -7.186277,     9.406811,     0.002646,
  1837.300,    -6.301633,     6.836477,    -0.001527,
  1837.350,    -5.503830,     3.867523,    -0.005336,
  1837.400,    -4.774250,     1.041614,    -0.006511,
  1837.450,    -4.081182,    -1.052673,    -0.000299,
  1837.500,    -3.375597,    -2.100965,    -0.001358,
  1837.550,    -2.593209,    -2.250056,    -0.004306,
  1837.600,    -1.690596,    -1.909085,    -0.000832,
  1837.650,    -0.645120,    -1.486918,    -0.000588,
  1837.700,     0.528908,    -1.217297,    -0.003586,
  1837.750,     1.790959,    -1.225734,    -0.003774,
  1837.800,     3.087945,    -1.670213,    -0.012868,
  1837.850,     4.332864,    -2.644481,    -0.002334,
  1837.900,     5.413511,    -4.029027,     0.006807,
  1837.950,     6.243707,    -5.322100,    -0.000508,
  1838.000,     6.769738,    -5.970916,    -0.002634,
  1838.050,     6.945339,    -5.874321,     0.001202,
  1838.100,     6.746522,    -5.566154,     0.002093,
  1838.150,     6.216827,    -5.829547,    -0.006130,
  1838.200,     5.387498,    -7.021120,     0.002449,
  1838.250,     4.357344,    -8.859120,     0.005812,
  1838.300,     3.170320,   -10.696845,     0.005660,
  1838.350,     1.921983,   -12.086557,     0.006305,
  1838.400,     0.708027,   -12.932783,    -0.005239,
  1838.450,    -0.433637,   -13.271689,    -0.000424,
  1838.500,    -1.466474,   -12.995677,     0.001898,
  1838.550,    -2.375174,   -11.777465,    -0.003918,
  1838.600,    -3.166370,    -9.398527,    -0.005571,
  1838.650,    -3.853060,    -5.968203,    -0.000256,
  1838.700,    -4.455173,    -2.064735,     0.003775,
  1838.750,    -5.020098,     1.594102,    -0.002401,
  1838.800,    -5.571300,     4.531293,    -0.004692,
  1838.850,    -6.118053,     6.537133,     0.003754,
  1838.900,    -6.696159,     7.735498,     0.006591,
  1838.950,    -7.300380,     8.487619,    -0.003342,
  1839.000,    -7.934424,     9.257811,     0.002175,
  1839.050,    -8.561336,    10.468403,     0.003525,
  1839.100,    -9.145284,    12.303947,    -0.000844,
  1839.150,    -9.646136,    14.578280,    -0.004406,
  1839.200,    -9.980620,    16.629779,     0.002587,
  1839.250,   -10.094093,    17.603961,     0.002199,
  1839.300,    -9.945047,    16.890436,    -0.001923,
  1839.350,    -9.482400,    14.398886,    -0.001399,
  1839.400,    -8.657141,    10.382555,    -0.005811,
  1839.450,    -7.490064,     5.231808,     0.001091,
  1839.500,    -5.996959,    -0.647880,     0.001905,
  1839.550,    -4.222684,    -6.721886,    -0.004020,
  1839.600,    -2.235392,   -12.356143,    -0.006548,
  1839.650,    -0.116490,   -16.906799,    -0.004422,
  1839.700,     2.076064,   -19.807379,     0.004130,
  1839.750,     4.245245,   -20.805506,    -0.001829,
  1839.800,     6.317839,   -20.092824,     0.004833,
  1839.850,     8.190823,   -18.159051,     0.002771,
  1839.900,     9.787400,   -15.562423,     0.001327,
  1839.950,    11.003388,   -12.757644,    -0.003990,
  1840.000,    11.774126,   -10.058716,     0.000243,
  1840.050,    12.023276,    -7.602574,     0.005116,
  1840.100,    11.680670,    -5.301088,    -0.000458,
  1840.150,    10.726111,    -2.978402,    -0.007033,
  1840.200,     9.148704,    -0.624523,    -0.008876,
  1840.250,     6.971630,     1.605973,    -0.007118,
  1840.300,     4.312533,     3.539665,    -0.007681,
  1840.350,     1.296929,     5.105565,    -0.005665,
  1840.400,    -1.895937,     6.296647,    -0.005374,
  1840.450,    -5.084045,     7.102610,    -0.009475,
  1840.500,    -8.077352,     7.463947,    -0.003220,
  1840.550,   -10.680436,     7.343535,    -0.003068,
  1840.600,   -12.736069,     6.819639,     0.000759,
  1840.650,   -14.157709,     6.167261,     0.004323,
  1840.700,   -14.867812,     5.738832,     0.000635,
  1840.750,   -14.887364,     5.714183,    -0.003434,
  1840.800,   -14.233823,     6.106530,     0.003835,
  1840.850,   -12.991163,     6.815939,     0.002041,
  1840.900,   -11.268651,     7.680120,    -0.004930,
  1840.950,    -9.208542,     8.453964,    -0.000739,
  1841.000,    -6.950562,     8.875065,    -0.000917,
  1841.050,    -4.604384,     8.729567,    -0.000357,
  1841.100,    -2.309051,     7.773744,    -0.003582,
  1841.150,    -0.162494,     5.717391,     0.006141,
  1841.200,     1.757503,     2.342784,     0.005045,
  1841.250,     3.398632,    -2.202992,    -0.008815,
  1841.300,     4.734771,    -7.327653,    -0.012545,
  1841.350,     5.767640,   -12.145086,    -0.006739,
  1841.400,     6.523371,   -15.684460,    -0.005304,
  1841.450,     7.028069,   -17.339134,    -0.007139,
  1841.500,     7.339232,   -17.075272,    -0.005613,
  1841.550,     7.489790,   -15.387385,    -0.000415,
  1841.600,     7.509571,   -13.049209,     0.003158,
  1841.650,     7.447371,   -10.732971,     0.000419,
  1841.700,     7.251211,    -8.820342,    -0.002013,
  1841.750,     6.905459,    -7.305048,     0.000233,
  1841.800,     6.383242,    -5.833143,     0.000601,
  1841.850,     5.628876,    -3.960885,     0.006283,
  1841.900,     4.602718,    -1.439326,     0.005051,
  1841.950,     3.262758,     1.625054,    -0.004078,
  1842.000,     1.632011,     4.811591,    -0.007422,
  1842.050,    -0.243498,     7.411514,    -0.005605,
  1842.100,    -2.294414,     8.645511,     0.001535,
  1842.150,    -4.427932,     8.032578,     0.003625,
  1842.200,    -6.506245,     5.547445,    -0.005091,
  1842.250,    -8.422878,     1.647712,    -0.005048,
  1842.300,   -10.004258,    -2.851816,     0.003939,
  1842.350,   -11.174810,    -6.924395,    -0.000575,
  1842.400,   -11.871663,    -9.474248,    -0.004556,
  1842.450,   -12.019032,    -9.626302,     0.003297,
  1842.500,   -11.634316,    -7.121299,     0.003312,
  1842.550,   -10.764714,    -2.430099,    -0.001051,
  1842.600,    -9.467237,     3.314987,     0.000427,
  1842.650,    -7.839134,     8.738174,    -0.004339,
  1842.700,    -6.011757,    12.702234,    -0.004352,
  1842.750,    -4.128288,    14.588763,    -0.003349,
  1842.800,    -2.353364,    14.366981,    -0.006732,
  1842.850,    -0.805005,    12.461507,     0.000062,
  1842.900,     0.414492,     9.499209,    -0.001609,
  1842.950,     1.225914,     6.040882,    -0.010962,
  1843.000,     1.619136,     2.594569,    -0.006541,
  1843.050,     1.642434,    -0.508483,    -0.001364,
  1843.100,     1.375490,    -3.226463,    -0.002998,
  1843.150,     0.968271,    -5.493557,    -0.007212,
  1843.200,     0.549741,    -7.152160,    -0.006081,
  1843.250,     0.251502,    -7.983421,     0.001805,
  1843.300,     0.197172,    -7.811423,     0.001778,
  1843.350,     0.452328,    -6.726933,    -0.001789,
  1843.400,     0.978501,    -5.124772,    -0.007928,
  1843.450,     1.771976,    -3.581569,    -0.001323,
  1843.500,     2.717879,    -2.638476,    -0.000113,
  1843.550,     3.687468,    -2.497406,    -0.005446,
  1843.600,     4.537681,    -2.981843,    -0.000539,
  1843.650,     5.124240,    -3.660640,     0.001002,
  1843.700,     5.355775,    -4.095130,     0.002240,
  1843.750,     5.178803,    -4.094453,    -0.002236,
  1843.800,     4.591067,    -3.786787,    -0.002504,
  1843.850,     3.621940,    -3.518824,     0.001844,
  1843.900,     2.362542,    -3.537120,    -0.000077,
  1843.950,     0.911331,    -3.690773,     0.002267,
  1844.000,    -0.594014,    -3.598641,     0.004864,
  1844.050,    -2.032393,    -2.858214,     0.007463,
  1844.100,    -3.308438,    -1.268634,     0.001729,
  1844.150,    -4.359823,     1.261131,     0.003428,
  1844.200,    -5.159730,     4.690321,     0.000063,
  1844.250,    -5.689617,     8.854167,    -0.000010,
  1844.300,    -5.954577,    13.418774,     0.003657,
  1844.350,    -5.997381,    17.856736,    -0.006861,
  1844.400,    -5.877844,    21.466365,    -0.005300,
  1844.450,    -5.652709,    23.530734,     0.000328,
  1844.500,    -5.343461,    23.560534,    -0.001206,
  1844.550,    -4.994169,    21.434455,    -0.004532,
  1844.600,    -4.612462,    17.531633,    -0.008429,
  1844.650,    -4.173039,    12.525770,     0.004443,
  1844.700,    -3.668365,     7.054985,     0.005101,
  1844.750,    -3.030144,     1.655512,     0.002786,
  1844.800,    -2.214222,    -3.249757,     0.005481,
  1844.850,    -1.188476,    -7.231455,    -0.000478,
  1844.900,     0.106555,    -9.867248,    -0.003094,
  1844.950,     1.673059,   -10.869363,    -0.005337,
  1845.000,     3.491388,   -10.252041,    -0.006583,
  1845.050,     5.482747,    -8.359841,    -0.003714,
  1845.100,     7.580231,    -5.808409,    -0.000102,
  1845.150,     9.628960,    -3.275390,    -0.006073,
  1845.200,    11.454892,    -1.283303,    -0.003798,
  1845.250,    12.935148,    -0.086217,    -0.003321,
  1845.300,    13.929483,     0.413600,    -0.008842,
  1845.350,    14.293668,     0.601330,    -0.002202,
  1845.400,    13.971227,     1.081434,     0.000091,
  1845.450,    12.963440,     2.426255,     0.002880,
  1845.500,    11.340484,     4.825450,    -0.000555,
  1845.550,     9.203792,     7.917933,    -0.004885,
  1845.600,     6.717384,    10.995710,     0.002042,
  1845.650,     4.061174,    13.427725,    -0.000077,
  1845.700,     1.445363,    14.980343,     0.000759,
  1845.750,    -0.940759,    15.889028,    -0.004319,
  1845.800,    -2.951011,    16.602853,     0.001404,
  1845.850,    -4.463494,    17.512175,     0.006579,
  1845.900,    -5.455564,    18.785194,     0.001228,
  1845.950,    -5.884248,    20.384236,    -0.006604,
  1846.000,    -5.774421,    22.135374,    -0.005607,
  1846.050,    -5.183479,    23.738985,     0.000643,
  1846.100,    -4.160392,    24.789378,     0.005700,
  1846.150,    -2.812326,    24.900205,     0.005502,
  1846.200,    -1.213889,    23.807280,    -0.000962,
  1846.250,     0.571057,    21.509624,    -0.004069,
  1846.300,     2.503061,    18.175936,     0.000033,
  1846.350,     4.513130,    14.108008,    -0.004732,
  1846.400,     6.528075,     9.631294,    -0.006072,
  1846.450,     8.531414,     5.029814,     0.000656,
  1846.500,    10.487826,     0.617090,    -0.004093,
  1846.550,    12.352552,    -3.303550,    -0.004972,
  1846.600,    14.127736,    -6.466551,    -0.002646,
  1846.650,    15.788336,    -8.696416,    -0.003656,
  1846.700,    17.270781,    -9.964190,    -0.000223,
  1846.750,    18.550991,   -10.317810,     0.003125,
  1846.800,    19.590659,    -9.874271,    -0.000224,
  1846.850,    20.324814,    -8.742620,    -0.002233,
  1846.900,    20.704584,    -7.066001,    -0.010394,
  1846.950,    20.670895,    -5.148123,    -0.001004,
  1847.000,    20.166196,    -3.504042,    -0.003982,
  1847.050,    19.162545,    -2.561535,    -0.005443,
  1847.100,    17.675443,    -2.465123,    -0.001852,
  1847.150,    15.718639,    -3.038235,     0.000248,
  1847.200,    13.350514,    -3.900613,    -0.004890,
  1847.250,    10.680850,    -4.780556,    -0.006547,
  1847.300,     7.805996,    -5.557641,    -0.009554,
  1847.350,     4.830742,    -6.280489,    -0.010631,
  1847.400,     1.922761,    -7.037076,    -0.008174,
  1847.450,    -0.792354,    -7.907034,    -0.006879,
  1847.500,    -3.199735,    -8.906922,    -0.005298,
  1847.550,    -5.213301,    -9.922189,    -0.000405,
  1847.600,    -6.753427,   -10.766874,     0.002835,
  1847.650,    -7.826073,   -11.153062,     0.000007,
  1847.700,    -8.462791,   -10.930477,    -0.002460,
  1847.750,    -8.699274,   -10.137285,     0.004450,
  1847.800,    -8.613715,    -8.858655,    -0.001005,
  1847.850,    -8.312719,    -7.183833,    -0.002936,
  1847.900,    -7.887422,    -5.280906,     0.000723,
  1847.950,    -7.432467,    -3.438945,     0.005434,
  1848.000,    -7.041398,    -2.039997,     0.005346,
  1848.050,    -6.761296,    -1.315558,    -0.002799,
  1848.100,    -6.631967,    -1.174133,    -0.002904,
  1848.150,    -6.673209,    -1.201802,    -0.001197,
  1848.200,    -6.865925,    -0.860056,    -0.002153,
  1848.250,    -7.195637,     0.050528,    -0.012093,
  1848.300,    -7.607956,     1.329179,    -0.003249,
  1848.350,    -8.039762,     2.506906,     0.003365,
  1848.400,    -8.419836,     3.165925,     0.000658,
  1848.450,    -8.717898,     3.170016,     0.005994,
  1848.500,    -8.871220,     2.591392,     0.007034,
  1848.550,    -8.824505,     1.540321,     0.003589,
  1848.600,    -8.586077,     0.142957,    -0.004342,
  1848.650,    -8.137481,    -1.536216,    -0.002661,
  1848.700,    -7.510340,    -3.354774,    -0.010076,
  1848.750,    -6.751411,    -4.932047,    -0.003181,
  1848.800,    -5.849215,    -5.825028,     0.004165,
  1848.850,    -4.873013,    -5.784103,    -0.004371,
  1848.900,    -3.867285,    -4.929435,    -0.001278,
  1848.950,    -2.883630,    -3.626406,    -0.004404,
  1849.000,    -1.962680,    -2.269904,    -0.001343,
  1849.050,    -1.133575,    -0.900701,     0.006460,
  1849.100,    -0.431986,     0.717814,     0.002449,
  1849.150,     0.124493,     2.893357,     0.005006,
  1849.200,     0.495304,     5.567734,    -0.002609,
  1849.250,     0.677778,     8.393949,    -0.005157,
  1849.300,     0.640014,    10.940215,     0.000376,
  1849.350,     0.415778,    12.991406,     0.002620,
  1849.400,     0.030041,    14.721553,     0.001318,
  1849.450,    -0.495341,    16.443042,    -0.007630,
  1849.500,    -1.079370,    18.406476,    -0.003527,
  1849.550,    -1.667556,    20.559806,     0.001468,
  1849.600,    -2.180776,    22.537310,    -0.004646,
  1849.650,    -2.565438,    24.009609,    -0.002647,
  1849.700,    -2.738976,    24.939774,    -0.003027,
  1849.750,    -2.644122,    25.600038,    -0.003614,
  1849.800,    -2.261613,    26.323499,    -0.001512,
  1849.850,    -1.552944,    27.286777,    -0.005170,
  1849.900,    -0.523967,    28.394352,    -0.001679,
  1849.950,     0.812037,    29.300635,    -0.005346,
  1850.000,     2.439131,    29.662742,    -0.000138,
  1850.050,     4.297717,    29.255287,    -0.001606,
  1850.100,     6.322633,    28.107886,    -0.006335,
  1850.150,     8.470199,    26.462600,    -0.004459,
  1850.200,    10.674578,    24.565111,     0.001372,
  1850.250,    12.876648,    22.482790,    -0.006762,
  1850.300,    15.044121,    20.013754,    -0.012929,
  1850.350,    17.147599,    16.894872,    -0.012928,
  1850.400,    19.121772,    13.047849,    -0.004972,
  1850.450,    20.932968,     8.746949,     0.001111,
  1850.500,    22.562154,     4.533255,    -0.001695,
  1850.550,    23.988698,     0.995608,    -0.007355,
  1850.600,    25.190777,    -1.438418,    -0.009982,
  1850.650,    26.167220,    -2.604336,     0.000714,
  1850.700,    26.883972,    -2.495193,    -0.000995,
  1850.750,    27.330384,    -1.207447,     0.001960,
  1850.800,    27.479962,     0.909194,     0.003732,
  1850.850,    27.312718,     3.264624,    -0.006484,
  1850.900,    26.794347,     5.219966,    -0.004742,
  1850.950,    25.929190,     6.539306,    -0.004029,
  1851.000,    24.695884,     7.309458,    -0.003769,
  1851.050,    23.099762,     7.673301,    -0.003158,
  1851.100,    21.147895,     7.548516,    -0.002431,
  1851.150,    18.895850,     6.816325,     0.008239,
  1851.200,    16.408180,     5.556273,     0.001582,
  1851.250,    13.784631,     4.043958,    -0.002813,
  1851.300,    11.176410,     2.569754,    -0.001972,
  1851.350,     8.657940,     1.232441,    -0.000579,
  1851.400,     6.332314,    -0.017889,    -0.001142,
  1851.450,     4.327706,    -1.301736,    -0.001890,
  1851.500,     2.721608,    -2.662702,    -0.000208,
  1851.550,     1.558843,    -4.139446,     0.006499,
  1851.600,     0.859131,    -5.755213,     0.003030,
  1851.650,     0.584619,    -7.535978,    -0.000262,
  1851.700,     0.685468,    -9.462079,    -0.005336,
  1851.750,     1.040399,   -11.363392,    -0.004601,
  1851.800,     1.566459,   -13.030356,    -0.004933,
  1851.850,     2.143659,   -14.266716,    -0.008454,
  1851.900,     2.660547,   -15.077882,    -0.004687,
  1851.950,     3.043100,   -15.645918,    -0.001621,
  1852.000,     3.236929,   -16.200745,    -0.008456,
  1852.050,     3.153782,   -16.877298,     0.004976,
  1852.100,     2.805519,   -17.755654,     0.007178,
  1852.150,     2.183734,   -18.852702,    -0.004981,
  1852.200,     1.297699,   -20.064837,     0.000615,
  1852.250,     0.189053,   -21.103387,    -0.003173,
  1852.300,    -1.114203,   -21.550575,    -0.003191,
  1852.350,    -2.549811,   -21.115874,     0.003093,
  1852.400,    -4.103953,   -19.822408,    -0.002480,
  1852.450,    -5.731991,   -17.993484,     0.000634,
  1852.500,    -7.362425,   -15.971482,     0.002699,
  1852.550,    -8.966300,   -14.034143,    -0.006051,
  1852.600,   -10.528298,   -12.369317,    -0.005076,
  1852.650,   -12.018940,   -11.181921,     0.001109,
  1852.700,   -13.424888,   -10.664158,     0.003237,
  1852.750,   -14.732052,   -10.942940,     0.007560,
  1852.800,   -15.934080,   -11.971280,     0.001445,
  1852.850,   -16.994010,   -13.396207,     0.001880,
  1852.900,   -17.921902,   -14.696239,     0.003556,
  1852.950,   -18.689813,   -15.394858,     0.001546,
  1853.000,   -19.280462,   -15.141279,     0.001172,
  1853.050,   -19.669004,   -13.836800,     0.004118,
  1853.100,   -19.851525,   -11.574322,     0.009974,
  1853.150,   -19.799413,    -8.514433,     0.003593,
  1853.200,   -19.539124,    -4.951824,     0.006170,
  1853.250,   -19.086009,    -1.335417,     0.004970,
  1853.300,   -18.461658,     1.825821,     0.000224,
  1853.350,   -17.715158,     4.092015,    -0.000528,
  1853.400,   -16.917290,     5.192259,    -0.001317,
  1853.450,   -16.121244,     5.131646,     0.001729,
  1853.500,   -15.355636,     4.194048,     0.001106,
  1853.550,   -14.655590,     2.913015,    -0.008828,
  1853.600,   -14.041437,     1.779148,    -0.004623,
  1853.650,   -13.497992,     0.965816,     0.004869,
  1853.700,   -12.976258,     0.310847,     0.002078,
  1853.750,   -12.429629,    -0.439340,    -0.002172,
  1853.800,   -11.822078,    -1.403295,    -0.006303,
  1853.850,   -11.063841,    -2.451341,     0.000220,
  1853.900,   -10.132344,    -3.377749,     0.001523,
  1853.950,    -9.004526,    -4.032286,     0.000281,
  1854.000,    -7.692829,    -4.482594,    -0.003968,
  1854.050,    -6.231292,    -4.865663,     0.001929,
  1854.100,    -4.683384,    -5.299290,     0.003726,
  1854.150,    -3.146617,    -5.925731,     0.000792,
  1854.200,    -1.709022,    -6.795453,     0.000330,
  1854.250,    -0.457557,    -7.794572,    -0.002820,
  1854.300,     0.549273,    -8.596848,    -0.002053,
  1854.350,     1.264550,    -8.786145,    -0.005803,
  1854.400,     1.678199,    -8.202633,    -0.008335,
  1854.450,     1.770985,    -7.131600,    -0.007928,
  1854.500,     1.560485,    -6.216460,    -0.002065,
  1854.550,     1.108770,    -6.131531,    -0.000116,
  1854.600,     0.449789,    -7.115096,    -0.003798,
  1854.650,    -0.359203,    -8.802730,    -0.007769,
  1854.700,    -1.251179,   -10.332012,    -0.004596,
  1854.750,    -2.183421,   -10.808517,    -0.001005,
  1854.800,    -3.118406,    -9.737463,    -0.002813,
  1854.850,    -4.028670,    -7.161193,    -0.000721,
  1854.900,    -4.869883,    -3.607331,    -0.000886,
  1854.950,    -5.641867,     0.117378,    -0.005842,
  1855.000,    -6.310278,     3.194427,    -0.000215,
  1855.050,    -6.879728,     5.090067,     0.001871,
  1855.100,    -7.351837,     5.704105,     0.004492,
  1855.150,    -7.737762,     5.295485,     0.004773,
  1855.200,    -8.045043,     4.235116,    -0.003589,
  1855.250,    -8.276300,     2.786979,     0.000224,
  1855.300,    -8.434683,     1.048557,     0.004635,
  1855.350,    -8.544311,    -0.923878,     0.001966,
  1855.400,    -8.551121,    -3.021057,     0.006277,
  1855.450,    -8.441249,    -5.087768,    -0.002384,
  1855.500,    -8.204739,    -6.905308,    -0.006708,
  1855.550,    -7.781240,    -8.402835,     0.000787,
  1855.600,    -7.164706,    -9.639426,    -0.005224,
  1855.650,    -6.368335,   -10.634707,    -0.008040,
  1855.700,    -5.391714,   -11.388701,     0.000725,
  1855.750,    -4.287075,   -11.956249,    -0.004245,
  1855.800,    -3.143097,   -12.538822,    -0.003120,
  1855.850,    -2.008933,   -13.406903,    -0.010004,
  1855.900,    -0.993939,   -14.709270,    -0.011943,
  1855.950,    -0.207502,   -16.253015,     0.002301,
  1856.000,     0.310180,   -17.555328,    -0.000639,
  1856.050,     0.522822,   -18.040858,     0.002063,
  1856.100,     0.386912,   -17.383917,     0.005387,
  1856.150,    -0.110495,   -15.661646,     0.002324,
  1856.200,    -0.934137,   -13.242114,    -0.008086,
  1856.250,    -2.030678,   -10.611241,    -0.005635,
  1856.300,    -3.330620,    -8.171916,     0.000439,
  1856.350,    -4.773642,    -6.140330,    -0.003576,
  1856.400,    -6.296642,    -4.572637,    -0.002527,
  1856.450,    -7.828908,    -3.441291,    -0.000785,
  1856.500,    -9.311803,    -2.597864,    -0.001315,
  1856.550,   -10.705906,    -1.874819,    -0.002093,
  1856.600,   -11.989805,    -1.142992,     0.005650,
  1856.650,   -13.137549,    -0.441578,    -0.000260,
  1856.700,   -14.073598,     0.047950,    -0.010749,
  1856.750,   -14.783975,     0.076617,    -0.001552,
  1856.800,   -15.257192,    -0.501199,     0.002148,
  1856.850,   -15.456052,    -1.586434,     0.001960,
  1856.900,   -15.357889,    -2.940647,     0.001370,
  1856.950,   -14.970149,    -4.277168,     0.001275,
  1857.000,   -14.295125,    -5.336893,    -0.000546,
  1857.050,   -13.340467,    -5.878228,     0.001117,
  1857.100,   -12.183009,    -5.784038,    -0.003901,
  1857.150,   -10.858998,    -5.069885,    -0.002421,
  1857.200,    -9.431806,    -3.870803,     0.003657,
  1857.250,    -7.960746,    -2.324437,     0.000290,
  1857.300,    -6.533381,    -0.530913,    -0.001154,
  1857.350,    -5.202822,     1.400226,    -0.002321,
  1857.400,    -4.019728,     3.317319,    -0.002650,
  1857.450,    -3.071311,     5.037346,     0.005124,
  1857.500,    -2.346364,     6.234516,     0.001895,
  1857.550,    -1.868980,     6.658603,     0.001504,
  1857.600,    -1.643027,     6.156993,     0.001707,
  1857.650,    -1.612577,     4.728529,    -0.001387,
  1857.700,    -1.759745,     2.668808,    -0.004847,
  1857.750,    -2.016774,     0.542068,    -0.004416,
  1857.800,    -2.313688,    -1.013488,    -0.000949,
  1857.850,    -2.591260,    -1.543456,     0.001170,
  1857.900,    -2.768841,    -0.909488,    -0.001412,
  1857.950,    -2.800924,     0.661863,    -0.001977,
  1858.000,    -2.645068,     2.788904,     0.004322,
  1858.050,    -2.302071,     5.064568,     0.001181,
  1858.100,    -1.779419,     7.149644,    -0.005057,
  1858.150,    -1.111072,     8.863513,    -0.008554,
  1858.200,    -0.351298,    10.209805,    -0.002440,
  1858.250,     0.430124,    11.211069,     0.004082,
  1858.300,     1.163480,    11.822477,    -0.000043,
  1858.350,     1.806852,    11.958076,     0.000640,
  1858.400,     2.302954,    11.645457,    -0.002299,
  1858.450,     2.622418,    10.976593,     0.002264,
  1858.500,     2.799246,    10.098685,    -0.004121,
  1858.550,     2.860618,     9.201558,    -0.002925,
  1858.600,     2.834560,     8.491582,    -0.005213,
  1858.650,     2.792303,     8.088787,    -0.003947,
  1858.700,     2.838904,     8.019495,    -0.002717,
  1858.750,     2.989860,     8.252822,    -0.003087,
  1858.800,     3.287482,     8.720487,     0.000878,
  1858.850,     3.760059,     9.401719,    -0.004537,
  1858.900,     4.396409,    10.242461,    -0.007843,
  1858.950,     5.180617,    11.177409,     0.004416,
  1859.000,     6.038640,    12.143330,     0.005405,
  1859.050,     6.910862,    13.050920,    -0.004462,
  1859.100,     7.753396,    13.782461,    -0.001805,
  1859.150,     8.497086,    14.237097,    -0.000347,
  1859.200,     9.099181,    14.301598,     0.002589,
  1859.250,     9.537670,    13.830715,    -0.003324,
  1859.300,     9.805895,    12.726086,    -0.009430,
  1859.350,     9.911354,    10.982360,     0.000530,
  1859.400,     9.892936,     8.664368,     0.004522,
  1859.450,     9.798916,     5.905579,    -0.011801,
  1859.500,     9.689775,     2.920111,    -0.006990,
  1859.550,     9.604245,     0.029074,     0.003790,
  1859.600,     9.563713,    -2.373205,    -0.006823,
  1859.650,     9.616537,    -3.936316,    -0.006157,
  1859.700,     9.774733,    -4.368983,    -0.003720,
  1859.750,    10.026769,    -3.635192,    -0.002786,
  1859.800,    10.344830,    -1.985757,     0.000369,
  1859.850,    10.690323,     0.192644,    -0.007797,
  1859.900,    10.978147,     2.511570,    -0.006003,
  1859.950,    11.164629,     4.743052,    -0.000944,
  1860.000,    11.200704,     6.664033,    -0.003802,
  1860.050,    11.020455,     8.119060,    -0.001929,
  1860.100,    10.574530,     9.105191,     0.002678,
  1860.150,     9.849216,     9.695932,     0.001859,
  1860.200,     8.847798,    10.018182,    -0.002241,
  1860.250,     7.625319,    10.152629,    -0.004935,
  1860.300,     6.257215,    10.224220,    -0.006802,
  1860.350,     4.791325,    10.412231,    -0.005540,
  1860.400,     3.360611,    10.857078,    -0.001820,
  1860.450,     2.054577,    11.440273,    -0.000570,
  1860.500,     0.984886,    11.834858,    -0.004640,
  1860.550,     0.212546,    11.777589,    -0.005447,
  1860.600,    -0.199063,    11.296114,    -0.005063,
  1860.650,    -0.229082,    10.723360,    -0.003017,
  1860.700,     0.108244,    10.436852,     0.000279,
  1860.750,     0.777817,    10.496150,     0.003951,
  1860.800,     1.709741,    10.570723,    -0.004193,
  1860.850,     2.843454,    10.267904,     0.001583,
  1860.900,     4.080258,     9.326896,    -0.003006,
  1860.950,     5.340058,     7.728496,    -0.006325,
  1861.000,     6.552987,     5.579631,     0.006268,
  1861.050,     7.663855,     3.027649,     0.003991,
  1861.100,     8.638370,     0.329852,    -0.007156,
  1861.150,     9.469427,    -2.175532,    -0.006578,
  1861.200,    10.113201,    -4.054862,    -0.004859,
  1861.250,    10.581902,    -4.902379,    -0.006875,
  1861.300,    10.887760,    -4.614635,    -0.005802,
  1861.350,    11.027032,    -3.361981,    -0.001396,
  1861.400,    11.038336,    -1.467486,     0.000033,
  1861.450,    10.902980,     0.772128,     0.004027,
  1861.500,    10.618213,     3.078657,     0.001413,
  1861.550,    10.186642,     5.198313,    -0.005222,
  1861.600,     9.616937,     6.958084,    -0.006911,
  1861.650,     8.891124,     8.223206,    -0.006276,
  1861.700,     7.992466,     8.920357,     0.001127,
  1861.750,     6.946233,     8.993556,     0.001675,
  1861.800,     5.783640,     8.368851,    -0.000627,
  1861.850,     4.539080,     7.092364,     0.000302,
  1861.900,     3.239137,     5.404174,    -0.003096,
  1861.950,     1.990771,     3.669403,     0.001099,
  1862.000,     0.871576,     2.289453,     0.002607,
  1862.050,    -0.061819,     1.548922,    -0.004137,
  1862.100,    -0.712736,     1.476969,    -0.010634,
  1862.150,    -1.057245,     1.975571,    -0.006227,
  1862.200,    -1.074448,     2.853546,    -0.001934,
  1862.250,    -0.762744,     3.890960,    -0.002391,
  1862.300,    -0.170176,     4.886672,    -0.004510,
  1862.350,     0.640711,     5.677548,     0.000214,
  1862.400,     1.579478,     6.120819,     0.002592,
  1862.450,     2.557534,     6.096320,    -0.005939,
  1862.500,     3.493321,     5.599937,    -0.003676,
  1862.550,     4.286666,     4.683375,     0.002228,
  1862.600,     4.891294,     3.395163,    -0.003382,
  1862.650,     5.269285,     1.805107,     0.000546,
  1862.700,     5.422862,    -0.063583,    -0.001059,
  1862.750,     5.374381,    -2.155735,    -0.002412,
  1862.800,     5.162580,    -4.287927,    -0.003228,
  1862.850,     4.863597,    -6.224655,    -0.003991,
  1862.900,     4.520494,    -7.650779,    -0.000868,
  1862.950,     4.183052,    -8.316047,    -0.004161,
  1863.000,     3.906974,    -8.163723,    -0.007879,
  1863.050,     3.697410,    -7.300363,    -0.007121,
  1863.100,     3.549553,    -5.847719,    -0.002421,
  1863.150,     3.438491,    -3.942429,    -0.009046,
  1863.200,     3.337623,    -1.810920,    -0.008642,
  1863.250,     3.198065,     0.273770,    -0.004780,
  1863.300,     2.952671,     2.011479,     0.000789,
  1863.350,     2.588426,     3.123499,     0.005006,
  1863.400,     2.081172,     3.434333,    -0.003817,
  1863.450,     1.391509,     2.940328,    -0.008650,
  1863.500,     0.549360,     1.775037,    -0.004850,
  1863.550,    -0.419584,     0.185221,    -0.007957,
  1863.600,    -1.473805,    -1.440035,    -0.002719,
  1863.650,    -2.526873,    -2.754408,     0.001702,
  1863.700,    -3.493413,    -3.453051,    -0.004061,
  1863.750,    -4.318687,    -3.461778,    -0.002437,
  1863.800,    -4.925214,    -2.983841,    -0.000442,
  1863.850,    -5.276203,    -2.299489,     0.003298,
  1863.900,    -5.335964,    -1.564205,     0.001762,
  1863.950,    -5.101822,    -0.713032,     0.000616,
  1864.000,    -4.635599,     0.457376,    -0.007605,
  1864.050,    -3.998944,     2.094157,    -0.006411,
  1864.100,    -3.239188,     4.119477,    -0.004762,
  1864.150,    -2.467011,     6.269823,    -0.013030,
  1864.200,    -1.737556,     8.159915,     0.001479,
  1864.250,    -1.131824,     9.413169,     0.009104,
  1864.300,    -0.702216,     9.750767,    -0.002732,
  1864.350,    -0.438561,     9.113675,    -0.003902,
  1864.400,    -0.353581,     7.722327,     0.006068,
  1864.450,    -0.403176,     5.996330,    -0.002702,
  1864.500,    -0.546446,     4.317363,     0.003535,
  1864.550,    -0.700231,     2.819163,     0.005839,
  1864.600,    -0.829637,     1.440459,     0.003309,
  1864.650,    -0.857066,     0.026660,     0.007041,
  1864.700,    -0.732294,    -1.436737,    -0.002078,
  1864.750,    -0.410920,    -2.836698,    -0.006326,
  1864.800,     0.088145,    -3.979412,    -0.001491,
  1864.850,     0.764787,    -4.759359,    -0.003969,
  1864.900,     1.572905,    -5.175398,    -0.009022,
  1864.950,     2.460177,    -5.295010,    -0.004847,
  1865.000,     3.366622,    -5.116056,     0.003276,
  1865.050,     4.194270,    -4.618724,    -0.003658,
  1865.100,     4.868224,    -3.899318,    -0.009189,
  1865.150,     5.343656,    -3.149414,     0.004684,
  1865.200,     5.563225,    -2.599820,     0.002541,
  1865.250,     5.504096,    -2.331288,    -0.002564,
  1865.300,     5.155337,    -2.268600,    -0.007307,
  1865.350,     4.559867,    -2.290438,     0.004063,
  1865.400,     3.712969,    -2.249333,     0.002367,
  1865.450,     2.680954,    -1.986302,     0.001175,
  1865.500,     1.542543,    -1.279576,     0.008730,
  1865.550,     0.368196,    -0.052357,    -0.004245,
  1865.600,    -0.787634,     1.586261,    -0.007778,
  1865.650,    -1.882394,     3.382103,     0.000185,
  1865.700,    -2.843462,     5.014275,     0.004237,
  1865.750,    -3.621526,     6.326449,    -0.004275,
  1865.800,    -4.225390,     7.353780,     0.000895,
  1865.850,    -4.626723,     8.165370,    -0.000356,
  1865.900,    -4.833539,     8.677496,    -0.001023,
  1865.950,    -4.849514,     8.645567,    -0.000706,
  1866.000,    -4.702817,     7.894503,    -0.006015,
  1866.050,    -4.422262,     6.455380,     0.000315,
  1866.100,    -4.025312,     4.608248,     0.007775,
  1866.150,    -3.528692,     2.753544,     0.000570,
  1866.200,    -2.927870,     1.253320,    -0.003501,
  1866.250,    -2.250704,     0.254056,     0.004125,
  1866.300,    -1.489682,    -0.225891,     0.002216,
  1866.350,    -0.655060,    -0.287426,    -0.002106,
  1866.400,     0.251254,    -0.145784,    -0.002896,
  1866.450,     1.195246,    -0.014611,    -0.002494,
  1866.500,     2.148862,    -0.026295,    -0.001220,
  1866.550,     3.095688,    -0.171661,     0.001410,
  1866.600,     3.980041,    -0.347397,     0.001857,
  1866.650,     4.717031,    -0.447446,     0.003766,
  1866.700,     5.299865,    -0.525080,     0.000893,
  1866.750,     5.669199,    -0.622095,    -0.001399,
  1866.800,     5.815823,    -0.807002,    -0.003379,
  1866.850,     5.727907,    -1.077616,     0.004231,
  1866.900,     5.404405,    -1.300381,    -0.000572,
  1866.950,     4.898393,    -1.293360,    -0.005413,
  1867.000,     4.245418,    -1.062879,    -0.006686,
  1867.050,     3.465389,    -0.771366,    -0.002054,
  1867.100,     2.635236,    -0.573093,    -0.003328,
  1867.150,     1.821625,    -0.482863,    -0.003899,
  1867.200,     1.052284,    -0.305566,     0.004407,
  1867.250,     0.369051,     0.155145,     0.007998,
  1867.300,    -0.219491,     0.863047,    -0.007857,
  1867.350,    -0.694086,     1.655622,    -0.003577,
  1867.400,    -1.058169,     2.324124,     0.002015,
  1867.450,    -1.325424,     2.799599,    -0.002725,
  1867.500,    -1.509008,     3.166839,     0.002425,
  1867.550,    -1.621681,     3.535444,     0.006389,
  1867.600,    -1.675600,     3.900905,    -0.003290,
  1867.650,    -1.685573,     4.125476,     0.008143,
  1867.700,    -1.663592,     4.011169,     0.003255,
  1867.750,    -1.604591,     3.464809,    -0.005529,
  1867.800,    -1.508522,     2.589104,    -0.000922,
  1867.850,    -1.375131,     1.599850,    -0.005628,
  1867.900,    -1.211691,     0.682901,    -0.007240,
  1867.950,    -1.003322,    -0.086482,    -0.002370,
  1868.000,    -0.739658,    -0.726183,     0.001059,
  1868.050,    -0.440964,    -1.209593,    -0.005061,
  1868.100,    -0.095716,    -1.429088,    -0.002410,
  1868.150,     0.295752,    -1.262859,    -0.000496,
  1868.200,     0.692168,    -0.752549,    -0.003302,
  1868.250,     1.097855,    -0.040834,     0.002422,
  1868.300,     1.491091,     0.643672,     0.001638,
  1868.350,     1.835193,     1.106966,    -0.001290,
  1868.400,     2.100456,     1.307808,     0.001267,
  1868.450,     2.265251,     1.336110,     0.000798,
  1868.500,     2.331974,     1.303814,    -0.000929,
  1868.550,     2.281578,     1.233669,    -0.001895,
  1868.600,     2.112582,     1.143384,     0.002708,
  1868.650,     1.831158,     0.983885,    -0.002804,
  1868.700,     1.482742,     0.620110,    -0.003634,
  1868.750,     1.089060,    -0.027329,    -0.000801,
  1868.800,     0.672860,    -0.974166,     0.005986,
  1868.850,     0.270995,    -2.105708,    -0.004504,
  1868.900,    -0.077417,    -3.295295,    -0.010718,
  1868.950,    -0.359660,    -4.413339,    -0.002558,
  1869.000,    -0.550511,    -5.361240,    -0.005818,
  1869.050,    -0.651836,    -6.044111,    -0.005075,
  1869.100,    -0.653166,    -6.361966,     0.006179,
  1869.150,    -0.592719,    -6.190024,    -0.005653,
  1869.200,    -0.477834,    -5.497000,    -0.000829,
  1869.250,    -0.332858,    -4.354635,     0.003718,
  1869.300,    -0.197719,    -2.958116,    -0.001066,
  1869.350,    -0.113285,    -1.554920,    -0.000090,
  1869.400,    -0.100529,    -0.287446,    -0.001235,
  1869.450,    -0.178416,     0.691454,    -0.005306,
  1869.500,    -0.378630,     1.331896,    -0.003442,
  1869.550,    -0.701192,     1.575576,     0.002388,
  1869.600,    -1.118174,     1.385613,     0.004343,
  1869.650,    -1.640216,     0.775115,    -0.000576,
  1869.700,    -2.224977,    -0.186515,    -0.005806,
  1869.750,    -2.832489,    -1.336035,     0.000410,
  1869.800,    -3.402728,    -2.473783,    -0.007402,
  1869.850,    -3.907141,    -3.485583,    -0.007682,
  1869.900,    -4.298730,    -4.379402,    -0.000576,
  1869.950,    -4.536103,    -5.180089,    -0.001191,
  1870.000,    -4.613470,    -5.893649,    -0.008448,
  1870.050,    -4.505377,    -6.487408,    -0.005550,
  1870.100,    -4.233195,    -6.964019,    -0.003437,
  1870.150,    -3.819631,    -7.446001,    -0.002403,
  1870.200,    -3.321013,    -8.086450,     0.004668,
  1870.250,    -2.779528,    -8.882047,    -0.002260,
  1870.300,    -2.249366,    -9.589194,    -0.001679,
  1870.350,    -1.788805,    -9.886959,    -0.007788,
  1870.400,    -1.441292,    -9.574205,    -0.006818,
  1870.450,    -1.255149,    -8.672747,    -0.003404,
  1870.500,    -1.246439,    -7.355052,    -0.002197,
  1870.550,    -1.428439,    -5.912577,    -0.001554,
  1870.600,    -1.787086,    -4.612085,    -0.008805,
  1870.650,    -2.289242,    -3.692253,    -0.003825,
  1870.700,    -2.926043,    -3.310725,     0.000233,
  1870.750,    -3.652143,    -3.416336,    -0.003939,
  1870.800,    -4.446997,    -3.745645,    -0.000503,
  1870.850,    -5.258867,    -3.977735,     0.002817,
  1870.900,    -6.043503,    -3.824539,     0.001093,
  1870.950,    -6.773296,    -3.189385,     0.001322,
  1871.000,    -7.420488,    -2.193417,     0.000089,
  1871.050,    -7.952344,    -1.096532,    -0.002658,
  1871.100,    -8.331370,    -0.147961,     0.003671,
  1871.150,    -8.565438,     0.513119,     0.002541,
  1871.200,    -8.629942,     0.932589,    -0.001455,
  1871.250,    -8.527616,     1.234092,    -0.002443,
  1871.300,    -8.273408,     1.485297,    -0.001612,
  1871.350,    -7.904857,     1.661569,     0.000255,
  1871.400,    -7.428905,     1.736481,     0.002254,
  1871.450,    -6.883684,     1.609753,     0.002973,
  1871.500,    -6.295410,     1.231126,     0.006137,
  1871.550,    -5.702847,     0.532855,     0.001084,
  1871.600,    -5.076827,    -0.513995,    -0.000314,
  1871.650,    -4.472704,    -1.871198,     0.000989,
  1871.700,    -3.893758,    -3.494266,     0.000063,
  1871.750,    -3.321004,    -5.262020,     0.001632,
  1871.800,    -2.765019,    -6.947140,    -0.000890,
  1871.850,    -2.240235,    -8.296654,    -0.002035,
  1871.900,    -1.729681,    -9.077407,     0.004474,
  1871.950,    -1.235545,    -9.179482,    -0.002521,
  1872.000,    -0.779302,    -8.650927,     0.001550,
  1872.050,    -0.378722,    -7.672082,     0.006299,
  1872.100,    -0.038290,    -6.560946,    -0.002892,
  1872.150,     0.192659,    -5.501153,     0.000339,
  1872.200,     0.303793,    -4.519005,     0.001264,
  1872.250,     0.288196,    -3.600787,     0.000665,
  1872.300,     0.089511,    -2.773930,     0.003617,
  1872.350,    -0.292617,    -2.122389,    -0.005902,
  1872.400,    -0.834973,    -1.772326,     0.000729,
  1872.450,    -1.513022,    -1.786546,     0.003668,
  1872.500,    -2.330360,    -2.161546,    -0.004504,
  1872.550,    -3.228764,    -2.737045,     0.002821,
  1872.600,    -4.129323,    -3.243789,     0.011591,
  1872.650,    -5.029966,    -3.452522,     0.012018,
  1872.700,    -5.845164,    -3.282441,     0.001050,
  1872.750,    -6.487180,    -2.817768,    -0.002418,
  1872.800,    -6.963323,    -2.244298,     0.004152,
  1872.850,    -7.232842,    -1.693927,     0.000585,
  1872.900,    -7.280774,    -1.218916,    -0.005152,
  1872.950,    -7.133861,    -0.829090,    -0.004008,
  1873.000,    -6.833306,    -0.565644,    -0.004851,
  1873.050,    -6.375216,    -0.490858,    -0.003942,
  1873.100,    -5.833891,    -0.601590,    -0.001110,
  1873.150,    -5.258523,    -0.713331,    -0.003622,
  1873.200,    -4.674548,    -0.631528,     0.001985,
  1873.250,    -4.164398,    -0.352630,    -0.000962,
  1873.300,    -3.704637,     0.016010,    -0.006766,
  1873.350,    -3.330041,     0.300825,    -0.000445,
  1873.400,    -3.020379,     0.381611,     0.002507,
  1873.450,    -2.789523,     0.253843,    -0.001194,
  1873.500,    -2.604435,     0.038525,    -0.002418,
  1873.550,    -2.450760,    -0.164972,     0.002380,
  1873.600,    -2.321823,    -0.269988,     0.005100,
  1873.650,    -2.176794,    -0.262046,    -0.002024,
  1873.700,    -2.028474,    -0.139108,     0.002519,
  1873.750,    -1.886351,     0.097983,     0.007490,
  1873.800,    -1.695986,     0.424203,     0.001653,
  1873.850,    -1.516449,     0.786923,    -0.003738,
  1873.900,    -1.334982,     1.077092,     0.004183,
  1873.950,    -1.147343,     1.099412,     0.012909,
  1874.000,    -0.990805,     0.646710,     0.005356,
  1874.050,    -0.831142,    -0.286162,     0.000339,
  1874.100,    -0.710104,    -1.415162,    -0.001479,
  1874.150,    -0.603336,    -2.294610,    -0.004406,
  1874.200,    -0.515273,    -2.610432,     0.004700,
  1874.250,    -0.447807,    -2.353050,    -0.000333,
  1874.300,    -0.408137,    -1.763655,     0.001693,
  1874.350,    -0.373237,    -1.197498,    -0.002984,
  1874.400,    -0.349730,    -0.852269,    -0.000658,
  1874.450,    -0.318341,    -0.675410,    -0.005800,
  1874.500,    -0.291511,    -0.487222,    -0.003690,
  1874.550,    -0.283155,    -0.196363,     0.000971,
  1874.600,    -0.260739,     0.203817,    -0.006063,
  1874.650,    -0.279418,     0.649889,     0.002154,
  1874.700,    -0.333080,     1.068410,     0.001734,
  1874.750,    -0.423643,     1.444663,     0.000883,
  1874.800,    -0.549211,     1.851885,    -0.007070,
  1874.850,    -0.712508,     2.322634,    -0.005146,
  1874.900,    -0.891493,     2.870648,    -0.002130,
  1874.950,    -1.078849,     3.483501,    -0.002501,
  1875.000,    -1.274297,     4.126567,    -0.003507,
  1875.050,    -1.432711,     4.690404,    -0.003617,
  1875.100,    -1.551609,     5.043076,     0.000847,
  1875.150,    -1.616846,     5.021612,    -0.002698,
  1875.200,    -1.593307,     4.539308,     0.004143,
  1875.250,    -1.510516,     3.612389,     0.003605,
  1875.300,    -1.349519,     2.339320,    -0.002418,
  1875.350,    -1.106480,     0.907144,    -0.000478,
  1875.400,    -0.815140,    -0.447488,     0.002236,
  1875.450,    -0.452641,    -1.495956,    -0.007615,
  1875.500,    -0.043243,    -2.077474,    -0.005386,
  1875.550,     0.393453,    -2.150218,    -0.001691,
  1875.600,     0.860152,    -1.846954,     0.004866,
  1875.650,     1.335892,    -1.404783,    -0.004243,
  1875.700,     1.786679,    -1.039930,    -0.006511,
  1875.750,     2.201521,    -0.890295,     0.004909,
  1875.800,     2.572429,    -0.956823,     0.001981,
  1875.850,     2.857095,    -1.136082,    -0.006943,
  1875.900,     3.042805,    -1.310380,    -0.007913,
  1875.950,     3.093345,    -1.360269,    -0.002770,
  1876.000,     2.992125,    -1.269518,     0.001403,
  1876.050,     2.766724,    -1.029126,     0.002228,
  1876.100,     2.398299,    -0.673257,     0.000887,
  1876.150,     1.923777,    -0.206892,    -0.004421,
  1876.200,     1.385957,     0.404851,     0.003425,
  1876.250,     0.807245,     1.137279,     0.002061,
  1876.300,     0.234374,     1.943812,     0.001158,
  1876.350,    -0.314407,     2.826375,     0.000883,
  1876.400,    -0.802892,     3.762354,    -0.004342,
  1876.450,    -1.210909,     4.659231,    -0.005254,
  1876.500,    -1.541315,     5.321589,     0.000132,
  1876.550,    -1.771688,     5.681601,    -0.009235,
  1876.600,    -1.906878,     5.779879,    -0.003941,
  1876.650,    -1.968186,     5.790381,     0.003784,
  1876.700,    -1.937442,     5.839227,     0.000163,
  1876.750,    -1.836073,     5.914161,    -0.001633,
  1876.800,    -1.662636,     5.848350,     0.001714,
  1876.850,    -1.429088,     5.522150,    -0.001490,
  1876.900,    -1.120482,     4.952563,    -0.001305,
  1876.950,    -0.740907,     4.204556,     0.002668,
  1877.000,    -0.303669,     3.304620,    -0.005096,
  1877.050,     0.192121,     2.223633,    -0.008731,
  1877.100,     0.743577,     0.953667,    -0.002978,
  1877.150,     1.322255,    -0.371262,    -0.001835,
  1877.200,     1.924862,    -1.455650,    -0.002837,
  1877.250,     2.540290,    -2.002770,    -0.006043,
  1877.300,     3.134844,    -1.953465,    -0.001230,
  1877.350,     3.665529,    -1.425152,    -0.001202,
  1877.400,     4.127549,    -0.581516,     0.003359,
  1877.450,     4.512969,     0.375946,     0.000084,
  1877.500,     4.768367,     1.318438,    -0.005714,
  1877.550,     4.907191,     2.164170,    -0.006490,
  1877.600,     4.898010,     2.790242,     0.001550,
  1877.650,     4.743071,     3.169777,     0.001933,
  1877.700,     4.455161,     3.405744,     0.005521,
  1877.750,     4.025060,     3.558055,    -0.002962,
  1877.800,     3.486797,     3.647302,    -0.000056,
  1877.850,     2.866182,     3.592780,     0.003090,
  1877.900,     2.200562,     3.217708,    -0.004307,
  1877.950,     1.536317,     2.477719,    -0.006383,
  1878.000,     0.910081,     1.425473,    -0.004623,
  1878.050,     0.363724,     0.251320,    -0.003282,
  1878.100,    -0.071007,    -0.814807,    -0.004605,
  1878.150,    -0.353609,    -1.636712,    -0.004495,
  1878.200,    -0.492567,    -2.138196,    -0.002951,
  1878.250,    -0.473635,    -2.256000,     0.001509,
  1878.300,    -0.310206,    -1.966926,     0.003638,
  1878.350,    -0.046262,    -1.272170,     0.003555,
  1878.400,     0.299303,    -0.274312,     0.000445,
  1878.450,     0.693423,     0.864735,    -0.003065,
  1878.500,     1.067483,     1.966879,    -0.001512,
  1878.550,     1.391602,     3.001992,    -0.001446,
  1878.600,     1.635589,     3.957663,     0.004754,
  1878.650,     1.758271,     4.810165,     0.011808,
  1878.700,     1.754695,     5.412674,     0.006268,
  1878.750,     1.632676,     5.589150,    -0.000524,
  1878.800,     1.386619,     5.124889,    -0.007975,
  1878.850,     1.053615,     4.030032,    -0.005809,
  1878.900,     0.649899,     2.555247,    -0.002023,
  1878.950,     0.236948,     1.053317,    -0.000522,
  1879.000,    -0.149678,    -0.142610,    -0.008521,
  1879.050,    -0.451976,    -0.822808,    -0.003789,
  1879.100,    -0.633608,    -0.939828,     0.001109,
  1879.150,    -0.674744,    -0.583057,     0.000288,
  1879.200,    -0.561367,     0.097619,    -0.000974,
  1879.250,    -0.299844,     0.902392,     0.004639,
  1879.300,     0.089590,     1.670420,     0.005106,
  1879.350,     0.563654,     2.218117,    -0.002024,
  1879.400,     1.077855,     2.456972,    -0.005468,
  1879.450,     1.588684,     2.405135,    -0.004914,
  1879.500,     2.039182,     2.226135,    -0.002613,
  1879.550,     2.390409,     2.073087,    -0.004781,
  1879.600,     2.589558,     1.999906,    -0.003884,
  1879.650,     2.652387,     1.986255,    -0.000527,
  1879.700,     2.554804,     1.934667,     0.003067,
  1879.750,     2.329504,     1.752216,    -0.005184,
  1879.800,     2.007246,     1.364700,     0.000397,
  1879.850,     1.637043,     0.790909,     0.002295,
  1879.900,     1.266474,     0.173932,     0.002783,
  1879.950,     0.936145,    -0.316478,     0.009342,
  1880.000,     0.664233,    -0.457124,     0.000378,
  1880.050,     0.493693,    -0.183237,    -0.005398,
  1880.100,     0.415285,     0.393294,    -0.007240,
  1880.150,     0.413480,     1.101281,     0.005364,
  1880.200,     0.495453,     1.814987,    -0.001877,
  1880.250,     0.608791,     2.479728,     0.001895,
  1880.300,     0.748242,     3.089553,     0.004410,
  1880.350,     0.888647,     3.625950,    -0.004097,
  1880.400,     0.998089,     3.990833,    -0.006440,
  1880.450,     1.064764,     4.150581,    -0.000898,
  1880.500,     1.089850,     4.116388,    -0.001738,
  1880.550,     1.039870,     3.895845,    -0.003415,
  1880.600,     0.949666,     3.498073,     0.002856,
  1880.650,     0.825433,     2.897708,    -0.001828,
  1880.700,     0.700045,     2.051373,    -0.004789,
  1880.750,     0.581366,     0.933604,    -0.006727,
  1880.800,     0.488748,    -0.340447,    -0.010673,
  1880.850,     0.465277,    -1.587069,    -0.002741,
  1880.900,     0.507134,    -2.698480,     0.002032,
  1880.950,     0.628574,    -3.612971,     0.003857,
  1881.000,     0.804609,    -4.339305,    -0.004811,
  1881.050,     1.044486,    -4.845080,    -0.003906,
  1881.100,     1.333351,    -5.036399,     0.000378,
  1881.150,     1.615342,    -4.824904,    -0.001308,
  1881.200,     1.895440,    -4.180892,     0.001196,
  1881.250,     2.127826,    -3.208496,    -0.000433,
  1881.300,     2.282645,    -2.016339,    -0.008651,
  1881.350,     2.331634,    -0.776325,    -0.009214,
  1881.400,     2.260375,     0.336328,     0.000801,
  1881.450,     2.035281,     1.148203,    -0.004386,
  1881.500,     1.657256,     1.525863,    -0.004976,
  1881.550,     1.153971,     1.463489,     0.001243,
  1881.600,     0.534648,     1.092426,     0.002306,
  1881.650,    -0.172129,     0.592701,    -0.006060,
  1881.700,    -0.904195,     0.065579,    -0.004653,
  1881.750,    -1.638162,    -0.411549,    -0.006262,
  1881.800,    -2.315249,    -0.758421,    -0.007781,
  1881.850,    -2.883039,    -0.908396,     0.001394,
  1881.900,    -3.321390,    -0.809735,     0.001054,
  1881.950,    -3.595181,    -0.557739,     0.003654,
  1882.000,    -3.676589,    -0.348578,     0.002063,
  1882.050,    -3.584403,    -0.405201,    -0.010885,
  1882.100,    -3.345452,    -0.793774,    -0.001937,
  1882.150,    -2.978291,    -1.426807,    -0.002768,
  1882.200,    -2.529499,    -2.158675,    -0.002820,
  1882.250,    -2.033120,    -2.946226,    -0.003971,
  1882.300,    -1.542988,    -3.757237,    -0.005663,
  1882.350,    -1.095431,    -4.566476,     0.007643,
  1882.400,    -0.711910,    -5.285095,     0.004320,
  1882.450,    -0.419587,    -5.853614,     0.000196,
  1882.500,    -0.238976,    -6.281902,    -0.005863,
  1882.550,    -0.158083,    -6.575505,     0.000811,
  1882.600,    -0.157408,    -6.689817,    -0.000202,
  1882.650,    -0.251204,    -6.480737,    -0.004656,
  1882.700,    -0.400475,    -5.852482,    -0.003982,
  1882.750,    -0.605619,    -4.795392,    -0.001473,
  1882.800,    -0.871737,    -3.440811,    -0.008994,
  1882.850,    -1.176783,    -1.975551,     0.001434,
  1882.900,    -1.521319,    -0.582553,    -0.002007,
  1882.950,    -1.902592,     0.524504,    -0.005510,
  1883.000,    -2.334897,     1.240966,     0.004504,
  1883.050,    -2.814786,     1.576896,    -0.004126,
  1883.100,    -3.294475,     1.621504,     0.000381,
  1883.150,    -3.791383,     1.506209,     0.004200,
  1883.200,    -4.292659,     1.369564,    -0.000046,
  1883.250,    -4.748046,     1.228835,    -0.002029,
  1883.300,    -5.146971,     1.098257,    -0.001852,
  1883.350,    -5.441642,     1.002245,     0.006645,
  1883.400,    -5.599605,     0.966306,    -0.004430,
  1883.450,    -5.618021,     1.067719,    -0.002984,
  1883.500,    -5.464703,     1.361524,     0.000962,
  1883.550,    -5.144246,     1.836744,     0.001032,
  1883.600,    -4.671238,     2.402295,    -0.000503,
  1883.650,    -4.088539,     2.952549,    -0.002333,
  1883.700,    -3.422156,     3.443490,    -0.003433,
  1883.750,    -2.690794,     3.917928,     0.002546,
  1883.800,    -1.958805,     4.438278,    -0.000914,
  1883.850,    -1.262926,     4.995006,     0.005577,
  1883.900,    -0.631340,     5.503914,     0.007561,
  1883.950,    -0.080195,     6.007849,    -0.002905,
  1884.000,     0.385419,     6.541070,    -0.007119,
  1884.050,     0.740726,     7.168899,    -0.007034,
  1884.100,     1.017538,     7.878944,     0.004320,
  1884.150,     1.221126,     8.482344,     0.005636,
  1884.200,     1.376721,     8.790328,     0.004396,
  1884.250,     1.514149,     8.664380,     0.000060,
  1884.300,     1.653086,     8.206087,    -0.006937,
  1884.350,     1.822715,     7.558015,    -0.006183,
  1884.400,     2.041692,     6.860898,    -0.002582,
  1884.450,     2.309465,     6.182890,    -0.002771,
  1884.500,     2.633610,     5.535297,    -0.006858,
  1884.550,     3.036317,     4.982120,    -0.002981,
  1884.600,     3.476955,     4.569753,     0.000664,
  1884.650,     3.947286,     4.350144,     0.002166,
  1884.700,     4.451825,     4.301789,    -0.001551,
  1884.750,     4.958391,     4.362930,    -0.001013,
  1884.800,     5.445839,     4.430427,     0.008943,
  1884.850,     5.918774,     4.455954,    -0.008858,
  1884.900,     6.353834,     4.445221,    -0.013506,
  1884.950,     6.710793,     4.446155,    -0.003991,
  1885.000,     6.972107,     4.459690,     0.005465,
  1885.050,     7.134125,     4.389100,     0.001611,
  1885.100,     7.199535,     4.110871,    -0.003610,
  1885.150,     7.147637,     3.492089,    -0.006166,
  1885.200,     6.995176,     2.585720,    -0.003136,
  1885.250,     6.746633,     1.565130,    -0.003044,
  1885.300,     6.423338,     0.739302,    -0.001174,
  1885.350,     6.062870,     0.327854,    -0.002990,
  1885.400,     5.675314,     0.439774,    -0.001287,
  1885.450,     5.281676,     1.100358,    -0.004483,
  1885.500,     4.899715,     2.175952,    -0.005175,
  1885.550,     4.554963,     3.516434,    -0.003850,
  1885.600,     4.248521,     4.958107,    -0.006575,
  1885.650,     3.996049,     6.321250,    -0.010353,
  1885.700,     3.759673,     7.440664,    -0.005614,
  1885.750,     3.552039,     8.159277,    -0.010497,
  1885.800,     3.319873,     8.406678,    -0.003354,
  1885.850,     3.098366,     8.220387,     0.000157,
  1885.900,     2.879268,     7.705054,    -0.000241,
  1885.950,     2.626207,     6.957701,    -0.004787,
  1886.000,     2.398856,     6.014194,    -0.002704,
  1886.050,     2.175400,     4.847758,    -0.000983,
  1886.100,     2.007739,     3.515142,     0.004301,
  1886.150,     1.907784,     2.152753,     0.001760,
  1886.200,     1.909122,     0.934201,    -0.006203,
  1886.250,     2.027352,     0.024264,    -0.002196,
  1886.300,     2.258824,    -0.514995,    -0.003324,
  1886.350,     2.609901,    -0.651497,    -0.005905,
  1886.400,     3.064017,    -0.405537,    -0.002813,
  1886.450,     3.581566,     0.194642,    -0.001385,
  1886.500,     4.123013,     1.071633,    -0.003120,
  1886.550,     4.633981,     2.104060,    -0.002197,
  1886.600,     5.084784,     3.117189,    -0.000239,
  1886.650,     5.409984,     3.938204,    -0.001846,
  1886.700,     5.587864,     4.447146,    -0.002567,
  1886.750,     5.597183,     4.660445,    -0.011636,
  1886.800,     5.423300,     4.680581,    -0.008217,
  1886.850,     5.054478,     4.607902,    -0.003120,
  1886.900,     4.558289,     4.492681,    -0.003625,
  1886.950,     3.946663,     4.379016,    -0.011707,
  1887.000,     3.255354,     4.219569,    -0.008641,
  1887.050,     2.577463,     3.956014,     0.001431,
  1887.100,     1.944560,     3.641500,     0.004884,
  1887.150,     1.413578,     3.401032,     0.004317,
  1887.200,     1.026557,     3.307033,     0.001933,
  1887.250,     0.788276,     3.366350,     0.002693,
  1887.300,     0.733157,     3.516822,     0.000427,
  1887.350,     0.834352,     3.633218,     0.003334,
  1887.400,     1.068293,     3.668141,    -0.004540,
  1887.450,     1.400591,     3.562939,     0.000162,
  1887.500,     1.806216,     3.354986,    -0.005866,
  1887.550,     2.236570,     3.115544,    -0.000840,
  1887.600,     2.651536,     2.951360,     0.001738,
  1887.650,     3.020485,     2.926587,    -0.001759,
  1887.700,     3.322235,     3.022657,    -0.003741,
  1887.750,     3.541832,     3.092316,    -0.004000,
  1887.800,     3.663132,     2.964833,    -0.000578,
  1887.850,     3.721738,     2.498084,    -0.005723,
  1887.900,     3.710692,     1.685989,    -0.002045,
  1887.950,     3.637607,     0.620688,     0.002771,
  1888.000,     3.539698,    -0.537555,     0.001063,
  1888.050,     3.421476,    -1.595145,     0.000317,
  1888.100,     3.298181,    -2.353214,     0.004694,
  1888.150,     3.178366,    -2.675137,    -0.004187,
  1888.200,     3.054491,    -2.608582,    -0.006730,
  1888.250,     2.945334,    -2.251625,     0.004200,
  1888.300,     2.846837,    -1.779987,     0.002099,
  1888.350,     2.751368,    -1.309381,    -0.003372,
  1888.400,     2.633469,    -0.876868,    -0.002403,
  1888.450,     2.505973,    -0.510401,    -0.002041,
  1888.500,     2.337655,    -0.231393,    -0.002686,
  1888.550,     2.107616,    -0.056022,    -0.003948,
  1888.600,     1.840569,    -0.024247,    -0.002953,
  1888.650,     1.519679,    -0.070840,    -0.001452,
  1888.700,     1.112877,    -0.179946,    -0.005163,
  1888.750,     0.675701,    -0.405204,    -0.002600,
  1888.800,     0.199771,    -0.779027,    -0.002276,
  1888.850,    -0.272734,    -1.325488,     0.002228,
  1888.900,    -0.736757,    -1.971415,    -0.002710,
  1888.950,    -1.156390,    -2.601229,    -0.009378,
  1889.000,    -1.513517,    -3.037456,    -0.003398,
  1889.050,    -1.786876,    -3.183073,    -0.000172,
  1889.100,    -1.968446,    -3.018999,    -0.005826,
  1889.150,    -2.058209,    -2.643478,     0.005510,
  1889.200,    -2.060488,    -2.220167,     0.000027,
  1889.250,    -1.999786,    -1.841228,     0.000083,
  1889.300,    -1.886427,    -1.611517,     0.001337,
  1889.350,    -1.743440,    -1.515169,    -0.002929,
  1889.400,    -1.604711,    -1.456715,    -0.007443,
  1889.450,    -1.502234,    -1.387055,    -0.003734,
  1889.500,    -1.436728,    -1.271911,    -0.001913,
  1889.550,    -1.432070,    -1.101282,    -0.004841,
  1889.600,    -1.494880,    -0.933383,    -0.005818,
  1889.650,    -1.611938,    -0.835349,    -0.001494,
  1889.700,    -1.776843,    -0.949581,     0.002836,
  1889.750,    -1.974928,    -1.316601,     0.000667,
  1889.800,    -2.176654,    -1.932237,     0.002881,
  1889.850,    -2.364475,    -2.702357,    -0.002027,
  1889.900,    -2.534963,    -3.487830,     0.000950,
  1889.950,    -2.675027,    -4.228373,     0.006177,
  1890.000,    -2.731629,    -4.951936,    -0.007110,
  1890.050,    -2.740406,    -5.693802,    -0.004409,
  1890.100,    -2.706668,    -6.407125,     0.000978,
  1890.150,    -2.632110,    -6.981862,    -0.001343,
  1890.200,    -2.512628,    -7.346739,     0.002452,
  1890.250,    -2.377322,    -7.399857,    -0.003954,
  1890.300,    -2.259678,    -7.157344,    -0.000870,
  1890.350,    -2.153565,    -6.686233,     0.003450,
  1890.400,    -2.082957,    -6.125455,     0.005188,
  1890.450,    -2.074987,    -5.525769,     0.005210,
  1890.500,    -2.149954,    -4.932307,     0.003869,
  1890.550,    -2.299419,    -4.354352,    -0.000601,
  1890.600,    -2.541380,    -3.800546,    -0.001042,
  1890.650,    -2.869841,    -3.216909,    -0.007565,
  1890.700,    -3.277731,    -2.596834,     0.002847,
  1890.750,    -3.743035,    -2.015196,    -0.003074,
  1890.800,    -4.258598,    -1.616390,    -0.009646,
  1890.850,    -4.795732,    -1.548284,    -0.002920,
  1890.900,    -5.332394,    -1.778130,     0.001722,
  1890.950,    -5.810037,    -2.170628,     0.005013,
  1891.000,    -6.201349,    -2.570787,     0.000275,
  1891.050,    -6.509656,    -2.873251,     0.003817,
  1891.100,    -6.702885,    -3.030285,    -0.001236,
  1891.150,    -6.771638,    -3.002840,     0.002145,
  1891.200,    -6.712797,    -2.752846,    -0.002209,
  1891.250,    -6.519371,    -2.295180,     0.001313,
  1891.300,    -6.229576,    -1.671395,    -0.003145,
  1891.350,    -5.840477,    -1.034589,    -0.003218,
  1891.400,    -5.396725,    -0.616999,    -0.000333,
  1891.450,    -4.914828,    -0.566551,     0.002865,
  1891.500,    -4.434292,    -0.942890,    -0.003416,
  1891.550,    -3.971235,    -1.724720,     0.000075,
  1891.600,    -3.557892,    -2.781315,     0.000439,
  1891.650,    -3.212653,    -3.982578,    -0.007815,
  1891.700,    -2.929987,    -5.181010,    -0.006972,
  1891.750,    -2.721292,    -6.166270,     0.000466,
  1891.800,    -2.581798,    -6.750616,    -0.002287,
  1891.850,    -2.494574,    -6.874038,    -0.001147,
  1891.900,    -2.437872,    -6.604140,     0.000831,
  1891.950,    -2.391167,    -6.118491,     0.002450,
  1892.000,    -2.367347,    -5.594340,     0.005964,
  1892.050,    -2.345166,    -5.071078,     0.000439,
  1892.100,    -2.329566,    -4.595654,     0.006950,
  1892.150,    -2.333438,    -4.217081,     0.001780,
  1892.200,    -2.383879,    -3.921293,    -0.011131,
  1892.250,    -2.460186,    -3.681198,    -0.006995,
  1892.300,    -2.619289,    -3.456122,     0.003547,
  1892.350,    -2.835691,    -3.188252,     0.000433,
  1892.400,    -3.114827,    -2.817702,    -0.008788,
  1892.450,    -3.469209,    -2.374746,    -0.005225,
  1892.500,    -3.880131,    -1.946241,    -0.000369,
  1892.550,    -4.308186,    -1.651311,    -0.002042,
  1892.600,    -4.732753,    -1.492657,     0.002520,
  1892.650,    -5.131993,    -1.491323,     0.001474,
  1892.700,    -5.450161,    -1.591139,    -0.000017,
  1892.750,    -5.698195,    -1.733197,    -0.001686,
  1892.800,    -5.818287,    -1.911244,    -0.001171,
  1892.850,    -5.837739,    -2.111439,     0.000103,
  1892.900,    -5.757980,    -2.267191,    -0.001682,
  1892.950,    -5.589382,    -2.220331,    -0.005143,
  1893.000,    -5.331358,    -1.882359,    -0.002595,
  1893.050,    -5.010319,    -1.275009,    -0.004680,
  1893.100,    -4.658507,    -0.497672,    -0.001659,
  1893.150,    -4.278237,     0.242253,    -0.001639,
  1893.200,    -3.909825,     0.779833,    -0.005707,
  1893.250,    -3.551164,     0.992598,     0.001114,
  1893.300,    -3.222665,     0.880718,    -0.001673,
  1893.350,    -2.928701,     0.572123,    -0.002562,
  1893.400,    -2.687149,     0.185916,    -0.002744,
  1893.450,    -2.487993,    -0.203745,    -0.008788,
  1893.500,    -2.348329,    -0.527336,    -0.006775,
  1893.550,    -2.231473,    -0.727950,    -0.005462,
  1893.600,    -2.134460,    -0.732286,    -0.004878,
  1893.650,    -2.060786,    -0.531732,     0.001737,
  1893.700,    -1.977155,    -0.107731,     0.004870,
  1893.750,    -1.880255,     0.434031,     0.007430,
  1893.800,    -1.749258,     0.970690,     0.002246,
  1893.850,    -1.603009,     1.420929,     0.006055,
  1893.900,    -1.434666,     1.768707,     0.005501,
  1893.950,    -1.241472,     2.093183,     0.005846,
  1894.000,    -1.032576,     2.505612,     0.001540,
  1894.050,    -0.856262,     2.991456,    -0.002244,
  1894.100,    -0.693069,     3.490227,    -0.005392,
  1894.150,    -0.543718,     3.861143,    -0.002448,
  1894.200,    -0.440878,     3.980522,     0.002036,
  1894.250,    -0.375131,     3.790455,     0.007377,
  1894.300,    -0.323777,     3.333613,    -0.000409,
  1894.350,    -0.283970,     2.729100,    -0.008459,
  1894.400,    -0.243317,     2.074710,    -0.001376,
  1894.450,    -0.193378,     1.417224,     0.003031,
  1894.500,    -0.101300,     0.852244,     0.000780,
  1894.550,     0.034736,     0.473499,    -0.008265,
  1894.600,     0.218727,     0.363573,    -0.004555,
  1894.650,     0.453158,     0.622006,    -0.000132,
  1894.700,     0.726408,     1.229315,     0.004954,
  1894.750,     1.026939,     2.079120,     0.003191,
  1894.800,     1.346199,     3.046982,     0.002069,
  1894.850,     1.662967,     3.996794,    -0.000867,
  1894.900,     1.959717,     4.792079,    -0.010660,
  1894.950,     2.198039,     5.291821,    -0.006990,
  1895.000,     2.377713,     5.333996,     0.000802,
  1895.050,     2.482149,     4.816191,     0.001315,
  1895.100,     2.490616,     3.730237,    -0.000604,
  1895.150,     2.434278,     2.310075,    -0.000443,
  1895.200,     2.296592,     0.876236,    -0.000753,
  1895.250,     2.130976,    -0.316176,    -0.001546,
  1895.300,     1.928568,    -1.074575,    -0.004561,
  1895.350,     1.735881,    -1.341254,    -0.004024,
  1895.400,     1.586194,    -1.164673,    -0.004979,
  1895.450,     1.505481,    -0.601502,    -0.005847,
  1895.500,     1.504329,     0.307284,    -0.002942,
  1895.550,     1.593854,     1.543362,    -0.002065,
  1895.600,     1.744753,     3.033221,     0.001602,
  1895.650,     1.941493,     4.631418,    -0.000557,
  1895.700,     2.159522,     6.118961,    -0.014690,
  1895.750,     2.330242,     7.293938,    -0.010047,
  1895.800,     2.434690,     8.093281,    -0.001411,
  1895.850,     2.471919,     8.505021,    -0.000844,
  1895.900,     2.382958,     8.639117,    -0.000342,
  1895.950,     2.195710,     8.573769,    -0.005353,
  1896.000,     1.921277,     8.308640,    -0.002640,
  1896.050,     1.602994,     7.810502,    -0.007022,
  1896.100,     1.271477,     7.031074,    -0.009162,
  1896.150,     0.995176,     5.987170,    -0.004741,
  1896.200,     0.805850,     4.744987,    -0.008077,
  1896.250,     0.758576,     3.396770,    -0.002606,
  1896.300,     0.873056,     2.035797,     0.001373,
  1896.350,     1.161505,     0.782521,    -0.003234,
  1896.400,     1.620810,    -0.210606,     0.005119,
  1896.450,     2.231979,    -0.879598,     0.005749,
  1896.500,     2.952272,    -1.232736,    -0.003811,
  1896.550,     3.733270,    -1.361871,    -0.000151,
  1896.600,     4.520604,    -1.353778,     0.004063,
  1896.650,     5.240898,    -1.282434,    -0.001349,
  1896.700,     5.845410,    -1.189120,    -0.011052,
  1896.750,     6.302921,    -1.118244,    -0.006672,
  1896.800,     6.551068,    -1.170807,    -0.006100,
  1896.850,     6.585212,    -1.427920,    -0.006736,
  1896.900,     6.405418,    -1.849851,    -0.001229,
  1896.950,     6.012854,    -2.316770,    -0.002626,
  1897.000,     5.435342,    -2.652401,     0.000965,
  1897.050,     4.717478,    -2.747661,     0.000388,
  1897.100,     3.882173,    -2.603790,    -0.004708,
  1897.150,     2.990893,    -2.307941,    -0.009436,
  1897.200,     2.086300,    -1.887238,    -0.007371,
  1897.250,     1.206709,    -1.336582,    -0.005987,
  1897.300,     0.399074,    -0.637740,    -0.006283,
  1897.350,    -0.325055,     0.211515,    -0.005100,
  1897.400,    -0.937781,     1.149185,     0.003486,
  1897.450,    -1.447985,     2.077048,     0.001273,
  1897.500,    -1.867133,     2.913666,    -0.002209,
  1897.550,    -2.185814,     3.605808,     0.007132,
  1897.600,    -2.426943,     4.144289,    -0.007367,
  1897.650,    -2.590318,     4.568808,    -0.002850,
  1897.700,    -2.697049,     4.908937,    -0.001603,
  1897.750,    -2.764095,     5.163585,    -0.003287,
  1897.800,    -2.757066,     5.337764,    -0.000667,
  1897.850,    -2.710681,     5.407618,     0.001495,
  1897.900,    -2.601026,     5.360027,    -0.005230,
  1897.950,    -2.414283,     5.210805,    -0.011211,
  1898.000,    -2.162705,     5.060889,    -0.003102,
  1898.050,    -1.817793,     4.970494,     0.002261,
  1898.100,    -1.397339,     4.923055,    -0.002121,
  1898.150,    -0.907859,     4.896875,     0.004817,
  1898.200,    -0.342533,     4.845352,     0.007800,
  1898.250,     0.259733,     4.778413,    -0.003713,
  1898.300,     0.893632,     4.781757,    -0.007983,
  1898.350,     1.550287,     4.880178,    -0.003582,
  1898.400,     2.194951,     5.034421,     0.000355,
  1898.450,     2.794856,     5.114181,     0.000926,
  1898.500,     3.347932,     4.993571,     0.002844,
  1898.550,     3.821447,     4.641022,     0.001442,
  1898.600,     4.226486,     4.056783,    -0.002176,
  1898.650,     4.532242,     3.362258,     0.000883,
  1898.700,     4.757240,     2.692439,    -0.003211,
  1898.750,     4.896411,     2.105848,    -0.006885,
  1898.800,     4.981714,     1.655838,     0.000513,
  1898.850,     4.997942,     1.343803,    -0.007045,
  1898.900,     4.964747,     1.250845,    -0.005940,
  1898.950,     4.911156,     1.441070,     0.004067,
  1899.000,     4.824108,     1.874551,     0.000716,
  1899.050,     4.716229,     2.406740,    -0.002378,
  1899.100,     4.613958,     2.838677,    -0.002409,
  1899.150,     4.494858,     3.004086,    -0.006274,
  1899.200,     4.349671,     2.901131,    -0.004115,
  1899.250,     4.192072,     2.644169,    -0.002509,
  1899.300,     4.018532,     2.433857,    -0.003342,
  1899.350,     3.805867,     2.346998,    -0.009600,
  1899.400,     3.548162,     2.351108,     0.000512,
  1899.450,     3.287268,     2.350959,    -0.002285,
  1899.500,     2.997530,     2.287287,    -0.002823,
  1899.550,     2.703990,     2.258213,     0.000550,
  1899.600,     2.427144,     2.318296,    -0.003592,
  1899.650,     2.176367,     2.496681,    -0.006900,
  1899.700,     1.945430,     2.691463,    -0.000281,
  1899.750,     1.767723,     2.811138,    -0.001720,
  1899.800,     1.663741,     2.776767,    -0.008422,
  1899.850,     1.586039,     2.612491,    -0.005778,
  1899.900,     1.560628,     2.426915,     0.002066,
  1899.950,     1.563229,     2.361421,     0.002431,
  1900.000,     1.586698,     2.463455,    -0.000394,
  1900.050,     1.627131,     2.709322,    -0.003571,
  1900.100,     1.680632,     2.991478,     0.001029,
  1900.150,     1.722871,     3.226329,    -0.005890,
  1900.200,     1.768437,     3.359577,    -0.006306,
  1900.250,     1.814164,     3.365666,     0.002836,
  1900.300,     1.855655,     3.288814,     0.002865,
  1900.350,     1.894206,     3.144464,     0.001798,
  1900.400,     1.918158,     2.947010,     0.004143,
  1900.450,     1.941888,     2.689810,     0.001535,
  1900.500,     1.964784,     2.332908,    -0.002026,
  1900.550,     1.984772,     1.898591,    -0.003240,
  1900.600,     2.014016,     1.426914,    -0.008600,
  1900.650,     2.043252,     0.961901,    -0.006325,
  1900.700,     2.080682,     0.552185,     0.003148,
  1900.750,     2.121207,     0.160591,    -0.001130,
  1900.800,     2.193607,    -0.281264,    -0.004002,
  1900.850,     2.247553,    -0.741220,    -0.002045,
  1900.900,     2.302255,    -1.174612,     0.005872,
  1900.950,     2.361140,    -1.461445,     0.013902,
  1901.000,     2.411588,    -1.473479,    -0.000683,
  1901.050,     2.450348,    -1.255779,    -0.006735,
  1901.100,     2.449538,    -0.924566,    -0.000740,
  1901.150,     2.400704,    -0.547248,    -0.003836,
  1901.200,     2.323279,    -0.147505,    -0.007016,
  1901.250,     2.189028,     0.262745,    -0.002089,
  1901.300,     2.001585,     0.634821,     0.002848,
  1901.350,     1.770850,     0.908147,     0.003304,
  1901.400,     1.492272,     1.062998,    -0.006037,
  1901.450,     1.176451,     1.152396,    -0.005575,
  1901.500,     0.834890,     1.258144,    -0.001101,
  1901.550,     0.480859,     1.444302,    -0.005589,
  1901.600,     0.127286,     1.671761,    -0.007933,
  1901.650,    -0.195403,     1.899472,    -0.000448,
  1901.700,    -0.500996,     2.120920,     0.004772,
  1901.750,    -0.748642,     2.349305,    -0.001530,
  1901.800,    -0.926983,     2.605471,    -0.003571,
  1901.850,    -1.034105,     2.826117,    -0.001737,
  1901.900,    -1.083308,     2.956198,    -0.007484,
  1901.950,    -1.054870,     2.954532,    -0.003729,
  1902.000,    -0.957592,     2.822922,    -0.008667,
  1902.050,    -0.812887,     2.585241,    -0.009052,
  1902.100,    -0.607437,     2.282321,    -0.004695,
  1902.150,    -0.376061,     1.908977,     0.005703,
  1902.200,    -0.126281,     1.436646,     0.002847,
  1902.250,     0.132267,     0.862630,    -0.005192,
  1902.300,     0.401965,     0.261745,    -0.001887,
  1902.350,     0.668296,    -0.260010,    -0.006949,
  1902.400,     0.910205,    -0.610583,    -0.010052,
  1902.450,     1.145883,    -0.785169,     0.000762,
  1902.500,     1.357992,    -0.845544,     0.003572,
  1902.550,     1.546323,    -0.826244,    -0.003851,
  1902.600,     1.698665,    -0.737506,     0.002297,
  1902.650,     1.826842,    -0.537929,    -0.000116,
  1902.700,     1.903597,    -0.221778,    -0.006036,
  1902.750,     1.926425,     0.166439,     0.001503,
  1902.800,     1.898243,     0.518879,    -0.003026,
  1902.850,     1.815899,     0.745744,    -0.010095,
  1902.900,     1.659061,     0.810838,    -0.002321,
  1902.950,     1.441276,     0.696604,    -0.001652,
  1903.000,     1.190110,     0.440161,    -0.004887,
  1903.050,     0.896448,     0.111799,     0.006229,
  1903.100,     0.578621,    -0.215949,     0.003009,
  1903.150,     0.246012,    -0.469635,     0.002258,
  1903.200,    -0.061455,    -0.655177,     0.001659,
  1903.250,    -0.351816,    -0.790547,     0.001498,
  1903.300,    -0.593044,    -0.896472,     0.002482,
  1903.350,    -0.773695,    -1.057233,    -0.001044,
  1903.400,    -0.890006,    -1.254964,    -0.002618,
  1903.450,    -0.958304,    -1.473814,    -0.005753,
  1903.500,    -0.963345,    -1.695290,    -0.008028,
  1903.550,    -0.926819,    -1.855671,     0.004939,
  1903.600,    -0.860238,    -1.901434,     0.002507,
  1903.650,    -0.773272,    -1.809120,     0.001363,
  1903.700,    -0.695367,    -1.595534,     0.000612,
  1903.750,    -0.626102,    -1.276797,    -0.005987,
  1903.800,    -0.569740,    -0.950608,    -0.008150,
  1903.850,    -0.560954,    -0.681861,    -0.006879,
  1903.900,    -0.590642,    -0.525016,     0.002947,
  1903.950,    -0.661609,    -0.470056,     0.000845,
  1904.000,    -0.767742,    -0.452593,    -0.007919,
  1904.050,    -0.892134,    -0.428511,     0.007032,
  1904.100,    -1.050676,    -0.368175,     0.003705,
  1904.150,    -1.217665,    -0.346375,    -0.005018,
  1904.200,    -1.387961,    -0.468898,    -0.004199,
  1904.250,    -1.554576,    -0.712597,    -0.004063,
  1904.300,    -1.698510,    -1.044172,    -0.002388,
  1904.350,    -1.820694,    -1.396416,     0.002024,
  1904.400,    -1.896837,    -1.725489,     0.000138,
  1904.450,    -1.948194,    -1.988351,     0.003306,
  1904.500,    -1.950568,    -2.162577,     0.000458,
  1904.550,    -1.911610,    -2.158220,    -0.002308,
  1904.600,    -1.830472,    -1.970144,     0.000354,
  1904.650,    -1.736839,    -1.647235,    -0.000589,
  1904.700,    -1.627249,    -1.329632,     0.001540,
  1904.750,    -1.503363,    -1.125443,    -0.006034,
  1904.800,    -1.385541,    -1.076812,    -0.005553,
  1904.850,    -1.298329,    -1.136534,    -0.006610,
  1904.900,    -1.234336,    -1.231623,    -0.003661,
  1904.950,    -1.202227,    -1.306592,    -0.000335,
  1905.000,    -1.216826,    -1.351427,     0.008104,
  1905.050,    -1.266770,    -1.456083,     0.001234,
  1905.100,    -1.358989,    -1.647542,    -0.006937,
  1905.150,    -1.462235,    -1.919681,    -0.006268,
  1905.200,    -1.587459,    -2.175364,    -0.000712,
  1905.250,    -1.715542,    -2.293056,     0.001523,
  1905.300,    -1.825151,    -2.165635,    -0.004686,
  1905.350,    -1.926981,    -1.775327,    -0.002448,
  1905.400,    -1.987652,    -1.227432,    -0.002352,
  1905.450,    -2.029309,    -0.665930,     0.004155,
  1905.500,    -2.050787,    -0.244470,     0.006457,
  1905.550,    -2.046068,    -0.014667,    -0.001759,
  1905.600,    -2.019933,     0.075865,    -0.010579,
  1905.650,    -1.993574,     0.100160,     0.001717,
  1905.700,    -1.975696,     0.118198,    -0.000867,
  1905.750,    -1.957059,     0.135776,    -0.003456,
  1905.800,    -1.943983,     0.115310,    -0.001428,
  1905.850,    -1.942067,     0.030820,     0.001096,
  1905.900,    -1.944269,    -0.135528,     0.000734,
  1905.950,    -1.942669,    -0.392544,    -0.007073,
  1906.000,    -1.931041,    -0.707695,     0.003021,
  1906.050,    -1.902685,    -1.095164,    -0.004281,
  1906.100,    -1.862340,    -1.573439,    -0.006873,
  1906.150,    -1.780139,    -2.063836,     0.007411,
  1906.200,    -1.672980,    -2.494885,     0.010566,
  1906.250,    -1.537621,    -2.794366,    -0.003962,
  1906.300,    -1.381224,    -2.925211,    -0.008085,
  1906.350,    -1.210618,    -2.949639,    -0.003892,
  1906.400,    -1.029284,    -2.939656,     0.003902,
  1906.450,    -0.877593,    -2.978283,     0.002264,
  1906.500,    -0.750855,    -3.057112,    -0.006958,
  1906.550,    -0.641811,    -3.142905,    -0.008365,
  1906.600,    -0.586802,    -3.165923,    -0.008621,
  1906.650,    -0.596808,    -3.049497,     0.000111,
  1906.700,    -0.661992,    -2.758290,     0.006396,
  1906.750,    -0.775808,    -2.278970,     0.001962,
  1906.800,    -0.949931,    -1.671903,     0.003991,
  1906.850,    -1.177599,    -1.012094,     0.004762,
  1906.900,    -1.432486,    -0.345869,    -0.004874,
  1906.950,    -1.728281,     0.259213,    -0.003377,
  1907.000,    -2.038284,     0.697370,     0.000869,
  1907.050,    -2.340922,     0.901449,     0.002841,
  1907.100,    -2.632941,     0.823359,     0.000683,
  1907.150,    -2.888858,     0.508700,    -0.006507,
  1907.200,    -3.117599,     0.031726,    -0.004652,
  1907.250,    -3.302217,    -0.498816,    -0.001966,
  1907.300,    -3.429566,    -1.056801,    -0.005559,
  1907.350,    -3.496279,    -1.562005,    -0.011543,
  1907.400,    -3.481480,    -1.922235,     0.001461,
  1907.450,    -3.384216,    -2.097431,    -0.002568,
  1907.500,    -3.233330,    -2.081358,    -0.011701,
  1907.550,    -3.009644,    -1.884975,    -0.007943,
  1907.600,    -2.729571,    -1.596455,    -0.000005,
  1907.650,    -2.419950,    -1.332785,     0.001504,
  1907.700,    -2.093108,    -1.169811,    -0.002695,
  1907.750,    -1.764849,    -1.109843,    -0.006021,
  1907.800,    -1.477525,    -1.079521,     0.007204,
  1907.850,    -1.226102,    -1.007178,     0.000626,
  1907.900,    -1.038788,    -0.863576,    -0.002370,
  1907.950,    -0.926881,    -0.701942,     0.007089,
  1908.000,    -0.881088,    -0.589414,     0.000600,
  1908.050,    -0.926232,    -0.558227,    -0.002922,
  1908.100,    -1.034924,    -0.575279,    -0.002099,
  1908.150,    -1.178761,    -0.623272,    -0.000332,
  1908.200,    -1.357645,    -0.680432,     0.006600,
  1908.250,    -1.550198,    -0.756578,    -0.004832,
  1908.300,    -1.730226,    -0.837420,    -0.007624,
  1908.350,    -1.889203,    -0.891389,    -0.002542,
  1908.400,    -2.001153,    -0.875004,     0.005796,
  1908.450,    -2.052908,    -0.760360,    -0.006726,
  1908.500,    -2.074115,    -0.552745,    -0.003498,
  1908.550,    -2.049030,    -0.295670,    -0.002202,
  1908.600,    -1.978907,    -0.025794,     0.001757,
  1908.650,    -1.878463,     0.198516,    -0.007790,
  1908.700,    -1.760924,     0.288910,    -0.008699,
  1908.750,    -1.640494,     0.235228,     0.002728,
  1908.800,    -1.515202,     0.047234,     0.003075,
  1908.850,    -1.411477,    -0.174831,    -0.006109,
  1908.900,    -1.317559,    -0.364938,     0.003249,
  1908.950,    -1.232238,    -0.469169,     0.002130,
  1909.000,    -1.157692,    -0.518128,     0.003222,
  1909.050,    -1.111272,    -0.469516,     0.000321,
  1909.100,    -1.052751,    -0.322989,     0.003467,
  1909.150,    -1.006001,    -0.118276,     0.002838,
  1909.200,    -0.960965,     0.080878,     0.003999,
  1909.250,    -0.894308,     0.184126,    -0.002740,
  1909.300,    -0.835234,     0.216363,    -0.005945,
  1909.350,    -0.763525,     0.293258,    -0.005401,
  1909.400,    -0.686294,     0.553784,     0.001400,
  1909.450,    -0.598936,     1.049536,     0.007392,
  1909.500,    -0.528911,     1.689050,    -0.003074,
  1909.550,    -0.467217,     2.319288,     0.003315,
  1909.600,    -0.407223,     2.825694,    -0.003944,
  1909.650,    -0.368297,     3.152902,    -0.002644,
  1909.700,    -0.346749,     3.324826,     0.003808,
  1909.750,    -0.329314,     3.413670,    -0.005620,
  1909.800,    -0.312999,     3.423500,     0.001658,
  1909.850,    -0.292252,     3.320935,     0.003501,
  1909.900,    -0.262040,     3.113656,    -0.001242,
  1909.950,    -0.220074,     2.774985,    -0.002550,
  1910.000,    -0.155491,     2.347106,    -0.004243,
  1910.050,    -0.040452,     1.936902,    -0.000263,
  1910.100,     0.088386,     1.615855,     0.000369,
  1910.150,     0.261229,     1.385872,    -0.001476,
  1910.200,     0.468989,     1.207675,    -0.001980,
  1910.250,     0.711069,     1.035149,    -0.001163,
  1910.300,     0.979416,     0.813654,    -0.002476,
  1910.350,     1.263750,     0.529492,    -0.004424,
  1910.400,     1.547572,     0.219047,     0.000062,
  1910.450,     1.824580,    -0.064045,     0.002979,
  1910.500,     2.071729,    -0.326632,     0.001169,
  1910.550,     2.275358,    -0.627404,     0.004742,
  1910.600,     2.429460,    -1.007196,     0.000723,
  1910.650,     2.509956,    -1.465288,    -0.003917,
  1910.700,     2.515973,    -1.920596,    -0.000564,
  1910.750,     2.458103,    -2.291931,    -0.004196,
  1910.800,     2.334529,    -2.499233,     0.000100,
  1910.850,     2.153493,    -2.531295,     0.002188,
  1910.900,     1.910381,    -2.408619,    -0.001227,
  1910.950,     1.640815,    -2.114540,     0.000057,
  1911.000,     1.349227,    -1.639648,    -0.000743,
  1911.050,     1.023601,    -0.999215,    -0.005355,
  1911.100,     0.680208,    -0.268659,    -0.001574,
  1911.150,     0.348663,     0.476056,    -0.001530,
  1911.200,     0.005420,     1.163231,     0.001146,
  1911.250,    -0.348428,     1.756461,    -0.006276,
  1911.300,    -0.688533,     2.219531,    -0.009888,
  1911.350,    -1.011452,     2.532664,    -0.005544,
  1911.400,    -1.336792,     2.677053,     0.004490,
  1911.450,    -1.632707,     2.647881,     0.001844,
  1911.500,    -1.901647,     2.491543,    -0.001285,
  1911.550,    -2.140503,     2.201881,     0.000491,
  1911.600,    -2.313633,     1.873989,     0.002583,
  1911.650,    -2.423535,     1.608804,    -0.003987,
  1911.700,    -2.452640,     1.445433,    -0.003322,
  1911.750,    -2.392638,     1.440094,    -0.000177,
  1911.800,    -2.236705,     1.609649,    -0.003988,
  1911.850,    -1.993324,     1.921155,     0.002126,
  1911.900,    -1.663636,     2.344124,    -0.002406,
  1911.950,    -1.283540,     2.821526,    -0.002574,
  1912.000,    -0.854954,     3.286585,     0.000969,
  1912.050,    -0.399116,     3.639156,     0.003161,
  1912.100,     0.056326,     3.843421,    -0.000075,
  1912.150,     0.466299,     3.925340,    -0.002692,
  1912.200,     0.830266,     3.853221,    -0.006642,
  1912.250,     1.156335,     3.650717,    -0.006073,
  1912.300,     1.383676,     3.321199,    -0.005948,
  1912.350,     1.558995,     2.892242,    -0.004380,
  1912.400,     1.675382,     2.404773,    -0.006446,
  1912.450,     1.745571,     1.964466,    -0.003899,
  1912.500,     1.788479,     1.593281,    -0.001837,
  1912.550,     1.816601,     1.242879,     0.000692,
  1912.600,     1.860009,     0.879242,    -0.008165,
  1912.650,     1.919870,     0.474501,    -0.012417,
  1912.700,     2.001464,     0.067547,    -0.009204,
  1912.750,     2.108784,    -0.288758,     0.001200,
  1912.800,     2.243178,    -0.536364,    -0.006820,
  1912.850,     2.386013,    -0.646733,    -0.005865,
  1912.900,     2.513057,    -0.596054,     0.001373,
  1912.950,     2.610230,    -0.441056,     0.003355,
  1913.000,     2.683492,    -0.264961,     0.005870,
  1913.050,     2.704458,    -0.122163,    -0.004470,
  1913.100,     2.658956,    -0.061171,    -0.004656,
  1913.150,     2.565263,    -0.053456,     0.000367,
  1913.200,     2.401187,    -0.065053,    -0.002173,
  1913.250,     2.164090,    -0.084914,    -0.008579,
  1913.300,     1.880093,    -0.147545,    -0.006306,
  1913.350,     1.565129,    -0.336634,    -0.001269,
  1913.400,     1.211248,    -0.629221,    -0.007377,
  1913.450,     0.856519,    -0.941655,    -0.006890,
  1913.500,     0.509518,    -1.176383,     0.001160,
  1913.550,     0.184585,    -1.301961,     0.001437,
  1913.600,    -0.104755,    -1.319636,     0.000391,
  1913.650,    -0.352511,    -1.268226,    -0.003421,
  1913.700,    -0.543250,    -1.161411,    -0.003841,
  1913.750,    -0.677145,    -0.964959,     0.001138,
  1913.800,    -0.768115,    -0.671569,    -0.001163,
  1913.850,    -0.819920,    -0.314236,     0.002681,
  1913.900,    -0.854723,     0.050744,     0.005350,
  1913.950,    -0.857835,     0.322671,     0.000924,
  1914.000,    -0.854409,     0.441958,     0.006673,
  1914.050,    -0.858684,     0.407466,     0.002951,
  1914.100,    -0.874661,     0.221552,    -0.003939,
  1914.150,    -0.915167,    -0.061798,    -0.007077,
  1914.200,    -0.950545,    -0.411503,    -0.004278,
  1914.250,    -1.011311,    -0.802110,     0.002818,
  1914.300,    -1.083609,    -1.154737,     0.001905,
  1914.350,    -1.153322,    -1.450841,     0.001705,
  1914.400,    -1.192583,    -1.713438,    -0.000741,
  1914.450,    -1.214643,    -1.933932,     0.001120,
  1914.500,    -1.221780,    -2.066125,    -0.001580,
  1914.550,    -1.201400,    -2.082470,     0.000708,
  1914.600,    -1.157890,    -1.956423,     0.002958,
  1914.650,    -1.077563,    -1.707302,     0.002902,
  1914.700,    -0.978555,    -1.376279,    -0.004660,
  1914.750,    -0.905165,    -1.024017,    -0.003223,
  1914.800,    -0.825982,    -0.709076,    -0.006697,
  1914.850,    -0.771886,    -0.520693,     0.001155,
  1914.900,    -0.756575,    -0.501452,     0.006047,
  1914.950,    -0.790872,    -0.672412,    -0.002719,
  1915.000,    -0.870796,    -0.985883,    -0.003787,
  1915.050,    -0.976001,    -1.337069,     0.000235,
  1915.100,    -1.116922,    -1.604654,    -0.002691,
  1915.150,    -1.293097,    -1.740777,    -0.001345,
  1915.200,    -1.473719,    -1.779278,    -0.006906,
  1915.250,    -1.651426,    -1.783563,    -0.002723,
  1915.300,    -1.807481,    -1.827884,    -0.004395,
  1915.350,    -1.934808,    -1.882239,    -0.002063,
  1915.400,    -2.017902,    -1.891290,     0.005356,
  1915.450,    -2.070180,    -1.816113,    -0.007048,
  1915.500,    -2.079409,    -1.686046,    -0.007171,
  1915.550,    -2.041405,    -1.564901,     0.004086,
  1915.600,    -1.994686,    -1.488018,    -0.000025,
  1915.650,    -1.926595,    -1.407805,    -0.008205,
  1915.700,    -1.871105,    -1.224180,     0.001945,
  1915.750,    -1.820891,    -0.855508,     0.003315,
  1915.800,    -1.808138,    -0.312449,    -0.008138,
  1915.850,    -1.808347,     0.383522,    -0.007334,
  1915.900,    -1.839553,     1.170869,     0.002820,
  1915.950,    -1.896785,     2.048342,    -0.001628,
  1916.000,    -1.969729,     2.958636,    -0.011891,
  1916.050,    -2.050944,     3.841846,    -0.004422,
  1916.100,    -2.134126,     4.596308,    -0.006365,
  1916.150,    -2.209026,     5.185704,    -0.002398,
  1916.200,    -2.260832,     5.564126,     0.000181,
  1916.250,    -2.270687,     5.715702,     0.002717,
  1916.300,    -2.247424,     5.606000,    -0.000774,
  1916.350,    -2.186196,     5.160289,    -0.004699,
  1916.400,    -2.069055,     4.358484,    -0.003100,
  1916.450,    -1.878950,     3.271352,    -0.002087,
  1916.500,    -1.639409,     1.953362,    -0.003239,
  1916.550,    -1.320612,     0.458275,    -0.006735,
  1916.600,    -0.921564,    -1.183634,     0.002537,
  1916.650,    -0.459605,    -2.898443,     0.003589,
  1916.700,     0.063951,    -4.548790,     0.002082,
  1916.750,     0.634298,    -6.019931,    -0.001339,
  1916.800,     1.223868,    -7.255013,    -0.010970,
  1916.850,     1.826018,    -8.248790,     0.004785,
  1916.900,     2.399658,    -9.095867,     0.005261,
  1916.950,     2.920042,    -9.817292,     0.001865,
  1917.000,     3.330214,   -10.366587,    -0.004094,
  1917.050,     3.606021,   -10.717624,    -0.003681,
  1917.100,     3.732105,   -10.874489,    -0.002765,
  1917.150,     3.665286,   -10.886015,    -0.007617,
  1917.200,     3.393474,   -10.804981,    -0.003093,
  1917.250,     2.912039,   -10.629167,    -0.001346,
  1917.300,     2.234405,   -10.315944,     0.000638,
  1917.350,     1.362519,    -9.797177,     0.004417,
  1917.400,     0.329460,    -9.057438,    -0.004644,
  1917.450,    -0.824790,    -8.207174,    -0.008246,
  1917.500,    -2.083056,    -7.337791,    -0.001823,
  1917.550,    -3.378430,    -6.554329,     0.001731,
  1917.600,    -4.666807,    -5.925627,    -0.008398,
  1917.650,    -5.929700,    -5.418137,    -0.006641,
  1917.700,    -7.108335,    -4.975502,    -0.000771,
  1917.750,    -8.144872,    -4.553801,     0.005548,
  1917.800,    -9.047239,    -4.120196,     0.004763,
  1917.850,    -9.809783,    -3.596689,     0.004154,
  1917.900,   -10.375005,    -2.992335,     0.000205,
  1917.950,   -10.767239,    -2.349359,    -0.003364,
  1918.000,   -10.989146,    -1.682416,    -0.008669,
  1918.050,   -11.056188,    -0.956857,    -0.006779,
  1918.100,   -10.939573,    -0.142446,     0.002711,
  1918.150,   -10.697116,     0.805238,     0.002859,
  1918.200,   -10.323438,     1.861067,     0.002336,
  1918.250,    -9.842926,     2.967532,     0.001082,
  1918.300,    -9.279460,     4.072073,    -0.000348,
  1918.350,    -8.645308,     5.115117,     0.001923,
  1918.400,    -7.993802,     6.068377,     0.001489,
  1918.450,    -7.304291,     6.921785,     0.001366,
  1918.500,    -6.601080,     7.632008,    -0.001922,
  1918.550,    -5.924439,     8.188696,    -0.002501,
  1918.600,    -5.229416,     8.623187,    -0.000773,
  1918.650,    -4.538937,     9.040794,     0.002143,
  1918.700,    -3.856446,     9.560527,     0.005551,
  1918.750,    -3.173098,    10.294740,     0.003477,
  1918.800,    -2.470031,    11.192785,    -0.001794,
  1918.850,    -1.753534,    12.097575,     0.000224,
  1918.900,    -1.011494,    12.932645,    -0.001041,
  1918.950,    -0.220226,    13.630959,    -0.009414,
  1919.000,     0.593060,    14.179425,    -0.010287,
  1919.050,     1.439717,    14.614774,    -0.005969,
  1919.100,     2.305484,    14.948933,     0.002069,
  1919.150,     3.189145,    15.148787,    -0.003683,
  1919.200,     4.074971,    15.158707,    -0.003904,
  1919.250,     4.924615,    14.950475,    -0.001026,
  1919.300,     5.779621,    14.523493,     0.006784,
  1919.350,     6.603806,    13.900502,    -0.003871,
  1919.400,     7.385848,    13.104296,    -0.013756,
  1919.450,     8.147293,    12.207547,     0.000123,
  1919.500,     8.890523,    11.295950,    -0.005918,
  1919.550,     9.619994,    10.412677,    -0.005960,
  1919.600,    10.326946,     9.566918,    -0.004959,
  1919.650,    10.973765,     8.751078,    -0.004275,
  1919.700,    11.589707,     7.958275,    -0.000566,
  1919.750,    12.198147,     7.168940,    -0.003334,
  1919.800,    12.724493,     6.350398,    -0.011137,
  1919.850,    13.184734,     5.504048,    -0.000935,
  1919.900,    13.572896,     4.621471,     0.005799,
  1919.950,    13.843258,     3.678781,     0.005194,
  1920.000,    14.000431,     2.707434,    -0.009241,
  1920.050,    14.025927,     1.761524,    -0.012850,
  1920.100,    13.915852,     0.811830,    -0.004297,
  1920.150,    13.666905,    -0.133182,    -0.004932,
  1920.200,    13.291706,    -1.024748,    -0.005981,
  1920.250,    12.785494,    -1.879437,    -0.001799,
  1920.300,    12.160948,    -2.641337,    -0.002099,
  1920.350,    11.435643,    -3.285301,     0.002307,
  1920.400,    10.648867,    -3.822567,     0.000045,
  1920.450,     9.796198,    -4.298775,    -0.008557,
  1920.500,     8.883382,    -4.793301,    -0.002650,
  1920.550,     7.925513,    -5.313408,    -0.002294,
  1920.600,     6.961754,    -5.833824,    -0.005279,
  1920.650,     5.989414,    -6.285599,     0.000634,
  1920.700,     5.020377,    -6.592791,     0.001601,
  1920.750,     4.049122,    -6.711023,     0.004863,
  1920.800,     3.079115,    -6.649320,    -0.005391,
  1920.850,     2.124338,    -6.459646,    -0.002662,
  1920.900,     1.199801,    -6.215249,     0.002163,
  1920.950,     0.293401,    -6.020704,    -0.002264,
  1921.000,    -0.563729,    -5.915117,    -0.001466,
  1921.050,    -1.389794,    -5.921698,    -0.002907,
  1921.100,    -2.189173,    -5.995935,    -0.004656,
  1921.150,    -2.939509,    -6.045341,    -0.002528,
  1921.200,    -3.635937,    -6.007685,     0.003246,
  1921.250,    -4.271205,    -5.887984,     0.001360,
  1921.300,    -4.856357,    -5.662134,    -0.001548,
  1921.350,    -5.390337,    -5.308270,    -0.002157,
  1921.400,    -5.843243,    -4.797871,     0.004309,
  1921.450,    -6.220987,    -4.106843,    -0.007535,
  1921.500,    -6.535998,    -3.270908,    -0.001935,
  1921.550,    -6.767884,    -2.313223,     0.004031,
  1921.600,    -6.924978,    -1.267724,    -0.001335,
  1921.650,    -7.019748,    -0.179403,    -0.008685,
  1921.700,    -7.063745,     0.890590,    -0.006537,
  1921.750,    -7.054503,     1.914321,     0.005293,
  1921.800,    -7.005984,     2.834013,    -0.001123,
  1921.850,    -6.925274,     3.701839,    -0.008918,
  1921.900,    -6.809869,     4.504777,    -0.006016,
  1921.950,    -6.657644,     5.286995,    -0.001877,
  1922.000,    -6.472777,     6.055988,    -0.001552,
  1922.050,    -6.248730,     6.810302,     0.001813,
  1922.100,    -5.969529,     7.504638,    -0.006583,
  1922.150,    -5.618739,     8.115198,    -0.002851,
  1922.200,    -5.177191,     8.607629,    -0.008208,
  1922.250,    -4.675162,     8.964030,    -0.006662,
  1922.300,    -4.085961,     9.191601,    -0.000402,
  1922.350,    -3.416169,     9.348859,     0.000068,
  1922.400,    -2.667300,     9.461282,     0.001895,
  1922.450,    -1.848297,     9.547591,     0.003331,
  1922.500,    -0.973187,     9.575273,    -0.002220,
  1922.550,    -0.058681,     9.537035,    -0.000752,
  1922.600,     0.887296,     9.424125,    -0.001956,
  1922.650,     1.838617,     9.251645,    -0.001807,
  1922.700,     2.784036,     9.013064,    -0.003504,
  1922.750,     3.712812,     8.701341,    -0.001270,
  1922.800,     4.586172,     8.332838,    -0.007724,
  1922.850,     5.411926,     7.930459,     0.005815,
  1922.900,     6.165998,     7.463217,     0.001358,
  1922.950,     6.844403,     7.009283,    -0.011888,
  1923.000,     7.429382,     6.605542,    -0.002671,
  1923.050,     7.930362,     6.265275,    -0.000572,
  1923.100,     8.350830,     5.990881,     0.000044,
  1923.150,     8.684139,     5.725059,    -0.000762,
  1923.200,     8.925547,     5.401629,    -0.001960,
  1923.250,     9.097978,     5.050182,    -0.003698,
  1923.300,     9.184302,     4.702619,    -0.008731,
  1923.350,     9.201829,     4.384875,     0.001512,
  1923.400,     9.156001,     4.109587,    -0.002171,
  1923.450,     9.028192,     3.828785,    -0.006022,
  1923.500,     8.856419,     3.521110,     0.000135,
  1923.550,     8.624507,     3.199391,     0.002029,
  1923.600,     8.352090,     2.893947,    -0.008964,
  1923.650,     8.049120,     2.645342,    -0.000193,
  1923.700,     7.701510,     2.441883,     0.002042,
  1923.750,     7.327984,     2.251565,     0.001580,
  1923.800,     6.940439,     2.072452,    -0.001586,
  1923.850,     6.542809,     1.904373,     0.000640,
  1923.900,     6.153484,     1.782998,    -0.002474,
  1923.950,     5.748135,     1.681846,    -0.012540,
  1924.000,     5.355157,     1.613818,     0.003702,
  1924.050,     4.970217,     1.568261,     0.007541,
  1924.100,     4.597957,     1.484755,    -0.008623,
  1924.150,     4.258081,     1.330787,    -0.011871,
  1924.200,     3.918292,     1.071356,    -0.001852,
  1924.250,     3.608365,     0.701126,    -0.006872,
  1924.300,     3.299715,     0.256464,    -0.004734,
  1924.350,     3.006123,    -0.217016,     0.000206,
  1924.400,     2.725436,    -0.651063,    -0.002176,
  1924.450,     2.472515,    -1.040299,     0.001670,
  1924.500,     2.242126,    -1.396313,     0.001169,
  1924.550,     2.028194,    -1.721059,    -0.002597,
  1924.600,     1.803093,    -2.024183,     0.002571,
  1924.650,     1.613487,    -2.297571,     0.004125,
  1924.700,     1.440471,    -2.522038,    -0.002968,
  1924.750,     1.271337,    -2.665214,    -0.003100,
  1924.800,     1.093014,    -2.755810,    -0.004094,
  1924.850,     0.925308,    -2.794869,    -0.001954,
  1924.900,     0.737992,    -2.751359,    -0.000612,
  1924.950,     0.529002,    -2.632800,    -0.002966,
  1925.000,     0.308430,    -2.428330,    -0.003175,
  1925.050,     0.065905,    -2.199888,    -0.006106,
  1925.100,    -0.196216,    -1.961409,    -0.003123,
  1925.150,    -0.492150,    -1.743624,    -0.000302,
  1925.200,    -0.805232,    -1.553060,    -0.004023,
  1925.250,    -1.138291,    -1.348904,    -0.003813,
  1925.300,    -1.464900,    -1.161747,     0.003560,
  1925.350,    -1.792851,    -1.038800,     0.002364,
  1925.400,    -2.110434,    -1.038776,     0.001498,
  1925.450,    -2.397846,    -1.194684,    -0.003902,
  1925.500,    -2.654061,    -1.500909,     0.001214,
  1925.550,    -2.863307,    -1.877229,    -0.003845,
  1925.600,    -3.019099,    -2.257195,    -0.003282,
  1925.650,    -3.131579,    -2.531925,     0.004000,
  1925.700,    -3.188160,    -2.612324,    -0.002781,
  1925.750,    -3.186981,    -2.500975,    -0.003221,
  1925.800,    -3.126907,    -2.275315,    -0.008241,
  1925.850,    -3.018591,    -2.076757,    -0.001412,
  1925.900,    -2.896489,    -1.986505,     0.000594,
  1925.950,    -2.739672,    -2.025959,    -0.003772,
  1926.000,    -2.580678,    -2.134469,    -0.002929,
  1926.050,    -2.420057,    -2.246849,    -0.004300,
  1926.100,    -2.284968,    -2.314733,     0.001301,
  1926.150,    -2.172431,    -2.349769,     0.006281,
  1926.200,    -2.090506,    -2.381808,     0.007548,
  1926.250,    -2.042465,    -2.441297,     0.001340,
  1926.300,    -2.037600,    -2.523045,     0.000238,
  1926.350,    -2.063970,    -2.582878,     0.006571,
  1926.400,    -2.124059,    -2.607092,     0.006261,
  1926.450,    -2.206607,    -2.552596,     0.000516,
  1926.500,    -2.292997,    -2.394618,    -0.001738,
  1926.550,    -2.364309,    -2.161749,    -0.003769,
  1926.600,    -2.444230,    -1.881425,    -0.004966,
  1926.650,    -2.516595,    -1.588438,     0.006153,
  1926.700,    -2.578579,    -1.306754,    -0.001807,
  1926.750,    -2.620915,    -1.054333,    -0.008091,
  1926.800,    -2.640909,    -0.854193,    -0.003199,
  1926.850,    -2.673179,    -0.770420,    -0.001552,
  1926.900,    -2.695203,    -0.802355,     0.004401,
  1926.950,    -2.698673,    -0.977632,     0.000767,
  1927.000,    -2.714512,    -1.255159,    -0.006703,
  1927.050,    -2.729833,    -1.572436,    -0.006863,
  1927.100,    -2.736510,    -1.895717,    -0.000856,
  1927.150,    -2.733803,    -2.239163,    -0.008048,
  1927.200,    -2.724302,    -2.619560,     0.000612,
  1927.250,    -2.679604,    -3.042163,    -0.003860,
  1927.300,    -2.633762,    -3.478107,     0.001431,
  1927.350,    -2.552672,    -3.908065,     0.003163,
  1927.400,    -2.455917,    -4.286502,     0.003429,
  1927.450,    -2.346912,    -4.592802,    -0.002235,
  1927.500,    -2.220799,    -4.822189,    -0.013025,
  1927.550,    -2.107657,    -4.955104,    -0.004111,
  1927.600,    -1.992634,    -4.984990,     0.000366,
  1927.650,    -1.905137,    -4.922403,    -0.000390,
  1927.700,    -1.860806,    -4.768480,    -0.004474,
  1927.750,    -1.853780,    -4.580386,     0.001214,
  1927.800,    -1.895110,    -4.396038,     0.001383,
  1927.850,    -2.003154,    -4.210429,    -0.000415,
  1927.900,    -2.159004,    -3.999229,     0.000580,
  1927.950,    -2.371503,    -3.763565,    -0.007234,
  1928.000,    -2.633573,    -3.503412,    -0.002464,
  1928.050,    -2.938329,    -3.202647,    -0.002008,
  1928.100,    -3.273740,    -2.883880,    -0.002752,
  1928.150,    -3.615063,    -2.606763,    -0.004072,
  1928.200,    -3.954257,    -2.413741,    -0.002762,
  1928.250,    -4.276772,    -2.346329,     0.000762,
  1928.300,    -4.568829,    -2.398592,    -0.002680,
  1928.350,    -4.808442,    -2.554476,     0.001181,
  1928.400,    -5.015153,    -2.780147,     0.005106,
  1928.450,    -5.153088,    -3.072120,     0.002157,
  1928.500,    -5.226642,    -3.391437,    -0.004795,
  1928.550,    -5.243219,    -3.685096,    -0.002856,
  1928.600,    -5.179822,    -3.909540,    -0.001850,
  1928.650,    -5.070999,    -4.024234,    -0.006075,
  1928.700,    -4.918127,    -3.988302,    -0.006788,
  1928.750,    -4.729810,    -3.824168,    -0.001855,
  1928.800,    -4.510081,    -3.550658,     0.006082,
  1928.850,    -4.284461,    -3.234608,     0.007305,
  1928.900,    -4.067250,    -2.899607,     0.002045,
  1928.950,    -3.861313,    -2.553095,    -0.004763,
  1929.000,    -3.669378,    -2.221444,    -0.002893,
  1929.050,    -3.525460,    -1.973222,     0.001439,
  1929.100,    -3.417471,    -1.863366,    -0.000823,
  1929.150,    -3.361398,    -1.884438,     0.002726,
  1929.200,    -3.357203,    -1.931645,     0.009882,
  1929.250,    -3.394088,    -1.917902,     0.001032,
  1929.300,    -3.454189,    -1.769093,    -0.000567,
  1929.350,    -3.534389,    -1.494841,    -0.005456,
  1929.400,    -3.625098,    -1.180555,    -0.005784,
  1929.450,    -3.720522,    -0.852074,    -0.005362,
  1929.500,    -3.783235,    -0.518942,     0.000577,
  1929.550,    -3.794309,    -0.220072,    -0.006633,
  1929.600,    -3.777944,     0.015476,    -0.006590,
  1929.650,    -3.714766,     0.156492,     0.005127,
  1929.700,    -3.607643,     0.158715,    -0.004237,
  1929.750,    -3.452669,     0.054263,    -0.001661,
  1929.800,    -3.280422,    -0.107630,    -0.003485,
  1929.850,    -3.085078,    -0.319837,    -0.002044,
  1929.900,    -2.882789,    -0.556591,    -0.006912,
  1929.950,    -2.662367,    -0.831397,    -0.010426,
  1930.000,    -2.460353,    -1.133636,    -0.004671,
  1930.050,    -2.260421,    -1.449507,    -0.004207,
  1930.100,    -2.055986,    -1.723459,    -0.007323,
  1930.150,    -1.863490,    -1.941107,    -0.005425,
  1930.200,    -1.652308,    -2.093588,     0.003616,
  1930.250,    -1.466987,    -2.182190,     0.001127,
  1930.300,    -1.288733,    -2.203169,    -0.009184,
  1930.350,    -1.111817,    -2.204935,    -0.007791,
  1930.400,    -0.963284,    -2.229597,    -0.004841,
  1930.450,    -0.834824,    -2.271678,    -0.005109,
  1930.500,    -0.730717,    -2.307999,    -0.003519,
  1930.550,    -0.683947,    -2.304985,    -0.001881,
  1930.600,    -0.666095,    -2.247578,     0.000132,
  1930.650,    -0.704373,    -2.147713,    -0.000761,
  1930.700,    -0.803629,    -2.002071,     0.000895,
  1930.750,    -0.934677,    -1.829717,     0.003891,
  1930.800,    -1.099896,    -1.602107,     0.004896,
  1930.850,    -1.293007,    -1.287681,     0.004496,
  1930.900,    -1.517001,    -0.914407,     0.000141,
  1930.950,    -1.731628,    -0.518662,    -0.005137,
  1931.000,    -1.959690,    -0.142492,     0.003796,
  1931.050,    -2.161354,     0.193320,     0.000485,
  1931.100,    -2.340204,     0.498109,     0.000270,
  1931.150,    -2.497159,     0.759372,     0.001196,
  1931.200,    -2.624218,     0.960888,     0.001237,
  1931.250,    -2.710003,     1.084107,     0.000677,
  1931.300,    -2.755436,     1.083729,    -0.000813,
  1931.350,    -2.769050,     0.970374,    -0.001460,
  1931.400,    -2.730511,     0.749977,     0.004547,
  1931.450,    -2.653877,     0.454943,     0.004958,
  1931.500,    -2.550690,     0.094956,     0.001044,
  1931.550,    -2.397782,    -0.313574,    -0.002190,
  1931.600,    -2.214000,    -0.709932,    -0.002591,
  1931.650,    -2.003425,    -1.069643,    -0.005246,
  1931.700,    -1.779516,    -1.360922,    -0.002737,
  1931.750,    -1.519912,    -1.555337,    -0.002343,
  1931.800,    -1.254673,    -1.663111,     0.002017,
  1931.850,    -0.995964,    -1.726377,     0.005486,
  1931.900,    -0.730507,    -1.763992,     0.001702,
  1931.950,    -0.497060,    -1.783691,    -0.002966,
  1932.000,    -0.294796,    -1.779352,    -0.006328,
  1932.050,    -0.136422,    -1.774246,     0.003304,
  1932.100,    -0.029394,    -1.755410,     0.005088,
  1932.150,     0.028341,    -1.761347,    -0.002069,
  1932.200,     0.005762,    -1.803766,    -0.005422,
  1932.250,    -0.067581,    -1.886280,     0.002637,
  1932.300,    -0.188550,    -1.959299,     0.005071,
  1932.350,    -0.372846,    -2.035330,     0.003037,
  1932.400,    -0.595169,    -2.122115,     0.001507,
  1932.450,    -0.848114,    -2.210712,    -0.002333,
  1932.500,    -1.094751,    -2.280015,    -0.002083,
  1932.550,    -1.345928,    -2.296777,     0.001179,
  1932.600,    -1.596449,    -2.223517,    -0.000838,
  1932.650,    -1.810372,    -2.039699,     0.001586,
  1932.700,    -1.993312,    -1.725276,     0.006554,
  1932.750,    -2.150567,    -1.237297,     0.000026,
  1932.800,    -2.261622,    -0.574239,    -0.008611,
  1932.850,    -2.354372,     0.313845,     0.000375,
  1932.900,    -2.424505,     1.415035,     0.005088,
  1932.950,    -2.468696,     2.692959,    -0.001791,
  1933.000,    -2.508406,     4.130055,    -0.001752,
  1933.050,    -2.532503,     5.684708,     0.005153,
  1933.100,    -2.545603,     7.265987,    -0.000828,
  1933.150,    -2.552415,     8.815716,    -0.005388,
  1933.200,    -2.541244,    10.313076,     0.006521,
  1933.250,    -2.521661,    11.700562,    -0.003245,
  1933.300,    -2.485269,    13.031660,    -0.002954,
  1933.350,    -2.401985,    14.331865,     0.001829,
  1933.400,    -2.253430,    15.562534,    -0.002138,
  1933.450,    -2.040531,    16.710563,    -0.000589,
  1933.500,    -1.732345,    17.741543,    -0.003968,
  1933.550,    -1.314528,    18.585774,    -0.005565,
  1933.600,    -0.802425,    19.192919,    -0.002926,
  1933.650,    -0.128855,    19.530712,     0.006076,
  1933.700,     0.657938,    19.530743,     0.000655,
  1933.750,     1.575263,    19.154567,    -0.002542,
  1933.800,     2.626091,    18.426389,     0.004835,
  1933.850,     3.795196,    17.415780,     0.008244,
  1933.900,     5.066703,    16.210680,     0.000702,
  1933.950,     6.381802,    14.872299,    -0.009791,
  1934.000,     7.763463,    13.447227,    -0.001704,
  1934.050,     9.177984,    11.974002,     0.004273,
  1934.100,    10.558043,    10.471283,     0.001436,
  1934.150,    11.906637,     8.956762,     0.008475,
  1934.200,    13.208485,     7.471277,    -0.004923,
  1934.250,    14.407210,     6.018947,    -0.006653,
  1934.300,    15.487047,     4.604834,    -0.002069,
  1934.350,    16.402984,     3.234841,    -0.003637,
  1934.400,    17.137058,     1.913477,    -0.006079,
  1934.450,    17.663684,     0.691693,    -0.005206,
  1934.500,    17.970625,    -0.443183,    -0.009426,
  1934.550,    18.052121,    -1.456665,    -0.002673,
  1934.600,    17.883094,    -2.321200,     0.003406,
  1934.650,    17.464681,    -3.020796,    -0.002646,
  1934.700,    16.826105,    -3.546059,    -0.005318,
  1934.750,    15.969086,    -3.937019,    -0.013278,
  1934.800,    14.926492,    -4.242706,    -0.000999,
  1934.850,    13.722011,    -4.467028,     0.001500,
  1934.900,    12.386054,    -4.658160,    -0.001884,
  1934.950,    10.968509,    -4.788929,    -0.004912,
  1935.000,     9.489807,    -4.840232,    -0.004148,
  1935.050,     7.949692,    -4.825397,    -0.001183,
  1935.100,     6.420422,    -4.716097,    -0.005523,
  1935.150,     4.917899,    -4.505828,    -0.005181,
  1935.200,     3.456216,    -4.218680,    -0.004431,
  1935.250,     2.065116,    -3.831409,     0.000089,
  1935.300,     0.772278,    -3.361042,     0.005371,
  1935.350,    -0.413240,    -2.813363,     0.003061,
  1935.400,    -1.476595,    -2.222022,     0.007812,
  1935.450,    -2.423906,    -1.638536,     0.007080,
  1935.500,    -3.246444,    -1.046735,     0.001573,
  1935.550,    -3.950462,    -0.516635,    -0.000689,
  1935.600,    -4.518238,    -0.071460,    -0.002013,
  1935.650,    -4.956017,     0.283688,    -0.000028,
  1935.700,    -5.295445,     0.582360,    -0.005230,
  1935.750,    -5.531761,     0.883010,    -0.001935,
  1935.800,    -5.637178,     1.223502,     0.004058,
  1935.850,    -5.664067,     1.632112,     0.005118,
  1935.900,    -5.594400,     2.038740,     0.001301,
  1935.950,    -5.434708,     2.363575,    -0.002464,
  1936.000,    -5.206256,     2.547893,    -0.005859,
  1936.050,    -4.879643,     2.572797,    -0.001476,
  1936.100,    -4.521382,     2.471763,     0.008684,
  1936.150,    -4.102825,     2.289046,    -0.000660,
  1936.200,    -3.640686,     2.030832,     0.002976,
  1936.250,    -3.160663,     1.698613,    -0.002552,
  1936.300,    -2.637810,     1.308869,    -0.000122,
  1936.350,    -2.123782,     0.860231,     0.001331,
  1936.400,    -1.605929,     0.319232,     0.001571,
  1936.450,    -1.090890,    -0.289291,     0.006408,
  1936.500,    -0.605218,    -0.987108,    -0.002182,
  1936.550,    -0.143145,    -1.762399,    -0.002241,
  1936.600,     0.281073,    -2.618328,    -0.003883,
  1936.650,     0.661114,    -3.579503,    -0.002367,
  1936.700,     1.005951,    -4.657583,     0.003978,
  1936.750,     1.282273,    -5.811270,    -0.003494,
  1936.800,     1.482186,    -6.933250,    -0.006505,
  1936.850,     1.619914,    -7.923110,    -0.005084,
  1936.900,     1.695146,    -8.668885,     0.001152,
  1936.950,     1.677528,    -9.114325,     0.004052,
  1937.000,     1.576152,    -9.172840,    -0.006815,
  1937.050,     1.406093,    -8.837833,    -0.003303,
  1937.100,     1.142175,    -7.988349,    -0.000964,
  1937.150,     0.785077,    -6.579964,    -0.003327,
  1937.200,     0.342967,    -4.577902,    -0.000066,
  1937.250,    -0.182790,    -2.007513,    -0.000202,
  1937.300,    -0.792472,     1.121302,     0.003264,
  1937.350,    -1.473437,     4.721193,     0.004651,
  1937.400,    -2.226251,     8.677530,     0.001717,
  1937.450,    -3.017958,    12.810069,     0.004709,
  1937.500,    -3.843179,    16.934262,     0.001990,
  1937.550,    -4.684854,    20.813839,    -0.000430,
  1937.600,    -5.496533,    24.213536,    -0.003282,
  1937.650,    -6.207047,    26.904270,     0.003473,
  1937.700,    -6.800273,    28.732730,     0.005580,
  1937.750,    -7.207449,    29.591516,    -0.006109,
  1937.800,    -7.383165,    29.508314,    -0.000165,
  1937.850,    -7.265748,    28.600845,    -0.000241,
  1937.900,    -6.803072,    27.057941,     0.006879,
  1937.950,    -5.968723,    25.148910,     0.004921,
  1938.000,    -4.721598,    23.037075,     0.001813,
  1938.050,    -3.059918,    20.828520,    -0.001373,
  1938.100,    -1.004204,    18.593316,    -0.002886,
  1938.150,     1.420839,    16.358359,     0.003142,
  1938.200,     4.160812,    14.160831,     0.001009,
  1938.250,     7.120025,    12.047039,    -0.001487,
  1938.300,    10.175391,    10.011563,    -0.001385,
  1938.350,    13.241276,     8.047336,     0.000339,
  1938.400,    16.213611,     6.142765,    -0.001695,
  1938.450,    18.958388,     4.268628,    -0.008602,
  1938.500,    21.362840,     2.458857,    -0.006477,
  1938.550,    23.339902,     0.789395,     0.003958,
  1938.600,    24.789456,    -0.700988,    -0.005371,
  1938.650,    25.692037,    -1.985721,    -0.009655,
  1938.700,    26.030099,    -3.066370,    -0.006832,
  1938.750,    25.800118,    -3.918852,    -0.011882,
  1938.800,    25.063190,    -4.546936,    -0.011433,
  1938.850,    23.862579,    -4.963842,    -0.011806,
  1938.900,    22.288375,    -5.221751,     0.001602,
  1938.950,    20.394798,    -5.386524,    -0.002281,
  1939.000,    18.273816,    -5.573153,    -0.005400,
  1939.050,    16.025759,    -5.857095,    -0.001619,
  1939.100,    13.697110,    -6.290942,     0.000752,
  1939.150,    11.389185,    -6.845042,    -0.004111,
  1939.200,     9.128527,    -7.468879,    -0.001588,
  1939.250,     6.947275,    -8.140950,    -0.002482,
  1939.300,     4.880024,    -8.754881,    -0.003190,
  1939.350,     2.976306,    -9.218283,    -0.003264,
  1939.400,     1.235002,    -9.404959,    -0.000935,
  1939.450,    -0.333652,    -9.231526,    -0.001770,
  1939.500,    -1.703678,    -8.645678,     0.001322,
  1939.550,    -2.897283,    -7.674281,     0.000169,
  1939.600,    -3.930429,    -6.447136,    -0.005039,
  1939.650,    -4.796544,    -5.126713,    -0.000426,
  1939.700,    -5.529298,    -3.846678,     0.006173,
  1939.750,    -6.135339,    -2.728261,    -0.002844,
  1939.800,    -6.640795,    -1.868050,    -0.001622,
  1939.850,    -7.072391,    -1.278500,    -0.006864,
  1939.900,    -7.436344,    -0.926515,     0.003496,
  1939.950,    -7.756236,    -0.764337,    -0.002777,
  1940.000,    -8.043486,    -0.774248,    -0.000055,
  1940.050,    -8.283074,    -0.895850,    -0.004014,
  1940.100,    -8.472520,    -1.089405,    -0.003266,
  1940.150,    -8.576252,    -1.318468,     0.002254,
  1940.200,    -8.590826,    -1.562832,     0.001577,
  1940.250,    -8.513251,    -1.799998,    -0.005546,
  1940.300,    -8.302878,    -2.067421,    -0.002030,
  1940.350,    -7.965019,    -2.344745,     0.006910,
  1940.400,    -7.505673,    -2.681483,     0.007775,
  1940.450,    -6.938879,    -3.043783,     0.002705,
  1940.500,    -6.273104,    -3.438163,    -0.010159,
  1940.550,    -5.552936,    -3.858098,    -0.000746,
  1940.600,    -4.795378,    -4.281650,    -0.001822,
  1940.650,    -4.066730,    -4.728648,    -0.000741,
  1940.700,    -3.394902,    -5.207171,     0.001532,
  1940.750,    -2.803147,    -5.634667,     0.005536,
  1940.800,    -2.316710,    -6.042026,     0.004033,
  1940.850,    -1.962930,    -6.428568,     0.002283,
  1940.900,    -1.712959,    -6.781623,    -0.002483,
  1940.950,    -1.605257,    -7.148118,    -0.002829,
  1941.000,    -1.613592,    -7.455021,    -0.001029,
  1941.050,    -1.714966,    -7.677220,    -0.004425,
  1941.100,    -1.900944,    -7.760172,    -0.002324,
  1941.150,    -2.167913,    -7.622834,    -0.008937,
  1941.200,    -2.484719,    -7.252516,    -0.000527,
  1941.250,    -2.866700,    -6.599230,    -0.005693,
  1941.300,    -3.274591,    -5.677854,    -0.002925,
  1941.350,    -3.710324,    -4.523620,     0.000920,
  1941.400,    -4.156187,    -3.238617,    -0.000286,
  1941.450,    -4.612970,    -1.971482,     0.002431,
  1941.500,    -5.077063,    -0.853369,     0.000796,
  1941.550,    -5.537316,     0.016065,    -0.004912,
  1941.600,    -5.970232,     0.598967,    -0.001284,
  1941.650,    -6.371334,     0.875799,     0.003735,
  1941.700,    -6.756820,     0.855990,     0.000284,
  1941.750,    -7.059434,     0.575483,    -0.002282,
  1941.800,    -7.298411,     0.064485,    -0.000823,
  1941.850,    -7.451117,    -0.607282,     0.001239,
  1941.900,    -7.494131,    -1.414536,    -0.002971,
  1941.950,    -7.417455,    -2.327132,     0.002920,
  1942.000,    -7.218665,    -3.334843,     0.002210,
  1942.050,    -6.895569,    -4.467879,     0.000662,
  1942.100,    -6.435616,    -5.727601,     0.003154,
  1942.150,    -5.880524,    -7.086711,     0.000553,
  1942.200,    -5.219087,    -8.535966,     0.003511,
  1942.250,    -4.488325,   -10.051906,     0.003644,
  1942.300,    -3.751464,   -11.597154,    -0.001913,
  1942.350,    -3.023215,   -13.112670,    -0.001248,
  1942.400,    -2.358766,   -14.509305,    -0.006243,
  1942.450,    -1.797143,   -15.744007,     0.000147,
  1942.500,    -1.367976,   -16.714342,    -0.002540,
  1942.550,    -1.112348,   -17.392625,     0.002544,
  1942.600,    -1.038396,   -17.723419,    -0.000005,
  1942.650,    -1.165123,   -17.718031,     0.000428,
  1942.700,    -1.506706,   -17.413953,    -0.001493,
  1942.750,    -2.051415,   -16.810220,    -0.002255,
  1942.800,    -2.786067,   -15.958557,    -0.004053,
  1942.850,    -3.695284,   -14.898209,    -0.005745,
  1942.900,    -4.738171,   -13.666384,    -0.004577,
  1942.950,    -5.942702,   -12.353610,    -0.006341,
  1943.000,    -7.210755,   -11.031778,     0.002900,
  1943.050,    -8.532776,    -9.734134,    -0.000592,
  1943.100,    -9.870709,    -8.489664,    -0.009484,
  1943.150,   -11.209330,    -7.274163,     0.000589,
  1943.200,   -12.490661,    -6.107713,     0.001360,
  1943.250,   -13.684949,    -5.004410,     0.000772,
  1943.300,   -14.748509,    -3.945048,     0.000841,
  1943.350,   -15.636799,    -2.954367,    -0.000393,
  1943.400,   -16.329879,    -2.065940,     0.002431,
  1943.450,   -16.811849,    -1.290458,     0.001749,
  1943.500,   -17.041935,    -0.676118,     0.001012,
  1943.550,   -17.020796,    -0.236432,     0.004407,
  1943.600,   -16.773251,     0.066753,     0.002987,
  1943.650,   -16.281170,     0.254503,    -0.004140,
  1943.700,   -15.594478,     0.340983,    -0.002971,
  1943.750,   -14.698140,     0.364637,     0.001626,
  1943.800,   -13.657801,     0.319695,     0.001653,
  1943.850,   -12.509459,     0.238483,     0.004484,
  1943.900,   -11.276540,     0.158182,    -0.001050,
  1943.950,   -10.008520,     0.098361,    -0.005870,
  1944.000,    -8.738202,     0.107315,    -0.001034,
  1944.050,    -7.494156,     0.203486,    -0.003933,
  1944.100,    -6.299140,     0.377487,     0.001997,
  1944.150,    -5.165975,     0.622293,    -0.002629,
  1944.200,    -4.118448,     0.940230,    -0.004388,
  1944.250,    -3.196929,     1.307821,    -0.003355,
  1944.300,    -2.375627,     1.680101,    -0.008204,
  1944.350,    -1.670557,     1.975013,    -0.001799,
  1944.400,    -1.094401,     2.205853,    -0.000728,
  1944.450,    -0.623143,     2.375150,     0.005156,
  1944.500,    -0.264530,     2.527979,     0.001403,
  1944.550,     0.006224,     2.715391,    -0.000056,
  1944.600,     0.173381,     2.946723,     0.002431,
  1944.650,     0.278948,     3.235175,    -0.000519,
  1944.700,     0.339086,     3.577469,    -0.001971,
  1944.750,     0.359981,     3.952290,    -0.006629,
  1944.800,     0.374269,     4.329099,     0.005459,
  1944.850,     0.388531,     4.665314,    -0.003328,
  1944.900,     0.416319,     4.928060,    -0.000366,
  1944.950,     0.461392,     5.137426,    -0.007896,
  1945.000,     0.548837,     5.331309,    -0.008015,
  1945.050,     0.677869,     5.552551,    -0.005601,
  1945.100,     0.835632,     5.793346,    -0.002539,
  1945.150,     1.013570,     6.056096,     0.001149,
  1945.200,     1.236817,     6.284058,     0.001433,
  1945.250,     1.485422,     6.447139,    -0.001011,
  1945.300,     1.734926,     6.498520,    -0.004583,
  1945.350,     1.994169,     6.427713,    -0.000184,
  1945.400,     2.275528,     6.252421,    -0.001934,
  1945.450,     2.563003,     5.992585,     0.002780,
  1945.500,     2.838211,     5.737488,     0.002075,
  1945.550,     3.145069,     5.495626,    -0.004292,
  1945.600,     3.429678,     5.295108,     0.001094,
  1945.650,     3.703859,     5.096678,    -0.000883,
  1945.700,     3.985088,     4.908007,    -0.003604,
  1945.750,     4.258701,     4.711582,    -0.009156,
  1945.800,     4.524030,     4.521622,     0.001783,
  1945.850,     4.777925,     4.358280,    -0.001828,
  1945.900,     5.020775,     4.244475,     0.000360,
  1945.950,     5.234616,     4.204473,    -0.002342,
  1946.000,     5.410615,     4.211749,     0.006413,
  1946.050,     5.554606,     4.213381,     0.002641,
  1946.100,     5.655418,     4.201187,     0.002027,
  1946.150,     5.711770,     4.202446,     0.003277,
  1946.200,     5.724837,     4.209132,    -0.003191,
  1946.250,     5.683394,     4.246405,    -0.003865,
  1946.300,     5.610283,     4.321137,    -0.006452,
  1946.350,     5.489396,     4.396284,    -0.001123,
  1946.400,     5.346292,     4.457663,    -0.000104,
  1946.450,     5.174257,     4.436982,    -0.004181,
  1946.500,     4.988416,     4.319282,    -0.006151,
  1946.550,     4.787770,     4.098748,    -0.003605,
  1946.600,     4.611667,     3.755528,     0.004295,
  1946.650,     4.426016,     3.370675,     0.001303,
  1946.700,     4.255104,     2.983934,    -0.003637,
  1946.750,     4.113856,     2.622472,     0.004581,
  1946.800,     3.984353,     2.291332,    -0.008210,
  1946.850,     3.884549,     2.007477,     0.005347,
  1946.900,     3.806876,     1.811111,     0.000209,
  1946.950,     3.756747,     1.740430,    -0.002737,
  1947.000,     3.725685,     1.777743,    -0.005382,
  1947.050,     3.700578,     1.916291,    -0.002099,
  1947.100,     3.690872,     2.081552,    -0.004453,
  1947.150,     3.656974,     2.280627,    -0.003845,
  1947.200,     3.634657,     2.443035,     0.001741,
  1947.250,     3.590417,     2.562428,     0.002997,
  1947.300,     3.509417,     2.653201,    -0.003009,
  1947.350,     3.420305,     2.724846,    -0.004157,
  1947.400,     3.282517,     2.837522,    -0.002765,
  1947.450,     3.136586,     2.989815,    -0.001381,
  1947.500,     2.941102,     3.215018,    -0.001421,
  1947.550,     2.736866,     3.488851,    -0.002659,
  1947.600,     2.528472,     3.762625,    -0.003093,
  1947.650,     2.325466,     4.001991,    -0.002092,
  1947.700,     2.138273,     4.155280,     0.000589,
  1947.750,     1.957841,     4.197909,     0.001330,
  1947.800,     1.817468,     4.134414,     0.002429,
  1947.850,     1.716775,     3.959636,    -0.000324,
  1947.900,     1.660195,     3.714579,    -0.000828,
  1947.950,     1.644836,     3.436050,    -0.005914,
  1948.000,     1.674201,     3.157076,    -0.002093,
  1948.050,     1.731449,     2.926731,     0.000694,
  1948.100,     1.841779,     2.722837,     0.006043,
  1948.150,     1.956572,     2.542600,     0.002370,
  1948.200,     2.110820,     2.345353,    -0.001174,
  1948.250,     2.273038,     2.121662,     0.002231,
  1948.300,     2.447492,     1.839000,    -0.005359,
  1948.350,     2.614298,     1.492882,    -0.000245,
  1948.400,     2.778831,     1.072614,     0.002684,
  1948.450,     2.931993,     0.616726,     0.001695,
  1948.500,     3.040506,     0.174972,    -0.000502,
  1948.550,     3.130709,    -0.241411,    -0.002279,
  1948.600,     3.185084,    -0.560813,    -0.005525,
  1948.650,     3.185098,    -0.820886,    -0.004140,
  1948.700,     3.146610,    -1.003613,     0.000884,
  1948.750,     3.071606,    -1.105613,    -0.003515,
  1948.800,     2.945845,    -1.133458,    -0.007596,
  1948.850,     2.788518,    -1.058474,    -0.007085,
  1948.900,     2.582563,    -0.888653,     0.004112,
  1948.950,     2.371123,    -0.655533,     0.005040,
  1949.000,     2.130896,    -0.368662,     0.000416,
  1949.050,     1.846126,    -0.005054,    -0.003482,
  1949.100,     1.540726,     0.399923,     0.001036,
  1949.150,     1.227275,     0.800265,    -0.000038,
  1949.200,     0.912324,     1.189373,    -0.000744,
  1949.250,     0.577165,     1.484990,     0.002975,
  1949.300,     0.256246,     1.670006,    -0.006002,
  1949.350,    -0.067952,     1.769271,    -0.004251,
  1949.400,    -0.381242,     1.776226,     0.002720,
  1949.450,    -0.656083,     1.690321,    -0.003458,
  1949.500,    -0.892887,     1.549031,    -0.001147,
  1949.550,    -1.075634,     1.337150,     0.007508,
  1949.600,    -1.214446,     1.100673,    -0.003240,
  1949.650,    -1.272967,     0.910541,    -0.004182,
  1949.700,    -1.272538,     0.773758,     0.011726,
  1949.750,    -1.198910,     0.751492,    -0.001191,
  1949.800,    -1.083905,     0.808193,    -0.002235,
  1949.850,    -0.899227,     0.901252,     0.001290,
  1949.900,    -0.676067,     1.033273,     0.004474,
  1949.950,    -0.416405,     1.168075,    -0.004264,
  1950.000,    -0.156017,     1.255618,    -0.001662,
  1950.050,     0.116785,     1.294938,    -0.001504,
  1950.100,     0.351189,     1.247096,    -0.005185,
  1950.150,     0.567928,     1.099502,     0.003379,
  1950.200,     0.734363,     0.865041,     0.003055,
  1950.250,     0.856799,     0.581659,     0.007009,
  1950.300,     0.943077,     0.294292,     0.005903,
  1950.350,     0.972255,     0.029230,     0.000795,
  1950.400,     0.967257,    -0.185353,     0.000604,
  1950.450,     0.946125,    -0.316182,    -0.007797,
  1950.500,     0.889359,    -0.376736,    -0.003036,
  1950.550,     0.829554,    -0.338016,    -0.008639,
  1950.600,     0.772141,    -0.232024,     0.003233,
  1950.650,     0.717856,    -0.113156,     0.002316,
  1950.700,     0.678889,    -0.006489,     0.002830,
  1950.750,     0.632115,     0.096539,    -0.002249,
  1950.800,     0.578031,     0.189504,    -0.001326,
  1950.850,     0.546326,     0.261967,    -0.000847,
  1950.900,     0.497019,     0.327480,     0.003687,
  1950.950,     0.435059,     0.403631,    -0.000037,
  1951.000,     0.348845,     0.484534,    -0.003655,
  1951.050,     0.256853,     0.607538,     0.000571,
  1951.100,     0.148094,     0.721765,    -0.001120,
  1951.150,     0.017099,     0.789016,    -0.004053,
  1951.200,    -0.111277,     0.830492,    -0.005952,
  1951.250,    -0.230056,     0.793532,    -0.001241,
  1951.300,    -0.343454,     0.727421,     0.004939,
  1951.350,    -0.435738,     0.617883,    -0.000111,
  1951.400,    -0.506511,     0.480869,    -0.001929,
  1951.450,    -0.553060,     0.316681,     0.000874,
  1951.500,    -0.556622,     0.142540,     0.002176,
  1951.550,    -0.541659,    -0.057042,    -0.007031,
  1951.600,    -0.514399,    -0.281066,     0.000816,
  1951.650,    -0.448836,    -0.534299,     0.009786,
  1951.700,    -0.373976,    -0.828536,     0.006439,
  1951.750,    -0.284223,    -1.158729,    -0.007080,
  1951.800,    -0.196095,    -1.548964,    -0.003169,
  1951.850,    -0.110051,    -2.007656,     0.002821,
  1951.900,    -0.034559,    -2.507807,    -0.001008,
  1951.950,     0.025862,    -2.980886,     0.003495,
  1952.000,     0.069445,    -3.419258,    -0.003777,
  1952.050,     0.087397,    -3.731236,    -0.007413,
  1952.100,     0.098523,    -3.902046,     0.001737,
  1952.150,     0.075804,    -3.946868,     0.000789,
  1952.200,     0.010374,    -3.871141,    -0.005540,
  1952.250,    -0.083259,    -3.696275,    -0.000423,
  1952.300,    -0.209917,    -3.464617,     0.000494,
  1952.350,    -0.375281,    -3.214346,     0.006602,
  1952.400,    -0.570075,    -2.973866,    -0.000166,
  1952.450,    -0.809619,    -2.762081,    -0.002206,
  1952.500,    -1.061670,    -2.559005,    -0.000518,
  1952.550,    -1.368630,    -2.336165,     0.001677,
  1952.600,    -1.681417,    -2.067725,     0.004033,
  1952.650,    -2.017969,    -1.738699,    -0.002203,
  1952.700,    -2.362521,    -1.346405,     0.001300,
  1952.750,    -2.691656,    -0.902653,     0.004151,
  1952.800,    -3.018817,    -0.449279,     0.005511,
  1952.850,    -3.310011,    -0.065029,     0.007378,
  1952.900,    -3.553137,     0.196198,    -0.007767,
  1952.950,    -3.750494,     0.290181,    -0.007809,
  1953.000,    -3.890787,     0.255935,    -0.002200,
  1953.050,    -3.969178,     0.166325,     0.001197,
  1953.100,    -3.981932,     0.096363,     0.001784,
  1953.150,    -3.931792,     0.076595,     0.002714,
  1953.200,    -3.825974,     0.067140,     0.000415,
  1953.250,    -3.659563,     0.065590,     0.001921,
  1953.300,    -3.441317,     0.054853,    -0.004568,
  1953.350,    -3.190283,     0.016245,    -0.001566,
  1953.400,    -2.900961,    -0.048904,    -0.005488,
  1953.450,    -2.607141,    -0.144947,    -0.002266,
  1953.500,    -2.296171,    -0.230385,    -0.004385,
  1953.550,    -1.979367,    -0.301398,     0.000239,
  1953.600,    -1.662874,    -0.356795,    -0.003096,
  1953.650,    -1.376823,    -0.370167,     0.001659,
  1953.700,    -1.118170,    -0.381286,     0.002370,
  1953.750,    -0.884135,    -0.352034,    -0.000578,
  1953.800,    -0.694504,    -0.299700,    -0.004690,
  1953.850,    -0.536840,    -0.195423,    -0.005361,
  1953.900,    -0.427026,    -0.053850,     0.001678,
  1953.950,    -0.343855,     0.190100,     0.003255,
  1954.000,    -0.306077,     0.490855,    -0.003117,
  1954.050,    -0.297976,     0.820667,    -0.001670,
  1954.100,    -0.323859,     1.186323,    -0.001142,
  1954.150,    -0.363468,     1.548851,    -0.004023,
  1954.200,    -0.418419,     1.863433,     0.007572,
  1954.250,    -0.481592,     2.105150,     0.002465,
  1954.300,    -0.542788,     2.253488,    -0.000616,
  1954.350,    -0.598899,     2.352023,    -0.007100,
  1954.400,    -0.646389,     2.435654,    -0.001774,
  1954.450,    -0.672074,     2.525367,    -0.002556,
  1954.500,    -0.692751,     2.627598,     0.005751,
  1954.550,    -0.678588,     2.674356,    -0.003370,
  1954.600,    -0.648069,     2.624105,    -0.004666,
  1954.650,    -0.566657,     2.495258,    -0.000317,
  1954.700,    -0.456363,     2.288724,     0.002461,
  1954.750,    -0.319275,     2.111396,     0.000862,
  1954.800,    -0.149469,     2.008787,    -0.000001,
  1954.850,     0.055973,     2.002227,    -0.006282,
  1954.900,     0.284423,     2.115001,     0.003748,
  1954.950,     0.509953,     2.348995,     0.001993,
  1955.000,     0.748886,     2.703923,     0.004060,
  1955.050,     1.002443,     3.183840,    -0.005628,
  1955.100,     1.229016,     3.786711,     0.000232,
  1955.150,     1.425509,     4.445370,    -0.002567,
  1955.200,     1.618555,     5.175161,    -0.009843,
  1955.250,     1.767425,     5.971423,     0.001252,
  1955.300,     1.877485,     6.832312,     0.004177,
  1955.350,     1.970102,     7.737727,     0.000127,
  1955.400,     2.019803,     8.657391,     0.002616,
  1955.450,     2.037188,     9.519815,    -0.001309,
  1955.500,     2.047315,    10.272707,    -0.004370,
  1955.550,     2.038854,    10.867730,     0.005288,
  1955.600,     2.048282,    11.286797,    -0.000025,
  1955.650,     2.076162,    11.509538,    -0.011841,
  1955.700,     2.152728,    11.553176,    -0.005370,
  1955.750,     2.289708,    11.463046,    -0.004108,
  1955.800,     2.484713,    11.262637,     0.001732,
  1955.850,     2.765574,    10.993128,    -0.007966,
  1955.900,     3.140701,    10.667633,    -0.007711,
  1955.950,     3.604561,    10.333519,    -0.010077,
  1956.000,     4.133925,    10.007466,     0.003601,
  1956.050,     4.738446,     9.734245,     0.004487,
  1956.100,     5.428056,     9.516956,    -0.003956,
  1956.150,     6.134592,     9.343502,    -0.003150,
  1956.200,     6.864199,     9.196870,    -0.003150,
  1956.250,     7.584800,     9.064384,    -0.001548,
  1956.300,     8.280456,     8.915879,     0.004818,
  1956.350,     8.934678,     8.754791,    -0.005754,
  1956.400,     9.507695,     8.529986,    -0.003908,
  1956.450,     9.981970,     8.209752,     0.000150,
  1956.500,    10.362458,     7.799104,    -0.000379,
  1956.550,    10.613741,     7.296894,    -0.001673,
  1956.600,    10.755835,     6.738819,    -0.007052,
  1956.650,    10.809538,     6.152812,     0.001546,
  1956.700,    10.764501,     5.554040,    -0.002767,
  1956.750,    10.650215,     4.939632,    -0.005338,
  1956.800,    10.451289,     4.317141,     0.002240,
  1956.850,    10.225493,     3.722602,     0.003096,
  1956.900,     9.954692,     3.151524,    -0.001598,
  1956.950,     9.684421,     2.660191,     0.011011,
  1957.000,     9.384982,     2.184723,     0.001166,
  1957.050,     9.068429,     1.729813,    -0.011928,
  1957.100,     8.761823,     1.290980,    -0.006657,
  1957.150,     8.456056,     0.861160,    -0.002841,
  1957.200,     8.132422,     0.429815,    -0.002677,
  1957.250,     7.800741,    -0.010709,    -0.010149,
  1957.300,     7.453901,    -0.476786,    -0.012187,
  1957.350,     7.072912,    -0.958213,    -0.004078,
  1957.400,     6.659858,    -1.458035,     0.001200,
  1957.450,     6.221661,    -1.973230,     0.005639,
  1957.500,     5.730602,    -2.489550,    -0.001612,
  1957.550,     5.226527,    -3.022422,     0.006807,
  1957.600,     4.699168,    -3.572467,    -0.001430,
  1957.650,     4.157811,    -4.143332,    -0.003360,
  1957.700,     3.603694,    -4.706305,    -0.001694,
  1957.750,     3.029612,    -5.222428,    -0.002151,
  1957.800,     2.467318,    -5.615062,    -0.004206,
  1957.850,     1.920384,    -5.887243,    -0.001625,
  1957.900,     1.377603,    -6.016035,    -0.001224,
  1957.950,     0.843565,    -5.988275,    -0.004865,
  1958.000,     0.331348,    -5.794568,    -0.001396,
  1958.050,    -0.172056,    -5.436859,     0.000258,
  1958.100,    -0.676993,    -4.946472,    -0.000363,
  1958.150,    -1.170461,    -4.382929,    -0.005382,
  1958.200,    -1.665458,    -3.818271,    -0.001443,
  1958.250,    -2.153513,    -3.335418,     0.001693,
  1958.300,    -2.646904,    -2.917528,    -0.000533,
  1958.350,    -3.133406,    -2.630644,    -0.005087,
  1958.400,    -3.612338,    -2.425583,    -0.002127,
  1958.450,    -4.081033,    -2.314529,     0.005481,
  1958.500,    -4.528958,    -2.258019,    -0.010332,
  1958.550,    -4.932380,    -2.277461,    -0.004707,
  1958.600,    -5.301738,    -2.351806,    -0.002720,
  1958.650,    -5.603288,    -2.510372,    -0.006158,
  1958.700,    -5.826707,    -2.749062,     0.000784,
  1958.750,    -5.966948,    -3.089280,    -0.003747,
  1958.800,    -6.005608,    -3.485584,    -0.002320,
  1958.850,    -5.958296,    -3.887181,    -0.000743,
  1958.900,    -5.834430,    -4.263009,    -0.008183,
  1958.950,    -5.624311,    -4.610951,     0.004313,
  1959.000,    -5.353145,    -4.914790,    -0.005516,
  1959.050,    -5.024993,    -5.137312,    -0.003005,
  1959.100,    -4.670285,    -5.259520,     0.000631,
  1959.150,    -4.342683,    -5.321698,     0.005437,
  1959.200,    -4.007709,    -5.372648,    -0.004765,
  1959.250,    -3.727031,    -5.461934,     0.003443,
  1959.300,    -3.486256,    -5.564007,     0.001902,
  1959.350,    -3.312182,    -5.718607,    -0.002321,
  1959.400,    -3.217195,    -5.825910,     0.004009,
  1959.450,    -3.185491,    -5.896507,     0.002000,
  1959.500,    -3.240640,    -5.896914,    -0.005042,
  1959.550,    -3.354570,    -5.811702,    -0.003969,
  1959.600,    -3.536490,    -5.624193,     0.010005,
  1959.650,    -3.763102,    -5.350249,     0.000793,
  1959.700,    -4.023102,    -5.003901,     0.006810,
  1959.750,    -4.315571,    -4.584068,    -0.008864,
  1959.800,    -4.605484,    -4.172350,     0.003987,
  1959.850,    -4.892975,    -3.743201,    -0.000345,
  1959.900,    -5.172841,    -3.337701,    -0.002634,
  1959.950,    -5.417313,    -2.963316,     0.000869,
  1960.000,    -5.635950,    -2.680881,    -0.001794,
  1960.050,    -5.811375,    -2.459762,    -0.001796,
  1960.100,    -5.946390,    -2.382484,     0.001117,
  1960.150,    -6.047696,    -2.391566,     0.001006,
  1960.200,    -6.107037,    -2.493544,     0.006426,
  1960.250,    -6.126302,    -2.639818,    -0.000539,
  1960.300,    -6.105608,    -2.784956,    -0.001312,
  1960.350,    -6.034170,    -2.888761,    -0.002607,
  1960.400,    -5.930530,    -2.934463,     0.007021,
  1960.450,    -5.761358,    -2.963872,    -0.002375,
  1960.500,    -5.572839,    -3.033936,    -0.001685,
  1960.550,    -5.334580,    -3.154136,    -0.001531,
  1960.600,    -5.058230,    -3.334866,    -0.001902,
  1960.650,    -4.769547,    -3.539857,     0.000203,
  1960.700,    -4.470715,    -3.723779,     0.000765,
  1960.750,    -4.178298,    -3.838079,    -0.001050,
  1960.800,    -3.910129,    -3.888945,    -0.004598,
  1960.850,    -3.657341,    -3.876448,    -0.001604,
  1960.900,    -3.453414,    -3.852254,    -0.004947,
  1960.950,    -3.292768,    -3.827854,    -0.004136,
  1961.000,    -3.162140,    -3.798831,    -0.001771,
  1961.050,    -3.083165,    -3.776269,     0.004085,
  1961.100,    -3.060845,    -3.708144,    -0.007088,
  1961.150,    -3.074366,    -3.616153,     0.001570,
  1961.200,    -3.130065,    -3.482303,     0.002759,
  1961.250,    -3.216451,    -3.305493,    -0.007052,
  1961.300,    -3.320915,    -3.092705,     0.005215,
  1961.350,    -3.447922,    -2.815372,    -0.004655,
  1961.400,    -3.584631,    -2.483818,    -0.010338,
  1961.450,    -3.712647,    -2.113952,    -0.003464,
  1961.500,    -3.845720,    -1.729344,     0.002508,
  1961.550,    -3.953333,    -1.342125,    -0.007645,
  1961.600,    -4.073861,    -0.951117,     0.003571,
  1961.650,    -4.149437,    -0.547817,    -0.001938,
  1961.700,    -4.213858,    -0.148855,     0.004116,
  1961.750,    -4.270057,     0.244294,    -0.012373,
  1961.800,    -4.277833,     0.603592,    -0.003376,
  1961.850,    -4.263647,     0.956690,    -0.007037,
  1961.900,    -4.213971,     1.273485,    -0.004321,
  1961.950,    -4.126203,     1.568325,    -0.001460,
  1962.000,    -4.008114,     1.801912,     0.001488,
  1962.050,    -3.863214,     2.022803,    -0.002495,
  1962.100,    -3.688508,     2.161232,    -0.006216,
  1962.150,    -3.462026,     2.233979,     0.003295,
  1962.200,    -3.213006,     2.250479,    -0.000651,
  1962.250,    -2.932568,     2.210742,     0.002856,
  1962.300,    -2.615534,     2.104490,    -0.002208,
  1962.350,    -2.284659,     1.934057,    -0.003930,
  1962.400,    -1.935881,     1.723646,    -0.003981,
  1962.450,    -1.565953,     1.470707,    -0.007402,
  1962.500,    -1.175490,     1.156445,    -0.004659,
  1962.550,    -0.799139,     0.818959,    -0.002150,
  1962.600,    -0.432929,     0.499611,     0.010160,
  1962.650,    -0.064714,     0.171398,    -0.000859,
  1962.700,     0.277367,    -0.112589,    -0.005160,
  1962.750,     0.595859,    -0.371785,    -0.003145,
  1962.800,     0.889316,    -0.645569,    -0.008948,
  1962.850,     1.134697,    -0.948000,    -0.000540,
  1962.900,     1.324679,    -1.260665,     0.000679,
  1962.950,     1.479596,    -1.561634,     0.010883,
  1963.000,     1.573384,    -1.846409,    -0.000011,
  1963.050,     1.629142,    -2.113953,     0.004833,
  1963.100,     1.617679,    -2.350603,    -0.000072,
  1963.150,     1.547040,    -2.505372,    -0.002825,
  1963.200,     1.436141,    -2.590515,    -0.006306,
  1963.250,     1.278214,    -2.579814,     0.001597,
  1963.300,     1.064807,    -2.494732,    -0.009390,
  1963.350,     0.829405,    -2.343741,    -0.000083,
  1963.400,     0.556840,    -2.158239,     0.002704,
  1963.450,     0.261410,    -2.001174,     0.003361,
  1963.500,    -0.046840,    -1.862267,     0.000412,
  1963.550,    -0.358714,    -1.740536,    -0.000303,
  1963.600,    -0.678304,    -1.639849,    -0.001659,
  1963.650,    -0.999227,    -1.532482,    -0.001543,
  1963.700,    -1.299943,    -1.397400,    -0.009789,
  1963.750,    -1.590049,    -1.212783,    -0.009077,
  1963.800,    -1.862006,    -0.998579,    -0.005546,
  1963.850,    -2.104622,    -0.729722,    -0.000961,
  1963.900,    -2.319375,    -0.415061,     0.000694,
  1963.950,    -2.503052,    -0.076717,    -0.009378,
  1964.000,    -2.639998,     0.265749,    -0.000353,
  1964.050,    -2.727781,     0.593446,    -0.000744,
  1964.100,    -2.782543,     0.881656,    -0.005960,
  1964.150,    -2.798313,     1.161632,     0.000495,
  1964.200,    -2.776589,     1.446211,    -0.005803,
  1964.250,    -2.710551,     1.707605,    -0.000040,
  1964.300,    -2.616879,     1.983258,    -0.010365,
  1964.350,    -2.493627,     2.234957,     0.001899,
  1964.400,    -2.351870,     2.481517,    -0.004203,
  1964.450,    -2.189109,     2.704905,    -0.004309,
  1964.500,    -1.999895,     2.929993,    -0.000646,
  1964.550,    -1.811188,     3.112592,     0.000151,
  1964.600,    -1.588441,     3.279084,    -0.009818,
  1964.650,    -1.350373,     3.418063,    -0.009074,
  1964.700,    -1.112504,     3.510359,    -0.005699,
  1964.750,    -0.857164,     3.612696,     0.002549,
  1964.800,    -0.583564,     3.715488,     0.000235,
  1964.850,    -0.305600,     3.862290,     0.004706,
  1964.900,    -0.011081,     4.030743,    -0.008331,
  1964.950,     0.276086,     4.207610,    -0.002111,
  1965.000,     0.560862,     4.376912,    -0.008736,
  1965.050,     0.850441,     4.537944,    -0.002935,
  1965.100,     1.125875,     4.693674,     0.001549,
  1965.150,     1.391776,     4.873627,    -0.003360,
  1965.200,     1.666147,     4.996687,     0.001827,
  1965.250,     1.896948,     5.102514,    -0.001576,
  1965.300,     2.131920,     5.122267,    -0.003674,
  1965.350,     2.330682,     5.087115,    -0.002203,
  1965.400,     2.542323,     4.988672,    -0.015421,
  1965.450,     2.728164,     4.825221,    -0.001007,
  1965.500,     2.910024,     4.609972,    -0.004452,
  1965.550,     3.080428,     4.322471,     0.000665,
  1965.600,     3.223053,     3.974721,     0.005380,
  1965.650,     3.379025,     3.590639,    -0.000508,
  1965.700,     3.516947,     3.191294,    -0.001040,
  1965.750,     3.647403,     2.810866,    -0.004905,
  1965.800,     3.786407,     2.478342,     0.002199,
  1965.850,     3.918074,     2.167615,    -0.001369,
  1965.900,     4.043519,     1.885737,     0.005107,
  1965.950,     4.152468,     1.622431,    -0.006952,
  1966.000,     4.250160,     1.361813,    -0.004653,
  1966.050,     4.316486,     1.105174,    -0.004899,
  1966.100,     4.373182,     0.898497,    -0.008548,
  1966.150,     4.376265,     0.711514,    -0.003658,
  1966.200,     4.364946,     0.559537,    -0.006203,
  1966.250,     4.293150,     0.409865,    -0.004701,
  1966.300,     4.183450,     0.254703,    -0.008751,
  1966.350,     4.024376,     0.073718,    -0.000740,
  1966.400,     3.826280,    -0.119404,     0.002199,
  1966.450,     3.585756,    -0.313319,    -0.006464,
  1966.500,     3.315942,    -0.512566,    -0.001656,
  1966.550,     3.001121,    -0.691374,    -0.002296,
  1966.600,     2.677837,    -0.853093,    -0.003437,
  1966.650,     2.349891,    -0.991970,    -0.001388,
  1966.700,     2.014647,    -1.060833,    -0.006228,
  1966.750,     1.686832,    -1.096651,    -0.000229,
  1966.800,     1.366192,    -1.095390,    -0.003676,
  1966.850,     1.064722,    -1.111723,    -0.004479,
  1966.900,     0.790231,    -1.161535,    -0.001142,
  1966.950,     0.531282,    -1.254088,    -0.003254,
  1967.000,     0.294317,    -1.368946,    -0.007440,
  1967.050,     0.082321,    -1.493891,    -0.009012,
  1967.100,    -0.132944,    -1.631378,     0.005031,
  1967.150,    -0.314796,    -1.773027,     0.000775,
  1967.200,    -0.500932,    -1.933068,    -0.003610,
  1967.250,    -0.673379,    -2.122153,     0.006487,
  1967.300,    -0.819947,    -2.269103,    -0.008077,
  1967.350,    -0.964977,    -2.389100,    -0.003035,
  1967.400,    -1.108861,    -2.454086,    -0.000214,
  1967.450,    -1.236451,    -2.464002,    -0.004584,
  1967.500,    -1.357858,    -2.395850,    -0.000288,
  1967.550,    -1.481304,    -2.270882,    -0.004699,
  1967.600,    -1.592487,    -2.146465,    -0.001417,
  1967.650,    -1.699726,    -2.014725,    -0.001498,
  1967.700,    -1.792838,    -1.916398,    -0.007140,
  1967.750,    -1.897761,    -1.859266,    -0.002120,
  1967.800,    -1.987267,    -1.862244,    -0.007718,
  1967.850,    -2.086803,    -1.934187,    -0.000873,
  1967.900,    -2.185835,    -2.085480,    -0.000582,
  1967.950,    -2.303743,    -2.240691,     0.001157,
  1968.000,    -2.403262,    -2.388684,     0.005876,
  1968.050,    -2.516387,    -2.463330,    -0.004067,
  1968.100,    -2.600025,    -2.435789,     0.000629,
  1968.150,    -2.696115,    -2.315103,     0.000612,
  1968.200,    -2.769269,    -2.095728,    -0.003069,
  1968.250,    -2.816948,    -1.802577,    -0.007587,
  1968.300,    -2.862179,    -1.477583,    -0.007808,
  1968.350,    -2.878591,    -1.138279,     0.001658,
  1968.400,    -2.876909,    -0.806849,    -0.005842,
  1968.450,    -2.858704,    -0.542538,     0.001613,
  1968.500,    -2.824810,    -0.342607,     0.007342,
  1968.550,    -2.804194,    -0.184667,    -0.000584,
  1968.600,    -2.754584,    -0.082463,    -0.002221,
  1968.650,    -2.717401,     0.019604,    -0.002726,
  1968.700,    -2.703485,     0.089875,    -0.003141,
  1968.750,    -2.674843,     0.149995,    -0.002774,
  1968.800,    -2.647594,     0.214857,     0.004200,
  1968.850,    -2.612126,     0.316884,    -0.008125,
  1968.900,    -2.571982,     0.466228,    -0.001177,
  1968.950,    -2.505641,     0.670733,     0.000041,
  1969.000,    -2.405110,     0.899583,     0.002738,
  1969.050,    -2.287012,     1.156634,    -0.000670,
  1969.100,    -2.157964,     1.420051,     0.002768,
  1969.150,    -1.978615,     1.640689,     0.002036,
  1969.200,    -1.799998,     1.846106,     0.004943,
  1969.250,    -1.588447,     2.067959,    -0.006593,
  1969.300,    -1.385017,     2.267647,     0.001358,
  1969.350,    -1.169644,     2.463727,    -0.004768,
  1969.400,    -0.969739,     2.618805,    -0.012381,
  1969.450,    -0.766647,     2.700590,    -0.008147,
  1969.500,    -0.583713,     2.719401,     0.001731,
  1969.550,    -0.397484,     2.665809,    -0.008018,
  1969.600,    -0.238782,     2.526735,    -0.006858,
  1969.650,    -0.070696,     2.322522,    -0.005166,
  1969.700,     0.088817,     2.060586,    -0.001007,
  1969.750,     0.248218,     1.737577,    -0.005759,
  1969.800,     0.421064,     1.376633,     0.000719,
  1969.850,     0.589842,     1.001577,     0.004502,
  1969.900,     0.776507,     0.671269,    -0.002235,
  1969.950,     0.960797,     0.359914,    -0.000528,
  1970.000,     1.148029,     0.116280,    -0.004021,
  1970.050,     1.338591,    -0.088193,    -0.009846,
  1970.100,     1.524663,    -0.233725,     0.003088,
  1970.150,     1.677930,    -0.343032,    -0.009603,
  1970.200,     1.811776,    -0.413786,    -0.006043,
  1970.250,     1.921286,    -0.399546,     0.004505,
  1970.300,     1.990455,    -0.331888,    -0.004629,
  1970.350,     2.008197,    -0.206959,    -0.004146,
  1970.400,     1.973510,    -0.076084,     0.000600,
  1970.450,     1.898915,     0.045566,     0.002297,
  1970.500,     1.759797,     0.179055,    -0.005778,
  1970.550,     1.588395,     0.297706,     0.000914,
  1970.600,     1.372963,     0.395358,     0.000643,
  1970.650,     1.135567,     0.486442,    -0.001740,
  1970.700,     0.872649,     0.535543,     0.000275,
  1970.750,     0.594363,     0.597142,     0.002505,
  1970.800,     0.339086,     0.661874,     0.001546,
  1970.850,     0.101534,     0.779676,     0.000328,
  1970.900,    -0.142507,     0.970004,    -0.010220,
  1970.950,    -0.336093,     1.222815,    -0.005017,
  1971.000,    -0.482045,     1.514602,     0.001309,
  1971.050,    -0.599657,     1.810510,     0.002631,
  1971.100,    -0.668374,     2.070276,    -0.008037,
  1971.150,    -0.690940,     2.298680,     0.001713,
  1971.200,    -0.677286,     2.475370,    -0.002798,
  1971.250,    -0.645588,     2.610750,     0.000938,
  1971.300,    -0.569105,     2.687366,    -0.000710,
  1971.350,    -0.477284,     2.730080,    -0.010092,
  1971.400,    -0.378445,     2.747008,    -0.004054,
  1971.450,    -0.261232,     2.746192,    -0.009392,
  1971.500,    -0.128433,     2.709988,     0.000983,
  1971.550,     0.030725,     2.690974,    -0.002019,
  1971.600,     0.171593,     2.664907,     0.005478,
  1971.650,     0.329883,     2.650222,    -0.004032,
  1971.700,     0.489199,     2.623822,     0.007626,
  1971.750,     0.655432,     2.563846,    -0.004373,
  1971.800,     0.846156,     2.463271,    -0.008675,
  1971.850,     1.028721,     2.353312,     0.000103,
  1971.900,     1.211777,     2.252443,    -0.005942,
  1971.950,     1.401424,     2.198458,    -0.008755,
  1972.000,     1.581706,     2.169006,     0.002494,
  1972.050,     1.746987,     2.182323,     0.005462,
  1972.100,     1.890893,     2.239043,    -0.001074,
  1972.150,     2.008326,     2.325757,     0.000172,
  1972.200,     2.104545,     2.445649,    -0.002095,
  1972.250,     2.176861,     2.585600,     0.007415,
  1972.300,     2.219474,     2.728991,    -0.004601,
  1972.350,     2.236265,     2.857707,     0.002285,
  1972.400,     2.241004,     2.998111,    -0.002217,
  1972.450,     2.214749,     3.165779,    -0.007174,
  1972.500,     2.174376,     3.359391,     0.002628,
  1972.550,     2.133811,     3.552860,    -0.009600,
  1972.600,     2.087928,     3.766020,     0.000002,
  1972.650,     2.026504,     3.969763,     0.002005,
  1972.700,     1.987429,     4.169695,    -0.001265,
  1972.750,     1.942277,     4.328701,     0.001807,
  1972.800,     1.920587,     4.457405,    -0.003071,
  1972.850,     1.899897,     4.481199,     0.006223,
  1972.900,     1.917347,     4.414958,    -0.004613,
  1972.950,     1.949655,     4.229228,    -0.000643,
  1973.000,     2.012749,     3.958134,    -0.001157,
  1973.050,     2.080442,     3.628494,     0.002058,
  1973.100,     2.186471,     3.299451,    -0.002556,
  1973.150,     2.297664,     3.000565,    -0.001390,
  1973.200,     2.424352,     2.729711,     0.004341,
  1973.250,     2.577201,     2.498561,    -0.006645,
  1973.300,     2.736126,     2.311814,    -0.004283,
  1973.350,     2.905384,     2.166578,    -0.006391,
  1973.400,     3.080735,     2.092479,    -0.001436,
  1973.450,     3.225890,     2.104338,    -0.005492,
  1973.500,     3.386450,     2.160612,    -0.002641,
  1973.550,     3.501925,     2.265878,    -0.008386,
  1973.600,     3.604908,     2.385737,     0.004271,
  1973.650,     3.656727,     2.479653,    -0.002665,
  1973.700,     3.677158,     2.543643,    -0.007533,
  1973.750,     3.642158,     2.598141,    -0.005200,
  1973.800,     3.574547,     2.633151,     0.004604,
  1973.850,     3.453258,     2.618785,    -0.004327,
  1973.900,     3.308387,     2.563278,    -0.007890,
  1973.950,     3.133112,     2.470322,    -0.000651,
  1974.000,     2.938718,     2.339958,    -0.002507,
  1974.050,     2.733266,     2.217540,    -0.002396,
  1974.100,     2.537511,     2.078523,     0.004484,
  1974.150,     2.358237,     1.934889,    -0.003193,
  1974.200,     2.197497,     1.753105,    -0.000871,
  1974.250,     2.053715,     1.556252,     0.005614,
  1974.300,     1.953880,     1.321852,     0.001483,
  1974.350,     1.882568,     1.052713,    -0.005412,
  1974.400,     1.841840,     0.808026,    -0.004485,
  1974.450,     1.816930,     0.574476,    -0.005032,
  1974.500,     1.819807,     0.355364,    -0.000500,
  1974.550,     1.817848,     0.155711,     0.000571,
  1974.600,     1.823992,    -0.034785,     0.001015,
  1974.650,     1.833344,    -0.242171,     0.001273,
  1974.700,     1.819701,    -0.501639,    -0.000163,
  1974.750,     1.788537,    -0.818039,    -0.003303,
  1974.800,     1.741529,    -1.209928,    -0.002843,
  1974.850,     1.663119,    -1.667425,    -0.001151,
  1974.900,     1.550360,    -2.164297,    -0.003841,
  1974.950,     1.435082,    -2.681062,    -0.009839,
  1975.000,     1.278421,    -3.142792,    -0.002840,
  1975.050,     1.099059,    -3.595853,     0.002711,
  1975.100,     0.907294,    -3.962904,    -0.009235,
  1975.150,     0.692187,    -4.258493,    -0.007136,
  1975.200,     0.468063,    -4.460995,    -0.003497,
  1975.250,     0.231577,    -4.551804,    -0.000560,
  1975.300,    -0.008461,    -4.545596,    -0.004541,
  1975.350,    -0.271779,    -4.442146,     0.006152,
  1975.400,    -0.548446,    -4.337026,    -0.000598,
  1975.450,    -0.818659,    -4.222159,    -0.002932,
  1975.500,    -1.110758,    -4.167047,    -0.003473,
  1975.550,    -1.427546,    -4.162720,     0.001176,
  1975.600,    -1.751126,    -4.218493,    -0.002960,
  1975.650,    -2.091023,    -4.308560,     0.002441,
  1975.700,    -2.453007,    -4.454698,    -0.003117,
  1975.750,    -2.821335,    -4.606526,    -0.004421,
  1975.800,    -3.183854,    -4.763855,     0.002038,
  1975.850,    -3.539194,    -4.892682,     0.000375,
  1975.900,    -3.874008,    -4.985729,    -0.001059,
  1975.950,    -4.172726,    -5.037415,    -0.005742,
  1976.000,    -4.437703,    -5.065419,     0.002964,
  1976.050,    -4.639968,    -5.064686,     0.000816,
  1976.100,    -4.827115,    -5.059341,    -0.007156,
  1976.150,    -4.947197,    -5.031078,     0.004370,
  1976.200,    -5.037813,    -4.966183,    -0.002925,
  1976.250,    -5.077210,    -4.875098,     0.000346,
  1976.300,    -5.103321,    -4.759946,     0.002678,
  1976.350,    -5.103378,    -4.607235,    -0.002434,
  1976.400,    -5.100349,    -4.462427,     0.001516,
  1976.450,    -5.081141,    -4.342364,    -0.003906,
  1976.500,    -5.079494,    -4.237370,    -0.006137,
  1976.550,    -5.071133,    -4.172201,     0.003070,
  1976.600,    -5.084369,    -4.096198,     0.002576,
  1976.650,    -5.117954,    -4.038949,    -0.003048,
  1976.700,    -5.141303,    -3.987911,    -0.010852,
  1976.750,    -5.180332,    -3.932658,    -0.001476,
  1976.800,    -5.211195,    -3.869927,     0.000923,
  1976.850,    -5.242877,    -3.786442,    -0.003787,
  1976.900,    -5.260459,    -3.689428,    -0.002324,
  1976.950,    -5.265364,    -3.576922,    -0.004918,
  1977.000,    -5.243325,    -3.462116,    -0.004129,
  1977.050,    -5.213875,    -3.305879,    -0.004105,
  1977.100,    -5.167180,    -3.129670,     0.003397,
  1977.150,    -5.105002,    -2.903253,    -0.004734,
  1977.200,    -5.020873,    -2.669069,     0.002108,
  1977.250,    -4.935367,    -2.416086,    -0.002522,
  1977.300,    -4.833469,    -2.166304,     0.002640,
  1977.350,    -4.738703,    -1.939499,    -0.001446,
  1977.400,    -4.642746,    -1.718158,     0.001421,
  1977.450,    -4.552951,    -1.490577,    -0.004199,
  1977.500,    -4.466042,    -1.249684,     0.000033,
  1977.550,    -4.372023,    -0.933622,     0.006423,
  1977.600,    -4.292500,    -0.565420,    -0.002691,
  1977.650,    -4.209833,    -0.146469,     0.003504,
  1977.700,    -4.116888,     0.343584,     0.004076,
  1977.750,    -4.019016,     0.867346,    -0.000877,
  1977.800,    -3.907727,     1.456073,    -0.000111,
  1977.850,    -3.783962,     2.069037,    -0.000226,
  1977.900,    -3.646807,     2.752230,    -0.006663,
  1977.950,    -3.497921,     3.416111,    -0.008161,
  1978.000,    -3.327014,     4.114017,     0.003201,
  1978.050,    -3.129898,     4.761301,    -0.001661,
  1978.100,    -2.941076,     5.383255,     0.003411,
  1978.150,    -2.698356,     5.951041,    -0.002849,
  1978.200,    -2.464008,     6.498516,     0.002680,
  1978.250,    -2.198163,     7.007122,     0.005416,
  1978.300,    -1.903780,     7.482393,     0.001664,
  1978.350,    -1.597321,     7.924545,    -0.005184,
  1978.400,    -1.257642,     8.322054,    -0.002212,
  1978.450,    -0.876474,     8.690260,    -0.002246,
  1978.500,    -0.466014,     8.991027,    -0.000536,
  1978.550,    -0.020246,     9.255338,     0.000662,
  1978.600,     0.453511,     9.455241,    -0.003297,
  1978.650,     0.991780,     9.640124,     0.002684,
  1978.700,     1.542142,     9.775484,     0.007213,
  1978.750,     2.122386,     9.928288,    -0.005930,
  1978.800,     2.717862,    10.065512,    -0.001777,
  1978.850,     3.333908,    10.154092,    -0.007298,
  1978.900,     3.957447,    10.236922,    -0.002279,
  1978.950,     4.563077,    10.272178,     0.006596,
  1979.000,     5.157597,    10.242619,    -0.008985,
  1979.050,     5.726936,    10.152607,     0.004551,
  1979.100,     6.269342,    10.006018,    -0.003103,
  1979.150,     6.779802,     9.767392,     0.003760,
  1979.200,     7.243107,     9.466507,    -0.007180,
  1979.250,     7.679687,     9.141056,    -0.006435,
  1979.300,     8.062655,     8.777672,     0.001790,
  1979.350,     8.410545,     8.405373,    -0.006475,
  1979.400,     8.708857,     8.045116,    -0.005946,
  1979.450,     8.990933,     7.697818,     0.000246,
  1979.500,     9.211709,     7.352874,    -0.007925,
  1979.550,     9.394708,     7.001318,    -0.007022,
  1979.600,     9.551157,     6.625812,    -0.001278,
  1979.650,     9.653629,     6.219067,     0.005036,
  1979.700,     9.734294,     5.782707,    -0.003871,
  1979.750,     9.777977,     5.326878,     0.000783,
  1979.800,     9.762104,     4.824609,    -0.008898,
  1979.850,     9.735221,     4.304726,    -0.007325,
  1979.900,     9.644018,     3.765674,    -0.011844,
  1979.950,     9.512508,     3.205857,    -0.001141,
  1980.000,     9.337880,     2.686755,    -0.003769,
  1980.050,     9.118611,     2.180849,    -0.001385,
  1980.100,     8.858503,     1.685396,    -0.005382,
  1980.150,     8.574140,     1.198427,    -0.011071,
  1980.200,     8.249433,     0.731856,     0.000805,
  1980.250,     7.892473,     0.270762,    -0.005881,
  1980.300,     7.504442,    -0.154482,    -0.002832,
  1980.350,     7.114254,    -0.500724,     0.004787,
  1980.400,     6.696723,    -0.774527,    -0.003488,
  1980.450,     6.254749,    -0.990027,    -0.004796,
  1980.500,     5.807906,    -1.107031,     0.003358,
  1980.550,     5.346456,    -1.165299,     0.004653,
  1980.600,     4.862829,    -1.137397,    -0.006173,
  1980.650,     4.376811,    -1.050104,     0.000364,
  1980.700,     3.895816,    -0.909697,     0.002541,
  1980.750,     3.399976,    -0.763334,    -0.003555,
  1980.800,     2.876465,    -0.565261,     0.000260,
  1980.850,     2.382798,    -0.348082,    -0.004455,
  1980.900,     1.873876,    -0.046481,     0.001681,
  1980.950,     1.371221,     0.314458,    -0.014254,
  1981.000,     0.906809,     0.727712,    -0.001191,
  1981.050,     0.444786,     1.206052,     0.001646,
  1981.100,     0.018625,     1.729020,    -0.003114,
  1981.150,    -0.370823,     2.304704,     0.002358,
  1981.200,    -0.722025,     2.899802,    -0.000367,
  1981.250,    -1.005785,     3.521390,    -0.003410,
  1981.300,    -1.244393,     4.160616,     0.001550,
  1981.350,    -1.433492,     4.814549,    -0.000606,
  1981.400,    -1.543766,     5.494350,    -0.004179,
  1981.450,    -1.605974,     6.172401,     0.002804,
  1981.500,    -1.610787,     6.865974,     0.002440,
  1981.550,    -1.531814,     7.548371,    -0.001592,
  1981.600,    -1.410832,     8.206148,    -0.011744,
  1981.650,    -1.225434,     8.825599,    -0.005413,
  1981.700,    -0.972351,     9.372491,    -0.009740,
  1981.750,    -0.680438,     9.842034,     0.001649,
  1981.800,    -0.329487,    10.224225,    -0.011879,
  1981.850,     0.070161,    10.492085,     0.005538,
  1981.900,     0.517964,    10.684338,    -0.011889,
  1981.950,     1.004289,    10.817818,     0.002860,
  1982.000,     1.549855,    10.860805,    -0.007589,
  1982.050,     2.121685,    10.864814,    -0.000493,
  1982.100,     2.718386,    10.823403,    -0.000332,
  1982.150,     3.364071,    10.772175,     0.000798,
  1982.200,     4.017973,    10.703905,    -0.003971,
  1982.250,     4.681681,    10.635339,     0.002631,
  1982.300,     5.338961,    10.541661,    -0.004617,
  1982.350,     6.006478,    10.414720,    -0.004111,
  1982.400,     6.645930,    10.259572,    -0.006544,
  1982.450,     7.268254,    10.056792,    -0.002093,
  1982.500,     7.837871,     9.856486,     0.001112,
  1982.550,     8.387220,     9.603938,     0.003811,
  1982.600,     8.865933,     9.339108,    -0.004655,
  1982.650,     9.305018,     9.026030,    -0.007395,
  1982.700,     9.661539,     8.631967,     0.006268,
  1982.750,     9.967962,     8.216578,     0.000345,
  1982.800,    10.194351,     7.787932,     0.001558,
  1982.850,    10.378523,     7.377616,    -0.006295,
  1982.900,    10.494590,     6.968544,    -0.000841,
  1982.950,    10.551177,     6.544504,    -0.003579,
  1983.000,    10.553443,     6.133507,     0.006854,
  1983.050,    10.508457,     5.717917,    -0.005352,
  1983.100,    10.449182,     5.253428,     0.000646,
  1983.150,    10.329691,     4.725072,    -0.005239,
  1983.200,    10.185689,     4.114421,    -0.003494,
  1983.250,    10.001692,     3.380853,    -0.006401,
  1983.300,     9.784526,     2.572374,    -0.004458,
  1983.350,     9.557569,     1.679400,    -0.005559,
  1983.400,     9.300038,     0.701198,    -0.002944,
  1983.450,     9.000131,    -0.347590,    -0.008548,
  1983.500,     8.680877,    -1.437296,     0.001847,
  1983.550,     8.337235,    -2.588239,    -0.000530,
  1983.600,     7.961895,    -3.744860,    -0.004438,
  1983.650,     7.573663,    -4.955573,    -0.001582,
  1983.700,     7.163975,    -6.154163,    -0.014632,
  1983.750,     6.711580,    -7.329279,    -0.005580,
  1983.800,     6.239529,    -8.482286,     0.000415,
  1983.850,     5.740818,    -9.581307,    -0.007459,
  1983.900,     5.196561,   -10.621884,    -0.002802,
  1983.950,     4.624537,   -11.635597,    -0.010064,
  1984.000,     3.998019,   -12.639080,    -0.001780,
  1984.050,     3.316996,   -13.657732,    -0.003340,
  1984.100,     2.572264,   -14.646186,    -0.007790,
  1984.150,     1.770303,   -15.610783,     0.002181,
  1984.200,     0.911331,   -16.511264,     0.006952,
  1984.250,    -0.003995,   -17.332439,    -0.005079,
  1984.300,    -0.980434,   -18.059142,     0.001269,
  1984.350,    -2.011956,   -18.707143,    -0.002515,
  1984.400,    -3.083654,   -19.259457,    -0.005853,
  1984.450,    -4.188964,   -19.700503,     0.001476,
  1984.500,    -5.343062,   -20.065095,     0.001707,
  1984.550,    -6.503633,   -20.323113,    -0.000132,
  1984.600,    -7.655938,   -20.505339,    -0.005781,
  1984.650,    -8.809362,   -20.581055,    -0.000966,
  1984.700,    -9.948003,   -20.575905,    -0.001265,
  1984.750,   -11.039175,   -20.504349,    -0.002519,
  1984.800,   -12.127796,   -20.381400,     0.001389,
  1984.850,   -13.177878,   -20.219763,    -0.002303,
  1984.900,   -14.193808,   -20.046875,     0.009981,
  1984.950,   -15.145560,   -19.860023,    -0.005227,
  1985.000,   -16.059349,   -19.655374,     0.000170,
  1985.050,   -16.909619,   -19.464229,     0.008457,
  1985.100,   -17.689043,   -19.249831,     0.005283,
  1985.150,   -18.399312,   -19.005981,     0.004569,
  1985.200,   -19.027379,   -18.702111,    -0.000044,
  1985.250,   -19.588453,   -18.310951,     0.002729,
  1985.300,   -20.049901,   -17.829864,     0.000547,
  1985.350,   -20.453066,   -17.281614,    -0.000518,
  1985.400,   -20.759203,   -16.668262,     0.002446,
  1985.450,   -20.974720,   -15.976186,    -0.001920,
  1985.500,   -21.118906,   -15.225546,     0.001205,
  1985.550,   -21.185672,   -14.407988,     0.002272,
  1985.600,   -21.187070,   -13.530405,     0.000424,
  1985.650,   -21.116577,   -12.593684,    -0.002466,
  1985.700,   -20.989272,   -11.612935,     0.005025,
  1985.750,   -20.825768,   -10.622132,    -0.002965,
  1985.800,   -20.605147,    -9.614703,    -0.003409,
  1985.850,   -20.357363,    -8.613946,     0.005535,
  1985.900,   -20.067778,    -7.602689,     0.000249,
  1985.950,   -19.750859,    -6.611067,     0.003665,
  1986.000,   -19.384104,    -5.637194,     0.002546,
  1986.050,   -18.981960,    -4.685017,     0.005605,
  1986.100,   -18.541223,    -3.804329,     0.001294,
  1986.150,   -18.058585,    -2.973998,    -0.000348,
  1986.200,   -17.500834,    -2.236122,    -0.000962,
  1986.250,   -16.893272,    -1.515518,    -0.001360,
  1986.300,   -16.247113,    -0.828913,     0.007263,
  1986.350,   -15.535684,    -0.170040,     0.008785,
  1986.400,   -14.755961,     0.486696,    -0.002810,
  1986.450,   -13.932076,     1.110439,     0.001877,
  1986.500,   -13.046366,     1.695980,    -0.002838,
  1986.550,   -12.142210,     2.244747,     0.000238,
  1986.600,   -11.193635,     2.741610,     0.007412,
  1986.650,   -10.229002,     3.171436,     0.003912,
  1986.700,    -9.244896,     3.519876,     0.001665,
  1986.750,    -8.254945,     3.799248,    -0.002154,
  1986.800,    -7.276912,     4.024906,    -0.000244,
  1986.850,    -6.306474,     4.225917,     0.001847,
  1986.900,    -5.376102,     4.434268,    -0.000093,
  1986.950,    -4.450297,     4.645167,     0.003107,
  1987.000,    -3.587243,     4.856053,    -0.002433,
  1987.050,    -2.749464,     5.022839,    -0.002857,
  1987.100,    -1.966722,     5.161063,     0.002955,
  1987.150,    -1.215772,     5.264184,    -0.002504,
  1987.200,    -0.523578,     5.360742,     0.000878,
  1987.250,     0.127646,     5.456461,    -0.004643,
  1987.300,     0.732547,     5.560125,    -0.001257,
  1987.350,     1.300438,     5.696879,     0.003346,
  1987.400,     1.802361,     5.836366,     0.002128,
  1987.450,     2.266005,     5.966951,    -0.010311,
  1987.500,     2.686232,     6.054915,    -0.001338,
  1987.550,     3.062469,     6.090479,    -0.000144,
  1987.600,     3.403270,     6.070398,    -0.005765,
  1987.650,     3.685449,     5.984323,    -0.001308,
  1987.700,     3.944445,     5.856408,    -0.000855,
  1987.750,     4.155505,     5.679533,    -0.005970,
  1987.800,     4.343675,     5.439988,     0.003169,
  1987.850,     4.498804,     5.191308,    -0.007477,
  1987.900,     4.644707,     4.910702,    -0.006303,
  1987.950,     4.783316,     4.644962,    -0.003251,
  1988.000,     4.893109,     4.366821,     0.002340,
  1988.050,     4.987726,     4.075478,     0.001017,
  1988.100,     5.078909,     3.792752,     0.002498,
  1988.150,     5.149303,     3.509280,    -0.011198,
  1988.200,     5.220859,     3.300387,     0.002771,
  1988.250,     5.276179,     3.147060,     0.002616,
  1988.300,     5.320086,     3.035629,     0.002173,
  1988.350,     5.347332,     2.944884,     0.001188,
  1988.400,     5.330297,     2.814882,    -0.001341,
  1988.450,     5.310020,     2.650480,    -0.002799,
  1988.500,     5.236290,     2.471815,    -0.007565,
  1988.550,     5.148205,     2.253158,    -0.000460,
  1988.600,     5.019401,     2.025756,     0.000425,
  1988.650,     4.872629,     1.806462,    -0.000159,
  1988.700,     4.680407,     1.614726,    -0.003236,
  1988.750,     4.465169,     1.454963,    -0.003282,
  1988.800,     4.231893,     1.306996,     0.000102,
  1988.850,     4.006691,     1.186457,     0.002725,
  1988.900,     3.740177,     1.052582,    -0.001257,
  1988.950,     3.502221,     0.913790,     0.004769,
  1989.000,     3.243783,     0.762010,    -0.006852,
  1989.050,     3.008324,     0.600080,    -0.001880,
  1989.100,     2.781092,     0.427617,     0.000601,
  1989.150,     2.560127,     0.247909,    -0.001186,
  1989.200,     2.362086,     0.047293,    -0.003583,
  1989.250,     2.169718,    -0.153701,    -0.006696,
  1989.300,     1.975557,    -0.375794,    -0.001840,
  1989.350,     1.807733,    -0.608374,    -0.000780,
  1989.400,     1.634446,    -0.827083,    -0.005997,
  1989.450,     1.462360,    -1.025006,    -0.004601,
  1989.500,     1.317507,    -1.201028,    -0.003670,
  1989.550,     1.148841,    -1.311362,    -0.001294,
  1989.600,     1.013747,    -1.380529,    -0.003221,
  1989.650,     0.861925,    -1.407526,    -0.001370,
  1989.700,     0.725487,    -1.394902,    -0.003752,
  1989.750,     0.579907,    -1.362973,    -0.004094,
  1989.800,     0.422727,    -1.288787,    -0.000354,
  1989.850,     0.275166,    -1.174624,    -0.001905,
  1989.900,     0.121504,    -1.027755,    -0.003290,
  1989.950,    -0.030111,    -0.851537,    -0.002869,
  1990.000,    -0.193435,    -0.661129,    -0.002194,
  1990.050,    -0.359440,    -0.441508,    -0.005884,
  1990.100,    -0.549667,    -0.210103,     0.001349,
  1990.150,    -0.715487,     0.028643,    -0.002580,
  1990.200,    -0.888562,     0.271608,    -0.003151,
  1990.250,    -1.051039,     0.507712,     0.006039,
  1990.300,    -1.209393,     0.715508,    -0.001294,
  1990.350,    -1.348302,     0.911109,     0.003242,
  1990.400,    -1.462939,     1.098782,     0.007392,
  1990.450,    -1.560256,     1.289569,     0.001830,
  1990.500,    -1.624931,     1.490910,    -0.000646,
  1990.550,    -1.643398,     1.667680,     0.003525,
  1990.600,    -1.652427,     1.845314,    -0.002191,
  1990.650,    -1.612230,     2.037166,    -0.004251,
  1990.700,    -1.534984,     2.246591,     0.003408,
  1990.750,    -1.428828,     2.518509,    -0.001378,
  1990.800,    -1.279500,     2.851881,    -0.003424,
  1990.850,    -1.135167,     3.197244,     0.005443,
  1990.900,    -0.951685,     3.575434,    -0.006952,
  1990.950,    -0.758699,     3.920683,     0.001597,
  1991.000,    -0.537743,     4.226752,    -0.007557,
  1991.050,    -0.317536,     4.465207,    -0.006365,
  1991.100,    -0.092080,     4.660161,    -0.002504,
  1991.150,     0.135055,     4.801816,     0.008241,
  1991.200,     0.347100,     4.923068,    -0.005157,
  1991.250,     0.574929,     5.041608,    -0.006802,
  1991.300,     0.786823,     5.163410,    -0.001227,
  1991.350,     0.999038,     5.263668,    -0.001822,
  1991.400,     1.216346,     5.342774,    -0.001937,
  1991.450,     1.431684,     5.433050,    -0.000876,
  1991.500,     1.673025,     5.522156,    -0.005337,
  1991.550,     1.900874,     5.643779,    -0.004643,
  1991.600,     2.141193,     5.784634,    -0.010044,
  1991.650,     2.395846,     5.937728,    -0.006899,
  1991.700,     2.658366,     6.118572,     0.010771,
  1991.750,     2.902225,     6.293292,    -0.005501,
  1991.800,     3.183009,     6.438203,    -0.009484,
  1991.850,     3.439915,     6.552021,     0.001497,
  1991.900,     3.678295,     6.611998,    -0.000786,
  1991.950,     3.910939,     6.626153,     0.006503,
  1992.000,     4.123197,     6.603161,    -0.011317,
  1992.050,     4.313602,     6.514603,    -0.002024,
  1992.100,     4.481089,     6.363574,    -0.005262,
  1992.150,     4.643138,     6.181298,    -0.006781,
  1992.200,     4.788077,     5.966400,    -0.004784,
  1992.250,     4.918262,     5.753556,    -0.005073,
  1992.300,     5.051275,     5.548221,    -0.004319,
  1992.350,     5.163203,     5.340095,    -0.003704,
  1992.400,     5.274442,     5.160266,     0.005799,
  1992.450,     5.382319,     4.999450,    -0.003345,
  1992.500,     5.493927,     4.861943,    -0.000615,
  1992.550,     5.599324,     4.736857,    -0.002705,
  1992.600,     5.693495,     4.628083,    -0.003333,
  1992.650,     5.778897,     4.539028,    -0.004008,
  1992.700,     5.837213,     4.450023,    -0.010991,
  1992.750,     5.880947,     4.366527,    -0.001270,
  1992.800,     5.903527,     4.258686,     0.008271,
  1992.850,     5.889718,     4.140855,    -0.004330,
  1992.900,     5.859567,     3.983946,    -0.003906,
  1992.950,     5.786571,     3.811361,     0.000831,
  1993.000,     5.691226,     3.578623,     0.003665,
  1993.050,     5.580561,     3.301224,    -0.001835,
  1993.100,     5.438012,     3.019322,     0.004687,
  1993.150,     5.281121,     2.745803,    -0.000855,
  1993.200,     5.113015,     2.479641,     0.008225,
  1993.250,     4.947896,     2.266954,    -0.006019,
  1993.300,     4.771699,     2.023482,    -0.000038,
  1993.350,     4.596135,     1.811899,    -0.002588,
  1993.400,     4.445653,     1.626988,    -0.002656,
  1993.450,     4.290254,     1.415971,    -0.004926,
  1993.500,     4.134944,     1.257181,     0.003060,
  1993.550,     3.987859,     1.140931,    -0.002874,
  1993.600,     3.859690,     1.119998,     0.002769,
  1993.650,     3.710847,     1.170290,    -0.000336,
  1993.700,     3.535444,     1.289859,    -0.000774,
  1993.750,     3.377420,     1.466839,    -0.003649,
  1993.800,     3.189278,     1.685491,    -0.003954,
  1993.850,     3.008278,     1.923957,    -0.004540,
  1993.900,     2.798323,     2.203919,    -0.005313,
  1993.950,     2.565828,     2.465537,     0.002228,
  1994.000,     2.343957,     2.711743,    -0.002157,
  1994.050,     2.116838,     2.933711,    -0.005134,
  1994.100,     1.886788,     3.138529,    -0.005291,
  1994.150,     1.661801,     3.348762,    -0.005775,
  1994.200,     1.448728,     3.545679,     0.003595,
  1994.250,     1.261124,     3.730491,    -0.006839,
  1994.300,     1.100656,     3.906213,    -0.008536,
  1994.350,     0.979884,     4.065512,    -0.003291,
  1994.400,     0.885285,     4.203980,     0.000422,
  1994.450,     0.839658,     4.336071,     0.007901,
  1994.500,     0.841831,     4.475246,    -0.000592,
  1994.550,     0.875139,     4.587364,     0.000296,
  1994.600,     0.983022,     4.677586,    -0.005130,
  1994.650,     1.101285,     4.726972,     0.001248,
  1994.700,     1.261710,     4.723971,    -0.003097,
  1994.750,     1.465158,     4.680328,    -0.009173,
  1994.800,     1.682144,     4.576823,    -0.007228,
  1994.850,     1.913887,     4.455221,    -0.002206,
  1994.900,     2.158636,     4.318112,    -0.003626,
  1994.950,     2.397564,     4.172048,    -0.000552,
  1995.000,     2.635287,     4.033281,    -0.004170,
  1995.050,     2.868234,     3.904459,    -0.004534,
  1995.100,     3.092130,     3.797483,    -0.002798,
  1995.150,     3.303725,     3.679571,    -0.000379,
  1995.200,     3.479308,     3.567243,    -0.002513,
  1995.250,     3.641129,     3.431053,     0.000592,
  1995.300,     3.777079,     3.312467,    -0.005409,
  1995.350,     3.883581,     3.194956,    -0.000657,
  1995.400,     3.971432,     3.087915,     0.003693,
  1995.450,     4.032500,     2.966411,    -0.005200,
  1995.500,     4.064906,     2.818219,    -0.001157,
  1995.550,     4.071455,     2.647403,     0.003519,
  1995.600,     4.051293,     2.438936,    -0.006467,
  1995.650,     4.008953,     2.186957,    -0.002296,
  1995.700,     3.934562,     1.941215,     0.005003,
  1995.750,     3.849015,     1.709157,    -0.000800,
  1995.800,     3.749719,     1.471876,     0.002453,
  1995.850,     3.632103,     1.252101,    -0.003275,
  1995.900,     3.512134,     1.035537,     0.001658,
  1995.950,     3.373827,     0.862248,     0.001708,
  1996.000,     3.248256,     0.699876,     0.002529,
  1996.050,     3.112102,     0.577042,    -0.005175,
  1996.100,     2.975312,     0.485982,    -0.001694,
  1996.150,     2.828206,     0.439422,     0.001701,
  1996.200,     2.685623,     0.425950,    -0.005502,
  1996.250,     2.545220,     0.407298,     0.005349,
  1996.300,     2.403292,     0.390862,    -0.003157,
  1996.350,     2.240464,     0.347430,    -0.000603,
  1996.400,     2.076976,     0.276257,    -0.007830,
  1996.450,     1.888914,     0.173397,    -0.001360,
  1996.500,     1.712425,     0.058812,    -0.001607,
  1996.550,     1.513973,    -0.086305,    -0.000890,
  1996.600,     1.320168,    -0.261821,    -0.000353,
  1996.650,     1.120575,    -0.428638,     0.000904,
  1996.700,     0.924103,    -0.573753,    -0.005295,
  1996.750,     0.738163,    -0.729042,     0.001242,
  1996.800,     0.558354,    -0.881675,    -0.004422,
  1996.850,     0.407821,    -1.049078,     0.003464,
  1996.900,     0.253063,    -1.222143,    -0.002741,
  1996.950,     0.133468,    -1.409407,    -0.008006,
  1997.000,     0.017506,    -1.577030,     0.000127,
  1997.050,    -0.064336,    -1.732500,    -0.003960,
  1997.100,    -0.153792,    -1.916842,    -0.002439,
  1997.150,    -0.232209,    -2.090755,     0.009686,
  1997.200,    -0.297564,    -2.300160,     0.001084,
  1997.250,    -0.369938,    -2.503610,    -0.006198,
  1997.300,    -0.458133,    -2.717106,    -0.010360,
  1997.350,    -0.537091,    -2.940413,     0.004626,
  1997.400,    -0.633052,    -3.164741,    -0.003084,
  1997.450,    -0.747518,    -3.407507,    -0.000528,
  1997.500,    -0.860986,    -3.605947,    -0.007006,
  1997.550,    -0.979622,    -3.778192,    -0.000135,
  1997.600,    -1.122944,    -3.898583,    -0.005783,
  1997.650,    -1.285574,    -3.958693,     0.002529,
  1997.700,    -1.441328,    -3.968406,     0.000871,
  1997.750,    -1.609704,    -3.939836,    -0.006343,
  1997.800,    -1.786971,    -3.887756,     0.001044,
  1997.850,    -1.986705,    -3.824878,    -0.007757,
  1997.900,    -2.176766,    -3.759030,    -0.001507,
  1997.950,    -2.377535,    -3.707692,     0.002711,
  1998.000,    -2.578716,    -3.660797,    -0.000391,
  1998.050,    -2.778974,    -3.608041,    -0.001601,
  1998.100,    -2.984983,    -3.542526,     0.008266,
  1998.150,    -3.202763,    -3.459844,    -0.000658,
  1998.200,    -3.396450,    -3.371380,     0.006098,
  1998.250,    -3.588670,    -3.288099,    -0.007475,
  1998.300,    -3.778380,    -3.201498,     0.003851,
  1998.350,    -3.931335,    -3.100158,    -0.000320,
  1998.400,    -4.079828,    -2.995372,    -0.005838,
  1998.450,    -4.192135,    -2.871631,     0.001357,
  1998.500,    -4.299991,    -2.746584,    -0.007073,
  1998.550,    -4.372136,    -2.598952,     0.002677,
  1998.600,    -4.405949,    -2.454686,     0.002134,
  1998.650,    -4.422124,    -2.319442,     0.008031,
  1998.700,    -4.418892,    -2.199428,     0.000680,
  1998.750,    -4.395819,    -2.042201,    -0.002185,
  1998.800,    -4.339546,    -1.889928,    -0.012276,
  1998.850,    -4.283199,    -1.726286,    -0.000004,
  1998.900,    -4.207268,    -1.535572,     0.002081,
  1998.950,    -4.113488,    -1.344723,     0.003499,
  1999.000,    -4.006967,    -1.130469,    -0.007550,
  1999.050,    -3.922053,    -0.913441,    -0.001975,
  1999.100,    -3.804499,    -0.682840,    -0.004340,
  1999.150,    -3.701864,    -0.448957,    -0.000235,
  1999.200,    -3.589797,    -0.185387,     0.004824,
  1999.250,    -3.468156,     0.061882,    -0.001707,
  1999.300,    -3.345291,     0.292884,     0.006375,
  1999.350,    -3.217147,     0.507827,     0.001801,
  1999.400,    -3.077048,     0.703686,     0.012142,
  1999.450,    -2.945188,     0.875582,    -0.004339,
  1999.500,    -2.802372,     1.022613,    -0.001229,
  1999.550,    -2.635349,     1.139717,     0.001652,
  1999.600,    -2.485226,     1.221929,     0.002039,
  1999.650,    -2.317740,     1.267636,     0.001287,
  1999.700,    -2.154301,     1.282659,    -0.006043,
  1999.750,    -1.955111,     1.263401,    -0.004699,
  1999.800,    -1.766789,     1.224507,    -0.004665,
  1999.850,    -1.555210,     1.159318,    -0.001899,
  1999.900,    -1.345792,     1.034604,    -0.004233,
  1999.950,    -1.134755,     0.858627,     0.007240,
  2000.000,    -0.910208,     0.633459,     0.008532,

