Frequency/GHz, Amplitude rel. 1, Phase 1, Ref.Amplitude rel. 1, Ref.Phase 1, Amplitude rel. 2, Phase 2, Ref.Amplitude rel. 2, Ref.Phase 2
     0.0,  2.646918E-4,    -3.14159,  1.913440E-3,    -0.00000, 5.578972E-13,    -0.34439,          NaN,         NaN
     5.0,  5.858621E-3,    -2.97814,  5.460226E-3,    -2.59468, 7.353680E-12,     1.06348,          NaN,         NaN
    10.0,  7.523595E-3,    -1.03945,  1.112001E-2,    -1.15047, 7.267543E-12,     0.94456,          NaN,         NaN
    15.0,  6.733863E-3,    -0.94031,  1.189691E-2,    -1.15707, 7.893915E-12,     1.44610,          NaN,         NaN
    20.0,  1.500687E-2,    -0.41771,  1.955061E-2,    -0.78116, 1.293282E-11,     1.00816,          NaN,         NaN
    25.0,  2.656232E-2,     1.62568,  2.118222E-2,     1.36382, 1.656708E-11,    -0.67061,          NaN,         NaN
    30.0,  2.326316E-2,     2.01216,  2.950510E-2,    -1.67008, 9.744971E-12,     0.98330,          NaN,         NaN
    35.0,  4.085959E-2,     3.80844,  4.212494E-2,    -0.11612, 1.205873E-11,     2.86026,          NaN,         NaN
    40.0,  8.279085E-2,     3.60384,  8.489806E-2,    -0.29552, 7.836663E-12,     3.21482,          NaN,         NaN
    45.0,  1.223638E-1,     3.54985,  1.237001E-1,    -0.35934, 9.527059E-12,     4.47671,          NaN,         NaN
    50.0,  1.230336E-1,     4.68524,  1.217084E-1,     0.74037, 9.349948E-12,     5.62045,          NaN,         NaN
    55.0,  3.037569E-1,     6.55767,  3.029243E-1,     2.60369, 1.497067E-11,     5.38019,          NaN,         NaN
    60.0,  6.227244E-2,     7.01678,  6.228905E-2,     3.03502, 4.425555E-12,     4.86499,          NaN,         NaN
    65.0,  1.425854E-1,     7.32318,  1.439629E-1,     3.27642, 1.140441E-11,     5.04344,          NaN,         NaN
    70.0,  3.688664E-1,     7.16364,  3.723847E-1,     3.07732, 2.393328E-11,     6.54006,          NaN,         NaN
    75.0,  3.255872E-1,     7.52891,  3.274104E-1,     3.39657, 2.007412E-11,     6.72131,          NaN,         NaN
    80.0,  3.594842E-1,     8.65125,  3.558422E-1,     4.47893, 2.229868E-11,     8.48478,          NaN,         NaN
    85.0,  7.980483E-2,     7.38876,  8.276675E-2,     3.12774, 5.151875E-12,     8.28788,          NaN,         NaN
    90.0,  1.510231E-1,     9.68636,  1.448523E-1,     5.45839, 1.079657E-11,     8.26878,          NaN,         NaN
    95.0,  2.863474E-1,     9.43223,  2.805628E-1,     5.14878, 5.934942E-12,     8.70313,          NaN,         NaN
   100.0,  3.914575E-1,     9.60911,  3.863051E-1,     5.28949, 2.025604E-11,     8.19496,          NaN,         NaN
   105.0,  4.135137E-1,    10.32674,  4.106615E-1,     5.97682, 1.001054E-11,     9.19226,          NaN,         NaN
   110.0,  4.328731E-1,    10.42133,  4.316283E-1,     6.02794, 1.738133E-11,     8.70260,          NaN,         NaN
   115.0,  6.351358E-1,    10.33764,  6.326361E-1,     5.90604, 3.234737E-11,     8.35698,          NaN,         NaN
   120.0,  4.344644E-1,    11.17051,  4.341482E-1,     6.69910, 1.070997E-11,     9.48251,          NaN,         NaN
   125.0,  4.796444E-1,    12.01452,  4.801447E-1,     7.49707, 2.267645E-11,    10.32668,          NaN,         NaN
   130.0,  5.473392E-1,    12.23323,  5.476926E-1,     7.67271, 1.991350E-11,    10.90540,          NaN,         NaN
   135.0,  5.027858E-1,    12.39609,  5.030414E-1,     7.79389, 3.144246E-11,    10.48405,          NaN,         NaN
   140.0,  6.370538E-1,    12.72981,  6.365902E-1,     8.08646, 2.338194E-11,    11.01043,          NaN,         NaN
   145.0,  6.401507E-1,    13.04246,  6.399792E-1,     8.36287, 2.786144E-11,    11.20870,          NaN,         NaN
   150.0,  5.382787E-1,    13.43093,  5.363806E-1,     8.71476, 1.776861E-11,    12.00985,          NaN,         NaN
   155.0,  6.410853E-1,    13.72915,  6.374957E-1,     8.97387, 2.335445E-11,    12.31066,          NaN,         NaN
   160.0,  5.509360E-1,    14.06985,  5.476947E-1,     9.27891, 1.451430E-11,    12.96789,          NaN,         NaN
   165.0,  6.455580E-1,    14.58116,  6.411124E-1,     9.75030, 2.393668E-11,    13.09153,          NaN,         NaN
   170.0,  7.894030E-1,    14.90415,  7.859148E-1,    10.03028, 3.077584E-11,    13.13775,          NaN,         NaN
   175.0,  7.560363E-1,    15.35177,  7.542770E-1,    10.43704, 3.071524E-11,    13.79292,          NaN,         NaN
   180.0,  7.072082E-1,    15.86662,  7.060552E-1,    10.91119, 2.227384E-11,    14.37421,          NaN,         NaN
   185.0,  7.777821E-1,    16.00136,  7.794399E-1,    11.00839, 2.481186E-11,    14.59138,          NaN,         NaN
   190.0,  7.139348E-1,    16.07788,  7.140021E-1,    11.04846, 2.782464E-11,    14.57832,          NaN,         NaN
   195.0,  7.375039E-1,    16.54976,  7.359916E-1,    11.47862, 2.876800E-11,    15.22143,          NaN,         NaN
   200.0,  7.992350E-1,    16.93499,  7.979398E-1,    11.81936, 2.988222E-11,    15.45179,          NaN,         NaN
   205.0,  6.090236E-1,    17.50887,  6.105875E-1,    12.35554, 2.157201E-11,    16.21329,          NaN,         NaN
   210.0,  6.906084E-1,    17.63115,  6.891662E-1,    12.43489, 2.461498E-11,    15.72983,          NaN,         NaN
   215.0,  7.047102E-1,    17.91348,  7.082119E-1,    12.67508, 2.784666E-11,    16.49341,          NaN,         NaN
   220.0,  1.050970E+0,    18.37252,  1.053984E+0,    13.09234, 3.693666E-11,    16.82240,          NaN,         NaN
   225.0,  1.110908E+0,    18.64172,  1.118502E+0,    13.32285, 4.940033E-11,    17.27594,          NaN,         NaN
   230.0,  9.035058E-1,    19.07752,  9.048912E-1,    13.71777, 2.587739E-11,    17.52555,          NaN,         NaN
   235.0,  8.229817E-1,    19.26820,  8.274920E-1,    13.86418, 2.674798E-11,    18.03127,          NaN,         NaN
   240.0,  8.411553E-1,    19.61552,  8.407604E-1,    14.17126, 3.753474E-11,    17.98727,          NaN,         NaN
   245.0,  9.339541E-1,    20.09708,  9.370508E-1,    14.61268, 3.717714E-11,    18.57443,          NaN,         NaN
   250.0,  9.911642E-1,    20.60252,  9.898548E-1,    15.08038, 3.978024E-11,    19.18543,          NaN,         NaN
   255.0,  9.181099E-1,    20.82651,  9.222080E-1,    15.26322, 3.714284E-11,    19.15511,          NaN,         NaN
   260.0,  8.262407E-1,    21.19195,  8.281995E-1,    15.58758, 3.067518E-11,    19.42828,          NaN,         NaN
   265.0,  1.115232E+0,    21.30597,  1.122233E+0,    15.66013, 3.769084E-11,    20.07292,          NaN,         NaN
   270.0,  9.905866E-1,    21.65429,  9.967997E-1,    15.96771, 3.867424E-11,    19.96208,          NaN,         NaN
   275.0,  1.073896E+0,    22.26301,  1.086889E+0,    16.53237, 4.417207E-11,    20.66400,          NaN,         NaN
   280.0,  9.954983E-1,    22.40006,  1.006200E+0,    16.63094, 3.942131E-11,    20.89590,          NaN,         NaN
   285.0,  8.827720E-1,    22.96159,  8.920988E-1,    17.14558, 4.363026E-11,    21.53109,          NaN,         NaN
   290.0,  1.075980E+0,    23.19111,  1.088762E+0,    17.33403, 4.911919E-11,    21.68882,          NaN,         NaN
   295.0,  1.045617E+0,    23.59655,  1.057857E+0,    17.69527, 4.089013E-11,    22.16552,          NaN,         NaN
   300.0,  9.923088E-1,    23.91185,  1.003498E+0,    17.97471, 4.407425E-11,    22.45678,          NaN,         NaN
   305.0,  8.908608E-1,    24.26688,  9.038276E-1,    18.28833, 2.982481E-11,    22.93935,          NaN,         NaN
   310.0,  9.007120E-1,    24.52936,  9.166082E-1,    18.50577, 3.743161E-11,    23.12869,          NaN,         NaN
   315.0,  8.014959E-1,    24.91516,  8.152241E-1,    18.85286, 2.729681E-11,    23.80162,          NaN,         NaN
   320.0,  9.816548E-1,    25.19959,  1.000612E+0,    19.09219, 3.870352E-11,    23.85895,          NaN,         NaN
   325.0,  8.913485E-1,    25.46702,  9.090278E-1,    19.31712, 2.951281E-11,    24.01721,          NaN,         NaN
   330.0,  9.057229E-1,    25.95131,  9.264085E-1,    19.76157, 3.836084E-11,    24.17466,          NaN,         NaN
   335.0,  9.499208E-1,    26.16602,  9.737471E-1,    19.93195, 3.649933E-11,    24.73570,          NaN,         NaN
   340.0,  9.226576E-1,    26.51940,  9.481341E-1,    20.24260, 3.002064E-11,    25.01516,          NaN,         NaN
   345.0,  9.097466E-1,    26.80501,  9.384830E-1,    20.48572, 3.853154E-11,    25.34886,          NaN,         NaN
   350.0,  8.994640E-1,    27.25836,  9.304445E-1,    20.89456, 3.198922E-11,    25.71089,          NaN,         NaN
   355.0,  9.272420E-1,    27.52320,  9.601566E-1,    21.11880, 3.655749E-11,    25.90350,          NaN,         NaN
   360.0,  8.612456E-1,    27.87799,  8.936724E-1,    21.43332, 3.324903E-11,    26.37651,          NaN,         NaN
   365.0,  8.931542E-1,    28.20985,  9.269763E-1,    21.72308, 3.336589E-11,    26.83940,          NaN,         NaN
   370.0,  8.369430E-1,    28.49536,  8.693514E-1,    21.96683, 2.471836E-11,    27.07321,          NaN,         NaN
   375.0,  8.474792E-1,    28.90126,  8.835572E-1,    22.33007, 3.533819E-11,    27.39036,          NaN,         NaN
   380.0,  8.565780E-1,    29.12482,  8.956606E-1,    22.50996, 2.422536E-11,    27.79630,          NaN,         NaN
   385.0,  8.537474E-1,    29.47901,  8.957680E-1,    22.82366, 3.130981E-11,    28.03426,          NaN,         NaN
   390.0,  8.888232E-1,    29.87406,  9.383970E-1,    23.17602, 3.046354E-11,    28.57079,          NaN,         NaN
   395.0,  8.765159E-1,    30.17714,  9.265706E-1,    23.43782, 3.353769E-11,    28.59697,          NaN,         NaN
   400.0,  8.321285E-1,    30.44135,  8.824878E-1,    23.66085, 3.961481E-11,    28.74635,          NaN,         NaN
   405.0,  8.684320E-1,    30.87460,  9.241223E-1,    24.04848, 3.326374E-11,    29.47533,          NaN,         NaN
   410.0,  8.631415E-1,    31.15562,  9.193304E-1,    24.28732, 2.591349E-11,    29.57630,          NaN,         NaN
   415.0,  7.870269E-1,    31.55325,  8.416703E-1,    24.64392, 3.467201E-11,    30.09485,          NaN,         NaN
   420.0,  8.547486E-1,    31.93453,  9.160689E-1,    24.98283, 4.050878E-11,    30.64775,          NaN,         NaN
   425.0,  7.635253E-1,    32.14997,  8.222128E-1,    25.15333, 2.572882E-11,    30.65626,          NaN,         NaN
   430.0,  7.861408E-1,    32.56537,  8.496685E-1,    25.52609, 2.664510E-11,    30.95333,          NaN,         NaN
   435.0,  7.763885E-1,    32.79211,  8.418936E-1,    25.71155, 2.508359E-11,    31.36559,          NaN,         NaN
   440.0,  7.413800E-1,    33.16372,  8.036637E-1,    26.04254, 3.898022E-11,    31.64768,          NaN,         NaN
   445.0,  7.356520E-1,    33.58783,  7.999094E-1,    26.42233, 2.699885E-11,    32.29131,          NaN,         NaN
   450.0,  7.775070E-1,    33.74122,  8.480699E-1,    26.53233, 2.999496E-11,    32.30169,          NaN,         NaN
   455.0,  6.926159E-1,    34.13307,  7.584735E-1,    26.88309, 2.775583E-11,    32.45756,          NaN,         NaN
   460.0,  8.036786E-1,    34.52228,  8.853805E-1,    27.22607, 2.710706E-11,    32.83744,          NaN,         NaN
   465.0,  7.430060E-1,    34.76350,  8.230149E-1,    27.42580, 2.388245E-11,    33.18680,          NaN,         NaN
   470.0,  7.268883E-1,    35.22272,  8.062458E-1,    27.84300, 2.486945E-11,    33.45492,          NaN,         NaN
   475.0,  7.899978E-1,    35.48437,  8.782340E-1,    28.06021, 2.440596E-11,    33.84858,          NaN,         NaN
   480.0,  6.402942E-1,    35.80308,  7.146056E-1,    28.33679, 2.153270E-11,    34.09261,          NaN,         NaN
   485.0,  7.131119E-1,    36.18937,  7.970818E-1,    28.67803, 2.631642E-11,    34.14432,          NaN,         NaN
   490.0,  7.559331E-1,    36.44439,  8.490450E-1,    28.89091, 2.700415E-11,    34.70253,          NaN,         NaN
   495.0,  6.717572E-1,    36.74419,  7.573567E-1,    29.14331, 2.116607E-11,    35.16927,          NaN,         NaN
   500.0,  7.383090E-1,    37.26242,  8.373477E-1,    29.61921, 2.943490E-11,    35.51661,          NaN,         NaN
   505.0,  7.462509E-1,    37.39824,  8.502907E-1,    29.71357, 2.398102E-11,    35.72095,          NaN,         NaN
   510.0,  6.698247E-1,    37.84440,  7.666309E-1,    30.11892, 2.443085E-11,    36.21397,          NaN,         NaN
   515.0,  7.754015E-1,    38.22822,  8.919760E-1,    30.45657, 2.055272E-11,    36.57795,          NaN,         NaN
   520.0,  7.303341E-1,    38.50665,  8.439849E-1,    30.69585, 2.532284E-11,    36.59988,          NaN,         NaN
   525.0,  6.758104E-1,    38.99063,  7.833328E-1,    31.13481, 2.814055E-11,    37.39763,          NaN,         NaN
   530.0,  7.432299E-1,    39.33011,  8.657371E-1,    31.42763, 2.727768E-11,    37.86618,          NaN,         NaN
   535.0,  6.544695E-1,    39.65133,  7.683234E-1,    31.70612, 2.510001E-11,    37.46676,          NaN,         NaN
   540.0,  6.273802E-1,    40.12856,  7.393938E-1,    32.14011, 2.550339E-11,    38.56614,          NaN,         NaN
   545.0,  6.446048E-1,    40.53903,  7.631280E-1,    32.50586, 3.147766E-11,    38.89428,          NaN,         NaN
   550.0,  4.842614E-1,    41.01722,  5.757445E-1,    32.93792, 2.183273E-11,    39.38420,          NaN,         NaN
   555.0,  2.248994E-1,    41.63659,  2.702430E-1,    33.51293, 5.603928E-12,    39.69063,          NaN,         NaN
   560.0,  2.653651E-1,    40.34244,  3.190539E-1,    32.17514, 9.290643E-12,    39.00040,          NaN,         NaN
   565.0,  4.972610E-1,    40.86521,  6.002936E-1,    32.65633, 1.615939E-11,    39.17450,          NaN,         NaN
   570.0,  5.708950E-1,    41.45152,  6.914102E-1,    33.19640, 2.707570E-11,    39.59986,          NaN,         NaN
   575.0,  6.225080E-1,    41.84792,  7.596712E-1,    33.54376, 2.253196E-11,    40.21512,          NaN,         NaN
   580.0,  5.832760E-1,    42.23121,  7.162002E-1,    33.88865, 2.551046E-11,    40.59857,          NaN,         NaN
   585.0,  5.820560E-1,    42.62676,  7.180103E-1,    34.23836, 2.387169E-11,    40.37651,          NaN,         NaN
   590.0,  5.999393E-1,    42.97815,  7.456356E-1,    34.54446, 1.235822E-11,    41.25598,          NaN,         NaN
   595.0,  5.637813E-1,    43.28208,  7.048059E-1,    34.80270, 1.966431E-11,    41.41930,          NaN,         NaN
   600.0,  5.872019E-1,    43.68247,  7.419761E-1,    35.16194, 1.947616E-11,    41.97643,          NaN,         NaN
   605.0,  5.813763E-1,    43.99528,  7.393096E-1,    35.42989, 2.365104E-11,    41.68472,          NaN,         NaN
   610.0,  5.761870E-1,    44.34203,  7.357398E-1,    35.73470, 2.261650E-11,    42.20363,          NaN,         NaN
   615.0,  5.660703E-1,    44.71160,  7.280388E-1,    36.05762, 2.204495E-11,    42.52448,          NaN,         NaN
   620.0,  5.604742E-1,    45.00480,  7.267674E-1,    36.30690, 2.985826E-11,    42.90102,          NaN,         NaN
   625.0,  5.583616E-1,    45.34543,  7.271109E-1,    36.60644, 1.742762E-11,    43.45836,          NaN,         NaN
   630.0,  5.500463E-1,    45.72109,  7.233307E-1,    36.93722, 5.990007E-12,    43.40300,          NaN,         NaN
   635.0,  5.744196E-1,    46.03115,  7.576024E-1,    37.20449, 1.441308E-11,    43.48503,          NaN,         NaN
   640.0,  5.331410E-1,    46.41961,  7.085365E-1,    37.54863, 2.069773E-11,    44.22421,          NaN,         NaN
   645.0,  5.394606E-1,    46.73029,  7.202800E-1,    37.81311, 2.848896E-11,    44.54512,          NaN,         NaN
   650.0,  5.253337E-1,    47.11492,  7.064633E-1,    38.15121, 1.559421E-11,    45.09287,          NaN,         NaN
   655.0,  5.571859E-1,    47.40016,  7.539061E-1,    38.38975, 2.342857E-11,    45.62277,          NaN,         NaN
   660.0,  5.070027E-1,    47.74904,  6.929785E-1,    38.69013, 1.617287E-11,    45.17773,          NaN,         NaN
   665.0,  5.130899E-1,    48.18321,  7.096533E-1,    39.07905, 1.993651E-11,    45.44027,          NaN,         NaN
   670.0,  4.950058E-1,    48.48453,  6.911332E-1,    39.33594, 2.765571E-11,    45.83608,          NaN,         NaN
   675.0,  4.599185E-1,    48.82025,  6.493685E-1,    39.62893, 1.796657E-11,    46.53482,          NaN,         NaN
   680.0,  4.663037E-1,    49.16085,  6.628846E-1,    39.93073, 1.073076E-11,    47.11909,          NaN,         NaN
   685.0,  4.717264E-1,    49.51789,  6.737222E-1,    40.24262, 2.074393E-11,    46.92029,          NaN,         NaN
   690.0,  4.367632E-1,    49.81329,  6.262576E-1,    40.49054, 2.039046E-11,    46.74528,          NaN,         NaN
   695.0,  4.235924E-1,    50.23443,  6.152299E-1,    40.86750, 2.011968E-11,    47.78867,          NaN,         NaN
   700.0,  4.104757E-1,    50.47981,  6.003921E-1,    41.06770, 7.914566E-12,    48.83915,          NaN,         NaN
   705.0,  3.869424E-1,    50.84172,  5.701973E-1,    41.38522, 2.154512E-11,    48.22866,          NaN,         NaN
   710.0,  4.005978E-1,    51.20976,  5.949706E-1,    41.70655, 2.131429E-11,    48.18358,          NaN,         NaN
   715.0,  3.899158E-1,    51.43879,  5.856743E-1,    41.89209, 1.732225E-11,    47.63998,          NaN,         NaN
   720.0,  3.537330E-1,    51.91037,  5.369435E-1,    42.31739, 1.257702E-11,    48.99592,          NaN,         NaN
   725.0,  3.775828E-1,    52.23491,  5.774433E-1,    42.59742, 1.418081E-11,    48.67321,          NaN,         NaN
   730.0,  3.530598E-1,    52.50367,  5.470498E-1,    42.82099, 1.055036E-11,    48.67213,          NaN,         NaN
   735.0,  3.281048E-1,    52.92625,  5.121453E-1,    43.20112, 1.618771E-11,    48.79612,          NaN,         NaN
   740.0,  3.477314E-1,    53.32188,  5.483190E-1,    43.55184, 1.148215E-11,    49.39887,          NaN,         NaN
   745.0,  2.806664E-1,    53.74097,  4.465208E-1,    43.92506, 6.931324E-12,    48.88196,          NaN,         NaN
   750.0,  1.640003E-1,    54.30186,  2.642318E-1,    44.44077, 1.532780E-11,    48.26834,          NaN,         NaN
   755.0,  1.852294E-1,    53.48392,  3.007420E-1,    43.57798, 1.436521E-11,    48.33347,          NaN,         NaN
   760.0,  2.680738E-1,    53.95385,  4.397053E-1,    44.00784, 1.036475E-11,    47.97778,          NaN,         NaN
   765.0,  3.080074E-1,    54.48047,  5.093296E-1,    44.48637, 1.326542E-11,    48.90782,          NaN,         NaN
   770.0,  3.174335E-1,    54.81375,  5.295087E-1,    44.77527, 1.105105E-11,    49.80831,          NaN,         NaN
   775.0,  3.051517E-1,    55.24214,  5.150832E-1,    45.15350, 1.170409E-11,    49.74842,          NaN,         NaN
   780.0,  3.044951E-1,    55.61415,  5.193276E-1,    45.48473, 1.992917E-11,    49.28874,          NaN,         NaN
   785.0,  3.143301E-1,    55.91540,  5.419353E-1,    45.73773, 9.365396E-12,    51.13247,          NaN,         NaN
   790.0,  2.882644E-1,    56.32599,  5.038657E-1,    46.10333, 1.012410E-11,    51.82199,          NaN,         NaN
   795.0,  3.020876E-1,    56.68292,  5.341204E-1,    46.41349, 1.998736E-11,    50.81487,          NaN,         NaN
   800.0,  2.871099E-1,    57.00887,  5.137203E-1,    46.69521, 1.058582E-11,    52.52135,          NaN,         NaN
   805.0,  2.732350E-1,    57.38525,  4.958039E-1,    47.02780, 1.806034E-11,    51.85323,          NaN,         NaN
   810.0,  2.733675E-1,    57.72022,  5.016519E-1,    47.31719, 1.050672E-11,    51.54179,          NaN,         NaN
   815.0,  2.609067E-1,    58.05783,  4.834646E-1,    47.61078, 9.661035E-12,    52.59093,          NaN,         NaN
   820.0,  2.545722E-1,    58.41421,  4.772446E-1,    47.92382, 6.198515E-12,    52.68711,          NaN,         NaN
   825.0,  2.478357E-1,    58.75112,  4.698391E-1,    48.21785, 1.922173E-11,    52.48437,          NaN,         NaN
   830.0,  2.370084E-1,    59.05481,  4.533545E-1,    48.47740, 8.328780E-12,    53.88084,          NaN,         NaN
   835.0,  2.309408E-1,    59.42638,  4.462289E-1,    48.80248, 8.694920E-12,    53.23255,          NaN,         NaN
   840.0,  2.306186E-1,    59.69009,  4.520177E-1,    49.02078, 9.526014E-12,    52.91350,          NaN,         NaN
   845.0,  2.212947E-1,    60.08598,  4.379915E-1,    49.36828, 1.126108E-11,    52.25614,          NaN,         NaN
   850.0,  2.237513E-1,    60.39217,  4.508799E-1,    49.62879, 1.122051E-11,    52.80654,          NaN,         NaN
   855.0,  2.143678E-1,    60.72044,  4.391489E-1,    49.91668, 1.006843E-11,    53.54923,          NaN,         NaN
   860.0,  2.078437E-1,    61.07178,  4.297918E-1,    50.21890, 1.053261E-11,    52.90406,          NaN,         NaN
   865.0,  2.113458E-1,    61.39343,  4.435578E-1,    50.49891, 1.054111E-11,    52.04191,          NaN,         NaN
   870.0,  2.047548E-1,    61.72666,  4.345399E-1,    50.79081, 1.052799E-11,    53.47673,          NaN,         NaN
   875.0,  1.990720E-1,    62.05852,  4.285304E-1,    51.07541, 1.097489E-11,    54.39461,          NaN,         NaN
   880.0,  2.029629E-1,    62.41485,  4.431244E-1,    51.38854, 7.892997E-12,    55.06360,          NaN,         NaN
   885.0,  1.917761E-1,    62.71467,  4.212846E-1,    51.64349, 1.172733E-11,    54.68132,          NaN,         NaN
   890.0,  1.922515E-1,    63.11980,  4.313159E-1,    52.00019, 1.118280E-11,    54.82529,          NaN,         NaN
   895.0,  1.929523E-1,    63.39883,  4.381894E-1,    52.23718, 1.634725E-11,    55.23140,          NaN,         NaN
   900.0,  1.839006E-1,    63.77867,  4.226766E-1,    52.57495, 7.262524E-12,    55.82870,          NaN,         NaN
   905.0,  1.855380E-1,    64.15443,  4.321857E-1,    52.90549, 2.547139E-11,    55.56174,          NaN,         NaN
   910.0,  1.846076E-1,    64.47949,  4.351532E-1,    53.18360, 1.148739E-11,    56.81490,          NaN,         NaN
   915.0,  1.620025E-1,    64.85586,  3.872143E-1,    53.51766, 5.146409E-12,    56.25281,          NaN,         NaN
   920.0,  1.676393E-1,    65.16734,  4.032637E-1,    53.77986, 6.710053E-12,    57.46856,          NaN,         NaN
   925.0,  1.674958E-1,    65.51230,  4.113388E-1,    54.07428, 1.217119E-11,    57.15186,          NaN,         NaN
   930.0,  1.527201E-1,    65.87887,  3.822448E-1,    54.39532, 9.026906E-12,    58.71436,          NaN,         NaN
   935.0,  1.578517E-1,    66.23231,  4.028804E-1,    54.70457, 1.103303E-11,    57.73724,          NaN,         NaN
   940.0,  1.411001E-1,    66.52794,  3.652197E-1,    54.95962, 7.487596E-12,    57.10604,          NaN,         NaN
   945.0,  1.380356E-1,    66.95555,  3.635422E-1,    55.34131, 1.153109E-11,    57.22146,          NaN,         NaN
   950.0,  1.385905E-1,    67.22180,  3.684484E-1,    55.56501, 2.007327E-11,    59.37060,          NaN,         NaN
   955.0,  1.283027E-1,    67.57168,  3.469996E-1,    55.87371, 9.666819E-12,    60.19679,          NaN,         NaN
   960.0,  1.271430E-1,    67.96381,  3.477963E-1,    56.22460, 1.022235E-11,    58.83822,          NaN,         NaN
   965.0,  1.216885E-1,    68.29856,  3.374340E-1,    56.51134, 1.043436E-11,    59.90208,          NaN,         NaN
   970.0,  1.070061E-1,    68.63761,  3.034758E-1,    56.80183, 1.769376E-11,    59.33514,          NaN,         NaN
   975.0,  1.073592E-1,    69.01815,  3.085983E-1,    57.14249, 1.028797E-11,    58.21330,          NaN,         NaN
   980.0,  1.039468E-1,    69.39868,  3.035565E-1,    57.47760, 6.735109E-12,    59.02209,          NaN,         NaN
   985.0,  6.696158E-2,    69.87405,  1.986704E-1,    57.90723, 8.486605E-12,    59.77948,          NaN,         NaN
   990.0,  6.254806E-2,    69.46348,  1.876666E-1,    57.45090, 1.189830E-11,    61.25550,          NaN,         NaN
   995.0,  8.765057E-2,    69.83761,  2.688417E-1,    57.78050, 5.031468E-12,    60.60561,          NaN,         NaN
  1000.0,  9.316560E-2,    70.27494,  2.912224E-1,    58.17068, 1.143038E-11,    60.87356,          NaN,         NaN
  1005.0,  9.852881E-2,    70.64660,  3.119397E-1,    58.50635, 1.285517E-11,    60.48269,          NaN,         NaN
  1010.0,  9.694633E-2,    71.00790,  3.114079E-1,    58.81716, 1.155248E-11,    62.53954,          NaN,         NaN
  1015.0,  9.401031E-2,    71.41371,  3.075895E-1,    59.17865, 1.261349E-11,    62.45452,          NaN,         NaN
  1020.0,  9.815277E-2,    71.79502,  3.275408E-1,    59.51399, 1.061870E-11,    62.96601,          NaN,         NaN
  1025.0,  8.991550E-2,    72.13154,  3.040740E-1,    59.80888, 6.967049E-12,    62.37150,          NaN,         NaN
  1030.0,  8.853097E-2,    72.55164,  3.057969E-1,    60.17580, 1.058613E-11,    63.28360,          NaN,         NaN
  1035.0,  9.003334E-2,    72.87589,  3.158796E-1,    60.45924, 8.191464E-12,    63.14980,          NaN,         NaN
  1040.0,  8.311001E-2,    73.28781,  2.975329E-1,    60.82207, 5.553855E-12,    63.63816,          NaN,         NaN
  1045.0,  8.194283E-2,    73.65091,  3.026443E-1,    61.14505, 1.004070E-11,    64.02677,          NaN,         NaN
  1050.0,  7.811387E-2,    74.03973,  2.908053E-1,    61.49342, 1.189909E-11,    62.36722,          NaN,         NaN
  1055.0,  7.467949E-2,    74.43097,  2.813298E-1,    61.83231, 8.626325E-12,    61.36540,          NaN,         NaN
  1060.0,  7.498820E-2,    74.86310,  2.900406E-1,    62.21745, 6.495164E-12,    62.03220,          NaN,         NaN
  1065.0,  6.873851E-2,    75.24696,  2.717945E-1,    62.55687, 1.081232E-11,    61.27395,          NaN,         NaN
  1070.0,  6.498697E-2,    75.74352,  2.630961E-1,    63.01246, 1.262639E-11,    62.96695,          NaN,         NaN
  1075.0,  6.142921E-2,    76.24710,  2.556695E-1,    63.47236, 6.506893E-12,    64.02344,          NaN,         NaN
  1080.0,  5.287807E-2,    76.76696,  2.229181E-1,    63.94964, 1.040334E-11,    64.70483,          NaN,         NaN
  1085.0,  4.507932E-2,    77.50158,  1.958759E-1,    64.62919, 6.729599E-12,    64.96588,          NaN,         NaN
  1090.0,  2.756032E-2,    78.54076,  1.218237E-1,    65.60718, 1.668999E-11,    65.54752,          NaN,         NaN
  1095.0,  3.070189E-3,    79.91019,  1.274427E-2,    66.76264, 1.184592E-11,    63.81693,          NaN,         NaN
  1100.0,  3.342538E-3,    81.07827,  1.231143E-2,    68.05336, 8.506938E-12,    64.01314,          NaN,         NaN
  1105.0,  2.091840E-2,    82.35859,  9.414605E-2,    69.36984, 6.976272E-12,    65.58798,          NaN,         NaN
  1110.0,  1.785096E-2,    83.57512,  8.349968E-2,    70.56585, 1.723484E-11,    65.05752,          NaN,         NaN
  1115.0,  1.287979E-2,    82.87127,  5.785285E-2,    69.81690, 1.093825E-11,    65.26307,          NaN,         NaN
  1120.0,  3.408143E-2,    83.49600,  1.615873E-1,    70.36473, 1.180656E-11,    65.59769,          NaN,         NaN
  1125.0,  3.986108E-2,    84.22342,  1.931807E-1,    71.05685, 1.418128E-11,    63.14426,          NaN,         NaN
  1130.0,  4.238896E-2,    84.90942,  2.070182E-1,    71.69038, 5.184688E-12,    62.15108,          NaN,         NaN
  1135.0,  3.997952E-2,    85.46518,  2.036544E-1,    72.18558, 7.161080E-12,    61.73369,          NaN,         NaN
  1140.0,  3.765065E-2,    86.09782,  1.968217E-1,    72.77929, 6.652214E-12,    60.70758,          NaN,         NaN
  1145.0,  3.327514E-2,    86.82274,  1.788213E-1,    73.46248, 1.075844E-11,    60.54092,          NaN,         NaN
  1150.0,  2.057030E-2,    87.69551,  1.154215E-1,    74.27956, 8.044048E-12,    61.59700,          NaN,         NaN
  1155.0,  1.024539E-2,    88.00141,  5.984439E-2,    74.55016, 8.665675E-12,    61.37435,          NaN,         NaN
  1160.0,  1.577853E-3,    89.74471,  1.016968E-2,    75.99439, 6.922251E-12,    61.33850,          NaN,         NaN
  1165.0,  6.614911E-4,    91.23976,  2.842520E-3,    76.83847, 9.252983E-12,    61.84224,          NaN,         NaN
  1170.0,  1.522949E-2,    91.55769,  8.874198E-2,    77.93543, 1.024674E-11,    62.10342,          NaN,         NaN
  1175.0,  2.654478E-2,    92.69445,  1.604611E-1,    79.03978, 5.530820E-12,    60.97783,          NaN,         NaN
  1180.0,  2.981437E-2,    93.52661,  1.823937E-1,    79.85954, 6.987801E-12,    62.05736,          NaN,         NaN
  1185.0,  3.106219E-2,    94.18905,  1.954136E-1,    80.46919, 1.429027E-11,    60.52842,          NaN,         NaN
  1190.0,  2.897176E-2,    94.72626,  1.888125E-1,    80.97726, 1.486432E-11,    59.31431,          NaN,         NaN
  1195.0,  2.761306E-2,    95.33396,  1.831375E-1,    81.54103, 7.162318E-12,    58.57175,          NaN,         NaN
  1200.0,  2.401722E-2,    95.98196,  1.629320E-1,    82.14848, 6.697027E-12,    58.56142,          NaN,         NaN
  1205.0,  1.046848E-2,    96.71190,  7.514129E-2,    82.85988, 1.229795E-11,    58.58265,          NaN,         NaN
  1210.0,  8.204685E-3,    95.43235,  5.595958E-2,    81.49337, 7.268809E-12,    58.15750,          NaN,         NaN
  1215.0,  1.835547E-2,    96.05159,  1.347064E-1,    82.09682, 1.201238E-11,    59.35115,          NaN,         NaN
  1220.0,  1.899470E-2,    96.73632,  1.415430E-1,    82.76772, 8.461053E-12,    60.45907,          NaN,         NaN
  1225.0,  1.276613E-2,    97.51123,  9.803584E-2,    83.51963, 1.367947E-11,    60.41928,          NaN,         NaN
  1230.0,  6.395076E-3,    96.68009,  4.668427E-2,    82.58657, 1.035374E-11,    62.29584,          NaN,         NaN
  1235.0,  1.646893E-2,    96.98148,  1.292856E-1,    82.86309, 7.283131E-12,    62.92956,          NaN,         NaN
  1240.0,  1.906964E-2,    97.56199,  1.555086E-1,    83.42108, 8.185974E-12,    64.10680,          NaN,         NaN
  1245.0,  2.053671E-2,    98.01359,  1.664700E-1,    83.83306, 8.802869E-12,    64.42724,          NaN,         NaN
  1250.0,  2.023187E-2,    98.43978,  1.678158E-1,    84.20774, 7.523150E-12,    63.04686,          NaN,         NaN
  1255.0,  2.081023E-2,    98.87895,  1.759641E-1,    84.60361, 1.162223E-11,    62.28518,          NaN,         NaN
  1260.0,  1.983295E-2,    99.22480,  1.742273E-1,    84.89611, 9.366620E-12,    62.87915,          NaN,         NaN
  1265.0,  1.861323E-2,    99.61777,  1.684445E-1,    85.26378, 5.321066E-12,    62.54795,          NaN,         NaN
  1270.0,  1.945754E-2,    99.99667,  1.776556E-1,    85.60755, 6.113601E-12,    62.58832,          NaN,         NaN
  1275.0,  1.826884E-2,   100.30368,  1.688891E-1,    85.86035, 9.347647E-12,    62.56355,          NaN,         NaN
  1280.0,  1.804142E-2,   100.72657,  1.716056E-1,    86.22635, 1.360079E-11,    64.03079,          NaN,         NaN
  1285.0,  1.814381E-2,   101.06450,  1.798018E-1,    86.51805, 1.179955E-11,    62.15056,          NaN,         NaN
  1290.0,  1.696670E-2,   101.42796,  1.714714E-1,    86.83322, 7.732837E-12,    60.60317,          NaN,         NaN
  1295.0,  1.562412E-2,   101.84679,  1.654075E-1,    87.21961, 9.847160E-12,    61.15989,          NaN,         NaN
  1300.0,  1.623169E-2,   102.10631,  1.754719E-1,    87.45312, 7.781673E-12,    61.18337,          NaN,         NaN
  1305.0,  1.513727E-2,   102.45862,  1.684577E-1,    87.78777, 7.855949E-12,    60.10468,          NaN,         NaN
  1310.0,  1.471471E-2,   102.86334,  1.693271E-1,    88.15021, 9.888641E-12,    59.55348,          NaN,         NaN
  1315.0,  1.487572E-2,   103.20502,  1.691226E-1,    88.46360, 5.810694E-12,    59.12881,          NaN,         NaN
  1320.0,  1.231682E-2,   103.60604,  1.410813E-1,    88.82155, 1.276893E-11,    58.85739,          NaN,         NaN
  1325.0,  1.227551E-2,   103.78905,  1.465021E-1,    88.94053, 7.480448E-12,    59.63675,          NaN,         NaN
  1330.0,  1.257273E-2,   104.13555,  1.568344E-1,    89.24944, 8.626647E-12,    59.23477,          NaN,         NaN
  1335.0,  1.246150E-2,   104.54577,  1.564264E-1,    89.61329, 1.073400E-11,    57.07555,          NaN,         NaN
  1340.0,  1.209314E-2,   104.91336,  1.555877E-1,    89.94736, 8.847635E-12,    58.18283,          NaN,         NaN
  1345.0,  1.146932E-2,   105.23157,  1.543795E-1,    90.23165, 6.947934E-12,    59.09583,          NaN,         NaN
  1350.0,  1.075541E-2,   105.60908,  1.447867E-1,    90.57883, 8.635454E-12,    58.31692,          NaN,         NaN
  1355.0,  1.077235E-2,   105.93385,  1.497088E-1,    90.86424, 1.029483E-11,    59.30194,          NaN,         NaN
  1360.0,  1.004525E-2,   106.28567,  1.437200E-1,    91.16298, 1.584991E-11,    58.46091,          NaN,         NaN
  1365.0,  9.536647E-3,   106.66448,  1.396348E-1,    91.52404, 8.819640E-12,    60.19406,          NaN,         NaN
  1370.0,  1.006057E-2,   107.03681,  1.474637E-1,    91.83703, 5.771530E-12,    61.43537,          NaN,         NaN
  1375.0,  8.767236E-3,   107.43496,  1.341720E-1,    92.18282, 1.590037E-11,    62.69766,          NaN,         NaN
  1380.0,  8.378594E-3,   107.78288,  1.354014E-1,    92.52194, 1.015470E-11,    61.92848,          NaN,         NaN
  1385.0,  8.605820E-3,   108.20013,  1.381876E-1,    92.89192, 1.139603E-11,    60.16219,          NaN,         NaN
  1390.0,  7.741121E-3,   108.65677,  1.267745E-1,    93.31385, 7.549359E-12,    61.95939,          NaN,         NaN
  1395.0,  7.259845E-3,   109.22042,  1.248684E-1,    93.83564, 7.711188E-12,    62.00784,          NaN,         NaN
  1400.0,  5.662951E-3,   109.86017,  1.019989E-1,    94.43841, 1.125560E-11,    62.89459,          NaN,         NaN
  1405.0,  2.502964E-3,   110.88681,  5.090742E-2,    95.51289, 9.936172E-12,    63.90764,          NaN,         NaN
  1410.0,  3.690513E-4,   109.51307,  1.318725E-3,    95.08251, 1.441016E-11,    64.53928,          NaN,         NaN
  1415.0,  1.275718E-3,   107.76384,  2.990648E-2,    98.19675, 1.100678E-11,    64.73563,          NaN,         NaN
  1420.0,  4.367662E-3,   108.78186,  8.939023E-2,    99.41922, 1.201497E-11,    65.53689,          NaN,         NaN
  1425.0,  5.859157E-3,   109.56062,  1.137510E-1,   100.16091, 8.955366E-12,    66.42150,          NaN,         NaN
  1430.0,  5.933887E-3,   110.12065,  1.196153E-1,   100.69809, 1.393531E-11,    66.53185,          NaN,         NaN
  1435.0,  6.025547E-3,   110.62514,  1.226193E-1,   101.14649, 1.048625E-11,    66.97603,          NaN,         NaN
  1440.0,  5.704983E-3,   111.10437,  1.230724E-1,   101.56470, 8.865222E-12,    67.26183,          NaN,         NaN
  1445.0,  5.381223E-3,   111.41174,  1.228041E-1,   101.88098, 1.310534E-11,    67.88414,          NaN,         NaN
  1450.0,  5.577262E-3,   111.85374,  1.248415E-1,   102.30904, 6.131373E-12,    67.92689,          NaN,         NaN
  1455.0,  5.335039E-3,   112.23320,  1.209759E-1,   102.62548, 7.377606E-12,    68.39169,          NaN,         NaN
  1460.0,  4.991270E-3,   112.61308,  1.161057E-1,   102.96278, 8.409226E-12,    69.28652,          NaN,         NaN
  1465.0,  4.772171E-3,   112.98184,  1.173808E-1,   103.30393, 5.437095E-12,    69.16921,          NaN,         NaN
  1470.0,  4.734235E-3,   113.33326,  1.180139E-1,   103.61231, 7.581756E-12,    69.39316,          NaN,         NaN
  1475.0,  4.166769E-3,   113.78028,  1.119027E-1,   103.97063, 1.062687E-11,    70.68781,          NaN,         NaN
  1480.0,  4.257092E-3,   114.16079,  1.111558E-1,   104.31257, 7.628789E-12,    71.69320,          NaN,         NaN
  1485.0,  3.846324E-3,   114.39488,  1.065521E-1,   104.59344, 6.265240E-12,    71.01821,          NaN,         NaN
  1490.0,  3.406327E-3,   114.76718,  1.011975E-1,   104.91176, 1.824689E-11,    70.07384,          NaN,         NaN
  1495.0,  3.493196E-3,   115.09528,  1.077892E-1,   105.21747, 6.779783E-12,    70.51397,          NaN,         NaN
  1500.0,  3.418220E-3,   115.37108,  1.013514E-1,   105.49723, 1.099684E-11,    71.21893,          NaN,         NaN
  1505.0,  3.089398E-3,   115.80273,  9.896777E-2,   105.87652, 8.645924E-12,    71.10200,          NaN,         NaN
  1510.0,  3.226913E-3,   116.06589,  1.019320E-1,   106.14271, 9.733905E-12,    70.77477,          NaN,         NaN
  1515.0,  3.133705E-3,   116.34944,  9.687097E-2,   106.44196, 1.008264E-11,    71.41483,          NaN,         NaN
  1520.0,  3.105312E-3,   116.85144,  9.933451E-2,   106.80221, 8.576909E-12,    71.62118,          NaN,         NaN
  1525.0,  3.161764E-3,   117.17956,  9.957357E-2,   107.09670, 9.230128E-12,    71.81842,          NaN,         NaN
  1530.0,  2.867993E-3,   117.59750,  9.583467E-2,   107.44195, 7.195005E-12,    72.21286,          NaN,         NaN
  1535.0,  2.795902E-3,   117.96180,  9.556500E-2,   107.80558, 6.941326E-12,    72.20998,          NaN,         NaN
  1540.0,  2.543498E-3,   118.25171,  9.225395E-2,   108.08958, 1.128910E-11,    72.33865,          NaN,         NaN
  1545.0,  2.404805E-3,   118.58854,  9.001796E-2,   108.37553, 1.249655E-11,    72.49841,          NaN,         NaN
  1550.0,  2.752799E-3,   118.94930,  9.524245E-2,   108.73912, 1.101766E-11,    72.88014,          NaN,         NaN
  1555.0,  2.484695E-3,   119.38284,  9.089110E-2,   109.07003, 1.006365E-11,    73.86989,          NaN,         NaN
  1560.0,  2.296920E-3,   119.83936,  8.850419E-2,   109.46025, 1.360669E-11,    72.93979,          NaN,         NaN
  1565.0,  2.225541E-3,   120.23280,  9.181865E-2,   109.79242, 6.469946E-12,    73.30991,          NaN,         NaN
  1570.0,  2.058233E-3,   120.55316,  8.762395E-2,   110.13934, 9.041425E-12,    73.78977,          NaN,         NaN
  1575.0,  1.756515E-3,   120.95291,  8.594378E-2,   110.53583, 1.085174E-11,    75.38825,          NaN,         NaN
  1580.0,  1.807885E-3,   121.40618,  8.421842E-2,   110.94889, 1.344630E-11,    76.96758,          NaN,         NaN
  1585.0,  1.723784E-3,   121.65388,  7.999344E-2,   111.35850, 8.612696E-12,    76.65137,          NaN,         NaN
  1590.0,  1.688175E-3,   122.34295,  7.340913E-2,   111.90231, 6.762050E-12,    76.31636,          NaN,         NaN
  1595.0,  1.179561E-3,   122.89278,  5.986538E-2,   112.48680, 8.597721E-12,    75.20478,          NaN,         NaN
  1600.0,  4.844916E-4,   123.19702,  1.951743E-2,   113.20671, 6.197850E-12,    76.35762,          NaN,         NaN
  1605.0,  5.965217E-4,   122.24085,  2.064278E-2,   111.32588, 7.791111E-12,    76.17425,          NaN,         NaN
  1610.0,  1.104015E-3,   122.84158,  5.486928E-2,   112.02881, 8.224824E-12,    76.79791,          NaN,         NaN
  1615.0,  1.281265E-3,   123.33724,  6.287402E-2,   112.70845, 8.913479E-12,    76.91052,          NaN,         NaN
  1620.0,  1.273400E-3,   124.07865,  6.743037E-2,   113.28645, 7.186968E-12,    76.22607,          NaN,         NaN
  1625.0,  1.215284E-3,   124.47502,  6.747941E-2,   113.80289, 1.485316E-11,    75.65370,          NaN,         NaN
  1630.0,  1.045168E-3,   125.01572,  6.353374E-2,   114.38751, 8.460079E-12,    75.36037,          NaN,         NaN
  1635.0,  1.051478E-3,   125.62334,  6.202994E-2,   115.00637, 8.215035E-12,    75.24481,          NaN,         NaN
  1640.0,  8.449197E-4,   126.34938,  5.667993E-2,   115.68130, 1.408718E-11,    74.47219,          NaN,         NaN
  1645.0,  5.667122E-4,   127.20926,  4.734170E-2,   116.59063, 5.236229E-12,    74.31662,          NaN,         NaN
  1650.0,  2.391426E-4,   128.58486,  3.566166E-2,   117.71292, 1.267106E-11,    75.63051,          NaN,         NaN
  1655.0,  2.631730E-4,   130.65541,  1.246072E-2,   119.49780, 1.017859E-11,    77.84971,          NaN,         NaN
  1660.0,  2.955557E-4,   131.56229,  9.699539E-4,   119.22046, 5.880049E-12,    75.95457,          NaN,         NaN
  1665.0,  2.466791E-4,   132.25529,  5.226682E-4,   119.64174, 9.433950E-12,    74.57985,          NaN,         NaN
  1670.0,  2.007442E-4,   132.34071,  6.239916E-4,   119.83451, 1.496474E-11,    73.33877,          NaN,         NaN
  1675.0,  1.892670E-4,   132.78460,  1.387923E-3,   121.15476, 9.307726E-12,    75.31266,          NaN,         NaN
  1680.0,  3.418143E-4,   133.32119,  1.532159E-2,   124.10637, 1.089009E-11,    77.32393,          NaN,         NaN
  1685.0,  1.110296E-4,   135.72092,  3.040310E-2,   125.97009, 1.307753E-11,    78.54181,          NaN,         NaN
  1690.0,  2.965396E-4,   138.22997,  3.997711E-2,   127.31550, 7.857624E-12,    79.83849,          NaN,         NaN
  1695.0,  4.755335E-4,   139.16201,  4.135929E-2,   128.41058, 7.671107E-12,    78.90841,          NaN,         NaN
  1700.0,  6.148335E-4,   140.29495,  3.634663E-2,   129.62079, 9.001854E-12,    79.93595,          NaN,         NaN
  1705.0,  3.913173E-4,   141.14133,  2.545343E-2,   131.05779, 8.370739E-12,    80.23922,          NaN,         NaN
  1710.0,  2.938940E-4,   141.59198,  5.791237E-3,   133.25355, 1.273919E-11,    80.30197,          NaN,         NaN
  1715.0,  2.700805E-4,   141.49573,  7.815303E-4,   132.94413, 9.735194E-12,    81.04449,          NaN,         NaN
  1720.0,  2.826684E-4,   142.12579,  7.995642E-4,   134.70849, 5.974262E-12,    81.00737,          NaN,         NaN
  1725.0,  3.435764E-4,   142.33982,  1.175727E-2,   132.67934, 7.144341E-12,    80.81198,          NaN,         NaN
  1730.0,  2.989326E-4,   143.33707,  2.949049E-2,   134.58313, 4.713023E-12,    81.46863,          NaN,         NaN
  1735.0,  2.906193E-4,   143.81811,  4.037660E-2,   135.72066, 1.093803E-11,    81.31089,          NaN,         NaN
  1740.0,  1.213767E-4,   144.67010,  4.348097E-2,   136.55480, 1.101035E-11,    80.38845,          NaN,         NaN
  1745.0,  1.002579E-4,   145.90708,  4.712639E-2,   137.28595, 8.775499E-12,    80.76846,          NaN,         NaN
  1750.0,  5.954952E-5,   147.09918,  4.657961E-2,   137.88821, 6.900260E-12,    79.66648,          NaN,         NaN
  1755.0,  2.167556E-4,   148.00855,  4.173115E-2,   138.55819, 1.281350E-11,    78.76200,          NaN,         NaN
  1760.0,  2.362961E-4,   149.49752,  2.600832E-2,   139.21841, 7.118862E-12,    77.91830,          NaN,         NaN
  1765.0,  2.297501E-4,   150.05656,  2.637759E-2,   138.61141, 9.458652E-12,    76.85758,          NaN,         NaN
  1770.0,  1.374929E-4,   150.92704,  3.979464E-2,   139.21300, 8.293687E-12,    77.38777,          NaN,         NaN
  1775.0,  8.621978E-5,   152.59235,  4.337194E-2,   139.79402, 9.183552E-12,    78.88576,          NaN,         NaN
  1780.0,  4.674119E-5,   153.07465,  4.227045E-2,   140.31324, 1.237097E-11,    79.59126,          NaN,         NaN
  1785.0,  1.215436E-4,   154.64094,  3.838231E-2,   140.94871, 7.127613E-12,    80.80709,          NaN,         NaN
  1790.0,  3.390283E-4,   155.96444,  2.867933E-2,   141.72165, 7.105402E-12,    80.97247,          NaN,         NaN
  1795.0,  2.052161E-4,   156.52051,  5.255614E-3,   141.84468, 9.911019E-12,    82.06662,          NaN,         NaN
  1800.0,  1.955103E-4,   157.82643,  1.309813E-2,   140.03330, 8.432691E-12,    81.34490,          NaN,         NaN
  1805.0,  1.310834E-4,   158.49952,  3.365633E-2,   140.85037, 1.154482E-11,    82.59594,          NaN,         NaN
  1810.0,  1.195528E-4,   158.99110,  3.904159E-2,   141.50884, 7.839648E-12,    83.42823,          NaN,         NaN
  1815.0,  6.362734E-5,   160.96352,  4.192227E-2,   142.03952, 1.661483E-11,    84.78616,          NaN,         NaN
  1820.0,  4.756477E-5,   162.05436,  4.344287E-2,   142.48639, 8.230380E-12,    83.78931,          NaN,         NaN
  1825.0,  8.491102E-5,   162.70387,  4.244739E-2,   142.92788, 6.968415E-12,    83.86530,          NaN,         NaN
  1830.0,  1.192671E-4,   162.65552,  4.227917E-2,   143.37877, 6.694235E-12,    84.32485,          NaN,         NaN
  1835.0,  9.427999E-5,   162.34045,  4.149970E-2,   143.76614, 7.368367E-12,    85.08119,          NaN,         NaN
  1840.0,  9.651383E-5,   163.16066,  3.905976E-2,   144.22800, 4.893931E-12,    85.07157,          NaN,         NaN
  1845.0,  1.078133E-4,   162.99622,  3.920377E-2,   144.68175, 7.269737E-12,    86.27264,          NaN,         NaN
  1850.0,  2.337854E-4,   163.85248,  3.589925E-2,   145.18314, 7.252618E-12,    85.95068,          NaN,         NaN
  1855.0,  1.339042E-4,   164.63191,  3.155393E-2,   145.85812, 2.028558E-11,    87.34171,          NaN,         NaN
  1860.0,  1.412932E-4,   165.16728,  2.216606E-2,   146.75643, 1.459595E-11,    88.24117,          NaN,         NaN
  1865.0,  1.360455E-4,   165.42867,  3.004025E-3,   147.95621, 9.263261E-12,    89.61379,          NaN,         NaN
  1870.0,  1.259437E-4,   165.76168,  1.490764E-3,   148.88941, 1.485826E-11,    89.18009,          NaN,         NaN
  1875.0,  1.391279E-4,   165.93108,  1.837333E-2,   150.47409, 5.939399E-12,    88.63491,          NaN,         NaN
  1880.0,  8.087241E-5,   167.02934,  2.681289E-2,   151.47269, 8.533503E-12,    88.22777,          NaN,         NaN
  1885.0,  1.682765E-4,   166.84239,  2.963940E-2,   152.14601, 1.528161E-11,    88.22633,          NaN,         NaN
  1890.0,  8.556964E-5,   167.08320,  3.267875E-2,   152.65279, 7.855026E-12,    87.52514,          NaN,         NaN
  1895.0,  1.161743E-4,   167.39201,  3.233057E-2,   153.16829, 8.170005E-12,    86.39426,          NaN,         NaN
  1900.0,  7.433448E-5,   167.16443,  3.333544E-2,   153.68899, 1.151620E-11,    86.74040,          NaN,         NaN
  1905.0,  9.534296E-5,   167.96968,  3.116490E-2,   154.22905, 8.344618E-12,    86.51363,          NaN,         NaN
  1910.0,  1.514969E-4,   168.04567,  2.534599E-2,   154.96634, 1.282978E-11,    87.49673,          NaN,         NaN
  1915.0,  1.872673E-4,   169.23001,  1.085817E-2,   156.00640, 5.720051E-12,    87.99536,          NaN,         NaN
  1920.0,  1.599592E-4,   169.58950,  5.000344E-4,   154.84164, 1.353478E-11,    87.92828,          NaN,         NaN
  1925.0,  1.727077E-4,   169.88796,  1.513577E-2,   153.14789, 1.018910E-11,    86.78095,          NaN,         NaN
  1930.0,  9.038463E-5,   171.20341,  2.837998E-2,   154.13325, 9.860165E-12,    88.31139,          NaN,         NaN
  1935.0,  1.224517E-4,   170.75388,  3.278273E-2,   154.74038, 6.670190E-12,    88.54786,          NaN,         NaN
  1940.0,  1.023157E-4,   170.96472,  3.459823E-2,   155.27185, 1.218033E-11,    88.43706,          NaN,         NaN
  1945.0,  5.954644E-5,   172.72842,  3.611587E-2,   155.70894, 1.211542E-11,    88.81877,          NaN,         NaN
  1950.0,  7.447531E-5,   171.69728,  3.605122E-2,   156.10674, 1.416890E-11,    89.71496,          NaN,         NaN
  1955.0,  1.034754E-4,   171.72815,  3.636814E-2,   156.51001, 1.303001E-11,    90.62289,          NaN,         NaN
  1960.0,  7.474700E-5,   173.27534,  3.649244E-2,   156.85692, 6.815476E-12,    91.55003,          NaN,         NaN
  1965.0,  3.506539E-5,   172.20265,  3.575927E-2,   157.22973, 6.560923E-12,    91.30910,          NaN,         NaN
  1970.0,  5.825542E-5,   170.86368,  3.586442E-2,   157.60035, 7.719416E-12,    91.99964,          NaN,         NaN
  1975.0,  4.788540E-5,   172.10568,  3.584092E-2,   157.91545, 7.092851E-12,    90.88629,          NaN,         NaN
  1980.0,  8.818441E-5,   171.39266,  3.448476E-2,   158.28553, 9.098360E-12,    91.87543,          NaN,         NaN
  1985.0,  1.449935E-4,   171.34572,  3.508343E-2,   158.64750, 1.732226E-11,    90.63697,          NaN,         NaN
  1990.0,  1.119847E-4,   172.86930,  3.399199E-2,   158.96273, 7.517605E-12,    92.25308,          NaN,         NaN
  1995.0,  1.719178E-4,   173.30840,  3.310617E-2,   159.32952, 5.719628E-12,    92.32560,          NaN,         NaN
  2000.0,  6.809924E-5,   173.77758,  3.296778E-2,   159.67874, 9.476744E-12,    92.94416,          NaN,         NaN
  2005.0,  1.171313E-4,   173.38510,  3.185900E-2,   160.03124, 7.816669E-12,    92.74030,          NaN,         NaN
  2010.0,  1.240744E-4,   175.49832,  3.027405E-2,   160.44252, 1.090941E-11,    92.40145,          NaN,         NaN
  2015.0,  1.078537E-4,   174.49603,  2.504486E-2,   160.79689, 1.068254E-11,    92.60716,          NaN,         NaN
  2020.0,  4.195373E-5,   173.65546,  2.724911E-2,   160.93401, 1.111070E-11,    90.87750,          NaN,         NaN
  2025.0,  1.592911E-4,   174.68967,  2.848334E-2,   161.44810, 9.524060E-12,    91.85888,          NaN,         NaN
  2030.0,  1.160920E-4,   173.96020,  2.721677E-2,   161.95675, 6.061864E-12,    93.10138,          NaN,         NaN
  2035.0,  1.160232E-4,   175.17919,  1.894814E-2,   162.72366, 8.830535E-12,    91.90229,          NaN,         NaN
  2040.0,  1.081209E-4,   175.97206,  2.788513E-3,   162.85500, 1.004814E-11,    90.09181,          NaN,         NaN
  2045.0,  1.339907E-4,   176.37799,  1.400699E-2,   161.19827, 5.340061E-12,    89.53508,          NaN,         NaN
  2050.0,  1.402560E-4,   177.27929,  2.343407E-2,   162.03745, 8.817646E-12,    89.57846,          NaN,         NaN
  2055.0,  7.857392E-5,   177.11506,  2.663121E-2,   162.63893, 6.338587E-12,    89.73854,          NaN,         NaN
  2060.0,  6.395874E-5,   177.59243,  2.697949E-2,   163.15716, 8.497543E-12,    90.52861,          NaN,         NaN
  2065.0,  6.545346E-5,   176.28106,  2.518709E-2,   163.74614, 8.593537E-12,    90.37570,          NaN,         NaN
  2070.0,  1.376983E-4,   174.40840,  1.787630E-2,   164.44627, 6.029284E-12,    89.32270,          NaN,         NaN
  2075.0,  1.281967E-4,   175.38954,  5.078307E-3,   163.71930, 8.561685E-12,    89.39193,          NaN,         NaN
  2080.0,  1.135299E-4,   176.70672,  1.890952E-2,   163.71101, 8.392630E-12,    90.35313,          NaN,         NaN
  2085.0,  8.200982E-5,   177.26067,  2.472439E-2,   164.29660, 9.790158E-12,    89.33365,          NaN,         NaN
  2090.0,  7.498783E-5,   176.61945,  2.511790E-2,   164.79301, 1.053523E-11,    88.13879,          NaN,         NaN
  2095.0,  1.078135E-4,   177.32499,  2.569012E-2,   165.26382, 7.672583E-12,    88.88404,          NaN,         NaN
  2100.0,  4.744867E-5,   177.40470,  2.582367E-2,   165.65691, 1.196322E-11,    90.00622,          NaN,         NaN
  2105.0,  7.307214E-5,   178.08862,  2.446174E-2,   166.04513, 5.758587E-12,    90.38320,          NaN,         NaN
  2110.0,  6.891619E-5,   179.01520,  2.441756E-2,   166.47284, 1.094748E-11,    89.52160,          NaN,         NaN
  2115.0,  6.435321E-5,   179.05765,  2.439061E-2,   166.85015, 7.795121E-12,    89.25163,          NaN,         NaN
  2120.0,  6.615614E-5,   180.82245,  2.299456E-2,   167.26512, 1.275750E-11,    90.25696,          NaN,         NaN
  2125.0,  5.203351E-5,   178.69730,  2.294284E-2,   167.70454, 8.990269E-12,    88.28459,          NaN,         NaN
  2130.0,  5.923972E-5,   178.61965,  2.209277E-2,   168.11652, 9.327405E-12,    90.11954,          NaN,         NaN
  2135.0,  6.200189E-5,   179.73025,  2.095532E-2,   168.64125, 7.774077E-12,    91.33091,          NaN,         NaN
  2140.0,  4.431950E-5,   180.72916,  2.052208E-2,   169.17085, 1.251011E-11,    91.78438,          NaN,         NaN
  2145.0,  4.707205E-5,   180.24492,  1.819609E-2,   169.76567, 6.319416E-12,    92.19564,          NaN,         NaN
  2150.0,  8.205696E-5,   179.68207,  1.525236E-2,   170.60234, 1.187419E-11,    91.98545,          NaN,         NaN
  2155.0,  9.399517E-5,   181.06340,  9.799502E-3,   171.76898, 7.980071E-12,    92.28747,          NaN,         NaN
  2160.0,  4.228782E-5,   180.72017,  1.318718E-3,   173.50182, 1.267191E-11,    91.85371,          NaN,         NaN
  2165.0,  7.924296E-5,   181.21019,  2.339817E-4,   172.67986, 6.229821E-12,    93.09158,          NaN,         NaN
  2170.0,  5.341784E-5,   182.54933,  2.911370E-3,   173.14255, 1.294470E-11,    92.27690,          NaN,         NaN
  2175.0,  6.664048E-5,   183.29014,  9.825483E-3,   174.98440, 1.676770E-11,    92.59573,          NaN,         NaN
  2180.0,  7.537093E-5,   182.98359,  1.285560E-2,   176.34760, 1.031846E-11,    93.87507,          NaN,         NaN
  2185.0,  2.749502E-5,   182.64349,  1.183828E-2,   177.59588, 1.215648E-11,    93.72851,          NaN,         NaN
  2190.0,  5.216969E-5,   183.93227,  5.718168E-3,   179.25072, 5.628713E-12,    93.26228,          NaN,         NaN
  2195.0,  4.635975E-5,   182.61492,  4.281217E-4,   179.01296, 9.301845E-12,    92.26980,          NaN,         NaN
  2200.0,  2.478325E-5,   182.31737,  1.528039E-3,   180.42781, 7.014328E-12,    90.88527,          NaN,         NaN
  2205.0,  6.922354E-5,   183.18087,  8.204229E-3,   182.58696, 9.517938E-12,    88.89489,          NaN,         NaN
  2210.0,  5.389173E-5,   181.85134,  1.022823E-2,   184.26721, 1.065700E-11,    88.83648,          NaN,         NaN
  2215.0,  5.816161E-5,   183.59700,  5.917247E-3,   186.00465, 1.832278E-11,    90.55496,          NaN,         NaN
  2220.0,  1.028010E-4,   183.68918,  2.200819E-4,   185.09394, 6.690705E-12,    91.44459,          NaN,         NaN
  2225.0,  6.579135E-5,   183.51619,  1.112924E-3,   187.03341, 1.042842E-11,    91.61002,          NaN,         NaN
  2230.0,  6.564014E-5,   184.69226,  8.498278E-3,   189.10752, 1.099549E-11,    90.68835,          NaN,         NaN
  2235.0,  8.281577E-5,   185.65819,  1.287937E-2,   190.50935, 1.127185E-11,    92.45089,          NaN,         NaN
  2240.0,  9.558480E-5,   186.30331,  1.425422E-2,   191.52695, 4.818479E-12,    91.27720,          NaN,         NaN
  2245.0,  5.366555E-5,   187.87121,  1.261701E-2,   192.38054, 1.049022E-11,    92.44338,          NaN,         NaN
  2250.0,  8.017082E-5,   188.16541,  1.257816E-2,   193.40730, 1.359671E-11,    92.37246,          NaN,         NaN
  2255.0,  6.224162E-5,   189.29651,  8.125337E-3,   194.80595, 8.677368E-12,    93.04901,          NaN,         NaN
  2260.0,  6.010262E-5,   188.96626,  9.219035E-4,   196.90466, 1.202893E-11,    95.16997,          NaN,         NaN
  2265.0,  8.520338E-5,   190.32765,  2.058795E-4,   196.60673, 8.580948E-12,    96.16380,          NaN,         NaN
  2270.0,  1.210881E-4,   191.48860,  2.376886E-3,   195.32196, 1.216558E-11,    95.70131,          NaN,         NaN
  2275.0,  3.607853E-5,   192.61596,  9.376273E-3,   197.28947, 1.303417E-11,    95.28379,          NaN,         NaN
  2280.0,  6.416760E-5,   192.40837,  1.346707E-2,   198.46434, 8.619284E-12,    94.83411,          NaN,         NaN
  2285.0,  5.897374E-5,   192.68203,  1.527515E-2,   199.26561, 1.570187E-11,    94.87552,          NaN,         NaN
  2290.0,  7.791034E-5,   193.23705,  1.588533E-2,   199.93748, 1.527906E-11,    95.75823,          NaN,         NaN
  2295.0,  3.481351E-5,   194.18755,  1.643943E-2,   200.52108, 6.236690E-12,    95.99032,          NaN,         NaN
  2300.0,  5.416196E-5,   193.40980,  1.654039E-2,   201.04168, 7.440851E-12,    94.79908,          NaN,         NaN
  2305.0,  6.703381E-5,   195.36386,  1.633815E-2,   201.57564, 7.339123E-12,    93.62355,          NaN,         NaN
  2310.0,  8.537204E-5,   196.51246,  1.614693E-2,   202.07838, 8.228293E-12,    91.85167,          NaN,         NaN
  2315.0,  6.451841E-5,   198.61402,  1.414959E-2,   202.59968, 8.027458E-12,    91.06239,          NaN,         NaN
  2320.0,  5.351077E-5,   200.85110,  1.252159E-2,   202.81608, 6.051682E-12,    92.29758,          NaN,         NaN
  2325.0,  5.057723E-5,   201.09333,  1.477810E-2,   203.32052, 5.630416E-12,    93.01760,          NaN,         NaN
  2330.0,  4.643926E-5,   202.58571,  1.400100E-2,   203.90646, 1.153016E-11,    92.93264,          NaN,         NaN
  2335.0,  5.520078E-5,   204.00688,  1.246900E-2,   204.63795, 1.066478E-11,    91.61655,          NaN,         NaN
  2340.0,  6.751522E-5,   206.05429,  7.368464E-3,   205.61360, 1.099160E-11,    92.49103,          NaN,         NaN
  2345.0,  4.498099E-5,   205.79878,  5.123964E-4,   204.40475, 9.355902E-12,    93.77622,          NaN,         NaN
  2350.0,  6.725349E-5,   207.51487,  7.684066E-3,   204.18921, 2.052340E-11,    95.25882,          NaN,         NaN
  2355.0,  5.708952E-5,   207.70682,  1.009636E-2,   205.27300, 8.307646E-12,    96.30276,          NaN,         NaN
  2360.0,  4.845309E-5,   208.86433,  7.860066E-3,   206.36834, 1.353294E-11,    98.10656,          NaN,         NaN
  2365.0,  2.416348E-5,   209.29201,  1.250849E-3,   207.00732, 8.648673E-12,    98.54786,          NaN,         NaN
  2370.0,  4.641269E-5,   209.12249,  4.414911E-3,   205.23716, 8.142540E-12,    98.10376,          NaN,         NaN
  2375.0,  7.997803E-5,   208.94009,  8.059902E-3,   206.59356, 6.293082E-12,    98.20125,          NaN,         NaN
  2380.0,  7.247670E-5,   210.22560,  7.107529E-3,   207.89809, 8.684420E-12,    98.89076,          NaN,         NaN
  2385.0,  3.930442E-5,   210.19834,  2.409810E-3,   209.67199, 9.347811E-12,    98.25459,          NaN,         NaN
  2390.0,  4.649596E-5,   211.23074,  1.792994E-4,   209.13331, 8.191191E-12,    96.79965,          NaN,         NaN
  2395.0,  7.162953E-5,   211.46264,  2.718241E-4,   208.07761, 9.997934E-12,    97.48736,          NaN,         NaN
  2400.0,  1.230488E-4,   212.41798,  4.230143E-3,   210.31038, 7.345793E-12,    97.40535,          NaN,         NaN
  2405.0,  4.578057E-5,   212.09353,  7.522741E-3,   211.79053, 1.015543E-11,    97.44551,          NaN,         NaN
  2410.0,  4.556906E-5,   212.70582,  9.294091E-3,   212.74524, 7.277483E-12,    97.84598,          NaN,         NaN
  2415.0,  7.431892E-5,   211.36125,  1.002730E-2,   213.48086, 6.654753E-12,    96.59470,          NaN,         NaN
  2420.0,  4.843974E-5,   212.98856,  1.027083E-2,   214.14998, 7.278173E-12,    98.17295,          NaN,         NaN
  2425.0,  8.362897E-5,   213.97797,  9.456652E-3,   214.82030, 5.796669E-12,    98.10039,          NaN,         NaN
  2430.0,  1.006458E-4,   215.57301,  7.560278E-3,   215.00445, 1.544991E-11,    97.03259,          NaN,         NaN
  2435.0,  6.060639E-5,   216.82496,  9.864657E-3,   215.60977, 9.192975E-12,    96.43186,          NaN,         NaN
  2440.0,  4.687409E-5,   217.63461,  9.667258E-3,   216.27902, 6.417789E-12,    97.10518,          NaN,         NaN
  2445.0,  3.388784E-5,   217.11775,  7.836504E-3,   217.05930, 1.096477E-11,    97.69246,          NaN,         NaN
  2450.0,  6.495954E-5,   216.17940,  7.132377E-3,   217.72988, 6.679777E-12,    96.74997,          NaN,         NaN
  2455.0,  6.921804E-5,   217.37216,  4.349557E-3,   219.20824, 1.625081E-11,    97.82646,          NaN,         NaN
  2460.0,  5.201975E-5,   217.84442,  2.502417E-4,   221.08251, 1.217779E-11,    97.21581,          NaN,         NaN
  2465.0,  6.223254E-5,   218.15920,  1.354993E-4,   221.80765, 5.120079E-12,    96.72498,          NaN,         NaN
  2470.0,  6.419620E-5,   219.23063,  2.942011E-3,   219.95351, 1.033298E-11,    97.25183,          NaN,         NaN
  2475.0,  8.750573E-5,   218.98366,  7.200350E-3,   221.64589, 1.199258E-11,    98.12343,          NaN,         NaN
  2480.0,  9.634947E-5,   219.15095,  9.264183E-3,   222.63477, 1.041986E-11,    99.58602,          NaN,         NaN
  2485.0,  1.070855E-4,   219.64651,  1.026282E-2,   223.37060, 9.351821E-12,   100.19298,          NaN,         NaN
  2490.0,  9.972162E-5,   220.32050,  1.103118E-2,   223.98393, 1.165948E-11,    98.34641,          NaN,         NaN
  2495.0,  5.041780E-5,   221.31716,  1.131779E-2,   224.51493, 1.058863E-11,    98.29425,          NaN,         NaN
  2500.0,  5.373513E-5,   221.07068,  1.113762E-2,   225.02013, 1.117563E-11,    98.24030,          NaN,         NaN
  2505.0,  4.063155E-5,   220.52209,  1.135963E-2,   225.49010, 1.740547E-11,    99.38321,          NaN,         NaN
  2510.0,  4.278325E-5,   221.69934,  1.135922E-2,   225.91384, 7.791894E-12,    98.98969,          NaN,         NaN
  2515.0,  6.220382E-5,   221.03484,  1.116950E-2,   226.35242, 5.457692E-12,    97.68848,          NaN,         NaN
  2520.0,  6.816463E-5,   221.41490,  1.125138E-2,   226.78328, 1.295337E-11,    98.19941,          NaN,         NaN
  2525.0,  2.590861E-5,   223.07830,  1.116708E-2,   227.19608, 8.483639E-12,    99.63931,          NaN,         NaN
  2530.0,  7.512114E-5,   222.14697,  1.083962E-2,   227.62174, 1.235070E-11,   100.37068,          NaN,         NaN
  2535.0,  2.759926E-5,   222.43673,  1.076629E-2,   228.00527, 1.149441E-11,   100.08793,          NaN,         NaN
  2540.0,  6.500050E-5,   223.27325,  1.054317E-2,   228.42672, 9.291962E-12,    99.86567,          NaN,         NaN
  2545.0,  5.856988E-5,   223.18341,  1.046574E-2,   228.85229, 7.631830E-12,   100.39461,          NaN,         NaN
  2550.0,  6.466398E-5,   221.83042,  1.034734E-2,   229.24145, 1.123691E-11,   101.34498,          NaN,         NaN
  2555.0,  5.950029E-5,   222.98569,  9.980586E-3,   229.68530, 5.313258E-12,   100.95499,          NaN,         NaN
  2560.0,  9.544745E-5,   223.09717,  9.910892E-3,   230.17797, 5.009003E-12,   102.10459,          NaN,         NaN
  2565.0,  6.357517E-5,   223.84869,  8.376913E-3,   230.66871, 7.922882E-12,   100.87723,          NaN,         NaN
  2570.0,  7.437091E-5,   224.98845,  8.161379E-3,   230.75961, 4.719162E-12,    99.89082,          NaN,         NaN
  2575.0,  8.209634E-5,   225.31418,  9.373357E-3,   231.28932, 1.064426E-11,   101.11583,          NaN,         NaN
  2580.0,  6.092731E-5,   226.28941,  9.724681E-3,   231.80142, 1.845084E-11,   100.73458,          NaN,         NaN
  2585.0,  5.642690E-5,   226.37765,  9.556394E-3,   232.36707, 1.046111E-11,    98.42855,          NaN,         NaN
  2590.0,  4.214025E-5,   226.84385,  9.341009E-3,   232.93978, 7.848828E-12,    99.05964,          NaN,         NaN
  2595.0,  9.245725E-5,   226.34707,  9.061593E-3,   233.54662, 7.429337E-12,    98.94052,          NaN,         NaN
  2600.0,  4.203826E-5,   227.95048,  8.647927E-3,   234.24952, 9.826904E-12,    97.75731,          NaN,         NaN
  2605.0,  5.393790E-5,   228.72314,  8.214792E-3,   235.04021, 9.775447E-12,    96.20791,          NaN,         NaN
  2610.0,  3.943206E-5,   228.18247,  7.201312E-3,   235.98181, 9.862196E-12,    96.58445,          NaN,         NaN
  2615.0,  8.485240E-5,   227.67461,  5.877289E-3,   237.20813, 5.155269E-12,    96.04745,          NaN,         NaN
  2620.0,  3.976297E-5,   227.76531,  3.975029E-3,   238.82440, 8.579162E-12,    95.35742,          NaN,         NaN
  2625.0,  2.407443E-5,   227.38458,  1.526867E-3,   241.16866, 1.308783E-11,    97.16068,          NaN,         NaN
  2630.0,  2.660885E-5,   227.40281,  2.020924E-4,   239.89528, 9.321774E-12,    97.45338,          NaN,         NaN
  2635.0,  5.986748E-5,   227.35523,  1.839937E-4,   241.89397, 1.145620E-11,    98.63959,          NaN,         NaN
  2640.0,  8.949618E-5,   228.31880,  1.224238E-4,   242.04707, 1.861966E-11,   100.03586,          NaN,         NaN
  2645.0,  7.586280E-5,   228.91101,  1.190373E-4,   242.32103, 6.397892E-12,    99.36313,          NaN,         NaN
  2650.0,  4.028380E-5,   229.93083,  2.699603E-4,   242.54354, 1.535142E-11,    98.97310,          NaN,         NaN
  2655.0,  4.614533E-5,   229.28940,  1.290717E-3,   240.02730, 7.849221E-12,    97.14246,          NaN,         NaN
  2660.0,  4.876465E-5,   230.44358,  2.006590E-3,   242.74263, 5.299776E-12,    97.63691,          NaN,         NaN
  2665.0,  2.918050E-5,   230.62331,  6.849164E-4,   243.00397, 1.248276E-11,    98.99583,          NaN,         NaN
  2670.0,  3.322479E-5,   231.26465,  3.545894E-3,   244.00147, 6.602852E-12,    98.81679,          NaN,         NaN
  2675.0,  6.558153E-5,   230.94735,  4.491713E-3,   245.49378, 1.005669E-11,   100.07795,          NaN,         NaN
  2680.0,  4.408760E-5,   231.32676,  3.404712E-3,   246.91164, 1.145904E-11,   100.68295,          NaN,         NaN
  2685.0,  7.652535E-5,   231.78816,  2.774265E-4,   247.70461, 9.428511E-12,   101.03222,          NaN,         NaN
  2690.0,  8.764583E-5,   231.97744,  2.467806E-3,   245.53399, 6.428432E-12,   101.69952,          NaN,         NaN
  2695.0,  7.402807E-5,   232.72304,  5.217911E-3,   246.83120, 6.230330E-12,   101.59391,          NaN,         NaN
  2700.0,  8.544411E-5,   233.21149,  6.157987E-3,   247.74319, 5.669253E-12,   100.60617,          NaN,         NaN
  2705.0,  8.455189E-5,   234.11775,  6.745932E-3,   248.48591, 9.649991E-12,    99.48641,          NaN,         NaN
  2710.0,  6.787040E-5,   234.48685,  6.963323E-3,   249.15234, 1.251067E-11,    98.59775,          NaN,         NaN
  2715.0,  9.046635E-5,   234.55759,  7.085938E-3,   249.79794, 1.267288E-11,    96.37343,          NaN,         NaN
  2720.0,  6.839451E-5,   233.90470,  7.181501E-3,   250.42601, 7.499283E-12,    96.10545,          NaN,         NaN
  2725.0,  7.515395E-5,   234.74250,  7.077704E-3,   251.08696, 1.162802E-11,    94.19374,          NaN,         NaN
  2730.0,  9.023422E-5,   235.34276,  7.051386E-3,   251.77224, 6.234768E-12,    94.44080,          NaN,         NaN
  2735.0,  4.422154E-5,   237.54194,  6.783863E-3,   252.45890, 7.285864E-12,    95.60756,          NaN,         NaN
  2740.0,  5.238767E-5,   237.22522,  6.098663E-3,   253.25168, 1.113200E-11,    96.89749,          NaN,         NaN
  2745.0,  4.407973E-5,   236.74411,  5.630988E-3,   254.09532, 9.825950E-12,    97.26825,          NaN,         NaN
  2750.0,  4.881469E-5,   237.23257,  4.884752E-3,   255.14948, 9.313591E-12,    98.50309,          NaN,         NaN
  2755.0,  9.939827E-5,   237.43343,  3.379981E-3,   256.55049, 8.041076E-12,   100.04889,          NaN,         NaN
  2760.0,  4.426366E-5,   237.52509,  1.640916E-3,   258.64860, 1.114198E-11,    99.47579,          NaN,         NaN
  2765.0,  3.916718E-5,   238.82569,  2.624159E-4,   256.22241, 5.439872E-12,   100.57391,          NaN,         NaN
  2770.0,  5.084909E-5,   238.47171,  1.071493E-4,   254.65426, 8.333135E-12,   101.41637,          NaN,         NaN
  2775.0,  6.665340E-5,   239.05947,  1.547799E-4,   255.80524, 8.848046E-12,   100.88521,          NaN,         NaN
  2780.0,  2.894417E-5,   239.90706,  9.432810E-5,   256.87001, 8.549038E-12,   101.04066,          NaN,         NaN
  2785.0,  3.696937E-5,   239.53541,  6.235910E-4,   258.59978, 2.178811E-11,   101.38891,          NaN,         NaN
  2790.0,  4.158455E-5,   239.02367,  2.238834E-3,   261.35123, 7.947212E-12,   100.57125,          NaN,         NaN
  2795.0,  9.527287E-5,   240.37943,  3.663971E-3,   263.10331, 7.775973E-12,   100.68685,          NaN,         NaN
  2800.0,  1.026394E-4,   240.90324,  4.534031E-3,   264.34093, 1.625294E-11,   101.51673,          NaN,         NaN
  2805.0,  8.315849E-5,   240.92761,  5.239309E-3,   265.28803, 1.321414E-11,   103.47597,          NaN,         NaN
  2810.0,  8.130048E-5,   242.12304,  5.633754E-3,   266.09866, 1.914870E-11,   102.35775,          NaN,         NaN
  2815.0,  8.142395E-5,   243.22515,  5.997014E-3,   266.84855, 6.671685E-12,   102.00440,          NaN,         NaN
  2820.0,  1.196922E-4,   241.87597,  6.435756E-3,   267.50222, 9.611878E-12,   102.49795,          NaN,         NaN
  2825.0,  4.156496E-5,   242.80769,  6.539886E-3,   268.12124, 1.860353E-11,   102.59693,          NaN,         NaN
  2830.0,  8.366604E-5,   243.61123,  6.836187E-3,   268.71454, 1.303836E-11,   103.18310,          NaN,         NaN
  2835.0,  7.063003E-5,   243.15056,  6.804219E-3,   269.28879, 1.383461E-11,   103.69391,          NaN,         NaN
  2840.0,  5.003402E-5,   243.74465,  6.825906E-3,   269.88651, 1.095575E-11,   101.78804,          NaN,         NaN
  2845.0,  4.089339E-5,   243.15140,  6.998524E-3,   270.44933, 6.554743E-12,   101.70470,          NaN,         NaN
  2850.0,  5.719524E-5,   243.32393,  6.804436E-3,   271.01176, 1.072919E-11,   101.10112,          NaN,         NaN
  2855.0,  5.770059E-5,   243.61679,  6.844118E-3,   271.66723, 1.127078E-11,   102.35041,          NaN,         NaN
  2860.0,  6.072840E-5,   244.47979,  6.708477E-3,   272.33927, 1.077987E-11,   100.56327,          NaN,         NaN
  2865.0,  7.663879E-5,   245.70650,  6.103282E-3,   273.14134, 8.637725E-12,   101.61295,          NaN,         NaN
  2870.0,  4.625231E-5,   246.26292,  4.745756E-3,   274.21395, 4.179670E-12,   101.07799,          NaN,         NaN
  2875.0,  8.862751E-5,   246.46844,  1.739369E-3,   275.90651, 1.383553E-11,   101.39162,          NaN,         NaN
  2880.0,  5.788059E-5,   247.39683,  1.792853E-4,   275.17175, 6.852366E-12,   100.54820,          NaN,         NaN
  2885.0,  7.420216E-5,   249.08571,  1.282740E-4,   274.51320, 1.225486E-11,    99.42526,          NaN,         NaN
  2890.0,  3.790465E-5,   247.71008,  2.132220E-3,   276.99413, 9.277272E-12,    99.87336,          NaN,         NaN
  2895.0,  4.512071E-5,   247.42808,  4.202174E-3,   278.63511, 4.548033E-12,    99.05845,          NaN,         NaN
  2900.0,  5.246739E-5,   247.43857,  5.101285E-3,   279.63300, 9.113979E-12,    97.64608,          NaN,         NaN
  2905.0,  2.697072E-5,   246.23710,  5.501716E-3,   280.40434, 1.182264E-11,    98.63875,          NaN,         NaN
  2910.0,  3.863047E-5,   245.01852,  5.668902E-3,   281.11873, 6.344604E-12,    99.14118,          NaN,         NaN
  2915.0,  4.799298E-5,   246.83846,  5.734042E-3,   281.77534, 8.000886E-12,    99.08647,          NaN,         NaN
  2920.0,  4.766369E-5,   245.72665,  5.559772E-3,   282.39402, 7.680027E-12,    97.11025,          NaN,         NaN
  2925.0,  3.684752E-5,   246.09117,  5.428659E-3,   283.05181, 1.028275E-11,    95.80015,          NaN,         NaN
  2930.0,  8.855187E-5,   246.22016,  5.390758E-3,   283.73481, 7.863253E-12,    93.96417,          NaN,         NaN
  2935.0,  3.203734E-5,   247.27601,  5.046033E-3,   284.44899, 7.611427E-12,    94.05305,          NaN,         NaN
  2940.0,  4.292213E-5,   248.18939,  4.594917E-3,   285.24364, 7.090148E-12,    93.28638,          NaN,         NaN
  2945.0,  4.633612E-5,   248.61329,  4.205959E-3,   286.19679, 1.602958E-11,    94.86304,          NaN,         NaN
  2950.0,  2.784456E-5,   249.14384,  3.394524E-3,   287.41096, 8.020190E-12,    93.74090,          NaN,         NaN
  2955.0,  3.984211E-5,   248.80129,  2.104880E-3,   289.09275, 7.609377E-12,    94.10988,          NaN,         NaN
  2960.0,  4.033347E-5,   249.41068,  5.309598E-4,   291.65265, 8.199174E-12,    93.53793,          NaN,         NaN
  2965.0,  5.460999E-5,   249.64174,  1.189405E-4,   290.79264, 1.229334E-11,    93.91067,          NaN,         NaN
  2970.0,  2.451684E-5,   249.12785,  5.440278E-5,   290.71178, 1.129617E-11,    95.66074,          NaN,         NaN
  2975.0,  4.348482E-5,   248.78293,  4.974845E-5,   291.10307, 1.011800E-11,    96.59979,          NaN,         NaN
  2980.0,  5.411865E-5,   249.24788,  6.114185E-4,   292.84740, 1.652162E-11,    97.62016,          NaN,         NaN
  2985.0,  3.593261E-5,   250.47124,  1.694937E-3,   295.81401, 8.136535E-12,    99.20040,          NaN,         NaN
  2990.0,  6.384125E-5,   249.94044,  1.865093E-3,   298.10224, 7.195735E-12,    99.36582,          NaN,         NaN
  2995.0,  4.567405E-5,   250.24512,  1.186837E-3,   300.69690, 7.635494E-12,    99.39085,          NaN,         NaN
  3000.0,  8.501472E-5,   250.73983,  4.220456E-4,   302.99528, 8.651941E-12,   100.14720,          NaN,         NaN
  3005.0,  3.029874E-5,   250.79876,  6.126779E-5,   300.88073, 8.532296E-12,    98.37534,          NaN,         NaN
  3010.0,  3.345197E-5,   251.18763,  6.218410E-5,   298.56146, 6.546765E-12,    98.59258,          NaN,         NaN
  3015.0,  5.410093E-5,   250.99867,  1.058571E-4,   298.46574, 7.859447E-12,    99.01342,          NaN,         NaN
  3020.0,  5.239508E-5,   249.33847,  2.099546E-4,   299.83293, 8.418301E-12,    98.08047,          NaN,         NaN
  3025.0,  2.206359E-5,   249.50772,  5.872069E-4,   299.83253, 1.286640E-11,    96.48198,          NaN,         NaN
  3030.0,  3.080851E-5,   250.03960,  1.334949E-3,   297.05819, 1.039479E-11,    97.60293,          NaN,         NaN
  3035.0,  4.504487E-5,   250.96713,  1.644181E-3,   299.75720, 8.740917E-12,    97.01618,          NaN,         NaN
  3040.0,  4.095136E-5,   249.90032,  4.296460E-4,   302.17731, 8.359356E-12,    98.12678,          NaN,         NaN
  3045.0,  8.740690E-5,   247.98240,  1.308533E-4,   301.56889, 7.832832E-12,    98.95306,          NaN,         NaN
  3050.0,  2.183194E-5,   249.18547,  1.442012E-3,   299.34771, 1.202921E-11,    98.17365,          NaN,         NaN
  3055.0,  6.030603E-5,   250.24948,  3.006590E-3,   301.04889, 1.071894E-11,    98.34723,          NaN,         NaN
  3060.0,  4.408027E-5,   249.74957,  3.698702E-3,   302.18348, 1.463824E-11,    99.27862,          NaN,         NaN
  3065.0,  3.858351E-5,   249.43725,  4.106927E-3,   303.08273, 4.981903E-12,    99.31191,          NaN,         NaN
  3070.0,  3.645684E-5,   247.81584,  4.297549E-3,   303.87411, 6.698133E-12,    99.52410,          NaN,         NaN
  3075.0,  4.074293E-5,   248.57012,  4.431915E-3,   304.62375, 7.794152E-12,    98.28955,          NaN,         NaN
  3080.0,  7.601684E-5,   247.42572,  4.441248E-3,   305.31470, 6.266924E-12,    97.96452,          NaN,         NaN
  3085.0,  3.435926E-5,   247.14670,  4.541742E-3,   305.99293, 9.934969E-12,    97.44007,          NaN,         NaN
  3090.0,  3.280509E-5,   246.89020,  4.536115E-3,   306.64008, 1.874199E-11,    96.97671,          NaN,         NaN
  3095.0,  6.097322E-5,   246.47471,  4.446914E-3,   307.34021, 1.040483E-11,    95.80890,          NaN,         NaN
  3100.0,  4.184006E-5,   248.01851,  4.432036E-3,   308.02568, 5.843513E-12,    95.04435,          NaN,         NaN
  3105.0,  6.634163E-5,   249.73203,  4.367174E-3,   308.79525, 5.843081E-12,    96.05978,          NaN,         NaN
  3110.0,  5.824209E-5,   251.18642,  4.048365E-3,   309.66951, 7.776927E-12,    96.07204,          NaN,         NaN
  3115.0,  6.366181E-5,   252.13884,  3.450565E-3,   310.76271, 7.692500E-12,    94.66457,          NaN,         NaN
  3120.0,  8.504171E-5,   252.43940,  2.316704E-3,   312.11743, 6.083180E-12,    93.81413,          NaN,         NaN
  3125.0,  2.838293E-5,   253.67729,  3.473123E-4,   313.99310, 5.063154E-12,    93.74512,          NaN,         NaN
  3130.0,  5.635849E-5,   253.94390,  1.072638E-4,   313.50342, 7.768065E-12,    93.77421,          NaN,         NaN
  3135.0,  6.518836E-5,   252.58327,  3.706623E-5,   312.87586, 1.603539E-11,    93.09281,          NaN,         NaN
  3140.0,  3.312595E-5,   252.99204,  4.617369E-5,   312.51040, 6.363170E-12,    93.94800,          NaN,         NaN
  3145.0,  2.470685E-5,   253.45146,  1.208302E-3,   313.22345, 9.224802E-12,    92.81996,          NaN,         NaN
  3150.0,  3.002335E-5,   253.73087,  1.827643E-3,   315.48293, 8.870675E-12,    92.86118,          NaN,         NaN
  3155.0,  6.502505E-5,   252.02500,  1.708769E-3,   317.48461, 6.975814E-12,    91.78622,          NaN,         NaN
  3160.0,  2.551266E-5,   251.42107,  5.784098E-4,   320.16755, 9.133468E-12,    93.13519,          NaN,         NaN
  3165.0,  5.133528E-5,   250.95898,  2.095467E-4,   320.03116, 9.642798E-12,    93.59299,          NaN,         NaN
  3170.0,  6.264138E-5,   249.71285,  2.140110E-4,   320.78293, 1.052030E-11,    93.77594,          NaN,         NaN
  3175.0,  2.884435E-5,   248.96879,  8.426395E-4,   319.75048, 1.148754E-11,    93.68563,          NaN,         NaN
  3180.0,  3.249447E-5,   249.64188,  7.289801E-4,   322.10884, 7.771349E-12,    93.79496,          NaN,         NaN
  3185.0,  2.862266E-5,   249.03433,  1.135946E-3,   320.92206, 1.044937E-11,    93.09565,          NaN,         NaN
  3190.0,  2.427729E-5,   249.20929,  2.873768E-3,   322.41607, 7.924244E-12,    92.53449,          NaN,         NaN
  3195.0,  3.562107E-5,   249.78769,  3.332638E-3,   323.47066, 7.175398E-12,    92.59712,          NaN,         NaN
  3200.0,  7.806683E-5,   249.82528,  3.488448E-3,   324.34863, 8.708861E-12,    93.16817,          NaN,         NaN
  3205.0,  2.716015E-5,   250.21720,  3.019472E-3,   325.34171, 7.565605E-12,    92.13228,          NaN,         NaN
  3210.0,  4.421750E-5,   250.88549,  8.319225E-4,   326.07222, 1.360787E-11,    90.78242,          NaN,         NaN
  3215.0,  6.266188E-5,   251.94176,  2.555529E-3,   325.56097, 8.082552E-12,    90.84192,          NaN,         NaN
  3220.0,  5.871181E-5,   253.00750,  2.794840E-3,   326.73340, 6.293143E-12,    90.30269,          NaN,         NaN
  3225.0,  3.182224E-5,   253.47263,  1.566401E-3,   328.16937, 1.526800E-11,    90.19977,          NaN,         NaN
  3230.0,  2.688581E-5,   252.69562,  6.339533E-5,   327.80533, 8.967933E-12,    91.30705,          NaN,         NaN
  3235.0,  2.991853E-5,   252.72728,  1.338549E-3,   327.39670, 8.848921E-12,    90.56465,          NaN,         NaN
  3240.0,  3.171840E-5,   252.36651,  2.859175E-3,   328.86576, 1.169655E-11,    89.64208,          NaN,         NaN
  3245.0,  6.529457E-5,   253.50251,  3.310918E-3,   329.73480, 9.765798E-12,    90.31280,          NaN,         NaN
  3250.0,  6.112368E-5,   253.32287,  3.618205E-3,   330.36683, 1.390763E-11,    92.07534,          NaN,         NaN
  3255.0,  2.925372E-5,   252.06626,  3.666379E-3,   330.92133, 7.785292E-12,    93.16353,          NaN,         NaN
  3260.0,  4.042923E-5,   251.42740,  3.650943E-3,   331.46297, 8.728254E-12,    92.78722,          NaN,         NaN
  3265.0,  2.849987E-5,   252.60178,  3.611118E-3,   331.96116, 5.106050E-12,    91.13363,          NaN,         NaN
  3270.0,  4.108068E-5,   253.36337,  3.620866E-3,   332.40313, 1.074695E-11,    91.18566,          NaN,         NaN
  3275.0,  7.196408E-5,   254.16363,  3.500077E-3,   332.85623, 7.918044E-12,    92.96556,          NaN,         NaN
  3280.0,  2.503506E-5,   253.45106,  3.502014E-3,   333.34476, 1.315113E-11,    93.32365,          NaN,         NaN
  3285.0,  4.866212E-5,   254.27795,  3.547125E-3,   333.80290, 1.124221E-11,    91.68385,          NaN,         NaN
  3290.0,  4.918092E-5,   253.67194,  3.422524E-3,   334.27529, 1.590020E-11,    90.06681,          NaN,         NaN
  3295.0,  3.224536E-5,   253.53633,  3.259667E-3,   334.77980, 9.837232E-12,    89.17889,          NaN,         NaN
  3300.0,  3.826828E-5,   252.83012,  3.205545E-3,   335.29615, 6.461768E-12,    88.36600,          NaN,         NaN
  3305.0,  3.622298E-5,   252.98544,  3.096776E-3,   335.88655, 1.026090E-11,    89.96305,          NaN,         NaN
  3310.0,  7.148154E-5,   253.72760,  2.929163E-3,   336.60433, 7.508794E-12,    90.42343,          NaN,         NaN
  3315.0,  3.603966E-5,   251.55273,  2.414263E-3,   337.49161, 7.131368E-12,    90.33069,          NaN,         NaN
  3320.0,  4.849527E-5,   253.42071,  1.545514E-3,   338.72258, 9.013090E-12,    90.68176,          NaN,         NaN
  3325.0,  4.259863E-5,   252.82657,  2.905179E-4,   340.69505, 1.285493E-11,    90.33489,          NaN,         NaN
  3330.0,  3.979556E-5,   253.29876,  1.139400E-4,   340.03794, 8.652554E-12,    91.43345,          NaN,         NaN
  3335.0,  5.539919E-5,   253.46148,  6.501616E-5,   340.97306, 1.216910E-11,    92.08776,          NaN,         NaN
  3340.0,  3.633778E-5,   254.43854,  7.797281E-4,   339.75270, 9.041080E-12,    93.75816,          NaN,         NaN
  3345.0,  4.397345E-5,   254.69960,  1.934963E-3,   341.51110, 7.950989E-12,    93.49637,          NaN,         NaN
  3350.0,  3.154182E-5,   254.31197,  2.575325E-3,   342.63707, 8.688305E-12,    93.22525,          NaN,         NaN
  3355.0,  2.196523E-5,   255.19625,  2.954580E-3,   343.47803, 1.325658E-11,    92.85678,          NaN,         NaN
  3360.0,  4.150438E-5,   255.67676,  3.250535E-3,   344.12142, 1.864043E-11,    94.48211,          NaN,         NaN
  3365.0,  5.245679E-5,   255.75992,  3.352814E-3,   344.69177, 8.195336E-12,    95.61759,          NaN,         NaN
  3370.0,  4.195008E-5,   256.71177,  3.386636E-3,   345.22546, 7.118710E-12,    95.43911,          NaN,         NaN
  3375.0,  5.444505E-5,   258.17963,  3.463212E-3,   345.71412, 1.023198E-11,    96.44448,          NaN,         NaN
  3380.0,  4.340115E-5,   257.92144,  3.532101E-3,   346.16449, 1.329056E-11,    94.51365,          NaN,         NaN
  3385.0,  5.041867E-5,   259.36077,  3.489251E-3,   346.59325, 9.624097E-12,    92.28705,          NaN,         NaN
  3390.0,  3.701088E-5,   261.00993,  3.513244E-3,   346.99247, 5.199155E-12,    91.10541,          NaN,         NaN
  3395.0,  5.061240E-5,   261.20901,  3.635743E-3,   347.42670, 1.141118E-11,    90.66417,          NaN,         NaN
  3400.0,  4.673379E-5,   261.57856,  3.534225E-3,   347.83741, 7.259370E-12,    89.81831,          NaN,         NaN
  3405.0,  2.922663E-5,   261.01541,  3.454084E-3,   348.22110, 8.579479E-12,    91.33641,          NaN,         NaN
  3410.0,  6.058204E-5,   260.68256,  3.471723E-3,   348.63445, 8.519206E-12,    89.63205,          NaN,         NaN
  3415.0,  9.190727E-5,   258.97454,  3.445773E-3,   349.00436, 1.120058E-11,    88.01713,          NaN,         NaN
  3420.0,  5.048986E-5,   260.55848,  3.445263E-3,   349.40210, 1.034730E-11,    87.42620,          NaN,         NaN
  3425.0,  3.171352E-5,   261.09108,  3.322214E-3,   349.78718, 1.041958E-11,    86.20270,          NaN,         NaN
  3430.0,  3.381530E-5,   261.80240,  3.396762E-3,   350.14643, 1.130249E-11,    86.52128,          NaN,         NaN
  3435.0,  5.164864E-5,   260.90197,  3.371759E-3,   350.55536, 1.427330E-11,    88.93362,          NaN,         NaN
  3440.0,  5.175915E-5,   261.56252,  3.337818E-3,   350.91949, 1.143626E-11,    90.60236,          NaN,         NaN
  3445.0,  3.805870E-5,   262.58423,  3.287730E-3,   351.33380, 6.910655E-12,    91.91465,          NaN,         NaN
  3450.0,  5.883371E-5,   262.88431,  3.220521E-3,   351.71151, 7.166945E-12,    91.24109,          NaN,         NaN
  3455.0,  4.816613E-5,   263.80522,  3.189302E-3,   352.10400, 5.703627E-12,    91.50957,          NaN,         NaN
  3460.0,  8.575659E-5,   264.08402,  3.208773E-3,   352.49179, 6.922957E-12,    92.96797,          NaN,         NaN
  3465.0,  6.768908E-5,   264.24611,  3.071559E-3,   352.90868, 9.560869E-12,    92.54510,          NaN,         NaN
  3470.0,  7.864591E-5,   263.38833,  3.109765E-3,   353.32350, 7.076342E-12,    91.33428,          NaN,         NaN
  3475.0,  9.938965E-5,   265.85454,  2.993727E-3,   353.72093, 1.072213E-11,    89.81829,          NaN,         NaN
  3480.0,  5.014712E-5,   266.79324,  2.902646E-3,   354.19398, 9.860521E-12,    90.75151,          NaN,         NaN
  3485.0,  3.523954E-5,   268.15637,  2.856209E-3,   354.69478, 1.530522E-11,    88.80464,          NaN,         NaN
  3490.0,  3.443005E-5,   268.45207,  2.437394E-3,   355.35948, 7.492204E-12,    90.28728,          NaN,         NaN
  3495.0,  2.640420E-5,   269.22651,  6.611348E-4,   356.04450, 6.451312E-12,    89.81712,          NaN,         NaN
  3500.0,  4.472918E-5,   269.92718,  1.796690E-3,   354.97120, 5.941298E-12,    90.99669,          NaN,         NaN
  3505.0,  3.461387E-5,   269.59232,  2.258221E-3,   355.75882, 1.755278E-11,    90.67387,          NaN,         NaN
  3510.0,  4.376864E-5,   268.83563,  1.876014E-3,   356.10712, 7.139172E-12,    92.87444,          NaN,         NaN
  3515.0,  6.189813E-5,   269.41442,  2.414121E-3,   356.62522, 6.517446E-12,    91.74698,          NaN,         NaN
  3520.0,  3.092335E-5,   269.34277,  2.381968E-3,   357.30360, 1.137645E-11,    92.58577,          NaN,         NaN
  3525.0,  2.837842E-5,   269.51698,  2.120916E-3,   358.06264, 8.609378E-12,    93.34058,          NaN,         NaN
  3530.0,  9.128274E-5,   271.22390,  1.448560E-3,   359.18414, 1.588192E-11,    92.28398,          NaN,         NaN
  3535.0,  5.309514E-5,   272.95191,  3.929729E-5,   361.50684, 9.558675E-12,    93.70951,          NaN,         NaN
  3540.0,  8.186875E-5,   273.58967,  4.148982E-4,   361.89868, 1.209549E-11,    95.79403,          NaN,         NaN
  3545.0,  4.403494E-5,   275.45382,  1.709062E-3,   363.44649, 9.355483E-12,    95.97939,          NaN,         NaN
  3550.0,  2.636235E-5,   275.47048,  2.071411E-3,   364.44093, 6.367595E-12,    94.84739,          NaN,         NaN
  3555.0,  3.537556E-5,   276.67478,  2.187497E-3,   365.18119, 8.008239E-12,    95.22057,          NaN,         NaN
  3560.0,  4.515686E-5,   275.53427,  2.160750E-3,   365.86934, 1.221818E-11,    94.75238,          NaN,         NaN
  3565.0,  4.726269E-5,   275.60267,  2.101619E-3,   366.56559, 6.323754E-12,    94.76569,          NaN,         NaN
  3570.0,  4.997382E-5,   275.64687,  2.011675E-3,   367.25191, 9.874473E-12,    95.92066,          NaN,         NaN
  3575.0,  4.670158E-5,   277.05401,  1.847915E-3,   368.04448, 1.001539E-11,    95.38870,          NaN,         NaN
  3580.0,  6.198970E-5,   275.67034,  1.704384E-3,   369.01495, 1.426280E-11,    94.07471,          NaN,         NaN
  3585.0,  6.564995E-5,   276.22920,  1.351119E-3,   370.23351, 1.245461E-11,    95.44162,          NaN,         NaN
  3590.0,  3.801765E-5,   277.37139,  8.253899E-4,   372.07150, 7.941025E-12,    95.38924,          NaN,         NaN
  3595.0,  6.226785E-5,   277.67975,  4.494973E-5,   372.72294, 7.970476E-12,    96.53521,          NaN,         NaN
  3600.0,  5.840732E-5,   278.58389,  1.501625E-4,   373.71521, 9.842005E-12,    95.22229,          NaN,         NaN
  3605.0,  4.466324E-5,   279.93630,  1.137169E-4,   375.16243, 7.721451E-12,    94.50206,          NaN,         NaN
  3610.0,  4.285292E-5,   280.07294,  3.445189E-4,   373.24772, 5.375735E-12,    95.31180,          NaN,         NaN
  3615.0,  4.839356E-5,   279.82983,  2.552383E-4,   372.75970, 8.502872E-12,    96.18833,          NaN,         NaN
  3620.0,  3.998704E-5,   280.95797,  1.112596E-3,   374.65003, 1.380054E-11,    95.68580,          NaN,         NaN
  3625.0,  4.596706E-5,   282.06632,  1.197313E-3,   376.42575, 7.116804E-12,    97.41034,          NaN,         NaN
  3630.0,  3.527510E-5,   282.21401,  1.089017E-3,   378.11050, 4.007913E-12,    97.16760,          NaN,         NaN
  3635.0,  5.238192E-5,   283.64155,  7.886795E-4,   380.11801, 8.110897E-12,    96.96958,          NaN,         NaN
  3640.0,  2.985111E-5,   283.22616,  3.910350E-4,   382.58434, 7.404483E-12,    98.16785,          NaN,         NaN
  3645.0,  2.962398E-5,   284.51423,  1.159310E-4,   381.11740, 1.025842E-11,    96.94879,          NaN,         NaN
  3650.0,  3.310252E-5,   285.23710,  7.260160E-5,   381.70911, 1.147214E-11,    95.51367,          NaN,         NaN
  3655.0,  3.117862E-5,   286.73310,  5.114700E-5,   382.43098, 1.214740E-11,    93.69043,          NaN,         NaN
  3660.0,  3.732575E-5,   287.55529,  1.262850E-4,   382.68958, 5.782574E-12,    93.81486,          NaN,         NaN
  3665.0,  5.524488E-5,   286.19697,  1.252008E-4,   382.56463, 8.765327E-12,    92.97762,          NaN,         NaN
  3670.0,  4.567442E-5,   284.85081,  4.267446E-4,   380.52784, 7.467318E-12,    91.97866,          NaN,         NaN
  3675.0,  6.057179E-5,   284.39055,  7.789339E-4,   383.14566, 7.467964E-12,    92.98167,          NaN,         NaN
  3680.0,  5.492271E-5,   284.25112,  6.958159E-4,   385.25947, 1.306442E-11,    92.96054,          NaN,         NaN
  3685.0,  3.892316E-5,   285.47294,  6.713868E-4,   385.57673, 7.646148E-12,    93.45269,          NaN,         NaN
  3690.0,  3.660215E-5,   286.00783,  3.515709E-4,   387.50983, 1.244616E-11,    92.86156,          NaN,         NaN
  3695.0,  5.219511E-5,   285.82648,  8.445524E-4,   386.41216, 1.131944E-11,    94.19933,          NaN,         NaN
  3700.0,  6.970486E-5,   284.00494,  1.389476E-3,   387.78605, 7.265193E-12,    94.89772,          NaN,         NaN
  3705.0,  3.093230E-5,   283.06397,  1.475595E-3,   388.70435, 7.576016E-12,    95.10774,          NaN,         NaN
  3710.0,  3.317058E-5,   282.96676,  1.655329E-3,   389.47818, 1.043143E-11,    95.94644,          NaN,         NaN
  3715.0,  5.123121E-5,   281.78118,  1.663275E-3,   390.23055, 1.114334E-11,    94.08797,          NaN,         NaN
  3720.0,  6.456505E-5,   282.64470,  1.346362E-3,   390.94453, 1.015086E-11,    95.32759,          NaN,         NaN
  3725.0,  4.456861E-5,   283.16018,  1.511221E-3,   391.33055, 1.470822E-11,    94.01416,          NaN,         NaN
  3730.0,  6.128333E-5,   284.60860,  1.591428E-3,   392.02593, 1.424035E-11,    92.68591,          NaN,         NaN
  3735.0,  5.216502E-5,   285.09645,  1.494650E-3,   392.72702, 1.493834E-11,    94.97493,          NaN,         NaN
  3740.0,  2.509639E-5,   284.14004,  1.383527E-3,   393.05602, 1.130284E-11,    93.62824,          NaN,         NaN
  3745.0,  5.523487E-5,   282.97000,  1.559343E-3,   393.72785, 1.259985E-11,    92.42348,          NaN,         NaN
  3750.0,  3.950005E-5,   282.08244,  1.560390E-3,   394.39135, 1.374115E-11,    90.49065,          NaN,         NaN
  3755.0,  9.497836E-5,   282.92678,  1.521597E-3,   395.04234, 6.575306E-12,    88.86970,          NaN,         NaN
  3760.0,  6.270238E-5,   283.49290,  1.466360E-3,   395.74895, 7.199920E-12,    90.80982,          NaN,         NaN
  3765.0,  3.886805E-5,   284.74634,  1.408527E-3,   396.53059, 1.038788E-11,    90.66822,          NaN,         NaN
  3770.0,  4.674337E-5,   285.05792,  1.227955E-3,   397.35086, 5.673450E-12,    90.49409,          NaN,         NaN
  3775.0,  3.852157E-5,   286.12621,  1.218802E-3,   398.37106, 6.758835E-12,    90.64842,          NaN,         NaN
  3780.0,  2.789581E-5,   285.93884,  9.673392E-4,   399.60827, 1.049457E-11,    89.94089,          NaN,         NaN
  3785.0,  2.548741E-5,   285.20537,  6.738294E-4,   401.34705, 6.479067E-12,    90.57889,          NaN,         NaN
  3790.0,  4.206413E-5,   284.88443,  3.005519E-4,   403.73739, 8.646204E-12,    90.19571,          NaN,         NaN
  3795.0,  4.089473E-5,   286.18318,  4.901981E-5,   404.18338, 8.531030E-12,    88.55732,          NaN,         NaN
  3800.0,  5.504546E-5,   286.08932,  8.025607E-5,   403.62950, 1.140337E-11,    88.82205,          NaN,         NaN
  3805.0,  2.840657E-5,   284.59393,  3.126215E-5,   404.15844, 1.196312E-11,    90.15615,          NaN,         NaN
  3810.0,  4.161281E-5,   283.98013,  6.838468E-5,   404.80315, 7.094649E-12,    89.26761,          NaN,         NaN
  3815.0,  6.163247E-5,   282.51578,  3.667962E-5,   404.90524, 1.340764E-11,    89.38196,          NaN,         NaN
  3820.0,  4.925832E-5,   283.59063,  1.354741E-4,   402.96998, 1.044536E-11,    88.69114,          NaN,         NaN
  3825.0,  4.306604E-5,   285.06254,  4.343836E-4,   404.94492, 9.565586E-12,    88.88568,          NaN,         NaN
  3830.0,  7.098350E-5,   286.13767,  5.823971E-4,   406.75911, 7.967812E-12,    87.30648,          NaN,         NaN
  3835.0,  6.499131E-5,   287.30697,  7.163561E-4,   408.35093, 9.119648E-12,    88.42191,          NaN,         NaN
  3840.0,  4.734751E-5,   289.03263,  8.024411E-4,   409.44909, 7.734208E-12,    89.57298,          NaN,         NaN
  3845.0,  7.974918E-5,   288.98546,  8.416089E-4,   410.47593, 7.286417E-12,    89.89975,          NaN,         NaN
  3850.0,  3.273470E-5,   289.50416,  7.516413E-4,   411.65339, 5.676320E-12,    89.20539,          NaN,         NaN
  3855.0,  4.788843E-5,   291.42224,  1.739121E-4,   412.76512, 8.027098E-12,    90.23626,          NaN,         NaN
  3860.0,  5.502966E-5,   290.71966,  6.606960E-4,   411.38602, 1.003400E-11,    91.81660,          NaN,         NaN
  3865.0,  4.824513E-5,   289.56805,  9.178197E-4,   412.44075, 4.637461E-12,    92.45760,          NaN,         NaN
  3870.0,  4.564572E-5,   289.67385,  9.790175E-4,   413.10064, 8.868608E-12,    92.09234,          NaN,         NaN
  3875.0,  3.989489E-5,   290.37238,  1.048074E-3,   413.80511, 1.415724E-11,    90.34241,          NaN,         NaN
  3880.0,  5.972920E-5,   290.61362,  1.109993E-3,   414.45341, 6.525954E-12,    89.71142,          NaN,         NaN
  3885.0,  2.952461E-5,   291.15445,  1.131269E-3,   415.03496, 7.301160E-12,    89.41846,          NaN,         NaN
  3890.0,  5.764336E-5,   291.25450,  1.107820E-3,   415.53269, 1.574010E-11,    90.24037,          NaN,         NaN
  3895.0,  5.354483E-5,   289.61863,  1.083810E-3,   416.16580, 8.169394E-12,    89.61515,          NaN,         NaN
  3900.0,  4.828484E-5,   290.24521,  1.135919E-3,   416.74026, 7.789253E-12,    88.59851,          NaN,         NaN
  3905.0,  6.429310E-5,   291.77920,  1.100047E-3,   417.34730, 1.223544E-11,    88.15620,          NaN,         NaN
  3910.0,  2.921552E-5,   291.69107,  1.116516E-3,   418.01444, 1.078116E-11,    88.25064,          NaN,         NaN
  3915.0,  4.226975E-5,   293.05858,  9.927746E-4,   418.76155, 1.142756E-11,    87.97814,          NaN,         NaN
  3920.0,  3.172929E-5,   293.01851,  6.756860E-4,   419.62060, 1.226660E-11,    87.05331,          NaN,         NaN
  3925.0,  5.995569E-5,   292.80325,  5.006578E-4,   419.16460, 4.745126E-12,    86.52632,          NaN,         NaN
  3930.0,  6.268553E-5,   293.90805,  7.909727E-4,   420.20807, 7.583090E-12,    86.60781,          NaN,         NaN
  3935.0,  5.579057E-5,   295.31680,  7.490074E-4,   421.31282, 1.063935E-11,    86.61476,          NaN,         NaN
  3940.0,  2.984620E-5,   295.34615,  6.229224E-4,   422.50596, 1.122215E-11,    85.44755,          NaN,         NaN
  3945.0,  7.929625E-5,   295.69972,  2.241778E-4,   424.64736, 8.560293E-12,    86.82825,          NaN,         NaN
  3950.0,  2.186780E-5,   296.00101,  6.354065E-5,   423.66271, 5.367230E-12,    86.51357,          NaN,         NaN
  3955.0,  4.852061E-5,   296.44278,  5.680352E-5,   422.57947, 9.735815E-12,    87.04769,          NaN,         NaN
  3960.0,  3.947139E-5,   294.50914,  1.193883E-4,   422.91335, 7.605905E-12,    85.43949,          NaN,         NaN
  3965.0,  4.812843E-5,   295.11902,  1.715273E-4,   421.46001, 9.811551E-12,    83.60114,          NaN,         NaN
  3970.0,  4.260130E-5,   293.87076,  5.143033E-5,   420.58908, 1.239180E-11,    82.65558,          NaN,         NaN
  3975.0,  2.663395E-5,   294.25470,  4.204045E-5,   419.34242, 9.615236E-12,    82.06139,          NaN,         NaN
  3980.0,  3.275238E-5,   294.69489,  2.993001E-5,   420.26174, 8.756652E-12,    81.82559,          NaN,         NaN
  3985.0,  6.355243E-5,   295.64001,  4.862662E-5,   421.44708, 8.765658E-12,    83.74816,          NaN,         NaN
  3990.0,  3.676865E-5,   296.40873,  1.102463E-4,   422.87394, 7.483537E-12,    83.04413,          NaN,         NaN
  3995.0,  3.373097E-5,   295.07093,  1.567521E-4,   424.36452, 5.873906E-12,    83.33163,          NaN,         NaN
  4000.0,  5.729765E-5,   295.86236,  4.596987E-5,   425.75496, 7.685377E-12,    83.09359,          NaN,         NaN
  4005.0,  5.693866E-5,   297.36956,  1.739792E-4,   424.56407, 1.000852E-11,    83.06240,          NaN,         NaN
  4010.0,  5.963156E-5,   299.37269,  4.514602E-4,   425.85327, 1.431304E-11,    84.27161,          NaN,         NaN
  4015.0,  2.384720E-5,   298.91894,  4.973186E-4,   426.98972, 1.097267E-11,    86.25158,          NaN,         NaN
  4020.0,  5.106744E-5,   299.90151,  5.312036E-4,   427.73761, 9.597461E-12,    85.87036,          NaN,         NaN
  4025.0,  2.135180E-5,   300.85410,  5.554815E-4,   428.30620, 6.287907E-12,    86.80334,          NaN,         NaN
  4030.0,  6.031148E-5,   300.18402,  6.632889E-4,   429.01614, 1.909823E-11,    85.02619,          NaN,         NaN
  4035.0,  2.345928E-5,   300.63914,  6.298995E-4,   429.63246, 1.318922E-11,    86.69925,          NaN,         NaN
  4040.0,  5.756579E-5,   300.45426,  6.549125E-4,   430.14312, 1.036514E-11,    88.51337,          NaN,         NaN
  4045.0,  6.240537E-5,   302.21428,  6.062570E-4,   430.68870, 1.126662E-11,    86.61458,          NaN,         NaN
  4050.0,  5.083738E-5,   302.35399,  5.588574E-4,   431.27039, 1.037187E-11,    85.13499,          NaN,         NaN
  4055.0,  5.052782E-5,   303.57551,  4.741330E-4,   431.55610, 1.314051E-11,    85.25968,          NaN,         NaN
  4060.0,  5.206873E-5,   304.21132,  5.779357E-4,   432.07835, 7.715117E-12,    86.04588,          NaN,         NaN
  4065.0,  6.023282E-5,   303.33574,  6.163368E-4,   432.64458, 6.652650E-12,    86.11348,          NaN,         NaN
  4070.0,  6.068946E-5,   304.31822,  4.897155E-4,   433.30212, 8.751397E-12,    85.46544,          NaN,         NaN
  4075.0,  3.283106E-5,   305.13595,  4.276720E-4,   433.30098, 1.958011E-11,    84.62781,          NaN,         NaN
  4080.0,  3.485321E-5,   306.78517,  5.455062E-4,   433.86366, 9.451117E-12,    86.09142,          NaN,         NaN
  4085.0,  5.158171E-5,   305.44937,  5.448927E-4,   434.32381, 6.139177E-12,    87.78369,          NaN,         NaN
  4090.0,  2.647928E-5,   305.30714,  5.161469E-4,   434.83275, 6.661709E-12,    88.32805,          NaN,         NaN
  4095.0,  3.496745E-5,   306.14591,  5.489354E-4,   435.36594, 1.392832E-11,    88.80231,          NaN,         NaN
  4100.0,  7.805798E-5,   307.47358,  5.624436E-4,   435.94741, 9.282239E-12,    89.46123,          NaN,         NaN
  4105.0,  4.955111E-5,   308.37785,  5.742144E-4,   436.55376, 6.032274E-12,    91.26050,          NaN,         NaN
  4110.0,  4.960035E-5,   308.40381,  5.426542E-4,   437.22591, 1.326021E-11,    90.56711,          NaN,         NaN
  4115.0,  4.029453E-5,   307.13510,  5.035703E-4,   437.71197, 8.909227E-12,    90.69602,          NaN,         NaN
  4120.0,  5.246864E-5,   307.31764,  4.248599E-4,   438.22987, 6.837528E-12,    91.85856,          NaN,         NaN
  4125.0,  4.131892E-5,   308.51575,  5.146286E-4,   439.04423, 5.604389E-12,    92.73110,          NaN,         NaN
  4130.0,  5.926075E-5,   308.07996,  5.230707E-4,   439.84542, 6.541003E-12,    91.70575,          NaN,         NaN
  4135.0,  5.397700E-5,   310.05123,  4.726403E-4,   440.75123, 8.099199E-12,    90.29015,          NaN,         NaN
  4140.0,  3.406941E-5,   308.52872,  4.575198E-4,   442.05805, 1.018252E-11,    92.33112,          NaN,         NaN
  4145.0,  3.665715E-5,   309.71126,  3.888261E-4,   443.43140, 7.856050E-12,    91.40291,          NaN,         NaN
  4150.0,  5.200114E-5,   310.35291,  2.506309E-4,   445.25971, 7.141504E-12,    91.80774,          NaN,         NaN
  4155.0,  5.181533E-5,   311.09467,  8.710446E-5,   442.69413, 7.999375E-12,    93.40967,          NaN,         NaN
  4160.0,  3.480988E-5,   311.12485,  5.588346E-5,   440.67551, 1.561015E-11,    93.31393,          NaN,         NaN
  4165.0,  2.594790E-5,   311.23375,  3.881260E-5,   442.50068, 7.218742E-12,    95.02111,          NaN,         NaN
  4170.0,  4.816344E-5,   311.69429,  3.482277E-5,   443.27684, 1.209385E-11,    94.95942,          NaN,         NaN
  4175.0,  2.580966E-5,   312.10988,  3.246221E-5,   442.53434, 1.599956E-11,    95.70448,          NaN,         NaN
  4180.0,  5.397071E-5,   313.33977,  6.707502E-5,   441.95136, 1.471867E-11,    96.00343,          NaN,         NaN
  4185.0,  5.137599E-5,   312.23967,  6.315563E-5,   440.54375, 1.006655E-11,    94.23981,          NaN,         NaN
  4190.0,  6.413021E-5,   314.13902,  4.071037E-5,   441.21811, 1.381536E-11,    93.45379,          NaN,         NaN
  4195.0,  4.818355E-5,   314.79296,  7.177180E-5,   441.33367, 9.058890E-12,    94.77077,          NaN,         NaN
  4200.0,  3.010656E-5,   315.09550,  1.515076E-4,   443.17213, 7.709256E-12,    96.02817,          NaN,         NaN
  4205.0,  4.615223E-5,   314.98940,  1.778341E-4,   443.96832, 5.095235E-12,    96.05111,          NaN,         NaN
  4210.0,  3.245019E-5,   314.96117,  1.316186E-4,   446.19248, 8.062536E-12,    95.92128,          NaN,         NaN
  4215.0,  2.701520E-5,   315.70923,  4.973772E-5,   446.91964, 9.031428E-12,    97.10421,          NaN,         NaN
  4220.0,  2.677223E-5,   315.20879,  4.173108E-5,   446.85161, 6.576353E-12,    96.14370,          NaN,         NaN
  4225.0,  4.957309E-5,   314.68008,  9.918175E-5,   447.32207, 7.443202E-12,    97.90123,          NaN,         NaN
  4230.0,  4.826409E-5,   314.19115,  1.709633E-4,   449.55418, 1.257307E-11,    97.26008,          NaN,         NaN
  4235.0,  3.612070E-5,   315.85266,  2.075789E-4,   451.81064, 1.044441E-11,    99.37744,          NaN,         NaN
  4240.0,  5.957397E-5,   314.80325,  5.863930E-5,   454.18061, 9.003707E-12,    99.06897,          NaN,         NaN
  4245.0,  4.485831E-5,   316.44596,  1.809485E-4,   456.30699, 1.030268E-11,   100.81842,          NaN,         NaN
  4250.0,  4.161213E-5,   316.73540,  3.274402E-4,   457.87453, 7.659208E-12,   101.30375,          NaN,         NaN
  4255.0,  3.462804E-5,   317.90700,  3.823949E-4,   458.82551, 9.069398E-12,   101.15532,          NaN,         NaN
  4260.0,  4.039730E-5,   316.83376,  4.715304E-4,   459.67780, 1.249442E-11,   102.99819,          NaN,         NaN
  4265.0,  5.591611E-5,   317.74176,  5.027371E-4,   460.32226, 1.024866E-11,   101.53350,          NaN,         NaN
  4270.0,  4.899026E-5,   317.47252,  4.602293E-4,   460.85230, 9.907576E-12,   103.56719,          NaN,         NaN
  4275.0,  5.638070E-5,   316.87390,  4.957549E-4,   461.48287, 1.090151E-11,   103.44850,          NaN,         NaN
  4280.0,  5.889385E-5,   315.43480,  5.433926E-4,   461.80059, 5.296930E-12,   103.62929,          NaN,         NaN
  4285.0,  7.858081E-5,   315.54575,  5.411285E-4,   462.31448, 7.090646E-12,   104.32520,          NaN,         NaN
  4290.0,  9.784310E-5,   313.40756,  5.273878E-4,   462.86201, 8.941812E-12,   105.68816,          NaN,         NaN
  4295.0,  5.254470E-5,   315.45014,  4.893236E-4,   463.50796, 6.620021E-12,   105.65713,          NaN,         NaN
  4300.0,  5.907192E-5,   313.80832,  5.116316E-4,   463.81421, 7.069487E-12,   104.95014,          NaN,         NaN
  4305.0,  6.689667E-5,   312.61972,  5.468481E-4,   464.24782, 1.457697E-11,   105.84215,          NaN,         NaN
  4310.0,  5.918080E-5,   313.01879,  5.418738E-4,   464.75826, 8.803400E-12,   106.15444,          NaN,         NaN
  4315.0,  6.587492E-5,   314.00703,  4.683300E-4,   465.22094, 9.502262E-12,   105.31347,          NaN,         NaN
  4320.0,  6.467619E-5,   314.76353,  4.931687E-4,   465.69287, 6.954336E-12,   105.78042,          NaN,         NaN
  4325.0,  3.467625E-5,   314.39681,  4.809334E-4,   466.07971, 1.046872E-11,   106.49402,          NaN,         NaN
  4330.0,  5.418291E-5,   315.30259,  5.012019E-4,   466.63969, 9.729897E-12,   107.64764,          NaN,         NaN
  4335.0,  5.060693E-5,   315.40514,  4.914509E-4,   467.05583, 1.063237E-11,   106.74136,          NaN,         NaN
  4340.0,  5.089689E-5,   314.58393,  4.605706E-4,   467.64591, 1.037174E-11,   108.47116,          NaN,         NaN
  4345.0,  4.943081E-5,   316.10694,  3.573624E-4,   468.06135, 1.434427E-11,   110.00318,          NaN,         NaN
  4350.0,  6.658803E-5,   315.93968,  4.047794E-4,   468.35351, 6.423453E-12,   111.68530,          NaN,         NaN
  4355.0,  4.576727E-5,   315.78313,  4.074381E-4,   469.02510, 1.160433E-11,   112.41639,          NaN,         NaN
  4360.0,  3.055880E-5,   315.47060,  3.826172E-4,   469.31914, 8.066676E-12,   110.96447,          NaN,         NaN
  4365.0,  6.215545E-5,   314.14652,  4.325923E-4,   469.84130, 5.347877E-12,   111.48343,          NaN,         NaN
  4370.0,  6.145745E-5,   316.34704,  3.603888E-4,   470.26855, 1.132510E-11,   112.20389,          NaN,         NaN
  4375.0,  3.362988E-5,   316.64383,  3.709766E-4,   470.80337, 5.737612E-12,   113.91574,          NaN,         NaN
  4380.0,  5.811859E-5,   317.35323,  3.518404E-4,   471.52220, 8.336919E-12,   114.01362,          NaN,         NaN
  4385.0,  3.649255E-5,   318.67042,  2.830843E-4,   471.84879, 5.507252E-12,   114.87380,          NaN,         NaN
  4390.0,  3.495905E-5,   317.46080,  3.338935E-4,   472.25141, 8.333909E-12,   115.57377,          NaN,         NaN
  4395.0,  2.996953E-5,   316.43232,  3.242895E-4,   472.80033, 1.408980E-11,   116.57471,          NaN,         NaN
  4400.0,  3.822021E-5,   317.33883,  3.629695E-4,   473.36843, 7.707524E-12,   115.71170,          NaN,         NaN
  4405.0,  5.251537E-5,   318.34501,  3.301564E-4,   474.00710, 6.778947E-12,   116.59108,          NaN,         NaN
  4410.0,  3.451318E-5,   318.46808,  3.398708E-4,   474.67713, 1.210123E-11,   116.93939,          NaN,         NaN
  4415.0,  3.457105E-5,   317.00338,  3.011315E-4,   475.12785, 7.548129E-12,   117.52749,          NaN,         NaN
  4420.0,  5.853082E-5,   318.16908,  2.853297E-4,   475.86714, 9.449946E-12,   118.78685,          NaN,         NaN
  4425.0,  3.188818E-5,   317.58507,  3.178068E-4,   476.56584, 7.941713E-12,   117.27792,          NaN,         NaN
  4430.0,  2.633588E-5,   317.95602,  2.855704E-4,   477.11641, 1.598687E-11,   117.35922,          NaN,         NaN
  4435.0,  2.627810E-5,   317.85580,  2.806976E-4,   478.12095, 8.385432E-12,   116.29905,          NaN,         NaN
  4440.0,  5.626338E-5,   318.21358,  2.469284E-4,   479.30374, 1.198201E-11,   115.72694,          NaN,         NaN
  4445.0,  5.191897E-5,   319.03893,  1.978610E-4,   480.26621, 1.086585E-11,   116.31713,          NaN,         NaN
  4450.0,  6.752106E-5,   321.00301,  1.386554E-4,   481.99433, 6.346923E-12,   116.03557,          NaN,         NaN
  4455.0,  2.502940E-5,   321.77382,  5.425204E-5,   483.36728, 1.135591E-11,   116.20153,          NaN,         NaN
  4460.0,  3.855416E-5,   322.38707,  5.456885E-5,   483.16010, 1.239184E-11,   114.08800,          NaN,         NaN
  4465.0,  5.832180E-5,   321.39212,  9.959107E-5,   485.45890, 6.377975E-12,   113.48757,          NaN,         NaN
  4470.0,  3.667952E-5,   321.82483,  3.991198E-5,   486.34980, 1.321222E-11,   114.24324,          NaN,         NaN
  4475.0,  4.238915E-5,   321.11446,  4.024600E-5,   485.64748, 6.592542E-12,   113.82915,          NaN,         NaN
  4480.0,  4.032216E-5,   320.66503,  4.164006E-5,   486.40178, 1.153107E-11,   113.30707,          NaN,         NaN
  4485.0,  2.377417E-5,   321.33186,  5.146161E-5,   484.84762, 7.602502E-12,   112.35746,          NaN,         NaN
  4490.0,  5.336895E-5,   320.88707,  7.981351E-5,   486.70720, 1.620768E-11,   112.47236,          NaN,         NaN
  4495.0,  6.229856E-5,   321.00795,  7.732157E-5,   484.98104, 1.216988E-11,   114.77852,          NaN,         NaN
  4500.0,  5.052372E-5,   320.50493,  3.653105E-5,   483.61749, 1.280102E-11,   114.04720,          NaN,         NaN
  4505.0,  5.794845E-5,   321.14332,  3.971994E-5,   484.45506, 1.269062E-11,   114.94447,          NaN,         NaN
  4510.0,  9.842435E-5,   322.68448,  5.409941E-5,   483.09992, 6.263904E-12,   113.96177,          NaN,         NaN
  4515.0,  4.719597E-5,   321.77611,  4.605427E-5,   484.31973, 7.306908E-12,   114.78665,          NaN,         NaN
  4520.0,  5.766500E-5,   322.47593,  5.239996E-5,   485.16763, 6.724967E-12,   115.81733,          NaN,         NaN
  4525.0,  3.799869E-5,   323.72072,  3.303440E-5,   485.63784, 7.983825E-12,   116.74698,          NaN,         NaN
  4530.0,  3.264123E-5,   324.92517,  3.856455E-5,   485.82648, 8.716761E-12,   116.39922,          NaN,         NaN
  4535.0,  6.247251E-5,   325.02001,  3.134589E-5,   487.49782, 8.650556E-12,   117.38590,          NaN,         NaN
  4540.0,  5.645150E-5,   326.70151,  7.722485E-5,   487.82216, 7.180013E-12,   118.39204,          NaN,         NaN
  4545.0,  4.205243E-5,   326.54678,  5.344032E-5,   487.89248, 7.034519E-12,   117.67748,          NaN,         NaN
  4550.0,  3.283249E-5,   327.72109,  9.420998E-5,   489.86868, 1.183083E-11,   118.15884,          NaN,         NaN
  4555.0,  6.453162E-5,   328.02528,  1.394854E-4,   492.18329, 7.638571E-12,   119.40366,          NaN,         NaN
  4560.0,  4.706294E-5,   328.19731,  1.293160E-4,   493.99155, 7.428014E-12,   119.28295,          NaN,         NaN
  4565.0,  3.623002E-5,   327.19381,  1.366158E-4,   495.85773, 9.511607E-12,   118.73997,          NaN,         NaN
  4570.0,  3.329026E-5,   326.25679,  1.178168E-4,   496.92642, 7.591158E-12,   117.48752,          NaN,         NaN
  4575.0,  3.065033E-5,   325.23696,  1.079830E-4,   497.63310, 6.828191E-12,   117.22115,          NaN,         NaN
  4580.0,  4.473423E-5,   326.91895,  9.513173E-5,   499.85505, 8.541210E-12,   117.38447,          NaN,         NaN
  4585.0,  5.801385E-5,   325.86415,  8.896290E-5,   502.06150, 5.210426E-12,   118.13516,          NaN,         NaN
  4590.0,  5.115005E-5,   327.62511,  6.715558E-5,   502.36466, 1.366676E-11,   117.47998,          NaN,         NaN
  4595.0,  5.783840E-5,   328.77480,  3.336178E-5,   504.00226, 5.315882E-12,   117.47212,          NaN,         NaN
  4600.0,  6.533086E-5,   329.04785,  5.669700E-5,   503.66729, 1.095672E-11,   115.90224,          NaN,         NaN
  4605.0,  5.377222E-5,   329.71691,  2.841921E-5,   503.79029, 7.553559E-12,   114.83730,          NaN,         NaN
  4610.0,  4.447922E-5,   328.15762,  5.322989E-5,   503.59246, 5.090550E-12,   113.87544,          NaN,         NaN
  4615.0,  4.981273E-5,   329.43520,  1.064930E-4,   505.43349, 9.479051E-12,   113.51053,          NaN,         NaN
  4620.0,  6.050728E-5,   329.81802,  8.865840E-5,   507.09254, 9.165070E-12,   114.66294,          NaN,         NaN
  4625.0,  3.531497E-5,   331.41579,  1.270916E-4,   508.45859, 1.422582E-11,   113.55386,          NaN,         NaN
  4630.0,  2.702982E-5,   332.75228,  1.467893E-4,   509.32186, 6.524535E-12,   113.28256,          NaN,         NaN
  4635.0,  3.837988E-5,   333.25856,  1.540008E-4,   510.17238, 6.514928E-12,   114.69216,          NaN,         NaN
  4640.0,  6.274452E-5,   334.10861,  1.274503E-4,   511.36427, 1.134304E-11,   115.37082,          NaN,         NaN
  4645.0,  6.823029E-5,   335.35352,  1.516286E-4,   511.79404, 7.017036E-12,   115.92964,          NaN,         NaN
  4650.0,  3.431020E-5,   337.00818,  1.694037E-4,   512.37413, 1.767980E-11,   116.15471,          NaN,         NaN
  4655.0,  2.023799E-5,   336.27522,  1.086386E-4,   512.84542, 5.389463E-12,   117.21614,          NaN,         NaN
  4660.0,  8.867417E-5,   336.21230,  1.523963E-4,   513.53449, 1.715053E-11,   118.42065,          NaN,         NaN
  4665.0,  2.789906E-5,   335.08405,  1.823320E-4,   514.13586, 6.008698E-12,   118.87459,          NaN,         NaN
  4670.0,  6.018346E-5,   336.64967,  1.186367E-4,   514.90470, 1.320653E-11,   119.50450,          NaN,         NaN
  4675.0,  6.167110E-5,   336.56451,  9.651226E-5,   515.57684, 9.350143E-12,   117.70942,          NaN,         NaN
  4680.0,  4.687771E-5,   337.41919,  1.281578E-4,   516.56510, 8.556012E-12,   118.18415,          NaN,         NaN
  4685.0,  4.944391E-5,   338.37776,  8.984392E-5,   518.22980, 7.598364E-12,   116.98347,          NaN,         NaN
  4690.0,  4.676651E-5,   337.30742,  2.833458E-5,   517.54840, 1.046532E-11,   117.70703,          NaN,         NaN
  4695.0,  9.002612E-5,   338.11384,  9.278269E-5,   516.65953, 1.267234E-11,   120.00814,          NaN,         NaN
  4700.0,  4.379632E-5,   339.20043,  8.294249E-5,   518.08714, 5.875283E-12,   119.41513,          NaN,         NaN
  4705.0,  3.114156E-5,   340.72470,  1.277214E-4,   519.65630, 8.002129E-12,   120.10267,          NaN,         NaN
  4710.0,  5.270679E-5,   339.92670,  9.065727E-5,   520.51659, 6.066992E-12,   119.61414,          NaN,         NaN
  4715.0,  3.170508E-5,   338.93826,  9.688465E-5,   522.67498, 9.289492E-12,   119.83077,          NaN,         NaN
  4720.0,  4.252834E-5,   338.09466,  4.965031E-5,   522.50014, 1.794811E-11,   120.03246,          NaN,         NaN
  4725.0,  3.066626E-5,   339.92554,  3.999533E-5,   521.32942, 6.937379E-12,   119.63776,          NaN,         NaN
  4730.0,  9.086549E-5,   340.44403,  4.268389E-5,   522.42662, 1.171668E-11,   118.58008,          NaN,         NaN
  4735.0,  4.366134E-5,   342.08455,  3.147347E-5,   523.75112, 1.189326E-11,   119.56143,          NaN,         NaN
  4740.0,  4.039683E-5,   340.76875,  3.911744E-5,   524.17350, 6.082739E-12,   120.44986,          NaN,         NaN
  4745.0,  5.719127E-5,   342.23202,  2.630884E-5,   523.15604, 7.146033E-12,   120.67500,          NaN,         NaN
  4750.0,  7.528571E-5,   342.77884,  5.982850E-5,   523.99843, 4.337145E-12,   120.53354,          NaN,         NaN
  4755.0,  5.804672E-5,   343.05363,  8.373685E-5,   525.62557, 7.584443E-12,   121.26340,          NaN,         NaN
  4760.0,  2.511166E-5,   342.04709,  7.762130E-5,   527.28524, 1.093252E-11,   123.08466,          NaN,         NaN
  4765.0,  4.287463E-5,   342.83677,  3.908993E-5,   526.70932, 1.027570E-11,   124.25354,          NaN,         NaN
  4770.0,  3.488864E-5,   344.16972,  6.536838E-5,   527.54042, 1.051203E-11,   126.24454,          NaN,         NaN
  4775.0,  4.547193E-5,   345.11899,  1.006755E-4,   528.24485, 8.657527E-12,   125.54472,          NaN,         NaN
  4780.0,  4.247272E-5,   344.27374,  8.403795E-5,   529.18245, 8.308486E-12,   125.74372,          NaN,         NaN
  4785.0,  3.291088E-5,   344.31404,  9.901809E-5,   530.31785, 1.050846E-11,   125.78394,          NaN,         NaN
  4790.0,  3.007225E-5,   344.80671,  9.358297E-5,   530.72973, 7.090567E-12,   127.47491,          NaN,         NaN
  4795.0,  4.734364E-5,   345.58928,  1.175535E-4,   531.08626, 5.758883E-12,   126.97088,          NaN,         NaN
  4800.0,  4.359890E-5,   344.12171,  9.705243E-5,   531.75099, 1.204671E-11,   125.75074,          NaN,         NaN
  4805.0,  2.433829E-5,   343.14503,  8.020124E-5,   531.18559, 1.059469E-11,   127.06013,          NaN,         NaN
  4810.0,  5.393913E-5,   342.36766,  1.286512E-4,   532.57363, 7.163104E-12,   128.01301,          NaN,         NaN
  4815.0,  3.770567E-5,   343.81279,  1.217317E-4,   532.68667, 1.101468E-11,   129.00548,          NaN,         NaN
  4820.0,  6.280837E-5,   343.69914,  1.302537E-4,   533.54841, 1.358547E-11,   129.59279,          NaN,         NaN
  4825.0,  3.688468E-5,   344.01799,  1.243962E-4,   533.78559, 7.866566E-12,   130.94071,          NaN,         NaN
  4830.0,  3.100838E-5,   343.80270,  1.372274E-4,   534.56856, 1.512248E-11,   132.39971,          NaN,         NaN
  4835.0,  3.649988E-5,   345.00765,  9.146834E-5,   534.44488, 6.147891E-12,   132.65715,          NaN,         NaN
  4840.0,  4.170037E-5,   343.23314,  1.082404E-4,   535.09589, 1.381925E-11,   132.58373,          NaN,         NaN
  4845.0,  2.361443E-5,   344.19118,  1.282632E-4,   535.88794, 8.255385E-12,   133.59540,          NaN,         NaN
  4850.0,  5.355747E-5,   344.86318,  3.349279E-5,   536.90359, 1.031735E-11,   134.09847,          NaN,         NaN
  4855.0,  3.726886E-5,   345.24782,  1.001035E-4,   536.24015, 6.558191E-12,   133.49608,          NaN,         NaN
  4860.0,  5.254834E-5,   345.16167,  6.165880E-5,   535.71725, 1.647813E-11,   132.45090,          NaN,         NaN
  4865.0,  3.072727E-5,   344.65772,  9.874096E-5,   536.45359, 1.174940E-11,   132.67168,          NaN,         NaN
  4870.0,  4.334419E-5,   345.88733,  8.678539E-5,   537.36713, 1.181415E-11,   131.48800,          NaN,         NaN
  4875.0,  6.602036E-5,   345.92580,  9.902268E-5,   537.87077, 9.030692E-12,   132.25147,          NaN,         NaN
  4880.0,  5.005016E-5,   345.98459,  8.108186E-5,   538.23318, 8.789816E-12,   131.84383,          NaN,         NaN
  4885.0,  4.506923E-5,   347.17235,  9.348007E-5,   538.53120, 1.053965E-11,   131.53946,          NaN,         NaN
  4890.0,  4.505236E-5,   346.68061,  1.074979E-4,   538.61393, 9.245241E-12,   130.10181,          NaN,         NaN
  4895.0,  6.031560E-5,   347.99518,  9.542217E-5,   539.72016, 1.349095E-11,   131.23413,          NaN,         NaN
  4900.0,  4.611290E-5,   349.06022,  1.090304E-4,   540.35668, 8.866294E-12,   132.15821,          NaN,         NaN
  4905.0,  2.520943E-5,   349.02336,  5.025923E-5,   540.69852, 1.113548E-11,   131.68645,          NaN,         NaN
  4910.0,  5.381601E-5,   348.03750,  8.885494E-5,   541.21138, 1.757941E-11,   131.29011,          NaN,         NaN
  4915.0,  3.899953E-5,   348.13876,  6.361539E-5,   539.76897, 8.251000E-12,   132.45473,          NaN,         NaN
  4920.0,  4.209002E-5,   348.95894,  6.843285E-5,   541.75324, 6.436160E-12,   134.04353,          NaN,         NaN
  4925.0,  3.382682E-5,   347.55992,  8.313020E-5,   541.62823, 6.949903E-12,   135.44445,          NaN,         NaN
  4930.0,  4.882894E-5,   347.50851,  9.301472E-5,   542.17606, 9.985610E-12,   135.81910,          NaN,         NaN
  4935.0,  4.150472E-5,   348.85460,  5.226249E-5,   543.01811, 1.094805E-11,   137.14185,          NaN,         NaN
  4940.0,  2.928815E-5,   348.54300,  5.001478E-5,   543.39254, 9.328989E-12,   137.19106,          NaN,         NaN
  4945.0,  4.309713E-5,   348.71325,  3.949264E-5,   542.44851, 1.078129E-11,   136.60746,          NaN,         NaN
  4950.0,  4.372111E-5,   348.46789,  4.675531E-5,   544.39653, 1.255175E-11,   137.51488,          NaN,         NaN
  4955.0,  5.026965E-5,   346.62952,  7.949161E-5,   543.99838, 7.903253E-12,   137.70153,          NaN,         NaN
  4960.0,  2.873241E-5,   345.47636,  3.445097E-5,   544.79977, 1.460594E-11,   136.86544,          NaN,         NaN
  4965.0,  5.253012E-5,   346.56287,  3.314722E-5,   544.51414, 6.370623E-12,   135.38949,          NaN,         NaN
  4970.0,  3.189078E-5,   345.75683,  4.876969E-5,   545.82160, 7.212111E-12,   135.16887,          NaN,         NaN
  4975.0,  5.981451E-5,   347.46989,  6.185673E-5,   546.80713, 7.758961E-12,   135.81280,          NaN,         NaN
  4980.0,  2.124269E-5,   347.51402,  2.976434E-5,   547.73900, 1.640868E-11,   134.12351,          NaN,         NaN
  4985.0,  3.144621E-5,   347.83571,  7.350395E-5,   547.89033, 1.045400E-11,   135.15869,          NaN,         NaN
  4990.0,  4.972569E-5,   349.14513,  2.106123E-5,   547.96697, 8.433175E-12,   136.87507,          NaN,         NaN
  4995.0,  2.151746E-5,   348.52171,  7.814444E-5,   548.00147, 9.158929E-12,   135.91077,          NaN,         NaN
  5000.0,  2.410032E-5,   348.80282,  3.622940E-5,   548.23395, 5.533183E-12,   135.70617,          NaN,         NaN
  5005.0,  5.339794E-5,   349.66129,  6.694138E-5,   549.09179, 7.900332E-12,   136.94479,          NaN,         NaN
  5010.0,  6.340029E-5,   350.68305,  6.912460E-5,   546.93607, 9.657540E-12,   136.10819,          NaN,         NaN
  5015.0,  3.342909E-5,   351.46808,  6.552815E-5,   547.84778, 1.717116E-11,   133.94530,          NaN,         NaN
  5020.0,  4.044224E-5,   351.61128,  5.217827E-5,   548.08252, 4.965571E-12,   132.46210,          NaN,         NaN
  5025.0,  2.913174E-5,   352.39701,  1.047566E-4,   549.14223, 6.566230E-12,   132.62144,          NaN,         NaN
  5030.0,  3.855419E-5,   352.51642,  8.523861E-5,   550.02299, 1.196497E-11,   133.40031,          NaN,         NaN
  5035.0,  3.919876E-5,   352.97141,  5.885999E-5,   550.99976, 1.196663E-11,   132.48856,          NaN,         NaN
  5040.0,  5.207388E-5,   352.51955,  4.391222E-5,   551.73256, 6.600622E-12,   131.84925,          NaN,         NaN
  5045.0,  4.330974E-5,   352.17392,  5.559939E-5,   551.35134, 1.662104E-11,   132.18861,          NaN,         NaN
  5050.0,  6.137270E-5,   352.16885,  9.490015E-5,   552.41371, 9.222846E-12,   133.01796,          NaN,         NaN
  5055.0,  3.898547E-5,   352.08135,  8.757558E-5,   553.38818, 1.116904E-11,   133.77807,          NaN,         NaN
  5060.0,  3.500186E-5,   353.37158,  7.681322E-5,   554.84349, 1.831917E-11,   133.24847,          NaN,         NaN
  5065.0,  4.733817E-5,   352.25353,  9.437267E-5,   555.35848, 8.220889E-12,   135.29562,          NaN,         NaN
  5070.0,  3.634420E-5,   353.92131,  8.329535E-5,   555.98591, 1.040268E-11,   134.38259,          NaN,         NaN
  5075.0,  3.893501E-5,   354.84263,  4.365771E-5,   556.43412, 1.325837E-11,   134.45167,          NaN,         NaN
  5080.0,  6.070819E-5,   353.83576,  7.497197E-5,   558.32971, 8.877257E-12,   133.75945,          NaN,         NaN
  5085.0,  6.731441E-5,   355.73762,  3.086113E-5,   558.83431, 1.407684E-11,   133.43454,          NaN,         NaN
  5090.0,  3.071610E-5,   355.61006,  5.781948E-5,   558.99552, 9.846776E-12,   134.33936,          NaN,         NaN
  5095.0,  7.299661E-5,   356.72301,  3.209646E-5,   560.70660, 7.048823E-12,   133.55782,          NaN,         NaN
  5100.0,  2.808433E-5,   357.83599,  2.862967E-5,   562.50866, 9.825865E-12,   132.02201,          NaN,         NaN
  5105.0,  7.110419E-5,   357.88343,  3.815709E-5,   560.47314, 1.187380E-11,   130.43739,          NaN,         NaN
  5110.0,  4.975290E-5,   357.51276,  4.083532E-5,   560.13134, 5.657845E-12,   130.96465,          NaN,         NaN
  5115.0,  3.560409E-5,   357.46162,  2.710065E-5,   560.77440, 9.621418E-12,   131.14066,          NaN,         NaN
  5120.0,  3.156081E-5,   358.75017,  5.044426E-5,   562.21559, 1.112781E-11,   129.20450,          NaN,         NaN
  5125.0,  3.498155E-5,   359.77652,  4.412593E-5,   562.93752, 6.968298E-12,   128.53615,          NaN,         NaN
  5130.0,  4.075915E-5,   358.82073,  2.722177E-5,   562.41914, 8.460083E-12,   127.70333,          NaN,         NaN
  5135.0,  2.023846E-5,   358.44863,  3.557736E-5,   562.51071, 6.928097E-12,   128.13188,          NaN,         NaN
  5140.0,  4.742121E-5,   358.85635,  5.302988E-5,   563.40043, 6.074253E-12,   129.92500,          NaN,         NaN
  5145.0,  3.372226E-5,   359.61133,  1.353752E-4,   564.61257, 8.439065E-12,   130.97276,          NaN,         NaN
  5150.0,  4.951868E-5,   360.24878,  1.075868E-4,   565.48516, 7.645320E-12,   130.52847,          NaN,         NaN
  5155.0,  2.317231E-5,   359.43520,  1.115470E-4,   567.11782, 7.838633E-12,   129.12719,          NaN,         NaN
  5160.0,  4.318866E-5,   359.73097,  4.824901E-5,   567.98876, 1.038889E-11,   129.44084,          NaN,         NaN
  5165.0,  4.568911E-5,   360.14907,  7.047525E-5,   569.01538, 8.608991E-12,   129.56535,          NaN,         NaN
  5170.0,  4.923767E-5,   360.94467,  8.793664E-5,   569.75790, 5.252361E-12,   129.50899,          NaN,         NaN
  5175.0,  4.151475E-5,   359.70818,  7.810474E-5,   570.10684, 1.089314E-11,   130.35895,          NaN,         NaN
  5180.0,  2.499436E-5,   361.01398,  8.088332E-5,   572.00866, 8.314967E-12,   130.94566,          NaN,         NaN
  5185.0,  5.307582E-5,   361.92422,  3.937924E-5,   572.61296, 7.037151E-12,   131.10253,          NaN,         NaN
  5190.0,  3.826195E-5,   360.84901,  5.174960E-5,   574.22930, 1.443089E-11,   132.54577,          NaN,         NaN
  5195.0,  2.739069E-5,   361.06448,  2.425690E-5,   573.98083, 7.560779E-12,   132.39277,          NaN,         NaN
  5200.0,  5.489225E-5,   362.18434,  5.560368E-5,   574.64811, 9.932588E-12,   131.44341,          NaN,         NaN
  5205.0,  6.833444E-5,   362.87408,  8.098205E-5,   576.04392, 1.002966E-11,   131.87101,          NaN,         NaN
  5210.0,  3.687280E-5,   364.20263,  4.953662E-5,   577.85146, 1.158172E-11,   129.82858,          NaN,         NaN
  5215.0,  4.465871E-5,   364.19220,  7.047515E-5,   579.86419, 1.314053E-11,   129.28656,          NaN,         NaN
  5220.0,  6.320528E-5,   364.75232,  8.199614E-5,   581.02216, 5.877087E-12,   128.04961,          NaN,         NaN
  5225.0,  6.668385E-5,   366.00634,  1.179289E-4,   581.78405, 8.189971E-12,   127.43152,          NaN,         NaN
  5230.0,  4.469656E-5,   368.30195,  1.359719E-4,   582.51917, 8.827738E-12,   127.58904,          NaN,         NaN
  5235.0,  3.372199E-5,   367.53619,  9.681015E-5,   582.92309, 5.264191E-12,   127.61762,          NaN,         NaN
  5240.0,  4.903007E-5,   368.24837,  1.032582E-4,   584.11771, 1.018544E-11,   126.78744,          NaN,         NaN
  5245.0,  2.832944E-5,   368.15698,  1.031267E-4,   584.75348, 6.118370E-12,   127.64449,          NaN,         NaN
  5250.0,  6.023558E-5,   368.01971,  7.399561E-5,   585.54493, 7.213527E-12,   128.22586,          NaN,         NaN
  5255.0,  6.107183E-5,   367.88430,  7.518245E-5,   586.90141, 1.368355E-11,   127.84954,          NaN,         NaN
  5260.0,  3.915479E-5,   368.73847,  7.253778E-5,   588.51496, 1.046780E-11,   127.71408,          NaN,         NaN
  5265.0,  3.135761E-5,   369.14271,  3.138134E-5,   589.21296, 9.718796E-12,   128.52928,          NaN,         NaN
  5270.0,  4.269679E-5,   370.05165,  3.579931E-5,   590.83306, 9.517814E-12,   128.17663,          NaN,         NaN
  5275.0,  5.387063E-5,   369.78696,  3.889258E-5,   591.22940, 1.236545E-11,   129.16070,          NaN,         NaN
  5280.0,  5.699338E-5,   371.30765,  3.913084E-5,   590.78606, 9.498334E-12,   130.94544,          NaN,         NaN
  5285.0,  3.222079E-5,   371.91799,  3.741508E-5,   592.15829, 8.992147E-12,   130.12393,          NaN,         NaN
  5290.0,  3.807726E-5,   372.06221,  9.324090E-5,   593.21400, 9.844578E-12,   131.03508,          NaN,         NaN
  5295.0,  5.163195E-5,   371.73243,  6.121937E-5,   592.66799, 8.809558E-12,   130.75894,          NaN,         NaN
  5300.0,  2.994827E-5,   372.25491,  6.729847E-5,   592.60376, 1.539986E-11,   132.70623,          NaN,         NaN
  5305.0,  6.654471E-5,   372.11987,  6.213807E-5,   591.94674, 7.127980E-12,   133.62138,          NaN,         NaN
  5310.0,  3.276617E-5,   371.42412,  1.221771E-4,   592.21543, 8.333699E-12,   133.95981,          NaN,         NaN
  5315.0,  2.607489E-5,   371.40676,  3.308359E-5,   593.07827, 8.054280E-12,   132.16916,          NaN,         NaN
  5320.0,  2.617484E-5,   371.16354,  3.770125E-5,   593.18817, 8.936448E-12,   131.97250,          NaN,         NaN
  5325.0,  2.641720E-5,   371.79111,  5.737509E-5,   593.91483, 1.013673E-11,   133.81905,          NaN,         NaN
  5330.0,  2.657042E-5,   371.23383,  2.757690E-5,   593.53952, 7.314799E-12,   133.95759,          NaN,         NaN
  5335.0,  3.567826E-5,   371.52348,  7.557326E-5,   594.02778, 1.212994E-11,   134.29539,          NaN,         NaN
  5340.0,  4.911025E-5,   370.22162,  4.318306E-5,   596.08023, 7.990461E-12,   133.41230,          NaN,         NaN
  5345.0,  6.303107E-5,   369.92368,  1.216179E-4,   598.21681, 5.706137E-12,   133.02184,          NaN,         NaN
  5350.0,  3.910084E-5,   370.26671,  7.352054E-5,   599.12312, 5.294959E-12,   132.80502,          NaN,         NaN
  5355.0,  4.136045E-5,   371.94450,  7.298621E-5,   599.50098, 6.120933E-12,   132.82135,          NaN,         NaN
  5360.0,  3.312884E-5,   371.59630,  1.597107E-4,   600.30897, 5.603108E-12,   134.00532,          NaN,         NaN
  5365.0,  3.307224E-5,   371.07885,  5.035780E-5,   601.16191, 8.087164E-12,   133.11238,          NaN,         NaN
  5370.0,  4.646075E-5,   369.29130,  1.010282E-4,   601.04359, 7.963928E-12,   133.79664,          NaN,         NaN
  5375.0,  2.217113E-5,   368.97397,  8.766061E-5,   601.58852, 7.729353E-12,   134.92820,          NaN,         NaN
  5380.0,  3.154032E-5,   368.70664,  1.453316E-4,   602.60564, 7.812051E-12,   135.11330,          NaN,         NaN
  5385.0,  3.486927E-5,   369.79879,  1.050564E-4,   603.05284, 7.770282E-12,   136.15685,          NaN,         NaN
  5390.0,  2.921721E-5,   370.08251,  6.595145E-5,   604.26020, 9.471148E-12,   135.73042,          NaN,         NaN
  5395.0,  4.228137E-5,   369.31832,  1.086023E-4,   604.25281, 7.948191E-12,   134.06837,          NaN,         NaN
  5400.0,  4.455708E-5,   368.46742,  6.083089E-5,   603.59926, 1.717446E-11,   133.24609,          NaN,         NaN
  5405.0,  2.740901E-5,   367.73866,  7.663160E-5,   604.13553, 9.208011E-12,   133.71302,          NaN,         NaN
  5410.0,  2.630637E-5,   367.50045,  7.089890E-5,   605.39815, 1.300122E-11,   134.23153,          NaN,         NaN
  5415.0,  3.520301E-5,   366.62473,  6.239855E-5,   605.93527, 7.470655E-12,   133.54685,          NaN,         NaN
  5420.0,  4.384805E-5,   364.95253,  7.530506E-5,   606.95421, 6.617264E-12,   133.45984,          NaN,         NaN
  5425.0,  5.086995E-5,   364.79111,  6.269932E-5,   608.12667, 1.141348E-11,   132.04278,          NaN,         NaN
  5430.0,  2.104152E-5,   363.81526,  6.388372E-5,   608.20441, 1.221112E-11,   133.88792,          NaN,         NaN
  5435.0,  3.137604E-5,   364.85586,  5.282695E-5,   609.27378, 8.578673E-12,   135.15803,          NaN,         NaN
  5440.0,  2.641465E-5,   365.38165,  3.938273E-5,   608.96586, 7.535274E-12,   133.80006,          NaN,         NaN
  5445.0,  4.273936E-5,   365.08374,  5.231292E-5,   608.29809, 8.899685E-12,   134.06929,          NaN,         NaN
  5450.0,  4.581389E-5,   363.63285,  1.298232E-4,   608.53547, 5.622471E-12,   135.68653,          NaN,         NaN
  5455.0,  6.889698E-5,   362.12579,  5.083863E-5,   609.40421, 9.179879E-12,   136.07576,          NaN,         NaN
  5460.0,  3.092516E-5,   362.08967,  9.956879E-5,   610.71684, 9.114436E-12,   135.01760,          NaN,         NaN
  5465.0,  5.057961E-5,   360.96700,  6.794880E-5,   610.87497, 9.910314E-12,   136.44807,          NaN,         NaN
  5470.0,  3.700834E-5,   360.62014,  7.983522E-5,   611.71229, 6.833421E-12,   134.91427,          NaN,         NaN
  5475.0,  8.170668E-5,   361.32495,  1.020971E-4,   612.95422, 7.913261E-12,   134.55834,          NaN,         NaN
  5480.0,  5.165500E-5,   361.33874,  7.978367E-5,   613.13962, 1.062521E-11,   135.79207,          NaN,         NaN
  5485.0,  2.129747E-5,   361.90571,  4.323777E-5,   614.43103, 1.060166E-11,   135.81834,          NaN,         NaN
  5490.0,  4.067218E-5,   360.96092,  4.766802E-5,   614.42905, 8.318281E-12,   136.87205,          NaN,         NaN
  5495.0,  3.817825E-5,   359.72204,  8.217344E-5,   615.26149, 1.328549E-11,   137.49599,          NaN,         NaN
  5500.0,  3.483762E-5,   360.57097,  3.778862E-5,   615.65553, 6.840939E-12,   137.22135,          NaN,         NaN
  5505.0,  6.411468E-5,   360.51380,  5.860195E-5,   615.05669, 7.125262E-12,   136.57146,          NaN,         NaN
  5510.0,  3.920622E-5,   359.98494,  2.855264E-5,   615.81544, 5.867397E-12,   136.15201,          NaN,         NaN
  5515.0,  2.844791E-5,   361.25182,  5.416410E-5,   615.31686, 5.619367E-12,   136.12345,          NaN,         NaN
  5520.0,  2.271806E-5,   361.85331,  2.806714E-5,   615.79204, 7.216900E-12,   135.95185,          NaN,         NaN
  5525.0,  5.645528E-5,   362.26545,  9.081323E-5,   616.64830, 6.872540E-12,   136.52416,          NaN,         NaN
  5530.0,  3.262173E-5,   362.44928,  6.886508E-5,   617.49351, 1.083340E-11,   135.57508,          NaN,         NaN
  5535.0,  4.041089E-5,   361.60671,  5.325077E-5,   618.13714, 7.102278E-12,   137.12585,          NaN,         NaN
  5540.0,  3.823058E-5,   363.35182,  6.823798E-5,   618.75143, 8.850643E-12,   135.38585,          NaN,         NaN
  5545.0,  4.396368E-5,   364.71285,  6.794976E-5,   618.50739, 9.411692E-12,   137.22769,          NaN,         NaN
  5550.0,  3.569033E-5,   364.24900,  9.761009E-5,   620.08743, 9.351847E-12,   138.54553,          NaN,         NaN
  5555.0,  2.734701E-5,   364.38815,  4.483005E-5,   619.54858, 7.739340E-12,   138.74036,          NaN,         NaN
  5560.0,  4.724760E-5,   364.39064,  6.940990E-5,   620.87440, 6.003859E-12,   138.52523,          NaN,         NaN
  5565.0,  4.680295E-5,   366.12531,  7.981862E-5,   620.87005, 4.938128E-12,   138.51032,          NaN,         NaN
  5570.0,  5.743306E-5,   367.48388,  4.240280E-5,   621.15788, 1.110654E-11,   138.72814,          NaN,         NaN
  5575.0,  3.644055E-5,   365.73905,  1.105979E-4,   621.23788, 1.169124E-11,   138.19674,          NaN,         NaN
  5580.0,  3.638753E-5,   367.05916,  6.497108E-5,   621.21413, 4.892597E-12,   138.63354,          NaN,         NaN
  5585.0,  3.386407E-5,   367.73255,  4.472818E-5,   621.71166, 1.193843E-11,   137.66701,          NaN,         NaN
  5590.0,  3.002872E-5,   368.57437,  7.851384E-5,   623.41921, 1.268548E-11,   135.43710,          NaN,         NaN
  5595.0,  2.995334E-5,   368.54154,  4.509719E-5,   623.53782, 5.088823E-12,   136.07722,          NaN,         NaN
  5600.0,  3.004102E-5,   369.34780,  5.200240E-5,   623.78243, 5.567365E-12,   137.00732,          NaN,         NaN
  5605.0,  5.233370E-5,   369.30978,  4.998089E-5,   622.81479, 6.589028E-12,   138.52646,          NaN,         NaN
  5610.0,  5.050770E-5,   368.94003,  4.238844E-5,   623.34103, 8.378237E-12,   137.84604,          NaN,         NaN
  5615.0,  4.862547E-5,   369.93918,  4.685691E-5,   624.43727, 4.135574E-12,   137.84308,          NaN,         NaN
  5620.0,  4.319867E-5,   371.11374,  2.814759E-5,   624.80326, 9.426279E-12,   137.62341,          NaN,         NaN
  5625.0,  3.215269E-5,   371.88207,  5.598327E-5,   624.69881, 5.884672E-12,   136.79901,          NaN,         NaN
  5630.0,  3.372460E-5,   372.79402,  4.440627E-5,   623.95685, 1.029194E-11,   137.84547,          NaN,         NaN
  5635.0,  6.883166E-5,   371.93361,  3.440481E-5,   625.19726, 9.020991E-12,   139.36060,          NaN,         NaN
  5640.0,  3.200577E-5,   371.28190,  3.647485E-5,   625.43512, 1.387984E-11,   141.15446,          NaN,         NaN
  5645.0,  4.408728E-5,   371.73015,  2.579055E-5,   626.02288, 1.321588E-11,   138.61691,          NaN,         NaN
  5650.0,  5.060082E-5,   372.77603,  5.086807E-5,   625.29296, 1.039397E-11,   137.07437,          NaN,         NaN
  5655.0,  3.621522E-5,   373.04311,  4.536722E-5,   624.52226, 8.073169E-12,   138.07258,          NaN,         NaN
  5660.0,  3.159893E-5,   374.02107,  5.882693E-5,   626.14721, 9.192477E-12,   139.86985,          NaN,         NaN
  5665.0,  5.665597E-5,   372.51384,  3.493437E-5,   624.77224, 8.768423E-12,   138.75469,          NaN,         NaN
  5670.0,  5.716559E-5,   374.63515,  4.826743E-5,   623.02804, 9.164339E-12,   139.57053,          NaN,         NaN
  5675.0,  4.924972E-5,   374.10420,  3.704752E-5,   624.65439, 1.020016E-11,   141.19012,          NaN,         NaN
  5680.0,  3.314216E-5,   374.76331,  7.686602E-5,   623.64471, 5.724126E-12,   141.54896,          NaN,         NaN
  5685.0,  6.492819E-5,   373.07143,  7.128805E-5,   623.16236, 1.003979E-11,   141.93158,          NaN,         NaN
  5690.0,  4.776251E-5,   373.62085,  3.663354E-5,   624.55142, 4.386605E-12,   142.13619,          NaN,         NaN
  5695.0,  3.756511E-5,   374.72687,  5.454423E-5,   624.26044, 1.375192E-11,   142.25356,          NaN,         NaN
  5700.0,  6.228582E-5,   376.29994,  8.057458E-5,   625.14438, 1.228539E-11,   143.86720,          NaN,         NaN
  5705.0,  3.884348E-5,   378.14242,  5.533558E-5,   625.67086, 1.229748E-11,   145.70420,          NaN,         NaN
  5710.0,  3.471103E-5,   379.25307,  3.921919E-5,   626.49148, 5.343512E-12,   147.25658,          NaN,         NaN
  5715.0,  4.035930E-5,   378.60853,  3.655838E-5,   627.05689, 1.074358E-11,   146.39104,          NaN,         NaN
  5720.0,  2.358129E-5,   377.43231,  6.089285E-5,   626.37950, 1.073003E-11,   146.75459,          NaN,         NaN
  5725.0,  5.662379E-5,   378.14332,  6.475067E-5,   627.70823, 1.020051E-11,   147.41715,          NaN,         NaN
  5730.0,  4.690846E-5,   379.36355,  7.650272E-5,   626.28196, 1.462688E-11,   148.69942,          NaN,         NaN
  5735.0,  4.600402E-5,   379.48608,  7.070512E-5,   628.79691, 1.462036E-11,   149.83149,          NaN,         NaN
  5740.0,  3.664380E-5,   380.34217,  4.302710E-5,   629.13288, 7.021991E-12,   149.99589,          NaN,         NaN
  5745.0,  1.935500E-5,   380.54195,  3.196807E-5,   630.01855, 7.891191E-12,   149.95507,          NaN,         NaN
  5750.0,  4.992682E-5,   380.50202,  3.196228E-5,   630.36496, 9.971086E-12,   149.36237,          NaN,         NaN
  5755.0,  5.558305E-5,   382.33151,  3.799358E-5,   630.40857, 7.000661E-12,   148.10816,          NaN,         NaN
  5760.0,  2.994078E-5,   383.62641,  4.280572E-5,   630.28411, 9.383550E-12,   149.16024,          NaN,         NaN
  5765.0,  5.887364E-5,   383.69895,  2.595421E-5,   629.59509, 6.990586E-12,   148.82307,          NaN,         NaN
  5770.0,  5.151989E-5,   384.98281,  3.241930E-5,   629.04477, 1.304047E-11,   150.00211,          NaN,         NaN
  5775.0,  3.129217E-5,   383.88721,  3.260977E-5,   630.13969, 4.250715E-12,   150.23861,          NaN,         NaN
  5780.0,  2.343687E-5,   383.27335,  3.365169E-5,   631.61757, 1.122023E-11,   149.27644,          NaN,         NaN
  5785.0,  2.513390E-5,   383.86969,  4.056480E-5,   631.70472, 8.714599E-12,   148.30166,          NaN,         NaN
  5790.0,  2.846560E-5,   384.61313,  3.501681E-5,   631.58785, 1.137306E-11,   147.59852,          NaN,         NaN
  5795.0,  4.841047E-5,   385.01761,  1.882993E-5,   631.32947, 9.134278E-12,   145.87346,          NaN,         NaN
  5800.0,  2.825398E-5,   385.00210,  3.850217E-5,   631.06723, 7.355540E-12,   146.73677,          NaN,         NaN
  5805.0,  4.948376E-5,   384.87429,  6.121596E-5,   630.78956, 1.240077E-11,   147.07845,          NaN,         NaN
  5810.0,  7.292382E-5,   384.68990,  5.867508E-5,   632.92471, 5.755981E-12,   146.49565,          NaN,         NaN
  5815.0,  5.458478E-5,   384.01466,  4.421398E-5,   631.34538, 5.575201E-12,   146.79945,          NaN,         NaN
  5820.0,  3.971820E-5,   385.06712,  2.713021E-5,   630.37524, 5.691612E-12,   146.53583,          NaN,         NaN
  5825.0,  6.750219E-5,   387.08168,  4.730282E-5,   628.86572, 8.775691E-12,   145.83696,          NaN,         NaN
  5830.0,  2.849904E-5,   386.16186,  4.052362E-5,   630.24364, 9.865158E-12,   145.16704,          NaN,         NaN
  5835.0,  3.486691E-5,   387.49466,  4.061409E-5,   628.99414, 8.939086E-12,   144.98027,          NaN,         NaN
  5840.0,  5.651340E-5,   387.61177,  7.786097E-5,   630.07875, 9.716919E-12,   146.97613,          NaN,         NaN
  5845.0,  2.969383E-5,   386.62582,  2.862303E-5,   631.21819, 1.196906E-11,   145.01414,          NaN,         NaN
  5850.0,  4.364673E-5,   385.91018,  5.166987E-5,   630.66715, 9.629225E-12,   147.09984,          NaN,         NaN
  5855.0,  4.467680E-5,   385.19434,  6.196615E-5,   632.14219, 9.480073E-12,   148.72355,          NaN,         NaN
  5860.0,  4.863999E-5,   386.53412,  3.778670E-5,   632.08841, 6.672338E-12,   148.92010,          NaN,         NaN
  5865.0,  3.739518E-5,   386.94903,  3.743446E-5,   632.36316, 1.198481E-11,   148.70423,          NaN,         NaN
  5870.0,  5.423144E-5,   386.22526,  3.019542E-5,   633.52719, 7.243949E-12,   146.99506,          NaN,         NaN
  5875.0,  1.901480E-5,   386.80675,  4.062952E-5,   634.11689, 5.826235E-12,   146.42188,          NaN,         NaN
  5880.0,  4.671060E-5,   387.56893,  2.881548E-5,   633.84107, 7.210135E-12,   147.72759,          NaN,         NaN
  5885.0,  3.989275E-5,   389.00199,  5.482129E-5,   633.66532, 6.541266E-12,   148.07962,          NaN,         NaN
  5890.0,  2.446830E-5,   388.96398,  2.592265E-5,   632.88247, 8.617572E-12,   148.61345,          NaN,         NaN
  5895.0,  3.957128E-5,   388.75400,  3.311517E-5,   632.06607, 7.117747E-12,   147.95192,          NaN,         NaN
  5900.0,  3.610193E-5,   389.62376,  5.317002E-5,   631.65167, 9.145489E-12,   147.24458,          NaN,         NaN
  5905.0,  6.183319E-5,   387.90211,  6.451646E-5,   631.13843, 7.787080E-12,   146.77542,          NaN,         NaN
  5910.0,  4.539636E-5,   389.23367,  3.923522E-5,   628.94588, 1.154228E-11,   145.30322,          NaN,         NaN
  5915.0,  4.134840E-5,   390.75109,  2.786643E-5,   628.58286, 5.656000E-12,   146.47820,          NaN,         NaN
  5920.0,  2.401976E-5,   391.08011,  3.384518E-5,   629.78272, 9.617531E-12,   146.23131,          NaN,         NaN
  5925.0,  4.166561E-5,   390.75809,  3.854707E-5,   630.80360, 6.543522E-12,   147.61794,          NaN,         NaN
  5930.0,  3.450193E-5,   389.91221,  2.799535E-5,   630.45731, 1.074539E-11,   146.77487,          NaN,         NaN
  5935.0,  2.307695E-5,   390.35000,  5.027899E-5,   629.81093, 9.910832E-12,   146.08444,          NaN,         NaN
  5940.0,  5.026950E-5,   389.71159,  7.955409E-5,   631.06498, 1.029128E-11,   144.79672,          NaN,         NaN
  5945.0,  2.761049E-5,   391.45403,  5.355453E-5,   631.63434, 1.023660E-11,   143.12386,          NaN,         NaN
  5950.0,  6.043840E-5,   391.82904,  4.659835E-5,   632.09396, 7.622529E-12,   145.13188,          NaN,         NaN
  5955.0,  4.027083E-5,   390.48270,  8.596168E-5,   631.82419, 1.195733E-11,   143.52976,          NaN,         NaN
  5960.0,  2.958199E-5,   389.85903,  1.247734E-4,   633.74098, 2.058642E-11,   144.64560,          NaN,         NaN
  5965.0,  2.570535E-5,   390.45076,  3.656597E-5,   633.10337, 5.000665E-12,   145.36497,          NaN,         NaN
  5970.0,  5.412132E-5,   391.65861,  3.749709E-5,   633.60053, 4.865315E-12,   145.23492,          NaN,         NaN
  5975.0,  4.033390E-5,   392.94137,  4.069052E-5,   634.04372, 8.542138E-12,   144.03386,          NaN,         NaN
  5980.0,  3.204406E-5,   393.61503,  5.477133E-5,   634.68413, 8.563063E-12,   143.64415,          NaN,         NaN
  5985.0,  2.458864E-5,   392.81359,  3.967537E-5,   635.71764, 1.246098E-11,   142.64764,          NaN,         NaN
  5990.0,  3.695137E-5,   392.39735,  5.631605E-5,   635.80181, 9.359356E-12,   140.75141,          NaN,         NaN
  5995.0,  5.210209E-5,   393.73018,  4.670577E-5,   635.11617, 1.304171E-11,   139.04262,          NaN,         NaN
  6000.0,  4.066963E-5,   393.92845,  3.261577E-5,   633.87347, 8.431208E-12,   139.76631,          NaN,         NaN
  6005.0,  2.750942E-5,   392.54571,  3.723753E-5,   632.97213, 6.870263E-12,   139.78722,          NaN,         NaN
  6010.0,  4.884909E-5,   393.65290,  3.732606E-5,   633.43938, 5.412125E-12,   139.98916,          NaN,         NaN
  6015.0,  2.986661E-5,   394.72838,  2.892703E-5,   633.53634, 6.115115E-12,   139.71396,          NaN,         NaN
  6020.0,  4.441376E-5,   395.19055,  3.764371E-5,   632.80188, 8.554903E-12,   139.29820,          NaN,         NaN
  6025.0,  4.092837E-5,   395.75818,  2.497180E-5,   632.89942, 9.563277E-12,   140.39897,          NaN,         NaN
  6030.0,  4.739244E-5,   397.38600,  5.653113E-5,   634.00277, 1.289589E-11,   138.84944,          NaN,         NaN
  6035.0,  7.409416E-5,   398.43717,  4.495339E-5,   635.36720, 7.649417E-12,   138.53919,          NaN,         NaN
  6040.0,  5.473450E-5,   397.15589,  3.432534E-5,   635.47127, 5.901280E-12,   139.31366,          NaN,         NaN
  6045.0,  3.100710E-5,   398.71332,  4.583346E-5,   635.87827, 7.510138E-12,   139.83260,          NaN,         NaN
  6050.0,  5.396839E-5,   398.33036,  5.783401E-5,   637.10321, 6.493278E-12,   141.09946,          NaN,         NaN
  6055.0,  3.418195E-5,   399.05066,  3.651967E-5,   636.52653, 7.556062E-12,   140.54792,          NaN,         NaN
  6060.0,  4.246541E-5,   398.33358,  6.869439E-5,   636.18540, 1.130489E-11,   139.34748,          NaN,         NaN
  6065.0,  5.620874E-5,   397.81469,  4.366723E-5,   637.94035, 7.296814E-12,   140.74914,          NaN,         NaN
  6070.0,  4.589501E-5,   397.48280,  2.475183E-5,   638.50305, 6.181157E-12,   139.34522,          NaN,         NaN
  6075.0,  4.591267E-5,   399.72452,  4.155626E-5,   638.08537, 1.316611E-11,   137.61374,          NaN,         NaN
  6080.0,  3.402260E-5,   399.00830,  4.110876E-5,   639.20787, 6.833883E-12,   139.20727,          NaN,         NaN
  6085.0,  2.747550E-5,   399.97102,  4.945980E-5,   639.16562, 8.350833E-12,   139.85760,          NaN,         NaN
  6090.0,  3.337847E-5,   399.59812,  3.085260E-5,   638.06502, 1.308513E-11,   140.69680,          NaN,         NaN
  6095.0,  4.590586E-5,   400.82070,  2.628063E-5,   638.15320, 6.493789E-12,   141.27179,          NaN,         NaN
  6100.0,  3.523557E-5,   401.29518,  4.018748E-5,   637.99254, 6.862129E-12,   141.47733,          NaN,         NaN
  6105.0,  3.934025E-5,   401.87185,  3.788289E-5,   639.33246, 6.959665E-12,   142.44592,          NaN,         NaN
  6110.0,  4.754193E-5,   401.52044,  2.532243E-5,   640.43971, 9.168160E-12,   142.00250,          NaN,         NaN
  6115.0,  5.199706E-5,   400.68057,  3.473544E-5,   639.36179, 7.362254E-12,   143.38506,          NaN,         NaN
  6120.0,  4.064036E-5,   402.43632,  6.153109E-5,   638.24367, 7.334787E-12,   143.48371,          NaN,         NaN
  6125.0,  2.863441E-5,   401.34626,  2.098608E-5,   637.67888, 1.192699E-11,   143.68739,          NaN,         NaN
  6130.0,  3.801788E-5,   400.53075,  4.889207E-5,   638.38115, 5.958356E-12,   144.51443,          NaN,         NaN
  6135.0,  3.993175E-5,   401.20627,  4.636274E-5,   640.74588, 5.650955E-12,   145.54047,          NaN,         NaN
  6140.0,  3.476868E-5,   401.39820,  3.360929E-5,   641.69669, 9.878366E-12,   146.31027,          NaN,         NaN
  6145.0,  3.409585E-5,   401.26759,  4.260010E-5,   641.28586, 9.989428E-12,   146.09276,          NaN,         NaN
  6150.0,  5.353781E-5,   402.46756,  4.542762E-5,   643.21724, 6.967711E-12,   146.31711,          NaN,         NaN
  6155.0,  3.285475E-5,   401.32735,  2.876693E-5,   643.51915, 9.670791E-12,   147.82130,          NaN,         NaN
  6160.0,  2.768017E-5,   402.18017,  2.704208E-5,   644.24505, 9.453911E-12,   147.51368,          NaN,         NaN
  6165.0,  3.428706E-5,   401.46644,  3.924860E-5,   644.44927, 8.709428E-12,   146.60684,          NaN,         NaN
  6170.0,  4.541410E-5,   401.01820,  4.331666E-5,   643.80646, 9.830350E-12,   147.42646,          NaN,         NaN
  6175.0,  4.118316E-5,   402.98831,  4.851619E-5,   644.57447, 1.153609E-11,   147.81509,          NaN,         NaN
  6180.0,  4.279053E-5,   404.48605,  5.082592E-5,   645.86227, 6.398574E-12,   148.92636,          NaN,         NaN
  6185.0,  4.215857E-5,   404.56218,  4.016794E-5,   645.88378, 6.491166E-12,   150.61652,          NaN,         NaN
  6190.0,  4.234515E-5,   402.60398,  6.403799E-5,   646.68326, 7.022756E-12,   149.45406,          NaN,         NaN
  6195.0,  3.131645E-5,   401.93096,  3.811344E-5,   648.14556, 6.881218E-12,   149.73413,          NaN,         NaN
  6200.0,  2.375863E-5,   400.56212,  3.165508E-5,   647.01854, 8.794685E-12,   150.50837,          NaN,         NaN
  6205.0,  5.874799E-5,   400.80742,  2.497970E-5,   646.94478, 6.407633E-12,   149.91356,          NaN,         NaN
  6210.0,  4.563837E-5,   401.94363,  4.584288E-5,   646.53522, 9.100541E-12,   149.12455,          NaN,         NaN
  6215.0,  3.497792E-5,   400.82332,  2.893891E-5,   645.84779, 6.903138E-12,   147.86232,          NaN,         NaN
  6220.0,  4.044931E-5,   400.34292,  6.058211E-5,   646.07112, 1.105713E-11,   147.29880,          NaN,         NaN
  6225.0,  3.205963E-5,   401.24889,  2.918102E-5,   646.02805, 7.993635E-12,   146.99478,          NaN,         NaN
  6230.0,  4.027377E-5,   399.56726,  2.661597E-5,   646.09678, 1.175334E-11,   146.60293,          NaN,         NaN
  6235.0,  6.527761E-5,   398.89829,  3.833574E-5,   646.18798, 1.040039E-11,   144.84705,          NaN,         NaN
  6240.0,  3.296887E-5,   400.47102,  7.870277E-5,   647.75145, 1.237517E-11,   143.67314,          NaN,         NaN
  6245.0,  6.074108E-5,   401.15321,  3.369336E-5,   648.38565, 6.885390E-12,   142.42067,          NaN,         NaN
  6250.0,  7.134441E-5,   399.16857,  4.058496E-5,   648.81860, 9.274620E-12,   141.46347,          NaN,         NaN
  6255.0,  4.598364E-5,   401.33147,  6.770240E-5,   649.39378, 7.883593E-12,   140.46331,          NaN,         NaN
  6260.0,  3.228959E-5,   400.95589,  5.367642E-5,   647.57982, 6.303959E-12,   138.82271,          NaN,         NaN
  6265.0,  3.693022E-5,   399.80902,  3.441382E-5,   648.47392, 6.879245E-12,   138.27070,          NaN,         NaN
  6270.0,  2.832966E-5,   400.23075,  3.851579E-5,   649.33261, 7.080281E-12,   138.73696,          NaN,         NaN
  6275.0,  7.236086E-5,   398.75234,  4.587100E-5,   650.50255, 9.520769E-12,   138.72984,          NaN,         NaN
  6280.0,  2.666419E-5,   399.31748,  2.733881E-5,   649.62290, 5.247845E-12,   138.71668,          NaN,         NaN
  6285.0,  3.628566E-5,   399.38488,  2.929127E-5,   650.26788, 1.613884E-11,   139.22125,          NaN,         NaN
  6290.0,  3.032563E-5,   399.00735,  9.073570E-5,   651.77714, 1.060770E-11,   138.31051,          NaN,         NaN
  6295.0,  2.275757E-5,   399.95347,  5.007489E-5,   650.25367, 1.095086E-11,   140.17072,          NaN,         NaN
  6300.0,  4.472467E-5,   398.87581,  3.851681E-5,   651.21757, 3.775073E-12,   140.62377,          NaN,         NaN
  6305.0,  3.993234E-5,   400.42727,  2.921396E-5,   651.13647, 1.013415E-11,   140.93015,          NaN,         NaN
  6310.0,  5.493358E-5,   400.54381,  3.243177E-5,   650.18173, 1.093366E-11,   142.13227,          NaN,         NaN
  6315.0,  2.790535E-5,   399.31840,  2.824881E-5,   650.94559, 1.012814E-11,   143.66431,          NaN,         NaN
  6320.0,  3.957114E-5,   400.18925,  1.988068E-5,   650.43744, 1.017107E-11,   145.61585,          NaN,         NaN
  6325.0,  5.401914E-5,   399.29860,  3.089038E-5,   649.34914, 8.325020E-12,   145.77961,          NaN,         NaN
  6330.0,  2.990047E-5,   400.13588,  4.769037E-5,   650.85139, 6.212020E-12,   146.20184,          NaN,         NaN
  6335.0,  2.721624E-5,   400.27258,  5.181539E-5,   651.91277, 8.283992E-12,   146.41475,          NaN,         NaN
  6340.0,  2.743681E-5,   399.66539,  2.498954E-5,   651.87515, 8.670858E-12,   145.61324,          NaN,         NaN
  6345.0,  6.898761E-5,   398.33877,  2.227190E-5,   652.03635, 5.083196E-12,   145.61598,          NaN,         NaN
  6350.0,  5.078577E-5,   399.26128,  3.778312E-5,   650.82526, 1.047654E-11,   145.64952,          NaN,         NaN
  6355.0,  2.281094E-5,   399.68822,  4.296913E-5,   650.17100, 1.226307E-11,   145.28278,          NaN,         NaN
  6360.0,  2.784605E-5,   399.06526,  5.328002E-5,   650.23665, 5.641457E-12,   146.32362,          NaN,         NaN
  6365.0,  4.420539E-5,   399.02396,  5.468844E-5,   651.09542, 7.273604E-12,   144.26662,          NaN,         NaN
  6370.0,  3.920683E-5,   400.55126,  3.429527E-5,   651.82176, 8.633409E-12,   143.85755,          NaN,         NaN
  6375.0,  3.221037E-5,   399.74665,  4.215527E-5,   651.09018, 8.388559E-12,   142.54989,          NaN,         NaN
  6380.0,  3.869800E-5,   400.04610,  4.240391E-5,   651.87911, 7.524692E-12,   143.80908,          NaN,         NaN
  6385.0,  2.690930E-5,   399.32881,  3.656654E-5,   652.61695, 8.293353E-12,   145.30505,          NaN,         NaN
  6390.0,  2.300178E-5,   398.80410,  3.240706E-5,   653.08381, 8.512926E-12,   144.12751,          NaN,         NaN
  6395.0,  5.161287E-5,   398.66943,  4.782885E-5,   652.39663, 8.597931E-12,   145.09849,          NaN,         NaN
  6400.0,  4.175693E-5,   399.86123,  3.754817E-5,   653.89222, 7.072680E-12,   146.88046,          NaN,         NaN
  6405.0,  2.811601E-5,   399.50224,  5.341790E-5,   655.72623, 5.967950E-12,   146.08152,          NaN,         NaN
  6410.0,  2.689803E-5,   399.69323,  4.423630E-5,   655.59892, 9.140593E-12,   145.26839,          NaN,         NaN
  6415.0,  5.282777E-5,   400.66306,  3.213269E-5,   655.68766, 7.253208E-12,   144.78885,          NaN,         NaN
  6420.0,  4.972821E-5,   400.91185,  2.692768E-5,   654.95834, 9.609291E-12,   145.25063,          NaN,         NaN
  6425.0,  2.988449E-5,   401.00888,  1.892191E-5,   654.83014, 1.169874E-11,   147.56019,          NaN,         NaN
  6430.0,  4.416783E-5,   401.57095,  4.921355E-5,   655.34616, 1.115883E-11,   147.48099,          NaN,         NaN
  6435.0,  3.084911E-5,   401.60001,  3.877573E-5,   654.46355, 1.681938E-11,   148.27542,          NaN,         NaN
  6440.0,  1.942143E-5,   401.34158,  3.446488E-5,   654.50548, 8.681167E-12,   148.50036,          NaN,         NaN
  6445.0,  3.857164E-5,   400.70936,  7.246377E-5,   654.23856, 6.156732E-12,   148.93349,          NaN,         NaN
  6450.0,  2.764361E-5,   400.44163,  2.982737E-5,   653.16506, 5.868480E-12,   149.41092,          NaN,         NaN
  6455.0,  5.429529E-5,   401.19966,  2.215731E-5,   652.39364, 1.732663E-11,   148.88606,          NaN,         NaN
  6460.0,  3.741664E-5,   400.58559,  3.582517E-5,   652.29044, 9.230159E-12,   147.55955,          NaN,         NaN
  6465.0,  2.809681E-5,   400.55165,  1.659959E-5,   652.74247, 5.510128E-12,   147.11810,          NaN,         NaN
  6470.0,  3.643921E-5,   401.07061,  3.129412E-5,   652.80630, 4.038647E-12,   147.19320,          NaN,         NaN
  6475.0,  5.366553E-5,   402.19244,  4.774287E-5,   654.82371, 8.901307E-12,   146.63334,          NaN,         NaN
  6480.0,  6.397734E-5,   403.27270,  3.344287E-5,   653.25675, 9.570172E-12,   144.93219,          NaN,         NaN
  6485.0,  3.502041E-5,   401.99939,  4.008636E-5,   651.43521, 4.943738E-12,   145.31722,          NaN,         NaN
  6490.0,  2.910021E-5,   402.08054,  5.373470E-5,   649.96232, 1.379268E-11,   145.46883,          NaN,         NaN
  6495.0,  2.116257E-5,   401.05885,  4.849495E-5,   649.10131, 1.019541E-11,   147.70379,          NaN,         NaN
  6500.0,  4.521509E-5,   400.08292,  2.942453E-5,   648.63762, 1.041794E-11,   146.30075,          NaN,         NaN
  6505.0,  4.743994E-5,   398.67929,  2.839331E-5,   647.41693, 1.040070E-11,   145.72504,          NaN,         NaN
  6510.0,  2.998702E-5,   399.18420,  5.282399E-5,   649.15146, 1.100283E-11,   144.52368,          NaN,         NaN
  6515.0,  6.485673E-5,   397.90462,  5.242398E-5,   649.65468, 5.215617E-12,   143.37745,          NaN,         NaN
  6520.0,  2.790002E-5,   399.34057,  3.902737E-5,   647.96111, 9.171848E-12,   143.47820,          NaN,         NaN
  6525.0,  4.461473E-5,   401.26454,  5.586242E-5,   646.06002, 9.685631E-12,   144.01795,          NaN,         NaN
  6530.0,  3.113627E-5,   401.05384,  3.770123E-5,   647.56621, 6.014273E-12,   144.51179,          NaN,         NaN
  6535.0,  6.919210E-5,   400.65124,  6.279021E-5,   648.09718, 1.110384E-11,   144.44957,          NaN,         NaN
  6540.0,  3.518647E-5,   399.80933,  4.768828E-5,   648.60623, 6.562940E-12,   143.69412,          NaN,         NaN
  6545.0,  7.107842E-5,   398.81628,  4.696589E-5,   648.61279, 9.278693E-12,   144.83226,          NaN,         NaN
  6550.0,  3.899608E-5,   400.35498,  2.384956E-5,   649.65387, 8.216691E-12,   143.57385,          NaN,         NaN
  6555.0,  4.564464E-5,   401.19578,  4.360001E-5,   650.20945, 1.466533E-11,   144.42930,          NaN,         NaN
  6560.0,  3.973781E-5,   402.45784,  3.783140E-5,   649.39705, 6.937257E-12,   142.56189,          NaN,         NaN
  6565.0,  4.033218E-5,   402.92708,  6.442297E-5,   648.07653, 7.391322E-12,   141.23316,          NaN,         NaN
  6570.0,  3.243225E-5,   404.12197,  2.635852E-5,   648.66561, 1.078190E-11,   140.88383,          NaN,         NaN
  6575.0,  2.791222E-5,   405.30402,  5.026467E-5,   647.71860, 7.090717E-12,   139.30016,          NaN,         NaN
  6580.0,  3.461267E-5,   404.08283,  5.922966E-5,   649.40715, 8.863862E-12,   138.18493,          NaN,         NaN
  6585.0,  4.009814E-5,   404.77204,  2.973025E-5,   647.26623, 1.091709E-11,   139.43208,          NaN,         NaN
  6590.0,  2.462071E-5,   403.74422,  3.662527E-5,   648.38929, 6.733355E-12,   138.91986,          NaN,         NaN
  6595.0,  4.721054E-5,   404.38307,  1.918496E-5,   648.03322, 1.274396E-11,   140.60508,          NaN,         NaN
  6600.0,  2.749767E-5,   402.81729,  5.700473E-5,   647.03731, 5.195873E-12,   140.62607,          NaN,         NaN
  6605.0,  3.976311E-5,   401.38499,  2.854641E-5,   645.04384, 8.681194E-12,   138.83990,          NaN,         NaN
  6610.0,  4.012559E-5,   402.60237,  5.219435E-5,   646.84009, 7.311546E-12,   137.55692,          NaN,         NaN
  6615.0,  2.964050E-5,   403.77064,  3.717471E-5,   645.51323, 8.030823E-12,   136.70682,          NaN,         NaN
  6620.0,  3.117041E-5,   402.89886,  2.364119E-5,   645.36577, 1.102186E-11,   136.79089,          NaN,         NaN
  6625.0,  3.721334E-5,   404.06686,  3.087894E-5,   646.42206, 6.870522E-12,   136.25487,          NaN,         NaN
  6630.0,  4.541635E-5,   405.84032,  5.557002E-5,   645.63350, 1.233325E-11,   137.55111,          NaN,         NaN
  6635.0,  3.662260E-5,   407.68400,  3.767055E-5,   645.49704, 8.261137E-12,   138.32620,          NaN,         NaN
  6640.0,  5.430924E-5,   407.80425,  3.512381E-5,   646.56720, 5.235015E-12,   138.70244,          NaN,         NaN
  6645.0,  3.052753E-5,   407.04452,  3.603474E-5,   645.98413, 8.589931E-12,   138.02911,          NaN,         NaN
  6650.0,  5.484405E-5,   407.17444,  4.210950E-5,   646.46655, 5.162258E-12,   137.48231,          NaN,         NaN
  6655.0,  5.995081E-5,   408.97012,  2.814004E-5,   646.20708, 6.397351E-12,   137.77697,          NaN,         NaN
  6660.0,  3.709391E-5,   409.40992,  2.352893E-5,   646.62901, 9.541197E-12,   136.56413,          NaN,         NaN
  6665.0,  3.331137E-5,   409.25100,  2.958802E-5,   646.84027, 9.596148E-12,   135.39597,          NaN,         NaN
  6670.0,  6.746158E-5,   409.50890,  2.836711E-5,   647.04842, 1.257455E-11,   136.88136,          NaN,         NaN
  6675.0,  3.047712E-5,   410.76474,  2.809618E-5,   647.87184, 1.124736E-11,   134.61729,          NaN,         NaN
  6680.0,  4.875032E-5,   409.47181,  4.560385E-5,   648.62154, 7.747615E-12,   136.29562,          NaN,         NaN
  6685.0,  3.154804E-5,   409.59074,  2.978660E-5,   647.23813, 6.883059E-12,   137.28509,          NaN,         NaN
  6690.0,  6.247961E-5,   410.84751,  4.408340E-5,   647.16082, 5.459490E-12,   137.48098,          NaN,         NaN
  6695.0,  4.964953E-5,   411.62969,  3.528844E-5,   647.35827, 6.469701E-12,   136.28229,          NaN,         NaN
  6700.0,  4.015061E-5,   411.30228,  2.444924E-5,   646.63032, 1.076976E-11,   135.67364,          NaN,         NaN
  6705.0,  4.177467E-5,   411.49939,  5.212340E-5,   647.63247, 1.076504E-11,   135.93984,          NaN,         NaN
  6710.0,  6.963546E-5,   412.62720,  3.030893E-5,   646.34448, 1.233567E-11,   137.20709,          NaN,         NaN
  6715.0,  2.246371E-5,   411.99026,  3.347282E-5,   646.13990, 9.011310E-12,   135.20416,          NaN,         NaN
  6720.0,  7.123521E-5,   411.84891,  7.642716E-5,   646.35787, 6.670104E-12,   133.96061,          NaN,         NaN
  6725.0,  4.062040E-5,   413.67914,  3.197885E-5,   646.60846, 5.200313E-12,   133.24626,          NaN,         NaN
  6730.0,  3.111424E-5,   412.73917,  3.766977E-5,   647.51355, 9.950567E-12,   132.55079,          NaN,         NaN
  6735.0,  2.537722E-5,   412.82856,  4.743489E-5,   649.50305, 1.867542E-11,   130.68344,          NaN,         NaN
  6740.0,  5.647137E-5,   412.97446,  4.811574E-5,   650.69344, 9.013824E-12,   129.93186,          NaN,         NaN
  6745.0,  2.363229E-5,   412.71308,  7.057273E-5,   650.27265, 9.400086E-12,   129.28455,          NaN,         NaN
  6750.0,  6.172341E-5,   411.75918,  2.366045E-5,   649.24733, 5.475927E-12,   128.75978,          NaN,         NaN
  6755.0,  2.356210E-5,   411.06246,  1.984613E-5,   648.98527, 1.042446E-11,   129.50414,          NaN,         NaN
  6760.0,  2.418489E-5,   411.34945,  3.018231E-5,   650.03606, 5.735071E-12,   128.30070,          NaN,         NaN
  6765.0,  4.260179E-5,   411.02431,  3.209552E-5,   651.63045, 8.127561E-12,   127.28021,          NaN,         NaN
  6770.0,  3.485241E-5,   410.74995,  4.498648E-5,   653.14407, 8.493245E-12,   127.40361,          NaN,         NaN
  6775.0,  4.093347E-5,   410.90216,  3.576312E-5,   652.99804, 9.718551E-12,   128.75584,          NaN,         NaN
  6780.0,  4.750048E-5,   412.07605,  2.606023E-5,   653.97521, 7.627601E-12,   129.79305,          NaN,         NaN
  6785.0,  2.402015E-5,   412.02538,  3.407251E-5,   652.69023, 1.963947E-11,   128.62734,          NaN,         NaN
  6790.0,  3.068981E-5,   411.95891,  2.043562E-5,   652.38112, 1.432859E-11,   127.33733,          NaN,         NaN
  6795.0,  3.660870E-5,   410.93436,  3.126809E-5,   652.68952, 5.259723E-12,   127.24858,          NaN,         NaN
  6800.0,  2.519849E-5,   411.66381,  2.626481E-5,   654.13469, 6.944499E-12,   128.03736,          NaN,         NaN
  6805.0,  2.916107E-5,   412.18128,  3.288675E-5,   654.78099, 4.285359E-12,   128.50612,          NaN,         NaN
  6810.0,  3.619028E-5,   411.42193,  3.992599E-5,   654.16348, 9.132517E-12,   128.34111,          NaN,         NaN
  6815.0,  9.147020E-5,   409.98655,  4.378103E-5,   656.31526, 1.430559E-11,   130.86605,          NaN,         NaN
  6820.0,  3.669427E-5,   409.81731,  3.675549E-5,   655.41619, 5.152567E-12,   132.69444,          NaN,         NaN
  6825.0,  1.731105E-5,   410.24914,  3.469143E-5,   656.61043, 1.300760E-11,   130.78087,          NaN,         NaN
  6830.0,  3.514968E-5,   411.25728,  4.280814E-5,   654.73074, 8.321011E-12,   130.07479,          NaN,         NaN
  6835.0,  5.648191E-5,   410.62184,  3.869826E-5,   653.68127, 4.723728E-12,   130.85817,          NaN,         NaN
  6840.0,  4.485506E-5,   411.57088,  4.135760E-5,   652.55324, 4.645499E-12,   130.80919,          NaN,         NaN
  6845.0,  3.374820E-5,   410.84574,  3.246053E-5,   654.32741, 6.378887E-12,   130.29402,          NaN,         NaN
  6850.0,  1.904871E-5,   411.49135,  2.366951E-5,   654.33088, 5.250695E-12,   131.12260,          NaN,         NaN
  6855.0,  3.275683E-5,   412.53980,  4.421856E-5,   652.65790, 4.651134E-12,   130.94973,          NaN,         NaN
  6860.0,  5.594501E-5,   411.40375,  3.493178E-5,   653.55824, 7.580611E-12,   130.73288,          NaN,         NaN
  6865.0,  4.236962E-5,   412.02433,  5.203471E-5,   653.41373, 6.311456E-12,   132.08215,          NaN,         NaN
  6870.0,  2.711051E-5,   413.35485,  4.083388E-5,   654.95647, 6.744616E-12,   131.11359,          NaN,         NaN
  6875.0,  4.178575E-5,   414.81774,  2.698201E-5,   653.98015, 6.248340E-12,   130.54674,          NaN,         NaN
  6880.0,  2.500796E-5,   414.11481,  2.838283E-5,   654.41606, 7.868527E-12,   130.22950,          NaN,         NaN
  6885.0,  3.878777E-5,   414.38350,  4.746221E-5,   656.03274, 7.440820E-12,   129.74055,          NaN,         NaN
  6890.0,  2.917354E-5,   413.01498,  3.684364E-5,   654.73806, 1.003194E-11,   127.94534,          NaN,         NaN
  6895.0,  2.463585E-5,   414.07015,  3.127660E-5,   655.25037, 1.247422E-11,   127.36843,          NaN,         NaN
  6900.0,  2.765349E-5,   415.17482,  8.113437E-5,   656.20698, 7.458047E-12,   126.61486,          NaN,         NaN
  6905.0,  3.897621E-5,   413.92094,  2.888779E-5,   657.80974, 7.770195E-12,   126.70561,          NaN,         NaN
  6910.0,  3.419314E-5,   414.27748,  2.814107E-5,   658.43035, 9.166961E-12,   126.49147,          NaN,         NaN
  6915.0,  2.978496E-5,   415.07298,  3.418303E-5,   657.10834, 4.925463E-12,   125.39948,          NaN,         NaN
  6920.0,  4.658186E-5,   414.33871,  5.363096E-5,   654.82956, 1.192874E-11,   125.59988,          NaN,         NaN
  6925.0,  3.757980E-5,   414.13681,  3.400433E-5,   654.51628, 1.542649E-11,   123.86230,          NaN,         NaN
  6930.0,  2.507280E-5,   414.31098,  4.484409E-5,   653.58501, 8.794913E-12,   123.83803,          NaN,         NaN
  6935.0,  3.831186E-5,   415.57185,  3.873468E-5,   652.08062, 6.627778E-12,   124.00291,          NaN,         NaN
  6940.0,  4.030746E-5,   414.30994,  4.405932E-5,   651.38024, 6.446258E-12,   123.99856,          NaN,         NaN
  6945.0,  2.942536E-5,   415.97953,  2.612159E-5,   652.28073, 5.769970E-12,   124.54474,          NaN,         NaN
  6950.0,  2.460545E-5,   415.42199,  6.152587E-5,   652.34405, 1.067310E-11,   125.16559,          NaN,         NaN
  6955.0,  4.734261E-5,   416.12536,  3.031404E-5,   651.49431, 5.045967E-12,   123.81435,          NaN,         NaN
  6960.0,  1.388692E-5,   415.32687,  4.371534E-5,   652.45412, 7.214649E-12,   122.92856,          NaN,         NaN
  6965.0,  3.388857E-5,   416.28390,  5.945192E-5,   654.04901, 8.688774E-12,   123.44513,          NaN,         NaN
  6970.0,  2.029435E-5,   415.93158,  3.955542E-5,   653.13761, 8.312891E-12,   123.15641,          NaN,         NaN
  6975.0,  6.693488E-5,   416.12130,  2.905639E-5,   652.07699, 1.653619E-11,   121.58650,          NaN,         NaN
  6980.0,  4.979717E-5,   417.80434,  4.131735E-5,   652.08528, 5.804992E-12,   120.29510,          NaN,         NaN
  6985.0,  3.026993E-5,   416.90324,  3.526423E-5,   652.90664, 7.919636E-12,   119.43655,          NaN,         NaN
  6990.0,  4.443817E-5,   418.12873,  2.108641E-5,   652.19316, 4.653534E-12,   119.57424,          NaN,         NaN
  6995.0,  2.375700E-5,   418.89916,  4.226541E-5,   652.60630, 6.188977E-12,   118.63948,          NaN,         NaN
  7000.0,  3.377662E-5,   418.43020,  5.214236E-5,   652.17653, 1.193755E-11,   117.85838,          NaN,         NaN
  7005.0,  2.715356E-5,   417.99412,  2.721409E-5,   653.48539, 5.557231E-12,   116.59796,          NaN,         NaN
  7010.0,  5.446466E-5,   418.23386,  3.561316E-5,   652.22874, 5.983907E-12,   116.93142,          NaN,         NaN
  7015.0,  3.724735E-5,   419.10053,  4.839539E-5,   652.36016, 9.285797E-12,   118.11468,          NaN,         NaN
  7020.0,  3.449912E-5,   418.55468,  5.892739E-5,   652.55357, 4.270716E-12,   118.40628,          NaN,         NaN
  7025.0,  3.221850E-5,   418.94566,  4.091335E-5,   652.67992, 7.428733E-12,   118.14133,          NaN,         NaN
  7030.0,  6.295516E-5,   420.32972,  3.470457E-5,   653.14710, 8.842637E-12,   118.28226,          NaN,         NaN
  7035.0,  3.519614E-5,   419.87099,  2.292350E-5,   653.45165, 1.295843E-11,   119.23537,          NaN,         NaN
  7040.0,  3.379761E-5,   419.45660,  2.220297E-5,   653.45597, 1.188916E-11,   118.25845,          NaN,         NaN
  7045.0,  4.103294E-5,   418.73021,  4.067320E-5,   652.41154, 5.129734E-12,   116.94467,          NaN,         NaN
  7050.0,  3.709894E-5,   420.37038,  6.615295E-5,   652.74818, 9.652001E-12,   117.70117,          NaN,         NaN
  7055.0,  5.749743E-5,   421.47381,  2.660276E-5,   651.37053, 6.465677E-12,   119.22902,          NaN,         NaN
  7060.0,  4.833789E-5,   420.19872,  4.574655E-5,   652.99328, 6.821376E-12,   119.69014,          NaN,         NaN
  7065.0,  2.868880E-5,   420.69832,  1.964725E-5,   653.68172, 5.759999E-12,   118.71043,          NaN,         NaN
  7070.0,  4.864990E-5,   420.06299,  5.271018E-5,   652.55591, 6.988677E-12,   118.71903,          NaN,         NaN
  7075.0,  4.495136E-5,   421.21976,  2.417872E-5,   653.61901, 6.419738E-12,   118.69684,          NaN,         NaN
  7080.0,  2.642034E-5,   421.47327,  2.919837E-5,   653.91288, 7.458414E-12,   118.30110,          NaN,         NaN
  7085.0,  4.038253E-5,   422.60205,  2.902584E-5,   652.41246, 6.905421E-12,   119.17027,          NaN,         NaN
  7090.0,  2.981227E-5,   423.42538,  4.430992E-5,   653.20072, 4.947909E-12,   118.40391,          NaN,         NaN
  7095.0,  8.017717E-5,   422.39086,  5.460536E-5,   651.77558, 9.194279E-12,   119.48912,          NaN,         NaN
  7100.0,  2.148127E-5,   421.30078,  6.700854E-5,   651.34273, 9.023052E-12,   119.01179,          NaN,         NaN
  7105.0,  3.173347E-5,   422.44870,  3.306630E-5,   649.68363, 4.755490E-12,   118.56123,          NaN,         NaN
  7110.0,  4.442856E-5,   423.57960,  3.291084E-5,   651.35906, 1.038139E-11,   117.67994,          NaN,         NaN
  7115.0,  3.237553E-5,   422.37394,  4.282686E-5,   652.40318, 7.678829E-12,   119.59732,          NaN,         NaN
  7120.0,  2.632079E-5,   422.48171,  2.632545E-5,   653.52210, 5.560454E-12,   118.66240,          NaN,         NaN
  7125.0,  6.122557E-5,   422.42845,  3.765109E-5,   652.63814, 6.237734E-12,   119.28006,          NaN,         NaN
  7130.0,  5.224224E-5,   423.17256,  4.551027E-5,   652.75367, 7.832215E-12,   119.64396,          NaN,         NaN
  7135.0,  2.952875E-5,   422.89250,  2.224850E-5,   651.10114, 8.750433E-12,   117.77477,          NaN,         NaN
  7140.0,  2.118338E-5,   422.16901,  2.817801E-5,   650.32022, 4.226845E-12,   116.76858,          NaN,         NaN
  7145.0,  4.253696E-5,   421.98316,  4.141321E-5,   649.31962, 4.674657E-12,   116.99720,          NaN,         NaN
  7150.0,  2.639544E-5,   423.09630,  3.594774E-5,   650.32143, 1.000826E-11,   117.52979,          NaN,         NaN
  7155.0,  1.856200E-5,   423.97112,  2.725310E-5,   649.58344, 1.043610E-11,   118.34110,          NaN,         NaN
  7160.0,  2.364653E-5,   423.26846,  3.108777E-5,   648.50432, 1.090908E-11,   116.93243,          NaN,         NaN
  7165.0,  3.173924E-5,   423.07318,  4.785781E-5,   648.60475, 6.531235E-12,   117.22748,          NaN,         NaN
  7170.0,  2.429769E-5,   423.09591,  3.580413E-5,   647.69664, 1.109987E-11,   115.45161,          NaN,         NaN
  7175.0,  2.292623E-5,   423.85063,  6.740267E-5,   648.73045, 7.454706E-12,   114.72222,          NaN,         NaN
  7180.0,  4.363098E-5,   423.61384,  2.425868E-5,   648.47261, 1.242948E-11,   114.89790,          NaN,         NaN
  7185.0,  2.629540E-5,   423.33370,  2.405947E-5,   648.23361, 6.348044E-12,   114.85941,          NaN,         NaN
  7190.0,  4.275054E-5,   423.96513,  4.734121E-5,   649.75759, 5.185092E-12,   114.31775,          NaN,         NaN
  7195.0,  3.102436E-5,   424.73474,  2.577860E-5,   649.12034, 8.037857E-12,   114.00800,          NaN,         NaN
  7200.0,  3.412969E-5,   425.43252,  2.226434E-5,   648.46795, 8.416720E-12,   113.44222,          NaN,         NaN
  7205.0,  2.770740E-5,   424.80655,  1.870507E-5,   648.59786, 6.949995E-12,   113.57491,          NaN,         NaN
  7210.0,  3.300374E-5,   425.29745,  5.206791E-5,   649.19015, 8.761722E-12,   112.79741,          NaN,         NaN
  7215.0,  3.365148E-5,   424.72917,  3.198523E-5,   651.10601, 1.029636E-11,   114.18290,          NaN,         NaN
  7220.0,  1.968302E-5,   424.41145,  3.301382E-5,   649.02885, 1.000158E-11,   113.66320,          NaN,         NaN
  7225.0,  3.775847E-5,   423.85193,  2.999025E-5,   648.30314, 9.775504E-12,   112.27545,          NaN,         NaN
  7230.0,  5.317870E-5,   425.48909,  2.249839E-5,   647.02868, 7.348911E-12,   114.19425,          NaN,         NaN
  7235.0,  4.425080E-5,   426.14824,  2.001261E-5,   647.94878, 6.629383E-12,   113.00183,          NaN,         NaN
  7240.0,  4.065601E-5,   426.57052,  3.338812E-5,   647.51631, 7.203634E-12,   113.88673,          NaN,         NaN
  7245.0,  5.295138E-5,   426.59782,  4.174497E-5,   647.85584, 1.025789E-11,   114.80777,          NaN,         NaN
  7250.0,  2.365601E-5,   426.80062,  3.127199E-5,   646.85829, 8.839630E-12,   113.49050,          NaN,         NaN
  7255.0,  2.538042E-5,   425.76138,  8.627320E-5,   647.80788, 7.704504E-12,   114.14358,          NaN,         NaN
  7260.0,  4.022195E-5,   426.49941,  3.500913E-5,   648.24130, 5.789433E-12,   115.26295,          NaN,         NaN
  7265.0,  1.918577E-5,   426.49726,  2.464937E-5,   648.55053, 9.488230E-12,   113.85071,          NaN,         NaN
  7270.0,  3.293837E-5,   426.63770,  2.752206E-5,   649.25549, 7.656341E-12,   113.76588,          NaN,         NaN
  7275.0,  3.896435E-5,   425.95223,  3.419554E-5,   649.29353, 1.056069E-11,   112.69221,          NaN,         NaN
  7280.0,  3.226690E-5,   425.31445,  2.467498E-5,   650.00363, 4.526015E-12,   112.36527,          NaN,         NaN
  7285.0,  1.715088E-5,   424.42736,  3.206484E-5,   650.35305, 7.067491E-12,   110.92022,          NaN,         NaN
  7290.0,  3.628529E-5,   424.58879,  3.761799E-5,   648.76202, 6.647274E-12,   111.92767,          NaN,         NaN
  7295.0,  2.815214E-5,   423.64768,  2.892990E-5,   650.41728, 6.213205E-12,   112.67832,          NaN,         NaN
  7300.0,  3.634127E-5,   423.17946,  7.093501E-5,   648.99387, 5.647941E-12,   112.06930,          NaN,         NaN
  7305.0,  3.818118E-5,   423.55619,  2.112347E-5,   647.25390, 5.506981E-12,   111.71710,          NaN,         NaN
  7310.0,  4.571104E-5,   425.30194,  3.302837E-5,   646.88046, 7.479314E-12,   110.98076,          NaN,         NaN
  7315.0,  2.835884E-5,   424.78076,  2.411284E-5,   646.48692, 5.268648E-12,   109.31660,          NaN,         NaN
  7320.0,  3.622794E-5,   424.99929,  3.069784E-5,   645.15656, 9.012263E-12,   108.28736,          NaN,         NaN
  7325.0,  4.172149E-5,   422.88321,  4.222512E-5,   646.88929, 9.666029E-12,   109.39682,          NaN,         NaN
  7330.0,  4.662071E-5,   421.13848,  7.041156E-5,   646.19797, 5.101213E-12,   110.02581,          NaN,         NaN
  7335.0,  3.396619E-5,   419.92900,  4.483933E-5,   644.72726, 7.879437E-12,   109.64070,          NaN,         NaN
  7340.0,  3.114114E-5,   419.45425,  2.952356E-5,   645.06827, 7.811103E-12,   108.75153,          NaN,         NaN
  7345.0,  2.726441E-5,   419.34029,  3.415324E-5,   644.29282, 3.394265E-12,   110.13537,          NaN,         NaN
  7350.0,  3.272912E-5,   418.48232,  1.949015E-5,   644.80810, 6.641294E-12,   109.81390,          NaN,         NaN
  7355.0,  2.972040E-5,   419.89509,  4.251984E-5,   644.68420, 1.006773E-11,   111.04300,          NaN,         NaN
  7360.0,  4.750691E-5,   418.76975,  2.583545E-5,   644.17003, 6.501423E-12,   109.25165,          NaN,         NaN
  7365.0,  1.536974E-5,   419.11272,  3.818297E-5,   643.68834, 1.114960E-11,   107.46666,          NaN,         NaN
  7370.0,  4.847424E-5,   418.27829,  4.715266E-5,   643.28158, 6.114853E-12,   106.64770,          NaN,         NaN
  7375.0,  4.871485E-5,   420.56184,  4.931771E-5,   644.76949, 1.116649E-11,   106.19146,          NaN,         NaN
  7380.0,  2.485804E-5,   418.91559,  2.738700E-5,   643.13039, 1.148707E-11,   107.26397,          NaN,         NaN
  7385.0,  3.603922E-5,   418.18460,  3.245095E-5,   644.26541, 4.681438E-12,   108.18140,          NaN,         NaN
  7390.0,  3.236908E-5,   419.15762,  3.801586E-5,   643.31920, 5.654079E-12,   107.06180,          NaN,         NaN
  7395.0,  5.607467E-5,   420.91065,  2.856533E-5,   644.09020, 8.303313E-12,   108.08914,          NaN,         NaN
  7400.0,  3.539920E-5,   423.25931,  3.316857E-5,   643.15234, 7.557096E-12,   108.03013,          NaN,         NaN
  7405.0,  3.719580E-5,   423.71401,  3.416753E-5,   644.20303, 8.108118E-12,   108.35173,          NaN,         NaN
  7410.0,  2.708929E-5,   424.06068,  2.861275E-5,   644.04745, 7.360300E-12,   107.24793,          NaN,         NaN
  7415.0,  3.899413E-5,   423.66586,  3.372752E-5,   643.64673, 7.438250E-12,   108.23130,          NaN,         NaN
  7420.0,  2.456345E-5,   423.49697,  3.740710E-5,   643.82669, 7.520074E-12,   106.86344,          NaN,         NaN
  7425.0,  2.076202E-5,   423.66518,  5.530550E-5,   642.59233, 8.572461E-12,   107.22655,          NaN,         NaN
  7430.0,  2.599707E-5,   423.50779,  5.320830E-5,   641.84204, 5.988183E-12,   106.34903,          NaN,         NaN
  7435.0,  3.185071E-5,   423.56189,  3.719497E-5,   639.45420, 7.493033E-12,   107.18183,          NaN,         NaN
  7440.0,  2.497661E-5,   422.67299,  3.409961E-5,   638.04131, 6.468795E-12,   106.49701,          NaN,         NaN
  7445.0,  4.259626E-5,   421.96434,  4.076029E-5,   636.62827, 3.435237E-12,   105.29689,          NaN,         NaN
  7450.0,  3.396089E-5,   422.31823,  1.761857E-5,   635.93350, 6.145943E-12,   104.29356,          NaN,         NaN
  7455.0,  2.336640E-5,   422.21347,  4.201816E-5,   636.13567, 9.751177E-12,   102.83041,          NaN,         NaN
  7460.0,  3.621020E-5,   421.60783,  2.939057E-5,   637.85172, 6.384110E-12,   103.63119,          NaN,         NaN
  7465.0,  2.776694E-5,   420.40802,  1.879180E-5,   636.81580, 5.235196E-12,   103.36372,          NaN,         NaN
  7470.0,  1.403952E-5,   421.12652,  5.779133E-5,   636.66140, 6.227689E-12,   104.20087,          NaN,         NaN
  7475.0,  3.007421E-5,   420.75335,  3.743550E-5,   637.70015, 8.074582E-12,   103.37651,          NaN,         NaN
  7480.0,  3.614207E-5,   422.02890,  4.135277E-5,   639.35144, 7.677270E-12,   103.78887,          NaN,         NaN
  7485.0,  2.788299E-5,   422.76004,  4.718609E-5,   638.78491, 4.944292E-12,   103.86946,          NaN,         NaN
  7490.0,  2.369804E-5,   421.79268,  5.178793E-5,   639.87097, 5.345177E-12,   104.36718,          NaN,         NaN
  7495.0,  2.216423E-5,   422.38383,  2.572289E-5,   638.43202, 8.311654E-12,   105.71633,          NaN,         NaN
  7500.0,  3.562822E-5,   423.17789,  3.699596E-5,   637.18199, 7.330630E-12,   104.02414,          NaN,         NaN
  7505.0,  3.963694E-5,   422.74363,  3.128218E-5,   636.03098, 8.331350E-12,   102.27512,          NaN,         NaN
  7510.0,  2.422655E-5,   422.65445,  2.747618E-5,   637.12089, 1.050405E-11,   101.23780,          NaN,         NaN
  7515.0,  2.677105E-5,   421.62042,  1.973232E-5,   637.58239, 7.022971E-12,   101.29882,          NaN,         NaN
  7520.0,  3.250648E-5,   421.36421,  2.908273E-5,   637.50244, 6.226287E-12,   100.96178,          NaN,         NaN
  7525.0,  3.653338E-5,   420.44515,  3.234379E-5,   638.22147, 7.047554E-12,    99.46744,          NaN,         NaN
  7530.0,  3.460342E-5,   421.16357,  4.910343E-5,   637.90671, 5.587945E-12,    99.22080,          NaN,         NaN
  7535.0,  3.086151E-5,   420.53294,  2.382555E-5,   639.06939, 4.320117E-12,    99.76113,          NaN,         NaN
  7540.0,  5.599922E-5,   419.59161,  2.959196E-5,   638.97402, 3.877914E-12,   100.22957,          NaN,         NaN
  7545.0,  2.819369E-5,   419.62378,  3.450618E-5,   639.62428, 6.244817E-12,   100.70133,          NaN,         NaN
  7550.0,  3.869135E-5,   418.30515,  3.434848E-5,   640.31512, 7.754713E-12,   101.19414,          NaN,         NaN
  7555.0,  3.330042E-5,   418.00630,  2.570968E-5,   640.55488, 8.309170E-12,   100.28727,          NaN,         NaN
  7560.0,  4.141593E-5,   417.60097,  2.070241E-5,   639.64236, 9.241638E-12,   102.60895,          NaN,         NaN
  7565.0,  2.850994E-5,   416.54845,  3.799685E-5,   638.99713, 1.104203E-11,   100.95718,          NaN,         NaN
  7570.0,  3.913740E-5,   416.60468,  2.548919E-5,   638.33223, 6.068808E-12,   100.34260,          NaN,         NaN
  7575.0,  2.900057E-5,   416.21682,  3.631584E-5,   636.58055, 4.211142E-12,   100.26319,          NaN,         NaN
  7580.0,  2.373842E-5,   416.15209,  2.694999E-5,   637.17800, 3.767002E-12,   100.68727,          NaN,         NaN
  7585.0,  3.815198E-5,   416.84962,  1.683496E-5,   637.11681, 5.180431E-12,   101.56267,          NaN,         NaN
  7590.0,  5.974296E-5,   414.57617,  3.711967E-5,   637.04443, 8.032423E-12,   101.91644,          NaN,         NaN
  7595.0,  3.750932E-5,   413.30696,  1.478885E-5,   637.13523, 7.608312E-12,   101.49616,          NaN,         NaN
  7600.0,  2.445563E-5,   413.33078,  2.916404E-5,   637.08427, 1.168846E-11,   100.18798,          NaN,         NaN
  7605.0,  3.129961E-5,   413.97660,  3.708314E-5,   637.01245, 5.575683E-12,   100.38914,          NaN,         NaN
  7610.0,  5.123283E-5,   413.99668,  3.153056E-5,   635.45701, 7.925443E-12,    98.85861,          NaN,         NaN
  7615.0,  4.487009E-5,   414.27675,  2.027991E-5,   635.26776, 7.626277E-12,    96.86140,          NaN,         NaN
  7620.0,  3.125075E-5,   413.79359,  2.580591E-5,   635.25113, 5.668321E-12,    95.87187,          NaN,         NaN
  7625.0,  3.978681E-5,   412.89976,  5.360576E-5,   634.83310, 5.303925E-12,    94.10731,          NaN,         NaN
  7630.0,  2.463534E-5,   413.70410,  3.513967E-5,   633.63845, 7.830231E-12,    93.93521,          NaN,         NaN
  7635.0,  3.095784E-5,   415.08149,  2.747742E-5,   634.63333, 6.626792E-12,    92.98783,          NaN,         NaN
  7640.0,  3.388902E-5,   415.29446,  4.123245E-5,   634.43426, 3.975099E-12,    92.55724,          NaN,         NaN
  7645.0,  4.970859E-5,   413.93471,  1.944049E-5,   633.35073, 6.587582E-12,    92.61182,          NaN,         NaN
  7650.0,  3.739242E-5,   415.79730,  3.603013E-5,   631.99216, 4.449143E-12,    91.94205,          NaN,         NaN
  7655.0,  4.742538E-5,   414.71805,  3.355536E-5,   630.28469, 6.048159E-12,    90.45919,          NaN,         NaN
  7660.0,  2.426068E-5,   413.75309,  2.274841E-5,   628.87062, 1.065888E-11,    88.60263,          NaN,         NaN
  7665.0,  3.752839E-5,   414.60637,  2.908128E-5,   626.95822, 8.875779E-12,    87.62631,          NaN,         NaN
  7670.0,  3.097957E-5,   415.09608,  2.342574E-5,   626.88493, 8.287437E-12,    87.20374,          NaN,         NaN
  7675.0,  2.673510E-5,   415.33888,  3.306083E-5,   626.28297, 9.154498E-12,    85.06777,          NaN,         NaN
  7680.0,  2.034149E-5,   415.11654,  4.767614E-5,   626.63719, 5.169933E-12,    84.71457,          NaN,         NaN
  7685.0,  2.457720E-5,   415.40991,  2.995439E-5,   627.83181, 7.846419E-12,    84.69303,          NaN,         NaN
  7690.0,  3.145154E-5,   415.84379,  2.479365E-5,   628.07846, 1.006096E-11,    83.65992,          NaN,         NaN
  7695.0,  5.392724E-5,   416.16332,  3.200267E-5,   628.54749, 4.913066E-12,    84.94603,          NaN,         NaN
  7700.0,  2.611542E-5,   416.35868,  4.267753E-5,   629.17091, 4.121997E-12,    85.41205,          NaN,         NaN
  7705.0,  1.514314E-5,   416.25135,  4.927163E-5,   629.48869, 7.295367E-12,    84.67142,          NaN,         NaN
  7710.0,  3.027807E-5,   416.20607,  3.486018E-5,   628.82194, 9.302309E-12,    83.00951,          NaN,         NaN
  7715.0,  3.217595E-5,   417.02042,  1.877777E-5,   628.62991, 6.153953E-12,    81.54146,          NaN,         NaN
  7720.0,  2.888542E-5,   416.18428,  4.553583E-5,   629.78297, 5.084028E-12,    82.34020,          NaN,         NaN
  7725.0,  3.910792E-5,   416.00377,  3.044753E-5,   630.78404, 6.149470E-12,    81.95142,          NaN,         NaN
  7730.0,  2.939876E-5,   416.08609,  2.069576E-5,   629.91168, 8.513683E-12,    80.32245,          NaN,         NaN
  7735.0,  3.380581E-5,   414.24871,  3.429071E-5,   631.24953, 6.656970E-12,    80.47263,          NaN,         NaN
  7740.0,  3.423150E-5,   412.91406,  2.096135E-5,   631.94212, 7.427024E-12,    80.64777,          NaN,         NaN
  7745.0,  2.927458E-5,   413.26485,  1.305543E-5,   631.42297, 6.947998E-12,    79.92088,          NaN,         NaN
  7750.0,  2.775890E-5,   412.42873,  2.956538E-5,   631.35582, 4.306147E-12,    79.58387,          NaN,         NaN
  7755.0,  1.798845E-5,   412.33323,  7.446782E-5,   629.67476, 3.928192E-12,    79.06248,          NaN,         NaN
  7760.0,  3.706158E-5,   412.32480,  3.013108E-5,   630.04686, 8.608612E-12,    80.29102,          NaN,         NaN
  7765.0,  3.516498E-5,   410.46044,  2.173461E-5,   631.05039, 1.017685E-11,    78.39052,          NaN,         NaN
  7770.0,  4.821324E-5,   408.86629,  4.305113E-5,   630.34639, 8.416288E-12,    77.82704,          NaN,         NaN
  7775.0,  3.682458E-5,   407.68748,  3.353747E-5,   628.58034, 6.813727E-12,    78.04772,          NaN,         NaN
  7780.0,  2.962244E-5,   407.13381,  5.063332E-5,   626.71363, 8.790268E-12,    78.18375,          NaN,         NaN
  7785.0,  4.677782E-5,   406.65241,  2.354706E-5,   626.79221, 4.900493E-12,    77.58749,          NaN,         NaN
  7790.0,  6.762201E-5,   405.78871,  5.206751E-5,   626.83525, 6.868039E-12,    77.39725,          NaN,         NaN
  7795.0,  2.070574E-5,   405.70485,  5.534003E-5,   626.16024, 7.668079E-12,    79.05618,          NaN,         NaN
  7800.0,  2.134782E-5,   405.55164,  4.693663E-5,   626.00122, 5.445254E-12,    78.06153,          NaN,         NaN
  7805.0,  4.061642E-5,   405.83780,  2.953860E-5,   625.70931, 7.165326E-12,    78.12412,          NaN,         NaN
  7810.0,  2.175550E-5,   405.66516,  3.313753E-5,   625.20186, 7.731145E-12,    76.85764,          NaN,         NaN
  7815.0,  2.375810E-5,   404.29475,  3.143890E-5,   626.02444, 6.194487E-12,    77.64273,          NaN,         NaN
  7820.0,  2.910638E-5,   405.33840,  3.090546E-5,   627.03739, 5.018980E-12,    76.44272,          NaN,         NaN
  7825.0,  4.067310E-5,   404.78764,  2.006445E-5,   627.06259, 9.824095E-12,    76.42172,          NaN,         NaN
  7830.0,  3.033808E-5,   406.59536,  3.976944E-5,   626.77396, 1.286295E-11,    74.93346,          NaN,         NaN
  7835.0,  2.275865E-5,   406.29361,  2.683681E-5,   625.60519, 7.431757E-12,    75.81677,          NaN,         NaN
  7840.0,  2.747096E-5,   405.47174,  4.914088E-5,   627.24011, 5.666010E-12,    74.97842,          NaN,         NaN
  7845.0,  3.419178E-5,   405.51614,  2.160773E-5,   627.68269, 1.083350E-11,    74.36608,          NaN,         NaN
  7850.0,  2.915414E-5,   406.32970,  3.242279E-5,   626.86597, 5.698076E-12,    73.12602,          NaN,         NaN
  7855.0,  7.055894E-5,   404.94380,  6.993594E-5,   626.33466, 1.147303E-11,    73.29083,          NaN,         NaN
  7860.0,  2.291717E-5,   403.19470,  4.687425E-5,   626.51504, 5.005712E-12,    73.07181,          NaN,         NaN
  7865.0,  2.942116E-5,   403.50959,  3.247059E-5,   625.92372, 6.709329E-12,    72.90014,          NaN,         NaN
  7870.0,  3.602548E-5,   404.09321,  4.373689E-5,   628.08270, 5.258578E-12,    71.92777,          NaN,         NaN
  7875.0,  3.823290E-5,   402.89220,  5.471406E-5,   627.00386, 1.279767E-11,    70.27838,          NaN,         NaN
  7880.0,  2.762973E-5,   403.92955,  5.548102E-5,   627.84865, 8.261976E-12,    68.21528,          NaN,         NaN
  7885.0,  2.616965E-5,   403.06171,  3.045617E-5,   627.16465, 6.442897E-12,    67.66466,          NaN,         NaN
  7890.0,  2.881108E-5,   401.38125,  3.081415E-5,   626.73346, 3.798394E-12,    67.79089,          NaN,         NaN
  7895.0,  4.187364E-5,   402.83657,  5.881019E-5,   627.56157, 5.669726E-12,    67.39001,          NaN,         NaN
  7900.0,  3.592128E-5,   403.73286,  3.040273E-5,   626.05877, 1.186455E-11,    65.92266,          NaN,         NaN
  7905.0,  2.737999E-5,   402.72314,  2.912375E-5,   627.18852, 5.351234E-12,    64.97492,          NaN,         NaN
  7910.0,  3.278952E-5,   403.23431,  4.118279E-5,   626.98495, 6.477450E-12,    64.96627,          NaN,         NaN
  7915.0,  3.578418E-5,   402.77531,  3.092877E-5,   626.11956, 9.980011E-12,    64.85494,          NaN,         NaN
  7920.0,  2.513696E-5,   403.08222,  2.455387E-5,   626.80280, 7.873716E-12,    64.06235,          NaN,         NaN
  7925.0,  4.442668E-5,   402.35514,  2.739999E-5,   626.84604, 8.243555E-12,    63.15343,          NaN,         NaN
  7930.0,  3.384475E-5,   402.41497,  1.777531E-5,   627.19310, 7.129030E-12,    63.26950,          NaN,         NaN
  7935.0,  2.777921E-5,   402.09577,  2.987417E-5,   626.88219, 5.467893E-12,    61.80126,          NaN,         NaN
  7940.0,  2.795759E-5,   401.30853,  2.338452E-5,   628.47892, 4.833794E-12,    60.17648,          NaN,         NaN
  7945.0,  3.781171E-5,   400.08124,  4.224215E-5,   628.33016, 4.848938E-12,    59.67736,          NaN,         NaN
  7950.0,  3.433886E-5,   401.30850,  2.995758E-5,   627.82401, 8.434522E-12,    59.12749,          NaN,         NaN
  7955.0,  2.208629E-5,   401.45884,  2.076396E-5,   628.54285, 8.719235E-12,    57.71902,          NaN,         NaN
  7960.0,  4.419707E-5,   400.95109,  2.890761E-5,   628.18982, 6.154618E-12,    57.14518,          NaN,         NaN
  7965.0,  3.776958E-5,   400.68340,  3.047447E-5,   626.60143, 1.119789E-11,    55.73348,          NaN,         NaN
  7970.0,  2.882676E-5,   398.90346,  3.682536E-5,   625.84992, 5.185128E-12,    54.00840,          NaN,         NaN
  7975.0,  2.272574E-5,   398.07426,  4.109214E-5,   625.19484, 1.040218E-11,    55.14694,          NaN,         NaN
  7980.0,  4.092275E-5,   397.42068,  1.367362E-5,   625.34876, 5.801022E-12,    55.16979,          NaN,         NaN
  7985.0,  2.457008E-5,   395.61712,  2.447185E-5,   624.41181, 7.508850E-12,    53.26761,          NaN,         NaN
  7990.0,  3.904328E-5,   395.88842,  2.689588E-5,   622.83062, 6.115320E-12,    51.95298,          NaN,         NaN
  7995.0,  2.589675E-5,   394.31486,  1.280781E-5,   622.99330, 6.650611E-12,    50.77213,          NaN,         NaN
  8000.0,  2.751655E-5,   393.75230,  2.355615E-5,   622.06344, 5.550345E-12,    49.41745,          NaN,         NaN
  8005.0,  2.637231E-5,   392.88887,  4.481263E-5,   621.46979, 4.636315E-12,    48.96053,          NaN,         NaN
  8010.0,  2.240737E-5,   392.59893,  4.396329E-5,   620.96834, 4.607418E-12,    48.12998,          NaN,         NaN
  8015.0,  2.022304E-5,   392.89787,  3.670282E-5,   621.03663, 6.224464E-12,    47.33426,          NaN,         NaN
  8020.0,  2.602049E-5,   392.59504,  2.376622E-5,   619.34757, 6.483775E-12,    46.12267,          NaN,         NaN
  8025.0,  2.665875E-5,   391.11591,  2.121076E-5,   620.15727, 5.593286E-12,    47.13929,          NaN,         NaN
  8030.0,  2.464092E-5,   391.58709,  1.326982E-5,   619.89318, 5.350423E-12,    45.06990,          NaN,         NaN
  8035.0,  3.723824E-5,   391.48858,  2.783490E-5,   618.93139, 3.151367E-12,    45.40124,          NaN,         NaN
  8040.0,  3.209004E-5,   391.84431,  1.989658E-5,   619.21890, 4.589771E-12,    46.04477,          NaN,         NaN
  8045.0,  2.882705E-5,   392.13666,  3.747804E-5,   618.96112, 6.468071E-12,    45.72263,          NaN,         NaN
  8050.0,  4.411057E-5,   391.99738,  2.393238E-5,   618.42458, 6.971910E-12,    45.19951,          NaN,         NaN
  8055.0,  3.567312E-5,   391.15950,  4.064344E-5,   618.75106, 8.726132E-12,    44.24740,          NaN,         NaN
  8060.0,  3.697551E-5,   390.51547,  2.346093E-5,   618.48659, 6.822957E-12,    43.34403,          NaN,         NaN
  8065.0,  1.904796E-5,   389.90292,  3.135208E-5,   618.13915, 9.107727E-12,    42.81035,          NaN,         NaN
  8070.0,  3.600189E-5,   389.82174,  3.331691E-5,   617.34909, 7.926291E-12,    41.66706,          NaN,         NaN
  8075.0,  2.694522E-5,   391.38452,  2.238947E-5,   617.70045, 7.067660E-12,    40.41250,          NaN,         NaN
  8080.0,  3.523995E-5,   389.87051,  2.899027E-5,   617.09662, 5.545461E-12,    41.97505,          NaN,         NaN
  8085.0,  2.481825E-5,   390.62513,  2.246688E-5,   616.90372, 5.197188E-12,    40.72111,          NaN,         NaN
  8090.0,  2.007275E-5,   391.95183,  3.695148E-5,   616.71925, 6.759414E-12,    42.05993,          NaN,         NaN
  8095.0,  2.472857E-5,   392.74095,  3.290734E-5,   616.71135, 4.428946E-12,    40.87736,          NaN,         NaN
  8100.0,  2.826289E-5,   390.91807,  3.217668E-5,   615.96558, 6.311852E-12,    41.14879,          NaN,         NaN
  8105.0,  3.000744E-5,   390.40137,  4.068787E-5,   614.49549, 7.349284E-12,    42.10409,          NaN,         NaN
  8110.0,  2.120990E-5,   389.89459,  3.856804E-5,   614.36012, 5.081430E-12,    40.94848,          NaN,         NaN
  8115.0,  2.965968E-5,   391.10656,  2.193897E-5,   615.27849, 5.098321E-12,    41.13836,          NaN,         NaN
  8120.0,  2.506448E-5,   389.57568,  1.800790E-5,   615.83105, 6.679962E-12,    40.18534,          NaN,         NaN
  8125.0,  3.729528E-5,   390.16227,  2.824574E-5,   614.45128, 6.951765E-12,    38.71162,          NaN,         NaN
  8130.0,  2.581786E-5,   390.95276,  3.449689E-5,   614.09844, 3.762686E-12,    39.61917,          NaN,         NaN
  8135.0,  6.319274E-5,   389.93160,  3.572552E-5,   613.90569, 4.714774E-12,    38.33539,          NaN,         NaN
  8140.0,  2.748418E-5,   389.43523,  2.825925E-5,   612.90483, 9.702925E-12,    39.68047,          NaN,         NaN
  8145.0,  2.430037E-5,   389.17180,  2.498096E-5,   613.96365, 7.910438E-12,    39.01754,          NaN,         NaN
  8150.0,  1.883827E-5,   389.06141,  4.006494E-5,   614.03854, 6.429754E-12,    39.18125,          NaN,         NaN
  8155.0,  2.820469E-5,   389.07766,  4.235846E-5,   614.16925, 3.708441E-12,    38.64505,          NaN,         NaN
  8160.0,  4.532042E-5,   387.24541,  1.617127E-5,   613.19814, 9.823875E-12,    39.10020,          NaN,         NaN
  8165.0,  6.497319E-5,   386.77725,  3.204348E-5,   613.19624, 5.155540E-12,    39.32665,          NaN,         NaN
  8170.0,  4.243271E-5,   385.17145,  2.900464E-5,   612.22049, 4.827268E-12,    38.58358,          NaN,         NaN
  8175.0,  2.654618E-5,   383.76582,  3.166372E-5,   611.06061, 7.433291E-12,    37.18822,          NaN,         NaN
  8180.0,  3.889020E-5,   382.88520,  5.484231E-5,   609.87522, 4.379778E-12,    36.21513,          NaN,         NaN
  8185.0,  3.891681E-5,   384.83471,  3.930932E-5,   608.88585, 5.428469E-12,    35.87219,          NaN,         NaN
  8190.0,  5.639703E-5,   383.81848,  3.897275E-5,   608.53699, 6.679066E-12,    35.86617,          NaN,         NaN
  8195.0,  2.182629E-5,   384.42944,  1.403985E-5,   608.00848, 5.687179E-12,    34.28309,          NaN,         NaN
  8200.0,  3.525380E-5,   384.18637,  1.808930E-5,   607.20392, 6.147532E-12,    34.81820,          NaN,         NaN
  8205.0,  2.208657E-5,   383.67098,  3.924722E-5,   606.61264, 6.308147E-12,    36.22665,          NaN,         NaN
  8210.0,  1.980962E-5,   382.88211,  3.257541E-5,   606.06681, 6.235104E-12,    35.74550,          NaN,         NaN
  8215.0,  2.646337E-5,   382.37199,  3.973289E-5,   604.52080, 4.565946E-12,    35.96639,          NaN,         NaN
  8220.0,  2.025158E-5,   381.79376,  2.582557E-5,   604.03740, 5.008377E-12,    35.98904,          NaN,         NaN
  8225.0,  3.868122E-5,   382.80699,  2.719754E-5,   603.37742, 4.493880E-12,    36.11392,          NaN,         NaN
  8230.0,  4.016104E-5,   381.34255,  5.215667E-5,   602.55504, 4.832985E-12,    35.77114,          NaN,         NaN
  8235.0,  2.920538E-5,   381.60575,  4.684553E-5,   601.86490, 4.173768E-12,    34.85573,          NaN,         NaN
  8240.0,  4.438957E-5,   380.29091,  2.297649E-5,   601.93239, 4.555936E-12,    35.04960,          NaN,         NaN
  8245.0,  2.248723E-5,   380.83987,  2.282416E-5,   601.03368, 6.369788E-12,    34.32578,          NaN,         NaN
  8250.0,  2.167146E-5,   380.81939,  2.062610E-5,   600.24603, 9.013069E-12,    35.20547,          NaN,         NaN
  8255.0,  4.363359E-5,   379.43301,  3.165908E-5,   600.75969, 9.740299E-12,    33.68354,          NaN,         NaN
  8260.0,  2.070475E-5,   380.55161,  3.929712E-5,   600.16782, 8.015401E-12,    32.35730,          NaN,         NaN
  8265.0,  2.649928E-5,   380.19987,  3.785778E-5,   600.16291, 8.604971E-12,    31.01041,          NaN,         NaN
  8270.0,  3.384555E-5,   380.86448,  4.413423E-5,   599.24761, 1.132981E-11,    29.07137,          NaN,         NaN
  8275.0,  2.376841E-5,   382.33169,  1.930560E-5,   599.76842, 4.794879E-12,    28.76385,          NaN,         NaN
  8280.0,  2.428317E-5,   380.80374,  4.698534E-5,   599.29726, 2.947293E-12,    28.05702,          NaN,         NaN
  8285.0,  2.762921E-5,   382.09361,  1.463763E-5,   599.27568, 4.874253E-12,    28.74256,          NaN,         NaN
  8290.0,  2.183285E-5,   381.48441,  2.037738E-5,   599.92957, 4.232812E-12,    27.93305,          NaN,         NaN
  8295.0,  3.050516E-5,   381.84361,  2.299289E-5,   600.97401, 4.201296E-12,    27.56067,          NaN,         NaN
  8300.0,  1.730171E-5,   380.81754,  3.220384E-5,   599.26048, 3.574847E-12,    27.98975,          NaN,         NaN
  8305.0,  2.751156E-5,   380.58675,  2.578596E-5,   598.87643, 4.704164E-12,    27.16360,          NaN,         NaN
  8310.0,  3.024390E-5,   379.24030,  4.993159E-5,   599.05345, 4.203275E-12,    27.13254,          NaN,         NaN
  8315.0,  4.440205E-5,   377.99284,  3.491450E-5,   597.84674, 4.051097E-12,    27.11638,          NaN,         NaN
  8320.0,  2.485762E-5,   378.27046,  2.147893E-5,   597.39314, 1.045790E-11,    26.23920,          NaN,         NaN
  8325.0,  3.718997E-5,   378.31238,  1.707553E-5,   596.71164, 2.959898E-12,    26.04250,          NaN,         NaN
  8330.0,  2.469459E-5,   377.43354,  3.529335E-5,   596.28468, 7.095131E-12,    26.08272,          NaN,         NaN
  8335.0,  2.605384E-5,   378.25003,  1.836220E-5,   597.50827, 3.579205E-12,    24.75220,          NaN,         NaN
  8340.0,  2.511965E-5,   379.63737,  2.790269E-5,   596.46295, 4.030631E-12,    24.31891,          NaN,         NaN
  8345.0,  3.924459E-5,   379.70441,  3.603669E-5,   597.01414, 5.812043E-12,    24.09397,          NaN,         NaN
  8350.0,  3.371647E-5,   381.65889,  5.020889E-5,   595.72372, 7.080868E-12,    22.31679,          NaN,         NaN
  8355.0,  3.423571E-5,   381.58374,  2.782314E-5,   595.17468, 7.888121E-12,    23.19211,          NaN,         NaN
  8360.0,  2.047238E-5,   381.77437,  3.074509E-5,   595.58583, 5.798335E-12,    21.76679,          NaN,         NaN
  8365.0,  4.321207E-5,   380.58147,  1.663585E-5,   595.46742, 5.298114E-12,    20.01167,          NaN,         NaN
  8370.0,  2.839584E-5,   378.90013,  2.202171E-5,   596.49009, 5.957936E-12,    19.05053,          NaN,         NaN
  8375.0,  2.889088E-5,   377.21084,  2.376391E-5,   597.16461, 3.805858E-12,    19.13611,          NaN,         NaN
  8380.0,  5.047324E-5,   375.90955,  2.218572E-5,   596.85034, 5.840383E-12,    18.28230,          NaN,         NaN
  8385.0,  2.920977E-5,   376.25561,  1.703472E-5,   596.62727, 5.813891E-12,    17.37900,          NaN,         NaN
  8390.0,  2.080924E-5,   375.05853,  1.325746E-5,   596.13965, 7.011562E-12,    17.11837,          NaN,         NaN
  8395.0,  4.423236E-5,   373.34230,  2.787310E-5,   597.12287, 7.728282E-12,    16.87116,          NaN,         NaN
  8400.0,  4.073104E-5,   373.23797,  3.952807E-5,   595.36288, 9.044269E-12,    15.34296,          NaN,         NaN
  8405.0,  2.383881E-5,   372.10139,  1.370916E-5,   594.86569, 6.610091E-12,    14.87070,          NaN,         NaN
  8410.0,  2.407548E-5,   373.00809,  3.805440E-5,   594.94488, 9.270037E-12,    13.48764,          NaN,         NaN
  8415.0,  2.260561E-5,   374.10454,  3.053437E-5,   593.44627, 6.254502E-12,    11.77830,          NaN,         NaN
  8420.0,  2.992069E-5,   372.80424,  2.146608E-5,   594.27252, 8.865162E-12,    10.80275,          NaN,         NaN
  8425.0,  4.095614E-5,   371.44328,  2.547013E-5,   595.45344, 5.686506E-12,     9.32189,          NaN,         NaN
  8430.0,  1.987453E-5,   370.36182,  1.388331E-5,   595.27963, 4.441277E-12,     9.56685,          NaN,         NaN
  8435.0,  5.374290E-5,   370.33296,  2.491174E-5,   593.85419, 9.454883E-12,     8.66130,          NaN,         NaN
  8440.0,  1.834869E-5,   370.57575,  2.401932E-5,   593.20424, 6.045060E-12,     8.13774,          NaN,         NaN
  8445.0,  2.381803E-5,   370.24799,  1.450146E-5,   592.61064, 6.167994E-12,     8.23780,          NaN,         NaN
  8450.0,  2.170106E-5,   371.39388,  1.338743E-5,   592.33782, 1.007783E-11,     6.43723,          NaN,         NaN
  8455.0,  2.650008E-5,   371.05653,  3.012273E-5,   592.67615, 4.765511E-12,     5.51619,          NaN,         NaN
  8460.0,  1.711911E-5,   371.14200,  1.407681E-5,   592.69437, 4.661909E-12,     6.17319,          NaN,         NaN
  8465.0,  2.196869E-5,   370.93659,  2.961507E-5,   592.18441, 4.756899E-12,     5.92131,          NaN,         NaN
  8470.0,  1.969724E-5,   371.07901,  3.774932E-5,   592.26262, 8.870845E-12,     5.56890,          NaN,         NaN
  8475.0,  2.886812E-5,   371.34848,  2.566190E-5,   594.26178, 8.344124E-12,     4.51661,          NaN,         NaN
  8480.0,  2.574677E-5,   370.83146,  1.709738E-5,   594.48404, 7.403756E-12,     4.23746,          NaN,         NaN
  8485.0,  2.433391E-5,   370.08632,  1.574004E-5,   594.84330, 1.082775E-11,     3.21440,          NaN,         NaN
  8490.0,  2.603289E-5,   369.12669,  2.934328E-5,   594.53056, 5.383650E-12,     2.18937,          NaN,         NaN
  8495.0,  2.169119E-5,   368.22694,  2.760969E-5,   594.76601, 6.384847E-12,     2.45723,          NaN,         NaN
  8500.0,  3.725949E-5,   367.50931,  3.040863E-5,   595.75937, 5.294401E-12,     1.43732,          NaN,         NaN
  8505.0,  3.219967E-5,   369.18439,  3.806981E-5,   595.66261, 4.178224E-12,     2.52617,          NaN,         NaN
  8510.0,  1.700467E-5,   368.99349,  2.177660E-5,   595.96620, 4.385823E-12,     1.65529,          NaN,         NaN
  8515.0,  2.835008E-5,   368.33198,  3.171818E-5,   597.16430, 4.918167E-12,     1.74698,          NaN,         NaN
  8520.0,  3.338669E-5,   366.90226,  2.343547E-5,   597.48619, 5.106520E-12,     1.09684,          NaN,         NaN
  8525.0,  2.231097E-5,   366.55973,  2.679111E-5,   597.72459, 4.548246E-12,     1.05677,          NaN,         NaN
  8530.0,  1.667602E-5,   367.24656,  2.262223E-5,   596.09573, 7.326769E-12,     1.16918,          NaN,         NaN
  8535.0,  2.977310E-5,   368.24688,  2.287394E-5,   595.28755, 7.512150E-12,    -0.47121,          NaN,         NaN
  8540.0,  2.730228E-5,   367.71370,  4.656273E-5,   596.35207, 5.607188E-12,    -1.57648,          NaN,         NaN
  8545.0,  4.541722E-5,   366.79423,  2.808608E-5,   595.63170, 6.208961E-12,    -3.15882,          NaN,         NaN
  8550.0,  3.783365E-5,   366.31229,  2.301909E-5,   594.40418, 3.875943E-12,    -3.33715,          NaN,         NaN
  8555.0,  2.275392E-5,   364.84300,  3.597477E-5,   595.70554, 6.252273E-12,    -2.99722,          NaN,         NaN
  8560.0,  2.338614E-5,   366.04609,  2.216198E-5,   595.68708, 4.347264E-12,    -4.03459,          NaN,         NaN
  8565.0,  2.644426E-5,   366.91903,  2.129093E-5,   594.78807, 6.339270E-12,    -4.07302,          NaN,         NaN
  8570.0,  1.431738E-5,   366.43291,  1.393847E-5,   594.99310, 4.040031E-12,    -4.56804,          NaN,         NaN
  8575.0,  2.050441E-5,   366.97134,  1.779423E-5,   594.67755, 4.402764E-12,    -5.26210,          NaN,         NaN
  8580.0,  2.179019E-5,   367.64605,  3.325067E-5,   593.71036, 5.649005E-12,    -6.32085,          NaN,         NaN
  8585.0,  2.076577E-5,   368.72520,  1.812589E-5,   594.67271, 3.562819E-12,    -6.94950,          NaN,         NaN
  8590.0,  2.910935E-5,   369.87884,  1.687522E-5,   594.20424, 4.741624E-12,    -6.81511,          NaN,         NaN
  8595.0,  2.874368E-5,   369.50861,  2.290057E-5,   594.26054, 5.597806E-12,    -5.96242,          NaN,         NaN
  8600.0,  1.924440E-5,   369.08820,  2.333774E-5,   595.04498, 5.445678E-12,    -6.18245,          NaN,         NaN
  8605.0,  3.583423E-5,   369.38075,  4.774816E-5,   593.41367, 4.070714E-12,    -6.03252,          NaN,         NaN
  8610.0,  2.814761E-5,   367.62236,  3.285449E-5,   592.55785, 6.466185E-12,    -6.49828,          NaN,         NaN
  8615.0,  2.703878E-5,   367.51555,  3.404521E-5,   591.78454, 8.788061E-12,    -7.20038,          NaN,         NaN
  8620.0,  2.938024E-5,   367.07421,  1.928924E-5,   591.19928, 7.118977E-12,    -7.76375,          NaN,         NaN
  8625.0,  3.909510E-5,   366.93759,  2.492503E-5,   590.64741, 6.043668E-12,    -8.74931,          NaN,         NaN
  8630.0,  2.839668E-5,   366.09357,  3.016095E-5,   589.13176, 4.484992E-12,    -9.44826,          NaN,         NaN
  8635.0,  3.487357E-5,   366.11352,  6.032704E-5,   590.15558, 6.476258E-12,   -10.17785,          NaN,         NaN
  8640.0,  2.315664E-5,   367.75853,  3.149034E-5,   590.70747, 7.552278E-12,   -10.66595,          NaN,         NaN
  8645.0,  2.536586E-5,   366.67869,  1.771390E-5,   590.75530, 4.260996E-12,   -11.64915,          NaN,         NaN
  8650.0,  2.062167E-5,   365.99824,  2.918904E-5,   591.20045, 7.584285E-12,   -10.97831,          NaN,         NaN
  8655.0,  3.914311E-5,   367.35894,  2.867569E-5,   590.66319, 5.406434E-12,   -12.13815,          NaN,         NaN
  8660.0,  2.526026E-5,   367.47574,  3.296976E-5,   590.22763, 8.877561E-12,   -14.09838,          NaN,         NaN
  8665.0,  1.722569E-5,   366.54101,  2.332097E-5,   591.17655, 5.617261E-12,   -13.86550,          NaN,         NaN
  8670.0,  3.948595E-5,   365.98901,  2.470237E-5,   590.00554, 5.741060E-12,   -13.67821,          NaN,         NaN
  8675.0,  2.968803E-5,   365.44671,  2.893495E-5,   591.29847, 4.329421E-12,   -14.55721,          NaN,         NaN
  8680.0,  2.715452E-5,   364.58785,  3.558845E-5,   592.62777, 4.792467E-12,   -14.79396,          NaN,         NaN
  8685.0,  2.478934E-5,   363.06374,  1.737379E-5,   592.63191, 3.669952E-12,   -15.68671,          NaN,         NaN
  8690.0,  2.503425E-5,   361.99317,  3.531474E-5,   591.95957, 4.850704E-12,   -14.78623,          NaN,         NaN
  8695.0,  3.425008E-5,   360.30605,  2.250189E-5,   591.72025, 6.694490E-12,   -14.07527,          NaN,         NaN
  8700.0,  3.062669E-5,   361.13039,  2.013137E-5,   591.46347, 4.863203E-12,   -13.67568,          NaN,         NaN
  8705.0,  2.952300E-5,   362.63992,  2.927758E-5,   591.29584, 6.440579E-12,   -14.30302,          NaN,         NaN
  8710.0,  2.625957E-5,   363.51521,  1.735911E-5,   590.88264, 7.888290E-12,   -13.15823,          NaN,         NaN
  8715.0,  3.130559E-5,   362.65790,  3.684298E-5,   590.82213, 5.515000E-12,   -14.48805,          NaN,         NaN
  8720.0,  4.288006E-5,   362.98704,  2.583987E-5,   589.56846, 4.110600E-12,   -14.17511,          NaN,         NaN
  8725.0,  2.907499E-5,   362.45875,  2.324403E-5,   588.23941, 5.925787E-12,   -12.85617,          NaN,         NaN
  8730.0,  1.738466E-5,   362.21523,  1.847951E-5,   587.37157, 5.826771E-12,   -12.34673,          NaN,         NaN
  8735.0,  2.043459E-5,   361.95040,  1.821682E-5,   586.28733, 4.870791E-12,   -11.59942,          NaN,         NaN
  8740.0,  3.060622E-5,   361.90999,  1.317908E-5,   585.88868, 5.249277E-12,   -13.17043,          NaN,         NaN
  8745.0,  2.213803E-5,   361.54392,  2.791455E-5,   585.54722, 5.479236E-12,   -14.36295,          NaN,         NaN
  8750.0,  3.699906E-5,   362.07039,  2.258045E-5,   585.02040, 4.668111E-12,   -15.06346,          NaN,         NaN
  8755.0,  3.215304E-5,   361.61325,  2.016138E-5,   586.49231, 6.055335E-12,   -15.69854,          NaN,         NaN
  8760.0,  3.700917E-5,   361.00709,  2.138769E-5,   587.65236, 3.576144E-12,   -15.71742,          NaN,         NaN
  8765.0,  2.603648E-5,   360.94284,  2.112622E-5,   587.49544, 7.916856E-12,   -15.17628,          NaN,         NaN
  8770.0,  2.015185E-5,   360.76875,  2.421948E-5,   587.29388, 6.397013E-12,   -16.72332,          NaN,         NaN
  8775.0,  2.215669E-5,   359.47640,  2.055167E-5,   587.36987, 6.452343E-12,   -17.95560,          NaN,         NaN
  8780.0,  2.662720E-5,   360.57498,  4.071749E-5,   587.21959, 2.433438E-12,   -19.47529,          NaN,         NaN
  8785.0,  3.103325E-5,   360.45330,  1.763881E-5,   586.34850, 4.350786E-12,   -20.49768,          NaN,         NaN
  8790.0,  3.061059E-5,   359.90566,  3.054824E-5,   586.15368, 8.016928E-12,   -20.54037,          NaN,         NaN
  8795.0,  1.751329E-5,   358.68554,  3.730185E-5,   586.74974, 6.936298E-12,   -21.02823,          NaN,         NaN
  8800.0,  3.508345E-5,   359.11911,  2.115074E-5,   588.72836, 8.565370E-12,   -23.03498,          NaN,         NaN
  8805.0,  3.192973E-5,   360.10772,  3.397597E-5,   587.44074, 6.657230E-12,   -23.26056,          NaN,         NaN
  8810.0,  3.340517E-5,   361.21030,  2.003851E-5,   588.41212, 4.737218E-12,   -25.42021,          NaN,         NaN
  8815.0,  3.588568E-5,   359.95230,  2.078336E-5,   589.24971, 3.743969E-12,   -25.08567,          NaN,         NaN
  8820.0,  2.902945E-5,   359.22850,  1.720861E-5,   588.84532, 5.649420E-12,   -26.68396,          NaN,         NaN
  8825.0,  4.129505E-5,   358.83876,  2.495699E-5,   587.89087, 3.687084E-12,   -25.99344,          NaN,         NaN
  8830.0,  1.412950E-5,   358.59082,  2.085391E-5,   588.11675, 5.451632E-12,   -26.67962,          NaN,         NaN
  8835.0,  3.305220E-5,   358.21675,  2.618969E-5,   587.84109, 3.316807E-12,   -27.34191,          NaN,         NaN
  8840.0,  2.497379E-5,   356.63424,  3.498907E-5,   586.62793, 4.981938E-12,   -27.76357,          NaN,         NaN
  8845.0,  4.043887E-5,   357.82204,  2.713263E-5,   585.43634, 5.805774E-12,   -29.04419,          NaN,         NaN
  8850.0,  3.627516E-5,   357.01755,  2.453108E-5,   585.36642, 6.866359E-12,   -29.74649,          NaN,         NaN
  8855.0,  1.613676E-5,   357.81891,  2.599234E-5,   586.01499, 9.093560E-12,   -30.83429,          NaN,         NaN
  8860.0,  3.290736E-5,   358.71908,  1.810204E-5,   586.07884, 6.952037E-12,   -31.96006,          NaN,         NaN
  8865.0,  2.955007E-5,   357.11429,  2.640739E-5,   585.50213, 4.924725E-12,   -32.79253,          NaN,         NaN
  8870.0,  2.759369E-5,   356.53043,  2.147922E-5,   584.68952, 4.934573E-12,   -34.06338,          NaN,         NaN
  8875.0,  2.622419E-5,   355.33348,  1.479992E-5,   583.92837, 3.326122E-12,   -34.33988,          NaN,         NaN
  8880.0,  3.349641E-5,   355.15832,  2.476120E-5,   583.79117, 5.942528E-12,   -35.21242,          NaN,         NaN
  8885.0,  2.786134E-5,   355.24202,  4.025210E-5,   583.45372, 5.035067E-12,   -34.85637,          NaN,         NaN
  8890.0,  2.381599E-5,   354.14491,  2.059377E-5,   583.34076, 5.443072E-12,   -35.55697,          NaN,         NaN
  8895.0,  2.679496E-5,   354.56776,  2.263531E-5,   582.25532, 6.632552E-12,   -36.22220,          NaN,         NaN
  8900.0,  4.364492E-5,   352.61545,  1.458044E-5,   581.25934, 4.386599E-12,   -36.96515,          NaN,         NaN
  8905.0,  4.074885E-5,   350.97996,  3.444475E-5,   580.75694, 6.057704E-12,   -36.85569,          NaN,         NaN
  8910.0,  3.043878E-5,   349.50863,  3.010000E-5,   580.62603, 5.730256E-12,   -36.96051,          NaN,         NaN
  8915.0,  2.593996E-5,   350.64354,  2.812544E-5,   581.36198, 4.374190E-12,   -37.73227,          NaN,         NaN
  8920.0,  2.821907E-5,   350.67450,  1.783883E-5,   582.53685, 6.294750E-12,   -37.37180,          NaN,         NaN
  8925.0,  2.159433E-5,   350.37569,  3.238830E-5,   580.79906, 4.938460E-12,   -38.21548,          NaN,         NaN
  8930.0,  1.389318E-5,   350.24414,  1.322878E-5,   579.67499, 4.367521E-12,   -37.69445,          NaN,         NaN
  8935.0,  2.443908E-5,   349.37477,  2.407111E-5,   579.95347, 6.167905E-12,   -38.82335,          NaN,         NaN
  8940.0,  3.063954E-5,   348.81857,  2.501361E-5,   580.55480, 6.795680E-12,   -39.53049,          NaN,         NaN
  8945.0,  3.422935E-5,   347.76401,  3.619573E-5,   579.34804, 6.710778E-12,   -40.69772,          NaN,         NaN
  8950.0,  3.025459E-5,   346.11523,  2.976821E-5,   578.89714, 4.575472E-12,   -40.70023,          NaN,         NaN
  8955.0,  1.536621E-5,   345.72205,  3.929149E-5,   579.03821, 3.768267E-12,   -41.64598,          NaN,         NaN
  8960.0,  2.346985E-5,   346.68223,  3.001834E-5,   577.83378, 5.138410E-12,   -42.09904,          NaN,         NaN
  8965.0,  1.905693E-5,   346.55341,  2.762989E-5,   578.62272, 4.145543E-12,   -42.84504,          NaN,         NaN
  8970.0,  2.131569E-5,   347.65122,  3.126160E-5,   577.01519, 8.700578E-12,   -43.86223,          NaN,         NaN
  8975.0,  1.755012E-5,   347.00741,  4.714221E-5,   576.61404, 3.654252E-12,   -44.68880,          NaN,         NaN
  8980.0,  3.649388E-5,   345.89140,  4.646422E-5,   575.54815, 4.805830E-12,   -45.00078,          NaN,         NaN
  8985.0,  2.124376E-5,   344.53657,  2.178721E-5,   575.04674, 6.615767E-12,   -46.57148,          NaN,         NaN
  8990.0,  2.962451E-5,   344.08830,  2.571784E-5,   575.14095, 5.163080E-12,   -47.49690,          NaN,         NaN
  8995.0,  2.098770E-5,   342.29099,  3.150510E-5,   573.18367, 6.259954E-12,   -48.44902,          NaN,         NaN
  9000.0,  2.706329E-5,   344.20807,  3.074301E-5,   573.36116, 4.077615E-12,   -48.21949,          NaN,         NaN
  9005.0,  1.848645E-5,   343.46336,  2.676624E-5,   571.22564, 8.229478E-12,   -48.82049,          NaN,         NaN
  9010.0,  2.277711E-5,   342.51627,  2.018034E-5,   570.63448, 7.173628E-12,   -50.10108,          NaN,         NaN
  9015.0,  3.221464E-5,   342.12594,  2.945256E-5,   570.05003, 4.915667E-12,   -50.05289,          NaN,         NaN
  9020.0,  1.962234E-5,   341.25422,  2.095948E-5,   568.97998, 3.687786E-12,   -51.15683,          NaN,         NaN
  9025.0,  1.672943E-5,   340.97318,  3.764593E-5,   567.48036, 5.778888E-12,   -52.58072,          NaN,         NaN
  9030.0,  2.675307E-5,   340.57126,  3.194933E-5,   566.98090, 6.644218E-12,   -51.76811,          NaN,         NaN
  9035.0,  2.711458E-5,   340.18331,  1.597864E-5,   566.74274, 6.868560E-12,   -52.59121,          NaN,         NaN
  9040.0,  2.854032E-5,   339.24810,  2.112515E-5,   565.86192, 6.864386E-12,   -53.88490,          NaN,         NaN
  9045.0,  1.598698E-5,   337.19329,  3.862542E-5,   564.54036, 4.529195E-12,   -54.35340,          NaN,         NaN
  9050.0,  3.343954E-5,   336.10711,  1.810262E-5,   564.55134, 8.891580E-12,   -55.41906,          NaN,         NaN
  9055.0,  3.046375E-5,   337.10077,  2.270545E-5,   564.82383, 4.740589E-12,   -57.46778,          NaN,         NaN
  9060.0,  1.649923E-5,   336.21815,  3.516000E-5,   565.58980, 5.324078E-12,   -59.18707,          NaN,         NaN
  9065.0,  1.745324E-5,   336.58571,  2.070114E-5,   565.06827, 5.935657E-12,   -58.25480,          NaN,         NaN
  9070.0,  2.144233E-5,   336.81335,  1.926830E-5,   565.48036, 4.921271E-12,   -59.80087,          NaN,         NaN
  9075.0,  3.198947E-5,   335.94782,  1.925775E-5,   564.86310, 4.302156E-12,   -60.96598,          NaN,         NaN
  9080.0,  2.237248E-5,   335.52232,  1.790549E-5,   564.21033, 5.447328E-12,   -60.95118,          NaN,         NaN
  9085.0,  3.001609E-5,   335.02517,  3.863398E-5,   563.90452, 5.416497E-12,   -61.62853,          NaN,         NaN
  9090.0,  2.632075E-5,   333.26876,  1.887855E-5,   563.31278, 1.140757E-11,   -61.74487,          NaN,         NaN
  9095.0,  2.063935E-5,   333.91707,  2.694900E-5,   562.41177, 7.037347E-12,   -61.91823,          NaN,         NaN
  9100.0,  3.288490E-5,   335.13864,  3.189340E-5,   562.38623, 3.355229E-12,   -61.39428,          NaN,         NaN
  9105.0,  2.123659E-5,   334.10153,  2.398369E-5,   560.82304, 6.331465E-12,   -61.73601,          NaN,         NaN
  9110.0,  2.460293E-5,   333.72468,  2.711282E-5,   560.77448, 4.514440E-12,   -63.12871,          NaN,         NaN
  9115.0,  3.167816E-5,   333.05956,  1.839576E-5,   560.41978, 3.148894E-12,   -63.19541,          NaN,         NaN
  9120.0,  2.538760E-5,   331.26073,  2.616700E-5,   559.13571, 3.958782E-12,   -63.27791,          NaN,         NaN
  9125.0,  2.958059E-5,   331.81675,  1.235097E-5,   560.26303, 8.508560E-12,   -62.63154,          NaN,         NaN
  9130.0,  3.564599E-5,   330.47073,  1.533502E-5,   560.77812, 5.705278E-12,   -62.38464,          NaN,         NaN
  9135.0,  2.358551E-5,   331.22638,  2.465073E-5,   561.31535, 4.414753E-12,   -63.26965,          NaN,         NaN
  9140.0,  2.272099E-5,   330.95210,  3.881010E-5,   559.89633, 3.086925E-12,   -64.50742,          NaN,         NaN
  9145.0,  5.100125E-5,   330.65663,  2.555212E-5,   559.08630, 4.274535E-12,   -64.52605,          NaN,         NaN
  9150.0,  1.813079E-5,   329.96367,  1.885813E-5,   558.85676, 4.697257E-12,   -64.49873,          NaN,         NaN
  9155.0,  3.544409E-5,   329.01761,  2.401773E-5,   558.93087, 6.810408E-12,   -64.68122,          NaN,         NaN
  9160.0,  2.282985E-5,   327.48986,  2.317243E-5,   557.74158, 4.144209E-12,   -65.18242,          NaN,         NaN
  9165.0,  2.246486E-5,   326.86565,  1.597335E-5,   558.11690, 7.472684E-12,   -64.85764,          NaN,         NaN
  9170.0,  2.203799E-5,   326.62948,  3.584175E-5,   556.18597, 4.623459E-12,   -64.69219,          NaN,         NaN
  9175.0,  1.378582E-5,   325.59341,  1.898905E-5,   554.53485, 5.317930E-12,   -64.13887,          NaN,         NaN
  9180.0,  3.147642E-5,   326.44034,  1.675868E-5,   553.45834, 8.164214E-12,   -65.63472,          NaN,         NaN
  9185.0,  2.005331E-5,   325.87053,  2.382084E-5,   554.73677, 1.027074E-11,   -66.03601,          NaN,         NaN
  9190.0,  3.376740E-5,   324.93695,  2.935042E-5,   553.39903, 4.517316E-12,   -66.90193,          NaN,         NaN
  9195.0,  2.735934E-5,   324.59418,  2.396921E-5,   554.12282, 3.508700E-12,   -67.54489,          NaN,         NaN
  9200.0,  2.905032E-5,   325.19079,  1.835382E-5,   553.52235, 4.907774E-12,   -68.69150,          NaN,         NaN
  9205.0,  2.356600E-5,   324.62659,  1.328356E-5,   553.53290, 3.317392E-12,   -68.71840,          NaN,         NaN
  9210.0,  3.434932E-5,   324.81630,  1.341445E-5,   552.60301, 6.896869E-12,   -68.61353,          NaN,         NaN
  9215.0,  5.743440E-5,   322.51384,  1.860204E-5,   552.84607, 8.156257E-12,   -69.42207,          NaN,         NaN
  9220.0,  3.735041E-5,   321.49878,  1.371053E-5,   551.26661, 3.155597E-12,   -70.69989,          NaN,         NaN
  9225.0,  6.046908E-5,   321.15407,  2.049755E-5,   551.97155, 4.370178E-12,   -70.97334,          NaN,         NaN
  9230.0,  2.500973E-5,   320.47536,  2.132628E-5,   551.73957, 4.065648E-12,   -71.18655,          NaN,         NaN
  9235.0,  4.279675E-5,   319.34549,  2.383712E-5,   551.81908, 5.092691E-12,   -71.09641,          NaN,         NaN
  9240.0,  3.167569E-5,   318.26104,  4.508415E-5,   550.98856, 4.964401E-12,   -69.22661,          NaN,         NaN
  9245.0,  2.781223E-5,   317.87956,  4.721433E-5,   550.03070, 6.043415E-12,   -70.50735,          NaN,         NaN
  9250.0,  3.591376E-5,   316.81692,  4.413389E-5,   549.65410, 7.307721E-12,   -71.89813,          NaN,         NaN
  9255.0,  4.264059E-5,   316.10080,  3.444477E-5,   548.57469, 8.712811E-12,   -72.30990,          NaN,         NaN
  9260.0,  3.262005E-5,   315.67260,  4.068907E-5,   548.13780, 4.101724E-12,   -72.97326,          NaN,         NaN
  9265.0,  2.647759E-5,   314.27873,  4.298320E-5,   546.81204, 3.934938E-12,   -73.49750,          NaN,         NaN
  9270.0,  3.256982E-5,   315.59938,  2.828640E-5,   545.64560, 5.404872E-12,   -75.42907,          NaN,         NaN
  9275.0,  2.433999E-5,   314.35123,  2.476959E-5,   546.06361, 4.007118E-12,   -75.14217,          NaN,         NaN
  9280.0,  1.358957E-5,   314.14691,  1.817129E-5,   546.49193, 3.314836E-12,   -75.56109,          NaN,         NaN
  9285.0,  3.753454E-5,   312.94780,  2.136130E-5,   546.82572, 5.330963E-12,   -75.70516,          NaN,         NaN
  9290.0,  3.975137E-5,   311.55212,  2.195558E-5,   545.82684, 7.953602E-12,   -76.42246,          NaN,         NaN
  9295.0,  2.953790E-5,   309.80574,  3.936051E-5,   545.24782, 1.063788E-11,   -76.96780,          NaN,         NaN
  9300.0,  3.755377E-5,   308.85566,  2.401852E-5,   544.96155, 5.031896E-12,   -76.45166,          NaN,         NaN
  9305.0,  2.320722E-5,   308.06970,  2.788469E-5,   545.15239, 5.014858E-12,   -78.09566,          NaN,         NaN
  9310.0,  2.031568E-5,   307.21197,  3.923304E-5,   546.19695, 4.999907E-12,   -77.14822,          NaN,         NaN
  9315.0,  2.412146E-5,   306.07065,  4.108158E-5,   544.57038, 4.622121E-12,   -78.42837,          NaN,         NaN
  9320.0,  1.803446E-5,   306.95718,  1.909872E-5,   543.35003, 5.471129E-12,   -79.21535,          NaN,         NaN
  9325.0,  2.025741E-5,   305.51430,  1.463915E-5,   543.44541, 3.686926E-12,   -80.86359,          NaN,         NaN
  9330.0,  1.957147E-5,   305.96623,  2.612695E-5,   542.67877, 5.563697E-12,   -80.51298,          NaN,         NaN
  9335.0,  2.014088E-5,   305.85573,  2.022359E-5,   542.44052, 5.314831E-12,   -81.01350,          NaN,         NaN
  9340.0,  2.148289E-5,   304.68957,  4.048668E-5,   542.08699, 6.314971E-12,   -82.42134,          NaN,         NaN
  9345.0,  1.438988E-5,   304.28844,  3.672631E-5,   541.23315, 3.230350E-12,   -82.84627,          NaN,         NaN
  9350.0,  3.579589E-5,   305.20745,  2.480272E-5,   539.76484, 4.078632E-12,   -83.26265,          NaN,         NaN
  9355.0,  1.496198E-5,   304.41424,  4.201061E-5,   538.43557, 6.526102E-12,   -84.00205,          NaN,         NaN
  9360.0,  3.156494E-5,   304.41076,  3.097261E-5,   537.16447, 2.551435E-12,   -85.16266,          NaN,         NaN
  9365.0,  3.756233E-5,   305.59203,  2.385301E-5,   536.15086, 5.061411E-12,   -85.78449,          NaN,         NaN
  9370.0,  2.392828E-5,   306.61480,  4.317356E-5,   537.24021, 3.221478E-12,   -86.55216,          NaN,         NaN
  9375.0,  1.501313E-5,   307.06437,  2.378658E-5,   535.78349, 3.223650E-12,   -86.81923,          NaN,         NaN
  9380.0,  2.849056E-5,   306.75785,  3.139499E-5,   537.30688, 3.867023E-12,   -86.70245,          NaN,         NaN
  9385.0,  2.406538E-5,   305.91083,  2.263185E-5,   536.27803, 4.949701E-12,   -87.16835,          NaN,         NaN
  9390.0,  1.443685E-5,   305.37152,  3.047310E-5,   537.14118, 3.893621E-12,   -87.70341,          NaN,         NaN
  9395.0,  2.390580E-5,   306.27773,  3.095326E-5,   538.52285, 4.030898E-12,   -89.04138,          NaN,         NaN
  9400.0,  2.258249E-5,   306.43925,  2.690573E-5,   539.74532, 4.908850E-12,   -90.03976,          NaN,         NaN
  9405.0,  2.525983E-5,   305.96079,  1.983229E-5,   538.75667, 6.411736E-12,   -90.81207,          NaN,         NaN
  9410.0,  3.608335E-5,   305.88082,  1.479113E-5,   538.06099, 6.487525E-12,   -91.62839,          NaN,         NaN
  9415.0,  3.005398E-5,   304.59695,  3.490751E-5,   537.00511, 4.897391E-12,   -92.64270,          NaN,         NaN
  9420.0,  2.235433E-5,   305.11983,  4.204747E-5,   536.41990, 5.864733E-12,   -94.19527,          NaN,         NaN
  9425.0,  1.829813E-5,   305.00192,  1.991400E-5,   535.62420, 3.868171E-12,   -95.04041,          NaN,         NaN
  9430.0,  2.387874E-5,   304.27350,  2.206730E-5,   535.55012, 3.566629E-12,   -94.45601,          NaN,         NaN
  9435.0,  2.182840E-5,   303.97887,  2.772495E-5,   535.12777, 5.552584E-12,   -95.40100,          NaN,         NaN
  9440.0,  2.782726E-5,   305.48401,  2.233079E-5,   533.54083, 4.140020E-12,   -96.71512,          NaN,         NaN
  9445.0,  2.840833E-5,   303.49566,  2.667140E-5,   532.01266, 3.916622E-12,   -97.20118,          NaN,         NaN
  9450.0,  2.271090E-5,   301.88154,  2.515087E-5,   531.69887, 3.565592E-12,   -97.77078,          NaN,         NaN
  9455.0,  1.901493E-5,   301.88222,  1.933632E-5,   530.19636, 3.285959E-12,   -98.33900,          NaN,         NaN
  9460.0,  3.366726E-5,   301.16630,  2.290166E-5,   528.50642, 5.087040E-12,   -99.72754,          NaN,         NaN
  9465.0,  2.320743E-5,   300.71974,  1.788558E-5,   528.12070, 6.510625E-12,  -100.97517,          NaN,         NaN
  9470.0,  3.827901E-5,   299.30250,  1.688643E-5,   528.39600, 4.092146E-12,  -101.40281,          NaN,         NaN
  9475.0,  2.988964E-5,   297.14043,  2.005289E-5,   527.22143, 3.553296E-12,  -101.24229,          NaN,         NaN
  9480.0,  2.105498E-5,   296.79617,  2.541175E-5,   526.32373, 4.747191E-12,  -100.30346,          NaN,         NaN
  9485.0,  3.908443E-5,   297.40153,  3.710108E-5,   526.17485, 3.434799E-12,  -101.05958,          NaN,         NaN
  9490.0,  4.123685E-5,   296.13667,  2.086440E-5,   524.33872, 7.447922E-12,  -101.63714,          NaN,         NaN
  9495.0,  3.225937E-5,   295.85399,  2.158803E-5,   524.72544, 5.974723E-12,  -103.12456,          NaN,         NaN
  9500.0,  4.919635E-5,   294.69335,  3.006509E-5,   522.70485, 6.638739E-12,  -103.34282,          NaN,         NaN
  9505.0,  2.246576E-5,   293.68155,  1.673695E-5,   522.16091, 6.311035E-12,  -104.47563,          NaN,         NaN
  9510.0,  1.579230E-5,   292.83990,  3.235692E-5,   522.08713, 6.383994E-12,  -105.79355,          NaN,         NaN
  9515.0,  1.736925E-5,   293.18366,  2.460535E-5,   522.27813, 4.163497E-12,  -105.52148,          NaN,         NaN
  9520.0,  3.130487E-5,   293.33767,  2.713982E-5,   522.43161, 4.494768E-12,  -106.13772,          NaN,         NaN
  9525.0,  2.548489E-5,   291.83956,  1.316074E-5,   522.22085, 5.776731E-12,  -107.05267,          NaN,         NaN
  9530.0,  1.444038E-5,   291.42832,  1.741569E-5,   523.46977, 7.716523E-12,  -107.20312,          NaN,         NaN
  9535.0,  3.313182E-5,   291.30641,  1.799009E-5,   523.60400, 5.050388E-12,  -109.11724,          NaN,         NaN
  9540.0,  1.659477E-5,   292.05747,  2.134703E-5,   523.30335, 3.267440E-12,  -109.42719,          NaN,         NaN
  9545.0,  4.781054E-5,   291.16070,  1.237050E-5,   524.03786, 6.742116E-12,  -109.54860,          NaN,         NaN
  9550.0,  2.006303E-5,   290.98896,  1.935535E-5,   524.25725, 4.075286E-12,  -110.52628,          NaN,         NaN
  9555.0,  2.344618E-5,   290.76849,  3.759496E-5,   523.20334, 5.641113E-12,  -111.56664,          NaN,         NaN
  9560.0,  1.778507E-5,   291.64987,  2.389836E-5,   522.27294, 3.374298E-12,  -112.44177,          NaN,         NaN
  9565.0,  5.355708E-5,   290.89554,  1.671742E-5,   522.04642, 4.366255E-12,  -113.27388,          NaN,         NaN
  9570.0,  1.521634E-5,   290.18061,  3.069260E-5,   521.72148, 5.329807E-12,  -114.53064,          NaN,         NaN
  9575.0,  1.766345E-5,   290.43287,  1.862717E-5,   521.70786, 6.032950E-12,  -115.53491,          NaN,         NaN
  9580.0,  2.145687E-5,   290.43283,  2.249260E-5,   520.77550, 5.011604E-12,  -116.69204,          NaN,         NaN
  9585.0,  3.532419E-5,   289.10038,  2.617858E-5,   522.17098, 3.760682E-12,  -116.84909,          NaN,         NaN
  9590.0,  2.574425E-5,   288.63302,  3.096136E-5,   520.58792, 3.717099E-12,  -117.55852,          NaN,         NaN
  9595.0,  2.134766E-5,   286.76146,  2.864961E-5,   520.35567, 3.469993E-12,  -118.79208,          NaN,         NaN
  9600.0,  2.094208E-5,   287.13180,  2.006182E-5,   520.32220, 5.651388E-12,  -119.83359,          NaN,         NaN
  9605.0,  2.778605E-5,   285.98660,  1.798831E-5,   520.05589, 5.146263E-12,  -119.97477,          NaN,         NaN
  9610.0,  3.504075E-5,   285.77745,  1.844035E-5,   520.12230, 7.386354E-12,  -120.59266,          NaN,         NaN
  9615.0,  1.950838E-5,   284.66023,  3.537305E-5,   519.59195, 2.991081E-12,  -120.26650,          NaN,         NaN
  9620.0,  3.176769E-5,   284.65507,  4.515191E-5,   519.40067, 3.859630E-12,  -120.59079,          NaN,         NaN
  9625.0,  3.567210E-5,   285.48785,  4.009952E-5,   519.38071, 3.536549E-12,  -121.33340,          NaN,         NaN
  9630.0,  2.995461E-5,   284.82865,  3.835223E-5,   519.05401, 3.245139E-12,  -122.28519,          NaN,         NaN
  9635.0,  2.192875E-5,   284.27668,  3.291029E-5,   518.04062, 3.668597E-12,  -121.86166,          NaN,         NaN
  9640.0,  2.713575E-5,   283.84558,  2.119246E-5,   516.59830, 3.003754E-12,  -122.02431,          NaN,         NaN
  9645.0,  3.268691E-5,   282.48869,  3.694785E-5,   516.46345, 6.782255E-12,  -122.75365,          NaN,         NaN
  9650.0,  2.529063E-5,   281.63121,  3.353384E-5,   515.33741, 5.440102E-12,  -124.20796,          NaN,         NaN
  9655.0,  1.854853E-5,   281.03804,  3.571766E-5,   515.34597, 4.315637E-12,  -124.28977,          NaN,         NaN
  9660.0,  1.856048E-5,   281.37939,  2.862613E-5,   514.13573, 5.594476E-12,  -125.34018,          NaN,         NaN
  9665.0,  2.065488E-5,   280.39084,  3.068277E-5,   512.92260, 3.716960E-12,  -125.65307,          NaN,         NaN
  9670.0,  2.743437E-5,   279.51604,  1.966261E-5,   511.88933, 4.281437E-12,  -126.19747,          NaN,         NaN
  9675.0,  3.305702E-5,   279.19053,  2.462098E-5,   511.77741, 4.536179E-12,  -126.85794,          NaN,         NaN
  9680.0,  2.060902E-5,   278.24450,  1.506246E-5,   511.25593, 6.107202E-12,  -126.33138,          NaN,         NaN
  9685.0,  2.297689E-5,   277.23077,  3.491530E-5,   510.47969, 4.710849E-12,  -126.34407,          NaN,         NaN
  9690.0,  1.910964E-5,   275.54083,  3.529902E-5,   510.14251, 8.518849E-12,  -126.80772,          NaN,         NaN
  9695.0,  3.592450E-5,   275.55431,  1.495056E-5,   509.22517, 6.715828E-12,  -127.26587,          NaN,         NaN
  9700.0,  4.076129E-5,   275.51669,  2.206717E-5,   509.65843, 7.802496E-12,  -128.42232,          NaN,         NaN
  9705.0,  4.541150E-5,   274.10898,  1.330531E-5,   508.86638, 5.411411E-12,  -129.14299,          NaN,         NaN
  9710.0,  2.360417E-5,   272.14003,  1.915278E-5,   509.75613, 7.037166E-12,  -130.20845,          NaN,         NaN
  9715.0,  2.614741E-5,   272.06007,  4.202658E-5,   509.14353, 3.931623E-12,  -129.34065,          NaN,         NaN
  9720.0,  2.289765E-5,   271.13954,  5.422257E-5,   508.53719, 3.653735E-12,  -129.89625,          NaN,         NaN
  9725.0,  2.917501E-5,   270.70112,  2.423281E-5,   507.10570, 3.761042E-12,  -130.86118,          NaN,         NaN
  9730.0,  1.686775E-5,   271.46434,  3.327532E-5,   506.79366, 5.605365E-12,  -130.91954,          NaN,         NaN
  9735.0,  2.630116E-5,   270.16164,  1.930337E-5,   505.36445, 9.117994E-12,  -131.24897,          NaN,         NaN
  9740.0,  2.602191E-5,   271.29145,  2.269184E-5,   504.24760, 6.262645E-12,  -132.65403,          NaN,         NaN
  9745.0,  2.149343E-5,   270.99941,  2.118344E-5,   502.50427, 4.872027E-12,  -132.48659,          NaN,         NaN
  9750.0,  1.226513E-5,   270.64418,  1.786898E-5,   503.13615, 5.728619E-12,  -134.06633,          NaN,         NaN
  9755.0,  3.890233E-5,   270.92524,  2.243202E-5,   502.03821, 4.111151E-12,  -133.14378,          NaN,         NaN
  9760.0,  3.646365E-5,   271.00428,  1.807902E-5,   501.08277, 5.287032E-12,  -132.76960,          NaN,         NaN
  9765.0,  4.052816E-5,   269.35901,  1.883236E-5,   501.42073, 5.951170E-12,  -133.92622,          NaN,         NaN
  9770.0,  2.330925E-5,   268.33366,  1.912214E-5,   500.87601, 2.979203E-12,  -134.60527,          NaN,         NaN
  9775.0,  2.712271E-5,   267.79391,  2.306840E-5,   502.26055, 4.980401E-12,  -135.32416,          NaN,         NaN
  9780.0,  2.064506E-5,   266.35529,  4.712451E-5,   500.50882, 5.578122E-12,  -136.03825,          NaN,         NaN
  9785.0,  2.132857E-5,   265.10625,  2.356442E-5,   501.54830, 2.808304E-12,  -135.62971,          NaN,         NaN
  9790.0,  2.074451E-5,   263.95045,  2.150232E-5,   500.47058, 3.348420E-12,  -136.40018,          NaN,         NaN
  9795.0,  2.728655E-5,   263.34288,  2.689433E-5,   500.68462, 6.491707E-12,  -136.09624,          NaN,         NaN
  9800.0,  3.147154E-5,   262.85134,  1.573832E-5,   501.36917, 8.285440E-12,  -136.51833,          NaN,         NaN
  9805.0,  3.574981E-5,   262.49727,  2.263061E-5,   500.72271, 4.583012E-12,  -136.96634,          NaN,         NaN
  9810.0,  2.091279E-5,   260.54887,  1.570001E-5,   499.68114, 4.029020E-12,  -138.13396,          NaN,         NaN
  9815.0,  1.540996E-5,   260.32257,  2.516643E-5,   500.16778, 2.834366E-12,  -139.27329,          NaN,         NaN
  9820.0,  1.972022E-5,   260.21198,  3.389950E-5,   500.55047, 5.062408E-12,  -139.45710,          NaN,         NaN
  9825.0,  2.963179E-5,   259.46220,  2.776525E-5,   501.11692, 3.825662E-12,  -139.44863,          NaN,         NaN
  9830.0,  1.683906E-5,   259.95257,  1.913123E-5,   502.55368, 4.742287E-12,  -138.97642,          NaN,         NaN
  9835.0,  2.867687E-5,   258.71212,  1.810511E-5,   503.47543, 2.924162E-12,  -139.90493,          NaN,         NaN
  9840.0,  1.599652E-5,   259.47797,  2.475747E-5,   502.38840, 6.555909E-12,  -138.92599,          NaN,         NaN
  9845.0,  3.681877E-5,   258.32262,  2.779853E-5,   503.59093, 6.193173E-12,  -139.77690,          NaN,         NaN
  9850.0,  2.729550E-5,   258.44842,  4.056370E-5,   501.93349, 4.527102E-12,  -138.71870,          NaN,         NaN
  9855.0,  1.990084E-5,   258.07785,  1.586312E-5,   500.85642, 4.047653E-12,  -140.10103,          NaN,         NaN
  9860.0,  1.604668E-5,   256.97173,  1.337014E-5,   499.68887, 6.401451E-12,  -140.79463,          NaN,         NaN
  9865.0,  2.088975E-5,   256.25780,  3.878216E-5,   499.14080, 7.264383E-12,  -141.95447,          NaN,         NaN
  9870.0,  2.817226E-5,   255.22429,  3.037480E-5,   498.82401, 5.252913E-12,  -142.45491,          NaN,         NaN
  9875.0,  2.266887E-5,   253.85159,  2.245873E-5,   498.23541, 2.866545E-12,  -142.78861,          NaN,         NaN
  9880.0,  3.443783E-5,   253.28342,  2.666733E-5,   497.53375, 2.738808E-12,  -143.49722,          NaN,         NaN
  9885.0,  3.500425E-5,   252.47226,  2.793332E-5,   497.27778, 5.145810E-12,  -144.10126,          NaN,         NaN
  9890.0,  2.629570E-5,   252.47709,  1.753160E-5,   498.44792, 3.464386E-12,  -142.88394,          NaN,         NaN
  9895.0,  2.422752E-5,   251.73323,  1.684706E-5,   496.91302, 4.231009E-12,  -143.88011,          NaN,         NaN
  9900.0,  2.032806E-5,   252.06044,  3.001823E-5,   498.27941, 4.921742E-12,  -144.19117,          NaN,         NaN
  9905.0,  1.677569E-5,   252.83517,  2.110574E-5,   497.96773, 4.240661E-12,  -145.53907,          NaN,         NaN
  9910.0,  1.774214E-5,   252.16349,  1.883648E-5,   497.68488, 4.189892E-12,  -145.27877,          NaN,         NaN
  9915.0,  2.331634E-5,   251.26312,  3.339831E-5,   499.31589, 4.440860E-12,  -146.16835,          NaN,         NaN
  9920.0,  1.074434E-5,   251.75120,  2.236274E-5,   499.13525, 3.956074E-12,  -147.07834,          NaN,         NaN
  9925.0,  3.535423E-5,   251.71550,  2.884193E-5,   499.23515, 3.782456E-12,  -146.88117,          NaN,         NaN
  9930.0,  2.574590E-5,   252.20366,  2.308047E-5,   499.08921, 4.715049E-12,  -147.27303,          NaN,         NaN
  9935.0,  2.744679E-5,   251.46437,  2.153258E-5,   498.20298, 3.223794E-12,  -147.47865,          NaN,         NaN
  9940.0,  1.578518E-5,   250.20262,  2.332332E-5,   498.81390, 3.439279E-12,  -147.31069,          NaN,         NaN
  9945.0,  1.663327E-5,   249.54982,  2.650200E-5,   497.72896, 2.994362E-12,  -148.07039,          NaN,         NaN
  9950.0,  1.742938E-5,   249.51259,  1.870706E-5,   496.95710, 4.378473E-12,  -147.52575,          NaN,         NaN
  9955.0,  1.538887E-5,   247.95186,  1.583974E-5,   496.41033, 3.808450E-12,  -148.82896,          NaN,         NaN
  9960.0,  2.941980E-5,   247.60390,  2.675091E-5,   495.82100, 3.863532E-12,  -149.72207,          NaN,         NaN
  9965.0,  1.970879E-5,   247.57341,  2.863237E-5,   494.96297, 3.895050E-12,  -149.77855,          NaN,         NaN
  9970.0,  2.013030E-5,   248.30734,  2.436134E-5,   493.84306, 5.284637E-12,  -150.41247,          NaN,         NaN
  9975.0,  4.563982E-5,   248.88102,  1.703420E-5,   494.90485, 4.294556E-12,  -151.98055,          NaN,         NaN
  9980.0,  2.916932E-5,   246.66006,  1.890089E-5,   494.44425, 6.026191E-12,  -151.65318,          NaN,         NaN
  9985.0,  2.420704E-5,   246.67699,  2.123193E-5,   493.68508, 3.441315E-12,  -151.73160,          NaN,         NaN
  9990.0,  1.833075E-5,   246.31509,  2.424500E-5,   493.19583, 6.108951E-12,  -151.36972,          NaN,         NaN
  9995.0,  2.268742E-5,   246.48507,  2.290632E-5,   494.44818, 4.389038E-12,  -151.59457,          NaN,         NaN
 10000.0,  3.202088E-5,   248.02178,  2.186757E-5,   494.46418, 4.676882E-12,  -152.29572,          NaN,         NaN
,,,          NaN,,,,          NaN,         NaN
,,,          NaN,,,,          NaN,         NaN
,,,          NaN,,,,          NaN,         NaN
,,,          NaN,,,,          NaN,         NaN
,,,          NaN,,,,          NaN,         NaN
,,,          NaN,,,,          NaN,         NaN
,,,          NaN,,,,          NaN,         NaN
,,,          NaN,,,,          NaN,         NaN
,,,          NaN,,,,          NaN,         NaN
,,,          NaN,,,,          NaN,         NaN
,,,          NaN,,,,          NaN,         NaN
,,,          NaN,,,,          NaN,         NaN
,,,          NaN,,,,          NaN,         NaN
,,,          NaN,,,,          NaN,         NaN
,,,          NaN,,,,          NaN,         NaN
,,,          NaN,,,,          NaN,         NaN
,,,          NaN,,,,          NaN,         NaN
,,,          NaN,,,,          NaN,         NaN
,,,          NaN,,,,          NaN,         NaN
,,,          NaN,,,,          NaN,         NaN
,,,          NaN,,,,          NaN,         NaN
,,,          NaN,,,,          NaN,         NaN
,,,          NaN,,,,          NaN,         NaN
,,,          NaN,,,,          NaN,         NaN
,,,          NaN,,,,          NaN,         NaN
,,,          NaN,,,,          NaN,         NaN
,,,          NaN,,,,          NaN,         NaN
,,,          NaN,,,,          NaN,         NaN
,,,          NaN,,,,          NaN,         NaN
,,,          NaN,,,,          NaN,         NaN
,,,          NaN,,,,          NaN,         NaN
,,,          NaN,,,,          NaN,         NaN
,,,          NaN,,,,          NaN,         NaN
,,,          NaN,,,,          NaN,         NaN
,,,          NaN,,,,          NaN,         NaN
,,,          NaN,,,,          NaN,         NaN
,,,          NaN,,,,          NaN,         NaN
,,,          NaN,,,,          NaN,         NaN
,,,          NaN,,,,          NaN,         NaN
,,,          NaN,,,,          NaN,         NaN
,,,          NaN,,,,          NaN,         NaN
,,,          NaN,,,,          NaN,         NaN
,,,          NaN,,,,          NaN,         NaN
,,,          NaN,,,,          NaN,         NaN
,,,          NaN,,,,          NaN,         NaN
,,,          NaN,,,,          NaN,         NaN
,,,          NaN,,,,          NaN,         NaN
,,,          NaN,,,,          NaN,         NaN
,,,          NaN,,,,          NaN,         NaN
,,,          NaN,,,,          NaN,         NaN
,,,          NaN,,,,          NaN,         NaN
,,,          NaN,,,,          NaN,         NaN
,,,          NaN,,,,          NaN,         NaN
,,,          NaN,,,,          NaN,         NaN
,,,          NaN,,,,          NaN,         NaN
,,,          NaN,,,,          NaN,         NaN
,,,          NaN,,,,          NaN,         NaN
,,,          NaN,,,,          NaN,         NaN
,,,          NaN,,,,          NaN,         NaN
,,,          NaN,,,,          NaN,         NaN
,,,          NaN,,,,          NaN,         NaN
,,,          NaN,,,,          NaN,         NaN
,,,          NaN,,,,          NaN,         NaN
,,,          NaN,,,,          NaN,         NaN
,,,          NaN,,,,          NaN,         NaN
,,,          NaN,,,,          NaN,         NaN
,,,          NaN,,,,          NaN,         NaN
,,,          NaN,,,,          NaN,         NaN
,,,          NaN,,,,          NaN,         NaN
,,,          NaN,,,,          NaN,         NaN
,,,          NaN,,,,          NaN,         NaN
,,,          NaN,,,,          NaN,         NaN
,,,          NaN,,,,          NaN,         NaN
,,,          NaN,,,,          NaN,         NaN
,,,          NaN,,,,          NaN,         NaN
,,,          NaN,,,,          NaN,         NaN
,,,          NaN,,,,          NaN,         NaN
,,,          NaN,,,,          NaN,         NaN
,,,          NaN,,,,          NaN,         NaN
,,,          NaN,,,,          NaN,         NaN
,,,          NaN,,,,          NaN,         NaN
,,,          NaN,,,,          NaN,         NaN
,,,          NaN,,,,          NaN,         NaN
,,,          NaN,,,,          NaN,         NaN
,,,          NaN,,,,          NaN,         NaN
,,,          NaN,,,,          NaN,         NaN
,,,          NaN,,,,          NaN,         NaN
,,,          NaN,,,,          NaN,         NaN
,,,          NaN,,,,          NaN,         NaN
,,,          NaN,,,,          NaN,         NaN
,,,          NaN,,,,          NaN,         NaN
,,,          NaN,,,,          NaN,         NaN
,,,          NaN,,,,          NaN,         NaN
,,,          NaN,,,,          NaN,         NaN
,,,          NaN,,,,          NaN,         NaN
,,,          NaN,,,,          NaN,         NaN
,,,          NaN,,,,          NaN,         NaN
,,,          NaN,,,,          NaN,         NaN
,,,          NaN,,,,          NaN,         NaN
,,,          NaN,,,,          NaN,         NaN
,,,          NaN,,,,          NaN,         NaN
,,,          NaN,,,,          NaN,         NaN
,,,          NaN,,,,          NaN,         NaN
,,,          NaN,,,,          NaN,         NaN
,,,          NaN,,,,          NaN,         NaN
,,,          NaN,,,,          NaN,         NaN
,,,          NaN,,,,          NaN,         NaN
,,,          NaN,,,,          NaN,         NaN
,,,          NaN,,,,          NaN,         NaN
,,,          NaN,,,,          NaN,         NaN
,,,          NaN,,,,          NaN,         NaN
,,,          NaN,,,,          NaN,         NaN
,,,          NaN,,,,          NaN,         NaN
,,,          NaN,,,,          NaN,         NaN
,,,          NaN,,,,          NaN,         NaN
,,,          NaN,,,,          NaN,         NaN
,,,          NaN,,,,          NaN,         NaN
,,,          NaN,,,,          NaN,         NaN
,,,          NaN,,,,          NaN,         NaN
,,,          NaN,,,,          NaN,         NaN
,,,          NaN,,,,          NaN,         NaN
,,,          NaN,,,,          NaN,         NaN
,,,          NaN,,,,          NaN,         NaN
,,,          NaN,,,,          NaN,         NaN
,,,          NaN,,,,          NaN,         NaN
,,,          NaN,,,,          NaN,         NaN
,,,          NaN,,,,          NaN,         NaN
,,,          NaN,,,,          NaN,         NaN
,,,          NaN,,,,          NaN,         NaN
,,,          NaN,,,,          NaN,         NaN
,,,          NaN,,,,          NaN,         NaN
,,,          NaN,,,,          NaN,         NaN
,,,          NaN,,,,          NaN,         NaN
,,,          NaN,,,,          NaN,         NaN
,,,          NaN,,,,          NaN,         NaN
,,,          NaN,,,,          NaN,         NaN
,,,          NaN,,,,          NaN,         NaN
,,,          NaN,,,,          NaN,         NaN
,,,          NaN,,,,          NaN,         NaN
,,,          NaN,,,,          NaN,         NaN
,,,          NaN,,,,          NaN,         NaN
,,,          NaN,,,,          NaN,         NaN
,,,          NaN,,,,          NaN,         NaN
,,,          NaN,,,,          NaN,         NaN
,,,          NaN,,,,          NaN,         NaN
,,,          NaN,,,,          NaN,         NaN
,,,          NaN,,,,          NaN,         NaN
,,,          NaN,,,,          NaN,         NaN
,,,          NaN,,,,          NaN,         NaN
,,,          NaN,,,,          NaN,         NaN
,,,          NaN,,,,          NaN,         NaN
,,,          NaN,,,,          NaN,         NaN
,,,          NaN,,,,          NaN,         NaN
,,,          NaN,,,,          NaN,         NaN
,,,          NaN,,,,          NaN,         NaN
,,,          NaN,,,,          NaN,         NaN
,,,          NaN,,,,          NaN,         NaN
,,,          NaN,,,,          NaN,         NaN
,,,          NaN,,,,          NaN,         NaN
,,,          NaN,,,,          NaN,         NaN
,,,          NaN,,,,          NaN,         NaN
,,,          NaN,,,,          NaN,         NaN
,,,          NaN,,,,          NaN,         NaN
,,,          NaN,,,,          NaN,         NaN
,,,          NaN,,,,          NaN,         NaN
,,,          NaN,,,,          NaN,         NaN
,,,          NaN,,,,          NaN,         NaN
,,,          NaN,,,,          NaN,         NaN
,,,          NaN,,,,          NaN,         NaN
,,,          NaN,,,,          NaN,         NaN
,,,          NaN,,,,          NaN,         NaN
,,,          NaN,,,,          NaN,         NaN
,,,          NaN,,,,          NaN,         NaN
,,,          NaN,,,,          NaN,         NaN
,,,          NaN,,,,          NaN,         NaN
,,,          NaN,,,,          NaN,         NaN
,,,          NaN,,,,          NaN,         NaN
,,,          NaN,,,,          NaN,         NaN
,,,          NaN,,,,          NaN,         NaN
,,,          NaN,,,,          NaN,         NaN
,,,          NaN,,,,          NaN,         NaN
,,,          NaN,,,,          NaN,         NaN
,,,          NaN,,,,          NaN,         NaN
,,,          NaN,,,,          NaN,         NaN
,,,          NaN,,,,          NaN,         NaN
,,,          NaN,,,,          NaN,         NaN
,,,          NaN,,,,          NaN,         NaN
,,,          NaN,,,,          NaN,         NaN
,,,          NaN,,,,          NaN,         NaN
,,,          NaN,,,,          NaN,         NaN
,,,          NaN,,,,          NaN,         NaN
,,,          NaN,,,,          NaN,         NaN
,,,          NaN,,,,          NaN,         NaN
,,,          NaN,,,,          NaN,         NaN
,,,          NaN,,,,          NaN,         NaN
,,,          NaN,,,,          NaN,         NaN
,,,          NaN,,,,          NaN,         NaN
,,,          NaN,,,,          NaN,         NaN
,,,          NaN,,,,          NaN,         NaN
,,,          NaN,,,,          NaN,         NaN
,,,          NaN,,,,          NaN,         NaN
,,,          NaN,,,,          NaN,         NaN
,,,          NaN,,,,          NaN,         NaN
,,,          NaN,,,,          NaN,         NaN
,,,          NaN,,,,          NaN,         NaN
,,,          NaN,,,,          NaN,         NaN
,,,          NaN,,,,          NaN,         NaN
,,,          NaN,,,,          NaN,         NaN
,,,          NaN,,,,          NaN,         NaN
,,,          NaN,,,,          NaN,         NaN
,,,          NaN,,,,          NaN,         NaN
,,,          NaN,,,,          NaN,         NaN
,,,          NaN,,,,          NaN,         NaN
,,,          NaN,,,,          NaN,         NaN
,,,          NaN,,,,          NaN,         NaN
,,,          NaN,,,,          NaN,         NaN
,,,          NaN,,,,          NaN,         NaN
,,,          NaN,,,,          NaN,         NaN
,,,          NaN,,,,          NaN,         NaN
,,,          NaN,,,,          NaN,         NaN
,,,          NaN,,,,          NaN,         NaN
,,,          NaN,,,,          NaN,         NaN
,,,          NaN,,,,          NaN,         NaN
,,,          NaN,,,,          NaN,         NaN
,,,          NaN,,,,          NaN,         NaN
,,,          NaN,,,,          NaN,         NaN
,,,          NaN,,,,          NaN,         NaN
,,,          NaN,,,,          NaN,         NaN
,,,          NaN,,,,          NaN,         NaN
,,,          NaN,,,,          NaN,         NaN
,,,          NaN,,,,          NaN,         NaN
,,,          NaN,,,,          NaN,         NaN
,,,          NaN,,,,          NaN,         NaN
,,,          NaN,,,,          NaN,         NaN
,,,          NaN,,,,          NaN,         NaN
,,,          NaN,,,,          NaN,         NaN
,,,          NaN,,,,          NaN,         NaN
,,,          NaN,,,,          NaN,         NaN
,,,          NaN,,,,          NaN,         NaN
,,,          NaN,,,,          NaN,         NaN
,,,          NaN,,,,          NaN,         NaN
,,,          NaN,,,,          NaN,         NaN
,,,          NaN,,,,          NaN,         NaN
,,,          NaN,,,,          NaN,         NaN
,,,          NaN,,,,          NaN,         NaN
,,,          NaN,,,,          NaN,         NaN
,,,          NaN,,,,          NaN,         NaN
,,,          NaN,,,,          NaN,         NaN
,,,          NaN,,,,          NaN,         NaN
,,,          NaN,,,,          NaN,         NaN
,,,          NaN,,,,          NaN,         NaN
,,,          NaN,,,,          NaN,         NaN
,,,          NaN,,,,          NaN,         NaN
,,,          NaN,,,,          NaN,         NaN
,,,          NaN,,,,          NaN,         NaN
,,,          NaN,,,,          NaN,         NaN
,,,          NaN,,,,          NaN,         NaN
,,,          NaN,,,,          NaN,         NaN
,,,          NaN,,,,          NaN,         NaN
,,,          NaN,,,,          NaN,         NaN
,,,          NaN,,,,          NaN,         NaN
,,,          NaN,,,,          NaN,         NaN
,,,          NaN,,,,          NaN,         NaN
,,,          NaN,,,,          NaN,         NaN
,,,          NaN,,,,          NaN,         NaN
,,,          NaN,,,,          NaN,         NaN
,,,          NaN,,,,          NaN,         NaN
,,,          NaN,,,,          NaN,         NaN
,,,          NaN,,,,          NaN,         NaN
,,,          NaN,,,,          NaN,         NaN
,,,          NaN,,,,          NaN,         NaN
,,,          NaN,,,,          NaN,         NaN
,,,          NaN,,,,          NaN,         NaN
,,,          NaN,,,,          NaN,         NaN
,,,          NaN,,,,          NaN,         NaN
,,,          NaN,,,,          NaN,         NaN
,,,          NaN,,,,          NaN,         NaN
,,,          NaN,,,,          NaN,         NaN
,,,          NaN,,,,          NaN,         NaN
,,,          NaN,,,,          NaN,         NaN
,,,          NaN,,,,          NaN,         NaN
,,,          NaN,,,,          NaN,         NaN
,,,          NaN,,,,          NaN,         NaN
,,,          NaN,,,,          NaN,         NaN
,,,          NaN,,,,          NaN,         NaN
,,,          NaN,,,,          NaN,         NaN
,,,          NaN,,,,          NaN,         NaN
,,,          NaN,,,,          NaN,         NaN
,,,          NaN,,,,          NaN,         NaN
,,,          NaN,,,,          NaN,         NaN
,,,          NaN,,,,          NaN,         NaN
,,,          NaN,,,,          NaN,         NaN
,,,          NaN,,,,          NaN,         NaN
,,,          NaN,,,,          NaN,         NaN
,,,          NaN,,,,          NaN,         NaN
,,,          NaN,,,,          NaN,         NaN
,,,          NaN,,,,          NaN,         NaN
,,,          NaN,,,,          NaN,         NaN
,,,          NaN,,,,          NaN,         NaN
,,,          NaN,,,,          NaN,         NaN
,,,          NaN,,,,          NaN,         NaN
,,,          NaN,,,,          NaN,         NaN
,,,          NaN,,,,          NaN,         NaN
,,,          NaN,,,,          NaN,         NaN
,,,          NaN,,,,          NaN,         NaN
,,,          NaN,,,,          NaN,         NaN
,,,          NaN,,,,          NaN,         NaN
,,,          NaN,,,,          NaN,         NaN
,,,          NaN,,,,          NaN,         NaN
,,,          NaN,,,,          NaN,         NaN
,,,          NaN,,,,          NaN,         NaN
,,,          NaN,,,,          NaN,         NaN
,,,          NaN,,,,          NaN,         NaN
,,,          NaN,,,,          NaN,         NaN
,,,          NaN,,,,          NaN,         NaN
,,,          NaN,,,,          NaN,         NaN
,,,          NaN,,,,          NaN,         NaN
,,,          NaN,,,,          NaN,         NaN
,,,          NaN,,,,          NaN,         NaN
,,,          NaN,,,,          NaN,         NaN
,,,          NaN,,,,          NaN,         NaN
,,,          NaN,,,,          NaN,         NaN
,,,          NaN,,,,          NaN,         NaN
,,,          NaN,,,,          NaN,         NaN
,,,          NaN,,,,          NaN,         NaN
,,,          NaN,,,,          NaN,         NaN
,,,          NaN,,,,          NaN,         NaN
,,,          NaN,,,,          NaN,         NaN
,,,          NaN,,,,          NaN,         NaN
,,,          NaN,,,,          NaN,         NaN
,,,          NaN,,,,          NaN,         NaN
,,,          NaN,,,,          NaN,         NaN
,,,          NaN,,,,          NaN,         NaN
,,,          NaN,,,,          NaN,         NaN
,,,          NaN,,,,          NaN,         NaN
,,,          NaN,,,,          NaN,         NaN
,,,          NaN,,,,          NaN,         NaN
,,,          NaN,,,,          NaN,         NaN
,,,          NaN,,,,          NaN,         NaN
,,,          NaN,,,,          NaN,         NaN
,,,          NaN,,,,          NaN,         NaN
,,,          NaN,,,,          NaN,         NaN
,,,          NaN,,,,          NaN,         NaN
,,,          NaN,,,,          NaN,         NaN
,,,          NaN,,,,          NaN,         NaN
,,,          NaN,,,,          NaN,         NaN
,,,          NaN,,,,          NaN,         NaN
,,,          NaN,,,,          NaN,         NaN
,,,          NaN,,,,          NaN,         NaN
,,,          NaN,,,,          NaN,         NaN
,,,          NaN,,,,          NaN,         NaN
,,,          NaN,,,,          NaN,         NaN
,,,          NaN,,,,          NaN,         NaN
,,,          NaN,,,,          NaN,         NaN
,,,          NaN,,,,          NaN,         NaN
,,,          NaN,,,,          NaN,         NaN
,,,          NaN,,,,          NaN,         NaN
,,,          NaN,,,,          NaN,         NaN
,,,          NaN,,,,          NaN,         NaN
,,,          NaN,,,,          NaN,         NaN
,,,          NaN,,,,          NaN,         NaN
,,,          NaN,,,,          NaN,         NaN
,,,          NaN,,,,          NaN,         NaN
,,,          NaN,,,,          NaN,         NaN
,,,          NaN,,,,          NaN,         NaN
,,,          NaN,,,,          NaN,         NaN
,,,          NaN,,,,          NaN,         NaN
,,,          NaN,,,,          NaN,         NaN
,,,          NaN,,,,          NaN,         NaN
,,,          NaN,,,,          NaN,         NaN
,,,          NaN,,,,          NaN,         NaN
,,,          NaN,,,,          NaN,         NaN
,,,          NaN,,,,          NaN,         NaN
,,,          NaN,,,,          NaN,         NaN
,,,          NaN,,,,          NaN,         NaN
,,,          NaN,,,,          NaN,         NaN
,,,          NaN,,,,          NaN,         NaN
,,,          NaN,,,,          NaN,         NaN
,,,          NaN,,,,          NaN,         NaN
,,,          NaN,,,,          NaN,         NaN
,,,          NaN,,,,          NaN,         NaN
,,,          NaN,,,,          NaN,         NaN
,,,          NaN,,,,          NaN,         NaN
,,,          NaN,,,,          NaN,         NaN
,,,          NaN,,,,          NaN,         NaN
,,,          NaN,,,,          NaN,         NaN
,,,          NaN,,,,          NaN,         NaN
,,,          NaN,,,,          NaN,         NaN
,,,          NaN,,,,          NaN,         NaN
,,,          NaN,,,,          NaN,         NaN
,,,          NaN,,,,          NaN,         NaN
,,,          NaN,,,,          NaN,         NaN
,,,          NaN,,,,          NaN,         NaN
,,,          NaN,,,,          NaN,         NaN
,,,          NaN,,,,          NaN,         NaN
,,,          NaN,,,,          NaN,         NaN
,,,          NaN,,,,          NaN,         NaN
,,,          NaN,,,,          NaN,         NaN
,,,          NaN,,,,          NaN,         NaN
,,,          NaN,,,,          NaN,         NaN
,,,          NaN,,,,          NaN,         NaN
,,,          NaN,,,,          NaN,         NaN
,,,          NaN,,,,          NaN,         NaN
,,,          NaN,,,,          NaN,         NaN
,,,          NaN,,,,          NaN,         NaN
,,,          NaN,,,,          NaN,         NaN
,,,          NaN,,,,          NaN,         NaN
,,,          NaN,,,,          NaN,         NaN
,,,          NaN,,,,          NaN,         NaN
,,,          NaN,,,,          NaN,         NaN
,,,          NaN,,,,          NaN,         NaN
,,,          NaN,,,,          NaN,         NaN
,,,          NaN,,,,          NaN,         NaN
,,,          NaN,,,,          NaN,         NaN
,,,          NaN,,,,          NaN,         NaN
,,,          NaN,,,,          NaN,         NaN
,,,          NaN,,,,          NaN,         NaN
,,,          NaN,,,,          NaN,         NaN
,,,          NaN,,,,          NaN,         NaN
,,,          NaN,,,,          NaN,         NaN
,,,          NaN,,,,          NaN,         NaN
,,,          NaN,,,,          NaN,         NaN
,,,          NaN,,,,          NaN,         NaN
,,,          NaN,,,,          NaN,         NaN
,,,          NaN,,,,          NaN,         NaN
,,,          NaN,,,,          NaN,         NaN
,,,          NaN,,,,          NaN,         NaN
,,,          NaN,,,,          NaN,         NaN
,,,          NaN,,,,          NaN,         NaN
,,,          NaN,,,,          NaN,         NaN
,,,          NaN,,,,          NaN,         NaN
,,,          NaN,,,,          NaN,         NaN
,,,          NaN,,,,          NaN,         NaN
,,,          NaN,,,,          NaN,         NaN
,,,          NaN,,,,          NaN,         NaN
,,,          NaN,,,,          NaN,         NaN
,,,          NaN,,,,          NaN,         NaN
,,,          NaN,,,,          NaN,         NaN
,,,          NaN,,,,          NaN,         NaN
,,,          NaN,,,,          NaN,         NaN
,,,          NaN,,,,          NaN,         NaN
,,,          NaN,,,,          NaN,         NaN
,,,          NaN,,,,          NaN,         NaN
,,,          NaN,,,,          NaN,         NaN
,,,          NaN,,,,          NaN,         NaN
,,,          NaN,,,,          NaN,         NaN
,,,          NaN,,,,          NaN,         NaN
,,,          NaN,,,,          NaN,         NaN
,,,          NaN,,,,          NaN,         NaN
,,,          NaN,,,,          NaN,         NaN
,,,          NaN,,,,          NaN,         NaN
,,,          NaN,,,,          NaN,         NaN
,,,          NaN,,,,          NaN,         NaN
,,,          NaN,,,,          NaN,         NaN
,,,          NaN,,,,          NaN,         NaN
,,,          NaN,,,,          NaN,         NaN
,,,          NaN,,,,          NaN,         NaN
,,,          NaN,,,,          NaN,         NaN
,,,          NaN,,,,          NaN,         NaN
,,,          NaN,,,,          NaN,         NaN
,,,          NaN,,,,          NaN,         NaN
,,,          NaN,,,,          NaN,         NaN
,,,          NaN,,,,          NaN,         NaN
,,,          NaN,,,,          NaN,         NaN
,,,          NaN,,,,          NaN,         NaN
,,,          NaN,,,,          NaN,         NaN
,,,          NaN,,,,          NaN,         NaN
,,,          NaN,,,,          NaN,         NaN
,,,          NaN,,,,          NaN,         NaN
,,,          NaN,,,,          NaN,         NaN
,,,          NaN,,,,          NaN,         NaN
,,,          NaN,,,,          NaN,         NaN
,,,          NaN,,,,          NaN,         NaN
,,,          NaN,,,,          NaN,         NaN
,,,          NaN,,,,          NaN,         NaN
,,,          NaN,,,,          NaN,         NaN
,,,          NaN,,,,          NaN,         NaN
,,,          NaN,,,,          NaN,         NaN
,,,          NaN,,,,          NaN,         NaN
,,,          NaN,,,,          NaN,         NaN
,,,          NaN,,,,          NaN,         NaN
,,,          NaN,,,,          NaN,         NaN
,,,          NaN,,,,          NaN,         NaN
,,,          NaN,,,,          NaN,         NaN
,,,          NaN,,,,          NaN,         NaN
,,,          NaN,,,,          NaN,         NaN
,,,          NaN,,,,          NaN,         NaN
,,,          NaN,,,,          NaN,         NaN
,,,          NaN,,,,          NaN,         NaN
,,,          NaN,,,,          NaN,         NaN
,,,          NaN,,,,          NaN,         NaN
,,,          NaN,,,,          NaN,         NaN
,,,          NaN,,,,          NaN,         NaN
,,,          NaN,,,,          NaN,         NaN
,,,          NaN,,,,          NaN,         NaN
,,,          NaN,,,,          NaN,         NaN
,,,          NaN,,,,          NaN,         NaN
,,,          NaN,,,,          NaN,         NaN
,,,          NaN,,,,          NaN,         NaN
,,,          NaN,,,,          NaN,         NaN
,,,          NaN,,,,          NaN,         NaN
,,,          NaN,,,,          NaN,         NaN
,,,          NaN,,,,          NaN,         NaN
,,,          NaN,,,,          NaN,         NaN
,,,          NaN,,,,          NaN,         NaN
,,,          NaN,,,,          NaN,         NaN
,,,          NaN,,,,          NaN,         NaN
,,,          NaN,,,,          NaN,         NaN
,,,          NaN,,,,          NaN,         NaN
,,,          NaN,,,,          NaN,         NaN
,,,          NaN,,,,          NaN,         NaN
,,,          NaN,,,,          NaN,         NaN
,,,          NaN,,,,          NaN,         NaN
,,,          NaN,,,,          NaN,         NaN
,,,          NaN,,,,          NaN,         NaN
,,,          NaN,,,,          NaN,         NaN
,,,          NaN,,,,          NaN,         NaN
,,,          NaN,,,,          NaN,         NaN
,,,          NaN,,,,          NaN,         NaN
,,,          NaN,,,,          NaN,         NaN
,,,          NaN,,,,          NaN,         NaN
,,,          NaN,,,,          NaN,         NaN
,,,          NaN,,,,          NaN,         NaN
,,,          NaN,,,,          NaN,         NaN
,,,          NaN,,,,          NaN,         NaN
,,,          NaN,,,,          NaN,         NaN
,,,          NaN,,,,          NaN,         NaN
,,,          NaN,,,,          NaN,         NaN
,,,          NaN,,,,          NaN,         NaN
,,,          NaN,,,,          NaN,         NaN
,,,          NaN,,,,          NaN,         NaN
,,,          NaN,,,,          NaN,         NaN
,,,          NaN,,,,          NaN,         NaN
,,,          NaN,,,,          NaN,         NaN
,,,          NaN,,,,          NaN,         NaN
,,,          NaN,,,,          NaN,         NaN
,,,          NaN,,,,          NaN,         NaN
,,,          NaN,,,,          NaN,         NaN
,,,          NaN,,,,          NaN,         NaN
,,,          NaN,,,,          NaN,         NaN
,,,          NaN,,,,          NaN,         NaN
,,,          NaN,,,,          NaN,         NaN
,,,          NaN,,,,          NaN,         NaN
,,,          NaN,,,,          NaN,         NaN
,,,          NaN,,,,          NaN,         NaN
,,,          NaN,,,,          NaN,         NaN
,,,          NaN,,,,          NaN,         NaN
,,,          NaN,,,,          NaN,         NaN
,,,          NaN,,,,          NaN,         NaN
,,,          NaN,,,,          NaN,         NaN
,,,          NaN,,,,          NaN,         NaN
,,,          NaN,,,,          NaN,         NaN
,,,          NaN,,,,          NaN,         NaN
,,,          NaN,,,,          NaN,         NaN
,,,          NaN,,,,          NaN,         NaN
,,,          NaN,,,,          NaN,         NaN
,,,          NaN,,,,          NaN,         NaN
,,,          NaN,,,,          NaN,         NaN
,,,          NaN,,,,          NaN,         NaN
,,,          NaN,,,,          NaN,         NaN
,,,          NaN,,,,          NaN,         NaN
,,,          NaN,,,,          NaN,         NaN
,,,          NaN,,,,          NaN,         NaN
,,,          NaN,,,,          NaN,         NaN
,,,          NaN,,,,          NaN,         NaN
,,,          NaN,,,,          NaN,         NaN
,,,          NaN,,,,          NaN,         NaN
,,,          NaN,,,,          NaN,         NaN
,,,          NaN,,,,          NaN,         NaN
,,,          NaN,,,,          NaN,         NaN
,,,          NaN,,,,          NaN,         NaN
,,,          NaN,,,,          NaN,         NaN
,,,          NaN,,,,          NaN,         NaN
,,,          NaN,,,,          NaN,         NaN
,,,          NaN,,,,          NaN,         NaN
,,,          NaN,,,,          NaN,         NaN
,,,          NaN,,,,          NaN,         NaN
,,,          NaN,,,,          NaN,         NaN
,,,          NaN,,,,          NaN,         NaN
,,,          NaN,,,,          NaN,         NaN
,,,          NaN,,,,          NaN,         NaN
,,,          NaN,,,,          NaN,         NaN
,,,          NaN,,,,          NaN,         NaN
,,,          NaN,,,,          NaN,         NaN
,,,          NaN,,,,          NaN,         NaN
,,,          NaN,,,,          NaN,         NaN
,,,          NaN,,,,          NaN,         NaN
,,,          NaN,,,,          NaN,         NaN
,,,          NaN,,,,          NaN,         NaN
,,,          NaN,,,,          NaN,         NaN
,,,          NaN,,,,          NaN,         NaN
,,,          NaN,,,,          NaN,         NaN
,,,          NaN,,,,          NaN,         NaN
,,,          NaN,,,,          NaN,         NaN
,,,          NaN,,,,          NaN,         NaN
,,,          NaN,,,,          NaN,         NaN
,,,          NaN,,,,          NaN,         NaN
,,,          NaN,,,,          NaN,         NaN
,,,          NaN,,,,          NaN,         NaN
,,,          NaN,,,,          NaN,         NaN
,,,          NaN,,,,          NaN,         NaN
,,,          NaN,,,,          NaN,         NaN
,,,          NaN,,,,          NaN,         NaN
,,,          NaN,,,,          NaN,         NaN
,,,          NaN,,,,          NaN,         NaN
,,,          NaN,,,,          NaN,         NaN
,,,          NaN,,,,          NaN,         NaN
,,,          NaN,,,,          NaN,         NaN
,,,          NaN,,,,          NaN,         NaN
,,,          NaN,,,,          NaN,         NaN
,,,          NaN,,,,          NaN,         NaN
,,,          NaN,,,,          NaN,         NaN
,,,          NaN,,,,          NaN,         NaN
,,,          NaN,,,,          NaN,         NaN
,,,          NaN,,,,          NaN,         NaN
,,,          NaN,,,,          NaN,         NaN
,,,          NaN,,,,          NaN,         NaN
,,,          NaN,,,,          NaN,         NaN
,,,          NaN,,,,          NaN,         NaN
,,,          NaN,,,,          NaN,         NaN
,,,          NaN,,,,          NaN,         NaN
,,,          NaN,,,,          NaN,         NaN
,,,          NaN,,,,          NaN,         NaN
,,,          NaN,,,,          NaN,         NaN
,,,          NaN,,,,          NaN,         NaN
,,,          NaN,,,,          NaN,         NaN
,,,          NaN,,,,          NaN,         NaN
,,,          NaN,,,,          NaN,         NaN
,,,          NaN,,,,          NaN,         NaN
,,,          NaN,,,,          NaN,         NaN
,,,          NaN,,,,          NaN,         NaN
,,,          NaN,,,,          NaN,         NaN
,,,          NaN,,,,          NaN,         NaN
,,,          NaN,,,,          NaN,         NaN
,,,          NaN,,,,          NaN,         NaN
,,,          NaN,,,,          NaN,         NaN
,,,          NaN,,,,          NaN,         NaN
,,,          NaN,,,,          NaN,         NaN
,,,          NaN,,,,          NaN,         NaN
,,,          NaN,,,,          NaN,         NaN
,,,          NaN,,,,          NaN,         NaN
,,,          NaN,,,,          NaN,         NaN
,,,          NaN,,,,          NaN,         NaN
,,,          NaN,,,,          NaN,         NaN
,,,          NaN,,,,          NaN,         NaN
,,,          NaN,,,,          NaN,         NaN
,,,          NaN,,,,          NaN,         NaN
,,,          NaN,,,,          NaN,         NaN
,,,          NaN,,,,          NaN,         NaN
,,,          NaN,,,,          NaN,         NaN
,,,          NaN,,,,          NaN,         NaN
,,,          NaN,,,,          NaN,         NaN
,,,          NaN,,,,          NaN,         NaN
,,,          NaN,,,,          NaN,         NaN
,,,          NaN,,,,          NaN,         NaN
,,,          NaN,,,,          NaN,         NaN
,,,          NaN,,,,          NaN,         NaN
,,,          NaN,,,,          NaN,         NaN
,,,          NaN,,,,          NaN,         NaN
,,,          NaN,,,,          NaN,         NaN
,,,          NaN,,,,          NaN,         NaN
,,,          NaN,,,,          NaN,         NaN
,,,          NaN,,,,          NaN,         NaN
,,,          NaN,,,,          NaN,         NaN
,,,          NaN,,,,          NaN,         NaN
,,,          NaN,,,,          NaN,         NaN
,,,          NaN,,,,          NaN,         NaN
,,,          NaN,,,,          NaN,         NaN
,,,          NaN,,,,          NaN,         NaN
,,,          NaN,,,,          NaN,         NaN
,,,          NaN,,,,          NaN,         NaN
,,,          NaN,,,,          NaN,         NaN
,,,          NaN,,,,          NaN,         NaN
,,,          NaN,,,,          NaN,         NaN
,,,          NaN,,,,          NaN,         NaN
,,,          NaN,,,,          NaN,         NaN
,,,          NaN,,,,          NaN,         NaN
,,,          NaN,,,,          NaN,         NaN
,,,          NaN,,,,          NaN,         NaN
,,,          NaN,,,,          NaN,         NaN
,,,          NaN,,,,          NaN,         NaN
,,,          NaN,,,,          NaN,         NaN
,,,          NaN,,,,          NaN,         NaN
,,,          NaN,,,,          NaN,         NaN
,,,          NaN,,,,          NaN,         NaN
,,,          NaN,,,,          NaN,         NaN
,,,          NaN,,,,          NaN,         NaN
,,,          NaN,,,,          NaN,         NaN
,,,          NaN,,,,          NaN,         NaN
,,,          NaN,,,,          NaN,         NaN
,,,          NaN,,,,          NaN,         NaN
,,,          NaN,,,,          NaN,         NaN
,,,          NaN,,,,          NaN,         NaN
,,,          NaN,,,,          NaN,         NaN
,,,          NaN,,,,          NaN,         NaN
,,,          NaN,,,,          NaN,         NaN
,,,          NaN,,,,          NaN,         NaN
,,,          NaN,,,,          NaN,         NaN
,,,          NaN,,,,          NaN,         NaN
,,,          NaN,,,,          NaN,         NaN
,,,          NaN,,,,          NaN,         NaN
,,,          NaN,,,,          NaN,         NaN
,,,          NaN,,,,          NaN,         NaN
,,,          NaN,,,,          NaN,         NaN
,,,          NaN,,,,          NaN,         NaN
,,,          NaN,,,,          NaN,         NaN
,,,          NaN,,,,          NaN,         NaN
,,,          NaN,,,,          NaN,         NaN
,,,          NaN,,,,          NaN,         NaN
,,,          NaN,,,,          NaN,         NaN
,,,          NaN,,,,          NaN,         NaN
,,,          NaN,,,,          NaN,         NaN
,,,          NaN,,,,          NaN,         NaN
,,,          NaN,,,,          NaN,         NaN
,,,          NaN,,,,          NaN,         NaN
,,,          NaN,,,,          NaN,         NaN
,,,          NaN,,,,          NaN,         NaN
,,,          NaN,,,,          NaN,         NaN
,,,          NaN,,,,          NaN,         NaN
,,,          NaN,,,,          NaN,         NaN
,,,          NaN,,,,          NaN,         NaN
,,,          NaN,,,,          NaN,         NaN
,,,          NaN,,,,          NaN,         NaN
,,,          NaN,,,,          NaN,         NaN
,,,          NaN,,,,          NaN,         NaN
,,,          NaN,,,,          NaN,         NaN
,,,          NaN,,,,          NaN,         NaN
,,,          NaN,,,,          NaN,         NaN
,,,          NaN,,,,          NaN,         NaN
,,,          NaN,,,,          NaN,         NaN
,,,          NaN,,,,          NaN,         NaN
,,,          NaN,,,,          NaN,         NaN
,,,          NaN,,,,          NaN,         NaN
,,,          NaN,,,,          NaN,         NaN
,,,          NaN,,,,          NaN,         NaN
,,,          NaN,,,,          NaN,         NaN
,,,          NaN,,,,          NaN,         NaN
,,,          NaN,,,,          NaN,         NaN
,,,          NaN,,,,          NaN,         NaN
,,,          NaN,,,,          NaN,         NaN
,,,          NaN,,,,          NaN,         NaN
,,,          NaN,,,,          NaN,         NaN
,,,          NaN,,,,          NaN,         NaN
,,,          NaN,,,,          NaN,         NaN
,,,          NaN,,,,          NaN,         NaN
,,,          NaN,,,,          NaN,         NaN
,,,          NaN,,,,          NaN,         NaN
,,,          NaN,,,,          NaN,         NaN
,,,          NaN,,,,          NaN,         NaN
,,,          NaN,,,,          NaN,         NaN
,,,          NaN,,,,          NaN,         NaN
,,,          NaN,,,,          NaN,         NaN
,,,          NaN,,,,          NaN,         NaN
,,,          NaN,,,,          NaN,         NaN
,,,          NaN,,,,          NaN,         NaN
,,,          NaN,,,,          NaN,         NaN
,,,          NaN,,,,          NaN,         NaN
,,,          NaN,,,,          NaN,         NaN
,,,          NaN,,,,          NaN,         NaN
,,,          NaN,,,,          NaN,         NaN
,,,          NaN,,,,          NaN,         NaN
,,,          NaN,,,,          NaN,         NaN
,,,          NaN,,,,          NaN,         NaN
,,,          NaN,,,,          NaN,         NaN
,,,          NaN,,,,          NaN,         NaN
,,,          NaN,,,,          NaN,         NaN
,,,          NaN,,,,          NaN,         NaN
,,,          NaN,,,,          NaN,         NaN
,,,          NaN,,,,          NaN,         NaN
,,,          NaN,,,,          NaN,         NaN
,,,          NaN,,,,          NaN,         NaN
,,,          NaN,,,,          NaN,         NaN
,,,          NaN,,,,          NaN,         NaN
,,,          NaN,,,,          NaN,         NaN
,,,          NaN,,,,          NaN,         NaN
,,,          NaN,,,,          NaN,         NaN
,,,          NaN,,,,          NaN,         NaN
,,,          NaN,,,,          NaN,         NaN
,,,          NaN,,,,          NaN,         NaN
,,,          NaN,,,,          NaN,         NaN
,,,          NaN,,,,          NaN,         NaN
,,,          NaN,,,,          NaN,         NaN
,,,          NaN,,,,          NaN,         NaN
,,,          NaN,,,,          NaN,         NaN
,,,          NaN,,,,          NaN,         NaN
,,,          NaN,,,,          NaN,         NaN
,,,          NaN,,,,          NaN,         NaN
,,,          NaN,,,,          NaN,         NaN
,,,          NaN,,,,          NaN,         NaN
,,,          NaN,,,,          NaN,         NaN
,,,          NaN,,,,          NaN,         NaN
,,,          NaN,,,,          NaN,         NaN
,,,          NaN,,,,          NaN,         NaN
,,,          NaN,,,,          NaN,         NaN
,,,          NaN,,,,          NaN,         NaN
,,,          NaN,,,,          NaN,         NaN
,,,          NaN,,,,          NaN,         NaN
,,,          NaN,,,,          NaN,         NaN
,,,          NaN,,,,          NaN,         NaN
,,,          NaN,,,,          NaN,         NaN
,,,          NaN,,,,          NaN,         NaN
,,,          NaN,,,,          NaN,         NaN
,,,          NaN,,,,          NaN,         NaN
,,,          NaN,,,,          NaN,         NaN
,,,          NaN,,,,          NaN,         NaN
,,,          NaN,,,,          NaN,         NaN
,,,          NaN,,,,          NaN,         NaN
,,,          NaN,,,,          NaN,         NaN
,,,          NaN,,,,          NaN,         NaN
,,,          NaN,,,,          NaN,         NaN
,,,          NaN,,,,          NaN,         NaN
,,,          NaN,,,,          NaN,         NaN
,,,          NaN,,,,          NaN,         NaN
,,,          NaN,,,,          NaN,         NaN
,,,          NaN,,,,          NaN,         NaN
,,,          NaN,,,,          NaN,         NaN
,,,          NaN,,,,          NaN,         NaN
,,,          NaN,,,,          NaN,         NaN
,,,          NaN,,,,          NaN,         NaN
,,,          NaN,,,,          NaN,         NaN
,,,          NaN,,,,          NaN,         NaN
,,,          NaN,,,,          NaN,         NaN
,,,          NaN,,,,          NaN,         NaN
,,,          NaN,,,,          NaN,         NaN
,,,          NaN,,,,          NaN,         NaN
,,,          NaN,,,,          NaN,         NaN
,,,          NaN,,,,          NaN,         NaN
,,,          NaN,,,,          NaN,         NaN
,,,          NaN,,,,          NaN,         NaN
,,,          NaN,,,,          NaN,         NaN
,,,          NaN,,,,          NaN,         NaN
,,,          NaN,,,,          NaN,         NaN
,,,          NaN,,,,          NaN,         NaN
,,,          NaN,,,,          NaN,         NaN
,,,          NaN,,,,          NaN,         NaN
,,,          NaN,,,,          NaN,         NaN
,,,          NaN,,,,          NaN,         NaN
,,,          NaN,,,,          NaN,         NaN
,,,          NaN,,,,          NaN,         NaN
,,,          NaN,,,,          NaN,         NaN
,,,          NaN,,,,          NaN,         NaN
,,,          NaN,,,,          NaN,         NaN
,,,          NaN,,,,          NaN,         NaN
,,,          NaN,,,,          NaN,         NaN
,,,          NaN,,,,          NaN,         NaN
,,,          NaN,,,,          NaN,         NaN
,,,          NaN,,,,          NaN,         NaN
,,,          NaN,,,,          NaN,         NaN
,,,          NaN,,,,          NaN,         NaN
,,,          NaN,,,,          NaN,         NaN
,,,          NaN,,,,          NaN,         NaN
,,,          NaN,,,,          NaN,         NaN
,,,          NaN,,,,          NaN,         NaN
,,,          NaN,,,,          NaN,         NaN
,,,          NaN,,,,          NaN,         NaN
,,,          NaN,,,,          NaN,         NaN
,,,          NaN,,,,          NaN,         NaN
,,,          NaN,,,,          NaN,         NaN
,,,          NaN,,,,          NaN,         NaN
,,,          NaN,,,,          NaN,         NaN
,,,          NaN,,,,          NaN,         NaN
,,,          NaN,,,,          NaN,         NaN
,,,          NaN,,,,          NaN,         NaN
,,,          NaN,,,,          NaN,         NaN
,,,          NaN,,,,          NaN,         NaN
,,,          NaN,,,,          NaN,         NaN
,,,          NaN,,,,          NaN,         NaN
,,,          NaN,,,,          NaN,         NaN
,,,          NaN,,,,          NaN,         NaN
,,,          NaN,,,,          NaN,         NaN
,,,          NaN,,,,          NaN,         NaN
,,,          NaN,,,,          NaN,         NaN
,,,          NaN,,,,          NaN,         NaN
,,,          NaN,,,,          NaN,         NaN
,,,          NaN,,,,          NaN,         NaN
,,,          NaN,,,,          NaN,         NaN
,,,          NaN,,,,          NaN,         NaN
,,,          NaN,,,,          NaN,         NaN
,,,          NaN,,,,          NaN,         NaN
,,,          NaN,,,,          NaN,         NaN
,,,          NaN,,,,          NaN,         NaN
,,,          NaN,,,,          NaN,         NaN
,,,          NaN,,,,          NaN,         NaN
,,,          NaN,,,,          NaN,         NaN
,,,          NaN,,,,          NaN,         NaN
,,,          NaN,,,,          NaN,         NaN
,,,          NaN,,,,          NaN,         NaN
,,,          NaN,,,,          NaN,         NaN
,,,          NaN,,,,          NaN,         NaN
,,,          NaN,,,,          NaN,         NaN
,,,          NaN,,,,          NaN,         NaN
,,,          NaN,,,,          NaN,         NaN
,,,          NaN,,,,          NaN,         NaN
,,,          NaN,,,,          NaN,         NaN
,,,          NaN,,,,          NaN,         NaN
,,,          NaN,,,,          NaN,         NaN
,,,          NaN,,,,          NaN,         NaN
,,,          NaN,,,,          NaN,         NaN
,,,          NaN,,,,          NaN,         NaN
,,,          NaN,,,,          NaN,         NaN
,,,          NaN,,,,          NaN,         NaN
,,,          NaN,,,,          NaN,         NaN
,,,          NaN,,,,          NaN,         NaN
,,,          NaN,,,,          NaN,         NaN
,,,          NaN,,,,          NaN,         NaN
,,,          NaN,,,,          NaN,         NaN
,,,          NaN,,,,          NaN,         NaN
,,,          NaN,,,,          NaN,         NaN
,,,          NaN,,,,          NaN,         NaN
,,,          NaN,,,,          NaN,         NaN
,,,          NaN,,,,          NaN,         NaN
,,,          NaN,,,,          NaN,         NaN
,,,          NaN,,,,          NaN,         NaN
,,,          NaN,,,,          NaN,         NaN
,,,          NaN,,,,          NaN,         NaN
,,,          NaN,,,,          NaN,         NaN
,,,          NaN,,,,          NaN,         NaN
,,,          NaN,,,,          NaN,         NaN
,,,          NaN,,,,          NaN,         NaN
,,,          NaN,,,,          NaN,         NaN
,,,          NaN,,,,          NaN,         NaN
,,,          NaN,,,,          NaN,         NaN
,,,          NaN,,,,          NaN,         NaN
,,,          NaN,,,,          NaN,         NaN
,,,          NaN,,,,          NaN,         NaN
,,,          NaN,,,,          NaN,         NaN
,,,          NaN,,,,          NaN,         NaN
,,,          NaN,,,,          NaN,         NaN
,,,          NaN,,,,          NaN,         NaN
,,,          NaN,,,,          NaN,         NaN
,,,          NaN,,,,          NaN,         NaN
,,,          NaN,,,,          NaN,         NaN
,,,          NaN,,,,          NaN,         NaN
,,,          NaN,,,,          NaN,         NaN
,,,          NaN,,,,          NaN,         NaN
,,,          NaN,,,,          NaN,         NaN
,,,          NaN,,,,          NaN,         NaN
,,,          NaN,,,,          NaN,         NaN
,,,          NaN,,,,          NaN,         NaN
,,,          NaN,,,,          NaN,         NaN
,,,          NaN,,,,          NaN,         NaN
,,,          NaN,,,,          NaN,         NaN
,,,          NaN,,,,          NaN,         NaN
,,,          NaN,,,,          NaN,         NaN
,,,          NaN,,,,          NaN,         NaN
,,,          NaN,,,,          NaN,         NaN
,,,          NaN,,,,          NaN,         NaN
,,,          NaN,,,,          NaN,         NaN
,,,          NaN,,,,          NaN,         NaN
,,,          NaN,,,,          NaN,         NaN
,,,          NaN,,,,          NaN,         NaN
,,,          NaN,,,,          NaN,         NaN
,,,          NaN,,,,          NaN,         NaN
,,,          NaN,,,,          NaN,         NaN
,,,          NaN,,,,          NaN,         NaN
,,,          NaN,,,,          NaN,         NaN
,,,          NaN,,,,          NaN,         NaN
,,,          NaN,,,,          NaN,         NaN
,,,          NaN,,,,          NaN,         NaN
,,,          NaN,,,,          NaN,         NaN
,,,          NaN,,,,          NaN,         NaN
,,,          NaN,,,,          NaN,         NaN
,,,          NaN,,,,          NaN,         NaN
,,,          NaN,,,,          NaN,         NaN
,,,          NaN,,,,          NaN,         NaN
,,,          NaN,,,,          NaN,         NaN
,,,          NaN,,,,          NaN,         NaN
,,,          NaN,,,,          NaN,         NaN
,,,          NaN,,,,          NaN,         NaN
,,,          NaN,,,,          NaN,         NaN
,,,          NaN,,,,          NaN,         NaN
,,,          NaN,,,,          NaN,         NaN
,,,          NaN,,,,          NaN,         NaN
,,,          NaN,,,,          NaN,         NaN
,,,          NaN,,,,          NaN,         NaN
,,,          NaN,,,,          NaN,         NaN
,,,          NaN,,,,          NaN,         NaN
,,,          NaN,,,,          NaN,         NaN
,,,          NaN,,,,          NaN,         NaN
,,,          NaN,,,,          NaN,         NaN
,,,          NaN,,,,          NaN,         NaN
,,,          NaN,,,,          NaN,         NaN
,,,          NaN,,,,          NaN,         NaN
,,,          NaN,,,,          NaN,         NaN
,,,          NaN,,,,          NaN,         NaN
,,,          NaN,,,,          NaN,         NaN
,,,          NaN,,,,          NaN,         NaN
,,,          NaN,,,,          NaN,         NaN
,,,          NaN,,,,          NaN,         NaN
,,,          NaN,,,,          NaN,         NaN
,,,          NaN,,,,          NaN,         NaN
,,,          NaN,,,,          NaN,         NaN
,,,          NaN,,,,          NaN,         NaN
,,,          NaN,,,,          NaN,         NaN
,,,          NaN,,,,          NaN,         NaN
,,,          NaN,,,,          NaN,         NaN
,,,          NaN,,,,          NaN,         NaN
,,,          NaN,,,,          NaN,         NaN
,,,          NaN,,,,          NaN,         NaN
,,,          NaN,,,,          NaN,         NaN
,,,          NaN,,,,          NaN,         NaN
,,,          NaN,,,,          NaN,         NaN
,,,          NaN,,,,          NaN,         NaN
,,,          NaN,,,,          NaN,         NaN
,,,          NaN,,,,          NaN,         NaN
,,,          NaN,,,,          NaN,         NaN
,,,          NaN,,,,          NaN,         NaN
,,,          NaN,,,,          NaN,         NaN
,,,          NaN,,,,          NaN,         NaN
,,,          NaN,,,,          NaN,         NaN
,,,          NaN,,,,          NaN,         NaN
,,,          NaN,,,,          NaN,         NaN
,,,          NaN,,,,          NaN,         NaN
,,,          NaN,,,,          NaN,         NaN
,,,          NaN,,,,          NaN,         NaN
,,,          NaN,,,,          NaN,         NaN
,,,          NaN,,,,          NaN,         NaN
,,,          NaN,,,,          NaN,         NaN
,,,          NaN,,,,          NaN,         NaN
,,,          NaN,,,,          NaN,         NaN
,,,          NaN,,,,          NaN,         NaN
,,,          NaN,,,,          NaN,         NaN
,,,          NaN,,,,          NaN,         NaN
,,,          NaN,,,,          NaN,         NaN
,,,          NaN,,,,          NaN,         NaN
,,,          NaN,,,,          NaN,         NaN
,,,          NaN,,,,          NaN,         NaN
,,,          NaN,,,,          NaN,         NaN
,,,          NaN,,,,          NaN,         NaN
,,,          NaN,,,,          NaN,         NaN
,,,          NaN,,,,          NaN,         NaN
,,,          NaN,,,,          NaN,         NaN
,,,          NaN,,,,          NaN,         NaN
,,,          NaN,,,,          NaN,         NaN
,,,          NaN,,,,          NaN,         NaN
,,,          NaN,,,,          NaN,         NaN
,,,          NaN,,,,          NaN,         NaN
,,,          NaN,,,,          NaN,         NaN
,,,          NaN,,,,          NaN,         NaN
,,,          NaN,,,,          NaN,         NaN
,,,          NaN,,,,          NaN,         NaN
,,,          NaN,,,,          NaN,         NaN
,,,          NaN,,,,          NaN,         NaN
,,,          NaN,,,,          NaN,         NaN
,,,          NaN,,,,          NaN,         NaN
,,,          NaN,,,,          NaN,         NaN
,,,          NaN,,,,          NaN,         NaN
,,,          NaN,,,,          NaN,         NaN
,,,          NaN,,,,          NaN,         NaN
,,,          NaN,,,,          NaN,         NaN
,,,          NaN,,,,          NaN,         NaN
,,,          NaN,,,,          NaN,         NaN
,,,          NaN,,,,          NaN,         NaN
,,,          NaN,,,,          NaN,         NaN
,,,          NaN,,,,          NaN,         NaN
,,,          NaN,,,,          NaN,         NaN
,,,          NaN,,,,          NaN,         NaN
,,,          NaN,,,,          NaN,         NaN
,,,          NaN,,,,          NaN,         NaN
,,,          NaN,,,,          NaN,         NaN
,,,          NaN,,,,          NaN,         NaN
,,,          NaN,,,,          NaN,         NaN
,,,          NaN,,,,          NaN,         NaN
,,,          NaN,,,,          NaN,         NaN
,,,          NaN,,,,          NaN,         NaN
,,,          NaN,,,,          NaN,         NaN
,,,          NaN,,,,          NaN,         NaN
,,,          NaN,,,,          NaN,         NaN
,,,          NaN,,,,          NaN,         NaN
,,,          NaN,,,,          NaN,         NaN
,,,          NaN,,,,          NaN,         NaN
,,,          NaN,,,,          NaN,         NaN
,,,          NaN,,,,          NaN,         NaN
,,,          NaN,,,,          NaN,         NaN
,,,          NaN,,,,          NaN,         NaN
,,,          NaN,,,,          NaN,         NaN
,,,          NaN,,,,          NaN,         NaN
,,,          NaN,,,,          NaN,         NaN
,,,          NaN,,,,          NaN,         NaN
,,,          NaN,,,,          NaN,         NaN
,,,          NaN,,,,          NaN,         NaN
,,,          NaN,,,,          NaN,         NaN
,,,          NaN,,,,          NaN,         NaN
,,,          NaN,,,,          NaN,         NaN
,,,          NaN,,,,          NaN,         NaN
,,,          NaN,,,,          NaN,         NaN
,,,          NaN,,,,          NaN,         NaN
,,,          NaN,,,,          NaN,         NaN
,,,          NaN,,,,          NaN,         NaN
,,,          NaN,,,,          NaN,         NaN
,,,          NaN,,,,          NaN,         NaN
,,,          NaN,,,,          NaN,         NaN
,,,          NaN,,,,          NaN,         NaN
,,,          NaN,,,,          NaN,         NaN
,,,          NaN,,,,          NaN,         NaN
,,,          NaN,,,,          NaN,         NaN
,,,          NaN,,,,          NaN,         NaN
,,,          NaN,,,,          NaN,         NaN
,,,          NaN,,,,          NaN,         NaN
,,,          NaN,,,,          NaN,         NaN
,,,          NaN,,,,          NaN,         NaN
,,,          NaN,,,,          NaN,         NaN
,,,          NaN,,,,          NaN,         NaN
,,,          NaN,,,,          NaN,         NaN
,,,          NaN,,,,          NaN,         NaN
,,,          NaN,,,,          NaN,         NaN
,,,          NaN,,,,          NaN,         NaN
,,,          NaN,,,,          NaN,         NaN
,,,          NaN,,,,          NaN,         NaN
,,,          NaN,,,,          NaN,         NaN
,,,          NaN,,,,          NaN,         NaN
,,,          NaN,,,,          NaN,         NaN
,,,          NaN,,,,          NaN,         NaN
,,,          NaN,,,,          NaN,         NaN
,,,          NaN,,,,          NaN,         NaN
,,,          NaN,,,,          NaN,         NaN
,,,          NaN,,,,          NaN,         NaN
,,,          NaN,,,,          NaN,         NaN
,,,          NaN,,,,          NaN,         NaN
,,,          NaN,,,,          NaN,         NaN
,,,          NaN,,,,          NaN,         NaN
,,,          NaN,,,,          NaN,         NaN
,,,          NaN,,,,          NaN,         NaN
,,,          NaN,,,,          NaN,         NaN
,,,          NaN,,,,          NaN,         NaN
,,,          NaN,,,,          NaN,         NaN
,,,          NaN,,,,          NaN,         NaN
,,,          NaN,,,,          NaN,         NaN
,,,          NaN,,,,          NaN,         NaN
,,,          NaN,,,,          NaN,         NaN
,,,          NaN,,,,          NaN,         NaN
,,,          NaN,,,,          NaN,         NaN
,,,          NaN,,,,          NaN,         NaN
,,,          NaN,,,,          NaN,         NaN
,,,          NaN,,,,          NaN,         NaN
,,,          NaN,,,,          NaN,         NaN
,,,          NaN,,,,          NaN,         NaN
,,,          NaN,,,,          NaN,         NaN
,,,          NaN,,,,          NaN,         NaN
,,,          NaN,,,,          NaN,         NaN
,,,          NaN,,,,          NaN,         NaN
,,,          NaN,,,,          NaN,         NaN
,,,          NaN,,,,          NaN,         NaN
,,,          NaN,,,,          NaN,         NaN
,,,          NaN,,,,          NaN,         NaN
,,,          NaN,,,,          NaN,         NaN
,,,          NaN,,,,          NaN,         NaN
,,,          NaN,,,,          NaN,         NaN
,,,          NaN,,,,          NaN,         NaN
,,,          NaN,,,,          NaN,         NaN
,,,          NaN,,,,          NaN,         NaN
,,,          NaN,,,,          NaN,         NaN
,,,          NaN,,,,          NaN,         NaN
,,,          NaN,,,,          NaN,         NaN
,,,          NaN,,,,          NaN,         NaN
,,,          NaN,,,,          NaN,         NaN
,,,          NaN,,,,          NaN,         NaN
,,,          NaN,,,,          NaN,         NaN
,,,          NaN,,,,          NaN,         NaN
,,,          NaN,,,,          NaN,         NaN
,,,          NaN,,,,          NaN,         NaN
,,,          NaN,,,,          NaN,         NaN
,,,          NaN,,,,          NaN,         NaN
,,,          NaN,,,,          NaN,         NaN
,,,          NaN,,,,          NaN,         NaN
,,,          NaN,,,,          NaN,         NaN
,,,          NaN,,,,          NaN,         NaN
,,,          NaN,,,,          NaN,         NaN
,,,          NaN,,,,          NaN,         NaN
,,,          NaN,,,,          NaN,         NaN
,,,          NaN,,,,          NaN,         NaN
,,,          NaN,,,,          NaN,         NaN
,,,          NaN,,,,          NaN,         NaN
,,,          NaN,,,,          NaN,         NaN
,,,          NaN,,,,          NaN,         NaN
,,,          NaN,,,,          NaN,         NaN
,,,          NaN,,,,          NaN,         NaN
,,,          NaN,,,,          NaN,         NaN
,,,          NaN,,,,          NaN,         NaN
,,,          NaN,,,,          NaN,         NaN
,,,          NaN,,,,          NaN,         NaN
,,,          NaN,,,,          NaN,         NaN
,,,          NaN,,,,          NaN,         NaN
,,,          NaN,,,,          NaN,         NaN
,,,          NaN,,,,          NaN,         NaN
,,,          NaN,,,,          NaN,         NaN
,,,          NaN,,,,          NaN,         NaN
,,,          NaN,,,,          NaN,         NaN
,,,          NaN,,,,          NaN,         NaN
,,,          NaN,,,,          NaN,         NaN
,,,          NaN,,,,          NaN,         NaN
,,,          NaN,,,,          NaN,         NaN
,,,          NaN,,,,          NaN,         NaN
,,,          NaN,,,,          NaN,         NaN
,,,          NaN,,,,          NaN,         NaN
,,,          NaN,,,,          NaN,         NaN
,,,          NaN,,,,          NaN,         NaN
,,,          NaN,,,,          NaN,         NaN
,,,          NaN,,,,          NaN,         NaN
,,,          NaN,,,,          NaN,         NaN
,,,          NaN,,,,          NaN,         NaN
,,,          NaN,,,,          NaN,         NaN
,,,          NaN,,,,          NaN,         NaN
,,,          NaN,,,,          NaN,         NaN
,,,          NaN,,,,          NaN,         NaN
,,,          NaN,,,,          NaN,         NaN
,,,          NaN,,,,          NaN,         NaN
,,,          NaN,,,,          NaN,         NaN
,,,          NaN,,,,          NaN,         NaN
,,,          NaN,,,,          NaN,         NaN
,,,          NaN,,,,          NaN,         NaN
,,,          NaN,,,,          NaN,         NaN
,,,          NaN,,,,          NaN,         NaN
,,,          NaN,,,,          NaN,         NaN
,,,          NaN,,,,          NaN,         NaN
,,,          NaN,,,,          NaN,         NaN
,,,          NaN,,,,          NaN,         NaN
,,,          NaN,,,,          NaN,         NaN
,,,          NaN,,,,          NaN,         NaN
,,,          NaN,,,,          NaN,         NaN
,,,          NaN,,,,          NaN,         NaN
,,,          NaN,,,,          NaN,         NaN
,,,          NaN,,,,          NaN,         NaN
,,,          NaN,,,,          NaN,         NaN
,,,          NaN,,,,          NaN,         NaN
,,,          NaN,,,,          NaN,         NaN
,,,          NaN,,,,          NaN,         NaN
,,,          NaN,,,,          NaN,         NaN
,,,          NaN,,,,          NaN,         NaN
,,,          NaN,,,,          NaN,         NaN
,,,          NaN,,,,          NaN,         NaN
,,,          NaN,,,,          NaN,         NaN
,,,          NaN,,,,          NaN,         NaN
,,,          NaN,,,,          NaN,         NaN
,,,          NaN,,,,          NaN,         NaN
,,,          NaN,,,,          NaN,         NaN
,,,          NaN,,,,          NaN,         NaN
,,,          NaN,,,,          NaN,         NaN
,,,          NaN,,,,          NaN,         NaN
,,,          NaN,,,,          NaN,         NaN
,,,          NaN,,,,          NaN,         NaN
,,,          NaN,,,,          NaN,         NaN
,,,          NaN,,,,          NaN,         NaN
,,,          NaN,,,,          NaN,         NaN
,,,          NaN,,,,          NaN,         NaN
,,,          NaN,,,,          NaN,         NaN
,,,          NaN,,,,          NaN,         NaN
,,,          NaN,,,,          NaN,         NaN
,,,          NaN,,,,          NaN,         NaN
,,,          NaN,,,,          NaN,         NaN
,,,          NaN,,,,          NaN,         NaN
,,,          NaN,,,,          NaN,         NaN
,,,          NaN,,,,          NaN,         NaN
,,,          NaN,,,,          NaN,         NaN
,,,          NaN,,,,          NaN,         NaN
,,,          NaN,,,,          NaN,         NaN
,,,          NaN,,,,          NaN,         NaN
,,,          NaN,,,,          NaN,         NaN
,,,          NaN,,,,          NaN,         NaN
,,,          NaN,,,,          NaN,         NaN
,,,          NaN,,,,          NaN,         NaN
,,,          NaN,,,,          NaN,         NaN
,,,          NaN,,,,          NaN,         NaN
,,,          NaN,,,,          NaN,         NaN
,,,          NaN,,,,          NaN,         NaN
,,,          NaN,,,,          NaN,         NaN
,,,          NaN,,,,          NaN,         NaN
,,,          NaN,,,,          NaN,         NaN
,,,          NaN,,,,          NaN,         NaN
,,,          NaN,,,,          NaN,         NaN
,,,          NaN,,,,          NaN,         NaN
,,,          NaN,,,,          NaN,         NaN
,,,          NaN,,,,          NaN,         NaN
,,,          NaN,,,,          NaN,         NaN
,,,          NaN,,,,          NaN,         NaN
,,,          NaN,,,,          NaN,         NaN
,,,          NaN,,,,          NaN,         NaN
,,,          NaN,,,,          NaN,         NaN
,,,          NaN,,,,          NaN,         NaN
,,,          NaN,,,,          NaN,         NaN
,,,          NaN,,,,          NaN,         NaN
,,,          NaN,,,,          NaN,         NaN
,,,          NaN,,,,          NaN,         NaN
,,,          NaN,,,,          NaN,         NaN
,,,          NaN,,,,          NaN,         NaN
,,,          NaN,,,,          NaN,         NaN
,,,          NaN,,,,          NaN,         NaN
,,,          NaN,,,,          NaN,         NaN
,,,          NaN,,,,          NaN,         NaN
,,,          NaN,,,,          NaN,         NaN
,,,          NaN,,,,          NaN,         NaN
,,,          NaN,,,,          NaN,         NaN
,,,          NaN,,,,          NaN,         NaN
,,,          NaN,,,,          NaN,         NaN
,,,          NaN,,,,          NaN,         NaN
,,,          NaN,,,,          NaN,         NaN
,,,          NaN,,,,          NaN,         NaN
,,,          NaN,,,,          NaN,         NaN
,,,          NaN,,,,          NaN,         NaN
,,,          NaN,,,,          NaN,         NaN
,,,          NaN,,,,          NaN,         NaN
,,,          NaN,,,,          NaN,         NaN
,,,          NaN,,,,          NaN,         NaN
,,,          NaN,,,,          NaN,         NaN
,,,          NaN,,,,          NaN,         NaN
,,,          NaN,,,,          NaN,         NaN
,,,          NaN,,,,          NaN,         NaN
,,,          NaN,,,,          NaN,         NaN
,,,          NaN,,,,          NaN,         NaN
,,,          NaN,,,,          NaN,         NaN
,,,          NaN,,,,          NaN,         NaN
,,,          NaN,,,,          NaN,         NaN
,,,          NaN,,,,          NaN,         NaN
,,,          NaN,,,,          NaN,         NaN
,,,          NaN,,,,          NaN,         NaN
,,,          NaN,,,,          NaN,         NaN
,,,          NaN,,,,          NaN,         NaN
,,,          NaN,,,,          NaN,         NaN
,,,          NaN,,,,          NaN,         NaN
,,,          NaN,,,,          NaN,         NaN
,,,          NaN,,,,          NaN,         NaN
,,,          NaN,,,,          NaN,         NaN
,,,          NaN,,,,          NaN,         NaN
,,,          NaN,,,,          NaN,         NaN
,,,          NaN,,,,          NaN,         NaN
,,,          NaN,,,,          NaN,         NaN
,,,          NaN,,,,          NaN,         NaN
,,,          NaN,,,,          NaN,         NaN
,,,          NaN,,,,          NaN,         NaN
,,,          NaN,,,,          NaN,         NaN
,,,          NaN,,,,          NaN,         NaN
,,,          NaN,,,,          NaN,         NaN
,,,          NaN,,,,          NaN,         NaN
,,,          NaN,,,,          NaN,         NaN
,,,          NaN,,,,          NaN,         NaN
,,,          NaN,,,,          NaN,         NaN
,,,          NaN,,,,          NaN,         NaN
,,,          NaN,,,,          NaN,         NaN
,,,          NaN,,,,          NaN,         NaN
,,,          NaN,,,,          NaN,         NaN
,,,          NaN,,,,          NaN,         NaN
,,,          NaN,,,,          NaN,         NaN
,,,          NaN,,,,          NaN,         NaN
,,,          NaN,,,,          NaN,         NaN
,,,          NaN,,,,          NaN,         NaN
,,,          NaN,,,,          NaN,         NaN
,,,          NaN,,,,          NaN,         NaN
,,,          NaN,,,,          NaN,         NaN
,,,          NaN,,,,          NaN,         NaN
,,,          NaN,,,,          NaN,         NaN
,,,          NaN,,,,          NaN,         NaN
,,,          NaN,,,,          NaN,         NaN
,,,          NaN,,,,          NaN,         NaN
,,,          NaN,,,,          NaN,         NaN
,,,          NaN,,,,          NaN,         NaN
,,,          NaN,,,,          NaN,         NaN
,,,          NaN,,,,          NaN,         NaN
,,,          NaN,,,,          NaN,         NaN
,,,          NaN,,,,          NaN,         NaN
,,,          NaN,,,,          NaN,         NaN
,,,          NaN,,,,          NaN,         NaN
,,,          NaN,,,,          NaN,         NaN
,,,          NaN,,,,          NaN,         NaN
,,,          NaN,,,,          NaN,         NaN
,,,          NaN,,,,          NaN,         NaN
,,,          NaN,,,,          NaN,         NaN
,,,          NaN,,,,          NaN,         NaN
,,,          NaN,,,,          NaN,         NaN
,,,          NaN,,,,          NaN,         NaN
,,,          NaN,,,,          NaN,         NaN
,,,          NaN,,,,          NaN,         NaN
,,,          NaN,,,,          NaN,         NaN
,,,          NaN,,,,          NaN,         NaN
,,,          NaN,,,,          NaN,         NaN
,,,          NaN,,,,          NaN,         NaN
,,,          NaN,,,,          NaN,         NaN
,,,          NaN,,,,          NaN,         NaN
,,,          NaN,,,,          NaN,         NaN
,,,          NaN,,,,          NaN,         NaN
,,,          NaN,,,,          NaN,         NaN
,,,          NaN,,,,          NaN,         NaN
,,,          NaN,,,,          NaN,         NaN
,,,          NaN,,,,          NaN,         NaN
,,,          NaN,,,,          NaN,         NaN
,,,          NaN,,,,          NaN,         NaN
,,,          NaN,,,,          NaN,         NaN
,,,          NaN,,,,          NaN,         NaN
,,,          NaN,,,,          NaN,         NaN
,,,          NaN,,,,          NaN,         NaN
,,,          NaN,,,,          NaN,         NaN
,,,          NaN,,,,          NaN,         NaN
,,,          NaN,,,,          NaN,         NaN
,,,          NaN,,,,          NaN,         NaN
,,,          NaN,,,,          NaN,         NaN
,,,          NaN,,,,          NaN,         NaN
,,,          NaN,,,,          NaN,         NaN
,,,          NaN,,,,          NaN,         NaN
,,,          NaN,,,,          NaN,         NaN
,,,          NaN,,,,          NaN,         NaN
,,,          NaN,,,,          NaN,         NaN
,,,          NaN,,,,          NaN,         NaN
,,,          NaN,,,,          NaN,         NaN
,,,          NaN,,,,          NaN,         NaN
,,,          NaN,,,,          NaN,         NaN
,,,          NaN,,,,          NaN,         NaN
,,,          NaN,,,,          NaN,         NaN
,,,          NaN,,,,          NaN,         NaN
,,,          NaN,,,,          NaN,         NaN
,,,          NaN,,,,          NaN,         NaN
,,,          NaN,,,,          NaN,         NaN
,,,          NaN,,,,          NaN,         NaN
,,,          NaN,,,,          NaN,         NaN
,,,          NaN,,,,          NaN,         NaN
,,,          NaN,,,,          NaN,         NaN
,,,          NaN,,,,          NaN,         NaN
,,,          NaN,,,,          NaN,         NaN
,,,          NaN,,,,          NaN,         NaN
,,,          NaN,,,,          NaN,         NaN
,,,          NaN,,,,          NaN,         NaN
,,,          NaN,,,,          NaN,         NaN
,,,          NaN,,,,          NaN,         NaN
,,,          NaN,,,,          NaN,         NaN
,,,          NaN,,,,          NaN,         NaN
,,,          NaN,,,,          NaN,         NaN
,,,          NaN,,,,          NaN,         NaN
,,,          NaN,,,,          NaN,         NaN
,,,          NaN,,,,          NaN,         NaN
,,,          NaN,,,,          NaN,         NaN
,,,          NaN,,,,          NaN,         NaN
,,,          NaN,,,,          NaN,         NaN
,,,          NaN,,,,          NaN,         NaN
,,,          NaN,,,,          NaN,         NaN
,,,          NaN,,,,          NaN,         NaN
,,,          NaN,,,,          NaN,         NaN
,,,          NaN,,,,          NaN,         NaN
,,,          NaN,,,,          NaN,         NaN
,,,          NaN,,,,          NaN,         NaN
,,,          NaN,,,,          NaN,         NaN
,,,          NaN,,,,          NaN,         NaN
,,,          NaN,,,,          NaN,         NaN
,,,          NaN,,,,          NaN,         NaN
,,,          NaN,,,,          NaN,         NaN
,,,          NaN,,,,          NaN,         NaN
,,,          NaN,,,,          NaN,         NaN
,,,          NaN,,,,          NaN,         NaN
,,,          NaN,,,,          NaN,         NaN
,,,          NaN,,,,          NaN,         NaN
,,,          NaN,,,,          NaN,         NaN
,,,          NaN,,,,          NaN,         NaN
,,,          NaN,,,,          NaN,         NaN
,,,          NaN,,,,          NaN,         NaN
,,,          NaN,,,,          NaN,         NaN
,,,          NaN,,,,          NaN,         NaN
,,,          NaN,,,,          NaN,         NaN
,,,          NaN,,,,          NaN,         NaN
,,,          NaN,,,,          NaN,         NaN
,,,          NaN,,,,          NaN,         NaN
,,,          NaN,,,,          NaN,         NaN
,,,          NaN,,,,          NaN,         NaN
,,,          NaN,,,,          NaN,         NaN
,,,          NaN,,,,          NaN,         NaN
,,,          NaN,,,,          NaN,         NaN
,,,          NaN,,,,          NaN,         NaN
,,,          NaN,,,,          NaN,         NaN
,,,          NaN,,,,          NaN,         NaN
,,,          NaN,,,,          NaN,         NaN
,,,          NaN,,,,          NaN,         NaN
,,,          NaN,,,,          NaN,         NaN
,,,          NaN,,,,          NaN,         NaN
,,,          NaN,,,,          NaN,         NaN
,,,          NaN,,,,          NaN,         NaN
,,,          NaN,,,,          NaN,         NaN
,,,          NaN,,,,          NaN,         NaN
,,,          NaN,,,,          NaN,         NaN
,,,          NaN,,,,          NaN,         NaN
,,,          NaN,,,,          NaN,         NaN
,,,          NaN,,,,          NaN,         NaN
,,,          NaN,,,,          NaN,         NaN
,,,          NaN,,,,          NaN,         NaN
,,,          NaN,,,,          NaN,         NaN
,,,          NaN,,,,          NaN,         NaN
,,,          NaN,,,,          NaN,         NaN
,,,          NaN,,,,          NaN,         NaN
,,,          NaN,,,,          NaN,         NaN
,,,          NaN,,,,          NaN,         NaN
,,,          NaN,,,,          NaN,         NaN
,,,          NaN,,,,          NaN,         NaN
,,,          NaN,,,,          NaN,         NaN
,,,          NaN,,,,          NaN,         NaN
,,,          NaN,,,,          NaN,         NaN
,,,          NaN,,,,          NaN,         NaN
,,,          NaN,,,,          NaN,         NaN
,,,          NaN,,,,          NaN,         NaN
,,,          NaN,,,,          NaN,         NaN
,,,          NaN,,,,          NaN,         NaN
,,,          NaN,,,,          NaN,         NaN
,,,          NaN,,,,          NaN,         NaN
,,,          NaN,,,,          NaN,         NaN
,,,          NaN,,,,          NaN,         NaN
,,,          NaN,,,,          NaN,         NaN
,,,          NaN,,,,          NaN,         NaN
,,,          NaN,,,,          NaN,         NaN
,,,          NaN,,,,          NaN,         NaN
,,,          NaN,,,,          NaN,         NaN
,,,          NaN,,,,          NaN,         NaN
,,,          NaN,,,,          NaN,         NaN
,,,          NaN,,,,          NaN,         NaN
,,,          NaN,,,,          NaN,         NaN
,,,          NaN,,,,          NaN,         NaN
,,,          NaN,,,,          NaN,         NaN
,,,          NaN,,,,          NaN,         NaN
,,,          NaN,,,,          NaN,         NaN
,,,          NaN,,,,          NaN,         NaN
,,,          NaN,,,,          NaN,         NaN
,,,          NaN,,,,          NaN,         NaN
,,,          NaN,,,,          NaN,         NaN
,,,          NaN,,,,          NaN,         NaN
,,,          NaN,,,,          NaN,         NaN
,,,          NaN,,,,          NaN,         NaN
,,,          NaN,,,,          NaN,         NaN
,,,          NaN,,,,          NaN,         NaN
,,,          NaN,,,,          NaN,         NaN
,,,          NaN,,,,          NaN,         NaN
,,,          NaN,,,,          NaN,         NaN
,,,          NaN,,,,          NaN,         NaN
,,,          NaN,,,,          NaN,         NaN
,,,          NaN,,,,          NaN,         NaN
,,,          NaN,,,,          NaN,         NaN
,,,          NaN,,,,          NaN,         NaN
,,,          NaN,,,,          NaN,         NaN
,,,          NaN,,,,          NaN,         NaN
,,,          NaN,,,,          NaN,         NaN
,,,          NaN,,,,          NaN,         NaN
,,,          NaN,,,,          NaN,         NaN
,,,          NaN,,,,          NaN,         NaN
,,,          NaN,,,,          NaN,         NaN
,,,          NaN,,,,          NaN,         NaN
,,,          NaN,,,,          NaN,         NaN
,,,          NaN,,,,          NaN,         NaN
,,,          NaN,,,,          NaN,         NaN
,,,          NaN,,,,          NaN,         NaN
,,,          NaN,,,,          NaN,         NaN
,,,          NaN,,,,          NaN,         NaN
,,,          NaN,,,,          NaN,         NaN
,,,          NaN,,,,          NaN,         NaN
,,,          NaN,,,,          NaN,         NaN
,,,          NaN,,,,          NaN,         NaN
,,,          NaN,,,,          NaN,         NaN
,,,          NaN,,,,          NaN,         NaN
,,,          NaN,,,,          NaN,         NaN
,,,          NaN,,,,          NaN,         NaN
,,,          NaN,,,,          NaN,         NaN
,,,          NaN,,,,          NaN,         NaN
,,,          NaN,,,,          NaN,         NaN
,,,          NaN,,,,          NaN,         NaN
,,,          NaN,,,,          NaN,         NaN
,,,          NaN,,,,          NaN,         NaN
,,,          NaN,,,,          NaN,         NaN
,,,          NaN,,,,          NaN,         NaN
,,,          NaN,,,,          NaN,         NaN
,,,          NaN,,,,          NaN,         NaN
,,,          NaN,,,,          NaN,         NaN
,,,          NaN,,,,          NaN,         NaN
,,,          NaN,,,,          NaN,         NaN
,,,          NaN,,,,          NaN,         NaN
,,,          NaN,,,,          NaN,         NaN
,,,          NaN,,,,          NaN,         NaN
,,,          NaN,,,,          NaN,         NaN
,,,          NaN,,,,          NaN,         NaN
,,,          NaN,,,,          NaN,         NaN
,,,          NaN,,,,          NaN,         NaN
,,,          NaN,,,,          NaN,         NaN
,,,          NaN,,,,          NaN,         NaN
,,,          NaN,,,,          NaN,         NaN
,,,          NaN,,,,          NaN,         NaN
,,,          NaN,,,,          NaN,         NaN
,,,          NaN,,,,          NaN,         NaN
,,,          NaN,,,,          NaN,         NaN
,,,          NaN,,,,          NaN,         NaN
,,,          NaN,,,,          NaN,         NaN
,,,          NaN,,,,          NaN,         NaN
,,,          NaN,,,,          NaN,         NaN
,,,          NaN,,,,          NaN,         NaN
,,,          NaN,,,,          NaN,         NaN
,,,          NaN,,,,          NaN,         NaN
,,,          NaN,,,,          NaN,         NaN
,,,          NaN,,,,          NaN,         NaN
,,,          NaN,,,,          NaN,         NaN
,,,          NaN,,,,          NaN,         NaN
,,,          NaN,,,,          NaN,         NaN
,,,          NaN,,,,          NaN,         NaN
,,,          NaN,,,,          NaN,         NaN
,,,          NaN,,,,          NaN,         NaN
,,,          NaN,,,,          NaN,         NaN
,,,          NaN,,,,          NaN,         NaN
,,,          NaN,,,,          NaN,         NaN
,,,          NaN,,,,          NaN,         NaN
,,,          NaN,,,,          NaN,         NaN
,,,          NaN,,,,          NaN,         NaN
,,,          NaN,,,,          NaN,         NaN
,,,          NaN,,,,          NaN,         NaN
,,,          NaN,,,,          NaN,         NaN
,,,          NaN,,,,          NaN,         NaN
,,,          NaN,,,,          NaN,         NaN
,,,          NaN,,,,          NaN,         NaN
,,,          NaN,,,,          NaN,         NaN
,,,          NaN,,,,          NaN,         NaN
,,,          NaN,,,,          NaN,         NaN
,,,          NaN,,,,          NaN,         NaN
,,,          NaN,,,,          NaN,         NaN
,,,          NaN,,,,          NaN,         NaN
,,,          NaN,,,,          NaN,         NaN
,,,          NaN,,,,          NaN,         NaN
,,,          NaN,,,,          NaN,         NaN
,,,          NaN,,,,          NaN,         NaN
,,,          NaN,,,,          NaN,         NaN
,,,          NaN,,,,          NaN,         NaN
,,,          NaN,,,,          NaN,         NaN
,,,          NaN,,,,          NaN,         NaN
,,,          NaN,,,,          NaN,         NaN
,,,          NaN,,,,          NaN,         NaN
,,,          NaN,,,,          NaN,         NaN
,,,          NaN,,,,          NaN,         NaN
,,,          NaN,,,,          NaN,         NaN
,,,          NaN,,,,          NaN,         NaN
,,,          NaN,,,,          NaN,         NaN
,,,          NaN,,,,          NaN,         NaN
,,,          NaN,,,,          NaN,         NaN
,,,          NaN,,,,          NaN,         NaN
,,,          NaN,,,,          NaN,         NaN
,,,          NaN,,,,          NaN,         NaN
,,,          NaN,,,,          NaN,         NaN
,,,          NaN,,,,          NaN,         NaN
,,,          NaN,,,,          NaN,         NaN
,,,          NaN,,,,          NaN,         NaN
,,,          NaN,,,,          NaN,         NaN
,,,          NaN,,,,          NaN,         NaN
,,,          NaN,,,,          NaN,         NaN
,,,          NaN,,,,          NaN,         NaN
,,,          NaN,,,,          NaN,         NaN
,,,          NaN,,,,          NaN,         NaN
,,,          NaN,,,,          NaN,         NaN
,,,          NaN,,,,          NaN,         NaN
,,,          NaN,,,,          NaN,         NaN
,,,          NaN,,,,          NaN,         NaN
,,,          NaN,,,,          NaN,         NaN
,,,          NaN,,,,          NaN,         NaN
,,,          NaN,,,,          NaN,         NaN
,,,          NaN,,,,          NaN,         NaN
,,,          NaN,,,,          NaN,         NaN
,,,          NaN,,,,          NaN,         NaN
,,,          NaN,,,,          NaN,         NaN
,,,          NaN,,,,          NaN,         NaN
,,,          NaN,,,,          NaN,         NaN
,,,          NaN,,,,          NaN,         NaN
,,,          NaN,,,,          NaN,         NaN
,,,          NaN,,,,          NaN,         NaN
,,,          NaN,,,,          NaN,         NaN
,,,          NaN,,,,          NaN,         NaN
,,,          NaN,,,,          NaN,         NaN
,,,          NaN,,,,          NaN,         NaN
,,,          NaN,,,,          NaN,         NaN
,,,          NaN,,,,          NaN,         NaN
,,,          NaN,,,,          NaN,         NaN
,,,          NaN,,,,          NaN,         NaN
,,,          NaN,,,,          NaN,         NaN
,,,          NaN,,,,          NaN,         NaN
,,,          NaN,,,,          NaN,         NaN
,,,          NaN,,,,          NaN,         NaN
,,,          NaN,,,,          NaN,         NaN
,,,          NaN,,,,          NaN,         NaN
,,,          NaN,,,,          NaN,         NaN
,,,          NaN,,,,          NaN,         NaN
,,,          NaN,,,,          NaN,         NaN
,,,          NaN,,,,          NaN,         NaN
,,,          NaN,,,,          NaN,         NaN
,,,          NaN,,,,          NaN,         NaN
,,,          NaN,,,,          NaN,         NaN
,,,          NaN,,,,          NaN,         NaN
,,,          NaN,,,,          NaN,         NaN
,,,          NaN,,,,          NaN,         NaN
,,,          NaN,,,,          NaN,         NaN
,,,          NaN,,,,          NaN,         NaN
,,,          NaN,,,,          NaN,         NaN
,,,          NaN,,,,          NaN,         NaN
,,,          NaN,,,,          NaN,         NaN
,,,          NaN,,,,          NaN,         NaN
,,,          NaN,,,,          NaN,         NaN
,,,          NaN,,,,          NaN,         NaN
,,,          NaN,,,,          NaN,         NaN
,,,          NaN,,,,          NaN,         NaN
,,,          NaN,,,,          NaN,         NaN
,,,          NaN,,,,          NaN,         NaN
,,,          NaN,,,,          NaN,         NaN
,,,          NaN,,,,          NaN,         NaN
,,,          NaN,,,,          NaN,         NaN
,,,          NaN,,,,          NaN,         NaN
,,,          NaN,,,,          NaN,         NaN
,,,          NaN,,,,          NaN,         NaN
,,,          NaN,,,,          NaN,         NaN
,,,          NaN,,,,          NaN,         NaN
,,,          NaN,,,,          NaN,         NaN
,,,          NaN,,,,          NaN,         NaN
,,,          NaN,,,,          NaN,         NaN
,,,          NaN,,,,          NaN,         NaN
,,,          NaN,,,,          NaN,         NaN
,,,          NaN,,,,          NaN,         NaN
,,,          NaN,,,,          NaN,         NaN
,,,          NaN,,,,          NaN,         NaN
,,,          NaN,,,,          NaN,         NaN
,,,          NaN,,,,          NaN,         NaN
,,,          NaN,,,,          NaN,         NaN
,,,          NaN,,,,          NaN,         NaN
,,,          NaN,,,,          NaN,         NaN
,,,          NaN,,,,          NaN,         NaN
,,,          NaN,,,,          NaN,         NaN
,,,          NaN,,,,          NaN,         NaN
,,,          NaN,,,,          NaN,         NaN
,,,          NaN,,,,          NaN,         NaN
,,,          NaN,,,,          NaN,         NaN
,,,          NaN,,,,          NaN,         NaN
,,,          NaN,,,,          NaN,         NaN
,,,          NaN,,,,          NaN,         NaN
,,,          NaN,,,,          NaN,         NaN
,,,          NaN,,,,          NaN,         NaN
,,,          NaN,,,,          NaN,         NaN
,,,          NaN,,,,          NaN,         NaN
,,,          NaN,,,,          NaN,         NaN
,,,          NaN,,,,          NaN,         NaN
,,,          NaN,,,,          NaN,         NaN
,,,          NaN,,,,          NaN,         NaN
,,,          NaN,,,,          NaN,         NaN
,,,          NaN,,,,          NaN,         NaN
,,,          NaN,,,,          NaN,         NaN
,,,          NaN,,,,          NaN,         NaN
,,,          NaN,,,,          NaN,         NaN
,,,          NaN,,,,          NaN,         NaN
,,,          NaN,,,,          NaN,         NaN
,,,          NaN,,,,          NaN,         NaN
,,,          NaN,,,,          NaN,         NaN
,,,          NaN,,,,          NaN,         NaN
,,,          NaN,,,,          NaN,         NaN
,,,          NaN,,,,          NaN,         NaN
,,,          NaN,,,,          NaN,         NaN
,,,          NaN,,,,          NaN,         NaN
,,,          NaN,,,,          NaN,         NaN
,,,          NaN,,,,          NaN,         NaN
,,,          NaN,,,,          NaN,         NaN
,,,          NaN,,,,          NaN,         NaN
,,,          NaN,,,,          NaN,         NaN
,,,          NaN,,,,          NaN,         NaN
,,,          NaN,,,,          NaN,         NaN
,,,          NaN,,,,          NaN,         NaN
,,,          NaN,,,,          NaN,         NaN
,,,          NaN,,,,          NaN,         NaN
,,,          NaN,,,,          NaN,         NaN
,,,          NaN,,,,          NaN,         NaN
,,,          NaN,,,,          NaN,         NaN
,,,          NaN,,,,          NaN,         NaN
,,,          NaN,,,,          NaN,         NaN
,,,          NaN,,,,          NaN,         NaN
,,,          NaN,,,,          NaN,         NaN
,,,          NaN,,,,          NaN,         NaN
,,,          NaN,,,,          NaN,         NaN
,,,          NaN,,,,          NaN,         NaN
,,,          NaN,,,,          NaN,         NaN
,,,          NaN,,,,          NaN,         NaN
,,,          NaN,,,,          NaN,         NaN
,,,          NaN,,,,          NaN,         NaN
,,,          NaN,,,,          NaN,         NaN
,,,          NaN,,,,          NaN,         NaN
,,,          NaN,,,,          NaN,         NaN
,,,          NaN,,,,          NaN,         NaN
,,,          NaN,,,,          NaN,         NaN
,,,          NaN,,,,          NaN,         NaN
,,,          NaN,,,,          NaN,         NaN
,,,          NaN,,,,          NaN,         NaN
,,,          NaN,,,,          NaN,         NaN
,,,          NaN,,,,          NaN,         NaN
,,,          NaN,,,,          NaN,         NaN
,,,          NaN,,,,          NaN,         NaN
,,,          NaN,,,,          NaN,         NaN
,,,          NaN,,,,          NaN,         NaN
,,,          NaN,,,,          NaN,         NaN
,,,          NaN,,,,          NaN,         NaN
,,,          NaN,,,,          NaN,         NaN
,,,          NaN,,,,          NaN,         NaN
,,,          NaN,,,,          NaN,         NaN
,,,          NaN,,,,          NaN,         NaN
,,,          NaN,,,,          NaN,         NaN
,,,          NaN,,,,          NaN,         NaN
,,,          NaN,,,,          NaN,         NaN
,,,          NaN,,,,          NaN,         NaN
,,,          NaN,,,,          NaN,         NaN
,,,          NaN,,,,          NaN,         NaN
,,,          NaN,,,,          NaN,         NaN
,,,          NaN,,,,          NaN,         NaN
,,,          NaN,,,,          NaN,         NaN
,,,          NaN,,,,          NaN,         NaN
,,,          NaN,,,,          NaN,         NaN
,,,          NaN,,,,          NaN,         NaN
,,,          NaN,,,,          NaN,         NaN
,,,          NaN,,,,          NaN,         NaN
,,,          NaN,,,,          NaN,         NaN
,,,          NaN,,,,          NaN,         NaN
,,,          NaN,,,,          NaN,         NaN
,,,          NaN,,,,          NaN,         NaN
,,,          NaN,,,,          NaN,         NaN
,,,          NaN,,,,          NaN,         NaN
,,,          NaN,,,,          NaN,         NaN
,,,          NaN,,,,          NaN,         NaN
,,,          NaN,,,,          NaN,         NaN
,,,          NaN,,,,          NaN,         NaN
,,,          NaN,,,,          NaN,         NaN
,,,          NaN,,,,          NaN,         NaN
,,,          NaN,,,,          NaN,         NaN
,,,          NaN,,,,          NaN,         NaN
,,,          NaN,,,,          NaN,         NaN
,,,          NaN,,,,          NaN,         NaN
,,,          NaN,,,,          NaN,         NaN
,,,          NaN,,,,          NaN,         NaN
,,,          NaN,,,,          NaN,         NaN
,,,          NaN,,,,          NaN,         NaN
,,,          NaN,,,,          NaN,         NaN
,,,          NaN,,,,          NaN,         NaN
,,,          NaN,,,,          NaN,         NaN
,,,          NaN,,,,          NaN,         NaN
,,,          NaN,,,,          NaN,         NaN
,,,          NaN,,,,          NaN,         NaN
,,,          NaN,,,,          NaN,         NaN
,,,          NaN,,,,          NaN,         NaN
,,,          NaN,,,,          NaN,         NaN
,,,          NaN,,,,          NaN,         NaN
,,,          NaN,,,,          NaN,         NaN
,,,          NaN,,,,          NaN,         NaN
,,,          NaN,,,,          NaN,         NaN
,,,          NaN,,,,          NaN,         NaN
,,,          NaN,,,,          NaN,         NaN
,,,          NaN,,,,          NaN,         NaN
,,,          NaN,,,,          NaN,         NaN
,,,          NaN,,,,          NaN,         NaN
,,,          NaN,,,,          NaN,         NaN
,,,          NaN,,,,          NaN,         NaN
,,,          NaN,,,,          NaN,         NaN
,,,          NaN,,,,          NaN,         NaN
,,,          NaN,,,,          NaN,         NaN
,,,          NaN,,,,          NaN,         NaN
,,,          NaN,,,,          NaN,         NaN
,,,          NaN,,,,          NaN,         NaN
,,,          NaN,,,,          NaN,         NaN
,,,          NaN,,,,          NaN,         NaN
,,,          NaN,,,,          NaN,         NaN
,,,          NaN,,,,          NaN,         NaN
,,,          NaN,,,,          NaN,         NaN
,,,          NaN,,,,          NaN,         NaN
,,,          NaN,,,,          NaN,         NaN
,,,          NaN,,,,          NaN,         NaN
,,,          NaN,,,,          NaN,         NaN
,,,          NaN,,,,          NaN,         NaN
,,,          NaN,,,,          NaN,         NaN
,,,          NaN,,,,          NaN,         NaN
,,,          NaN,,,,          NaN,         NaN
,,,          NaN,,,,          NaN,         NaN
,,,          NaN,,,,          NaN,         NaN
,,,          NaN,,,,          NaN,         NaN
,,,          NaN,,,,          NaN,         NaN
,,,          NaN,,,,          NaN,         NaN
,,,          NaN,,,,          NaN,         NaN
,,,          NaN,,,,          NaN,         NaN
,,,          NaN,,,,          NaN,         NaN
,,,          NaN,,,,          NaN,         NaN
,,,          NaN,,,,          NaN,         NaN
,,,          NaN,,,,          NaN,         NaN
,,,          NaN,,,,          NaN,         NaN
,,,          NaN,,,,          NaN,         NaN
,,,          NaN,,,,          NaN,         NaN
,,,          NaN,,,,          NaN,         NaN
,,,          NaN,,,,          NaN,         NaN
,,,          NaN,,,,          NaN,         NaN
,,,          NaN,,,,          NaN,         NaN
,,,          NaN,,,,          NaN,         NaN
,,,          NaN,,,,          NaN,         NaN
,,,          NaN,,,,          NaN,         NaN
,,,          NaN,,,,          NaN,         NaN
,,,          NaN,,,,          NaN,         NaN
,,,          NaN,,,,          NaN,         NaN
,,,          NaN,,,,          NaN,         NaN
,,,          NaN,,,,          NaN,         NaN
,,,          NaN,,,,          NaN,         NaN
,,,          NaN,,,,          NaN,         NaN
,,,          NaN,,,,          NaN,         NaN
,,,          NaN,,,,          NaN,         NaN
,,,          NaN,,,,          NaN,         NaN
,,,          NaN,,,,          NaN,         NaN
,,,          NaN,,,,          NaN,         NaN
,,,          NaN,,,,          NaN,         NaN
,,,          NaN,,,,          NaN,         NaN
,,,          NaN,,,,          NaN,         NaN
,,,          NaN,,,,          NaN,         NaN
,,,          NaN,,,,          NaN,         NaN
,,,          NaN,,,,          NaN,         NaN
,,,          NaN,,,,          NaN,         NaN
,,,          NaN,,,,          NaN,         NaN
,,,          NaN,,,,          NaN,         NaN
,,,          NaN,,,,          NaN,         NaN
,,,          NaN,,,,          NaN,         NaN
,,,          NaN,,,,          NaN,         NaN
,,,          NaN,,,,          NaN,         NaN
,,,          NaN,,,,          NaN,         NaN
,,,          NaN,,,,          NaN,         NaN
,,,          NaN,,,,          NaN,         NaN
,,,          NaN,,,,          NaN,         NaN
,,,          NaN,,,,          NaN,         NaN
,,,          NaN,,,,          NaN,         NaN
,,,          NaN,,,,          NaN,         NaN
,,,          NaN,,,,          NaN,         NaN
,,,          NaN,,,,          NaN,         NaN
,,,          NaN,,,,          NaN,         NaN
,,,          NaN,,,,          NaN,         NaN
,,,          NaN,,,,          NaN,         NaN
,,,          NaN,,,,          NaN,         NaN
,,,          NaN,,,,          NaN,         NaN
,,,          NaN,,,,          NaN,         NaN
,,,          NaN,,,,          NaN,         NaN
,,,          NaN,,,,          NaN,         NaN
,,,          NaN,,,,          NaN,         NaN
,,,          NaN,,,,          NaN,         NaN
,,,          NaN,,,,          NaN,         NaN
,,,          NaN,,,,          NaN,         NaN
,,,          NaN,,,,          NaN,         NaN
,,,          NaN,,,,          NaN,         NaN
,,,          NaN,,,,          NaN,         NaN
,,,          NaN,,,,          NaN,         NaN
,,,          NaN,,,,          NaN,         NaN
,,,          NaN,,,,          NaN,         NaN
,,,          NaN,,,,          NaN,         NaN
,,,          NaN,,,,          NaN,         NaN
,,,          NaN,,,,          NaN,         NaN
,,,          NaN,,,,          NaN,         NaN
,,,          NaN,,,,          NaN,         NaN
,,,          NaN,,,,          NaN,         NaN
,,,          NaN,,,,          NaN,         NaN
,,,          NaN,,,,          NaN,         NaN
,,,          NaN,,,,          NaN,         NaN
,,,          NaN,,,,          NaN,         NaN
,,,          NaN,,,,          NaN,         NaN
,,,          NaN,,,,          NaN,         NaN
,,,          NaN,,,,          NaN,         NaN
,,,          NaN,,,,          NaN,         NaN
,,,          NaN,,,,          NaN,         NaN
,,,          NaN,,,,          NaN,         NaN
,,,          NaN,,,,          NaN,         NaN
,,,          NaN,,,,          NaN,         NaN
,,,          NaN,,,,          NaN,         NaN
,,,          NaN,,,,          NaN,         NaN
,,,          NaN,,,,          NaN,         NaN
,,,          NaN,,,,          NaN,         NaN
,,,          NaN,,,,          NaN,         NaN
,,,          NaN,,,,          NaN,         NaN
,,,          NaN,,,,          NaN,         NaN
,,,          NaN,,,,          NaN,         NaN
,,,          NaN,,,,          NaN,         NaN
,,,          NaN,,,,          NaN,         NaN
,,,          NaN,,,,          NaN,         NaN
,,,          NaN,,,,          NaN,         NaN
,,,          NaN,,,,          NaN,         NaN
,,,          NaN,,,,          NaN,         NaN
,,,          NaN,,,,          NaN,         NaN
,,,          NaN,,,,          NaN,         NaN
,,,          NaN,,,,          NaN,         NaN
,,,          NaN,,,,          NaN,         NaN
,,,          NaN,,,,          NaN,         NaN
,,,          NaN,,,,          NaN,         NaN
,,,          NaN,,,,          NaN,         NaN
,,,          NaN,,,,          NaN,         NaN
,,,          NaN,,,,          NaN,         NaN
,,,          NaN,,,,          NaN,         NaN
,,,          NaN,,,,          NaN,         NaN
,,,          NaN,,,,          NaN,         NaN
,,,          NaN,,,,          NaN,         NaN
,,,          NaN,,,,          NaN,         NaN
,,,          NaN,,,,          NaN,         NaN
,,,          NaN,,,,          NaN,         NaN
,,,          NaN,,,,          NaN,         NaN
,,,          NaN,,,,          NaN,         NaN
,,,          NaN,,,,          NaN,         NaN
,,,          NaN,,,,          NaN,         NaN
,,,          NaN,,,,          NaN,         NaN
,,,          NaN,,,,          NaN,         NaN
,,,          NaN,,,,          NaN,         NaN
,,,          NaN,,,,          NaN,         NaN
,,,          NaN,,,,          NaN,         NaN
,,,          NaN,,,,          NaN,         NaN
,,,          NaN,,,,          NaN,         NaN
,,,          NaN,,,,          NaN,         NaN
,,,          NaN,,,,          NaN,         NaN
,,,          NaN,,,,          NaN,         NaN
,,,          NaN,,,,          NaN,         NaN
,,,          NaN,,,,          NaN,         NaN
,,,          NaN,,,,          NaN,         NaN
,,,          NaN,,,,          NaN,         NaN
,,,          NaN,,,,          NaN,         NaN
,,,          NaN,,,,          NaN,         NaN
,,,          NaN,,,,          NaN,         NaN
,,,          NaN,,,,          NaN,         NaN
,,,          NaN,,,,          NaN,         NaN
,,,          NaN,,,,          NaN,         NaN
,,,          NaN,,,,          NaN,         NaN
,,,          NaN,,,,          NaN,         NaN
,,,          NaN,,,,          NaN,         NaN
,,,          NaN,,,,          NaN,         NaN
,,,          NaN,,,,          NaN,         NaN
,,,          NaN,,,,          NaN,         NaN
,,,          NaN,,,,          NaN,         NaN
,,,          NaN,,,,          NaN,         NaN
,,,          NaN,,,,          NaN,         NaN
,,,          NaN,,,,          NaN,         NaN
,,,          NaN,,,,          NaN,         NaN
,,,          NaN,,,,          NaN,         NaN
,,,          NaN,,,,          NaN,         NaN
,,,          NaN,,,,          NaN,         NaN
,,,          NaN,,,,          NaN,         NaN
,,,          NaN,,,,          NaN,         NaN
,,,          NaN,,,,          NaN,         NaN
,,,          NaN,,,,          NaN,         NaN
,,,          NaN,,,,          NaN,         NaN
,,,          NaN,,,,          NaN,         NaN
,,,          NaN,,,,          NaN,         NaN
,,,          NaN,,,,          NaN,         NaN
,,,          NaN,,,,          NaN,         NaN
,,,          NaN,,,,          NaN,         NaN
,,,          NaN,,,,          NaN,         NaN
,,,          NaN,,,,          NaN,         NaN
,,,          NaN,,,,          NaN,         NaN
,,,          NaN,,,,          NaN,         NaN
,,,          NaN,,,,          NaN,         NaN
,,,          NaN,,,,          NaN,         NaN
,,,          NaN,,,,          NaN,         NaN
,,,          NaN,,,,          NaN,         NaN
,,,          NaN,,,,          NaN,         NaN
,,,          NaN,,,,          NaN,         NaN
,,,          NaN,,,,          NaN,         NaN
,,,          NaN,,,,          NaN,         NaN
,,,          NaN,,,,          NaN,         NaN
,,,          NaN,,,,          NaN,         NaN
,,,          NaN,,,,          NaN,         NaN
,,,          NaN,,,,          NaN,         NaN
,,,          NaN,,,,          NaN,         NaN
,,,          NaN,,,,          NaN,         NaN
,,,          NaN,,,,          NaN,         NaN
,,,          NaN,,,,          NaN,         NaN
,,,          NaN,,,,          NaN,         NaN
,,,          NaN,,,,          NaN,         NaN
,,,          NaN,,,,          NaN,         NaN
,,,          NaN,,,,          NaN,         NaN
,,,          NaN,,,,          NaN,         NaN
,,,          NaN,,,,          NaN,         NaN
,,,          NaN,,,,          NaN,         NaN
,,,          NaN,,,,          NaN,         NaN
,,,          NaN,,,,          NaN,         NaN
,,,          NaN,,,,          NaN,         NaN
,,,          NaN,,,,          NaN,         NaN
,,,          NaN,,,,          NaN,         NaN
,,,          NaN,,,,          NaN,         NaN
,,,          NaN,,,,          NaN,         NaN
,,,          NaN,,,,          NaN,         NaN
,,,          NaN,,,,          NaN,         NaN
,,,          NaN,,,,          NaN,         NaN
,,,          NaN,,,,          NaN,         NaN
,,,          NaN,,,,          NaN,         NaN
,,,          NaN,,,,          NaN,         NaN
,,,          NaN,,,,          NaN,         NaN
,,,          NaN,,,,          NaN,         NaN
,,,          NaN,,,,          NaN,         NaN
,,,          NaN,,,,          NaN,         NaN
,,,          NaN,,,,          NaN,         NaN
,,,          NaN,,,,          NaN,         NaN
,,,          NaN,,,,          NaN,         NaN
,,,          NaN,,,,          NaN,         NaN
,,,          NaN,,,,          NaN,         NaN
,,,          NaN,,,,          NaN,         NaN
,,,          NaN,,,,          NaN,         NaN
,,,          NaN,,,,          NaN,         NaN
,,,          NaN,,,,          NaN,         NaN
,,,          NaN,,,,          NaN,         NaN
,,,          NaN,,,,          NaN,         NaN
,,,          NaN,,,,          NaN,         NaN
,,,          NaN,,,,          NaN,         NaN
,,,          NaN,,,,          NaN,         NaN
,,,          NaN,,,,          NaN,         NaN
,,,          NaN,,,,          NaN,         NaN
,,,          NaN,,,,          NaN,         NaN
,,,          NaN,,,,          NaN,         NaN
,,,          NaN,,,,          NaN,         NaN
,,,          NaN,,,,          NaN,         NaN
,,,          NaN,,,,          NaN,         NaN
,,,          NaN,,,,          NaN,         NaN
,,,          NaN,,,,          NaN,         NaN
,,,          NaN,,,,          NaN,         NaN
,,,          NaN,,,,          NaN,         NaN
,,,          NaN,,,,          NaN,         NaN
,,,          NaN,,,,          NaN,         NaN
,,,          NaN,,,,          NaN,         NaN
,,,          NaN,,,,          NaN,         NaN
,,,          NaN,,,,          NaN,         NaN
,,,          NaN,,,,          NaN,         NaN
,,,          NaN,,,,          NaN,         NaN
,,,          NaN,,,,          NaN,         NaN
,,,          NaN,,,,          NaN,         NaN
,,,          NaN,,,,          NaN,         NaN
,,,          NaN,,,,          NaN,         NaN
,,,          NaN,,,,          NaN,         NaN
,,,          NaN,,,,          NaN,         NaN
,,,          NaN,,,,          NaN,         NaN
,,,          NaN,,,,          NaN,         NaN
,,,          NaN,,,,          NaN,         NaN
,,,          NaN,,,,          NaN,         NaN
,,,          NaN,,,,          NaN,         NaN
,,,          NaN,,,,          NaN,         NaN
,,,          NaN,,,,          NaN,         NaN
,,,          NaN,,,,          NaN,         NaN
,,,          NaN,,,,          NaN,         NaN
,,,          NaN,,,,          NaN,         NaN
,,,          NaN,,,,          NaN,         NaN
,,,          NaN,,,,          NaN,         NaN
,,,          NaN,,,,          NaN,         NaN
,,,          NaN,,,,          NaN,         NaN
,,,          NaN,,,,          NaN,         NaN
,,,          NaN,,,,          NaN,         NaN
,,,          NaN,,,,          NaN,         NaN
,,,          NaN,,,,          NaN,         NaN
,,,          NaN,,,,          NaN,         NaN
,,,          NaN,,,,          NaN,         NaN
,,,          NaN,,,,          NaN,         NaN
,,,          NaN,,,,          NaN,         NaN
,,,          NaN,,,,          NaN,         NaN
,,,          NaN,,,,          NaN,         NaN
,,,          NaN,,,,          NaN,         NaN
,,,          NaN,,,,          NaN,         NaN
,,,          NaN,,,,          NaN,         NaN
,,,          NaN,,,,          NaN,         NaN
,,,          NaN,,,,          NaN,         NaN
,,,          NaN,,,,          NaN,         NaN
,,,          NaN,,,,          NaN,         NaN
,,,          NaN,,,,          NaN,         NaN
,,,          NaN,,,,          NaN,         NaN
,,,          NaN,,,,          NaN,         NaN
,,,          NaN,,,,          NaN,         NaN
,,,          NaN,,,,          NaN,         NaN
,,,          NaN,,,,          NaN,         NaN
,,,          NaN,,,,          NaN,         NaN
,,,          NaN,,,,          NaN,         NaN
,,,          NaN,,,,          NaN,         NaN
,,,          NaN,,,,          NaN,         NaN
,,,          NaN,,,,          NaN,         NaN
,,,          NaN,,,,          NaN,         NaN
,,,          NaN,,,,          NaN,         NaN
,,,          NaN,,,,          NaN,         NaN
,,,          NaN,,,,          NaN,         NaN
,,,          NaN,,,,          NaN,         NaN
,,,          NaN,,,,          NaN,         NaN
,,,          NaN,,,,          NaN,         NaN
,,,          NaN,,,,          NaN,         NaN
,,,          NaN,,,,          NaN,         NaN
,,,          NaN,,,,          NaN,         NaN
,,,          NaN,,,,          NaN,         NaN
,,,          NaN,,,,          NaN,         NaN
,,,          NaN,,,,          NaN,         NaN
,,,          NaN,,,,          NaN,         NaN
,,,          NaN,,,,          NaN,         NaN
,,,          NaN,,,,          NaN,         NaN
,,,          NaN,,,,          NaN,         NaN
,,,          NaN,,,,          NaN,         NaN
,,,          NaN,,,,          NaN,         NaN
,,,          NaN,,,,          NaN,         NaN
,,,          NaN,,,,          NaN,         NaN
,,,          NaN,,,,          NaN,         NaN
,,,          NaN,,,,          NaN,         NaN
,,,          NaN,,,,          NaN,         NaN
,,,          NaN,,,,          NaN,         NaN
,,,          NaN,,,,          NaN,         NaN
,,,          NaN,,,,          NaN,         NaN
,,,          NaN,,,,          NaN,         NaN
,,,          NaN,,,,          NaN,         NaN
,,,          NaN,,,,          NaN,         NaN
,,,          NaN,,,,          NaN,         NaN
,,,          NaN,,,,          NaN,         NaN
,,,          NaN,,,,          NaN,         NaN
,,,          NaN,,,,          NaN,         NaN
,,,          NaN,,,,          NaN,         NaN
,,,          NaN,,,,          NaN,         NaN
,,,          NaN,,,,          NaN,         NaN
,,,          NaN,,,,          NaN,         NaN
,,,          NaN,,,,          NaN,         NaN
,,,          NaN,,,,          NaN,         NaN
,,,          NaN,,,,          NaN,         NaN
,,,          NaN,,,,          NaN,         NaN
,,,          NaN,,,,          NaN,         NaN
,,,          NaN,,,,          NaN,         NaN
,,,          NaN,,,,          NaN,         NaN
,,,          NaN,,,,          NaN,         NaN
,,,          NaN,,,,          NaN,         NaN
,,,          NaN,,,,          NaN,         NaN
,,,          NaN,,,,          NaN,         NaN
,,,          NaN,,,,          NaN,         NaN
,,,          NaN,,,,          NaN,         NaN
,,,          NaN,,,,          NaN,         NaN
,,,          NaN,,,,          NaN,         NaN
,,,          NaN,,,,          NaN,         NaN
,,,          NaN,,,,          NaN,         NaN
,,,          NaN,,,,          NaN,         NaN
,,,          NaN,,,,          NaN,         NaN
,,,          NaN,,,,          NaN,         NaN
,,,          NaN,,,,          NaN,         NaN
,,,          NaN,,,,          NaN,         NaN
,,,          NaN,,,,          NaN,         NaN
,,,          NaN,,,,          NaN,         NaN
,,,          NaN,,,,          NaN,         NaN
,,,          NaN,,,,          NaN,         NaN
,,,          NaN,,,,          NaN,         NaN
,,,          NaN,,,,          NaN,         NaN
,,,          NaN,,,,          NaN,         NaN
,,,          NaN,,,,          NaN,         NaN
,,,          NaN,,,,          NaN,         NaN
,,,          NaN,,,,          NaN,         NaN
,,,          NaN,,,,          NaN,         NaN
,,,          NaN,,,,          NaN,         NaN
,,,          NaN,,,,          NaN,         NaN
,,,          NaN,,,,          NaN,         NaN
,,,          NaN,,,,          NaN,         NaN
,,,          NaN,,,,          NaN,         NaN
,,,          NaN,,,,          NaN,         NaN
,,,          NaN,,,,          NaN,         NaN
,,,          NaN,,,,          NaN,         NaN
,,,          NaN,,,,          NaN,         NaN
,,,          NaN,,,,          NaN,         NaN
,,,          NaN,,,,          NaN,         NaN
,,,          NaN,,,,          NaN,         NaN
,,,          NaN,,,,          NaN,         NaN
,,,          NaN,,,,          NaN,         NaN
,,,          NaN,,,,          NaN,         NaN
,,,          NaN,,,,          NaN,         NaN
,,,          NaN,,,,          NaN,         NaN
,,,          NaN,,,,          NaN,         NaN
,,,          NaN,,,,          NaN,         NaN
,,,          NaN,,,,          NaN,         NaN
,,,          NaN,,,,          NaN,         NaN
,,,          NaN,,,,          NaN,         NaN
,,,          NaN,,,,          NaN,         NaN
,,,          NaN,,,,          NaN,         NaN
,,,          NaN,,,,          NaN,         NaN
,,,          NaN,,,,          NaN,         NaN
,,,          NaN,,,,          NaN,         NaN
,,,          NaN,,,,          NaN,         NaN
,,,          NaN,,,,          NaN,         NaN
,,,          NaN,,,,          NaN,         NaN
,,,          NaN,,,,          NaN,         NaN
,,,          NaN,,,,          NaN,         NaN
,,,          NaN,,,,          NaN,         NaN
,,,          NaN,,,,          NaN,         NaN
,,,          NaN,,,,          NaN,         NaN
,,,          NaN,,,,          NaN,         NaN
,,,          NaN,,,,          NaN,         NaN
,,,          NaN,,,,          NaN,         NaN
,,,          NaN,,,,          NaN,         NaN
,,,          NaN,,,,          NaN,         NaN
,,,          NaN,,,,          NaN,         NaN
,,,          NaN,,,,          NaN,         NaN
,,,          NaN,,,,          NaN,         NaN
,,,          NaN,,,,          NaN,         NaN
,,,          NaN,,,,          NaN,         NaN
,,,          NaN,,,,          NaN,         NaN
,,,          NaN,,,,          NaN,         NaN
,,,          NaN,,,,          NaN,         NaN
,,,          NaN,,,,          NaN,         NaN
,,,          NaN,,,,          NaN,         NaN
,,,          NaN,,,,          NaN,         NaN
,,,          NaN,,,,          NaN,         NaN
,,,          NaN,,,,          NaN,         NaN
,,,          NaN,,,,          NaN,         NaN
,,,          NaN,,,,          NaN,         NaN
,,,          NaN,,,,          NaN,         NaN
,,,          NaN,,,,          NaN,         NaN
,,,          NaN,,,,          NaN,         NaN
,,,          NaN,,,,          NaN,         NaN
,,,          NaN,,,,          NaN,         NaN
,,,          NaN,,,,          NaN,         NaN
,,,          NaN,,,,          NaN,         NaN
,,,          NaN,,,,          NaN,         NaN
,,,          NaN,,,,          NaN,         NaN
,,,          NaN,,,,          NaN,         NaN
,,,          NaN,,,,          NaN,         NaN
,,,          NaN,,,,          NaN,         NaN
,,,          NaN,,,,          NaN,         NaN
,,,          NaN,,,,          NaN,         NaN
,,,          NaN,,,,          NaN,         NaN
,,,          NaN,,,,          NaN,         NaN
,,,          NaN,,,,          NaN,         NaN
,,,          NaN,,,,          NaN,         NaN
,,,          NaN,,,,          NaN,         NaN
,,,          NaN,,,,          NaN,         NaN
,,,          NaN,,,,          NaN,         NaN
,,,          NaN,,,,          NaN,         NaN
,,,          NaN,,,,          NaN,         NaN
,,,          NaN,,,,          NaN,         NaN
,,,          NaN,,,,          NaN,         NaN
,,,          NaN,,,,          NaN,         NaN
,,,          NaN,,,,          NaN,         NaN
,,,          NaN,,,,          NaN,         NaN
,,,          NaN,,,,          NaN,         NaN
,,,          NaN,,,,          NaN,         NaN
,,,          NaN,,,,          NaN,         NaN
,,,          NaN,,,,          NaN,         NaN
,,,          NaN,,,,          NaN,         NaN
,,,          NaN,,,,          NaN,         NaN
,,,          NaN,,,,          NaN,         NaN
,,,          NaN,,,,          NaN,         NaN
,,,          NaN,,,,          NaN,         NaN
,,,          NaN,,,,          NaN,         NaN
,,,          NaN,,,,          NaN,         NaN
,,,          NaN,,,,          NaN,         NaN
,,,          NaN,,,,          NaN,         NaN
,,,          NaN,,,,          NaN,         NaN
,,,          NaN,,,,          NaN,         NaN
,,,          NaN,,,,          NaN,         NaN
,,,          NaN,,,,          NaN,         NaN
,,,          NaN,,,,          NaN,         NaN
,,,          NaN,,,,          NaN,         NaN
,,,          NaN,,,,          NaN,         NaN
,,,          NaN,,,,          NaN,         NaN
,,,          NaN,,,,          NaN,         NaN
,,,          NaN,,,,          NaN,         NaN
,,,          NaN,,,,          NaN,         NaN
,,,          NaN,,,,          NaN,         NaN
,,,          NaN,,,,          NaN,         NaN
,,,          NaN,,,,          NaN,         NaN
,,,          NaN,,,,          NaN,         NaN
,,,          NaN,,,,          NaN,         NaN
,,,          NaN,,,,          NaN,         NaN
,,,          NaN,,,,          NaN,         NaN
,,,          NaN,,,,          NaN,         NaN
,,,          NaN,,,,          NaN,         NaN
,,,          NaN,,,,          NaN,         NaN
,,,          NaN,,,,          NaN,         NaN
,,,          NaN,,,,          NaN,         NaN
,,,          NaN,,,,          NaN,         NaN
,,,          NaN,,,,          NaN,         NaN
,,,          NaN,,,,          NaN,         NaN
,,,          NaN,,,,          NaN,         NaN
,,,          NaN,,,,          NaN,         NaN
,,,          NaN,,,,          NaN,         NaN
,,,          NaN,,,,          NaN,         NaN
,,,          NaN,,,,          NaN,         NaN
,,,          NaN,,,,          NaN,         NaN
,,,          NaN,,,,          NaN,         NaN
,,,          NaN,,,,          NaN,         NaN
,,,          NaN,,,,          NaN,         NaN
,,,          NaN,,,,          NaN,         NaN
,,,          NaN,,,,          NaN,         NaN
,,,          NaN,,,,          NaN,         NaN
,,,          NaN,,,,          NaN,         NaN
,,,          NaN,,,,          NaN,         NaN
,,,          NaN,,,,          NaN,         NaN
,,,          NaN,,,,          NaN,         NaN
,,,          NaN,,,,          NaN,         NaN
,,,          NaN,,,,          NaN,         NaN
,,,          NaN,,,,          NaN,         NaN
,,,          NaN,,,,          NaN,         NaN
,,,          NaN,,,,          NaN,         NaN
,,,          NaN,,,,          NaN,         NaN
,,,          NaN,,,,          NaN,         NaN
,,,          NaN,,,,          NaN,         NaN
,,,          NaN,,,,          NaN,         NaN
,,,          NaN,,,,          NaN,         NaN
,,,          NaN,,,,          NaN,         NaN
,,,          NaN,,,,          NaN,         NaN
,,,          NaN,,,,          NaN,         NaN
,,,          NaN,,,,          NaN,         NaN
,,,          NaN,,,,          NaN,         NaN
,,,          NaN,,,,          NaN,         NaN
,,,          NaN,,,,          NaN,         NaN
,,,          NaN,,,,          NaN,         NaN
,,,          NaN,,,,          NaN,         NaN
,,,          NaN,,,,          NaN,         NaN
,,,          NaN,,,,          NaN,         NaN
,,,          NaN,,,,          NaN,         NaN
,,,          NaN,,,,          NaN,         NaN
,,,          NaN,,,,          NaN,         NaN
,,,          NaN,,,,          NaN,         NaN
,,,          NaN,,,,          NaN,         NaN
,,,          NaN,,,,          NaN,         NaN
,,,          NaN,,,,          NaN,         NaN
,,,          NaN,,,,          NaN,         NaN
,,,          NaN,,,,          NaN,         NaN
,,,          NaN,,,,          NaN,         NaN
,,,          NaN,,,,          NaN,         NaN
,,,          NaN,,,,          NaN,         NaN
,,,          NaN,,,,          NaN,         NaN
,,,          NaN,,,,          NaN,         NaN
,,,          NaN,,,,          NaN,         NaN
,,,          NaN,,,,          NaN,         NaN
,,,          NaN,,,,          NaN,         NaN
,,,          NaN,,,,          NaN,         NaN
,,,          NaN,,,,          NaN,         NaN
,,,          NaN,,,,          NaN,         NaN
,,,          NaN,,,,          NaN,         NaN
,,,          NaN,,,,          NaN,         NaN
,,,          NaN,,,,          NaN,         NaN
,,,          NaN,,,,          NaN,         NaN
,,,          NaN,,,,          NaN,         NaN
,,,          NaN,,,,          NaN,         NaN
,,,          NaN,,,,          NaN,         NaN
,,,          NaN,,,,          NaN,         NaN
,,,          NaN,,,,          NaN,         NaN
,,,          NaN,,,,          NaN,         NaN
,,,          NaN,,,,          NaN,         NaN
,,,          NaN,,,,          NaN,         NaN
,,,          NaN,,,,          NaN,         NaN
,,,          NaN,,,,          NaN,         NaN
,,,          NaN,,,,          NaN,         NaN
,,,          NaN,,,,          NaN,         NaN
,,,          NaN,,,,          NaN,         NaN
,,,          NaN,,,,          NaN,         NaN
,,,          NaN,,,,          NaN,         NaN
,,,          NaN,,,,          NaN,         NaN
,,,          NaN,,,,          NaN,         NaN
,,,          NaN,,,,          NaN,         NaN
,,,          NaN,,,,          NaN,         NaN
,,,          NaN,,,,          NaN,         NaN
,,,          NaN,,,,          NaN,         NaN
,,,          NaN,,,,          NaN,         NaN
,,,          NaN,,,,          NaN,         NaN
,,,          NaN,,,,          NaN,         NaN
,,,          NaN,,,,          NaN,         NaN
,,,          NaN,,,,          NaN,         NaN
,,,          NaN,,,,          NaN,         NaN
,,,          NaN,,,,          NaN,         NaN
,,,          NaN,,,,          NaN,         NaN
,,,          NaN,,,,          NaN,         NaN
,,,          NaN,,,,          NaN,         NaN
,,,          NaN,,,,          NaN,         NaN
,,,          NaN,,,,          NaN,         NaN
,,,          NaN,,,,          NaN,         NaN
,,,          NaN,,,,          NaN,         NaN
,,,          NaN,,,,          NaN,         NaN
,,,          NaN,,,,          NaN,         NaN
,,,          NaN,,,,          NaN,         NaN
,,,          NaN,,,,          NaN,         NaN
,,,          NaN,,,,          NaN,         NaN
,,,          NaN,,,,          NaN,         NaN
,,,          NaN,,,,          NaN,         NaN
,,,          NaN,,,,          NaN,         NaN
,,,          NaN,,,,          NaN,         NaN
,,,          NaN,,,,          NaN,         NaN
,,,          NaN,,,,          NaN,         NaN
,,,          NaN,,,,          NaN,         NaN
,,,          NaN,,,,          NaN,         NaN
,,,          NaN,,,,          NaN,         NaN
,,,          NaN,,,,          NaN,         NaN
,,,          NaN,,,,          NaN,         NaN
,,,          NaN,,,,          NaN,         NaN
,,,          NaN,,,,          NaN,         NaN
,,,          NaN,,,,          NaN,         NaN
,,,          NaN,,,,          NaN,         NaN
,,,          NaN,,,,          NaN,         NaN
,,,          NaN,,,,          NaN,         NaN
,,,          NaN,,,,          NaN,         NaN
,,,          NaN,,,,          NaN,         NaN
,,,          NaN,,,,          NaN,         NaN
,,,          NaN,,,,          NaN,         NaN
,,,          NaN,,,,          NaN,         NaN
,,,          NaN,,,,          NaN,         NaN
,,,          NaN,,,,          NaN,         NaN
,,,          NaN,,,,          NaN,         NaN
,,,          NaN,,,,          NaN,         NaN
,,,          NaN,,,,          NaN,         NaN
,,,          NaN,,,,          NaN,         NaN
,,,          NaN,,,,          NaN,         NaN
,,,          NaN,,,,          NaN,         NaN
,,,          NaN,,,,          NaN,         NaN
,,,          NaN,,,,          NaN,         NaN
,,,          NaN,,,,          NaN,         NaN
,,,          NaN,,,,          NaN,         NaN
,,,          NaN,,,,          NaN,         NaN
,,,          NaN,,,,          NaN,         NaN
,,,          NaN,,,,          NaN,         NaN
,,,          NaN,,,,          NaN,         NaN
,,,          NaN,,,,          NaN,         NaN
,,,          NaN,,,,          NaN,         NaN
,,,          NaN,,,,          NaN,         NaN
,,,          NaN,,,,          NaN,         NaN
,,,          NaN,,,,          NaN,         NaN
,,,          NaN,,,,          NaN,         NaN
,,,          NaN,,,,          NaN,         NaN
,,,          NaN,,,,          NaN,         NaN
,,,          NaN,,,,          NaN,         NaN
,,,          NaN,,,,          NaN,         NaN
,,,          NaN,,,,          NaN,         NaN
,,,          NaN,,,,          NaN,         NaN
,,,          NaN,,,,          NaN,         NaN
,,,          NaN,,,,          NaN,         NaN
,,,          NaN,,,,          NaN,         NaN
,,,          NaN,,,,          NaN,         NaN
,,,          NaN,,,,          NaN,         NaN
,,,          NaN,,,,          NaN,         NaN
,,,          NaN,,,,          NaN,         NaN
,,,          NaN,,,,          NaN,         NaN
,,,          NaN,,,,          NaN,         NaN
,,,          NaN,,,,          NaN,         NaN
,,,          NaN,,,,          NaN,         NaN
,,,          NaN,,,,          NaN,         NaN
,,,          NaN,,,,          NaN,         NaN
,,,          NaN,,,,          NaN,         NaN
,,,          NaN,,,,          NaN,         NaN
,,,          NaN,,,,          NaN,         NaN
,,,          NaN,,,,          NaN,         NaN
,,,          NaN,,,,          NaN,         NaN
,,,          NaN,,,,          NaN,         NaN
,,,          NaN,,,,          NaN,         NaN
,,,          NaN,,,,          NaN,         NaN
,,,          NaN,,,,          NaN,         NaN
,,,          NaN,,,,          NaN,         NaN
,,,          NaN,,,,          NaN,         NaN
,,,          NaN,,,,          NaN,         NaN
,,,          NaN,,,,          NaN,         NaN
,,,          NaN,,,,          NaN,         NaN
,,,          NaN,,,,          NaN,         NaN
,,,          NaN,,,,          NaN,         NaN
,,,          NaN,,,,          NaN,         NaN
,,,          NaN,,,,          NaN,         NaN
,,,          NaN,,,,          NaN,         NaN
,,,          NaN,,,,          NaN,         NaN
,,,          NaN,,,,          NaN,         NaN
,,,          NaN,,,,          NaN,         NaN
,,,          NaN,,,,          NaN,         NaN
,,,          NaN,,,,          NaN,         NaN
,,,          NaN,,,,          NaN,         NaN
,,,          NaN,,,,          NaN,         NaN
,,,          NaN,,,,          NaN,         NaN
,,,          NaN,,,,          NaN,         NaN
,,,          NaN,,,,          NaN,         NaN
,,,          NaN,,,,          NaN,         NaN
,,,          NaN,,,,          NaN,         NaN
,,,          NaN,,,,          NaN,         NaN
,,,          NaN,,,,          NaN,         NaN
,,,          NaN,,,,          NaN,         NaN
,,,          NaN,,,,          NaN,         NaN
,,,          NaN,,,,          NaN,         NaN
,,,          NaN,,,,          NaN,         NaN
,,,          NaN,,,,          NaN,         NaN
,,,          NaN,,,,          NaN,         NaN
,,,          NaN,,,,          NaN,         NaN
,,,          NaN,,,,          NaN,         NaN
,,,          NaN,,,,          NaN,         NaN
,,,          NaN,,,,          NaN,         NaN
,,,          NaN,,,,          NaN,         NaN
,,,          NaN,,,,          NaN,         NaN
,,,          NaN,,,,          NaN,         NaN
,,,          NaN,,,,          NaN,         NaN
,,,          NaN,,,,          NaN,         NaN
,,,          NaN,,,,          NaN,         NaN
,,,          NaN,,,,          NaN,         NaN
,,,          NaN,,,,          NaN,         NaN
,,,          NaN,,,,          NaN,         NaN
,,,          NaN,,,,          NaN,         NaN
,,,          NaN,,,,          NaN,         NaN
,,,          NaN,,,,          NaN,         NaN
,,,          NaN,,,,          NaN,         NaN
,,,          NaN,,,,          NaN,         NaN
,,,          NaN,,,,          NaN,         NaN
,,,          NaN,,,,          NaN,         NaN
,,,          NaN,,,,          NaN,         NaN
,,,          NaN,,,,          NaN,         NaN
,,,          NaN,,,,          NaN,         NaN
,,,          NaN,,,,          NaN,         NaN
,,,          NaN,,,,          NaN,         NaN
,,,          NaN,,,,          NaN,         NaN
,,,          NaN,,,,          NaN,         NaN
,,,          NaN,,,,          NaN,         NaN
,,,          NaN,,,,          NaN,         NaN
,,,          NaN,,,,          NaN,         NaN
,,,          NaN,,,,          NaN,         NaN
,,,          NaN,,,,          NaN,         NaN
,,,          NaN,,,,          NaN,         NaN
,,,          NaN,,,,          NaN,         NaN
,,,          NaN,,,,          NaN,         NaN
,,,          NaN,,,,          NaN,         NaN
,,,          NaN,,,,          NaN,         NaN
,,,          NaN,,,,          NaN,         NaN
,,,          NaN,,,,          NaN,         NaN
,,,          NaN,,,,          NaN,         NaN
,,,          NaN,,,,          NaN,         NaN
,,,          NaN,,,,          NaN,         NaN
,,,          NaN,,,,          NaN,         NaN
,,,          NaN,,,,          NaN,         NaN
,,,          NaN,,,,          NaN,         NaN
,,,          NaN,,,,          NaN,         NaN
,,,          NaN,,,,          NaN,         NaN
,,,          NaN,,,,          NaN,         NaN
,,,          NaN,,,,          NaN,         NaN
,,,          NaN,,,,          NaN,         NaN
,,,          NaN,,,,          NaN,         NaN
,,,          NaN,,,,          NaN,         NaN
,,,          NaN,,,,          NaN,         NaN
,,,          NaN,,,,          NaN,         NaN
,,,          NaN,,,,          NaN,         NaN
,,,          NaN,,,,          NaN,         NaN
,,,          NaN,,,,          NaN,         NaN
,,,          NaN,,,,          NaN,         NaN
,,,          NaN,,,,          NaN,         NaN
,,,          NaN,,,,          NaN,         NaN
,,,          NaN,,,,          NaN,         NaN
,,,          NaN,,,,          NaN,         NaN
,,,          NaN,,,,          NaN,         NaN
,,,          NaN,,,,          NaN,         NaN
,,,          NaN,,,,          NaN,         NaN
,,,          NaN,,,,          NaN,         NaN
,,,          NaN,,,,          NaN,         NaN
,,,          NaN,,,,          NaN,         NaN
,,,          NaN,,,,          NaN,         NaN
,,,          NaN,,,,          NaN,         NaN
,,,          NaN,,,,          NaN,         NaN
,,,          NaN,,,,          NaN,         NaN
,,,          NaN,,,,          NaN,         NaN
,,,          NaN,,,,          NaN,         NaN
,,,          NaN,,,,          NaN,         NaN
,,,          NaN,,,,          NaN,         NaN
,,,          NaN,,,,          NaN,         NaN
,,,          NaN,,,,          NaN,         NaN
,,,          NaN,,,,          NaN,         NaN
,,,          NaN,,,,          NaN,         NaN
,,,          NaN,,,,          NaN,         NaN
,,,          NaN,,,,          NaN,         NaN
,,,          NaN,,,,          NaN,         NaN
,,,          NaN,,,,          NaN,         NaN
,,,          NaN,,,,          NaN,         NaN
,,,          NaN,,,,          NaN,         NaN
,,,          NaN,,,,          NaN,         NaN
,,,          NaN,,,,          NaN,         NaN
,,,          NaN,,,,          NaN,         NaN
,,,          NaN,,,,          NaN,         NaN
,,,          NaN,,,,          NaN,         NaN
,,,          NaN,,,,          NaN,         NaN
,,,          NaN,,,,          NaN,         NaN
,,,          NaN,,,,          NaN,         NaN
,,,          NaN,,,,          NaN,         NaN
,,,          NaN,,,,          NaN,         NaN
,,,          NaN,,,,          NaN,         NaN
,,,          NaN,,,,          NaN,         NaN
,,,          NaN,,,,          NaN,         NaN
,,,          NaN,,,,          NaN,         NaN
,,,          NaN,,,,          NaN,         NaN
,,,          NaN,,,,          NaN,         NaN
,,,          NaN,,,,          NaN,         NaN
,,,          NaN,,,,          NaN,         NaN
,,,          NaN,,,,          NaN,         NaN
,,,          NaN,,,,          NaN,         NaN
,,,          NaN,,,,          NaN,         NaN
,,,          NaN,,,,          NaN,         NaN
,,,          NaN,,,,          NaN,         NaN
,,,          NaN,,,,          NaN,         NaN
,,,          NaN,,,,          NaN,         NaN
,,,          NaN,,,,          NaN,         NaN
,,,          NaN,,,,          NaN,         NaN
,,,          NaN,,,,          NaN,         NaN
,,,          NaN,,,,          NaN,         NaN
,,,          NaN,,,,          NaN,         NaN
,,,          NaN,,,,          NaN,         NaN
,,,          NaN,,,,          NaN,         NaN
,,,          NaN,,,,          NaN,         NaN
,,,          NaN,,,,          NaN,         NaN
,,,          NaN,,,,          NaN,         NaN
,,,          NaN,,,,          NaN,         NaN
,,,          NaN,,,,          NaN,         NaN
,,,          NaN,,,,          NaN,         NaN
,,,          NaN,,,,          NaN,         NaN
,,,          NaN,,,,          NaN,         NaN
,,,          NaN,,,,          NaN,         NaN
,,,          NaN,,,,          NaN,         NaN
,,,          NaN,,,,          NaN,         NaN
,,,          NaN,,,,          NaN,         NaN
,,,          NaN,,,,          NaN,         NaN
,,,          NaN,,,,          NaN,         NaN
,,,          NaN,,,,          NaN,         NaN
,,,          NaN,,,,          NaN,         NaN
,,,          NaN,,,,          NaN,         NaN
,,,          NaN,,,,          NaN,         NaN
,,,          NaN,,,,          NaN,         NaN
,,,          NaN,,,,          NaN,         NaN
,,,          NaN,,,,          NaN,         NaN
,,,          NaN,,,,          NaN,         NaN
,,,          NaN,,,,          NaN,         NaN
,,,          NaN,,,,          NaN,         NaN
,,,          NaN,,,,          NaN,         NaN
,,,          NaN,,,,          NaN,         NaN
,,,          NaN,,,,          NaN,         NaN
,,,          NaN,,,,          NaN,         NaN
,,,          NaN,,,,          NaN,         NaN
,,,          NaN,,,,          NaN,         NaN
,,,          NaN,,,,          NaN,         NaN
,,,          NaN,,,,          NaN,         NaN
,,,          NaN,,,,          NaN,         NaN
,,,          NaN,,,,          NaN,         NaN
,,,          NaN,,,,          NaN,         NaN
,,,          NaN,,,,          NaN,         NaN
,,,          NaN,,,,          NaN,         NaN
,,,          NaN,,,,          NaN,         NaN
,,,          NaN,,,,          NaN,         NaN
,,,          NaN,,,,          NaN,         NaN
,,,          NaN,,,,          NaN,         NaN
,,,          NaN,,,,          NaN,         NaN
,,,          NaN,,,,          NaN,         NaN
,,,          NaN,,,,          NaN,         NaN
,,,          NaN,,,,          NaN,         NaN
,,,          NaN,,,,          NaN,         NaN
,,,          NaN,,,,          NaN,         NaN
,,,          NaN,,,,          NaN,         NaN
,,,          NaN,,,,          NaN,         NaN
,,,          NaN,,,,          NaN,         NaN
,,,          NaN,,,,          NaN,         NaN
,,,          NaN,,,,          NaN,         NaN
,,,          NaN,,,,          NaN,         NaN
,,,          NaN,,,,          NaN,         NaN
,,,          NaN,,,,          NaN,         NaN
,,,          NaN,,,,          NaN,         NaN
,,,          NaN,,,,          NaN,         NaN
,,,          NaN,,,,          NaN,         NaN
,,,          NaN,,,,          NaN,         NaN
,,,          NaN,,,,          NaN,         NaN
,,,          NaN,,,,          NaN,         NaN
,,,          NaN,,,,          NaN,         NaN
,,,          NaN,,,,          NaN,         NaN
,,,          NaN,,,,          NaN,         NaN
,,,          NaN,,,,          NaN,         NaN
,,,          NaN,,,,          NaN,         NaN
,,,          NaN,,,,          NaN,         NaN
,,,          NaN,,,,          NaN,         NaN
,,,          NaN,,,,          NaN,         NaN
,,,          NaN,,,,          NaN,         NaN
,,,          NaN,,,,          NaN,         NaN
,,,          NaN,,,,          NaN,         NaN
,,,          NaN,,,,          NaN,         NaN
,,,          NaN,,,,          NaN,         NaN
,,,          NaN,,,,          NaN,         NaN
,,,          NaN,,,,          NaN,         NaN
,,,          NaN,,,,          NaN,         NaN
,,,          NaN,,,,          NaN,         NaN
,,,          NaN,,,,          NaN,         NaN
,,,          NaN,,,,          NaN,         NaN
,,,          NaN,,,,          NaN,         NaN
,,,          NaN,,,,          NaN,         NaN
,,,          NaN,,,,          NaN,         NaN
,,,          NaN,,,,          NaN,         NaN
,,,          NaN,,,,          NaN,         NaN
,,,          NaN,,,,          NaN,         NaN
,,,          NaN,,,,          NaN,         NaN
,,,          NaN,,,,          NaN,         NaN
,,,          NaN,,,,          NaN,         NaN
,,,          NaN,,,,          NaN,         NaN
,,,          NaN,,,,          NaN,         NaN
,,,          NaN,,,,          NaN,         NaN
,,,          NaN,,,,          NaN,         NaN
,,,          NaN,,,,          NaN,         NaN
,,,          NaN,,,,          NaN,         NaN
,,,          NaN,,,,          NaN,         NaN
,,,          NaN,,,,          NaN,         NaN
,,,          NaN,,,,          NaN,         NaN
,,,          NaN,,,,          NaN,         NaN
,,,          NaN,,,,          NaN,         NaN
,,,          NaN,,,,          NaN,         NaN
,,,          NaN,,,,          NaN,         NaN
,,,          NaN,,,,          NaN,         NaN
,,,          NaN,,,,          NaN,         NaN
,,,          NaN,,,,          NaN,         NaN
,,,          NaN,,,,          NaN,         NaN
,,,          NaN,,,,          NaN,         NaN
,,,          NaN,,,,          NaN,         NaN
,,,          NaN,,,,          NaN,         NaN
,,,          NaN,,,,          NaN,         NaN
,,,          NaN,,,,          NaN,         NaN
,,,          NaN,,,,          NaN,         NaN
,,,          NaN,,,,          NaN,         NaN
,,,          NaN,,,,          NaN,         NaN
,,,          NaN,,,,          NaN,         NaN
,,,          NaN,,,,          NaN,         NaN
,,,          NaN,,,,          NaN,         NaN
,,,          NaN,,,,          NaN,         NaN
,,,          NaN,,,,          NaN,         NaN
,,,          NaN,,,,          NaN,         NaN
,,,          NaN,,,,          NaN,         NaN
,,,          NaN,,,,          NaN,         NaN
,,,          NaN,,,,          NaN,         NaN
,,,          NaN,,,,          NaN,         NaN
,,,          NaN,,,,          NaN,         NaN
,,,          NaN,,,,          NaN,         NaN
,,,          NaN,,,,          NaN,         NaN
,,,          NaN,,,,          NaN,         NaN
,,,          NaN,,,,          NaN,         NaN
,,,          NaN,,,,          NaN,         NaN
,,,          NaN,,,,          NaN,         NaN
,,,          NaN,,,,          NaN,         NaN
,,,          NaN,,,,          NaN,         NaN
,,,          NaN,,,,          NaN,         NaN
,,,          NaN,,,,          NaN,         NaN
,,,          NaN,,,,          NaN,         NaN
,,,          NaN,,,,          NaN,         NaN
,,,          NaN,,,,          NaN,         NaN
,,,          NaN,,,,          NaN,         NaN
,,,          NaN,,,,          NaN,         NaN
,,,          NaN,,,,          NaN,         NaN
,,,          NaN,,,,          NaN,         NaN
,,,          NaN,,,,          NaN,         NaN
,,,          NaN,,,,          NaN,         NaN
,,,          NaN,,,,          NaN,         NaN
,,,          NaN,,,,          NaN,         NaN
,,,          NaN,,,,          NaN,         NaN
,,,          NaN,,,,          NaN,         NaN
,,,          NaN,,,,          NaN,         NaN
,,,          NaN,,,,          NaN,         NaN
,,,          NaN,,,,          NaN,         NaN
,,,          NaN,,,,          NaN,         NaN
,,,          NaN,,,,          NaN,         NaN
,,,          NaN,,,,          NaN,         NaN
,,,          NaN,,,,          NaN,         NaN
,,,          NaN,,,,          NaN,         NaN
,,,          NaN,,,,          NaN,         NaN
,,,          NaN,,,,          NaN,         NaN
,,,          NaN,,,,          NaN,         NaN
,,,          NaN,,,,          NaN,         NaN
,,,          NaN,,,,          NaN,         NaN
,,,          NaN,,,,          NaN,         NaN
,,,          NaN,,,,          NaN,         NaN
,,,          NaN,,,,          NaN,         NaN
,,,          NaN,,,,          NaN,         NaN
,,,          NaN,,,,          NaN,         NaN
,,,          NaN,,,,          NaN,         NaN
,,,          NaN,,,,          NaN,         NaN
,,,          NaN,,,,          NaN,         NaN
,,,          NaN,,,,          NaN,         NaN
,,,          NaN,,,,          NaN,         NaN
,,,          NaN,,,,          NaN,         NaN
,,,          NaN,,,,          NaN,         NaN
,,,          NaN,,,,          NaN,         NaN
,,,          NaN,,,,          NaN,         NaN
,,,          NaN,,,,          NaN,         NaN
,,,          NaN,,,,          NaN,         NaN
,,,          NaN,,,,          NaN,         NaN
,,,          NaN,,,,          NaN,         NaN
,,,          NaN,,,,          NaN,         NaN
,,,          NaN,,,,          NaN,         NaN
,,,          NaN,,,,          NaN,         NaN
,,,          NaN,,,,          NaN,         NaN
,,,          NaN,,,,          NaN,         NaN
,,,          NaN,,,,          NaN,         NaN
,,,          NaN,,,,          NaN,         NaN
,,,          NaN,,,,          NaN,         NaN
,,,          NaN,,,,          NaN,         NaN
,,,          NaN,,,,          NaN,         NaN
,,,          NaN,,,,          NaN,         NaN
,,,          NaN,,,,          NaN,         NaN
,,,          NaN,,,,          NaN,         NaN
,,,          NaN,,,,          NaN,         NaN
,,,          NaN,,,,          NaN,         NaN
,,,          NaN,,,,          NaN,         NaN
,,,          NaN,,,,          NaN,         NaN
,,,          NaN,,,,          NaN,         NaN
,,,          NaN,,,,          NaN,         NaN
,,,          NaN,,,,          NaN,         NaN
,,,          NaN,,,,          NaN,         NaN
,,,          NaN,,,,          NaN,         NaN
,,,          NaN,,,,          NaN,         NaN
,,,          NaN,,,,          NaN,         NaN
,,,          NaN,,,,          NaN,         NaN
,,,          NaN,,,,          NaN,         NaN
,,,          NaN,,,,          NaN,         NaN
,,,          NaN,,,,          NaN,         NaN
,,,          NaN,,,,          NaN,         NaN
,,,          NaN,,,,          NaN,         NaN
,,,          NaN,,,,          NaN,         NaN
,,,          NaN,,,,          NaN,         NaN
,,,          NaN,,,,          NaN,         NaN
,,,          NaN,,,,          NaN,         NaN
,,,          NaN,,,,          NaN,         NaN
,,,          NaN,,,,          NaN,         NaN
,,,          NaN,,,,          NaN,         NaN
,,,          NaN,,,,          NaN,         NaN
,,,          NaN,,,,          NaN,         NaN
,,,          NaN,,,,          NaN,         NaN
,,,          NaN,,,,          NaN,         NaN
,,,          NaN,,,,          NaN,         NaN
,,,          NaN,,,,          NaN,         NaN
,,,          NaN,,,,          NaN,         NaN
,,,          NaN,,,,          NaN,         NaN
,,,          NaN,,,,          NaN,         NaN
,,,          NaN,,,,          NaN,         NaN
,,,          NaN,,,,          NaN,         NaN
,,,          NaN,,,,          NaN,         NaN
,,,          NaN,,,,          NaN,         NaN
,,,          NaN,,,,          NaN,         NaN
,,,          NaN,,,,          NaN,         NaN
,,,          NaN,,,,          NaN,         NaN
,,,          NaN,,,,          NaN,         NaN
,,,          NaN,,,,          NaN,         NaN
,,,          NaN,,,,          NaN,         NaN
,,,          NaN,,,,          NaN,         NaN
,,,          NaN,,,,          NaN,         NaN
,,,          NaN,,,,          NaN,         NaN
,,,          NaN,,,,          NaN,         NaN
,,,          NaN,,,,          NaN,         NaN
,,,          NaN,,,,          NaN,         NaN
,,,          NaN,,,,          NaN,         NaN
,,,          NaN,,,,          NaN,         NaN
,,,          NaN,,,,          NaN,         NaN
,,,          NaN,,,,          NaN,         NaN
,,,          NaN,,,,          NaN,         NaN
,,,          NaN,,,,          NaN,         NaN
,,,          NaN,,,,          NaN,         NaN
,,,          NaN,,,,          NaN,         NaN
,,,          NaN,,,,          NaN,         NaN
,,,          NaN,,,,          NaN,         NaN
,,,          NaN,,,,          NaN,         NaN
,,,          NaN,,,,          NaN,         NaN
,,,          NaN,,,,          NaN,         NaN
,,,          NaN,,,,          NaN,         NaN
,,,          NaN,,,,          NaN,         NaN
,,,          NaN,,,,          NaN,         NaN
,,,          NaN,,,,          NaN,         NaN
,,,          NaN,,,,          NaN,         NaN
,,,          NaN,,,,          NaN,         NaN
,,,          NaN,,,,          NaN,         NaN
,,,          NaN,,,,          NaN,         NaN
,,,          NaN,,,,          NaN,         NaN
,,,          NaN,,,,          NaN,         NaN
,,,          NaN,,,,          NaN,         NaN
,,,          NaN,,,,          NaN,         NaN
,,,          NaN,,,,          NaN,         NaN
,,,          NaN,,,,          NaN,         NaN
,,,          NaN,,,,          NaN,         NaN
,,,          NaN,,,,          NaN,         NaN
,,,          NaN,,,,          NaN,         NaN
,,,          NaN,,,,          NaN,         NaN
,,,          NaN,,,,          NaN,         NaN
,,,          NaN,,,,          NaN,         NaN
,,,          NaN,,,,          NaN,         NaN
,,,          NaN,,,,          NaN,         NaN
,,,          NaN,,,,          NaN,         NaN
,,,          NaN,,,,          NaN,         NaN
,,,          NaN,,,,          NaN,         NaN
,,,          NaN,,,,          NaN,         NaN
,,,          NaN,,,,          NaN,         NaN
,,,          NaN,,,,          NaN,         NaN
,,,          NaN,,,,          NaN,         NaN
,,,          NaN,,,,          NaN,         NaN
,,,          NaN,,,,          NaN,         NaN
,,,          NaN,,,,          NaN,         NaN
,,,          NaN,,,,          NaN,         NaN
,,,          NaN,,,,          NaN,         NaN
,,,          NaN,,,,          NaN,         NaN
,,,          NaN,,,,          NaN,         NaN
,,,          NaN,,,,          NaN,         NaN
,,,          NaN,,,,          NaN,         NaN
,,,          NaN,,,,          NaN,         NaN
,,,          NaN,,,,          NaN,         NaN
,,,          NaN,,,,          NaN,         NaN
,,,          NaN,,,,          NaN,         NaN
,,,          NaN,,,,          NaN,         NaN
,,,          NaN,,,,          NaN,         NaN
,,,          NaN,,,,          NaN,         NaN
,,,          NaN,,,,          NaN,         NaN
,,,          NaN,,,,          NaN,         NaN
,,,          NaN,,,,          NaN,         NaN
,,,          NaN,,,,          NaN,         NaN
,,,          NaN,,,,          NaN,         NaN
,,,          NaN,,,,          NaN,         NaN
,,,          NaN,,,,          NaN,         NaN
,,,          NaN,,,,          NaN,         NaN
,,,          NaN,,,,          NaN,         NaN
,,,          NaN,,,,          NaN,         NaN
,,,          NaN,,,,          NaN,         NaN
,,,          NaN,,,,          NaN,         NaN
,,,          NaN,,,,          NaN,         NaN
,,,          NaN,,,,          NaN,         NaN
,,,          NaN,,,,          NaN,         NaN
,,,          NaN,,,,          NaN,         NaN
,,,          NaN,,,,          NaN,         NaN
,,,          NaN,,,,          NaN,         NaN
,,,          NaN,,,,          NaN,         NaN
,,,          NaN,,,,          NaN,         NaN
,,,          NaN,,,,          NaN,         NaN
,,,          NaN,,,,          NaN,         NaN
,,,          NaN,,,,          NaN,         NaN
,,,          NaN,,,,          NaN,         NaN
,,,          NaN,,,,          NaN,         NaN
,,,          NaN,,,,          NaN,         NaN
,,,          NaN,,,,          NaN,         NaN
,,,          NaN,,,,          NaN,         NaN
,,,          NaN,,,,          NaN,         NaN
,,,          NaN,,,,          NaN,         NaN
,,,          NaN,,,,          NaN,         NaN
,,,          NaN,,,,          NaN,         NaN
,,,          NaN,,,,          NaN,         NaN
,,,          NaN,,,,          NaN,         NaN
,,,          NaN,,,,          NaN,         NaN
,,,          NaN,,,,          NaN,         NaN
,,,          NaN,,,,          NaN,         NaN
,,,          NaN,,,,          NaN,         NaN
,,,          NaN,,,,          NaN,         NaN
,,,          NaN,,,,          NaN,         NaN
,,,          NaN,,,,          NaN,         NaN
,,,          NaN,,,,          NaN,         NaN
,,,          NaN,,,,          NaN,         NaN
,,,          NaN,,,,          NaN,         NaN
,,,          NaN,,,,          NaN,         NaN
,,,          NaN,,,,          NaN,         NaN
,,,          NaN,,,,          NaN,         NaN
,,,          NaN,,,,          NaN,         NaN
,,,          NaN,,,,          NaN,         NaN
,,,          NaN,,,,          NaN,         NaN
,,,          NaN,,,,          NaN,         NaN
,,,          NaN,,,,          NaN,         NaN
,,,          NaN,,,,          NaN,         NaN
,,,          NaN,,,,          NaN,         NaN
,,,          NaN,,,,          NaN,         NaN
,,,          NaN,,,,          NaN,         NaN
,,,          NaN,,,,          NaN,         NaN
,,,          NaN,,,,          NaN,         NaN
,,,          NaN,,,,          NaN,         NaN
,,,          NaN,,,,          NaN,         NaN
,,,          NaN,,,,          NaN,         NaN
,,,          NaN,,,,          NaN,         NaN
,,,          NaN,,,,          NaN,         NaN
,,,          NaN,,,,          NaN,         NaN
,,,          NaN,,,,          NaN,         NaN
,,,          NaN,,,,          NaN,         NaN
,,,          NaN,,,,          NaN,         NaN
,,,          NaN,,,,          NaN,         NaN
,,,          NaN,,,,          NaN,         NaN
,,,          NaN,,,,          NaN,         NaN
,,,          NaN,,,,          NaN,         NaN
,,,          NaN,,,,          NaN,         NaN
,,,          NaN,,,,          NaN,         NaN
,,,          NaN,,,,          NaN,         NaN
,,,          NaN,,,,          NaN,         NaN
,,,          NaN,,,,          NaN,         NaN
,,,          NaN,,,,          NaN,         NaN
,,,          NaN,,,,          NaN,         NaN
,,,          NaN,,,,          NaN,         NaN
,,,          NaN,,,,          NaN,         NaN
,,,          NaN,,,,          NaN,         NaN
,,,          NaN,,,,          NaN,         NaN
,,,          NaN,,,,          NaN,         NaN
,,,          NaN,,,,          NaN,         NaN
,,,          NaN,,,,          NaN,         NaN
,,,          NaN,,,,          NaN,         NaN
,,,          NaN,,,,          NaN,         NaN
,,,          NaN,,,,          NaN,         NaN
,,,          NaN,,,,          NaN,         NaN
,,,          NaN,,,,          NaN,         NaN
,,,          NaN,,,,          NaN,         NaN
,,,          NaN,,,,          NaN,         NaN
,,,          NaN,,,,          NaN,         NaN
,,,          NaN,,,,          NaN,         NaN
,,,          NaN,,,,          NaN,         NaN
,,,          NaN,,,,          NaN,         NaN
,,,          NaN,,,,          NaN,         NaN
,,,          NaN,,,,          NaN,         NaN
,,,          NaN,,,,          NaN,         NaN
,,,          NaN,,,,          NaN,         NaN
,,,          NaN,,,,          NaN,         NaN
,,,          NaN,,,,          NaN,         NaN
,,,          NaN,,,,          NaN,         NaN
,,,          NaN,,,,          NaN,         NaN
,,,          NaN,,,,          NaN,         NaN
,,,          NaN,,,,          NaN,         NaN
,,,          NaN,,,,          NaN,         NaN
,,,          NaN,,,,          NaN,         NaN
,,,          NaN,,,,          NaN,         NaN
,,,          NaN,,,,          NaN,         NaN
,,,          NaN,,,,          NaN,         NaN
,,,          NaN,,,,          NaN,         NaN
,,,          NaN,,,,          NaN,         NaN
,,,          NaN,,,,          NaN,         NaN
,,,          NaN,,,,          NaN,         NaN
,,,          NaN,,,,          NaN,         NaN
,,,          NaN,,,,          NaN,         NaN
,,,          NaN,,,,          NaN,         NaN
,,,          NaN,,,,          NaN,         NaN
,,,          NaN,,,,          NaN,         NaN
,,,          NaN,,,,          NaN,         NaN
,,,          NaN,,,,          NaN,         NaN
,,,          NaN,,,,          NaN,         NaN
,,,          NaN,,,,          NaN,         NaN
,,,          NaN,,,,          NaN,         NaN
,,,          NaN,,,,          NaN,         NaN
,,,          NaN,,,,          NaN,         NaN
,,,          NaN,,,,          NaN,         NaN
,,,          NaN,,,,          NaN,         NaN
,,,          NaN,,,,          NaN,         NaN
,,,          NaN,,,,          NaN,         NaN
,,,          NaN,,,,          NaN,         NaN
,,,          NaN,,,,          NaN,         NaN
,,,          NaN,,,,          NaN,         NaN
,,,          NaN,,,,          NaN,         NaN
,,,          NaN,,,,          NaN,         NaN
,,,          NaN,,,,          NaN,         NaN
,,,          NaN,,,,          NaN,         NaN
,,,          NaN,,,,          NaN,         NaN
,,,          NaN,,,,          NaN,         NaN
,,,          NaN,,,,          NaN,         NaN
,,,          NaN,,,,          NaN,         NaN
,,,          NaN,,,,          NaN,         NaN
,,,          NaN,,,,          NaN,         NaN
,,,          NaN,,,,          NaN,         NaN
,,,          NaN,,,,          NaN,         NaN
,,,          NaN,,,,          NaN,         NaN
,,,          NaN,,,,          NaN,         NaN
,,,          NaN,,,,          NaN,         NaN
,,,          NaN,,,,          NaN,         NaN
,,,          NaN,,,,          NaN,         NaN
,,,          NaN,,,,          NaN,         NaN
,,,          NaN,,,,          NaN,         NaN
,,,          NaN,,,,          NaN,         NaN
,,,          NaN,,,,          NaN,         NaN
,,,          NaN,,,,          NaN,         NaN
,,,          NaN,,,,          NaN,         NaN
,,,          NaN,,,,          NaN,         NaN
,,,          NaN,,,,          NaN,         NaN
,,,          NaN,,,,          NaN,         NaN
,,,          NaN,,,,          NaN,         NaN
,,,          NaN,,,,          NaN,         NaN
,,,          NaN,,,,          NaN,         NaN
,,,          NaN,,,,          NaN,         NaN
,,,          NaN,,,,          NaN,         NaN
,,,          NaN,,,,          NaN,         NaN
,,,          NaN,,,,          NaN,         NaN
,,,          NaN,,,,          NaN,         NaN
,,,          NaN,,,,          NaN,         NaN
,,,          NaN,,,,          NaN,         NaN
,,,          NaN,,,,          NaN,         NaN
,,,          NaN,,,,          NaN,         NaN
,,,          NaN,,,,          NaN,         NaN
,,,          NaN,,,,          NaN,         NaN
,,,          NaN,,,,          NaN,         NaN
,,,          NaN,,,,          NaN,         NaN
,,,          NaN,,,,          NaN,         NaN
,,,          NaN,,,,          NaN,         NaN
,,,          NaN,,,,          NaN,         NaN
,,,          NaN,,,,          NaN,         NaN
,,,          NaN,,,,          NaN,         NaN
,,,          NaN,,,,          NaN,         NaN
,,,          NaN,,,,          NaN,         NaN
,,,          NaN,,,,          NaN,         NaN
,,,          NaN,,,,          NaN,         NaN
,,,          NaN,,,,          NaN,         NaN
,,,          NaN,,,,          NaN,         NaN
,,,          NaN,,,,          NaN,         NaN
,,,          NaN,,,,          NaN,         NaN
,,,          NaN,,,,          NaN,         NaN
,,,          NaN,,,,          NaN,         NaN
,,,          NaN,,,,          NaN,         NaN
,,,          NaN,,,,          NaN,         NaN
,,,          NaN,,,,          NaN,         NaN
,,,          NaN,,,,          NaN,         NaN
,,,          NaN,,,,          NaN,         NaN
,,,          NaN,,,,          NaN,         NaN
,,,          NaN,,,,          NaN,         NaN
,,,          NaN,,,,          NaN,         NaN
,,,          NaN,,,,          NaN,         NaN
,,,          NaN,,,,          NaN,         NaN
,,,          NaN,,,,          NaN,         NaN
,,,          NaN,,,,          NaN,         NaN
,,,          NaN,,,,          NaN,         NaN
,,,          NaN,,,,          NaN,         NaN
,,,          NaN,,,,          NaN,         NaN
,,,          NaN,,,,          NaN,         NaN
,,,          NaN,,,,          NaN,         NaN
,,,          NaN,,,,          NaN,         NaN
,,,          NaN,,,,          NaN,         NaN
,,,          NaN,,,,          NaN,         NaN
,,,          NaN,,,,          NaN,         NaN
,,,          NaN,,,,          NaN,         NaN
,,,          NaN,,,,          NaN,         NaN
,,,          NaN,,,,          NaN,         NaN
,,,          NaN,,,,          NaN,         NaN
,,,          NaN,,,,          NaN,         NaN
,,,          NaN,,,,          NaN,         NaN
,,,          NaN,,,,          NaN,         NaN
,,,          NaN,,,,          NaN,         NaN
,,,          NaN,,,,          NaN,         NaN
,,,          NaN,,,,          NaN,         NaN
,,,          NaN,,,,          NaN,         NaN
,,,          NaN,,,,          NaN,         NaN
,,,          NaN,,,,          NaN,         NaN
,,,          NaN,,,,          NaN,         NaN
,,,          NaN,,,,          NaN,         NaN
,,,          NaN,,,,          NaN,         NaN
,,,          NaN,,,,          NaN,         NaN
,,,          NaN,,,,          NaN,         NaN
,,,          NaN,,,,          NaN,         NaN
,,,          NaN,,,,          NaN,         NaN
,,,          NaN,,,,          NaN,         NaN
,,,          NaN,,,,          NaN,         NaN
,,,          NaN,,,,          NaN,         NaN
,,,          NaN,,,,          NaN,         NaN
,,,          NaN,,,,          NaN,         NaN
,,,          NaN,,,,          NaN,         NaN
,,,          NaN,,,,          NaN,         NaN
,,,          NaN,,,,          NaN,         NaN
,,,          NaN,,,,          NaN,         NaN
,,,          NaN,,,,          NaN,         NaN
,,,          NaN,,,,          NaN,         NaN
,,,          NaN,,,,          NaN,         NaN
,,,          NaN,,,,          NaN,         NaN
,,,          NaN,,,,          NaN,         NaN
,,,          NaN,,,,          NaN,         NaN
,,,          NaN,,,,          NaN,         NaN
,,,          NaN,,,,          NaN,         NaN
,,,          NaN,,,,          NaN,         NaN
,,,          NaN,,,,          NaN,         NaN
,,,          NaN,,,,          NaN,         NaN
,,,          NaN,,,,          NaN,         NaN
,,,          NaN,,,,          NaN,         NaN
,,,          NaN,,,,          NaN,         NaN
,,,          NaN,,,,          NaN,         NaN
,,,          NaN,,,,          NaN,         NaN
,,,          NaN,,,,          NaN,         NaN
,,,          NaN,,,,          NaN,         NaN
,,,          NaN,,,,          NaN,         NaN
,,,          NaN,,,,          NaN,         NaN
,,,          NaN,,,,          NaN,         NaN
,,,          NaN,,,,          NaN,         NaN
,,,          NaN,,,,          NaN,         NaN
,,,          NaN,,,,          NaN,         NaN
,,,          NaN,,,,          NaN,         NaN
,,,          NaN,,,,          NaN,         NaN
,,,          NaN,,,,          NaN,         NaN
,,,          NaN,,,,          NaN,         NaN
,,,          NaN,,,,          NaN,         NaN
,,,          NaN,,,,          NaN,         NaN
,,,          NaN,,,,          NaN,         NaN
,,,          NaN,,,,          NaN,         NaN
,,,          NaN,,,,          NaN,         NaN
,,,          NaN,,,,          NaN,         NaN
,,,          NaN,,,,          NaN,         NaN
,,,          NaN,,,,          NaN,         NaN
,,,          NaN,,,,          NaN,         NaN
,,,          NaN,,,,          NaN,         NaN
,,,          NaN,,,,          NaN,         NaN
,,,          NaN,,,,          NaN,         NaN
,,,          NaN,,,,          NaN,         NaN
,,,          NaN,,,,          NaN,         NaN
,,,          NaN,,,,          NaN,         NaN
,,,          NaN,,,,          NaN,         NaN
,,,          NaN,,,,          NaN,         NaN
,,,          NaN,,,,          NaN,         NaN
,,,          NaN,,,,          NaN,         NaN
,,,          NaN,,,,          NaN,         NaN
,,,          NaN,,,,          NaN,         NaN
,,,          NaN,,,,          NaN,         NaN
,,,          NaN,,,,          NaN,         NaN
,,,          NaN,,,,          NaN,         NaN
,,,          NaN,,,,          NaN,         NaN
,,,          NaN,,,,          NaN,         NaN
,,,          NaN,,,,          NaN,         NaN
,,,          NaN,,,,          NaN,         NaN
,,,          NaN,,,,          NaN,         NaN
,,,          NaN,,,,          NaN,         NaN
,,,          NaN,,,,          NaN,         NaN
,,,          NaN,,,,          NaN,         NaN
,,,          NaN,,,,          NaN,         NaN
,,,          NaN,,,,          NaN,         NaN
,,,          NaN,,,,          NaN,         NaN
,,,          NaN,,,,          NaN,         NaN
,,,          NaN,,,,          NaN,         NaN
,,,          NaN,,,,          NaN,         NaN
,,,          NaN,,,,          NaN,         NaN
,,,          NaN,,,,          NaN,         NaN
,,,          NaN,,,,          NaN,         NaN
,,,          NaN,,,,          NaN,         NaN
,,,          NaN,,,,          NaN,         NaN
,,,          NaN,,,,          NaN,         NaN
,,,          NaN,,,,          NaN,         NaN
,,,          NaN,,,,          NaN,         NaN
,,,          NaN,,,,          NaN,         NaN
,,,          NaN,,,,          NaN,         NaN
,,,          NaN,,,,          NaN,         NaN
,,,          NaN,,,,          NaN,         NaN
,,,          NaN,,,,          NaN,         NaN
,,,          NaN,,,,          NaN,         NaN
,,,          NaN,,,,          NaN,         NaN
,,,          NaN,,,,          NaN,         NaN
,,,          NaN,,,,          NaN,         NaN
,,,          NaN,,,,          NaN,         NaN
,,,          NaN,,,,          NaN,         NaN
,,,          NaN,,,,          NaN,         NaN
,,,          NaN,,,,          NaN,         NaN
,,,          NaN,,,,          NaN,         NaN
,,,          NaN,,,,          NaN,         NaN
,,,          NaN,,,,          NaN,         NaN
,,,          NaN,,,,          NaN,         NaN
,,,          NaN,,,,          NaN,         NaN
,,,          NaN,,,,          NaN,         NaN
,,,          NaN,,,,          NaN,         NaN
,,,          NaN,,,,          NaN,         NaN
,,,          NaN,,,,          NaN,         NaN
,,,          NaN,,,,          NaN,         NaN
,,,          NaN,,,,          NaN,         NaN
,,,          NaN,,,,          NaN,         NaN
,,,          NaN,,,,          NaN,         NaN
,,,          NaN,,,,          NaN,         NaN
,,,          NaN,,,,          NaN,         NaN
,,,          NaN,,,,          NaN,         NaN
,,,          NaN,,,,          NaN,         NaN
,,,          NaN,,,,          NaN,         NaN
,,,          NaN,,,,          NaN,         NaN
,,,          NaN,,,,          NaN,         NaN
,,,          NaN,,,,          NaN,         NaN
,,,          NaN,,,,          NaN,         NaN
,,,          NaN,,,,          NaN,         NaN
,,,          NaN,,,,          NaN,         NaN
,,,          NaN,,,,          NaN,         NaN
,,,          NaN,,,,          NaN,         NaN
,,,          NaN,,,,          NaN,         NaN
,,,          NaN,,,,          NaN,         NaN
,,,          NaN,,,,          NaN,         NaN
,,,          NaN,,,,          NaN,         NaN
,,,          NaN,,,,          NaN,         NaN
,,,          NaN,,,,          NaN,         NaN
,,,          NaN,,,,          NaN,         NaN
,,,          NaN,,,,          NaN,         NaN
,,,          NaN,,,,          NaN,         NaN
,,,          NaN,,,,          NaN,         NaN
,,,          NaN,,,,          NaN,         NaN
,,,          NaN,,,,          NaN,         NaN
,,,          NaN,,,,          NaN,         NaN
,,,          NaN,,,,          NaN,         NaN
,,,          NaN,,,,          NaN,         NaN
,,,          NaN,,,,          NaN,         NaN
,,,          NaN,,,,          NaN,         NaN
,,,          NaN,,,,          NaN,         NaN
,,,          NaN,,,,          NaN,         NaN
,,,          NaN,,,,          NaN,         NaN
,,,          NaN,,,,          NaN,         NaN
,,,          NaN,,,,          NaN,         NaN
,,,          NaN,,,,          NaN,         NaN
,,,          NaN,,,,          NaN,         NaN
,,,          NaN,,,,          NaN,         NaN
,,,          NaN,,,,          NaN,         NaN
,,,          NaN,,,,          NaN,         NaN
,,,          NaN,,,,          NaN,         NaN
,,,          NaN,,,,          NaN,         NaN
,,,          NaN,,,,          NaN,         NaN
,,,          NaN,,,,          NaN,         NaN
,,,          NaN,,,,          NaN,         NaN
,,,          NaN,,,,          NaN,         NaN
,,,          NaN,,,,          NaN,         NaN
,,,          NaN,,,,          NaN,         NaN
,,,          NaN,,,,          NaN,         NaN
,,,          NaN,,,,          NaN,         NaN
,,,          NaN,,,,          NaN,         NaN
,,,          NaN,,,,          NaN,         NaN
,,,          NaN,,,,          NaN,         NaN
,,,          NaN,,,,          NaN,         NaN
,,,          NaN,,,,          NaN,         NaN
,,,          NaN,,,,          NaN,         NaN
,,,          NaN,,,,          NaN,         NaN
,,,          NaN,,,,          NaN,         NaN
,,,          NaN,,,,          NaN,         NaN
,,,          NaN,,,,          NaN,         NaN
,,,          NaN,,,,          NaN,         NaN
,,,          NaN,,,,          NaN,         NaN
,,,          NaN,,,,          NaN,         NaN
,,,          NaN,,,,          NaN,         NaN
,,,          NaN,,,,          NaN,         NaN
,,,          NaN,,,,          NaN,         NaN
,,,          NaN,,,,          NaN,         NaN
,,,          NaN,,,,          NaN,         NaN
,,,          NaN,,,,          NaN,         NaN
,,,          NaN,,,,          NaN,         NaN
,,,          NaN,,,,          NaN,         NaN
,,,          NaN,,,,          NaN,         NaN
,,,          NaN,,,,          NaN,         NaN
,,,          NaN,,,,          NaN,         NaN
,,,          NaN,,,,          NaN,         NaN
,,,          NaN,,,,          NaN,         NaN
,,,          NaN,,,,          NaN,         NaN
,,,          NaN,,,,          NaN,         NaN
,,,          NaN,,,,          NaN,         NaN
,,,          NaN,,,,          NaN,         NaN
,,,          NaN,,,,          NaN,         NaN
,,,          NaN,,,,          NaN,         NaN
,,,          NaN,,,,          NaN,         NaN
,,,          NaN,,,,          NaN,         NaN
,,,          NaN,,,,          NaN,         NaN
,,,          NaN,,,,          NaN,         NaN
,,,          NaN,,,,          NaN,         NaN
,,,          NaN,,,,          NaN,         NaN
,,,          NaN,,,,          NaN,         NaN
,,,          NaN,,,,          NaN,         NaN
,,,          NaN,,,,          NaN,         NaN
,,,          NaN,,,,          NaN,         NaN
,,,          NaN,,,,          NaN,         NaN
,,,          NaN,,,,          NaN,         NaN
,,,          NaN,,,,          NaN,         NaN
,,,          NaN,,,,          NaN,         NaN
,,,          NaN,,,,          NaN,         NaN
,,,          NaN,,,,          NaN,         NaN
,,,          NaN,,,,          NaN,         NaN
,,,          NaN,,,,          NaN,         NaN
,,,          NaN,,,,          NaN,         NaN
,,,          NaN,,,,          NaN,         NaN
,,,          NaN,,,,          NaN,         NaN
,,,          NaN,,,,          NaN,         NaN
,,,          NaN,,,,          NaN,         NaN
,,,          NaN,,,,          NaN,         NaN
,,,          NaN,,,,          NaN,         NaN
,,,          NaN,,,,          NaN,         NaN
,,,          NaN,,,,          NaN,         NaN
,,,          NaN,,,,          NaN,         NaN
,,,          NaN,,,,          NaN,         NaN
,,,          NaN,,,,          NaN,         NaN
,,,          NaN,,,,          NaN,         NaN
,,,          NaN,,,,          NaN,         NaN
,,,          NaN,,,,          NaN,         NaN
,,,          NaN,,,,          NaN,         NaN
,,,          NaN,,,,          NaN,         NaN
,,,          NaN,,,,          NaN,         NaN
,,,          NaN,,,,          NaN,         NaN
,,,          NaN,,,,          NaN,         NaN
,,,          NaN,,,,          NaN,         NaN
,,,          NaN,,,,          NaN,         NaN
,,,          NaN,,,,          NaN,         NaN
,,,          NaN,,,,          NaN,         NaN
,,,          NaN,,,,          NaN,         NaN
,,,          NaN,,,,          NaN,         NaN
,,,          NaN,,,,          NaN,         NaN
,,,          NaN,,,,          NaN,         NaN
,,,          NaN,,,,          NaN,         NaN
,,,          NaN,,,,          NaN,         NaN
,,,          NaN,,,,          NaN,         NaN
,,,          NaN,,,,          NaN,         NaN
,,,          NaN,,,,          NaN,         NaN
,,,          NaN,,,,          NaN,         NaN
,,,          NaN,,,,          NaN,         NaN
,,,          NaN,,,,          NaN,         NaN
,,,          NaN,,,,          NaN,         NaN
,,,          NaN,,,,          NaN,         NaN
,,,          NaN,,,,          NaN,         NaN
,,,          NaN,,,,          NaN,         NaN
,,,          NaN,,,,          NaN,         NaN
,,,          NaN,,,,          NaN,         NaN
,,,          NaN,,,,          NaN,         NaN
,,,          NaN,,,,          NaN,         NaN
,,,          NaN,,,,          NaN,         NaN
,,,          NaN,,,,          NaN,         NaN
,,,          NaN,,,,          NaN,         NaN
,,,          NaN,,,,          NaN,         NaN
,,,          NaN,,,,          NaN,         NaN
,,,          NaN,,,,          NaN,         NaN
,,,          NaN,,,,          NaN,         NaN
,,,          NaN,,,,          NaN,         NaN
,,,          NaN,,,,          NaN,         NaN
,,,          NaN,,,,          NaN,         NaN
,,,          NaN,,,,          NaN,         NaN
,,,          NaN,,,,          NaN,         NaN
,,,          NaN,,,,          NaN,         NaN
,,,          NaN,,,,          NaN,         NaN
,,,          NaN,,,,          NaN,         NaN
,,,          NaN,,,,          NaN,         NaN
,,,          NaN,,,,          NaN,         NaN
,,,          NaN,,,,          NaN,         NaN
,,,          NaN,,,,          NaN,         NaN
,,,          NaN,,,,          NaN,         NaN
,,,          NaN,,,,          NaN,         NaN
,,,          NaN,,,,          NaN,         NaN
,,,          NaN,,,,          NaN,         NaN
,,,          NaN,,,,          NaN,         NaN
,,,          NaN,,,,          NaN,         NaN
,,,          NaN,,,,          NaN,         NaN
,,,          NaN,,,,          NaN,         NaN
,,,          NaN,,,,          NaN,         NaN
,,,          NaN,,,,          NaN,         NaN
,,,          NaN,,,,          NaN,         NaN
,,,          NaN,,,,          NaN,         NaN
,,,          NaN,,,,          NaN,         NaN
,,,          NaN,,,,          NaN,         NaN
,,,          NaN,,,,          NaN,         NaN
,,,          NaN,,,,          NaN,         NaN
,,,          NaN,,,,          NaN,         NaN
,,,          NaN,,,,          NaN,         NaN
,,,          NaN,,,,          NaN,         NaN
,,,          NaN,,,,          NaN,         NaN
,,,          NaN,,,,          NaN,         NaN
,,,          NaN,,,,          NaN,         NaN
,,,          NaN,,,,          NaN,         NaN
,,,          NaN,,,,          NaN,         NaN
,,,          NaN,,,,          NaN,         NaN
,,,          NaN,,,,          NaN,         NaN
,,,          NaN,,,,          NaN,         NaN
,,,          NaN,,,,          NaN,         NaN
,,,          NaN,,,,          NaN,         NaN
,,,          NaN,,,,          NaN,         NaN
,,,          NaN,,,,          NaN,         NaN
,,,          NaN,,,,          NaN,         NaN
,,,          NaN,,,,          NaN,         NaN
,,,          NaN,,,,          NaN,         NaN
,,,          NaN,,,,          NaN,         NaN
,,,          NaN,,,,          NaN,         NaN
,,,          NaN,,,,          NaN,         NaN
,,,          NaN,,,,          NaN,         NaN
,,,          NaN,,,,          NaN,         NaN
,,,          NaN,,,,          NaN,         NaN
,,,          NaN,,,,          NaN,         NaN
,,,          NaN,,,,          NaN,         NaN
,,,          NaN,,,,          NaN,         NaN
,,,          NaN,,,,          NaN,         NaN
,,,          NaN,,,,          NaN,         NaN
,,,          NaN,,,,          NaN,         NaN
,,,          NaN,,,,          NaN,         NaN
,,,          NaN,,,,          NaN,         NaN
,,,          NaN,,,,          NaN,         NaN
,,,          NaN,,,,          NaN,         NaN
,,,          NaN,,,,          NaN,         NaN
,,,          NaN,,,,          NaN,         NaN
,,,          NaN,,,,          NaN,         NaN
,,,          NaN,,,,          NaN,         NaN
,,,          NaN,,,,          NaN,         NaN
,,,          NaN,,,,          NaN,         NaN
,,,          NaN,,,,          NaN,         NaN
,,,          NaN,,,,          NaN,         NaN
,,,          NaN,,,,          NaN,         NaN
,,,          NaN,,,,          NaN,         NaN
,,,          NaN,,,,          NaN,         NaN
,,,          NaN,,,,          NaN,         NaN
,,,          NaN,,,,          NaN,         NaN
,,,          NaN,,,,          NaN,         NaN
,,,          NaN,,,,          NaN,         NaN
,,,          NaN,,,,          NaN,         NaN
,,,          NaN,,,,          NaN,         NaN
,,,          NaN,,,,          NaN,         NaN
,,,          NaN,,,,          NaN,         NaN
,,,          NaN,,,,          NaN,         NaN
,,,          NaN,,,,          NaN,         NaN
,,,          NaN,,,,          NaN,         NaN
,,,          NaN,,,,          NaN,         NaN
,,,          NaN,,,,          NaN,         NaN
,,,          NaN,,,,          NaN,         NaN
,,,          NaN,,,,          NaN,         NaN
,,,          NaN,,,,          NaN,         NaN
,,,          NaN,,,,          NaN,         NaN
,,,          NaN,,,,          NaN,         NaN
,,,          NaN,,,,          NaN,         NaN
,,,          NaN,,,,          NaN,         NaN
,,,          NaN,,,,          NaN,         NaN
,,,          NaN,,,,          NaN,         NaN
,,,          NaN,,,,          NaN,         NaN
,,,          NaN,,,,          NaN,         NaN
,,,          NaN,,,,          NaN,         NaN
,,,          NaN,,,,          NaN,         NaN
,,,          NaN,,,,          NaN,         NaN
,,,          NaN,,,,          NaN,         NaN
,,,          NaN,,,,          NaN,         NaN
,,,          NaN,,,,          NaN,         NaN
,,,          NaN,,,,          NaN,         NaN
,,,          NaN,,,,          NaN,         NaN
,,,          NaN,,,,          NaN,         NaN
,,,          NaN,,,,          NaN,         NaN
,,,          NaN,,,,          NaN,         NaN
,,,          NaN,,,,          NaN,         NaN
,,,          NaN,,,,          NaN,         NaN
,,,          NaN,,,,          NaN,         NaN
,,,          NaN,,,,          NaN,         NaN
,,,          NaN,,,,          NaN,         NaN
,,,          NaN,,,,          NaN,         NaN
,,,          NaN,,,,          NaN,         NaN
,,,          NaN,,,,          NaN,         NaN
,,,          NaN,,,,          NaN,         NaN
,,,          NaN,,,,          NaN,         NaN
,,,          NaN,,,,          NaN,         NaN
,,,          NaN,,,,          NaN,         NaN
,,,          NaN,,,,          NaN,         NaN
,,,          NaN,,,,          NaN,         NaN
,,,          NaN,,,,          NaN,         NaN
,,,          NaN,,,,          NaN,         NaN
,,,          NaN,,,,          NaN,         NaN
,,,          NaN,,,,          NaN,         NaN
,,,          NaN,,,,          NaN,         NaN
,,,          NaN,,,,          NaN,         NaN
,,,          NaN,,,,          NaN,         NaN
,,,          NaN,,,,          NaN,         NaN
,,,          NaN,,,,          NaN,         NaN
,,,          NaN,,,,          NaN,         NaN
,,,          NaN,,,,          NaN,         NaN
,,,          NaN,,,,          NaN,         NaN
,,,          NaN,,,,          NaN,         NaN
,,,          NaN,,,,          NaN,         NaN
,,,          NaN,,,,          NaN,         NaN
,,,          NaN,,,,          NaN,         NaN
,,,          NaN,,,,          NaN,         NaN
,,,          NaN,,,,          NaN,         NaN
,,,          NaN,,,,          NaN,         NaN
,,,          NaN,,,,          NaN,         NaN
,,,          NaN,,,,          NaN,         NaN
,,,          NaN,,,,          NaN,         NaN
,,,          NaN,,,,          NaN,         NaN
,,,          NaN,,,,          NaN,         NaN
,,,          NaN,,,,          NaN,         NaN
,,,          NaN,,,,          NaN,         NaN
,,,          NaN,,,,          NaN,         NaN
,,,          NaN,,,,          NaN,         NaN
,,,          NaN,,,,          NaN,         NaN
,,,          NaN,,,,          NaN,         NaN
,,,          NaN,,,,          NaN,         NaN
,,,          NaN,,,,          NaN,         NaN
,,,          NaN,,,,          NaN,         NaN
,,,          NaN,,,,          NaN,         NaN
,,,          NaN,,,,          NaN,         NaN
,,,          NaN,,,,          NaN,         NaN
,,,          NaN,,,,          NaN,         NaN
,,,          NaN,,,,          NaN,         NaN
,,,          NaN,,,,          NaN,         NaN
,,,          NaN,,,,          NaN,         NaN
,,,          NaN,,,,          NaN,         NaN
,,,          NaN,,,,          NaN,         NaN
,,,          NaN,,,,          NaN,         NaN
,,,          NaN,,,,          NaN,         NaN
,,,          NaN,,,,          NaN,         NaN
,,,          NaN,,,,          NaN,         NaN
,,,          NaN,,,,          NaN,         NaN
,,,          NaN,,,,          NaN,         NaN
,,,          NaN,,,,          NaN,         NaN
,,,          NaN,,,,          NaN,         NaN
,,,          NaN,,,,          NaN,         NaN
,,,          NaN,,,,          NaN,         NaN
,,,          NaN,,,,          NaN,         NaN
,,,          NaN,,,,          NaN,         NaN
,,,          NaN,,,,          NaN,         NaN
,,,          NaN,,,,          NaN,         NaN
,,,          NaN,,,,          NaN,         NaN
,,,          NaN,,,,          NaN,         NaN
,,,          NaN,,,,          NaN,         NaN
,,,          NaN,,,,          NaN,         NaN
,,,          NaN,,,,          NaN,         NaN
,,,          NaN,,,,          NaN,         NaN
,,,          NaN,,,,          NaN,         NaN
,,,          NaN,,,,          NaN,         NaN
,,,          NaN,,,,          NaN,         NaN
,,,          NaN,,,,          NaN,         NaN
,,,          NaN,,,,          NaN,         NaN
,,,          NaN,,,,          NaN,         NaN
,,,          NaN,,,,          NaN,         NaN
,,,          NaN,,,,          NaN,         NaN
,,,          NaN,,,,          NaN,         NaN
,,,          NaN,,,,          NaN,         NaN
,,,          NaN,,,,          NaN,         NaN
,,,          NaN,,,,          NaN,         NaN
,,,          NaN,,,,          NaN,         NaN
,,,          NaN,,,,          NaN,         NaN
,,,          NaN,,,,          NaN,         NaN
,,,          NaN,,,,          NaN,         NaN
,,,          NaN,,,,          NaN,         NaN
,,,          NaN,,,,          NaN,         NaN
,,,          NaN,,,,          NaN,         NaN
,,,          NaN,,,,          NaN,         NaN
,,,          NaN,,,,          NaN,         NaN
,,,          NaN,,,,          NaN,         NaN
,,,          NaN,,,,          NaN,         NaN
,,,          NaN,,,,          NaN,         NaN
,,,          NaN,,,,          NaN,         NaN
,,,          NaN,,,,          NaN,         NaN
,,,          NaN,,,,          NaN,         NaN
,,,          NaN,,,,          NaN,         NaN
,,,          NaN,,,,          NaN,         NaN
,,,          NaN,,,,          NaN,         NaN
,,,          NaN,,,,          NaN,         NaN
,,,          NaN,,,,          NaN,         NaN
,,,          NaN,,,,          NaN,         NaN
,,,          NaN,,,,          NaN,         NaN
,,,          NaN,,,,          NaN,         NaN
,,,          NaN,,,,          NaN,         NaN
,,,          NaN,,,,          NaN,         NaN
,,,          NaN,,,,          NaN,         NaN
,,,          NaN,,,,          NaN,         NaN
,,,          NaN,,,,          NaN,         NaN
,,,          NaN,,,,          NaN,         NaN
,,,          NaN,,,,          NaN,         NaN
,,,          NaN,,,,          NaN,         NaN
,,,          NaN,,,,          NaN,         NaN
,,,          NaN,,,,          NaN,         NaN
,,,          NaN,,,,          NaN,         NaN
,,,          NaN,,,,          NaN,         NaN
,,,          NaN,,,,          NaN,         NaN
,,,          NaN,,,,          NaN,         NaN
,,,          NaN,,,,          NaN,         NaN
,,,          NaN,,,,          NaN,         NaN
,,,          NaN,,,,          NaN,         NaN
,,,          NaN,,,,          NaN,         NaN
,,,          NaN,,,,          NaN,         NaN
,,,          NaN,,,,          NaN,         NaN
,,,          NaN,,,,          NaN,         NaN
,,,          NaN,,,,          NaN,         NaN
,,,          NaN,,,,          NaN,         NaN
,,,          NaN,,,,          NaN,         NaN
,,,          NaN,,,,          NaN,         NaN
,,,          NaN,,,,          NaN,         NaN
,,,          NaN,,,,          NaN,         NaN
,,,          NaN,,,,          NaN,         NaN
,,,          NaN,,,,          NaN,         NaN
,,,          NaN,,,,          NaN,         NaN
,,,          NaN,,,,          NaN,         NaN
,,,          NaN,,,,          NaN,         NaN
,,,          NaN,,,,          NaN,         NaN
,,,          NaN,,,,          NaN,         NaN
,,,          NaN,,,,          NaN,         NaN
,,,          NaN,,,,          NaN,         NaN
,,,          NaN,,,,          NaN,         NaN
,,,          NaN,,,,          NaN,         NaN
,,,          NaN,,,,          NaN,         NaN
,,,          NaN,,,,          NaN,         NaN
,,,          NaN,,,,          NaN,         NaN
,,,          NaN,,,,          NaN,         NaN
,,,          NaN,,,,          NaN,         NaN
,,,          NaN,,,,          NaN,         NaN
,,,          NaN,,,,          NaN,         NaN
,,,          NaN,,,,          NaN,         NaN
,,,          NaN,,,,          NaN,         NaN
,,,          NaN,,,,          NaN,         NaN
,,,          NaN,,,,          NaN,         NaN
,,,          NaN,,,,          NaN,         NaN
,,,          NaN,,,,          NaN,         NaN
,,,          NaN,,,,          NaN,         NaN
,,,          NaN,,,,          NaN,         NaN
,,,          NaN,,,,          NaN,         NaN
,,,          NaN,,,,          NaN,         NaN
,,,          NaN,,,,          NaN,         NaN
,,,          NaN,,,,          NaN,         NaN
,,,          NaN,,,,          NaN,         NaN
,,,          NaN,,,,          NaN,         NaN
,,,          NaN,,,,          NaN,         NaN
,,,          NaN,,,,          NaN,         NaN
,,,          NaN,,,,          NaN,         NaN
,,,          NaN,,,,          NaN,         NaN
,,,          NaN,,,,          NaN,         NaN
,,,          NaN,,,,          NaN,         NaN
,,,          NaN,,,,          NaN,         NaN
,,,          NaN,,,,          NaN,         NaN
,,,          NaN,,,,          NaN,         NaN
,,,          NaN,,,,          NaN,         NaN
,,,          NaN,,,,          NaN,         NaN
,,,          NaN,,,,          NaN,         NaN
,,,          NaN,,,,          NaN,         NaN
,,,          NaN,,,,          NaN,         NaN
,,,          NaN,,,,          NaN,         NaN
,,,          NaN,,,,          NaN,         NaN
,,,          NaN,,,,          NaN,         NaN
,,,          NaN,,,,          NaN,         NaN
,,,          NaN,,,,          NaN,         NaN
,,,          NaN,,,,          NaN,         NaN
,,,          NaN,,,,          NaN,         NaN
,,,          NaN,,,,          NaN,         NaN
,,,          NaN,,,,          NaN,         NaN
,,,          NaN,,,,          NaN,         NaN
,,,          NaN,,,,          NaN,         NaN
,,,          NaN,,,,          NaN,         NaN
,,,          NaN,,,,          NaN,         NaN
,,,          NaN,,,,          NaN,         NaN
,,,          NaN,,,,          NaN,         NaN
,,,          NaN,,,,          NaN,         NaN
,,,          NaN,,,,          NaN,         NaN
,,,          NaN,,,,          NaN,         NaN
,,,          NaN,,,,          NaN,         NaN
,,,          NaN,,,,          NaN,         NaN
,,,          NaN,,,,          NaN,         NaN
,,,          NaN,,,,          NaN,         NaN
,,,          NaN,,,,          NaN,         NaN
,,,          NaN,,,,          NaN,         NaN
,,,          NaN,,,,          NaN,         NaN
,,,          NaN,,,,          NaN,         NaN
,,,          NaN,,,,          NaN,         NaN
,,,          NaN,,,,          NaN,         NaN
,,,          NaN,,,,          NaN,         NaN
,,,          NaN,,,,          NaN,         NaN
,,,          NaN,,,,          NaN,         NaN
,,,          NaN,,,,          NaN,         NaN
,,,          NaN,,,,          NaN,         NaN
,,,          NaN,,,,          NaN,         NaN
,,,          NaN,,,,          NaN,         NaN
,,,          NaN,,,,          NaN,         NaN
,,,          NaN,,,,          NaN,         NaN
,,,          NaN,,,,          NaN,         NaN
,,,          NaN,,,,          NaN,         NaN
,,,          NaN,,,,          NaN,         NaN
,,,          NaN,,,,          NaN,         NaN
,,,          NaN,,,,          NaN,         NaN
,,,          NaN,,,,          NaN,         NaN
,,,          NaN,,,,          NaN,         NaN
,,,          NaN,,,,          NaN,         NaN
,,,          NaN,,,,          NaN,         NaN
,,,          NaN,,,,          NaN,         NaN
,,,          NaN,,,,          NaN,         NaN
,,,          NaN,,,,          NaN,         NaN
,,,          NaN,,,,          NaN,         NaN
,,,          NaN,,,,          NaN,         NaN
,,,          NaN,,,,          NaN,         NaN
,,,          NaN,,,,          NaN,         NaN
,,,          NaN,,,,          NaN,         NaN
,,,          NaN,,,,          NaN,         NaN
,,,          NaN,,,,          NaN,         NaN
,,,          NaN,,,,          NaN,         NaN
,,,          NaN,,,,          NaN,         NaN
,,,          NaN,,,,          NaN,         NaN
,,,          NaN,,,,          NaN,         NaN
,,,          NaN,,,,          NaN,         NaN
,,,          NaN,,,,          NaN,         NaN
,,,          NaN,,,,          NaN,         NaN
,,,          NaN,,,,          NaN,         NaN
,,,          NaN,,,,          NaN,         NaN
,,,          NaN,,,,          NaN,         NaN
,,,          NaN,,,,          NaN,         NaN
,,,          NaN,,,,          NaN,         NaN
,,,          NaN,,,,          NaN,         NaN
,,,          NaN,,,,          NaN,         NaN
,,,          NaN,,,,          NaN,         NaN
,,,          NaN,,,,          NaN,         NaN
,,,          NaN,,,,          NaN,         NaN
,,,          NaN,,,,          NaN,         NaN
,,,          NaN,,,,          NaN,         NaN
,,,          NaN,,,,          NaN,         NaN
,,,          NaN,,,,          NaN,         NaN
,,,          NaN,,,,          NaN,         NaN
,,,          NaN,,,,          NaN,         NaN
,,,          NaN,,,,          NaN,         NaN
,,,          NaN,,,,          NaN,         NaN
,,,          NaN,,,,          NaN,         NaN
,,,          NaN,,,,          NaN,         NaN
,,,          NaN,,,,          NaN,         NaN
,,,          NaN,,,,          NaN,         NaN
,,,          NaN,,,,          NaN,         NaN
,,,          NaN,,,,          NaN,         NaN
,,,          NaN,,,,          NaN,         NaN
,,,          NaN,,,,          NaN,         NaN
,,,          NaN,,,,          NaN,         NaN
,,,          NaN,,,,          NaN,         NaN
,,,          NaN,,,,          NaN,         NaN
,,,          NaN,,,,          NaN,         NaN
,,,          NaN,,,,          NaN,         NaN
,,,          NaN,,,,          NaN,         NaN
,,,          NaN,,,,          NaN,         NaN
,,,          NaN,,,,          NaN,         NaN
,,,          NaN,,,,          NaN,         NaN
,,,          NaN,,,,          NaN,         NaN
,,,          NaN,,,,          NaN,         NaN
,,,          NaN,,,,          NaN,         NaN
,,,          NaN,,,,          NaN,         NaN
,,,          NaN,,,,          NaN,         NaN
,,,          NaN,,,,          NaN,         NaN
,,,          NaN,,,,          NaN,         NaN
,,,          NaN,,,,          NaN,         NaN
,,,          NaN,,,,          NaN,         NaN
,,,          NaN,,,,          NaN,         NaN
,,,          NaN,,,,          NaN,         NaN
,,,          NaN,,,,          NaN,         NaN
,,,          NaN,,,,          NaN,         NaN
,,,          NaN,,,,          NaN,         NaN
,,,          NaN,,,,          NaN,         NaN
,,,          NaN,,,,          NaN,         NaN
,,,          NaN,,,,          NaN,         NaN
,,,          NaN,,,,          NaN,         NaN
,,,          NaN,,,,          NaN,         NaN
,,,          NaN,,,,          NaN,         NaN
,,,          NaN,,,,          NaN,         NaN
,,,          NaN,,,,          NaN,         NaN
,,,          NaN,,,,          NaN,         NaN
,,,          NaN,,,,          NaN,         NaN
,,,          NaN,,,,          NaN,         NaN
,,,          NaN,,,,          NaN,         NaN
,,,          NaN,,,,          NaN,         NaN
,,,          NaN,,,,          NaN,         NaN
,,,          NaN,,,,          NaN,         NaN
,,,          NaN,,,,          NaN,         NaN
,,,          NaN,,,,          NaN,         NaN
,,,          NaN,,,,          NaN,         NaN
,,,          NaN,,,,          NaN,         NaN
,,,          NaN,,,,          NaN,         NaN
,,,          NaN,,,,          NaN,         NaN
,,,          NaN,,,,          NaN,         NaN
,,,          NaN,,,,          NaN,         NaN
,,,          NaN,,,,          NaN,         NaN
,,,          NaN,,,,          NaN,         NaN
,,,          NaN,,,,          NaN,         NaN
,,,          NaN,,,,          NaN,         NaN
,,,          NaN,,,,          NaN,         NaN
,,,          NaN,,,,          NaN,         NaN
,,,          NaN,,,,          NaN,         NaN
,,,          NaN,,,,          NaN,         NaN
,,,          NaN,,,,          NaN,         NaN
,,,          NaN,,,,          NaN,         NaN
,,,          NaN,,,,          NaN,         NaN
,,,          NaN,,,,          NaN,         NaN
,,,          NaN,,,,          NaN,         NaN
,,,          NaN,,,,          NaN,         NaN
,,,          NaN,,,,          NaN,         NaN
,,,          NaN,,,,          NaN,         NaN
,,,          NaN,,,,          NaN,         NaN
,,,          NaN,,,,          NaN,         NaN
,,,          NaN,,,,          NaN,         NaN
,,,          NaN,,,,          NaN,         NaN
,,,          NaN,,,,          NaN,         NaN
,,,          NaN,,,,          NaN,         NaN
,,,          NaN,,,,          NaN,         NaN
,,,          NaN,,,,          NaN,         NaN
,,,          NaN,,,,          NaN,         NaN
,,,          NaN,,,,          NaN,         NaN
,,,          NaN,,,,          NaN,         NaN
,,,          NaN,,,,          NaN,         NaN
,,,          NaN,,,,          NaN,         NaN
,,,          NaN,,,,          NaN,         NaN
,,,          NaN,,,,          NaN,         NaN
,,,          NaN,,,,          NaN,         NaN
,,,          NaN,,,,          NaN,         NaN
,,,          NaN,,,,          NaN,         NaN
,,,          NaN,,,,          NaN,         NaN
,,,          NaN,,,,          NaN,         NaN
,,,          NaN,,,,          NaN,         NaN
,,,          NaN,,,,          NaN,         NaN
,,,          NaN,,,,          NaN,         NaN
,,,          NaN,,,,          NaN,         NaN
,,,          NaN,,,,          NaN,         NaN
,,,          NaN,,,,          NaN,         NaN
,,,          NaN,,,,          NaN,         NaN
,,,          NaN,,,,          NaN,         NaN
,,,          NaN,,,,          NaN,         NaN
,,,          NaN,,,,          NaN,         NaN
,,,          NaN,,,,          NaN,         NaN
,,,          NaN,,,,          NaN,         NaN
,,,          NaN,,,,          NaN,         NaN
,,,          NaN,,,,          NaN,         NaN
,,,          NaN,,,,          NaN,         NaN
,,,          NaN,,,,          NaN,         NaN
,,,          NaN,,,,          NaN,         NaN
,,,          NaN,,,,          NaN,         NaN
,,,          NaN,,,,          NaN,         NaN
,,,          NaN,,,,          NaN,         NaN
,,,          NaN,,,,          NaN,         NaN
,,,          NaN,,,,          NaN,         NaN
,,,          NaN,,,,          NaN,         NaN
,,,          NaN,,,,          NaN,         NaN
,,,          NaN,,,,          NaN,         NaN
,,,          NaN,,,,          NaN,         NaN
,,,          NaN,,,,          NaN,         NaN
,,,          NaN,,,,          NaN,         NaN
,,,          NaN,,,,          NaN,         NaN
,,,          NaN,,,,          NaN,         NaN
,,,          NaN,,,,          NaN,         NaN
,,,          NaN,,,,          NaN,         NaN
,,,          NaN,,,,          NaN,         NaN
,,,          NaN,,,,          NaN,         NaN
,,,          NaN,,,,          NaN,         NaN
,,,          NaN,,,,          NaN,         NaN
,,,          NaN,,,,          NaN,         NaN
,,,          NaN,,,,          NaN,         NaN
,,,          NaN,,,,          NaN,         NaN
,,,          NaN,,,,          NaN,         NaN
,,,          NaN,,,,          NaN,         NaN
,,,          NaN,,,,          NaN,         NaN
,,,          NaN,,,,          NaN,         NaN
,,,          NaN,,,,          NaN,         NaN
,,,          NaN,,,,          NaN,         NaN
,,,          NaN,,,,          NaN,         NaN
,,,          NaN,,,,          NaN,         NaN
,,,          NaN,,,,          NaN,         NaN
,,,          NaN,,,,          NaN,         NaN
,,,          NaN,,,,          NaN,         NaN
,,,          NaN,,,,          NaN,         NaN
,,,          NaN,,,,          NaN,         NaN
,,,          NaN,,,,          NaN,         NaN
,,,          NaN,,,,          NaN,         NaN
,,,          NaN,,,,          NaN,         NaN
,,,          NaN,,,,          NaN,         NaN
,,,          NaN,,,,          NaN,         NaN
,,,          NaN,,,,          NaN,         NaN
,,,          NaN,,,,          NaN,         NaN
,,,          NaN,,,,          NaN,         NaN
,,,          NaN,,,,          NaN,         NaN
,,,          NaN,,,,          NaN,         NaN
,,,          NaN,,,,          NaN,         NaN
,,,          NaN,,,,          NaN,         NaN
,,,          NaN,,,,          NaN,         NaN
,,,          NaN,,,,          NaN,         NaN
,,,          NaN,,,,          NaN,         NaN
,,,          NaN,,,,          NaN,         NaN
,,,          NaN,,,,          NaN,         NaN
,,,          NaN,,,,          NaN,         NaN
,,,          NaN,,,,          NaN,         NaN
,,,          NaN,,,,          NaN,         NaN
,,,          NaN,,,,          NaN,         NaN
,,,          NaN,,,,          NaN,         NaN
,,,          NaN,,,,          NaN,         NaN
,,,          NaN,,,,          NaN,         NaN
,,,          NaN,,,,          NaN,         NaN
,,,          NaN,,,,          NaN,         NaN
,,,          NaN,,,,          NaN,         NaN
,,,          NaN,,,,          NaN,         NaN
,,,          NaN,,,,          NaN,         NaN
,,,          NaN,,,,          NaN,         NaN
,,,          NaN,,,,          NaN,         NaN
,,,          NaN,,,,          NaN,         NaN
,,,          NaN,,,,          NaN,         NaN
,,,          NaN,,,,          NaN,         NaN
,,,          NaN,,,,          NaN,         NaN
,,,          NaN,,,,          NaN,         NaN
,,,          NaN,,,,          NaN,         NaN
,,,          NaN,,,,          NaN,         NaN
,,,          NaN,,,,          NaN,         NaN
,,,          NaN,,,,          NaN,         NaN
,,,          NaN,,,,          NaN,         NaN
,,,          NaN,,,,          NaN,         NaN
,,,          NaN,,,,          NaN,         NaN
,,,          NaN,,,,          NaN,         NaN
,,,          NaN,,,,          NaN,         NaN
,,,          NaN,,,,          NaN,         NaN
,,,          NaN,,,,          NaN,         NaN
,,,          NaN,,,,          NaN,         NaN
,,,          NaN,,,,          NaN,         NaN
,,,          NaN,,,,          NaN,         NaN
,,,          NaN,,,,          NaN,         NaN
,,,          NaN,,,,          NaN,         NaN
,,,          NaN,,,,          NaN,         NaN
,,,          NaN,,,,          NaN,         NaN
,,,          NaN,,,,          NaN,         NaN
,,,          NaN,,,,          NaN,         NaN
,,,          NaN,,,,          NaN,         NaN
,,,          NaN,,,,          NaN,         NaN
,,,          NaN,,,,          NaN,         NaN
,,,          NaN,,,,          NaN,         NaN
,,,          NaN,,,,          NaN,         NaN
,,,          NaN,,,,          NaN,         NaN
,,,          NaN,,,,          NaN,         NaN
,,,          NaN,,,,          NaN,         NaN
,,,          NaN,,,,          NaN,         NaN
,,,          NaN,,,,          NaN,         NaN
,,,          NaN,,,,          NaN,         NaN
,,,          NaN,,,,          NaN,         NaN
,,,          NaN,,,,          NaN,         NaN
,,,          NaN,,,,          NaN,         NaN
,,,          NaN,,,,          NaN,         NaN
,,,          NaN,,,,          NaN,         NaN
,,,          NaN,,,,          NaN,         NaN
,,,          NaN,,,,          NaN,         NaN
,,,          NaN,,,,          NaN,         NaN
,,,          NaN,,,,          NaN,         NaN
,,,          NaN,,,,          NaN,         NaN
,,,          NaN,,,,          NaN,         NaN
,,,          NaN,,,,          NaN,         NaN
,,,          NaN,,,,          NaN,         NaN
,,,          NaN,,,,          NaN,         NaN
,,,          NaN,,,,          NaN,         NaN
,,,          NaN,,,,          NaN,         NaN
,,,          NaN,,,,          NaN,         NaN
,,,          NaN,,,,          NaN,         NaN
,,,          NaN,,,,          NaN,         NaN
,,,          NaN,,,,          NaN,         NaN
,,,          NaN,,,,          NaN,         NaN
,,,          NaN,,,,          NaN,         NaN
,,,          NaN,,,,          NaN,         NaN
,,,          NaN,,,,          NaN,         NaN
,,,          NaN,,,,          NaN,         NaN
,,,          NaN,,,,          NaN,         NaN
,,,          NaN,,,,          NaN,         NaN
,,,          NaN,,,,          NaN,         NaN
,,,          NaN,,,,          NaN,         NaN
,,,          NaN,,,,          NaN,         NaN
,,,          NaN,,,,          NaN,         NaN
,,,          NaN,,,,          NaN,         NaN
,,,          NaN,,,,          NaN,         NaN
,,,          NaN,,,,          NaN,         NaN
,,,          NaN,,,,          NaN,         NaN
,,,          NaN,,,,          NaN,         NaN
,,,          NaN,,,,          NaN,         NaN
,,,          NaN,,,,          NaN,         NaN
,,,          NaN,,,,          NaN,         NaN
,,,          NaN,,,,          NaN,         NaN
,,,          NaN,,,,          NaN,         NaN
,,,          NaN,,,,          NaN,         NaN
,,,          NaN,,,,          NaN,         NaN
,,,          NaN,,,,          NaN,         NaN
,,,          NaN,,,,          NaN,         NaN
,,,          NaN,,,,          NaN,         NaN
,,,          NaN,,,,          NaN,         NaN
,,,          NaN,,,,          NaN,         NaN
,,,          NaN,,,,          NaN,         NaN
,,,          NaN,,,,          NaN,         NaN
,,,          NaN,,,,          NaN,         NaN
,,,          NaN,,,,          NaN,         NaN
,,,          NaN,,,,          NaN,         NaN
,,,          NaN,,,,          NaN,         NaN
,,,          NaN,,,,          NaN,         NaN
,,,          NaN,,,,          NaN,         NaN
,,,          NaN,,,,          NaN,         NaN
,,,          NaN,,,,          NaN,         NaN
,,,          NaN,,,,          NaN,         NaN
,,,          NaN,,,,          NaN,         NaN
,,,          NaN,,,,          NaN,         NaN
,,,          NaN,,,,          NaN,         NaN
,,,          NaN,,,,          NaN,         NaN
,,,          NaN,,,,          NaN,         NaN
,,,          NaN,,,,          NaN,         NaN
,,,          NaN,,,,          NaN,         NaN
,,,          NaN,,,,          NaN,         NaN
,,,          NaN,,,,          NaN,         NaN
,,,          NaN,,,,          NaN,         NaN
,,,          NaN,,,,          NaN,         NaN
,,,          NaN,,,,          NaN,         NaN
,,,          NaN,,,,          NaN,         NaN
,,,          NaN,,,,          NaN,         NaN
,,,          NaN,,,,          NaN,         NaN
,,,          NaN,,,,          NaN,         NaN
,,,          NaN,,,,          NaN,         NaN
,,,          NaN,,,,          NaN,         NaN
,,,          NaN,,,,          NaN,         NaN
,,,          NaN,,,,          NaN,         NaN
,,,          NaN,,,,          NaN,         NaN
,,,          NaN,,,,          NaN,         NaN
,,,          NaN,,,,          NaN,         NaN
,,,          NaN,,,,          NaN,         NaN
,,,          NaN,,,,          NaN,         NaN
,,,          NaN,,,,          NaN,         NaN
,,,          NaN,,,,          NaN,         NaN
,,,          NaN,,,,          NaN,         NaN
,,,          NaN,,,,          NaN,         NaN
,,,          NaN,,,,          NaN,         NaN
,,,          NaN,,,,          NaN,         NaN
,,,          NaN,,,,          NaN,         NaN
,,,          NaN,,,,          NaN,         NaN
,,,          NaN,,,,          NaN,         NaN
,,,          NaN,,,,          NaN,         NaN
,,,          NaN,,,,          NaN,         NaN
,,,          NaN,,,,          NaN,         NaN
,,,          NaN,,,,          NaN,         NaN
,,,          NaN,,,,          NaN,         NaN
,,,          NaN,,,,          NaN,         NaN
,,,          NaN,,,,          NaN,         NaN
,,,          NaN,,,,          NaN,         NaN
,,,          NaN,,,,          NaN,         NaN
,,,          NaN,,,,          NaN,         NaN
,,,          NaN,,,,          NaN,         NaN
,,,          NaN,,,,          NaN,         NaN
,,,          NaN,,,,          NaN,         NaN
,,,          NaN,,,,          NaN,         NaN
,,,          NaN,,,,          NaN,         NaN
,,,          NaN,,,,          NaN,         NaN
,,,          NaN,,,,          NaN,         NaN
,,,          NaN,,,,          NaN,         NaN
,,,          NaN,,,,          NaN,         NaN
,,,          NaN,,,,          NaN,         NaN
,,,          NaN,,,,          NaN,         NaN
,,,          NaN,,,,          NaN,         NaN
,,,          NaN,,,,          NaN,         NaN
,,,          NaN,,,,          NaN,         NaN
,,,          NaN,,,,          NaN,         NaN
,,,          NaN,,,,          NaN,         NaN
,,,          NaN,,,,          NaN,         NaN
,,,          NaN,,,,          NaN,         NaN
,,,          NaN,,,,          NaN,         NaN
,,,          NaN,,,,          NaN,         NaN
,,,          NaN,,,,          NaN,         NaN
,,,          NaN,,,,          NaN,         NaN
,,,          NaN,,,,          NaN,         NaN
,,,          NaN,,,,          NaN,         NaN
,,,          NaN,,,,          NaN,         NaN
,,,          NaN,,,,          NaN,         NaN
,,,          NaN,,,,          NaN,         NaN
,,,          NaN,,,,          NaN,         NaN
,,,          NaN,,,,          NaN,         NaN
,,,          NaN,,,,          NaN,         NaN
,,,          NaN,,,,          NaN,         NaN
,,,          NaN,,,,          NaN,         NaN
,,,          NaN,,,,          NaN,         NaN
,,,          NaN,,,,          NaN,         NaN
,,,          NaN,,,,          NaN,         NaN
,,,          NaN,,,,          NaN,         NaN
,,,          NaN,,,,          NaN,         NaN
,,,          NaN,,,,          NaN,         NaN
,,,          NaN,,,,          NaN,         NaN
,,,          NaN,,,,          NaN,         NaN
,,,          NaN,,,,          NaN,         NaN
,,,          NaN,,,,          NaN,         NaN
,,,          NaN,,,,          NaN,         NaN
,,,          NaN,,,,          NaN,         NaN
,,,          NaN,,,,          NaN,         NaN
,,,          NaN,,,,          NaN,         NaN
,,,          NaN,,,,          NaN,         NaN
,,,          NaN,,,,          NaN,         NaN
,,,          NaN,,,,          NaN,         NaN
,,,          NaN,,,,          NaN,         NaN
,,,          NaN,,,,          NaN,         NaN
,,,          NaN,,,,          NaN,         NaN
,,,          NaN,,,,          NaN,         NaN
,,,          NaN,,,,          NaN,         NaN
,,,          NaN,,,,          NaN,         NaN
,,,          NaN,,,,          NaN,         NaN
,,,          NaN,,,,          NaN,         NaN
,,,          NaN,,,,          NaN,         NaN
,,,          NaN,,,,          NaN,         NaN
,,,          NaN,,,,          NaN,         NaN
,,,          NaN,,,,          NaN,         NaN
,,,          NaN,,,,          NaN,         NaN
,,,          NaN,,,,          NaN,         NaN
,,,          NaN,,,,          NaN,         NaN
,,,          NaN,,,,          NaN,         NaN
,,,          NaN,,,,          NaN,         NaN
,,,          NaN,,,,          NaN,         NaN
,,,          NaN,,,,          NaN,         NaN
,,,          NaN,,,,          NaN,         NaN
,,,          NaN,,,,          NaN,         NaN
,,,          NaN,,,,          NaN,         NaN
,,,          NaN,,,,          NaN,         NaN
,,,          NaN,,,,          NaN,         NaN
,,,          NaN,,,,          NaN,         NaN
,,,          NaN,,,,          NaN,         NaN
,,,          NaN,,,,          NaN,         NaN
,,,          NaN,,,,          NaN,         NaN
,,,          NaN,,,,          NaN,         NaN
,,,          NaN,,,,          NaN,         NaN
,,,          NaN,,,,          NaN,         NaN
,,,          NaN,,,,          NaN,         NaN
,,,          NaN,,,,          NaN,         NaN
,,,          NaN,,,,          NaN,         NaN
,,,          NaN,,,,          NaN,         NaN
,,,          NaN,,,,          NaN,         NaN
,,,          NaN,,,,          NaN,         NaN
,,,          NaN,,,,          NaN,         NaN
,,,          NaN,,,,          NaN,         NaN
,,,          NaN,,,,          NaN,         NaN
,,,          NaN,,,,          NaN,         NaN
,,,          NaN,,,,          NaN,         NaN
,,,          NaN,,,,          NaN,         NaN
,,,          NaN,,,,          NaN,         NaN
,,,          NaN,,,,          NaN,         NaN
,,,          NaN,,,,          NaN,         NaN
,,,          NaN,,,,          NaN,         NaN
,,,          NaN,,,,          NaN,         NaN
,,,          NaN,,,,          NaN,         NaN
,,,          NaN,,,,          NaN,         NaN
,,,          NaN,,,,          NaN,         NaN
,,,          NaN,,,,          NaN,         NaN
,,,          NaN,,,,          NaN,         NaN
,,,          NaN,,,,          NaN,         NaN
,,,          NaN,,,,          NaN,         NaN
,,,          NaN,,,,          NaN,         NaN
,,,          NaN,,,,          NaN,         NaN
,,,          NaN,,,,          NaN,         NaN
,,,          NaN,,,,          NaN,         NaN
,,,          NaN,,,,          NaN,         NaN
,,,          NaN,,,,          NaN,         NaN
,,,          NaN,,,,          NaN,         NaN
,,,          NaN,,,,          NaN,         NaN
,,,          NaN,,,,          NaN,         NaN
,,,          NaN,,,,          NaN,         NaN
,,,          NaN,,,,          NaN,         NaN
,,,          NaN,,,,          NaN,         NaN
,,,          NaN,,,,          NaN,         NaN
,,,          NaN,,,,          NaN,         NaN
,,,          NaN,,,,          NaN,         NaN
,,,          NaN,,,,          NaN,         NaN
,,,          NaN,,,,          NaN,         NaN
,,,          NaN,,,,          NaN,         NaN
,,,          NaN,,,,          NaN,         NaN
,,,          NaN,,,,          NaN,         NaN
,,,          NaN,,,,          NaN,         NaN
,,,          NaN,,,,          NaN,         NaN
,,,          NaN,,,,          NaN,         NaN
,,,          NaN,,,,          NaN,         NaN
,,,          NaN,,,,          NaN,         NaN
,,,          NaN,,,,          NaN,         NaN
,,,          NaN,,,,          NaN,         NaN
,,,          NaN,,,,          NaN,         NaN
,,,          NaN,,,,          NaN,         NaN
,,,          NaN,,,,          NaN,         NaN
,,,          NaN,,,,          NaN,         NaN
,,,          NaN,,,,          NaN,         NaN
,,,          NaN,,,,          NaN,         NaN
,,,          NaN,,,,          NaN,         NaN
,,,          NaN,,,,          NaN,         NaN
,,,          NaN,,,,          NaN,         NaN
,,,          NaN,,,,          NaN,         NaN
,,,          NaN,,,,          NaN,         NaN
,,,          NaN,,,,          NaN,         NaN
,,,          NaN,,,,          NaN,         NaN
,,,          NaN,,,,          NaN,         NaN
,,,          NaN,,,,          NaN,         NaN
,,,          NaN,,,,          NaN,         NaN
,,,          NaN,,,,          NaN,         NaN
,,,          NaN,,,,          NaN,         NaN
,,,          NaN,,,,          NaN,         NaN
,,,          NaN,,,,          NaN,         NaN
,,,          NaN,,,,          NaN,         NaN
,,,          NaN,,,,          NaN,         NaN
,,,          NaN,,,,          NaN,         NaN
,,,          NaN,,,,          NaN,         NaN
,,,          NaN,,,,          NaN,         NaN
,,,          NaN,,,,          NaN,         NaN
,,,          NaN,,,,          NaN,         NaN
,,,          NaN,,,,          NaN,         NaN
,,,          NaN,,,,          NaN,         NaN
,,,          NaN,,,,          NaN,         NaN
,,,          NaN,,,,          NaN,         NaN
,,,          NaN,,,,          NaN,         NaN
,,,          NaN,,,,          NaN,         NaN
,,,          NaN,,,,          NaN,         NaN
,,,          NaN,,,,          NaN,         NaN
,,,          NaN,,,,          NaN,         NaN
,,,          NaN,,,,          NaN,         NaN
,,,          NaN,,,,          NaN,         NaN
,,,          NaN,,,,          NaN,         NaN
,,,          NaN,,,,          NaN,         NaN
,,,          NaN,,,,          NaN,         NaN
,,,          NaN,,,,          NaN,         NaN
,,,          NaN,,,,          NaN,         NaN
,,,          NaN,,,,          NaN,         NaN
,,,          NaN,,,,          NaN,         NaN
,,,          NaN,,,,          NaN,         NaN
,,,          NaN,,,,          NaN,         NaN
,,,          NaN,,,,          NaN,         NaN
,,,          NaN,,,,          NaN,         NaN
,,,          NaN,,,,          NaN,         NaN
,,,          NaN,,,,          NaN,         NaN
,,,          NaN,,,,          NaN,         NaN
,,,          NaN,,,,          NaN,         NaN
,,,          NaN,,,,          NaN,         NaN
,,,          NaN,,,,          NaN,         NaN
,,,          NaN,,,,          NaN,         NaN
,,,          NaN,,,,          NaN,         NaN
,,,          NaN,,,,          NaN,         NaN
,,,          NaN,,,,          NaN,         NaN
,,,          NaN,,,,          NaN,         NaN
,,,          NaN,,,,          NaN,         NaN
,,,          NaN,,,,          NaN,         NaN
,,,          NaN,,,,          NaN,         NaN
,,,          NaN,,,,          NaN,         NaN
,,,          NaN,,,,          NaN,         NaN
,,,          NaN,,,,          NaN,         NaN
,,,          NaN,,,,          NaN,         NaN
,,,          NaN,,,,          NaN,         NaN
,,,          NaN,,,,          NaN,         NaN
,,,          NaN,,,,          NaN,         NaN
,,,          NaN,,,,          NaN,         NaN
,,,          NaN,,,,          NaN,         NaN
,,,          NaN,,,,          NaN,         NaN
,,,          NaN,,,,          NaN,         NaN
,,,          NaN,,,,          NaN,         NaN
,,,          NaN,,,,          NaN,         NaN
,,,          NaN,,,,          NaN,         NaN
,,,          NaN,,,,          NaN,         NaN
,,,          NaN,,,,          NaN,         NaN
,,,          NaN,,,,          NaN,         NaN
,,,          NaN,,,,          NaN,         NaN
,,,          NaN,,,,          NaN,         NaN
,,,          NaN,,,,          NaN,         NaN
,,,          NaN,,,,          NaN,         NaN
,,,          NaN,,,,          NaN,         NaN
,,,          NaN,,,,          NaN,         NaN
,,,          NaN,,,,          NaN,         NaN
,,,          NaN,,,,          NaN,         NaN
,,,          NaN,,,,          NaN,         NaN
,,,          NaN,,,,          NaN,         NaN
,,,          NaN,,,,          NaN,         NaN
,,,          NaN,,,,          NaN,         NaN
,,,          NaN,,,,          NaN,         NaN
,,,          NaN,,,,          NaN,         NaN
,,,          NaN,,,,          NaN,         NaN
,,,          NaN,,,,          NaN,         NaN
,,,          NaN,,,,          NaN,         NaN
,,,          NaN,,,,          NaN,         NaN
,,,          NaN,,,,          NaN,         NaN
,,,          NaN,,,,          NaN,         NaN
,,,          NaN,,,,          NaN,         NaN
,,,          NaN,,,,          NaN,         NaN
,,,          NaN,,,,          NaN,         NaN
,,,          NaN,,,,          NaN,         NaN
,,,          NaN,,,,          NaN,         NaN
,,,          NaN,,,,          NaN,         NaN
,,,          NaN,,,,          NaN,         NaN
,,,          NaN,,,,          NaN,         NaN
,,,          NaN,,,,          NaN,         NaN
,,,          NaN,,,,          NaN,         NaN
,,,          NaN,,,,          NaN,         NaN
,,,          NaN,,,,          NaN,         NaN
,,,          NaN,,,,          NaN,         NaN
,,,          NaN,,,,          NaN,         NaN
,,,          NaN,,,,          NaN,         NaN
,,,          NaN,,,,          NaN,         NaN
,,,          NaN,,,,          NaN,         NaN
,,,          NaN,,,,          NaN,         NaN
,,,          NaN,,,,          NaN,         NaN
,,,          NaN,,,,          NaN,         NaN
,,,          NaN,,,,          NaN,         NaN
,,,          NaN,,,,          NaN,         NaN
,,,          NaN,,,,          NaN,         NaN
,,,          NaN,,,,          NaN,         NaN
,,,          NaN,,,,          NaN,         NaN
,,,          NaN,,,,          NaN,         NaN
,,,          NaN,,,,          NaN,         NaN
,,,          NaN,,,,          NaN,         NaN
,,,          NaN,,,,          NaN,         NaN
,,,          NaN,,,,          NaN,         NaN
,,,          NaN,,,,          NaN,         NaN
,,,          NaN,,,,          NaN,         NaN
,,,          NaN,,,,          NaN,         NaN
,,,          NaN,,,,          NaN,         NaN
,,,          NaN,,,,          NaN,         NaN
,,,          NaN,,,,          NaN,         NaN
,,,          NaN,,,,          NaN,         NaN
,,,          NaN,,,,          NaN,         NaN
,,,          NaN,,,,          NaN,         NaN
,,,          NaN,,,,          NaN,         NaN
,,,          NaN,,,,          NaN,         NaN
,,,          NaN,,,,          NaN,         NaN
,,,          NaN,,,,          NaN,         NaN
,,,          NaN,,,,          NaN,         NaN
,,,          NaN,,,,          NaN,         NaN
,,,          NaN,,,,          NaN,         NaN
,,,          NaN,,,,          NaN,         NaN
,,,          NaN,,,,          NaN,         NaN
,,,          NaN,,,,          NaN,         NaN
,,,          NaN,,,,          NaN,         NaN
,,,          NaN,,,,          NaN,         NaN
,,,          NaN,,,,          NaN,         NaN
,,,          NaN,,,,          NaN,         NaN
,,,          NaN,,,,          NaN,         NaN
,,,          NaN,,,,          NaN,         NaN
,,,          NaN,,,,          NaN,         NaN
,,,          NaN,,,,          NaN,         NaN
,,,          NaN,,,,          NaN,         NaN
,,,          NaN,,,,          NaN,         NaN
,,,          NaN,,,,          NaN,         NaN
,,,          NaN,,,,          NaN,         NaN
,,,          NaN,,,,          NaN,         NaN
,,,          NaN,,,,          NaN,         NaN
,,,          NaN,,,,          NaN,         NaN
,,,          NaN,,,,          NaN,         NaN
,,,          NaN,,,,          NaN,         NaN
,,,          NaN,,,,          NaN,         NaN
,,,          NaN,,,,          NaN,         NaN
,,,          NaN,,,,          NaN,         NaN
,,,          NaN,,,,          NaN,         NaN
,,,          NaN,,,,          NaN,         NaN
,,,          NaN,,,,          NaN,         NaN
,,,          NaN,,,,          NaN,         NaN
,,,          NaN,,,,          NaN,         NaN
,,,          NaN,,,,          NaN,         NaN
,,,          NaN,,,,          NaN,         NaN
,,,          NaN,,,,          NaN,         NaN
,,,          NaN,,,,          NaN,         NaN
,,,          NaN,,,,          NaN,         NaN
,,,          NaN,,,,          NaN,         NaN
,,,          NaN,,,,          NaN,         NaN
,,,          NaN,,,,          NaN,         NaN
,,,          NaN,,,,          NaN,         NaN
,,,          NaN,,,,          NaN,         NaN
,,,          NaN,,,,          NaN,         NaN
,,,          NaN,,,,          NaN,         NaN
,,,          NaN,,,,          NaN,         NaN
,,,          NaN,,,,          NaN,         NaN
,,,          NaN,,,,          NaN,         NaN
,,,          NaN,,,,          NaN,         NaN
,,,          NaN,,,,          NaN,         NaN
,,,          NaN,,,,          NaN,         NaN
,,,          NaN,,,,          NaN,         NaN
,,,          NaN,,,,          NaN,         NaN
,,,          NaN,,,,          NaN,         NaN
,,,          NaN,,,,          NaN,         NaN
,,,          NaN,,,,          NaN,         NaN
,,,          NaN,,,,          NaN,         NaN
,,,          NaN,,,,          NaN,         NaN
,,,          NaN,,,,          NaN,         NaN
,,,          NaN,,,,          NaN,         NaN
,,,          NaN,,,,          NaN,         NaN
,,,          NaN,,,,          NaN,         NaN
,,,          NaN,,,,          NaN,         NaN
,,,          NaN,,,,          NaN,         NaN
,,,          NaN,,,,          NaN,         NaN
,,,          NaN,,,,          NaN,         NaN
,,,          NaN,,,,          NaN,         NaN
,,,          NaN,,,,          NaN,         NaN
,,,          NaN,,,,          NaN,         NaN
,,,          NaN,,,,          NaN,         NaN
,,,          NaN,,,,          NaN,         NaN
,,,          NaN,,,,          NaN,         NaN
,,,          NaN,,,,          NaN,         NaN
,,,          NaN,,,,          NaN,         NaN
,,,          NaN,,,,          NaN,         NaN
,,,          NaN,,,,          NaN,         NaN
,,,          NaN,,,,          NaN,         NaN
,,,          NaN,,,,          NaN,         NaN
,,,          NaN,,,,          NaN,         NaN
,,,          NaN,,,,          NaN,         NaN
,,,          NaN,,,,          NaN,         NaN
,,,          NaN,,,,          NaN,         NaN
,,,          NaN,,,,          NaN,         NaN
,,,          NaN,,,,          NaN,         NaN
,,,          NaN,,,,          NaN,         NaN
,,,          NaN,,,,          NaN,         NaN
,,,          NaN,,,,          NaN,         NaN
,,,          NaN,,,,          NaN,         NaN
,,,          NaN,,,,          NaN,         NaN
,,,          NaN,,,,          NaN,         NaN
,,,          NaN,,,,          NaN,         NaN
,,,          NaN,,,,          NaN,         NaN
,,,          NaN,,,,          NaN,         NaN
,,,          NaN,,,,          NaN,         NaN
,,,          NaN,,,,          NaN,         NaN
,,,          NaN,,,,          NaN,         NaN
,,,          NaN,,,,          NaN,         NaN
,,,          NaN,,,,          NaN,         NaN
,,,          NaN,,,,          NaN,         NaN
,,,          NaN,,,,          NaN,         NaN
,,,          NaN,,,,          NaN,         NaN
,,,          NaN,,,,          NaN,         NaN
,,,          NaN,,,,          NaN,         NaN
,,,          NaN,,,,          NaN,         NaN
,,,          NaN,,,,          NaN,         NaN
,,,          NaN,,,,          NaN,         NaN
,,,          NaN,,,,          NaN,         NaN
,,,          NaN,,,,          NaN,         NaN
,,,          NaN,,,,          NaN,         NaN
,,,          NaN,,,,          NaN,         NaN
,,,          NaN,,,,          NaN,         NaN
,,,          NaN,,,,          NaN,         NaN
,,,          NaN,,,,          NaN,         NaN
,,,          NaN,,,,          NaN,         NaN
,,,          NaN,,,,          NaN,         NaN
,,,          NaN,,,,          NaN,         NaN
,,,          NaN,,,,          NaN,         NaN
,,,          NaN,,,,          NaN,         NaN
,,,          NaN,,,,          NaN,         NaN
,,,          NaN,,,,          NaN,         NaN
,,,          NaN,,,,          NaN,         NaN
,,,          NaN,,,,          NaN,         NaN
,,,          NaN,,,,          NaN,         NaN
,,,          NaN,,,,          NaN,         NaN
,,,          NaN,,,,          NaN,         NaN
,,,          NaN,,,,          NaN,         NaN
,,,          NaN,,,,          NaN,         NaN
,,,          NaN,,,,          NaN,         NaN
,,,          NaN,,,,          NaN,         NaN
,,,          NaN,,,,          NaN,         NaN
,,,          NaN,,,,          NaN,         NaN
,,,          NaN,,,,          NaN,         NaN
,,,          NaN,,,,          NaN,         NaN
,,,          NaN,,,,          NaN,         NaN
,,,          NaN,,,,          NaN,         NaN
,,,          NaN,,,,          NaN,         NaN
,,,          NaN,,,,          NaN,         NaN
,,,          NaN,,,,          NaN,         NaN
,,,          NaN,,,,          NaN,         NaN
,,,          NaN,,,,          NaN,         NaN
,,,          NaN,,,,          NaN,         NaN
,,,          NaN,,,,          NaN,         NaN
,,,          NaN,,,,          NaN,         NaN
,,,          NaN,,,,          NaN,         NaN
,,,          NaN,,,,          NaN,         NaN
,,,          NaN,,,,          NaN,         NaN
,,,          NaN,,,,          NaN,         NaN
,,,          NaN,,,,          NaN,         NaN
,,,          NaN,,,,          NaN,         NaN
,,,          NaN,,,,          NaN,         NaN
,,,          NaN,,,,          NaN,         NaN
,,,          NaN,,,,          NaN,         NaN
,,,          NaN,,,,          NaN,         NaN
,,,          NaN,,,,          NaN,         NaN
,,,          NaN,,,,          NaN,         NaN
,,,          NaN,,,,          NaN,         NaN
,,,          NaN,,,,          NaN,         NaN
,,,          NaN,,,,          NaN,         NaN
,,,          NaN,,,,          NaN,         NaN
,,,          NaN,,,,          NaN,         NaN
,,,          NaN,,,,          NaN,         NaN
,,,          NaN,,,,          NaN,         NaN
,,,          NaN,,,,          NaN,         NaN
,,,          NaN,,,,          NaN,         NaN
,,,          NaN,,,,          NaN,         NaN
,,,          NaN,,,,          NaN,         NaN
,,,          NaN,,,,          NaN,         NaN
,,,          NaN,,,,          NaN,         NaN
,,,          NaN,,,,          NaN,         NaN
,,,          NaN,,,,          NaN,         NaN
,,,          NaN,,,,          NaN,         NaN
,,,          NaN,,,,          NaN,         NaN
,,,          NaN,,,,          NaN,         NaN
,,,          NaN,,,,          NaN,         NaN
,,,          NaN,,,,          NaN,         NaN
,,,          NaN,,,,          NaN,         NaN
,,,          NaN,,,,          NaN,         NaN
,,,          NaN,,,,          NaN,         NaN
,,,          NaN,,,,          NaN,         NaN
,,,          NaN,,,,          NaN,         NaN
,,,          NaN,,,,          NaN,         NaN
,,,          NaN,,,,          NaN,         NaN
,,,          NaN,,,,          NaN,         NaN
,,,          NaN,,,,          NaN,         NaN
,,,          NaN,,,,          NaN,         NaN
,,,          NaN,,,,          NaN,         NaN
,,,          NaN,,,,          NaN,         NaN
,,,          NaN,,,,          NaN,         NaN
,,,          NaN,,,,          NaN,         NaN
,,,          NaN,,,,          NaN,         NaN
,,,          NaN,,,,          NaN,         NaN
,,,          NaN,,,,          NaN,         NaN
,,,          NaN,,,,          NaN,         NaN
,,,          NaN,,,,          NaN,         NaN
,,,          NaN,,,,          NaN,         NaN
,,,          NaN,,,,          NaN,         NaN
,,,          NaN,,,,          NaN,         NaN
,,,          NaN,,,,          NaN,         NaN
,,,          NaN,,,,          NaN,         NaN
,,,          NaN,,,,          NaN,         NaN
,,,          NaN,,,,          NaN,         NaN
,,,          NaN,,,,          NaN,         NaN
,,,          NaN,,,,          NaN,         NaN
,,,          NaN,,,,          NaN,         NaN
,,,          NaN,,,,          NaN,         NaN
,,,          NaN,,,,          NaN,         NaN
,,,          NaN,,,,          NaN,         NaN
,,,          NaN,,,,          NaN,         NaN
,,,          NaN,,,,          NaN,         NaN
,,,          NaN,,,,          NaN,         NaN
,,,          NaN,,,,          NaN,         NaN
,,,          NaN,,,,          NaN,         NaN
,,,          NaN,,,,          NaN,         NaN
,,,          NaN,,,,          NaN,         NaN
,,,          NaN,,,,          NaN,         NaN
,,,          NaN,,,,          NaN,         NaN
,,,          NaN,,,,          NaN,         NaN
,,,          NaN,,,,          NaN,         NaN
,,,          NaN,,,,          NaN,         NaN
,,,          NaN,,,,          NaN,         NaN
,,,          NaN,,,,          NaN,         NaN
,,,          NaN,,,,          NaN,         NaN
,,,          NaN,,,,          NaN,         NaN
,,,          NaN,,,,          NaN,         NaN
,,,          NaN,,,,          NaN,         NaN
,,,          NaN,,,,          NaN,         NaN
,,,          NaN,,,,          NaN,         NaN
,,,          NaN,,,,          NaN,         NaN
,,,          NaN,,,,          NaN,         NaN
,,,          NaN,,,,          NaN,         NaN
,,,          NaN,,,,          NaN,         NaN
,,,          NaN,,,,          NaN,         NaN
,,,          NaN,,,,          NaN,         NaN
,,,          NaN,,,,          NaN,         NaN
,,,          NaN,,,,          NaN,         NaN
,,,          NaN,,,,          NaN,         NaN
,,,          NaN,,,,          NaN,         NaN
,,,          NaN,,,,          NaN,         NaN
,,,          NaN,,,,          NaN,         NaN
,,,          NaN,,,,          NaN,         NaN
,,,          NaN,,,,          NaN,         NaN
,,,          NaN,,,,          NaN,         NaN
,,,          NaN,,,,          NaN,         NaN
,,,          NaN,,,,          NaN,         NaN
,,,          NaN,,,,          NaN,         NaN
,,,          NaN,,,,          NaN,         NaN
,,,          NaN,,,,          NaN,         NaN
,,,          NaN,,,,          NaN,         NaN
,,,          NaN,,,,          NaN,         NaN
,,,          NaN,,,,          NaN,         NaN
,,,          NaN,,,,          NaN,         NaN
,,,          NaN,,,,          NaN,         NaN
,,,          NaN,,,,          NaN,         NaN
,,,          NaN,,,,          NaN,         NaN
,,,          NaN,,,,          NaN,         NaN
,,,          NaN,,,,          NaN,         NaN
,,,          NaN,,,,          NaN,         NaN
,,,          NaN,,,,          NaN,         NaN
,,,          NaN,,,,          NaN,         NaN
,,,          NaN,,,,          NaN,         NaN
,,,          NaN,,,,          NaN,         NaN
,,,          NaN,,,,          NaN,         NaN
,,,          NaN,,,,          NaN,         NaN
,,,          NaN,,,,          NaN,         NaN
,,,          NaN,,,,          NaN,         NaN
,,,          NaN,,,,          NaN,         NaN
,,,          NaN,,,,          NaN,         NaN
,,,          NaN,,,,          NaN,         NaN
,,,          NaN,,,,          NaN,         NaN
,,,          NaN,,,,          NaN,         NaN
,,,          NaN,,,,          NaN,         NaN
,,,          NaN,,,,          NaN,         NaN
,,,          NaN,,,,          NaN,         NaN
,,,          NaN,,,,          NaN,         NaN
,,,          NaN,,,,          NaN,         NaN
,,,          NaN,,,,          NaN,         NaN
,,,          NaN,,,,          NaN,         NaN
,,,          NaN,,,,          NaN,         NaN
,,,          NaN,,,,          NaN,         NaN
,,,          NaN,,,,          NaN,         NaN
,,,          NaN,,,,          NaN,         NaN
,,,          NaN,,,,          NaN,         NaN
,,,          NaN,,,,          NaN,         NaN
,,,          NaN,,,,          NaN,         NaN
,,,          NaN,,,,          NaN,         NaN
,,,          NaN,,,,          NaN,         NaN
,,,          NaN,,,,          NaN,         NaN
,,,          NaN,,,,          NaN,         NaN
,,,          NaN,,,,          NaN,         NaN
,,,          NaN,,,,          NaN,         NaN
,,,          NaN,,,,          NaN,         NaN
,,,          NaN,,,,          NaN,         NaN
,,,          NaN,,,,          NaN,         NaN
,,,          NaN,,,,          NaN,         NaN
,,,          NaN,,,,          NaN,         NaN
,,,          NaN,,,,          NaN,         NaN
,,,          NaN,,,,          NaN,         NaN
,,,          NaN,,,,          NaN,         NaN
,,,          NaN,,,,          NaN,         NaN
,,,          NaN,,,,          NaN,         NaN
,,,          NaN,,,,          NaN,         NaN
,,,          NaN,,,,          NaN,         NaN
,,,          NaN,,,,          NaN,         NaN
,,,          NaN,,,,          NaN,         NaN
,,,          NaN,,,,          NaN,         NaN
,,,          NaN,,,,          NaN,         NaN
,,,          NaN,,,,          NaN,         NaN
,,,          NaN,,,,          NaN,         NaN
,,,          NaN,,,,          NaN,         NaN
,,,          NaN,,,,          NaN,         NaN
,,,          NaN,,,,          NaN,         NaN
,,,          NaN,,,,          NaN,         NaN
,,,          NaN,,,,          NaN,         NaN
,,,          NaN,,,,          NaN,         NaN
,,,          NaN,,,,          NaN,         NaN
,,,          NaN,,,,          NaN,         NaN
,,,          NaN,,,,          NaN,         NaN
,,,          NaN,,,,          NaN,         NaN
,,,          NaN,,,,          NaN,         NaN
,,,          NaN,,,,          NaN,         NaN
,,,          NaN,,,,          NaN,         NaN
,,,          NaN,,,,          NaN,         NaN
,,,          NaN,,,,          NaN,         NaN
,,,          NaN,,,,          NaN,         NaN
,,,          NaN,,,,          NaN,         NaN
,,,          NaN,,,,          NaN,         NaN
,,,          NaN,,,,          NaN,         NaN
,,,          NaN,,,,          NaN,         NaN
,,,          NaN,,,,          NaN,         NaN
,,,          NaN,,,,          NaN,         NaN
,,,          NaN,,,,          NaN,         NaN
,,,          NaN,,,,          NaN,         NaN
,,,          NaN,,,,          NaN,         NaN
,,,          NaN,,,,          NaN,         NaN
,,,          NaN,,,,          NaN,         NaN
,,,          NaN,,,,          NaN,         NaN
,,,          NaN,,,,          NaN,         NaN
,,,          NaN,,,,          NaN,         NaN
,,,          NaN,,,,          NaN,         NaN
,,,          NaN,,,,          NaN,         NaN
,,,          NaN,,,,          NaN,         NaN
,,,          NaN,,,,          NaN,         NaN
,,,          NaN,,,,          NaN,         NaN
,,,          NaN,,,,          NaN,         NaN
,,,          NaN,,,,          NaN,         NaN
,,,          NaN,,,,          NaN,         NaN
,,,          NaN,,,,          NaN,         NaN
,,,          NaN,,,,          NaN,         NaN
,,,          NaN,,,,          NaN,         NaN
,,,          NaN,,,,          NaN,         NaN
,,,          NaN,,,,          NaN,         NaN
,,,          NaN,,,,          NaN,         NaN
,,,          NaN,,,,          NaN,         NaN
,,,          NaN,,,,          NaN,         NaN
,,,          NaN,,,,          NaN,         NaN
,,,          NaN,,,,          NaN,         NaN
,,,          NaN,,,,          NaN,         NaN
,,,          NaN,,,,          NaN,         NaN
,,,          NaN,,,,          NaN,         NaN
,,,          NaN,,,,          NaN,         NaN
,,,          NaN,,,,          NaN,         NaN
,,,          NaN,,,,          NaN,         NaN
,,,          NaN,,,,          NaN,         NaN
,,,          NaN,,,,          NaN,         NaN
,,,          NaN,,,,          NaN,         NaN
,,,          NaN,,,,          NaN,         NaN
,,,          NaN,,,,          NaN,         NaN
,,,          NaN,,,,          NaN,         NaN
,,,          NaN,,,,          NaN,         NaN
,,,          NaN,,,,          NaN,         NaN
,,,          NaN,,,,          NaN,         NaN
,,,          NaN,,,,          NaN,         NaN
,,,          NaN,,,,          NaN,         NaN
,,,          NaN,,,,          NaN,         NaN
,,,          NaN,,,,          NaN,         NaN
,,,          NaN,,,,          NaN,         NaN
,,,          NaN,,,,          NaN,         NaN
,,,          NaN,,,,          NaN,         NaN
,,,          NaN,,,,          NaN,         NaN
,,,          NaN,,,,          NaN,         NaN
,,,          NaN,,,,          NaN,         NaN
,,,          NaN,,,,          NaN,         NaN
,,,          NaN,,,,          NaN,         NaN
,,,          NaN,,,,          NaN,         NaN
,,,          NaN,,,,          NaN,         NaN
,,,          NaN,,,,          NaN,         NaN
,,,          NaN,,,,          NaN,         NaN
,,,          NaN,,,,          NaN,         NaN
,,,          NaN,,,,          NaN,         NaN
,,,          NaN,,,,          NaN,         NaN
,,,          NaN,,,,          NaN,         NaN
,,,          NaN,,,,          NaN,         NaN
,,,          NaN,,,,          NaN,         NaN
,,,          NaN,,,,          NaN,         NaN
,,,          NaN,,,,          NaN,         NaN
,,,          NaN,,,,          NaN,         NaN
,,,          NaN,,,,          NaN,         NaN
,,,          NaN,,,,          NaN,         NaN
,,,          NaN,,,,          NaN,         NaN
,,,          NaN,,,,          NaN,         NaN
,,,          NaN,,,,          NaN,         NaN
,,,          NaN,,,,          NaN,         NaN
,,,          NaN,,,,          NaN,         NaN
,,,          NaN,,,,          NaN,         NaN
,,,          NaN,,,,          NaN,         NaN
,,,          NaN,,,,          NaN,         NaN
,,,          NaN,,,,          NaN,         NaN
,,,          NaN,,,,          NaN,         NaN
,,,          NaN,,,,          NaN,         NaN
,,,          NaN,,,,          NaN,         NaN
,,,          NaN,,,,          NaN,         NaN
,,,          NaN,,,,          NaN,         NaN
,,,          NaN,,,,          NaN,         NaN
,,,          NaN,,,,          NaN,         NaN
,,,          NaN,,,,          NaN,         NaN
,,,          NaN,,,,          NaN,         NaN
,,,          NaN,,,,          NaN,         NaN
,,,          NaN,,,,          NaN,         NaN
,,,          NaN,,,,          NaN,         NaN
,,,          NaN,,,,          NaN,         NaN
,,,          NaN,,,,          NaN,         NaN
,,,          NaN,,,,          NaN,         NaN
,,,          NaN,,,,          NaN,         NaN
,,,          NaN,,,,          NaN,         NaN
,,,          NaN,,,,          NaN,         NaN
,,,          NaN,,,,          NaN,         NaN
,,,          NaN,,,,          NaN,         NaN
,,,          NaN,,,,          NaN,         NaN
,,,          NaN,,,,          NaN,         NaN
,,,          NaN,,,,          NaN,         NaN
,,,          NaN,,,,          NaN,         NaN
,,,          NaN,,,,          NaN,         NaN
,,,          NaN,,,,          NaN,         NaN
,,,          NaN,,,,          NaN,         NaN
,,,          NaN,,,,          NaN,         NaN
,,,          NaN,,,,          NaN,         NaN
,,,          NaN,,,,          NaN,         NaN
,,,          NaN,,,,          NaN,         NaN
,,,          NaN,,,,          NaN,         NaN
,,,          NaN,,,,          NaN,         NaN
,,,          NaN,,,,          NaN,         NaN
,,,          NaN,,,,          NaN,         NaN
,,,          NaN,,,,          NaN,         NaN
,,,          NaN,,,,          NaN,         NaN
,,,          NaN,,,,          NaN,         NaN
,,,          NaN,,,,          NaN,         NaN
,,,          NaN,,,,          NaN,         NaN
,,,          NaN,,,,          NaN,         NaN
,,,          NaN,,,,          NaN,         NaN
,,,          NaN,,,,          NaN,         NaN
,,,          NaN,,,,          NaN,         NaN
,,,          NaN,,,,          NaN,         NaN
,,,          NaN,,,,          NaN,         NaN
,,,          NaN,,,,          NaN,         NaN
,,,          NaN,,,,          NaN,         NaN
,,,          NaN,,,,          NaN,         NaN
,,,          NaN,,,,          NaN,         NaN
,,,          NaN,,,,          NaN,         NaN
,,,          NaN,,,,          NaN,         NaN
,,,          NaN,,,,          NaN,         NaN
,,,          NaN,,,,          NaN,         NaN
,,,          NaN,,,,          NaN,         NaN
,,,          NaN,,,,          NaN,         NaN
,,,          NaN,,,,          NaN,         NaN
,,,          NaN,,,,          NaN,         NaN
,,,          NaN,,,,          NaN,         NaN
,,,          NaN,,,,          NaN,         NaN
,,,          NaN,,,,          NaN,         NaN
,,,          NaN,,,,          NaN,         NaN
,,,          NaN,,,,          NaN,         NaN
,,,          NaN,,,,          NaN,         NaN
,,,          NaN,,,,          NaN,         NaN
,,,          NaN,,,,          NaN,         NaN
,,,          NaN,,,,          NaN,         NaN
,,,          NaN,,,,          NaN,         NaN
,,,          NaN,,,,          NaN,         NaN
,,,          NaN,,,,          NaN,         NaN
,,,          NaN,,,,          NaN,         NaN
,,,          NaN,,,,          NaN,         NaN
,,,          NaN,,,,          NaN,         NaN
,,,          NaN,,,,          NaN,         NaN
,,,          NaN,,,,          NaN,         NaN
,,,          NaN,,,,          NaN,         NaN
,,,          NaN,,,,          NaN,         NaN
,,,          NaN,,,,          NaN,         NaN
,,,          NaN,,,,          NaN,         NaN
,,,          NaN,,,,          NaN,         NaN
,,,          NaN,,,,          NaN,         NaN
,,,          NaN,,,,          NaN,         NaN
,,,          NaN,,,,          NaN,         NaN
,,,          NaN,,,,          NaN,         NaN
,,,          NaN,,,,          NaN,         NaN
,,,          NaN,,,,          NaN,         NaN
,,,          NaN,,,,          NaN,         NaN
,,,          NaN,,,,          NaN,         NaN
,,,          NaN,,,,          NaN,         NaN
,,,          NaN,,,,          NaN,         NaN
,,,          NaN,,,,          NaN,         NaN
,,,          NaN,,,,          NaN,         NaN
,,,          NaN,,,,          NaN,         NaN
,,,          NaN,,,,          NaN,         NaN
,,,          NaN,,,,          NaN,         NaN
,,,          NaN,,,,          NaN,         NaN
,,,          NaN,,,,          NaN,         NaN
,,,          NaN,,,,          NaN,         NaN
,,,          NaN,,,,          NaN,         NaN
,,,          NaN,,,,          NaN,         NaN
,,,          NaN,,,,          NaN,         NaN
,,,          NaN,,,,          NaN,         NaN
,,,          NaN,,,,          NaN,         NaN
,,,          NaN,,,,          NaN,         NaN
,,,          NaN,,,,          NaN,         NaN
,,,          NaN,,,,          NaN,         NaN
,,,          NaN,,,,          NaN,         NaN
,,,          NaN,,,,          NaN,         NaN
,,,          NaN,,,,          NaN,         NaN
,,,          NaN,,,,          NaN,         NaN
,,,          NaN,,,,          NaN,         NaN
,,,          NaN,,,,          NaN,         NaN
,,,          NaN,,,,          NaN,         NaN
,,,          NaN,,,,          NaN,         NaN
,,,          NaN,,,,          NaN,         NaN
,,,          NaN,,,,          NaN,         NaN
,,,          NaN,,,,          NaN,         NaN
,,,          NaN,,,,          NaN,         NaN
,,,          NaN,,,,          NaN,         NaN
,,,          NaN,,,,          NaN,         NaN
,,,          NaN,,,,          NaN,         NaN
,,,          NaN,,,,          NaN,         NaN
,,,          NaN,,,,          NaN,         NaN
,,,          NaN,,,,          NaN,         NaN
,,,          NaN,,,,          NaN,         NaN
,,,          NaN,,,,          NaN,         NaN
,,,          NaN,,,,          NaN,         NaN
,,,          NaN,,,,          NaN,         NaN
,,,          NaN,,,,          NaN,         NaN
,,,          NaN,,,,          NaN,         NaN
,,,          NaN,,,,          NaN,         NaN
,,,          NaN,,,,          NaN,         NaN
,,,          NaN,,,,          NaN,         NaN
,,,          NaN,,,,          NaN,         NaN
,,,          NaN,,,,          NaN,         NaN
,,,          NaN,,,,          NaN,         NaN
,,,          NaN,,,,          NaN,         NaN
,,,          NaN,,,,          NaN,         NaN
,,,          NaN,,,,          NaN,         NaN
,,,          NaN,,,,          NaN,         NaN
,,,          NaN,,,,          NaN,         NaN
,,,          NaN,,,,          NaN,         NaN
,,,          NaN,,,,          NaN,         NaN
,,,          NaN,,,,          NaN,         NaN
,,,          NaN,,,,          NaN,         NaN
,,,          NaN,,,,          NaN,         NaN
,,,          NaN,,,,          NaN,         NaN
,,,          NaN,,,,          NaN,         NaN
,,,          NaN,,,,          NaN,         NaN
,,,          NaN,,,,          NaN,         NaN
,,,          NaN,,,,          NaN,         NaN
,,,          NaN,,,,          NaN,         NaN
,,,          NaN,,,,          NaN,         NaN
,,,          NaN,,,,          NaN,         NaN
,,,          NaN,,,,          NaN,         NaN
,,,          NaN,,,,          NaN,         NaN
,,,          NaN,,,,          NaN,         NaN
,,,          NaN,,,,          NaN,         NaN
,,,          NaN,,,,          NaN,         NaN
,,,          NaN,,,,          NaN,         NaN
,,,          NaN,,,,          NaN,         NaN
,,,          NaN,,,,          NaN,         NaN
,,,          NaN,,,,          NaN,         NaN
,,,          NaN,,,,          NaN,         NaN
,,,          NaN,,,,          NaN,         NaN
,,,          NaN,,,,          NaN,         NaN
,,,          NaN,,,,          NaN,         NaN
,,,          NaN,,,,          NaN,         NaN
,,,          NaN,,,,          NaN,         NaN
,,,          NaN,,,,          NaN,         NaN
,,,          NaN,,,,          NaN,         NaN
,,,          NaN,,,,          NaN,         NaN
,,,          NaN,,,,          NaN,         NaN
,,,          NaN,,,,          NaN,         NaN
,,,          NaN,,,,          NaN,         NaN
,,,          NaN,,,,          NaN,         NaN
,,,          NaN,,,,          NaN,         NaN
,,,          NaN,,,,          NaN,         NaN
,,,          NaN,,,,          NaN,         NaN
,,,          NaN,,,,          NaN,         NaN
,,,          NaN,,,,          NaN,         NaN
,,,          NaN,,,,          NaN,         NaN
,,,          NaN,,,,          NaN,         NaN
,,,          NaN,,,,          NaN,         NaN
,,,          NaN,,,,          NaN,         NaN
,,,          NaN,,,,          NaN,         NaN
,,,          NaN,,,,          NaN,         NaN
,,,          NaN,,,,          NaN,         NaN
,,,          NaN,,,,          NaN,         NaN
,,,          NaN,,,,          NaN,         NaN
,,,          NaN,,,,          NaN,         NaN
,,,          NaN,,,,          NaN,         NaN
,,,          NaN,,,,          NaN,         NaN
,,,          NaN,,,,          NaN,         NaN
,,,          NaN,,,,          NaN,         NaN
,,,          NaN,,,,          NaN,         NaN
,,,          NaN,,,,          NaN,         NaN
,,,          NaN,,,,          NaN,         NaN
,,,          NaN,,,,          NaN,         NaN
,,,          NaN,,,,          NaN,         NaN
,,,          NaN,,,,          NaN,         NaN
,,,          NaN,,,,          NaN,         NaN
,,,          NaN,,,,          NaN,         NaN
,,,          NaN,,,,          NaN,         NaN
,,,          NaN,,,,          NaN,         NaN
,,,          NaN,,,,          NaN,         NaN
,,,          NaN,,,,          NaN,         NaN
,,,          NaN,,,,          NaN,         NaN
,,,          NaN,,,,          NaN,         NaN
,,,          NaN,,,,          NaN,         NaN
,,,          NaN,,,,          NaN,         NaN
,,,          NaN,,,,          NaN,         NaN
,,,          NaN,,,,          NaN,         NaN
,,,          NaN,,,,          NaN,         NaN
,,,          NaN,,,,          NaN,         NaN
,,,          NaN,,,,          NaN,         NaN
,,,          NaN,,,,          NaN,         NaN
,,,          NaN,,,,          NaN,         NaN
,,,          NaN,,,,          NaN,         NaN
,,,          NaN,,,,          NaN,         NaN
,,,          NaN,,,,          NaN,         NaN
,,,          NaN,,,,          NaN,         NaN
,,,          NaN,,,,          NaN,         NaN
,,,          NaN,,,,          NaN,         NaN
,,,          NaN,,,,          NaN,         NaN
,,,          NaN,,,,          NaN,         NaN
,,,          NaN,,,,          NaN,         NaN
,,,          NaN,,,,          NaN,         NaN
,,,          NaN,,,,          NaN,         NaN
,,,          NaN,,,,          NaN,         NaN
,,,          NaN,,,,          NaN,         NaN
,,,          NaN,,,,          NaN,         NaN
,,,          NaN,,,,          NaN,         NaN
,,,          NaN,,,,          NaN,         NaN
,,,          NaN,,,,          NaN,         NaN
,,,          NaN,,,,          NaN,         NaN
,,,          NaN,,,,          NaN,         NaN
,,,          NaN,,,,          NaN,         NaN
,,,          NaN,,,,          NaN,         NaN
,,,          NaN,,,,          NaN,         NaN
,,,          NaN,,,,          NaN,         NaN
,,,          NaN,,,,          NaN,         NaN
,,,          NaN,,,,          NaN,         NaN
,,,          NaN,,,,          NaN,         NaN
,,,          NaN,,,,          NaN,         NaN
,,,          NaN,,,,          NaN,         NaN
,,,          NaN,,,,          NaN,         NaN
,,,          NaN,,,,          NaN,         NaN
,,,          NaN,,,,          NaN,         NaN
,,,          NaN,,,,          NaN,         NaN
,,,          NaN,,,,          NaN,         NaN
,,,          NaN,,,,          NaN,         NaN
,,,          NaN,,,,          NaN,         NaN
,,,          NaN,,,,          NaN,         NaN
,,,          NaN,,,,          NaN,         NaN
,,,          NaN,,,,          NaN,         NaN
,,,          NaN,,,,          NaN,         NaN
,,,          NaN,,,,          NaN,         NaN
,,,          NaN,,,,          NaN,         NaN
,,,          NaN,,,,          NaN,         NaN
,,,          NaN,,,,          NaN,         NaN
,,,          NaN,,,,          NaN,         NaN
,,,          NaN,,,,          NaN,         NaN
,,,          NaN,,,,          NaN,         NaN
,,,          NaN,,,,          NaN,         NaN
,,,          NaN,,,,          NaN,         NaN
,,,          NaN,,,,          NaN,         NaN
,,,          NaN,,,,          NaN,         NaN
,,,          NaN,,,,          NaN,         NaN
,,,          NaN,,,,          NaN,         NaN
,,,          NaN,,,,          NaN,         NaN
,,,          NaN,,,,          NaN,         NaN
,,,          NaN,,,,          NaN,         NaN
,,,          NaN,,,,          NaN,         NaN
,,,          NaN,,,,          NaN,         NaN
,,,          NaN,,,,          NaN,         NaN
,,,          NaN,,,,          NaN,         NaN
,,,          NaN,,,,          NaN,         NaN
,,,          NaN,,,,          NaN,         NaN
,,,          NaN,,,,          NaN,         NaN
,,,          NaN,,,,          NaN,         NaN
,,,          NaN,,,,          NaN,         NaN
,,,          NaN,,,,          NaN,         NaN
,,,          NaN,,,,          NaN,         NaN
,,,          NaN,,,,          NaN,         NaN
,,,          NaN,,,,          NaN,         NaN
,,,          NaN,,,,          NaN,         NaN
,,,          NaN,,,,          NaN,         NaN
,,,          NaN,,,,          NaN,         NaN
,,,          NaN,,,,          NaN,         NaN
,,,          NaN,,,,          NaN,         NaN
,,,          NaN,,,,          NaN,         NaN
,,,          NaN,,,,          NaN,         NaN
,,,          NaN,,,,          NaN,         NaN
,,,          NaN,,,,          NaN,         NaN
,,,          NaN,,,,          NaN,         NaN
,,,          NaN,,,,          NaN,         NaN
,,,          NaN,,,,          NaN,         NaN
,,,          NaN,,,,          NaN,         NaN
,,,          NaN,,,,          NaN,         NaN
,,,          NaN,,,,          NaN,         NaN
,,,          NaN,,,,          NaN,         NaN
,,,          NaN,,,,          NaN,         NaN
,,,          NaN,,,,          NaN,         NaN
,,,          NaN,,,,          NaN,         NaN
,,,          NaN,,,,          NaN,         NaN
,,,          NaN,,,,          NaN,         NaN
,,,          NaN,,,,          NaN,         NaN
,,,          NaN,,,,          NaN,         NaN
,,,          NaN,,,,          NaN,         NaN
,,,          NaN,,,,          NaN,         NaN
,,,          NaN,,,,          NaN,         NaN
,,,          NaN,,,,          NaN,         NaN
,,,          NaN,,,,          NaN,         NaN
,,,          NaN,,,,          NaN,         NaN
,,,          NaN,,,,          NaN,         NaN
,,,          NaN,,,,          NaN,         NaN
,,,          NaN,,,,          NaN,         NaN
,,,          NaN,,,,          NaN,         NaN
,,,          NaN,,,,          NaN,         NaN
,,,          NaN,,,,          NaN,         NaN
,,,          NaN,,,,          NaN,         NaN
,,,          NaN,,,,          NaN,         NaN
,,,          NaN,,,,          NaN,         NaN
,,,          NaN,,,,          NaN,         NaN
,,,          NaN,,,,          NaN,         NaN
,,,          NaN,,,,          NaN,         NaN
,,,          NaN,,,,          NaN,         NaN
,,,          NaN,,,,          NaN,         NaN
,,,          NaN,,,,          NaN,         NaN
,,,          NaN,,,,          NaN,         NaN
,,,          NaN,,,,          NaN,         NaN
,,,          NaN,,,,          NaN,         NaN
,,,          NaN,,,,          NaN,         NaN
,,,          NaN,,,,          NaN,         NaN
,,,          NaN,,,,          NaN,         NaN
,,,          NaN,,,,          NaN,         NaN
,,,          NaN,,,,          NaN,         NaN
,,,          NaN,,,,          NaN,         NaN
,,,          NaN,,,,          NaN,         NaN
,,,          NaN,,,,          NaN,         NaN
,,,          NaN,,,,          NaN,         NaN
,,,          NaN,,,,          NaN,         NaN
,,,          NaN,,,,          NaN,         NaN
,,,          NaN,,,,          NaN,         NaN
,,,          NaN,,,,          NaN,         NaN
,,,          NaN,,,,          NaN,         NaN
,,,          NaN,,,,          NaN,         NaN
,,,          NaN,,,,          NaN,         NaN
,,,          NaN,,,,          NaN,         NaN
,,,          NaN,,,,          NaN,         NaN
,,,          NaN,,,,          NaN,         NaN
,,,          NaN,,,,          NaN,         NaN
,,,          NaN,,,,          NaN,         NaN
,,,          NaN,,,,          NaN,         NaN
,,,          NaN,,,,          NaN,         NaN
,,,          NaN,,,,          NaN,         NaN
,,,          NaN,,,,          NaN,         NaN
,,,          NaN,,,,          NaN,         NaN
,,,          NaN,,,,          NaN,         NaN
,,,          NaN,,,,          NaN,         NaN
,,,          NaN,,,,          NaN,         NaN
,,,          NaN,,,,          NaN,         NaN
,,,          NaN,,,,          NaN,         NaN
,,,          NaN,,,,          NaN,         NaN
,,,          NaN,,,,          NaN,         NaN
,,,          NaN,,,,          NaN,         NaN
,,,          NaN,,,,          NaN,         NaN
,,,          NaN,,,,          NaN,         NaN
,,,          NaN,,,,          NaN,         NaN
,,,          NaN,,,,          NaN,         NaN
,,,          NaN,,,,          NaN,         NaN
,,,          NaN,,,,          NaN,         NaN
,,,          NaN,,,,          NaN,         NaN
,,,          NaN,,,,          NaN,         NaN
,,,          NaN,,,,          NaN,         NaN
,,,          NaN,,,,          NaN,         NaN
,,,          NaN,,,,          NaN,         NaN
,,,          NaN,,,,          NaN,         NaN
,,,          NaN,,,,          NaN,         NaN
,,,          NaN,,,,          NaN,         NaN
,,,          NaN,,,,          NaN,         NaN
,,,          NaN,,,,          NaN,         NaN
,,,          NaN,,,,          NaN,         NaN
,,,          NaN,,,,          NaN,         NaN
,,,          NaN,,,,          NaN,         NaN
,,,          NaN,,,,          NaN,         NaN
,,,          NaN,,,,          NaN,         NaN
,,,          NaN,,,,          NaN,         NaN
,,,          NaN,,,,          NaN,         NaN
,,,          NaN,,,,          NaN,         NaN
,,,          NaN,,,,          NaN,         NaN
,,,          NaN,,,,          NaN,         NaN
,,,          NaN,,,,          NaN,         NaN
,,,          NaN,,,,          NaN,         NaN
,,,          NaN,,,,          NaN,         NaN
,,,          NaN,,,,          NaN,         NaN
,,,          NaN,,,,          NaN,         NaN
,,,          NaN,,,,          NaN,         NaN
,,,          NaN,,,,          NaN,         NaN
,,,          NaN,,,,          NaN,         NaN
,,,          NaN,,,,          NaN,         NaN
,,,          NaN,,,,          NaN,         NaN
,,,          NaN,,,,          NaN,         NaN
,,,          NaN,,,,          NaN,         NaN
,,,          NaN,,,,          NaN,         NaN
,,,          NaN,,,,          NaN,         NaN
,,,          NaN,,,,          NaN,         NaN
,,,          NaN,,,,          NaN,         NaN
,,,          NaN,,,,          NaN,         NaN
,,,          NaN,,,,          NaN,         NaN
,,,          NaN,,,,          NaN,         NaN
,,,          NaN,,,,          NaN,         NaN
,,,          NaN,,,,          NaN,         NaN
,,,          NaN,,,,          NaN,         NaN
,,,          NaN,,,,          NaN,         NaN
,,,          NaN,,,,          NaN,         NaN
,,,          NaN,,,,          NaN,         NaN
,,,          NaN,,,,          NaN,         NaN
,,,          NaN,,,,          NaN,         NaN
,,,          NaN,,,,          NaN,         NaN
,,,          NaN,,,,          NaN,         NaN
,,,          NaN,,,,          NaN,         NaN
,,,          NaN,,,,          NaN,         NaN
,,,          NaN,,,,          NaN,         NaN
,,,          NaN,,,,          NaN,         NaN
,,,          NaN,,,,          NaN,         NaN
,,,          NaN,,,,          NaN,         NaN
,,,          NaN,,,,          NaN,         NaN
,,,          NaN,,,,          NaN,         NaN
,,,          NaN,,,,          NaN,         NaN
,,,          NaN,,,,          NaN,         NaN
,,,          NaN,,,,          NaN,         NaN
,,,          NaN,,,,          NaN,         NaN
,,,          NaN,,,,          NaN,         NaN
,,,          NaN,,,,          NaN,         NaN
,,,          NaN,,,,          NaN,         NaN
,,,          NaN,,,,          NaN,         NaN
,,,          NaN,,,,          NaN,         NaN
,,,          NaN,,,,          NaN,         NaN
,,,          NaN,,,,          NaN,         NaN
,,,          NaN,,,,          NaN,         NaN
,,,          NaN,,,,          NaN,         NaN
,,,          NaN,,,,          NaN,         NaN
,,,          NaN,,,,          NaN,         NaN
,,,          NaN,,,,          NaN,         NaN
,,,          NaN,,,,          NaN,         NaN
,,,          NaN,,,,          NaN,         NaN
,,,          NaN,,,,          NaN,         NaN
,,,          NaN,,,,          NaN,         NaN
,,,          NaN,,,,          NaN,         NaN
,,,          NaN,,,,          NaN,         NaN
,,,          NaN,,,,          NaN,         NaN
,,,          NaN,,,,          NaN,         NaN
,,,          NaN,,,,          NaN,         NaN
,,,          NaN,,,,          NaN,         NaN
,,,          NaN,,,,          NaN,         NaN
,,,          NaN,,,,          NaN,         NaN
,,,          NaN,,,,          NaN,         NaN
,,,          NaN,,,,          NaN,         NaN
,,,          NaN,,,,          NaN,         NaN
,,,          NaN,,,,          NaN,         NaN
,,,          NaN,,,,          NaN,         NaN
,,,          NaN,,,,          NaN,         NaN
,,,          NaN,,,,          NaN,         NaN
,,,          NaN,,,,          NaN,         NaN
,,,          NaN,,,,          NaN,         NaN
,,,          NaN,,,,          NaN,         NaN
,,,          NaN,,,,          NaN,         NaN
,,,          NaN,,,,          NaN,         NaN
,,,          NaN,,,,          NaN,         NaN
,,,          NaN,,,,          NaN,         NaN
,,,          NaN,,,,          NaN,         NaN
,,,          NaN,,,,          NaN,         NaN
,,,          NaN,,,,          NaN,         NaN
,,,          NaN,,,,          NaN,         NaN
,,,          NaN,,,,          NaN,         NaN
,,,          NaN,,,,          NaN,         NaN
,,,          NaN,,,,          NaN,         NaN
,,,          NaN,,,,          NaN,         NaN
,,,          NaN,,,,          NaN,         NaN
,,,          NaN,,,,          NaN,         NaN
,,,          NaN,,,,          NaN,         NaN
,,,          NaN,,,,          NaN,         NaN
,,,          NaN,,,,          NaN,         NaN
,,,          NaN,,,,          NaN,         NaN
,,,          NaN,,,,          NaN,         NaN
,,,          NaN,,,,          NaN,         NaN
,,,          NaN,,,,          NaN,         NaN
,,,          NaN,,,,          NaN,         NaN
,,,          NaN,,,,          NaN,         NaN
,,,          NaN,,,,          NaN,         NaN
,,,          NaN,,,,          NaN,         NaN
,,,          NaN,,,,          NaN,         NaN
,,,          NaN,,,,          NaN,         NaN
,,,          NaN,,,,          NaN,         NaN
,,,          NaN,,,,          NaN,         NaN
,,,          NaN,,,,          NaN,         NaN
,,,          NaN,,,,          NaN,         NaN
,,,          NaN,,,,          NaN,         NaN
,,,          NaN,,,,          NaN,         NaN
,,,          NaN,,,,          NaN,         NaN
,,,          NaN,,,,          NaN,         NaN
,,,          NaN,,,,          NaN,         NaN
,,,          NaN,,,,          NaN,         NaN
,,,          NaN,,,,          NaN,         NaN
,,,          NaN,,,,          NaN,         NaN
,,,          NaN,,,,          NaN,         NaN
,,,          NaN,,,,          NaN,         NaN
,,,          NaN,,,,          NaN,         NaN
,,,          NaN,,,,          NaN,         NaN
,,,          NaN,,,,          NaN,         NaN
,,,          NaN,,,,          NaN,         NaN
,,,          NaN,,,,          NaN,         NaN
,,,          NaN,,,,          NaN,         NaN
,,,          NaN,,,,          NaN,         NaN
,,,          NaN,,,,          NaN,         NaN
,,,          NaN,,,,          NaN,         NaN
,,,          NaN,,,,          NaN,         NaN
,,,          NaN,,,,          NaN,         NaN
,,,          NaN,,,,          NaN,         NaN
,,,          NaN,,,,          NaN,         NaN
,,,          NaN,,,,          NaN,         NaN
,,,          NaN,,,,          NaN,         NaN
,,,          NaN,,,,          NaN,         NaN
,,,          NaN,,,,          NaN,         NaN
,,,          NaN,,,,          NaN,         NaN
,,,          NaN,,,,          NaN,         NaN
,,,          NaN,,,,          NaN,         NaN
,,,          NaN,,,,          NaN,         NaN
,,,          NaN,,,,          NaN,         NaN
,,,          NaN,,,,          NaN,         NaN
,,,          NaN,,,,          NaN,         NaN
,,,          NaN,,,,          NaN,         NaN
,,,          NaN,,,,          NaN,         NaN
,,,          NaN,,,,          NaN,         NaN
,,,          NaN,,,,          NaN,         NaN
,,,          NaN,,,,          NaN,         NaN
,,,          NaN,,,,          NaN,         NaN
,,,          NaN,,,,          NaN,         NaN
,,,          NaN,,,,          NaN,         NaN
,,,          NaN,,,,          NaN,         NaN
,,,          NaN,,,,          NaN,         NaN
,,,          NaN,,,,          NaN,         NaN
,,,          NaN,,,,          NaN,         NaN
,,,          NaN,,,,          NaN,         NaN
,,,          NaN,,,,          NaN,         NaN
,,,          NaN,,,,          NaN,         NaN
,,,          NaN,,,,          NaN,         NaN
,,,          NaN,,,,          NaN,         NaN
,,,          NaN,,,,          NaN,         NaN
,,,          NaN,,,,          NaN,         NaN
,,,          NaN,,,,          NaN,         NaN
,,,          NaN,,,,          NaN,         NaN
,,,          NaN,,,,          NaN,         NaN
,,,          NaN,,,,          NaN,         NaN
,,,          NaN,,,,          NaN,         NaN
,,,          NaN,,,,          NaN,         NaN
,,,          NaN,,,,          NaN,         NaN
,,,          NaN,,,,          NaN,         NaN
,,,          NaN,,,,          NaN,         NaN
,,,          NaN,,,,          NaN,         NaN
,,,          NaN,,,,          NaN,         NaN
,,,          NaN,,,,          NaN,         NaN
,,,          NaN,,,,          NaN,         NaN
,,,          NaN,,,,          NaN,         NaN
,,,          NaN,,,,          NaN,         NaN
,,,          NaN,,,,          NaN,         NaN
,,,          NaN,,,,          NaN,         NaN
,,,          NaN,,,,          NaN,         NaN
,,,          NaN,,,,          NaN,         NaN
,,,          NaN,,,,          NaN,         NaN
,,,          NaN,,,,          NaN,         NaN
,,,          NaN,,,,          NaN,         NaN
,,,          NaN,,,,          NaN,         NaN
,,,          NaN,,,,          NaN,         NaN
,,,          NaN,,,,          NaN,         NaN
,,,          NaN,,,,          NaN,         NaN
,,,          NaN,,,,          NaN,         NaN
,,,          NaN,,,,          NaN,         NaN
,,,          NaN,,,,          NaN,         NaN
,,,          NaN,,,,          NaN,         NaN
,,,          NaN,,,,          NaN,         NaN
,,,          NaN,,,,          NaN,         NaN
,,,          NaN,,,,          NaN,         NaN
,,,          NaN,,,,          NaN,         NaN
,,,          NaN,,,,          NaN,         NaN
,,,          NaN,,,,          NaN,         NaN
,,,          NaN,,,,          NaN,         NaN
,,,          NaN,,,,          NaN,         NaN
,,,          NaN,,,,          NaN,         NaN
,,,          NaN,,,,          NaN,         NaN
,,,          NaN,,,,          NaN,         NaN
,,,          NaN,,,,          NaN,         NaN
,,,          NaN,,,,          NaN,         NaN
,,,          NaN,,,,          NaN,         NaN
,,,          NaN,,,,          NaN,         NaN
,,,          NaN,,,,          NaN,         NaN
,,,          NaN,,,,          NaN,         NaN
,,,          NaN,,,,          NaN,         NaN
,,,          NaN,,,,          NaN,         NaN
,,,          NaN,,,,          NaN,         NaN
,,,          NaN,,,,          NaN,         NaN
,,,          NaN,,,,          NaN,         NaN
,,,          NaN,,,,          NaN,         NaN
,,,          NaN,,,,          NaN,         NaN
,,,          NaN,,,,          NaN,         NaN
,,,          NaN,,,,          NaN,         NaN
,,,          NaN,,,,          NaN,         NaN
,,,          NaN,,,,          NaN,         NaN
,,,          NaN,,,,          NaN,         NaN
,,,          NaN,,,,          NaN,         NaN
,,,          NaN,,,,          NaN,         NaN
,,,          NaN,,,,          NaN,         NaN
,,,          NaN,,,,          NaN,         NaN
,,,          NaN,,,,          NaN,         NaN
,,,          NaN,,,,          NaN,         NaN
,,,          NaN,,,,          NaN,         NaN
,,,          NaN,,,,          NaN,         NaN
,,,          NaN,,,,          NaN,         NaN
,,,          NaN,,,,          NaN,         NaN
,,,          NaN,,,,          NaN,         NaN
,,,          NaN,,,,          NaN,         NaN
,,,          NaN,,,,          NaN,         NaN
,,,          NaN,,,,          NaN,         NaN
,,,          NaN,,,,          NaN,         NaN
,,,          NaN,,,,          NaN,         NaN
,,,          NaN,,,,          NaN,         NaN
,,,          NaN,,,,          NaN,         NaN
,,,          NaN,,,,          NaN,         NaN
,,,          NaN,,,,          NaN,         NaN
,,,          NaN,,,,          NaN,         NaN
,,,          NaN,,,,          NaN,         NaN
,,,          NaN,,,,          NaN,         NaN
,,,          NaN,,,,          NaN,         NaN
,,,          NaN,,,,          NaN,         NaN
,,,          NaN,,,,          NaN,         NaN
,,,          NaN,,,,          NaN,         NaN
,,,          NaN,,,,          NaN,         NaN
,,,          NaN,,,,          NaN,         NaN
,,,          NaN,,,,          NaN,         NaN
,,,          NaN,,,,          NaN,         NaN
,,,          NaN,,,,          NaN,         NaN
,,,          NaN,,,,          NaN,         NaN
,,,          NaN,,,,          NaN,         NaN
,,,          NaN,,,,          NaN,         NaN
,,,          NaN,,,,          NaN,         NaN
,,,          NaN,,,,          NaN,         NaN
,,,          NaN,,,,          NaN,         NaN
,,,          NaN,,,,          NaN,         NaN
,,,          NaN,,,,          NaN,         NaN
,,,          NaN,,,,          NaN,         NaN
,,,          NaN,,,,          NaN,         NaN
,,,          NaN,,,,          NaN,         NaN
,,,          NaN,,,,          NaN,         NaN
,,,          NaN,,,,          NaN,         NaN
,,,          NaN,,,,          NaN,         NaN
,,,          NaN,,,,          NaN,         NaN
,,,          NaN,,,,          NaN,         NaN
,,,          NaN,,,,          NaN,         NaN
,,,          NaN,,,,          NaN,         NaN
,,,          NaN,,,,          NaN,         NaN
,,,          NaN,,,,          NaN,         NaN
,,,          NaN,,,,          NaN,         NaN
,,,          NaN,,,,          NaN,         NaN
,,,          NaN,,,,          NaN,         NaN
,,,          NaN,,,,          NaN,         NaN
,,,          NaN,,,,          NaN,         NaN
,,,          NaN,,,,          NaN,         NaN
,,,          NaN,,,,          NaN,         NaN
,,,          NaN,,,,          NaN,         NaN
,,,          NaN,,,,          NaN,         NaN
,,,          NaN,,,,          NaN,         NaN
,,,          NaN,,,,          NaN,         NaN
,,,          NaN,,,,          NaN,         NaN
,,,          NaN,,,,          NaN,         NaN
,,,          NaN,,,,          NaN,         NaN
,,,          NaN,,,,          NaN,         NaN
,,,          NaN,,,,          NaN,         NaN
,,,          NaN,,,,          NaN,         NaN
,,,          NaN,,,,          NaN,         NaN
,,,          NaN,,,,          NaN,         NaN
,,,          NaN,,,,          NaN,         NaN
,,,          NaN,,,,          NaN,         NaN
,,,          NaN,,,,          NaN,         NaN
,,,          NaN,,,,          NaN,         NaN
,,,          NaN,,,,          NaN,         NaN
,,,          NaN,,,,          NaN,         NaN
,,,          NaN,,,,          NaN,         NaN
,,,          NaN,,,,          NaN,         NaN
,,,          NaN,,,,          NaN,         NaN
,,,          NaN,,,,          NaN,         NaN
,,,          NaN,,,,          NaN,         NaN
,,,          NaN,,,,          NaN,         NaN
,,,          NaN,,,,          NaN,         NaN
,,,          NaN,,,,          NaN,         NaN
,,,          NaN,,,,          NaN,         NaN
,,,          NaN,,,,          NaN,         NaN
,,,          NaN,,,,          NaN,         NaN
,,,          NaN,,,,          NaN,         NaN
,,,          NaN,,,,          NaN,         NaN
,,,          NaN,,,,          NaN,         NaN
,,,          NaN,,,,          NaN,         NaN
,,,          NaN,,,,          NaN,         NaN
,,,          NaN,,,,          NaN,         NaN
,,,          NaN,,,,          NaN,         NaN
,,,          NaN,,,,          NaN,         NaN
,,,          NaN,,,,          NaN,         NaN
,,,          NaN,,,,          NaN,         NaN
,,,          NaN,,,,          NaN,         NaN
,,,          NaN,,,,          NaN,         NaN
,,,          NaN,,,,          NaN,         NaN
,,,          NaN,,,,          NaN,         NaN
,,,          NaN,,,,          NaN,         NaN
,,,          NaN,,,,          NaN,         NaN
,,,          NaN,,,,          NaN,         NaN
,,,          NaN,,,,          NaN,         NaN
,,,          NaN,,,,          NaN,         NaN
,,,          NaN,,,,          NaN,         NaN
,,,          NaN,,,,          NaN,         NaN
,,,          NaN,,,,          NaN,         NaN
,,,          NaN,,,,          NaN,         NaN
,,,          NaN,,,,          NaN,         NaN
,,,          NaN,,,,          NaN,         NaN
,,,          NaN,,,,          NaN,         NaN
,,,          NaN,,,,          NaN,         NaN
,,,          NaN,,,,          NaN,         NaN
,,,          NaN,,,,          NaN,         NaN
,,,          NaN,,,,          NaN,         NaN
,,,          NaN,,,,          NaN,         NaN
,,,          NaN,,,,          NaN,         NaN
,,,          NaN,,,,          NaN,         NaN
,,,          NaN,,,,          NaN,         NaN
,,,          NaN,,,,          NaN,         NaN
,,,          NaN,,,,          NaN,         NaN
,,,          NaN,,,,          NaN,         NaN
,,,          NaN,,,,          NaN,         NaN
,,,          NaN,,,,          NaN,         NaN
,,,          NaN,,,,          NaN,         NaN
,,,          NaN,,,,          NaN,         NaN
,,,          NaN,,,,          NaN,         NaN
,,,          NaN,,,,          NaN,         NaN
,,,          NaN,,,,          NaN,         NaN
,,,          NaN,,,,          NaN,         NaN
,,,          NaN,,,,          NaN,         NaN
,,,          NaN,,,,          NaN,         NaN
,,,          NaN,,,,          NaN,         NaN
,,,          NaN,,,,          NaN,         NaN
,,,          NaN,,,,          NaN,         NaN
,,,          NaN,,,,          NaN,         NaN
,,,          NaN,,,,          NaN,         NaN
,,,          NaN,,,,          NaN,         NaN
,,,          NaN,,,,          NaN,         NaN
,,,          NaN,,,,          NaN,         NaN
,,,          NaN,,,,          NaN,         NaN
,,,          NaN,,,,          NaN,         NaN
,,,          NaN,,,,          NaN,         NaN
,,,          NaN,,,,          NaN,         NaN
,,,          NaN,,,,          NaN,         NaN
,,,          NaN,,,,          NaN,         NaN
,,,          NaN,,,,          NaN,         NaN
,,,          NaN,,,,          NaN,         NaN
,,,          NaN,,,,          NaN,         NaN
,,,          NaN,,,,          NaN,         NaN
,,,          NaN,,,,          NaN,         NaN
,,,          NaN,,,,          NaN,         NaN
,,,          NaN,,,,          NaN,         NaN
,,,          NaN,,,,          NaN,         NaN
,,,          NaN,,,,          NaN,         NaN
,,,          NaN,,,,          NaN,         NaN
,,,          NaN,,,,          NaN,         NaN
,,,          NaN,,,,          NaN,         NaN
,,,          NaN,,,,          NaN,         NaN
,,,          NaN,,,,          NaN,         NaN
,,,          NaN,,,,          NaN,         NaN
,,,          NaN,,,,          NaN,         NaN
,,,          NaN,,,,          NaN,         NaN
,,,          NaN,,,,          NaN,         NaN
,,,          NaN,,,,          NaN,         NaN
,,,          NaN,,,,          NaN,         NaN
,,,          NaN,,,,          NaN,         NaN
,,,          NaN,,,,          NaN,         NaN
,,,          NaN,,,,          NaN,         NaN
,,,          NaN,,,,          NaN,         NaN
,,,          NaN,,,,          NaN,         NaN
,,,          NaN,,,,          NaN,         NaN
,,,          NaN,,,,          NaN,         NaN
,,,          NaN,,,,          NaN,         NaN
,,,          NaN,,,,          NaN,         NaN
,,,          NaN,,,,          NaN,         NaN
,,,          NaN,,,,          NaN,         NaN
,,,          NaN,,,,          NaN,         NaN
,,,          NaN,,,,          NaN,         NaN
,,,          NaN,,,,          NaN,         NaN
,,,          NaN,,,,          NaN,         NaN
,,,          NaN,,,,          NaN,         NaN
,,,          NaN,,,,          NaN,         NaN
,,,          NaN,,,,          NaN,         NaN
,,,          NaN,,,,          NaN,         NaN
,,,          NaN,,,,          NaN,         NaN
,,,          NaN,,,,          NaN,         NaN
,,,          NaN,,,,          NaN,         NaN
,,,          NaN,,,,          NaN,         NaN
,,,          NaN,,,,          NaN,         NaN
,,,          NaN,,,,          NaN,         NaN
,,,          NaN,,,,          NaN,         NaN
,,,          NaN,,,,          NaN,         NaN
,,,          NaN,,,,          NaN,         NaN
,,,          NaN,,,,          NaN,         NaN
,,,          NaN,,,,          NaN,         NaN
,,,          NaN,,,,          NaN,         NaN
,,,          NaN,,,,          NaN,         NaN
,,,          NaN,,,,          NaN,         NaN
,,,          NaN,,,,          NaN,         NaN
,,,          NaN,,,,          NaN,         NaN
,,,          NaN,,,,          NaN,         NaN
,,,          NaN,,,,          NaN,         NaN
,,,          NaN,,,,          NaN,         NaN
,,,          NaN,,,,          NaN,         NaN
,,,          NaN,,,,          NaN,         NaN
,,,          NaN,,,,          NaN,         NaN
,,,          NaN,,,,          NaN,         NaN
,,,          NaN,,,,          NaN,         NaN
,,,          NaN,,,,          NaN,         NaN
,,,          NaN,,,,          NaN,         NaN
,,,          NaN,,,,          NaN,         NaN
,,,          NaN,,,,          NaN,         NaN
,,,          NaN,,,,          NaN,         NaN
,,,          NaN,,,,          NaN,         NaN
,,,          NaN,,,,          NaN,         NaN
,,,          NaN,,,,          NaN,         NaN
,,,          NaN,,,,          NaN,         NaN
,,,          NaN,,,,          NaN,         NaN
,,,          NaN,,,,          NaN,         NaN
,,,          NaN,,,,          NaN,         NaN
,,,          NaN,,,,          NaN,         NaN
,,,          NaN,,,,          NaN,         NaN
,,,          NaN,,,,          NaN,         NaN
,,,          NaN,,,,          NaN,         NaN
,,,          NaN,,,,          NaN,         NaN
,,,          NaN,,,,          NaN,         NaN
,,,          NaN,,,,          NaN,         NaN
,,,          NaN,,,,          NaN,         NaN
,,,          NaN,,,,          NaN,         NaN
,,,          NaN,,,,          NaN,         NaN
,,,          NaN,,,,          NaN,         NaN
,,,          NaN,,,,          NaN,         NaN
,,,          NaN,,,,          NaN,         NaN
,,,          NaN,,,,          NaN,         NaN
,,,          NaN,,,,          NaN,         NaN
,,,          NaN,,,,          NaN,         NaN
,,,          NaN,,,,          NaN,         NaN
,,,          NaN,,,,          NaN,         NaN
,,,          NaN,,,,          NaN,         NaN
,,,          NaN,,,,          NaN,         NaN
,,,          NaN,,,,          NaN,         NaN
,,,          NaN,,,,          NaN,         NaN
,,,          NaN,,,,          NaN,         NaN
,,,          NaN,,,,          NaN,         NaN
,,,          NaN,,,,          NaN,         NaN
,,,          NaN,,,,          NaN,         NaN
,,,          NaN,,,,          NaN,         NaN
,,,          NaN,,,,          NaN,         NaN
,,,          NaN,,,,          NaN,         NaN
,,,          NaN,,,,          NaN,         NaN
,,,          NaN,,,,          NaN,         NaN
,,,          NaN,,,,          NaN,         NaN
,,,          NaN,,,,          NaN,         NaN
,,,          NaN,,,,          NaN,         NaN
,,,          NaN,,,,          NaN,         NaN
,,,          NaN,,,,          NaN,         NaN
,,,          NaN,,,,          NaN,         NaN
,,,          NaN,,,,          NaN,         NaN
,,,          NaN,,,,          NaN,         NaN
,,,          NaN,,,,          NaN,         NaN
,,,          NaN,,,,          NaN,         NaN
,,,          NaN,,,,          NaN,         NaN
,,,          NaN,,,,          NaN,         NaN
,,,          NaN,,,,          NaN,         NaN
,,,          NaN,,,,          NaN,         NaN
,,,          NaN,,,,          NaN,         NaN
,,,          NaN,,,,          NaN,         NaN
,,,          NaN,,,,          NaN,         NaN
,,,          NaN,,,,          NaN,         NaN
,,,          NaN,,,,          NaN,         NaN
,,,          NaN,,,,          NaN,         NaN
,,,          NaN,,,,          NaN,         NaN
,,,          NaN,,,,          NaN,         NaN
,,,          NaN,,,,          NaN,         NaN
,,,          NaN,,,,          NaN,         NaN
,,,          NaN,,,,          NaN,         NaN
,,,          NaN,,,,          NaN,         NaN
,,,          NaN,,,,          NaN,         NaN
,,,          NaN,,,,          NaN,         NaN
,,,          NaN,,,,          NaN,         NaN
,,,          NaN,,,,          NaN,         NaN
,,,          NaN,,,,          NaN,         NaN
,,,          NaN,,,,          NaN,         NaN
,,,          NaN,,,,          NaN,         NaN
,,,          NaN,,,,          NaN,         NaN
,,,          NaN,,,,          NaN,         NaN
,,,          NaN,,,,          NaN,         NaN
,,,          NaN,,,,          NaN,         NaN
,,,          NaN,,,,          NaN,         NaN
,,,          NaN,,,,          NaN,         NaN
,,,          NaN,,,,          NaN,         NaN
,,,          NaN,,,,          NaN,         NaN
,,,          NaN,,,,          NaN,         NaN
,,,          NaN,,,,          NaN,         NaN
,,,          NaN,,,,          NaN,         NaN
,,,          NaN,,,,          NaN,         NaN
,,,          NaN,,,,          NaN,         NaN
,,,          NaN,,,,          NaN,         NaN
,,,          NaN,,,,          NaN,         NaN
,,,          NaN,,,,          NaN,         NaN
,,,          NaN,,,,          NaN,         NaN
,,,          NaN,,,,          NaN,         NaN
,,,          NaN,,,,          NaN,         NaN
,,,          NaN,,,,          NaN,         NaN
,,,          NaN,,,,          NaN,         NaN
,,,          NaN,,,,          NaN,         NaN
,,,          NaN,,,,          NaN,         NaN
,,,          NaN,,,,          NaN,         NaN
,,,          NaN,,,,          NaN,         NaN
,,,          NaN,,,,          NaN,         NaN
,,,          NaN,,,,          NaN,         NaN
,,,          NaN,,,,          NaN,         NaN
,,,          NaN,,,,          NaN,         NaN
,,,          NaN,,,,          NaN,         NaN
,,,          NaN,,,,          NaN,         NaN
,,,          NaN,,,,          NaN,         NaN
,,,          NaN,,,,          NaN,         NaN
,,,          NaN,,,,          NaN,         NaN
,,,          NaN,,,,          NaN,         NaN
,,,          NaN,,,,          NaN,         NaN
,,,          NaN,,,,          NaN,         NaN
,,,          NaN,,,,          NaN,         NaN
,,,          NaN,,,,          NaN,         NaN
,,,          NaN,,,,          NaN,         NaN
,,,          NaN,,,,          NaN,         NaN
,,,          NaN,,,,          NaN,         NaN
,,,          NaN,,,,          NaN,         NaN
,,,          NaN,,,,          NaN,         NaN
,,,          NaN,,,,          NaN,         NaN
,,,          NaN,,,,          NaN,         NaN
,,,          NaN,,,,          NaN,         NaN
,,,          NaN,,,,          NaN,         NaN
,,,          NaN,,,,          NaN,         NaN
,,,          NaN,,,,          NaN,         NaN
,,,          NaN,,,,          NaN,         NaN
,,,          NaN,,,,          NaN,         NaN
,,,          NaN,,,,          NaN,         NaN
,,,          NaN,,,,          NaN,         NaN
,,,          NaN,,,,          NaN,         NaN
,,,          NaN,,,,          NaN,         NaN
,,,          NaN,,,,          NaN,         NaN
,,,          NaN,,,,          NaN,         NaN
,,,          NaN,,,,          NaN,         NaN
,,,          NaN,,,,          NaN,         NaN
,,,          NaN,,,,          NaN,         NaN
,,,          NaN,,,,          NaN,         NaN
,,,          NaN,,,,          NaN,         NaN
,,,          NaN,,,,          NaN,         NaN
,,,          NaN,,,,          NaN,         NaN
,,,          NaN,,,,          NaN,         NaN
,,,          NaN,,,,          NaN,         NaN
,,,          NaN,,,,          NaN,         NaN
,,,          NaN,,,,          NaN,         NaN
,,,          NaN,,,,          NaN,         NaN
,,,          NaN,,,,          NaN,         NaN
,,,          NaN,,,,          NaN,         NaN
,,,          NaN,,,,          NaN,         NaN
,,,          NaN,,,,          NaN,         NaN
,,,          NaN,,,,          NaN,         NaN
,,,          NaN,,,,          NaN,         NaN
,,,          NaN,,,,          NaN,         NaN
,,,          NaN,,,,          NaN,         NaN
,,,          NaN,,,,          NaN,         NaN
,,,          NaN,,,,          NaN,         NaN
,,,          NaN,,,,          NaN,         NaN
,,,          NaN,,,,          NaN,         NaN
,,,          NaN,,,,          NaN,         NaN
,,,          NaN,,,,          NaN,         NaN
,,,          NaN,,,,          NaN,         NaN
,,,          NaN,,,,          NaN,         NaN
,,,          NaN,,,,          NaN,         NaN
,,,          NaN,,,,          NaN,         NaN
,,,          NaN,,,,          NaN,         NaN
,,,          NaN,,,,          NaN,         NaN
,,,          NaN,,,,          NaN,         NaN
,,,          NaN,,,,          NaN,         NaN
,,,          NaN,,,,          NaN,         NaN
,,,          NaN,,,,          NaN,         NaN
,,,          NaN,,,,          NaN,         NaN
,,,          NaN,,,,          NaN,         NaN
,,,          NaN,,,,          NaN,         NaN
,,,          NaN,,,,          NaN,         NaN
,,,          NaN,,,,          NaN,         NaN
,,,          NaN,,,,          NaN,         NaN
,,,          NaN,,,,          NaN,         NaN
,,,          NaN,,,,          NaN,         NaN
,,,          NaN,,,,          NaN,         NaN
,,,          NaN,,,,          NaN,         NaN
,,,          NaN,,,,          NaN,         NaN
,,,          NaN,,,,          NaN,         NaN
,,,          NaN,,,,          NaN,         NaN
,,,          NaN,,,,          NaN,         NaN
,,,          NaN,,,,          NaN,         NaN
,,,          NaN,,,,          NaN,         NaN
,,,          NaN,,,,          NaN,         NaN
,,,          NaN,,,,          NaN,         NaN
,,,          NaN,,,,          NaN,         NaN
,,,          NaN,,,,          NaN,         NaN
,,,          NaN,,,,          NaN,         NaN
,,,          NaN,,,,          NaN,         NaN
,,,          NaN,,,,          NaN,         NaN
,,,          NaN,,,,          NaN,         NaN
,,,          NaN,,,,          NaN,         NaN
,,,          NaN,,,,          NaN,         NaN
,,,          NaN,,,,          NaN,         NaN
,,,          NaN,,,,          NaN,         NaN
,,,          NaN,,,,          NaN,         NaN
,,,          NaN,,,,          NaN,         NaN
,,,          NaN,,,,          NaN,         NaN
,,,          NaN,,,,          NaN,         NaN
,,,          NaN,,,,          NaN,         NaN
,,,          NaN,,,,          NaN,         NaN
,,,          NaN,,,,          NaN,         NaN
,,,          NaN,,,,          NaN,         NaN
,,,          NaN,,,,          NaN,         NaN
,,,          NaN,,,,          NaN,         NaN
,,,          NaN,,,,          NaN,         NaN
,,,          NaN,,,,          NaN,         NaN
,,,          NaN,,,,          NaN,         NaN
,,,          NaN,,,,          NaN,         NaN
,,,          NaN,,,,          NaN,         NaN
,,,          NaN,,,,          NaN,         NaN
,,,          NaN,,,,          NaN,         NaN
,,,          NaN,,,,          NaN,         NaN
,,,          NaN,,,,          NaN,         NaN
,,,          NaN,,,,          NaN,         NaN
,,,          NaN,,,,          NaN,         NaN
,,,          NaN,,,,          NaN,         NaN
,,,          NaN,,,,          NaN,         NaN
,,,          NaN,,,,          NaN,         NaN
,,,          NaN,,,,          NaN,         NaN
,,,          NaN,,,,          NaN,         NaN
,,,          NaN,,,,          NaN,         NaN
,,,          NaN,,,,          NaN,         NaN
,,,          NaN,,,,          NaN,         NaN
,,,          NaN,,,,          NaN,         NaN
,,,          NaN,,,,          NaN,         NaN
,,,          NaN,,,,          NaN,         NaN
,,,          NaN,,,,          NaN,         NaN
,,,          NaN,,,,          NaN,         NaN
,,,          NaN,,,,          NaN,         NaN
,,,          NaN,,,,          NaN,         NaN
,,,          NaN,,,,          NaN,         NaN
,,,          NaN,,,,          NaN,         NaN
,,,          NaN,,,,          NaN,         NaN
,,,          NaN,,,,          NaN,         NaN
,,,          NaN,,,,          NaN,         NaN
,,,          NaN,,,,          NaN,         NaN
,,,          NaN,,,,          NaN,         NaN
,,,          NaN,,,,          NaN,         NaN
,,,          NaN,,,,          NaN,         NaN
,,,          NaN,,,,          NaN,         NaN
,,,          NaN,,,,          NaN,         NaN
,,,          NaN,,,,          NaN,         NaN
,,,          NaN,,,,          NaN,         NaN
,,,          NaN,,,,          NaN,         NaN
,,,          NaN,,,,          NaN,         NaN
,,,          NaN,,,,          NaN,         NaN
,,,          NaN,,,,          NaN,         NaN
,,,          NaN,,,,          NaN,         NaN
,,,          NaN,,,,          NaN,         NaN
,,,          NaN,,,,          NaN,         NaN
,,,          NaN,,,,          NaN,         NaN
,,,          NaN,,,,          NaN,         NaN
,,,          NaN,,,,          NaN,         NaN
,,,          NaN,,,,          NaN,         NaN
,,,          NaN,,,,          NaN,         NaN
,,,          NaN,,,,          NaN,         NaN
,,,          NaN,,,,          NaN,         NaN
,,,          NaN,,,,          NaN,         NaN
,,,          NaN,,,,          NaN,         NaN
,,,          NaN,,,,          NaN,         NaN
,,,          NaN,,,,          NaN,         NaN
,,,          NaN,,,,          NaN,         NaN
,,,          NaN,,,,          NaN,         NaN
,,,          NaN,,,,          NaN,         NaN
,,,          NaN,,,,          NaN,         NaN
,,,          NaN,,,,          NaN,         NaN
,,,          NaN,,,,          NaN,         NaN
,,,          NaN,,,,          NaN,         NaN
,,,          NaN,,,,          NaN,         NaN
,,,          NaN,,,,          NaN,         NaN
,,,          NaN,,,,          NaN,         NaN
,,,          NaN,,,,          NaN,         NaN
,,,          NaN,,,,          NaN,         NaN
,,,          NaN,,,,          NaN,         NaN
,,,          NaN,,,,          NaN,         NaN
,,,          NaN,,,,          NaN,         NaN
,,,          NaN,,,,          NaN,         NaN
,,,          NaN,,,,          NaN,         NaN
,,,          NaN,,,,          NaN,         NaN
,,,          NaN,,,,          NaN,         NaN
,,,          NaN,,,,          NaN,         NaN
,,,          NaN,,,,          NaN,         NaN
,,,          NaN,,,,          NaN,         NaN
,,,          NaN,,,,          NaN,         NaN
,,,          NaN,,,,          NaN,         NaN
,,,          NaN,,,,          NaN,         NaN
,,,          NaN,,,,          NaN,         NaN
,,,          NaN,,,,          NaN,         NaN
,,,          NaN,,,,          NaN,         NaN
,,,          NaN,,,,          NaN,         NaN
,,,          NaN,,,,          NaN,         NaN
,,,          NaN,,,,          NaN,         NaN
,,,          NaN,,,,          NaN,         NaN
,,,          NaN,,,,          NaN,         NaN
,,,          NaN,,,,          NaN,         NaN
,,,          NaN,,,,          NaN,         NaN
,,,          NaN,,,,          NaN,         NaN
,,,          NaN,,,,          NaN,         NaN
,,,          NaN,,,,          NaN,         NaN
,,,          NaN,,,,          NaN,         NaN
,,,          NaN,,,,          NaN,         NaN
,,,          NaN,,,,          NaN,         NaN
,,,          NaN,,,,          NaN,         NaN
,,,          NaN,,,,          NaN,         NaN
,,,          NaN,,,,          NaN,         NaN
,,,          NaN,,,,          NaN,         NaN
,,,          NaN,,,,          NaN,         NaN
,,,          NaN,,,,          NaN,         NaN
,,,          NaN,,,,          NaN,         NaN
,,,          NaN,,,,          NaN,         NaN
,,,          NaN,,,,          NaN,         NaN
,,,          NaN,,,,          NaN,         NaN
,,,          NaN,,,,          NaN,         NaN
,,,          NaN,,,,          NaN,         NaN
,,,          NaN,,,,          NaN,         NaN
,,,          NaN,,,,          NaN,         NaN
,,,          NaN,,,,          NaN,         NaN
,,,          NaN,,,,          NaN,         NaN
,,,          NaN,,,,          NaN,         NaN
,,,          NaN,,,,          NaN,         NaN
,,,          NaN,,,,          NaN,         NaN
,,,          NaN,,,,          NaN,         NaN
,,,          NaN,,,,          NaN,         NaN
,,,          NaN,,,,          NaN,         NaN
,,,          NaN,,,,          NaN,         NaN
,,,          NaN,,,,          NaN,         NaN
,,,          NaN,,,,          NaN,         NaN
,,,          NaN,,,,          NaN,         NaN
,,,          NaN,,,,          NaN,         NaN
,,,          NaN,,,,          NaN,         NaN
,,,          NaN,,,,          NaN,         NaN
,,,          NaN,,,,          NaN,         NaN
,,,          NaN,,,,          NaN,         NaN
,,,          NaN,,,,          NaN,         NaN
,,,          NaN,,,,          NaN,         NaN
,,,          NaN,,,,          NaN,         NaN
,,,          NaN,,,,          NaN,         NaN
,,,          NaN,,,,          NaN,         NaN
,,,          NaN,,,,          NaN,         NaN
,,,          NaN,,,,          NaN,         NaN
,,,          NaN,,,,          NaN,         NaN
,,,          NaN,,,,          NaN,         NaN
,,,          NaN,,,,          NaN,         NaN
,,,          NaN,,,,          NaN,         NaN
,,,          NaN,,,,          NaN,         NaN
,,,          NaN,,,,          NaN,         NaN
,,,          NaN,,,,          NaN,         NaN
,,,          NaN,,,,          NaN,         NaN
,,,          NaN,,,,          NaN,         NaN
,,,          NaN,,,,          NaN,         NaN
,,,          NaN,,,,          NaN,         NaN
,,,          NaN,,,,          NaN,         NaN
,,,          NaN,,,,          NaN,         NaN
,,,          NaN,,,,          NaN,         NaN
,,,          NaN,,,,          NaN,         NaN
,,,          NaN,,,,          NaN,         NaN
,,,          NaN,,,,          NaN,         NaN
,,,          NaN,,,,          NaN,         NaN
,,,          NaN,,,,          NaN,         NaN
,,,          NaN,,,,          NaN,         NaN
,,,          NaN,,,,          NaN,         NaN
,,,          NaN,,,,          NaN,         NaN
,,,          NaN,,,,          NaN,         NaN
,,,          NaN,,,,          NaN,         NaN
,,,          NaN,,,,          NaN,         NaN
,,,          NaN,,,,          NaN,         NaN
,,,          NaN,,,,          NaN,         NaN
,,,          NaN,,,,          NaN,         NaN
,,,          NaN,,,,          NaN,         NaN
,,,          NaN,,,,          NaN,         NaN
,,,          NaN,,,,          NaN,         NaN
,,,          NaN,,,,          NaN,         NaN
,,,          NaN,,,,          NaN,         NaN
,,,          NaN,,,,          NaN,         NaN
,,,          NaN,,,,          NaN,         NaN
,,,          NaN,,,,          NaN,         NaN
,,,          NaN,,,,          NaN,         NaN
,,,          NaN,,,,          NaN,         NaN
,,,          NaN,,,,          NaN,         NaN
,,,          NaN,,,,          NaN,         NaN
,,,          NaN,,,,          NaN,         NaN
,,,          NaN,,,,          NaN,         NaN
,,,          NaN,,,,          NaN,         NaN
,,,          NaN,,,,          NaN,         NaN
,,,          NaN,,,,          NaN,         NaN
,,,          NaN,,,,          NaN,         NaN
,,,          NaN,,,,          NaN,         NaN
,,,          NaN,,,,          NaN,         NaN
,,,          NaN,,,,          NaN,         NaN
,,,          NaN,,,,          NaN,         NaN
,,,          NaN,,,,          NaN,         NaN
,,,          NaN,,,,          NaN,         NaN
,,,          NaN,,,,          NaN,         NaN
,,,          NaN,,,,          NaN,         NaN
,,,          NaN,,,,          NaN,         NaN
,,,          NaN,,,,          NaN,         NaN
,,,          NaN,,,,          NaN,         NaN
,,,          NaN,,,,          NaN,         NaN
,,,          NaN,,,,          NaN,         NaN
,,,          NaN,,,,          NaN,         NaN
,,,          NaN,,,,          NaN,         NaN
,,,          NaN,,,,          NaN,         NaN
,,,          NaN,,,,          NaN,         NaN
,,,          NaN,,,,          NaN,         NaN
,,,          NaN,,,,          NaN,         NaN
,,,          NaN,,,,          NaN,         NaN
,,,          NaN,,,,          NaN,         NaN
,,,          NaN,,,,          NaN,         NaN
,,,          NaN,,,,          NaN,         NaN
,,,          NaN,,,,          NaN,         NaN
,,,          NaN,,,,          NaN,         NaN
,,,          NaN,,,,          NaN,         NaN
,,,          NaN,,,,          NaN,         NaN
,,,          NaN,,,,          NaN,         NaN
,,,          NaN,,,,          NaN,         NaN
,,,          NaN,,,,          NaN,         NaN
,,,          NaN,,,,          NaN,         NaN
,,,          NaN,,,,          NaN,         NaN
,,,          NaN,,,,          NaN,         NaN
,,,          NaN,,,,          NaN,         NaN
,,,          NaN,,,,          NaN,         NaN
,,,          NaN,,,,          NaN,         NaN
,,,          NaN,,,,          NaN,         NaN
,,,          NaN,,,,          NaN,         NaN
,,,          NaN,,,,          NaN,         NaN
,,,          NaN,,,,          NaN,         NaN
,,,          NaN,,,,          NaN,         NaN
,,,          NaN,,,,          NaN,         NaN
,,,          NaN,,,,          NaN,         NaN
,,,          NaN,,,,          NaN,         NaN
,,,          NaN,,,,          NaN,         NaN
,,,          NaN,,,,          NaN,         NaN
,,,          NaN,,,,          NaN,         NaN
,,,          NaN,,,,          NaN,         NaN
,,,          NaN,,,,          NaN,         NaN
,,,          NaN,,,,          NaN,         NaN
,,,          NaN,,,,          NaN,         NaN
,,,          NaN,,,,          NaN,         NaN
,,,          NaN,,,,          NaN,         NaN
,,,          NaN,,,,          NaN,         NaN
,,,          NaN,,,,          NaN,         NaN
,,,          NaN,,,,          NaN,         NaN
,,,          NaN,,,,          NaN,         NaN
,,,          NaN,,,,          NaN,         NaN
,,,          NaN,,,,          NaN,         NaN
,,,          NaN,,,,          NaN,         NaN
,,,          NaN,,,,          NaN,         NaN
,,,          NaN,,,,          NaN,         NaN
,,,          NaN,,,,          NaN,         NaN
,,,          NaN,,,,          NaN,         NaN
,,,          NaN,,,,          NaN,         NaN
,,,          NaN,,,,          NaN,         NaN
,,,          NaN,,,,          NaN,         NaN
,,,          NaN,,,,          NaN,         NaN
,,,          NaN,,,,          NaN,         NaN
,,,          NaN,,,,          NaN,         NaN
,,,          NaN,,,,          NaN,         NaN
,,,          NaN,,,,          NaN,         NaN
,,,          NaN,,,,          NaN,         NaN
,,,          NaN,,,,          NaN,         NaN
,,,          NaN,,,,          NaN,         NaN
,,,          NaN,,,,          NaN,         NaN
,,,          NaN,,,,          NaN,         NaN
,,,          NaN,,,,          NaN,         NaN
,,,          NaN,,,,          NaN,         NaN
,,,          NaN,,,,          NaN,         NaN
,,,          NaN,,,,          NaN,         NaN
,,,          NaN,,,,          NaN,         NaN
,,,          NaN,,,,          NaN,         NaN
,,,          NaN,,,,          NaN,         NaN
,,,          NaN,,,,          NaN,         NaN
,,,          NaN,,,,          NaN,         NaN
,,,          NaN,,,,          NaN,         NaN
,,,          NaN,,,,          NaN,         NaN
,,,          NaN,,,,          NaN,         NaN
,,,          NaN,,,,          NaN,         NaN
,,,          NaN,,,,          NaN,         NaN
,,,          NaN,,,,          NaN,         NaN
,,,          NaN,,,,          NaN,         NaN
,,,          NaN,,,,          NaN,         NaN
,,,          NaN,,,,          NaN,         NaN
,,,          NaN,,,,          NaN,         NaN
,,,          NaN,,,,          NaN,         NaN
,,,          NaN,,,,          NaN,         NaN
,,,          NaN,,,,          NaN,         NaN
,,,          NaN,,,,          NaN,         NaN
,,,          NaN,,,,          NaN,         NaN
,,,          NaN,,,,          NaN,         NaN
,,,          NaN,,,,          NaN,         NaN
,,,          NaN,,,,          NaN,         NaN
,,,          NaN,,,,          NaN,         NaN
,,,          NaN,,,,          NaN,         NaN
,,,          NaN,,,,          NaN,         NaN
,,,          NaN,,,,          NaN,         NaN
,,,          NaN,,,,          NaN,         NaN
,,,          NaN,,,,          NaN,         NaN
,,,          NaN,,,,          NaN,         NaN
,,,          NaN,,,,          NaN,         NaN
,,,          NaN,,,,          NaN,         NaN
,,,          NaN,,,,          NaN,         NaN
,,,          NaN,,,,          NaN,         NaN
,,,          NaN,,,,          NaN,         NaN
,,,          NaN,,,,          NaN,         NaN
,,,          NaN,,,,          NaN,         NaN
,,,          NaN,,,,          NaN,         NaN
,,,          NaN,,,,          NaN,         NaN
,,,          NaN,,,,          NaN,         NaN
,,,          NaN,,,,          NaN,         NaN
,,,          NaN,,,,          NaN,         NaN
,,,          NaN,,,,          NaN,         NaN
,,,          NaN,,,,          NaN,         NaN
,,,          NaN,,,,          NaN,         NaN
,,,          NaN,,,,          NaN,         NaN
,,,          NaN,,,,          NaN,         NaN
,,,          NaN,,,,          NaN,         NaN
,,,          NaN,,,,          NaN,         NaN
,,,          NaN,,,,          NaN,         NaN
,,,          NaN,,,,          NaN,         NaN
,,,          NaN,,,,          NaN,         NaN
,,,          NaN,,,,          NaN,         NaN
,,,          NaN,,,,          NaN,         NaN
,,,          NaN,,,,          NaN,         NaN
,,,          NaN,,,,          NaN,         NaN
,,,          NaN,,,,          NaN,         NaN
,,,          NaN,,,,          NaN,         NaN
,,,          NaN,,,,          NaN,         NaN
,,,          NaN,,,,          NaN,         NaN
,,,          NaN,,,,          NaN,         NaN
,,,          NaN,,,,          NaN,         NaN
,,,          NaN,,,,          NaN,         NaN
,,,          NaN,,,,          NaN,         NaN
,,,          NaN,,,,          NaN,         NaN
,,,          NaN,,,,          NaN,         NaN
,,,          NaN,,,,          NaN,         NaN
,,,          NaN,,,,          NaN,         NaN
,,,          NaN,,,,          NaN,         NaN
,,,          NaN,,,,          NaN,         NaN
,,,          NaN,,,,          NaN,         NaN
,,,          NaN,,,,          NaN,         NaN
,,,          NaN,,,,          NaN,
,,,          NaN,,,,          NaN,
,,,          NaN,,,,          NaN,
,,,          NaN,,,,          NaN,
,,,          NaN,,,,          NaN,
,,,          NaN,,,,          NaN,
,,,          NaN,,,,          NaN,
,,,          NaN,,,,          NaN,
,,,          NaN,,,,          NaN,
,,,          NaN,,,,          NaN,
,,,          NaN,,,,          NaN,
,,,          NaN,,,,          NaN,
,,,          NaN,,,,          NaN,
,,,          NaN,,,,          NaN,
,,,          NaN,,,,          NaN,
,,,          NaN,,,,          NaN,
,,,          NaN,,,,          NaN,
,,,          NaN,,,,          NaN,
,,,          NaN,,,,          NaN,
,,,          NaN,,,,          NaN,
,,,          NaN,,,,          NaN,
,,,          NaN,,,,          NaN,
,,,          NaN,,,,          NaN,
,,,          NaN,,,,          NaN,
,,,          NaN,,,,          NaN,
,,,          NaN,,,,          NaN,
,,,          NaN,,,,          NaN,
,,,          NaN,,,,          NaN,
,,,          NaN,,,,          NaN,
,,,          NaN,,,,          NaN,
,,,          NaN,,,,          NaN,
,,,          NaN,,,,          NaN,
,,,          NaN,,,,          NaN,
,,,          NaN,,,,          NaN,
,,,          NaN,,,,          NaN,
,,,          NaN,,,,          NaN,
,,,          NaN,,,,          NaN,
,,,          NaN,,,,          NaN,
,,,          NaN,,,,          NaN,
,,,          NaN,,,,          NaN,
,,,          NaN,,,,          NaN,
,,,          NaN,,,,          NaN,
,,,          NaN,,,,          NaN,
,,,          NaN,,,,          NaN,
,,,          NaN,,,,          NaN,
,,,          NaN,,,,          NaN,
,,,          NaN,,,,          NaN,
,,,          NaN,,,,          NaN,
,,,          NaN,,,,          NaN,
,,,          NaN,,,,          NaN,
,,,          NaN,,,,          NaN,
,,,          NaN,,,,          NaN,
,,,          NaN,,,,          NaN,
,,,          NaN,,,,          NaN,
,,,          NaN,,,,          NaN,
,,,          NaN,,,,          NaN,
,,,          NaN,,,,          NaN,
,,,          NaN,,,,          NaN,
,,,          NaN,,,,          NaN,
,,,          NaN,,,,          NaN,
,,,          NaN,,,,          NaN,
,,,          NaN,,,,          NaN,
,,,          NaN,,,,          NaN,
,,,          NaN,,,,          NaN,
,,,          NaN,,,,          NaN,
,,,          NaN,,,,          NaN,
,,,          NaN,,,,          NaN,
,,,          NaN,,,,          NaN,
,,,          NaN,,,,          NaN,
,,,          NaN,,,,          NaN,
,,,          NaN,,,,          NaN,
,,,          NaN,,,,          NaN,
,,,          NaN,,,,          NaN,
,,,          NaN,,,,          NaN,
,,,          NaN,,,,          NaN,
,,,          NaN,,,,          NaN,
,,,          NaN,,,,          NaN,
,,,          NaN,,,,          NaN,
,,,          NaN,,,,          NaN,
,,,          NaN,,,,          NaN,
,,,          NaN,,,,          NaN,
,,,          NaN,,,,          NaN,
,,,          NaN,,,,          NaN,
,,,          NaN,,,,          NaN,
,,,          NaN,,,,          NaN,
,,,          NaN,,,,          NaN,
,,,          NaN,,,,          NaN,
,,,          NaN,,,,          NaN,
,,,          NaN,,,,          NaN,
,,,          NaN,,,,          NaN,
,,,          NaN,,,,          NaN,
,,,          NaN,,,,          NaN,
,,,          NaN,,,,          NaN,
,,,          NaN,,,,          NaN,
,,,          NaN,,,,          NaN,
,,,          NaN,,,,          NaN,
,,,          NaN,,,,          NaN,
,,,          NaN,,,,          NaN,
,,,          NaN,,,,          NaN,
,,,          NaN,,,,          NaN,
,,,          NaN,,,,          NaN,
,,,          NaN,,,,          NaN,
,,,          NaN,,,,          NaN,
,,,          NaN,,,,          NaN,
,,,          NaN,,,,          NaN,
,,,          NaN,,,,          NaN,
,,,          NaN,,,,          NaN,
,,,          NaN,,,,          NaN,
,,,          NaN,,,,          NaN,
,,,          NaN,,,,          NaN,
,,,          NaN,,,,          NaN,
,,,          NaN,,,,          NaN,
,,,          NaN,,,,          NaN,
,,,          NaN,,,,          NaN,
,,,          NaN,,,,          NaN,
,,,          NaN,,,,          NaN,
,,,          NaN,,,,          NaN,
,,,          NaN,,,,          NaN,
,,,          NaN,,,,          NaN,
,,,          NaN,,,,          NaN,
,,,          NaN,,,,          NaN,
,,,          NaN,,,,          NaN,
,,,          NaN,,,,          NaN,
,,,          NaN,,,,          NaN,
,,,          NaN,,,,          NaN,
,,,          NaN,,,,          NaN,
,,,          NaN,,,,          NaN,
,,,          NaN,,,,          NaN,
,,,          NaN,,,,          NaN,
,,,          NaN,,,,          NaN,
,,,          NaN,,,,          NaN,
,,,          NaN,,,,          NaN,
,,,          NaN,,,,          NaN,
,,,          NaN,,,,          NaN,
,,,          NaN,,,,          NaN,
,,,          NaN,,,,          NaN,
,,,          NaN,,,,          NaN,
,,,          NaN,,,,          NaN,
,,,          NaN,,,,          NaN,
,,,          NaN,,,,          NaN,
,,,          NaN,,,,          NaN,
,,,          NaN,,,,          NaN,
,,,          NaN,,,,          NaN,
,,,          NaN,,,,          NaN,
,,,          NaN,,,,          NaN,
,,,          NaN,,,,          NaN,
,,,          NaN,,,,          NaN,
,,,          NaN,,,,          NaN,
,,,          NaN,,,,          NaN,
,,,          NaN,,,,          NaN,
,,,          NaN,,,,          NaN,
,,,          NaN,,,,          NaN,
,,,          NaN,,,,          NaN,
,,,          NaN,,,,          NaN,
,,,          NaN,,,,          NaN,
,,,          NaN,,,,          NaN,
,,,          NaN,,,,          NaN,
,,,          NaN,,,,          NaN,
,,,          NaN,,,,          NaN,
,,,          NaN,,,,          NaN,
,,,          NaN,,,,          NaN,
,,,          NaN,,,,          NaN,
,,,          NaN,,,,          NaN,
,,,          NaN,,,,          NaN,
,,,          NaN,,,,          NaN,
,,,          NaN,,,,          NaN,
,,,          NaN,,,,          NaN,
,,,          NaN,,,,          NaN,
,,,          NaN,,,,          NaN,
,,,          NaN,,,,          NaN,
,,,          NaN,,,,          NaN,
,,,          NaN,,,,          NaN,
,,,          NaN,,,,          NaN,
,,,          NaN,,,,          NaN,
,,,          NaN,,,,          NaN,
,,,          NaN,,,,          NaN,
,,,          NaN,,,,          NaN,
,,,          NaN,,,,          NaN,
,,,          NaN,,,,          NaN,
,,,          NaN,,,,          NaN,
,,,          NaN,,,,          NaN,
,,,          NaN,,,,          NaN,
,,,          NaN,,,,          NaN,
,,,          NaN,,,,          NaN,
,,,          NaN,,,,          NaN,
,,,          NaN,,,,          NaN,
,,,          NaN,,,,          NaN,
,,,          NaN,,,,          NaN,
,,,          NaN,,,,          NaN,
,,,          NaN,,,,          NaN,
,,,          NaN,,,,          NaN,
,,,          NaN,,,,          NaN,
,,,          NaN,,,,          NaN,
,,,          NaN,,,,          NaN,
,,,          NaN,,,,          NaN,
,,,          NaN,,,,          NaN,
,,,          NaN,,,,          NaN,
,,,          NaN,,,,          NaN,
,,,          NaN,,,,          NaN,
,,,          NaN,,,,          NaN,
,,,          NaN,,,,          NaN,
,,,          NaN,,,,          NaN,
,,,          NaN,,,,          NaN,
,,,          NaN,,,,          NaN,
,,,          NaN,,,,          NaN,
,,,          NaN,,,,          NaN,
,,,          NaN,,,,          NaN,
,,,          NaN,,,,          NaN,
,,,          NaN,,,,          NaN,
,,,          NaN,,,,          NaN,
,,,          NaN,,,,          NaN,
,,,          NaN,,,,          NaN,
,,,          NaN,,,,          NaN,
,,,          NaN,,,,          NaN,
,,,          NaN,,,,          NaN,
,,,          NaN,,,,          NaN,
,,,          NaN,,,,          NaN,
,,,          NaN,,,,          NaN,
,,,          NaN,,,,          NaN,
,,,          NaN,,,,          NaN,
,,,          NaN,,,,          NaN,
,,,          NaN,,,,          NaN,
,,,          NaN,,,,          NaN,
,,,          NaN,,,,          NaN,
,,,          NaN,,,,          NaN,
,,,          NaN,,,,          NaN,
,,,          NaN,,,,          NaN,
,,,          NaN,,,,          NaN,
,,,          NaN,,,,          NaN,
,,,          NaN,,,,          NaN,
,,,          NaN,,,,          NaN,
,,,          NaN,,,,          NaN,
,,,          NaN,,,,          NaN,
,,,          NaN,,,,          NaN,
,,,          NaN,,,,          NaN,
,,,          NaN,,,,          NaN,
,,,          NaN,,,,          NaN,
,,,          NaN,,,,          NaN,
,,,          NaN,,,,          NaN,
,,,          NaN,,,,          NaN,
,,,          NaN,,,,          NaN,
,,,          NaN,,,,          NaN,
,,,          NaN,,,,          NaN,
,,,          NaN,,,,          NaN,
,,,          NaN,,,,          NaN,
,,,          NaN,,,,          NaN,
,,,          NaN,,,,          NaN,
,,,          NaN,,,,          NaN,
,,,          NaN,,,,          NaN,
,,,          NaN,,,,          NaN,
,,,          NaN,,,,          NaN,
,,,          NaN,,,,          NaN,
,,,          NaN,,,,          NaN,
,,,          NaN,,,,          NaN,
,,,          NaN,,,,          NaN,
,,,          NaN,,,,          NaN,
,,,          NaN,,,,          NaN,
,,,          NaN,,,,          NaN,
,,,          NaN,,,,          NaN,
,,,          NaN,,,,          NaN,
,,,          NaN,,,,          NaN,
,,,          NaN,,,,          NaN,
,,,          NaN,,,,          NaN,
,,,          NaN,,,,          NaN,
,,,          NaN,,,,          NaN,
,,,          NaN,,,,          NaN,
,,,          NaN,,,,          NaN,
,,,          NaN,,,,          NaN,
,,,          NaN,,,,          NaN,
,,,          NaN,,,,          NaN,
,,,          NaN,,,,          NaN,
,,,          NaN,,,,          NaN,
,,,          NaN,,,,          NaN,
,,,          NaN,,,,          NaN,
,,,          NaN,,,,          NaN,
,,,          NaN,,,,          NaN,
,,,          NaN,,,,          NaN,
,,,          NaN,,,,          NaN,
,,,          NaN,,,,          NaN,
,,,          NaN,,,,          NaN,
,,,          NaN,,,,          NaN,
,,,          NaN,,,,          NaN,
,,,          NaN,,,,          NaN,
,,,          NaN,,,,          NaN,
,,,          NaN,,,,          NaN,
,,,          NaN,,,,          NaN,
,,,          NaN,,,,          NaN,
,,,          NaN,,,,          NaN,
,,,          NaN,,,,          NaN,
,,,          NaN,,,,          NaN,
,,,          NaN,,,,          NaN,
,,,          NaN,,,,          NaN,
,,,          NaN,,,,          NaN,
,,,          NaN,,,,          NaN,
,,,          NaN,,,,          NaN,
,,,          NaN,,,,          NaN,
,,,          NaN,,,,          NaN,
,,,          NaN,,,,          NaN,
,,,          NaN,,,,          NaN,
,,,          NaN,,,,          NaN,
,,,          NaN,,,,          NaN,
,,,          NaN,,,,          NaN,
,,,          NaN,,,,          NaN,
,,,          NaN,,,,          NaN,
,,,          NaN,,,,          NaN,
,,,          NaN,,,,          NaN,
,,,          NaN,,,,          NaN,
,,,          NaN,,,,          NaN,
,,,          NaN,,,,          NaN,
,,,          NaN,,,,          NaN,
,,,          NaN,,,,          NaN,
,,,          NaN,,,,          NaN,
,,,          NaN,,,,          NaN,
,,,          NaN,,,,          NaN,
,,,          NaN,,,,          NaN,
,,,          NaN,,,,          NaN,
,,,          NaN,,,,          NaN,
,,,          NaN,,,,          NaN,
,,,          NaN,,,,          NaN,
,,,          NaN,,,,          NaN,
,,,          NaN,,,,          NaN,
,,,          NaN,,,,          NaN,
,,,          NaN,,,,          NaN,
,,,          NaN,,,,          NaN,
,,,          NaN,,,,          NaN,
,,,          NaN,,,,          NaN,
,,,          NaN,,,,          NaN,
,,,          NaN,,,,          NaN,
,,,          NaN,,,,          NaN,
,,,          NaN,,,,          NaN,
,,,          NaN,,,,          NaN,
,,,          NaN,,,,          NaN,
,,,          NaN,,,,          NaN,
,,,          NaN,,,,          NaN,
,,,          NaN,,,,          NaN,
,,,          NaN,,,,          NaN,
,,,          NaN,,,,          NaN,
,,,          NaN,,,,          NaN,
,,,          NaN,,,,          NaN,
,,,          NaN,,,,          NaN,
,,,          NaN,,,,          NaN,
,,,          NaN,,,,          NaN,
,,,          NaN,,,,          NaN,
,,,          NaN,,,,          NaN,
,,,          NaN,,,,          NaN,
,,,          NaN,,,,          NaN,
,,,          NaN,,,,          NaN,
,,,          NaN,,,,          NaN,
,,,          NaN,,,,          NaN,
,,,          NaN,,,,          NaN,
,,,          NaN,,,,          NaN,
,,,          NaN,,,,          NaN,
,,,          NaN,,,,          NaN,
,,,          NaN,,,,          NaN,
,,,          NaN,,,,          NaN,
,,,          NaN,,,,          NaN,
,,,          NaN,,,,          NaN,
,,,          NaN,,,,          NaN,
,,,          NaN,,,,          NaN,
,,,          NaN,,,,          NaN,
,,,          NaN,,,,          NaN,
,,,          NaN,,,,          NaN,
,,,          NaN,,,,          NaN,
,,,          NaN,,,,          NaN,
,,,          NaN,,,,          NaN,
,,,          NaN,,,,          NaN,
,,,          NaN,,,,          NaN,
,,,          NaN,,,,          NaN,
,,,          NaN,,,,          NaN,
,,,          NaN,,,,          NaN,
,,,          NaN,,,,          NaN,
,,,          NaN,,,,          NaN,
,,,          NaN,,,,          NaN,
,,,          NaN,,,,          NaN,
,,,          NaN,,,,          NaN,
,,,          NaN,,,,          NaN,
,,,          NaN,,,,          NaN,
,,,          NaN,,,,          NaN,
,,,          NaN,,,,          NaN,
,,,          NaN,,,,          NaN,
,,,          NaN,,,,          NaN,
,,,          NaN,,,,          NaN,
,,,          NaN,,,,          NaN,
,,,          NaN,,,,          NaN,
,,,          NaN,,,,          NaN,
,,,          NaN,,,,          NaN,
,,,          NaN,,,,          NaN,
,,,          NaN,,,,          NaN,
,,,          NaN,,,,          NaN,
,,,          NaN,,,,          NaN,
,,,          NaN,,,,          NaN,
,,,          NaN,,,,          NaN,
,,,          NaN,,,,          NaN,
,,,          NaN,,,,          NaN,
,,,          NaN,,,,          NaN,
,,,          NaN,,,,          NaN,
,,,          NaN,,,,          NaN,
,,,          NaN,,,,          NaN,
,,,          NaN,,,,          NaN,
,,,          NaN,,,,          NaN,
,,,          NaN,,,,          NaN,
,,,          NaN,,,,          NaN,
,,,          NaN,,,,          NaN,
,,,          NaN,,,,          NaN,
,,,          NaN,,,,          NaN,
,,,          NaN,,,,          NaN,
,,,          NaN,,,,          NaN,
,,,          NaN,,,,          NaN,
,,,          NaN,,,,          NaN,
,,,          NaN,,,,          NaN,
,,,          NaN,,,,          NaN,
,,,          NaN,,,,          NaN,
,,,          NaN,,,,          NaN,
,,,          NaN,,,,          NaN,
,,,          NaN,,,,          NaN,
,,,          NaN,,,,          NaN,
,,,          NaN,,,,          NaN,
,,,          NaN,,,,          NaN,
,,,          NaN,,,,          NaN,
,,,          NaN,,,,          NaN,
,,,          NaN,,,,          NaN,
,,,          NaN,,,,          NaN,
,,,          NaN,,,,          NaN,
,,,          NaN,,,,          NaN,
,,,          NaN,,,,          NaN,
,,,          NaN,,,,          NaN,
,,,          NaN,,,,          NaN,
,,,          NaN,,,,          NaN,
,,,          NaN,,,,          NaN,
,,,          NaN,,,,          NaN,
,,,          NaN,,,,          NaN,
,,,          NaN,,,,          NaN,
,,,          NaN,,,,          NaN,
,,,          NaN,,,,          NaN,
,,,          NaN,,,,          NaN,
,,,          NaN,,,,          NaN,
,,,          NaN,,,,          NaN,
,,,          NaN,,,,          NaN,
,,,          NaN,,,,          NaN,
,,,          NaN,,,,          NaN,
,,,          NaN,,,,          NaN,
,,,          NaN,,,,          NaN,
,,,          NaN,,,,          NaN,
,,,          NaN,,,,          NaN,
,,,          NaN,,,,          NaN,
,,,          NaN,,,,          NaN,
,,,          NaN,,,,          NaN,
,,,          NaN,,,,          NaN,
,,,          NaN,,,,          NaN,
,,,          NaN,,,,          NaN,
,,,          NaN,,,,          NaN,
,,,          NaN,,,,          NaN,
,,,          NaN,,,,          NaN,
,,,          NaN,,,,          NaN,
,,,          NaN,,,,          NaN,
,,,          NaN,,,,          NaN,
,,,          NaN,,,,          NaN,
,,,          NaN,,,,          NaN,
,,,          NaN,,,,          NaN,
,,,          NaN,,,,          NaN,
,,,          NaN,,,,          NaN,
,,,          NaN,,,,          NaN,
,,,          NaN,,,,          NaN,
,,,          NaN,,,,          NaN,
,,,          NaN,,,,          NaN,
,,,          NaN,,,,          NaN,
,,,          NaN,,,,          NaN,
,,,          NaN,,,,          NaN,
,,,          NaN,,,,          NaN,
,,,          NaN,,,,          NaN,
,,,          NaN,,,,          NaN,
,,,          NaN,,,,          NaN,
,,,          NaN,,,,          NaN,
,,,          NaN,,,,          NaN,
,,,          NaN,,,,          NaN,
,,,          NaN,,,,          NaN,
,,,          NaN,,,,          NaN,
,,,          NaN,,,,          NaN,
,,,          NaN,,,,          NaN,
,,,          NaN,,,,          NaN,
,,,          NaN,,,,          NaN,
,,,          NaN,,,,          NaN,
,,,          NaN,,,,          NaN,
,,,          NaN,,,,          NaN,
,,,          NaN,,,,          NaN,
,,,          NaN,,,,          NaN,
,,,          NaN,,,,          NaN,
,,,          NaN,,,,          NaN,
,,,          NaN,,,,          NaN,
,,,          NaN,,,,          NaN,
,,,          NaN,,,,          NaN,
,,,          NaN,,,,          NaN,
,,,          NaN,,,,          NaN,
,,,          NaN,,,,          NaN,
,,,          NaN,,,,          NaN,
,,,          NaN,,,,          NaN,
,,,          NaN,,,,          NaN,
,,,          NaN,,,,          NaN,
,,,          NaN,,,,          NaN,
,,,          NaN,,,,          NaN,
,,,          NaN,,,,          NaN,
,,,          NaN,,,,          NaN,
,,,          NaN,,,,          NaN,
,,,          NaN,,,,          NaN,
,,,          NaN,,,,          NaN,
,,,          NaN,,,,          NaN,
,,,          NaN,,,,          NaN,
,,,          NaN,,,,          NaN,
,,,          NaN,,,,          NaN,
,,,          NaN,,,,          NaN,
,,,          NaN,,,,          NaN,
,,,          NaN,,,,          NaN,
,,,          NaN,,,,          NaN,
,,,          NaN,,,,          NaN,
,,,          NaN,,,,          NaN,
,,,          NaN,,,,          NaN,
,,,          NaN,,,,          NaN,
,,,          NaN,,,,          NaN,
,,,          NaN,,,,          NaN,
,,,          NaN,,,,          NaN,
,,,          NaN,,,,          NaN,
,,,          NaN,,,,          NaN,
,,,          NaN,,,,          NaN,
,,,          NaN,,,,          NaN,
,,,          NaN,,,,          NaN,
,,,          NaN,,,,          NaN,
,,,          NaN,,,,          NaN,
,,,          NaN,,,,          NaN,
,,,          NaN,,,,          NaN,
,,,          NaN,,,,          NaN,
,,,          NaN,,,,          NaN,
,,,          NaN,,,,          NaN,
,,,          NaN,,,,          NaN,
,,,          NaN,,,,          NaN,
,,,          NaN,,,,          NaN,
,,,          NaN,,,,          NaN,
,,,          NaN,,,,          NaN,
,,,          NaN,,,,          NaN,
,,,          NaN,,,,          NaN,
,,,          NaN,,,,          NaN,
,,,          NaN,,,,          NaN,
,,,          NaN,,,,          NaN,
,,,          NaN,,,,          NaN,
,,,          NaN,,,,          NaN,
,,,          NaN,,,,          NaN,
,,,          NaN,,,,          NaN,
,,,          NaN,,,,          NaN,
,,,          NaN,,,,          NaN,
,,,          NaN,,,,          NaN,
,,,          NaN,,,,          NaN,
,,,          NaN,,,,          NaN,
,,,          NaN,,,,          NaN,
,,,          NaN,,,,          NaN,
,,,          NaN,,,,          NaN,
,,,          NaN,,,,          NaN,
,,,          NaN,,,,          NaN,
,,,          NaN,,,,          NaN,
,,,          NaN,,,,          NaN,
,,,          NaN,,,,          NaN,
,,,          NaN,,,,          NaN,
,,,          NaN,,,,          NaN,
,,,          NaN,,,,          NaN,
,,,          NaN,,,,          NaN,
,,,          NaN,,,,          NaN,
,,,          NaN,,,,          NaN,
,,,          NaN,,,,          NaN,
,,,          NaN,,,,          NaN,
,,,          NaN,,,,          NaN,
,,,          NaN,,,,          NaN,
,,,          NaN,,,,          NaN,
,,,          NaN,,,,          NaN,
,,,          NaN,,,,          NaN,
,,,          NaN,,,,          NaN,
,,,          NaN,,,,          NaN,
,,,          NaN,,,,          NaN,
,,,          NaN,,,,          NaN,
,,,          NaN,,,,          NaN,
,,,          NaN,,,,          NaN,
,,,          NaN,,,,          NaN,
,,,          NaN,,,,          NaN,
,,,          NaN,,,,          NaN,
,,,          NaN,,,,          NaN,
,,,          NaN,,,,          NaN,
,,,          NaN,,,,          NaN,
,,,          NaN,,,,          NaN,
,,,          NaN,,,,          NaN,
,,,          NaN,,,,          NaN,
,,,          NaN,,,,          NaN,
,,,          NaN,,,,          NaN,
,,,          NaN,,,,          NaN,
,,,          NaN,,,,          NaN,
,,,          NaN,,,,          NaN,
,,,          NaN,,,,          NaN,
,,,          NaN,,,,          NaN,
,,,          NaN,,,,          NaN,
,,,          NaN,,,,          NaN,
,,,          NaN,,,,          NaN,
,,,          NaN,,,,          NaN,
,,,          NaN,,,,          NaN,
,,,          NaN,,,,          NaN,
,,,          NaN,,,,          NaN,
,,,          NaN,,,,          NaN,
,,,          NaN,,,,          NaN,
,,,          NaN,,,,          NaN,
,,,          NaN,,,,          NaN,
,,,          NaN,,,,          NaN,
,,,          NaN,,,,          NaN,
,,,          NaN,,,,          NaN,
,,,          NaN,,,,          NaN,
,,,          NaN,,,,          NaN,
,,,          NaN,,,,          NaN,
,,,          NaN,,,,          NaN,
,,,          NaN,,,,          NaN,
,,,          NaN,,,,          NaN,
,,,          NaN,,,,          NaN,
,,,          NaN,,,,          NaN,
,,,          NaN,,,,          NaN,
,,,          NaN,,,,          NaN,
,,,          NaN,,,,          NaN,
,,,          NaN,,,,          NaN,
,,,          NaN,,,,          NaN,
,,,          NaN,,,,          NaN,
,,,          NaN,,,,          NaN,
,,,          NaN,,,,          NaN,
,,,          NaN,,,,          NaN,
,,,          NaN,,,,          NaN,
,,,          NaN,,,,          NaN,
,,,          NaN,,,,          NaN,
,,,          NaN,,,,          NaN,
,,,          NaN,,,,          NaN,
,,,          NaN,,,,          NaN,
,,,          NaN,,,,          NaN,
,,,          NaN,,,,          NaN,
,,,          NaN,,,,          NaN,
,,,          NaN,,,,          NaN,
,,,          NaN,,,,          NaN,
,,,          NaN,,,,          NaN,
,,,          NaN,,,,          NaN,
,,,          NaN,,,,          NaN,
,,,          NaN,,,,          NaN,
,,,          NaN,,,,          NaN,
,,,          NaN,,,,          NaN,
,,,          NaN,,,,          NaN,
,,,          NaN,,,,          NaN,
,,,          NaN,,,,          NaN,
,,,          NaN,,,,          NaN,
,,,          NaN,,,,          NaN,
,,,          NaN,,,,          NaN,
,,,          NaN,,,,          NaN,
,,,          NaN,,,,          NaN,
,,,          NaN,,,,          NaN,
,,,          NaN,,,,          NaN,
,,,          NaN,,,,          NaN,
,,,          NaN,,,,          NaN,
,,,          NaN,,,,          NaN,
,,,          NaN,,,,          NaN,
,,,          NaN,,,,          NaN,
,,,          NaN,,,,          NaN,
,,,          NaN,,,,          NaN,
,,,          NaN,,,,          NaN,
,,,          NaN,,,,          NaN,
,,,          NaN,,,,          NaN,
,,,          NaN,,,,          NaN,
,,,          NaN,,,,          NaN,
,,,          NaN,,,,          NaN,
,,,          NaN,,,,          NaN,
,,,          NaN,,,,          NaN,
,,,          NaN,,,,          NaN,
,,,          NaN,,,,          NaN,
,,,          NaN,,,,          NaN,
,,,          NaN,,,,          NaN,
,,,          NaN,,,,          NaN,
,,,          NaN,,,,          NaN,
,,,          NaN,,,,          NaN,
,,,          NaN,,,,          NaN,
,,,          NaN,,,,          NaN,
,,,          NaN,,,,          NaN,
,,,          NaN,,,,          NaN,
,,,          NaN,,,,          NaN,
,,,          NaN,,,,          NaN,
,,,          NaN,,,,          NaN,
,,,          NaN,,,,          NaN,
,,,          NaN,,,,          NaN,
,,,          NaN,,,,          NaN,
,,,          NaN,,,,          NaN,
,,,          NaN,,,,          NaN,
,,,          NaN,,,,          NaN,
,,,          NaN,,,,          NaN,
,,,          NaN,,,,          NaN,
,,,          NaN,,,,          NaN,
,,,          NaN,,,,          NaN,
,,,          NaN,,,,          NaN,
,,,          NaN,,,,          NaN,
,,,          NaN,,,,          NaN,
,,,          NaN,,,,          NaN,
,,,          NaN,,,,          NaN,
,,,          NaN,,,,          NaN,
,,,          NaN,,,,          NaN,
,,,          NaN,,,,          NaN,
,,,          NaN,,,,          NaN,
,,,          NaN,,,,          NaN,
,,,          NaN,,,,          NaN,
,,,          NaN,,,,          NaN,
,,,          NaN,,,,          NaN,
,,,          NaN,,,,          NaN,
,,,          NaN,,,,          NaN,
,,,          NaN,,,,          NaN,
,,,          NaN,,,,          NaN,
,,,          NaN,,,,          NaN,
,,,          NaN,,,,          NaN,
,,,          NaN,,,,          NaN,
,,,          NaN,,,,          NaN,
,,,          NaN,,,,          NaN,
,,,          NaN,,,,          NaN,
,,,          NaN,,,,          NaN,
,,,          NaN,,,,          NaN,
,,,          NaN,,,,          NaN,
,,,          NaN,,,,          NaN,
,,,          NaN,,,,          NaN,
,,,          NaN,,,,          NaN,
,,,          NaN,,,,          NaN,
,,,          NaN,,,,          NaN,
,,,          NaN,,,,          NaN,
,,,          NaN,,,,          NaN,
,,,          NaN,,,,          NaN,
,,,          NaN,,,,          NaN,
,,,          NaN,,,,          NaN,
,,,          NaN,,,,          NaN,
,,,          NaN,,,,          NaN,
,,,          NaN,,,,          NaN,
,,,          NaN,,,,          NaN,
,,,          NaN,,,,          NaN,
,,,          NaN,,,,          NaN,
,,,          NaN,,,,          NaN,
,,,          NaN,,,,          NaN,
,,,          NaN,,,,          NaN,
,,,          NaN,,,,          NaN,
,,,          NaN,,,,          NaN,
,,,          NaN,,,,          NaN,
,,,          NaN,,,,          NaN,
,,,          NaN,,,,          NaN,
,,,          NaN,,,,          NaN,
,,,          NaN,,,,          NaN,
,,,          NaN,,,,          NaN,
,,,          NaN,,,,          NaN,
,,,          NaN,,,,          NaN,
,,,          NaN,,,,          NaN,
,,,          NaN,,,,          NaN,
,,,          NaN,,,,          NaN,
,,,          NaN,,,,          NaN,
,,,          NaN,,,,          NaN,
,,,          NaN,,,,          NaN,
,,,          NaN,,,,          NaN,
,,,          NaN,,,,          NaN,
,,,          NaN,,,,          NaN,
,,,          NaN,,,,          NaN,
,,,          NaN,,,,          NaN,
,,,          NaN,,,,          NaN,
,,,          NaN,,,,          NaN,
,,,          NaN,,,,          NaN,
,,,          NaN,,,,          NaN,
,,,          NaN,,,,          NaN,
,,,          NaN,,,,          NaN,
,,,          NaN,,,,          NaN,
,,,          NaN,,,,          NaN,
,,,          NaN,,,,          NaN,
,,,          NaN,,,,          NaN,
,,,          NaN,,,,          NaN,
,,,          NaN,,,,          NaN,
,,,          NaN,,,,          NaN,
,,,          NaN,,,,          NaN,
,,,          NaN,,,,          NaN,
,,,          NaN,,,,          NaN,
,,,          NaN,,,,          NaN,
,,,          NaN,,,,          NaN,
,,,          NaN,,,,          NaN,
,,,          NaN,,,,          NaN,
,,,          NaN,,,,          NaN,
,,,          NaN,,,,          NaN,
,,,          NaN,,,,          NaN,
,,,          NaN,,,,          NaN,
,,,          NaN,,,,          NaN,
,,,          NaN,,,,          NaN,
,,,          NaN,,,,          NaN,
,,,          NaN,,,,          NaN,
,,,          NaN,,,,          NaN,
,,,          NaN,,,,          NaN,
,,,          NaN,,,,          NaN,
,,,          NaN,,,,          NaN,
,,,          NaN,,,,          NaN,
,,,          NaN,,,,          NaN,
,,,          NaN,,,,          NaN,
,,,          NaN,,,,          NaN,
,,,          NaN,,,,          NaN,
,,,          NaN,,,,          NaN,
,,,          NaN,,,,          NaN,
,,,          NaN,,,,          NaN,
,,,          NaN,,,,          NaN,
,,,          NaN,,,,          NaN,
,,,          NaN,,,,          NaN,
,,,          NaN,,,,          NaN,
,,,          NaN,,,,          NaN,
,,,          NaN,,,,          NaN,
,,,          NaN,,,,          NaN,
,,,          NaN,,,,          NaN,
,,,          NaN,,,,          NaN,
,,,          NaN,,,,          NaN,
,,,          NaN,,,,          NaN,
,,,          NaN,,,,          NaN,
,,,          NaN,,,,          NaN,
,,,          NaN,,,,          NaN,
,,,          NaN,,,,          NaN,
,,,          NaN,,,,          NaN,
,,,          NaN,,,,          NaN,
,,,          NaN,,,,          NaN,
,,,          NaN,,,,          NaN,
,,,          NaN,,,,          NaN,
,,,          NaN,,,,          NaN,
,,,          NaN,,,,          NaN,
,,,          NaN,,,,          NaN,
,,,          NaN,,,,          NaN,
,,,          NaN,,,,          NaN,
,,,          NaN,,,,          NaN,
,,,          NaN,,,,          NaN,
,,,          NaN,,,,          NaN,
,,,          NaN,,,,          NaN,
,,,          NaN,,,,          NaN,
,,,          NaN,,,,          NaN,
,,,          NaN,,,,          NaN,
,,,          NaN,,,,          NaN,
,,,          NaN,,,,          NaN,
,,,          NaN,,,,          NaN,
,,,          NaN,,,,          NaN,
,,,          NaN,,,,          NaN,
,,,          NaN,,,,          NaN,
,,,          NaN,,,,          NaN,
,,,          NaN,,,,          NaN,
,,,          NaN,,,,          NaN,
,,,          NaN,,,,          NaN,
,,,          NaN,,,,          NaN,
,,,          NaN,,,,          NaN,
,,,          NaN,,,,          NaN,
,,,          NaN,,,,          NaN,
,,,          NaN,,,,          NaN,
,,,          NaN,,,,          NaN,
,,,          NaN,,,,          NaN,
,,,          NaN,,,,          NaN,
,,,          NaN,,,,          NaN,
,,,          NaN,,,,          NaN,
,,,          NaN,,,,          NaN,
,,,          NaN,,,,          NaN,
,,,          NaN,,,,          NaN,
,,,          NaN,,,,          NaN,
,,,          NaN,,,,          NaN,
,,,          NaN,,,,          NaN,
,,,          NaN,,,,          NaN,
,,,          NaN,,,,          NaN,
,,,          NaN,,,,          NaN,
,,,          NaN,,,,          NaN,
,,,          NaN,,,,          NaN,
,,,          NaN,,,,          NaN,
,,,          NaN,,,,          NaN,
,,,          NaN,,,,          NaN,
,,,          NaN,,,,          NaN,
,,,          NaN,,,,          NaN,
,,,          NaN,,,,          NaN,
,,,          NaN,,,,          NaN,
,,,          NaN,,,,          NaN,
,,,          NaN,,,,          NaN,
,,,          NaN,,,,          NaN,
,,,          NaN,,,,          NaN,
,,,          NaN,,,,          NaN,
,,,          NaN,,,,          NaN,
,,,          NaN,,,,          NaN,
,,,          NaN,,,,          NaN,
,,,          NaN,,,,          NaN,
,,,          NaN,,,,          NaN,
,,,          NaN,,,,          NaN,
,,,          NaN,,,,          NaN,
,,,          NaN,,,,          NaN,
,,,          NaN,,,,          NaN,
,,,          NaN,,,,          NaN,
,,,          NaN,,,,          NaN,
,,,          NaN,,,,          NaN,
,,,          NaN,,,,          NaN,
,,,          NaN,,,,          NaN,
,,,          NaN,,,,          NaN,
,,,          NaN,,,,          NaN,
,,,          NaN,,,,          NaN,
,,,          NaN,,,,          NaN,
,,,          NaN,,,,          NaN,
,,,          NaN,,,,          NaN,
,,,          NaN,,,,          NaN,
,,,          NaN,,,,          NaN,
,,,          NaN,,,,          NaN,
,,,          NaN,,,,          NaN,
,,,          NaN,,,,          NaN,
,,,          NaN,,,,          NaN,
,,,          NaN,,,,          NaN,
,,,          NaN,,,,          NaN,
,,,          NaN,,,,          NaN,
,,,          NaN,,,,          NaN,
,,,          NaN,,,,          NaN,
,,,          NaN,,,,          NaN,
,,,          NaN,,,,          NaN,
,,,          NaN,,,,          NaN,
,,,          NaN,,,,          NaN,
,,,          NaN,,,,          NaN,
,,,          NaN,,,,          NaN,
,,,          NaN,,,,          NaN,
,,,          NaN,,,,          NaN,
,,,          NaN,,,,          NaN,
,,,          NaN,,,,          NaN,
,,,          NaN,,,,          NaN,
,,,          NaN,,,,          NaN,
,,,          NaN,,,,          NaN,
,,,          NaN,,,,          NaN,
,,,          NaN,,,,          NaN,
,,,          NaN,,,,          NaN,
,,,          NaN,,,,          NaN,
,,,          NaN,,,,          NaN,
,,,          NaN,,,,          NaN,
,,,          NaN,,,,          NaN,
,,,          NaN,,,,          NaN,
,,,          NaN,,,,          NaN,
,,,          NaN,,,,          NaN,
,,,          NaN,,,,          NaN,
,,,          NaN,,,,          NaN,
,,,          NaN,,,,          NaN,
,,,          NaN,,,,          NaN,
,,,          NaN,,,,          NaN,
,,,          NaN,,,,          NaN,
,,,          NaN,,,,          NaN,
,,,          NaN,,,,          NaN,
,,,          NaN,,,,          NaN,
,,,          NaN,,,,          NaN,
,,,          NaN,,,,          NaN,
,,,          NaN,,,,          NaN,
,,,          NaN,,,,          NaN,
,,,          NaN,,,,          NaN,
,,,          NaN,,,,          NaN,
,,,          NaN,,,,          NaN,
,,,          NaN,,,,          NaN,
,,,          NaN,,,,          NaN,
,,,          NaN,,,,          NaN,
,,,          NaN,,,,          NaN,
,,,          NaN,,,,          NaN,
,,,          NaN,,,,          NaN,
,,,          NaN,,,,          NaN,
,,,          NaN,,,,          NaN,
,,,          NaN,,,,          NaN,
,,,          NaN,,,,          NaN,
,,,          NaN,,,,          NaN,
,,,          NaN,,,,          NaN,
,,,          NaN,,,,          NaN,
,,,          NaN,,,,          NaN,
,,,          NaN,,,,          NaN,
,,,          NaN,,,,          NaN,
,,,          NaN,,,,          NaN,
,,,          NaN,,,,          NaN,
,,,          NaN,,,,          NaN,
,,,          NaN,,,,          NaN,
,,,          NaN,,,,          NaN,
,,,          NaN,,,,          NaN,
,,,          NaN,,,,          NaN,
,,,          NaN,,,,          NaN,
,,,          NaN,,,,          NaN,
,,,          NaN,,,,          NaN,
,,,          NaN,,,,          NaN,
,,,          NaN,,,,          NaN,
,,,          NaN,,,,          NaN,
,,,          NaN,,,,          NaN,
,,,          NaN,,,,          NaN,
,,,          NaN,,,,          NaN,
,,,          NaN,,,,          NaN,
,,,          NaN,,,,          NaN,
,,,          NaN,,,,          NaN,
,,,          NaN,,,,          NaN,
,,,          NaN,,,,          NaN,
,,,          NaN,,,,          NaN,
,,,          NaN,,,,          NaN,
,,,          NaN,,,,          NaN,
,,,          NaN,,,,          NaN,
,,,          NaN,,,,          NaN,
,,,          NaN,,,,          NaN,
,,,          NaN,,,,          NaN,
,,,          NaN,,,,          NaN,
,,,          NaN,,,,          NaN,
,,,          NaN,,,,          NaN,
,,,          NaN,,,,          NaN,
,,,          NaN,,,,          NaN,
,,,          NaN,,,,          NaN,
,,,          NaN,,,,          NaN,
,,,          NaN,,,,          NaN,
,,,          NaN,,,,          NaN,
,,,          NaN,,,,          NaN,
,,,          NaN,,,,          NaN,
,,,          NaN,,,,          NaN,
,,,          NaN,,,,          NaN,
,,,          NaN,,,,          NaN,
,,,          NaN,,,,          NaN,
,,,          NaN,,,,          NaN,
,,,          NaN,,,,          NaN,
,,,          NaN,,,,          NaN,
,,,          NaN,,,,          NaN,
,,,          NaN,,,,          NaN,
,,,          NaN,,,,          NaN,
,,,          NaN,,,,          NaN,
,,,          NaN,,,,          NaN,
,,,          NaN,,,,          NaN,
,,,          NaN,,,,          NaN,
,,,          NaN,,,,          NaN,
,,,          NaN,,,,          NaN,
,,,          NaN,,,,          NaN,
,,,          NaN,,,,          NaN,
,,,          NaN,,,,          NaN,
,,,          NaN,,,,          NaN,
,,,          NaN,,,,          NaN,
,,,          NaN,,,,          NaN,
,,,          NaN,,,,          NaN,
,,,          NaN,,,,          NaN,
,,,          NaN,,,,          NaN,
,,,          NaN,,,,          NaN,
,,,          NaN,,,,          NaN,
,,,          NaN,,,,          NaN,
,,,          NaN,,,,          NaN,
,,,          NaN,,,,          NaN,
,,,          NaN,,,,          NaN,
,,,          NaN,,,,          NaN,
,,,          NaN,,,,          NaN,
,,,          NaN,,,,          NaN,
,,,          NaN,,,,          NaN,
,,,          NaN,,,,          NaN,
,,,          NaN,,,,          NaN,
,,,          NaN,,,,          NaN,
,,,          NaN,,,,          NaN,
,,,          NaN,,,,          NaN,
,,,          NaN,,,,          NaN,
,,,          NaN,,,,          NaN,
,,,          NaN,,,,          NaN,
,,,          NaN,,,,          NaN,
,,,          NaN,,,,          NaN,
,,,          NaN,,,,          NaN,
,,,          NaN,,,,          NaN,
,,,          NaN,,,,          NaN,
,,,          NaN,,,,          NaN,
,,,          NaN,,,,          NaN,
,,,          NaN,,,,          NaN,
,,,          NaN,,,,          NaN,
,,,          NaN,,,,          NaN,
,,,          NaN,,,,          NaN,
,,,          NaN,,,,          NaN,
,,,          NaN,,,,          NaN,
,,,          NaN,,,,          NaN,
,,,          NaN,,,,          NaN,
,,,          NaN,,,,          NaN,
,,,          NaN,,,,          NaN,
,,,          NaN,,,,          NaN,
,,,          NaN,,,,          NaN,
,,,          NaN,,,,          NaN,
,,,          NaN,,,,          NaN,
,,,          NaN,,,,          NaN,
,,,          NaN,,,,          NaN,
,,,          NaN,,,,          NaN,
,,,          NaN,,,,          NaN,
,,,          NaN,,,,          NaN,
,,,          NaN,,,,          NaN,
,,,          NaN,,,,          NaN,
,,,          NaN,,,,          NaN,
,,,          NaN,,,,          NaN,
,,,          NaN,,,,          NaN,
,,,          NaN,,,,          NaN,
,,,          NaN,,,,          NaN,
,,,          NaN,,,,          NaN,
,,,          NaN,,,,          NaN,
,,,          NaN,,,,          NaN,
,,,          NaN,,,,          NaN,
,,,          NaN,,,,          NaN,
,,,          NaN,,,,          NaN,
,,,          NaN,,,,          NaN,
,,,          NaN,,,,          NaN,
,,,          NaN,,,,          NaN,
,,,          NaN,,,,          NaN,
,,,          NaN,,,,          NaN,
,,,          NaN,,,,          NaN,
,,,          NaN,,,,          NaN,
,,,          NaN,,,,          NaN,
,,,          NaN,,,,          NaN,
,,,          NaN,,,,          NaN,
,,,          NaN,,,,          NaN,
,,,          NaN,,,,          NaN,
,,,          NaN,,,,          NaN,
,,,          NaN,,,,          NaN,
,,,          NaN,,,,          NaN,
,,,          NaN,,,,          NaN,
,,,          NaN,,,,          NaN,
,,,          NaN,,,,          NaN,
,,,          NaN,,,,          NaN,
,,,          NaN,,,,          NaN,
,,,          NaN,,,,          NaN,
,,,          NaN,,,,          NaN,
,,,          NaN,,,,          NaN,
,,,          NaN,,,,          NaN,
,,,          NaN,,,,          NaN,
,,,          NaN,,,,          NaN,
,,,          NaN,,,,          NaN,
,,,          NaN,,,,          NaN,
,,,          NaN,,,,          NaN,
,,,          NaN,,,,          NaN,
,,,          NaN,,,,          NaN,
,,,          NaN,,,,          NaN,
,,,          NaN,,,,          NaN,
,,,          NaN,,,,          NaN,
,,,          NaN,,,,          NaN,
,,,          NaN,,,,          NaN,
,,,          NaN,,,,          NaN,
,,,          NaN,,,,          NaN,
,,,          NaN,,,,          NaN,
,,,          NaN,,,,          NaN,
,,,          NaN,,,,          NaN,
,,,          NaN,,,,          NaN,
,,,          NaN,,,,          NaN,
,,,          NaN,,,,          NaN,
,,,          NaN,,,,          NaN,
,,,          NaN,,,,          NaN,
,,,          NaN,,,,          NaN,
,,,          NaN,,,,          NaN,
,,,          NaN,,,,          NaN,
,,,          NaN,,,,          NaN,
,,,          NaN,,,,          NaN,
,,,          NaN,,,,          NaN,
,,,          NaN,,,,          NaN,
,,,          NaN,,,,          NaN,
,,,          NaN,,,,          NaN,
,,,          NaN,,,,          NaN,
,,,          NaN,,,,          NaN,
,,,          NaN,,,,          NaN,
,,,          NaN,,,,          NaN,
,,,          NaN,,,,          NaN,
,,,          NaN,,,,          NaN,
,,,          NaN,,,,          NaN,
,,,          NaN,,,,          NaN,
,,,          NaN,,,,          NaN,
,,,          NaN,,,,          NaN,
,,,          NaN,,,,          NaN,
,,,          NaN,,,,          NaN,
,,,          NaN,,,,          NaN,
,,,          NaN,,,,          NaN,
,,,          NaN,,,,          NaN,
,,,          NaN,,,,          NaN,
,,,          NaN,,,,          NaN,
,,,          NaN,,,,          NaN,
,,,          NaN,,,,          NaN,
,,,          NaN,,,,          NaN,
,,,          NaN,,,,          NaN,
,,,          NaN,,,,          NaN,
,,,          NaN,,,,          NaN,
,,,          NaN,,,,          NaN,
,,,          NaN,,,,          NaN,
,,,          NaN,,,,          NaN,
,,,          NaN,,,,          NaN,
,,,          NaN,,,,          NaN,
,,,          NaN,,,,          NaN,
,,,          NaN,,,,          NaN,
,,,          NaN,,,,          NaN,
,,,          NaN,,,,          NaN,
,,,          NaN,,,,          NaN,
,,,          NaN,,,,          NaN,
,,,          NaN,,,,          NaN,
,,,          NaN,,,,          NaN,
,,,          NaN,,,,          NaN,
,,,          NaN,,,,          NaN,
,,,          NaN,,,,          NaN,
,,,          NaN,,,,          NaN,
,,,          NaN,,,,          NaN,
,,,          NaN,,,,          NaN,
,,,          NaN,,,,          NaN,
,,,          NaN,,,,          NaN,
,,,          NaN,,,,          NaN,
,,,          NaN,,,,          NaN,
,,,          NaN,,,,          NaN,
,,,          NaN,,,,          NaN,
,,,          NaN,,,,          NaN,
,,,          NaN,,,,          NaN,
,,,          NaN,,,,          NaN,
,,,          NaN,,,,          NaN,
,,,          NaN,,,,          NaN,
,,,          NaN,,,,          NaN,
,,,          NaN,,,,          NaN,
,,,          NaN,,,,          NaN,
,,,          NaN,,,,          NaN,
,,,          NaN,,,,          NaN,
,,,          NaN,,,,          NaN,
,,,          NaN,,,,          NaN,
,,,          NaN,,,,          NaN,
,,,          NaN,,,,          NaN,
,,,          NaN,,,,          NaN,
,,,          NaN,,,,          NaN,
,,,          NaN,,,,          NaN,
,,,          NaN,,,,          NaN,
,,,          NaN,,,,          NaN,
,,,          NaN,,,,          NaN,
,,,          NaN,,,,          NaN,
,,,          NaN,,,,          NaN,
,,,          NaN,,,,          NaN,
,,,          NaN,,,,          NaN,
,,,          NaN,,,,          NaN,
,,,          NaN,,,,          NaN,
,,,          NaN,,,,          NaN,
,,,          NaN,,,,          NaN,
,,,          NaN,,,,          NaN,
,,,          NaN,,,,          NaN,
,,,          NaN,,,,          NaN,
,,,          NaN,,,,          NaN,
,,,          NaN,,,,          NaN,
,,,          NaN,,,,          NaN,
,,,          NaN,,,,          NaN,
,,,          NaN,,,,          NaN,
,,,          NaN,,,,          NaN,
,,,          NaN,,,,          NaN,
,,,          NaN,,,,          NaN,
,,,          NaN,,,,          NaN,
,,,          NaN,,,,          NaN,
,,,          NaN,,,,          NaN,
,,,          NaN,,,,          NaN,
,,,          NaN,,,,          NaN,
,,,          NaN,,,,          NaN,
,,,          NaN,,,,          NaN,
,,,          NaN,,,,          NaN,
,,,          NaN,,,,          NaN,
,,,          NaN,,,,          NaN,
,,,          NaN,,,,          NaN,
,,,          NaN,,,,          NaN,
,,,          NaN,,,,          NaN,
,,,          NaN,,,,          NaN,
,,,          NaN,,,,          NaN,
,,,          NaN,,,,          NaN,
,,,          NaN,,,,          NaN,
,,,          NaN,,,,          NaN,
,,,          NaN,,,,          NaN,
,,,          NaN,,,,          NaN,
,,,          NaN,,,,          NaN,
,,,          NaN,,,,          NaN,
,,,          NaN,,,,          NaN,
,,,          NaN,,,,          NaN,
,,,          NaN,,,,          NaN,
,,,          NaN,,,,          NaN,
,,,          NaN,,,,          NaN,
,,,          NaN,,,,          NaN,
,,,          NaN,,,,          NaN,
,,,          NaN,,,,          NaN,
,,,          NaN,,,,          NaN,
,,,          NaN,,,,          NaN,
,,,          NaN,,,,          NaN,
,,,          NaN,,,,          NaN,
,,,          NaN,,,,          NaN,
,,,          NaN,,,,          NaN,
,,,          NaN,,,,          NaN,
,,,          NaN,,,,          NaN,
,,,          NaN,,,,          NaN,
,,,          NaN,,,,          NaN,
,,,          NaN,,,,          NaN,
,,,          NaN,,,,          NaN,
,,,          NaN,,,,          NaN,
,,,          NaN,,,,          NaN,
,,,          NaN,,,,          NaN,
,,,          NaN,,,,          NaN,
,,,          NaN,,,,          NaN,
,,,          NaN,,,,          NaN,
,,,          NaN,,,,          NaN,
,,,          NaN,,,,          NaN,
,,,          NaN,,,,          NaN,
,,,          NaN,,,,          NaN,
,,,          NaN,,,,          NaN,
,,,          NaN,,,,          NaN,
,,,          NaN,,,,          NaN,
,,,          NaN,,,,          NaN,
,,,          NaN,,,,          NaN,
,,,          NaN,,,,          NaN,
,,,          NaN,,,,          NaN,
,,,          NaN,,,,          NaN,
,,,          NaN,,,,          NaN,
,,,          NaN,,,,          NaN,
,,,          NaN,,,,          NaN,
,,,          NaN,,,,          NaN,
,,,          NaN,,,,          NaN,
,,,          NaN,,,,          NaN,
,,,          NaN,,,,          NaN,
,,,          NaN,,,,          NaN,
,,,          NaN,,,,          NaN,
,,,          NaN,,,,          NaN,
,,,          NaN,,,,          NaN,
,,,          NaN,,,,          NaN,
,,,          NaN,,,,          NaN,
,,,          NaN,,,,          NaN,
,,,          NaN,,,,          NaN,
,,,          NaN,,,,          NaN,
,,,          NaN,,,,          NaN,
,,,          NaN,,,,          NaN,
,,,          NaN,,,,          NaN,
,,,          NaN,,,,          NaN,
,,,          NaN,,,,          NaN,
,,,          NaN,,,,          NaN,
,,,          NaN,,,,          NaN,
,,,          NaN,,,,          NaN,
,,,          NaN,,,,          NaN,
,,,          NaN,,,,          NaN,
,,,          NaN,,,,          NaN,
,,,          NaN,,,,          NaN,
,,,          NaN,,,,          NaN,
,,,          NaN,,,,          NaN,
,,,          NaN,,,,          NaN,
,,,          NaN,,,,          NaN,
,,,          NaN,,,,          NaN,
,,,          NaN,,,,          NaN,
,,,          NaN,,,,          NaN,
,,,          NaN,,,,          NaN,
,,,          NaN,,,,          NaN,
,,,          NaN,,,,          NaN,
,,,          NaN,,,,          NaN,
,,,          NaN,,,,          NaN,
,,,          NaN,,,,          NaN,
,,,          NaN,,,,          NaN,
,,,          NaN,,,,          NaN,
,,,          NaN,,,,          NaN,
,,,          NaN,,,,          NaN,
,,,          NaN,,,,          NaN,
,,,          NaN,,,,          NaN,
,,,          NaN,,,,          NaN,
,,,          NaN,,,,          NaN,
,,,          NaN,,,,          NaN,
,,,          NaN,,,,          NaN,
,,,          NaN,,,,          NaN,
,,,          NaN,,,,          NaN,
,,,          NaN,,,,          NaN,
,,,          NaN,,,,          NaN,
,,,          NaN,,,,          NaN,
,,,          NaN,,,,          NaN,
,,,          NaN,,,,          NaN,
,,,          NaN,,,,          NaN,
,,,          NaN,,,,          NaN,
,,,          NaN,,,,          NaN,
,,,          NaN,,,,          NaN,
,,,          NaN,,,,          NaN,
,,,          NaN,,,,          NaN,
,,,          NaN,,,,          NaN,
,,,          NaN,,,,          NaN,
,,,          NaN,,,,          NaN,
,,,          NaN,,,,          NaN,
,,,          NaN,,,,          NaN,
,,,          NaN,,,,          NaN,
,,,          NaN,,,,          NaN,
,,,          NaN,,,,          NaN,
,,,          NaN,,,,          NaN,
,,,          NaN,,,,          NaN,
,,,          NaN,,,,          NaN,
,,,          NaN,,,,          NaN,
,,,          NaN,,,,          NaN,
,,,          NaN,,,,          NaN,
,,,          NaN,,,,          NaN,
,,,          NaN,,,,          NaN,
,,,          NaN,,,,          NaN,
,,,          NaN,,,,          NaN,
,,,          NaN,,,,          NaN,
,,,          NaN,,,,          NaN,
,,,          NaN,,,,          NaN,
,,,          NaN,,,,          NaN,
,,,          NaN,,,,          NaN,
,,,          NaN,,,,          NaN,
,,,          NaN,,,,          NaN,
,,,          NaN,,,,          NaN,
,,,          NaN,,,,          NaN,
,,,          NaN,,,,          NaN,
,,,          NaN,,,,          NaN,
,,,          NaN,,,,          NaN,
,,,          NaN,,,,          NaN,
,,,          NaN,,,,          NaN,
,,,          NaN,,,,          NaN,
,,,          NaN,,,,          NaN,
,,,          NaN,,,,          NaN,
,,,          NaN,,,,          NaN,
,,,          NaN,,,,          NaN,
,,,          NaN,,,,          NaN,
,,,          NaN,,,,          NaN,
,,,          NaN,,,,          NaN,
,,,          NaN,,,,          NaN,
,,,          NaN,,,,          NaN,
,,,          NaN,,,,          NaN,
,,,          NaN,,,,          NaN,
,,,          NaN,,,,          NaN,
,,,          NaN,,,,          NaN,
,,,          NaN,,,,          NaN,
,,,          NaN,,,,          NaN,
,,,          NaN,,,,          NaN,
,,,          NaN,,,,          NaN,
,,,          NaN,,,,          NaN,
,,,          NaN,,,,          NaN,
,,,          NaN,,,,          NaN,
,,,          NaN,,,,          NaN,
,,,          NaN,,,,          NaN,
,,,          NaN,,,,          NaN,
,,,          NaN,,,,          NaN,
,,,          NaN,,,,          NaN,
,,,          NaN,,,,          NaN,
,,,          NaN,,,,          NaN,
,,,          NaN,,,,          NaN,
,,,          NaN,,,,          NaN,
,,,          NaN,,,,          NaN,
,,,          NaN,,,,          NaN,
,,,          NaN,,,,          NaN,
,,,          NaN,,,,          NaN,
,,,          NaN,,,,          NaN,
,,,          NaN,,,,          NaN,
,,,          NaN,,,,          NaN,
,,,          NaN,,,,          NaN,
,,,          NaN,,,,          NaN,
,,,          NaN,,,,          NaN,
,,,          NaN,,,,          NaN,
,,,          NaN,,,,          NaN,
,,,          NaN,,,,          NaN,
,,,          NaN,,,,          NaN,
,,,          NaN,,,,          NaN,
,,,          NaN,,,,          NaN,
,,,          NaN,,,,          NaN,
,,,          NaN,,,,          NaN,
,,,          NaN,,,,          NaN,
,,,          NaN,,,,          NaN,
,,,          NaN,,,,          NaN,
,,,          NaN,,,,          NaN,
,,,          NaN,,,,          NaN,
,,,          NaN,,,,          NaN,
,,,          NaN,,,,          NaN,
,,,          NaN,,,,          NaN,
,,,          NaN,,,,          NaN,
,,,          NaN,,,,          NaN,
,,,          NaN,,,,          NaN,
,,,          NaN,,,,          NaN,
,,,          NaN,,,,          NaN,
,,,          NaN,,,,          NaN,
,,,          NaN,,,,          NaN,
,,,          NaN,,,,          NaN,
,,,          NaN,,,,          NaN,
,,,          NaN,,,,          NaN,
,,,          NaN,,,,          NaN,
,,,          NaN,,,,          NaN,
,,,          NaN,,,,          NaN,
,,,          NaN,,,,          NaN,
,,,          NaN,,,,          NaN,
,,,          NaN,,,,          NaN,
,,,          NaN,,,,          NaN,
,,,          NaN,,,,          NaN,
,,,          NaN,,,,          NaN,
,,,          NaN,,,,          NaN,
,,,          NaN,,,,          NaN,
,,,          NaN,,,,          NaN,
,,,          NaN,,,,          NaN,
,,,          NaN,,,,          NaN,
,,,          NaN,,,,          NaN,
,,,          NaN,,,,          NaN,
,,,          NaN,,,,          NaN,
,,,          NaN,,,,          NaN,
,,,          NaN,,,,          NaN,
,,,          NaN,,,,          NaN,
,,,          NaN,,,,          NaN,
,,,          NaN,,,,          NaN,
,,,          NaN,,,,          NaN,
,,,          NaN,,,,          NaN,
,,,          NaN,,,,          NaN,
,,,          NaN,,,,          NaN,
,,,          NaN,,,,          NaN,
,,,          NaN,,,,          NaN,
,,,          NaN,,,,          NaN,
,,,          NaN,,,,          NaN,
,,,          NaN,,,,          NaN,
,,,          NaN,,,,          NaN,
,,,          NaN,,,,          NaN,
,,,          NaN,,,,          NaN,
,,,          NaN,,,,          NaN,
,,,          NaN,,,,          NaN,
,,,          NaN,,,,          NaN,
,,,          NaN,,,,          NaN,
,,,          NaN,,,,          NaN,
,,,          NaN,,,,          NaN,
,,,          NaN,,,,          NaN,
,,,          NaN,,,,          NaN,
,,,          NaN,,,,          NaN,
,,,          NaN,,,,          NaN,
,,,          NaN,,,,          NaN,
,,,          NaN,,,,          NaN,
,,,          NaN,,,,          NaN,
,,,          NaN,,,,          NaN,
,,,          NaN,,,,          NaN,
,,,          NaN,,,,          NaN,
,,,          NaN,,,,          NaN,
,,,          NaN,,,,          NaN,
,,,          NaN,,,,          NaN,
,,,          NaN,,,,          NaN,
,,,          NaN,,,,          NaN,
,,,          NaN,,,,          NaN,
,,,          NaN,,,,          NaN,
,,,          NaN,,,,          NaN,
,,,          NaN,,,,          NaN,
,,,          NaN,,,,          NaN,
,,,          NaN,,,,          NaN,
,,,          NaN,,,,          NaN,
,,,          NaN,,,,          NaN,
,,,          NaN,,,,          NaN,
,,,          NaN,,,,          NaN,
,,,          NaN,,,,          NaN,
,,,          NaN,,,,          NaN,
,,,          NaN,,,,          NaN,
,,,          NaN,,,,          NaN,
,,,          NaN,,,,          NaN,
,,,          NaN,,,,          NaN,
,,,          NaN,,,,          NaN,
,,,          NaN,,,,          NaN,
,,,          NaN,,,,          NaN,
,,,          NaN,,,,          NaN,
,,,          NaN,,,,          NaN,
,,,          NaN,,,,          NaN,
,,,          NaN,,,,          NaN,
,,,          NaN,,,,          NaN,
,,,          NaN,,,,          NaN,
,,,          NaN,,,,          NaN,
,,,          NaN,,,,          NaN,
,,,          NaN,,,,          NaN,
,,,          NaN,,,,          NaN,
,,,          NaN,,,,          NaN,
,,,          NaN,,,,          NaN,
,,,          NaN,,,,          NaN,
,,,          NaN,,,,          NaN,
,,,          NaN,,,,          NaN,
,,,          NaN,,,,          NaN,
,,,          NaN,,,,          NaN,
,,,          NaN,,,,          NaN,
,,,          NaN,,,,          NaN,
,,,          NaN,,,,          NaN,
,,,          NaN,,,,          NaN,
,,,          NaN,,,,          NaN,
,,,          NaN,,,,          NaN,
,,,          NaN,,,,          NaN,
,,,          NaN,,,,          NaN,
,,,          NaN,,,,          NaN,
,,,          NaN,,,,          NaN,
,,,          NaN,,,,          NaN,
,,,          NaN,,,,          NaN,
,,,          NaN,,,,          NaN,
,,,          NaN,,,,          NaN,
,,,          NaN,,,,          NaN,
,,,          NaN,,,,          NaN,
,,,          NaN,,,,          NaN,
,,,          NaN,,,,          NaN,
,,,          NaN,,,,          NaN,
,,,          NaN,,,,          NaN,
,,,          NaN,,,,          NaN,
,,,          NaN,,,,          NaN,
,,,          NaN,,,,          NaN,
,,,          NaN,,,,          NaN,
,,,          NaN,,,,          NaN,
,,,          NaN,,,,          NaN,
,,,          NaN,,,,          NaN,
,,,          NaN,,,,          NaN,
,,,          NaN,,,,          NaN,
,,,          NaN,,,,          NaN,
,,,          NaN,,,,          NaN,
,,,          NaN,,,,          NaN,
,,,          NaN,,,,          NaN,
,,,          NaN,,,,          NaN,
,,,          NaN,,,,          NaN,
,,,          NaN,,,,          NaN,
,,,          NaN,,,,          NaN,
,,,          NaN,,,,          NaN,
,,,          NaN,,,,          NaN,
,,,          NaN,,,,          NaN,
,,,          NaN,,,,          NaN,
,,,          NaN,,,,          NaN,
,,,          NaN,,,,          NaN,
,,,          NaN,,,,          NaN,
,,,          NaN,,,,          NaN,
,,,          NaN,,,,          NaN,
,,,          NaN,,,,          NaN,
,,,          NaN,,,,          NaN,
,,,          NaN,,,,          NaN,
,,,          NaN,,,,          NaN,
,,,          NaN,,,,          NaN,
,,,          NaN,,,,          NaN,
,,,          NaN,,,,          NaN,
,,,          NaN,,,,          NaN,
,,,          NaN,,,,          NaN,
,,,          NaN,,,,          NaN,
,,,          NaN,,,,          NaN,
,,,          NaN,,,,          NaN,
,,,          NaN,,,,          NaN,
,,,          NaN,,,,          NaN,
,,,          NaN,,,,          NaN,
,,,          NaN,,,,          NaN,
,,,          NaN,,,,          NaN,
,,,          NaN,,,,          NaN,
,,,          NaN,,,,          NaN,
,,,          NaN,,,,          NaN,
,,,          NaN,,,,          NaN,
,,,          NaN,,,,          NaN,
,,,          NaN,,,,          NaN,
,,,          NaN,,,,          NaN,
,,,          NaN,,,,          NaN,
,,,          NaN,,,,          NaN,
,,,          NaN,,,,          NaN,
,,,          NaN,,,,          NaN,
,,,          NaN,,,,          NaN,
,,,          NaN,,,,          NaN,
,,,          NaN,,,,          NaN,
,,,          NaN,,,,          NaN,
,,,          NaN,,,,          NaN,
,,,          NaN,,,,          NaN,
,,,          NaN,,,,          NaN,
,,,          NaN,,,,          NaN,
,,,          NaN,,,,          NaN,
,,,          NaN,,,,          NaN,
,,,          NaN,,,,          NaN,
,,,          NaN,,,,          NaN,
,,,          NaN,,,,          NaN,
,,,          NaN,,,,          NaN,
,,,          NaN,,,,          NaN,
,,,          NaN,,,,          NaN,
,,,          NaN,,,,          NaN,
,,,          NaN,,,,          NaN,
,,,          NaN,,,,          NaN,
,,,          NaN,,,,          NaN,
,,,          NaN,,,,          NaN,
,,,          NaN,,,,          NaN,
,,,          NaN,,,,          NaN,
,,,          NaN,,,,          NaN,
,,,          NaN,,,,          NaN,
,,,          NaN,,,,          NaN,
,,,          NaN,,,,          NaN,
,,,          NaN,,,,          NaN,
,,,          NaN,,,,          NaN,
,,,          NaN,,,,          NaN,
,,,          NaN,,,,          NaN,
,,,          NaN,,,,          NaN,
,,,          NaN,,,,          NaN,
,,,          NaN,,,,          NaN,
,,,          NaN,,,,          NaN,
,,,          NaN,,,,          NaN,
,,,          NaN,,,,          NaN,
,,,          NaN,,,,          NaN,
,,,          NaN,,,,          NaN,
,,,          NaN,,,,          NaN,
,,,          NaN,,,,          NaN,
,,,          NaN,,,,          NaN,
,,,          NaN,,,,          NaN,
,,,          NaN,,,,          NaN,
,,,          NaN,,,,          NaN,
,,,          NaN,,,,          NaN,
,,,          NaN,,,,          NaN,
,,,          NaN,,,,          NaN,
,,,          NaN,,,,          NaN,
,,,          NaN,,,,          NaN,
,,,          NaN,,,,          NaN,
,,,          NaN,,,,          NaN,
,,,          NaN,,,,          NaN,
,,,          NaN,,,,          NaN,
,,,          NaN,,,,          NaN,
,,,          NaN,,,,          NaN,
,,,          NaN,,,,          NaN,
,,,          NaN,,,,          NaN,
,,,          NaN,,,,          NaN,
,,,          NaN,,,,          NaN,
,,,          NaN,,,,          NaN,
,,,          NaN,,,,          NaN,
,,,          NaN,,,,          NaN,
,,,          NaN,,,,          NaN,
,,,          NaN,,,,          NaN,
,,,          NaN,,,,          NaN,
,,,          NaN,,,,          NaN,
,,,          NaN,,,,          NaN,
,,,          NaN,,,,          NaN,
,,,          NaN,,,,          NaN,
,,,          NaN,,,,          NaN,
,,,          NaN,,,,          NaN,
,,,          NaN,,,,          NaN,
,,,          NaN,,,,          NaN,
,,,          NaN,,,,          NaN,
,,,          NaN,,,,          NaN,
,,,          NaN,,,,          NaN,
,,,          NaN,,,,          NaN,
,,,          NaN,,,,          NaN,
,,,          NaN,,,,          NaN,
,,,          NaN,,,,          NaN,
,,,          NaN,,,,          NaN,
,,,          NaN,,,,          NaN,
,,,          NaN,,,,          NaN,
,,,          NaN,,,,          NaN,
,,,          NaN,,,,          NaN,
,,,          NaN,,,,          NaN,
,,,          NaN,,,,          NaN,
,,,          NaN,,,,          NaN,
,,,          NaN,,,,          NaN,
,,,          NaN,,,,          NaN,
,,,          NaN,,,,          NaN,
,,,          NaN,,,,          NaN,
,,,          NaN,,,,          NaN,
,,,          NaN,,,,          NaN,
,,,          NaN,,,,          NaN,
,,,          NaN,,,,          NaN,
,,,          NaN,,,,          NaN,
,,,          NaN,,,,          NaN,
,,,          NaN,,,,          NaN,
,,,          NaN,,,,          NaN,
,,,          NaN,,,,          NaN,
,,,          NaN,,,,          NaN,
,,,          NaN,,,,          NaN,
,,,          NaN,,,,          NaN,
,,,          NaN,,,,          NaN,
,,,          NaN,,,,          NaN,
,,,          NaN,,,,          NaN,
,,,          NaN,,,,          NaN,
,,,          NaN,,,,          NaN,
,,,          NaN,,,,          NaN,
,,,          NaN,,,,          NaN,
,,,          NaN,,,,          NaN,
,,,          NaN,,,,          NaN,
,,,          NaN,,,,          NaN,
,,,          NaN,,,,          NaN,
,,,          NaN,,,,          NaN,
,,,          NaN,,,,          NaN,
,,,          NaN,,,,          NaN,
,,,          NaN,,,,          NaN,
,,,          NaN,,,,          NaN,
,,,          NaN,,,,          NaN,
,,,          NaN,,,,          NaN,
,,,          NaN,,,,          NaN,
,,,          NaN,,,,          NaN,
,,,          NaN,,,,          NaN,
,,,          NaN,,,,          NaN,
,,,          NaN,,,,          NaN,
,,,          NaN,,,,          NaN,
,,,          NaN,,,,          NaN,
,,,          NaN,,,,          NaN,
,,,          NaN,,,,          NaN,
,,,          NaN,,,,          NaN,
,,,          NaN,,,,          NaN,
,,,          NaN,,,,          NaN,
,,,          NaN,,,,          NaN,
,,,          NaN,,,,          NaN,
,,,          NaN,,,,          NaN,
,,,          NaN,,,,          NaN,
,,,          NaN,,,,          NaN,
,,,          NaN,,,,          NaN,
,,,          NaN,,,,          NaN,
,,,          NaN,,,,          NaN,
,,,          NaN,,,,          NaN,
,,,          NaN,,,,          NaN,
,,,          NaN,,,,          NaN,
,,,          NaN,,,,          NaN,
,,,          NaN,,,,          NaN,
,,,          NaN,,,,          NaN,
,,,          NaN,,,,          NaN,
,,,          NaN,,,,          NaN,
,,,          NaN,,,,          NaN,
,,,          NaN,,,,          NaN,
,,,          NaN,,,,          NaN,
,,,          NaN,,,,          NaN,
,,,          NaN,,,,          NaN,
,,,          NaN,,,,          NaN,
,,,          NaN,,,,          NaN,
,,,          NaN,,,,          NaN,
,,,          NaN,,,,          NaN,
,,,          NaN,,,,          NaN,
,,,          NaN,,,,          NaN,
,,,          NaN,,,,          NaN,
,,,          NaN,,,,          NaN,
,,,          NaN,,,,          NaN,
,,,          NaN,,,,          NaN,
,,,          NaN,,,,          NaN,
,,,          NaN,,,,          NaN,
,,,          NaN,,,,          NaN,
,,,          NaN,,,,          NaN,
,,,          NaN,,,,          NaN,
,,,          NaN,,,,          NaN,
,,,          NaN,,,,          NaN,
,,,          NaN,,,,          NaN,
,,,          NaN,,,,          NaN,
,,,          NaN,,,,          NaN,
,,,          NaN,,,,          NaN,
,,,          NaN,,,,          NaN,
,,,          NaN,,,,          NaN,
,,,          NaN,,,,          NaN,
,,,          NaN,,,,          NaN,
,,,          NaN,,,,          NaN,
,,,          NaN,,,,          NaN,
,,,          NaN,,,,          NaN,
,,,          NaN,,,,          NaN,
,,,          NaN,,,,          NaN,
,,,          NaN,,,,          NaN,
,,,          NaN,,,,          NaN,
,,,          NaN,,,,          NaN,
,,,          NaN,,,,          NaN,
,,,          NaN,,,,          NaN,
,,,          NaN,,,,          NaN,
,,,          NaN,,,,          NaN,
,,,          NaN,,,,          NaN,
,,,          NaN,,,,          NaN,
,,,          NaN,,,,          NaN,
,,,          NaN,,,,          NaN,
,,,          NaN,,,,          NaN,
,,,          NaN,,,,          NaN,
,,,          NaN,,,,          NaN,
,,,          NaN,,,,          NaN,
,,,          NaN,,,,          NaN,
