Time_abs/ps, Signal 1/nA, Ref.signal 1/nA, Signal 2/nA, Ref.signal 2/nA
  1800.000,     0.079280,     0.042020,     0.000180,
  1800.050,     0.042470,     0.013276,     0.004608,
  1800.100,     0.000200,     0.002319,    -0.002966,
  1800.150,    -0.039118,    -0.019192,     0.001074,
  1800.200,    -0.082832,    -0.038424,    -0.002896,
  1800.250,    -0.113134,    -0.064314,     0.006101,
  1800.300,    -0.151919,    -0.085152,    -0.005594,
  1800.350,    -0.188061,    -0.110483,    -0.002501,
  1800.400,    -0.215819,    -0.133936,     0.001484,
  1800.450,    -0.242421,    -0.139740,     0.001813,
  1800.500,    -0.277918,    -0.142580,     0.006598,
  1800.550,    -0.293222,    -0.104802,    -0.004754,
  1800.600,    -0.312699,    -0.044527,     0.000564,
  1800.650,    -0.324031,     0.057527,    -0.001173,
  1800.700,    -0.352256,     0.173317,     0.001819,
  1800.750,    -0.360080,     0.326759,     0.002398,
  1800.800,    -0.380429,     0.482788,    -0.000626,
  1800.850,    -0.398014,     0.615971,     0.004076,
  1800.900,    -0.400506,     0.733398,    -0.000030,
  1800.950,    -0.426107,     0.819585,     0.005976,
  1801.000,    -0.432749,     0.871044,    -0.011714,
  1801.050,    -0.464719,     0.895577,     0.004309,
  1801.100,    -0.480923,     0.906522,     0.002135,
  1801.150,    -0.486900,     0.889362,     0.000679,
  1801.200,    -0.489060,     0.864062,    -0.001941,
  1801.250,    -0.473602,     0.837364,     0.006221,
  1801.300,    -0.439694,     0.792586,    -0.000348,
  1801.350,    -0.381364,     0.749487,    -0.001881,
  1801.400,    -0.300394,     0.706164,    -0.002674,
  1801.450,    -0.206604,     0.673526,    -0.000643,
  1801.500,    -0.075525,     0.624842,     0.006128,
  1801.550,     0.041464,     0.595280,     0.005857,
  1801.600,     0.170447,     0.556729,    -0.003607,
  1801.650,     0.281671,     0.542413,    -0.004680,
  1801.700,     0.368972,     0.513018,     0.002017,
  1801.750,     0.454644,     0.486389,     0.002597,
  1801.800,     0.503125,     0.461338,     0.009100,
  1801.850,     0.520774,     0.434244,     0.001332,
  1801.900,     0.517103,     0.399434,    -0.004979,
  1801.950,     0.501453,     0.377073,     0.004790,
  1802.000,     0.469116,     0.342031,    -0.004082,
  1802.050,     0.425285,     0.316001,    -0.000126,
  1802.100,     0.374979,     0.299349,     0.000746,
  1802.150,     0.333467,     0.298240,     0.002360,
  1802.200,     0.279224,     0.296091,    -0.000521,
  1802.250,     0.229419,     0.269065,    -0.000762,
  1802.300,     0.190467,     0.249695,     0.001597,
  1802.350,     0.150939,     0.201364,    -0.003376,
  1802.400,     0.109159,     0.155205,     0.003448,
  1802.450,     0.074989,     0.085070,     0.002644,
  1802.500,     0.033920,    -0.001558,     0.004413,
  1802.550,     0.011823,    -0.077569,     0.002379,
  1802.600,    -0.022357,    -0.154104,    -0.004331,
  1802.650,    -0.051328,    -0.219643,     0.002051,
  1802.700,    -0.078542,    -0.279965,     0.006571,
  1802.750,    -0.105980,    -0.312684,     0.007016,
  1802.800,    -0.129768,    -0.343681,     0.003948,
  1802.850,    -0.141021,    -0.360017,    -0.004887,
  1802.900,    -0.164707,    -0.371301,     0.001324,
  1802.950,    -0.175334,    -0.390750,    -0.003558,
  1803.000,    -0.192630,    -0.406449,    -0.001938,
  1803.050,    -0.225265,    -0.429375,     0.003091,
  1803.100,    -0.257161,    -0.448337,     0.000814,
  1803.150,    -0.302651,    -0.473767,     0.001878,
  1803.200,    -0.355746,    -0.500854,    -0.003464,
  1803.250,    -0.412902,    -0.524432,    -0.002565,
  1803.300,    -0.467573,    -0.559522,     0.002697,
  1803.350,    -0.546317,    -0.581821,     0.005175,
  1803.400,    -0.610771,    -0.604900,     0.007946,
  1803.450,    -0.672051,    -0.641402,     0.008788,
  1803.500,    -0.710866,    -0.661629,     0.001291,
  1803.550,    -0.746369,    -0.696161,     0.000135,
  1803.600,    -0.766065,    -0.710053,    -0.000464,
  1803.650,    -0.789237,    -0.726802,    -0.002373,
  1803.700,    -0.806251,    -0.723265,    -0.007763,
  1803.750,    -0.815552,    -0.727483,     0.002251,
  1803.800,    -0.826147,    -0.734625,     0.005328,
  1803.850,    -0.854471,    -0.723288,     0.007007,
  1803.900,    -0.871776,    -0.722715,     0.001066,
  1803.950,    -0.899161,    -0.716487,    -0.000018,
  1804.000,    -0.913018,    -0.714072,    -0.005736,
  1804.050,    -0.938134,    -0.723849,     0.001095,
  1804.100,    -0.966394,    -0.745157,     0.000049,
  1804.150,    -0.995016,    -0.761374,     0.001034,
  1804.200,    -1.010450,    -0.808931,     0.002044,
  1804.250,    -1.051303,    -0.857777,    -0.002629,
  1804.300,    -1.068011,    -0.914439,    -0.009575,
  1804.350,    -1.089014,    -0.984525,    -0.000099,
  1804.400,    -1.103291,    -1.065170,     0.002454,
  1804.450,    -1.116736,    -1.156905,    -0.001468,
  1804.500,    -1.120795,    -1.236274,     0.002299,
  1804.550,    -1.135179,    -1.303698,     0.003948,
  1804.600,    -1.130981,    -1.379495,     0.006222,
  1804.650,    -1.128530,    -1.439735,     0.014811,
  1804.700,    -1.124520,    -1.526009,    -0.001731,
  1804.750,    -1.136657,    -1.607757,    -0.002327,
  1804.800,    -1.144355,    -1.705539,    -0.000217,
  1804.850,    -1.161337,    -1.814100,     0.006563,
  1804.900,    -1.179956,    -1.944011,     0.006060,
  1804.950,    -1.222785,    -2.090963,     0.011595,
  1805.000,    -1.261852,    -2.250529,    -0.000249,
  1805.050,    -1.316637,    -2.422955,     0.000442,
  1805.100,    -1.392337,    -2.619202,    -0.000780,
  1805.150,    -1.461892,    -2.817667,    -0.003543,
  1805.200,    -1.534958,    -3.046943,    -0.000501,
  1805.250,    -1.613070,    -3.295782,    -0.000685,
  1805.300,    -1.694014,    -3.563783,     0.005747,
  1805.350,    -1.767713,    -3.860802,     0.002917,
  1805.400,    -1.847359,    -4.163570,    -0.007623,
  1805.450,    -1.934130,    -4.485690,     0.000977,
  1805.500,    -2.013910,    -4.799973,     0.008708,
  1805.550,    -2.118632,    -5.059903,     0.007936,
  1805.600,    -2.225657,    -5.220687,    -0.008686,
  1805.650,    -2.355371,    -5.225199,     0.000323,
  1805.700,    -2.494895,    -4.967771,     0.002366,
  1805.750,    -2.646865,    -4.380805,     0.002971,
  1805.800,    -2.821536,    -3.400355,     0.002182,
  1805.850,    -3.012582,    -2.003177,     0.003094,
  1805.900,    -3.220463,    -0.241431,     0.004511,
  1805.950,    -3.445273,     1.738026,     0.007846,
  1806.000,    -3.696795,     3.728574,     0.005832,
  1806.050,    -3.958410,     5.519592,    -0.001427,
  1806.100,    -4.240454,     6.909370,    -0.006408,
  1806.150,    -4.523603,     7.747599,    -0.001819,
  1806.200,    -4.798720,     7.979014,     0.005255,
  1806.250,    -5.052451,     7.635724,    -0.003330,
  1806.300,    -5.233533,     6.784936,    -0.005553,
  1806.350,    -5.299744,     5.549753,     0.001464,
  1806.400,    -5.230799,     4.006474,     0.008141,
  1806.450,    -4.932266,     2.275558,     0.004649,
  1806.500,    -4.378584,     0.448733,     0.004647,
  1806.550,    -3.517009,    -1.396478,     0.000196,
  1806.600,    -2.356702,    -3.193101,    -0.007229,
  1806.650,    -0.949517,    -4.943512,     0.003765,
  1806.700,     0.674857,    -6.620353,    -0.000178,
  1806.750,     2.333255,    -8.217972,    -0.003228,
  1806.800,     3.902254,    -9.729190,    -0.007369,
  1806.850,     5.226389,   -11.186334,     0.000610,
  1806.900,     6.195768,   -12.630094,     0.005838,
  1806.950,     6.725636,   -14.149531,    -0.000209,
  1807.000,     6.722591,   -15.793496,    -0.003218,
  1807.050,     6.231351,   -17.564524,     0.002173,
  1807.100,     5.303407,   -19.462926,     0.005619,
  1807.150,     3.996899,   -21.514272,    -0.000416,
  1807.200,     2.429845,   -23.704907,    -0.004113,
  1807.250,     0.680298,   -26.063084,    -0.000539,
  1807.300,    -1.166881,   -28.553239,    -0.001787,
  1807.350,    -3.030626,   -31.243324,     0.002191,
  1807.400,    -4.857848,   -34.173150,     0.001095,
  1807.450,    -6.625741,   -37.378786,     0.003930,
  1807.500,    -8.326873,   -40.985132,     0.000344,
  1807.550,    -9.955106,   -45.078556,    -0.006353,
  1807.600,   -11.538094,   -49.702946,    -0.003982,
  1807.650,   -13.091019,   -54.887354,     0.007346,
  1807.700,   -14.672072,   -60.646851,     0.007186,
  1807.750,   -16.330841,   -66.940022,     0.004674,
  1807.800,   -18.070855,   -73.728930,    -0.001595,
  1807.850,   -19.932499,   -80.966728,    -0.004475,
  1807.900,   -21.935956,   -88.727684,     0.007274,
  1807.950,   -24.100992,   -97.086246,     0.004492,
  1808.000,   -26.457333,  -106.184391,     0.001560,
  1808.050,   -28.965936,  -116.184125,     0.009727,
  1808.100,   -31.706798,  -127.441458,     0.010487,
  1808.150,   -34.704070,  -140.194813,     0.009590,
  1808.200,   -38.003570,  -154.685382,     0.008550,
  1808.250,   -41.684353,  -171.058030,     0.011938,
  1808.300,   -45.761302,  -189.369089,     0.014631,
  1808.350,   -50.330201,  -209.543348,     0.014795,
  1808.400,   -55.391356,  -231.184335,     0.004558,
  1808.450,   -60.968028,  -253.480200,     0.009690,
  1808.500,   -67.123861,  -275.045940,     0.017252,
  1808.550,   -73.841339,  -293.464435,     0.017565,
  1808.600,   -81.142896,  -305.183994,     0.012153,
  1808.650,   -89.024362,  -305.543084,     0.016517,
  1808.700,   -97.566803,  -288.944305,     0.020001,
  1808.750,  -106.957565,  -249.691545,     0.015984,
  1808.800,  -117.287071,  -183.211271,     0.020247,
  1808.850,  -128.711858,   -87.719100,     0.020380,
  1808.900,  -141.521770,    34.488285,     0.024139,
  1808.950,  -155.849059,   176.251846,     0.022704,
  1809.000,  -171.788370,   326.295187,     0.028073,
  1809.050,  -189.241037,   471.321412,     0.035917,
  1809.100,  -208.009480,   598.398431,     0.032240,
  1809.150,  -227.511135,   698.036950,     0.028383,
  1809.200,  -246.773654,   765.232917,     0.033469,
  1809.250,  -264.089866,   798.997966,     0.039115,
  1809.300,  -277.204332,   801.618598,     0.035650,
  1809.350,  -283.006503,   777.132740,     0.032462,
  1809.400,  -277.876824,   730.752295,     0.034712,
  1809.450,  -257.854345,   668.143671,     0.026194,
  1809.500,  -219.273174,   594.754077,     0.025202,
  1809.550,  -159.457226,   515.120976,     0.019405,
  1809.600,   -77.538085,   432.772581,     0.006265,
  1809.650,    24.836868,   350.947260,    -0.010579,
  1809.700,   143.507089,   272.911880,    -0.027109,
  1809.750,   271.696876,   201.635816,    -0.037625,
  1809.800,   400.793657,   138.965487,    -0.046290,
  1809.850,   521.674695,    84.895158,    -0.065965,
  1809.900,   625.407847,    38.173877,    -0.072301,
  1809.950,   705.129722,    -3.022199,    -0.088037,
  1810.000,   756.675807,   -39.806429,    -0.097028,
  1810.050,   778.677732,   -71.989077,    -0.105762,
  1810.100,   772.546098,   -98.714858,    -0.095115,
  1810.150,   741.585900,  -118.846172,    -0.093511,
  1810.200,   690.441619,  -131.358163,    -0.095915,
  1810.250,   624.285199,  -135.554614,    -0.083866,
  1810.300,   548.330087,  -131.051681,    -0.070438,
  1810.350,   467.347178,  -118.373835,    -0.058877,
  1810.400,   385.311413,   -99.639640,    -0.051383,
  1810.450,   305.742512,   -78.969982,    -0.041994,
  1810.500,   231.122138,   -61.729589,    -0.032084,
  1810.550,   163.034799,   -53.111286,    -0.032297,
  1810.600,   102.449377,   -56.428964,    -0.023378,
  1810.650,    49.562064,   -72.066932,    -0.013070,
  1810.700,     4.034899,   -97.798965,    -0.000188,
  1810.750,   -34.652540,  -129.699352,    -0.002796,
  1810.800,   -66.847776,  -162.930528,     0.001299,
  1810.850,   -92.662185,  -191.948097,     0.007185,
  1810.900,  -112.050134,  -211.448712,     0.003480,
  1810.950,  -124.698221,  -217.801161,     0.009877,
  1811.000,  -130.404998,  -210.562129,     0.013717,
  1811.050,  -129.354551,  -192.735496,     0.012510,
  1811.100,  -122.422464,  -169.648517,     0.017283,
  1811.150,  -111.237579,  -146.603134,     0.011023,
  1811.200,   -98.239755,  -127.062946,     0.017894,
  1811.250,   -86.459110,  -112.110108,     0.009423,
  1811.300,   -78.842053,  -101.197527,     0.009724,
  1811.350,   -77.817872,   -93.673032,     0.019472,
  1811.400,   -84.680991,   -89.409567,     0.019326,
  1811.450,   -99.252365,   -88.409666,     0.020265,
  1811.500,  -119.835126,   -90.251448,     0.014328,
  1811.550,  -143.434259,   -93.898725,     0.019329,
  1811.600,  -166.422032,   -98.277158,     0.024092,
  1811.650,  -185.096709,  -102.716205,     0.029045,
  1811.700,  -196.614891,  -106.858123,     0.028918,
  1811.750,  -199.535087,  -110.037434,     0.028434,
  1811.800,  -193.963708,  -111.209438,     0.026865,
  1811.850,  -181.473671,  -109.576122,     0.019830,
  1811.900,  -164.512130,  -105.014881,     0.023125,
  1811.950,  -145.877334,   -97.982621,     0.029076,
  1812.000,  -128.159792,   -88.964992,     0.025281,
  1812.050,  -113.171415,   -78.044280,     0.024253,
  1812.100,  -101.847145,   -64.906357,     0.020788,
  1812.150,   -94.465489,   -49.608321,     0.022484,
  1812.200,   -90.793428,   -33.151525,     0.021414,
  1812.250,   -90.179692,   -17.444987,     0.013515,
  1812.300,   -91.842770,    -4.525995,     0.014741,
  1812.350,   -94.942038,     4.288743,     0.016619,
  1812.400,   -98.682061,     8.468877,     0.015412,
  1812.450,  -102.245050,     7.722311,     0.018264,
  1812.500,  -104.902708,     1.853224,     0.023279,
  1812.550,  -106.060226,    -8.954881,     0.024546,
  1812.600,  -105.241078,   -23.514763,     0.013121,
  1812.650,  -102.165624,   -39.013501,     0.000853,
  1812.700,   -96.645607,   -51.580375,     0.011674,
  1812.750,   -88.748659,   -57.960510,     0.018389,
  1812.800,   -78.610220,   -56.816871,     0.019663,
  1812.850,   -66.572046,   -49.154357,     0.018101,
  1812.900,   -53.266775,   -37.363605,     0.010338,
  1812.950,   -39.439599,   -24.273729,     0.006583,
  1813.000,   -26.080453,   -12.802639,     0.007392,
  1813.050,   -14.311790,    -5.613554,     0.000108,
  1813.100,    -5.237202,    -4.447214,     0.002020,
  1813.150,     0.227367,    -9.186828,     0.005979,
  1813.200,     1.547203,   -17.657466,     0.004866,
  1813.250,    -1.377637,   -26.567824,     0.000628,
  1813.300,    -8.021998,   -32.915177,     0.004103,
  1813.350,   -17.280692,   -35.001438,     0.006098,
  1813.400,   -27.565478,   -32.526630,     0.003006,
  1813.450,   -37.037179,   -26.275856,     0.006630,
  1813.500,   -43.931754,   -17.384314,     0.009401,
  1813.550,   -47.007012,    -6.649590,     0.006467,
  1813.600,   -45.841747,     5.467514,     0.010956,
  1813.650,   -40.930335,    18.344577,     0.011004,
  1813.700,   -33.615292,    30.923910,     0.005865,
  1813.750,   -25.664656,    41.743850,    -0.000103,
  1813.800,   -18.885614,    49.415568,    -0.001245,
  1813.850,   -14.668764,    53.071744,     0.003924,
  1813.900,   -13.603125,    52.316440,     0.005488,
  1813.950,   -15.388187,    47.387213,    -0.000902,
  1814.000,   -19.008250,    39.343368,    -0.000540,
  1814.050,   -22.952752,    30.149009,     0.001974,
  1814.100,   -25.719052,    21.980630,     0.003133,
  1814.150,   -26.135769,    15.903162,     0.005702,
  1814.200,   -23.499886,    11.089191,     0.002536,
  1814.250,   -17.767869,     5.620252,     0.003246,
  1814.300,    -9.359988,    -1.692432,     0.003757,
  1814.350,     0.945351,   -10.180625,    -0.005216,
  1814.400,    12.153530,   -18.119972,    -0.001051,
  1814.450,    23.240461,   -24.412608,     0.004662,
  1814.500,    33.131579,   -29.464177,    -0.006812,
  1814.550,    40.843936,   -34.459964,    -0.001084,
  1814.600,    45.673105,   -40.200960,     0.001624,
  1814.650,    47.290027,   -46.525275,    -0.006626,
  1814.700,    45.731716,   -52.214386,    -0.001994,
  1814.750,    41.495359,   -55.482552,     0.004154,
  1814.800,    35.307367,   -54.543639,    -0.000287,
  1814.850,    27.988108,   -48.469750,    -0.003109,
  1814.900,    20.277790,   -37.605887,    -0.000895,
  1814.950,    12.633719,   -23.380237,     0.007483,
  1815.000,     5.241950,    -7.672375,     0.002080,
  1815.050,    -1.952107,     7.657053,     0.002923,
  1815.100,    -8.984962,    20.754818,     0.003062,
  1815.150,   -15.855846,    29.963421,    -0.003794,
  1815.200,   -22.500127,    34.447081,     0.005617,
  1815.250,   -28.826171,    34.607143,     0.010733,
  1815.300,   -34.756097,    31.783336,     0.009378,
  1815.350,   -40.139283,    27.324321,     0.007055,
  1815.400,   -44.721102,    22.159023,     0.005984,
  1815.450,   -48.033911,    16.981657,     0.004005,
  1815.500,   -49.467429,    12.638502,     0.009834,
  1815.550,   -48.363736,    10.346701,     0.005562,
  1815.600,   -44.229895,    11.050577,     0.000931,
  1815.650,   -36.938472,    14.492213,    -0.000750,
  1815.700,   -26.866743,    18.875512,    -0.003827,
  1815.750,   -14.913833,    21.835633,     0.001025,
  1815.800,    -2.298367,    21.926588,     0.002887,
  1815.850,     9.590751,    19.635237,    -0.002121,
  1815.900,    19.521535,    16.697115,    -0.002915,
  1815.950,    26.635430,    14.381695,    -0.004192,
  1816.000,    30.531206,    12.451988,    -0.002178,
  1816.050,    31.319982,     9.569885,     0.000113,
  1816.100,    29.600573,     4.790819,    -0.001801,
  1816.150,    26.227109,    -1.537571,    -0.011190,
  1816.200,    22.190853,    -8.285915,    -0.009272,
  1816.250,    18.427730,   -14.613677,    -0.006259,
  1816.300,    15.659181,   -20.385651,     0.000107,
  1816.350,    14.264359,   -25.521625,     0.001293,
  1816.400,    14.223473,   -29.140564,    -0.003458,
  1816.450,    15.133924,   -29.732920,     0.002057,
  1816.500,    16.365318,   -26.165698,     0.003172,
  1816.550,    17.300977,   -18.459828,    -0.002467,
  1816.600,    17.447833,    -7.825647,    -0.005079,
  1816.650,    16.596020,     3.988729,     0.002504,
  1816.700,    14.715289,    15.148566,    -0.000048,
  1816.750,    11.895588,    24.201248,    -0.008418,
  1816.800,     8.255612,    30.566599,    -0.003742,
  1816.850,     3.883756,    34.578007,     0.006191,
  1816.900,    -1.135137,    37.048704,     0.005906,
  1816.950,    -6.597002,    38.512622,    -0.006776,
  1817.000,   -12.141154,    39.032075,     0.000701,
  1817.050,   -17.294493,    38.750253,     0.001901,
  1817.100,   -21.471645,    38.089246,     0.007058,
  1817.150,   -24.049565,    37.341674,     0.004473,
  1817.200,   -24.437509,    36.144639,     0.000917,
  1817.250,   -22.273044,    33.571092,    -0.004407,
  1817.300,   -17.493179,    28.950380,    -0.007295,
  1817.350,   -10.429901,    22.508048,    -0.000413,
  1817.400,    -1.791703,    15.278912,     0.004392,
  1817.450,     7.482039,     8.563127,    -0.001909,
  1817.500,    16.467186,     3.586299,    -0.011498,
  1817.550,    24.344148,     1.395020,    -0.006916,
  1817.600,    30.628144,     2.444861,    -0.003766,
  1817.650,    35.112350,     6.255007,    -0.005019,
  1817.700,    37.867926,    11.570132,    -0.006521,
  1817.750,    39.185717,    17.039806,    -0.010346,
  1817.800,    39.376861,    21.641620,    -0.008202,
  1817.850,    38.668211,    24.780834,    -0.001245,
  1817.900,    37.174024,    26.279125,    -0.012337,
  1817.950,    34.913294,    26.293916,    -0.004107,
  1818.000,    31.816988,    24.910506,     0.006179,
  1818.050,    27.848322,    21.596176,     0.004339,
  1818.100,    23.140183,    15.136070,    -0.002643,
  1818.150,    18.051419,     4.193695,    -0.002492,
  1818.200,    13.123896,   -11.217829,     0.004474,
  1818.250,     9.029165,   -28.852832,     0.000975,
  1818.300,     6.349093,   -44.901576,    -0.004633,
  1818.350,     5.476375,   -55.870605,    -0.002094,
  1818.400,     6.462549,   -60.013808,    -0.003049,
  1818.450,     9.011038,   -57.466994,     0.005362,
  1818.500,    12.567416,   -49.697974,     0.006329,
  1818.550,    16.407124,   -38.839457,    -0.007763,
  1818.600,    19.797856,   -27.103289,    -0.001206,
  1818.650,    22.067960,   -16.251712,    -0.000780,
  1818.700,    22.701894,    -7.142096,    -0.004143,
  1818.750,    21.281490,     0.429376,    -0.001121,
  1818.800,    17.443092,     7.252448,     0.005015,
  1818.850,    11.008796,    13.921697,     0.004006,
  1818.900,     2.053871,    20.324599,     0.002571,
  1818.950,    -8.963546,    25.615465,    -0.001412,
  1819.000,   -21.034495,    28.713355,    -0.002245,
  1819.050,   -32.726814,    29.126603,     0.000071,
  1819.100,   -42.483620,    27.370385,     0.005885,
  1819.150,   -48.896530,    24.780584,     0.004508,
  1819.200,   -51.097701,    22.722611,     0.002239,
  1819.250,   -48.987262,    21.617117,     0.004531,
  1819.300,   -43.155008,    20.786510,     0.008499,
  1819.350,   -34.634699,    19.096968,     0.010734,
  1819.400,   -24.705641,    15.964321,     0.002427,
  1819.450,   -14.475408,    11.875672,     0.002361,
  1819.500,    -4.781501,     7.867563,     0.005294,
  1819.550,     3.860216,     4.786964,    -0.004821,
  1819.600,    11.247562,     2.634533,    -0.008201,
  1819.650,    17.282385,     0.731186,    -0.004759,
  1819.700,    21.903891,    -1.631532,    -0.003742,
  1819.750,    25.074812,    -4.646491,    -0.002005,
  1819.800,    26.773291,    -7.974949,    -0.005691,
  1819.850,    27.126907,   -11.103241,    -0.008333,
  1819.900,    26.386352,   -13.676400,     0.003661,
  1819.950,    24.866018,   -15.702344,     0.006204,
  1820.000,    22.864542,   -17.474976,     0.001099,
  1820.050,    20.558662,   -19.386289,     0.005401,
  1820.100,    18.024643,   -21.714253,     0.003252,
  1820.150,    15.262112,   -24.379557,     0.000332,
  1820.200,    12.304959,   -27.005417,    -0.004918,
  1820.250,     9.227053,   -29.012758,    -0.004499,
  1820.300,     6.163526,   -29.821643,    -0.004836,
  1820.350,     3.156682,   -28.890646,     0.001265,
  1820.400,     0.271273,   -25.637541,     0.002570,
  1820.450,    -2.504062,   -19.466620,     0.004272,
  1820.500,    -5.226414,   -10.093679,     0.001092,
  1820.550,    -7.911732,     1.900705,     0.000148,
  1820.600,   -10.547381,    14.926717,     0.001945,
  1820.650,   -13.120195,    27.229450,     0.002683,
  1820.700,   -15.583168,    37.696480,     0.008542,
  1820.750,   -17.913504,    45.811998,     0.003170,
  1820.800,   -20.124122,    51.195959,    -0.002976,
  1820.850,   -22.240728,    53.096031,     0.000639,
  1820.900,   -24.218319,    50.529110,     0.006341,
  1820.950,   -25.895032,    43.105749,     0.002498,
  1821.000,   -26.942022,    31.659288,     0.000905,
  1821.050,   -27.015626,    18.117792,     0.004045,
  1821.100,   -25.666989,     4.449690,     0.006206,
  1821.150,   -22.498896,    -7.813234,     0.007417,
  1821.200,   -17.251232,   -17.259813,     0.007727,
  1821.250,    -9.916812,   -22.392517,     0.001184,
  1821.300,    -0.823976,   -22.161482,     0.004969,
  1821.350,     9.415312,   -16.729403,     0.002227,
  1821.400,    19.959490,    -7.556305,    -0.008990,
  1821.450,    29.861060,     3.247472,    -0.009665,
  1821.500,    38.095850,    13.559476,    -0.002932,
  1821.550,    43.779677,    21.560300,    -0.000524,
  1821.600,    46.294339,    25.847246,    -0.000099,
  1821.650,    45.289815,    25.508221,    -0.000023,
  1821.700,    40.771041,    20.444060,    -0.003763,
  1821.750,    33.145225,    11.697496,    -0.007181,
  1821.800,    23.252127,     1.201842,     0.000318,
  1821.850,    12.331440,    -8.929932,     0.001734,
  1821.900,     1.779542,   -17.219106,     0.003588,
  1821.950,    -7.101030,   -22.906333,     0.003516,
  1822.000,   -13.133494,   -25.703982,    -0.000790,
  1822.050,   -15.620765,   -25.587047,     0.002291,
  1822.100,   -14.416094,   -22.883967,     0.005787,
  1822.150,    -9.990821,   -18.347237,     0.000868,
  1822.200,    -3.345886,   -12.952624,    -0.002087,
  1822.250,     4.131095,    -7.477755,     0.004763,
  1822.300,    10.947395,    -2.227580,     0.003264,
  1822.350,    15.805312,     2.576666,    -0.001026,
  1822.400,    17.809555,     6.624950,     0.008626,
  1822.450,    16.540496,     9.755460,     0.004576,
  1822.500,    12.245213,    12.390331,     0.002525,
  1822.550,     5.735565,    15.281134,    -0.000753,
  1822.600,    -1.947108,    18.688571,     0.001031,
  1822.650,    -9.575994,    21.915037,     0.003023,
  1822.700,   -16.018778,    23.760033,     0.001260,
  1822.750,   -20.479750,    23.392426,    -0.001671,
  1822.800,   -22.569637,    20.887347,     0.005605,
  1822.850,   -22.281864,    17.120618,    -0.001015,
  1822.900,   -19.928251,    13.349076,    -0.003562,
  1822.950,   -16.024090,    10.659026,     0.004999,
  1823.000,   -11.188799,     9.715072,     0.009883,
  1823.050,    -5.998765,    10.772290,     0.008766,
  1823.100,    -0.914487,    13.771198,    -0.001425,
  1823.150,     3.785806,    18.162874,    -0.000156,
  1823.200,     7.934346,    22.920068,     0.007364,
  1823.250,    11.543727,    26.745877,     0.002196,
  1823.300,    14.667316,    28.476792,     0.006747,
  1823.350,    17.267576,    27.348622,     0.005419,
  1823.400,    19.226402,    22.972841,    -0.003900,
  1823.450,    20.378742,    15.350730,    -0.001632,
  1823.500,    20.570816,     4.960146,    -0.006785,
  1823.550,    19.796068,    -6.855432,    -0.005279,
  1823.600,    18.216898,   -17.825795,    -0.004136,
  1823.650,    16.227557,   -25.582320,    -0.007453,
  1823.700,    14.397146,   -29.087510,    -0.008594,
  1823.750,    13.254410,   -29.305180,    -0.005849,
  1823.800,    13.179063,   -28.431925,    -0.010001,
  1823.850,    14.274237,   -28.237958,    -0.001597,
  1823.900,    16.359522,   -28.854784,     0.006621,
  1823.950,    18.894501,   -28.784158,     0.000707,
  1824.000,    21.146578,   -25.889976,    -0.005112,
  1824.050,    22.335168,   -18.685531,    -0.003885,
  1824.100,    21.730286,    -7.228743,     0.002287,
  1824.150,    18.891093,     6.775374,    -0.006189,
  1824.200,    13.757547,    20.759403,    -0.006645,
  1824.250,     6.702404,    32.239465,     0.000305,
  1824.300,    -1.542797,    39.568315,    -0.000041,
  1824.350,    -9.981191,    42.480435,    -0.001890,
  1824.400,   -17.620100,    41.654449,    -0.001644,
  1824.450,   -23.692879,    38.007086,    -0.001944,
  1824.500,   -27.812187,    32.076692,     0.003787,
  1824.550,   -29.980768,    24.248270,     0.007823,
  1824.600,   -30.403499,    15.461057,     0.008353,
  1824.650,   -29.262474,     7.356336,     0.002689,
  1824.700,   -26.560317,     1.713727,     0.000835,
  1824.750,   -22.136606,    -0.432075,     0.003385,
  1824.800,   -15.815036,     0.719926,     0.004085,
  1824.850,    -7.617680,     3.920365,     0.002396,
  1824.900,     2.013122,     7.639041,     0.001267,
  1824.950,    12.197952,    10.836986,    -0.001205,
  1825.000,    21.871811,    13.056018,    -0.004067,
  1825.050,    29.875294,    13.995423,    -0.002657,
  1825.100,    35.264924,    12.923396,    -0.007420,
  1825.150,    37.544628,     8.686101,    -0.004364,
  1825.200,    36.696673,     0.573539,    -0.003888,
  1825.250,    33.109626,   -10.669973,    -0.005524,
  1825.300,    27.543232,   -22.759722,    -0.004979,
  1825.350,    20.981290,   -33.094671,    -0.002303,
  1825.400,    14.445870,   -40.083153,    -0.001042,
  1825.450,     8.896391,   -43.706686,     0.002111,
  1825.500,     5.016645,   -44.811016,    -0.003332,
  1825.550,     3.107043,   -44.153281,    -0.006199,
  1825.600,     3.035009,   -41.706554,    -0.004361,
  1825.650,     4.334575,   -36.692047,    -0.000172,
  1825.700,     6.294194,   -28.272063,    -0.001488,
  1825.750,     8.012548,   -16.263571,    -0.002401,
  1825.800,     8.659739,    -1.701627,     0.000026,
  1825.850,     7.582367,    13.221214,     0.001747,
  1825.900,     4.350879,    25.925694,     0.004406,
  1825.950,    -1.107441,    34.290113,     0.006775,
  1826.000,    -8.404539,    37.297771,     0.003017,
  1826.050,   -16.768042,    35.370593,    -0.000366,
  1826.100,   -25.210257,    30.017640,    -0.001717,
  1826.150,   -32.705067,    23.214566,     0.004912,
  1826.200,   -38.390057,    16.684594,     0.011655,
  1826.250,   -41.684800,    11.602484,     0.007063,
  1826.300,   -42.268984,     8.680738,    -0.002126,
  1826.350,   -40.055287,     8.186645,     0.007761,
  1826.400,   -35.108494,     9.799965,     0.011019,
  1826.450,   -27.623820,    12.631857,     0.007624,
  1826.500,   -18.012114,    15.521660,     0.003728,
  1826.550,    -7.013248,    17.555701,     0.003625,
  1826.600,     4.356097,    18.456318,    -0.001728,
  1826.650,    14.880282,    18.469316,    -0.005167,
  1826.700,    23.415317,    18.057366,     0.004275,
  1826.750,    29.051623,    17.732089,     0.006745,
  1826.800,    31.368704,    18.005966,     0.005227,
  1826.850,    30.588538,    19.268388,    -0.000698,
  1826.900,    27.427076,    21.494111,     0.001287,
  1826.950,    22.952757,    23.984953,    -0.004608,
  1827.000,    18.268696,    25.397689,    -0.000127,
  1827.050,    14.316382,    24.347567,     0.007584,
  1827.100,    11.745692,    20.174015,     0.004739,
  1827.150,    10.730794,    13.401923,     0.001996,
  1827.200,    11.061095,     5.390382,     0.000256,
  1827.250,    12.318285,    -2.315112,    -0.002762,
  1827.300,    13.978549,    -8.653463,    -0.004034,
  1827.350,    15.604016,   -13.323454,     0.001555,
  1827.400,    16.921258,   -16.404208,    -0.001650,
  1827.450,    17.853239,   -17.680235,    -0.008768,
  1827.500,    18.535541,   -16.811500,    -0.002312,
  1827.550,    19.160092,   -13.830108,     0.009624,
  1827.600,    19.849865,    -9.523260,     0.005887,
  1827.650,    20.573744,    -5.066808,     0.001314,
  1827.700,    21.069987,    -1.495054,     0.001570,
  1827.750,    20.920942,     0.714818,     0.007547,
  1827.800,    19.688683,     1.715792,     0.000786,
  1827.850,    17.054691,     2.016029,    -0.007384,
  1827.900,    12.962286,     2.109178,    -0.007509,
  1827.950,     7.714714,     2.187987,    -0.002811,
  1828.000,     1.830510,     2.164692,     0.003345,
  1828.050,    -4.015045,     1.854097,     0.000794,
  1828.100,    -9.141485,     1.251500,     0.003288,
  1828.150,   -12.954212,     0.591526,     0.006940,
  1828.200,   -15.119713,     0.295853,     0.004833,
  1828.250,   -15.558974,     0.765670,     0.001056,
  1828.300,   -14.419590,     2.130508,     0.003495,
  1828.350,   -12.064092,     4.160597,     0.002723,
  1828.400,    -9.005464,     6.402845,     0.001065,
  1828.450,    -5.787173,     8.408772,    -0.000780,
  1828.500,    -2.874377,     9.665958,     0.002193,
  1828.550,    -0.569857,     9.494317,     0.000223,
  1828.600,     1.006049,     7.386517,    -0.004785,
  1828.650,     1.868527,     3.331623,     0.006604,
  1828.700,     2.161403,    -2.122762,     0.006543,
  1828.750,     2.075835,    -8.093456,     0.000743,
  1828.800,     1.782909,   -13.764938,    -0.000749,
  1828.850,     1.430911,   -18.633165,    -0.001945,
  1828.900,     1.175370,   -22.613172,     0.006328,
  1828.950,     1.180530,   -25.895434,     0.011910,
  1829.000,     1.530321,   -28.649669,     0.006027,
  1829.050,     2.285308,   -30.992209,     0.004462,
  1829.100,     3.371521,   -32.893094,     0.000299,
  1829.150,     4.612600,   -34.166201,     0.002224,
  1829.200,     5.718677,   -34.397914,     0.005923,
  1829.250,     6.311432,   -33.231586,    -0.004072,
  1829.300,     6.052080,   -30.703467,    -0.006819,
  1829.350,     4.694574,   -27.322050,    -0.003355,
  1829.400,     2.113515,   -23.608924,     0.002281,
  1829.450,    -1.579828,   -19.837258,     0.010312,
  1829.500,    -6.093010,   -15.989151,     0.010915,
  1829.550,   -11.035728,   -12.143875,     0.004680,
  1829.600,   -15.992377,    -8.722276,     0.003750,
  1829.650,   -20.610872,    -6.261333,     0.010356,
  1829.700,   -24.669580,    -4.937316,     0.006510,
  1829.750,   -28.026215,    -4.161369,    -0.002100,
  1829.800,   -30.615182,    -2.776846,     0.005420,
  1829.850,   -32.413371,     0.185152,     0.010281,
  1829.900,   -33.390945,     4.800980,     0.015231,
  1829.950,   -33.478570,    10.321230,     0.007669,
  1830.000,   -32.660724,    15.624010,     0.000159,
  1830.050,   -30.952343,    19.587726,     0.005255,
  1830.100,   -28.447208,    21.331090,     0.005198,
  1830.150,   -25.318834,    20.325162,     0.005972,
  1830.200,   -21.775859,    16.654203,     0.010496,
  1830.250,   -18.088396,    10.802949,     0.005625,
  1830.300,   -14.514045,     3.439549,     0.002035,
  1830.350,   -11.227630,    -4.749478,     0.002095,
  1830.400,    -8.330688,   -12.987588,     0.007171,
  1830.450,    -5.802072,   -20.312254,     0.006694,
  1830.500,    -3.467394,   -25.664555,     0.002315,
  1830.550,    -1.049310,   -28.199694,    -0.002710,
  1830.600,     1.674357,   -27.628900,    -0.004528,
  1830.650,     4.805380,   -24.419544,    -0.000921,
  1830.700,     8.233236,   -19.789007,    -0.001784,
  1830.750,    11.619376,   -15.150596,     0.005137,
  1830.800,    14.431721,   -11.642452,     0.001282,
  1830.850,    16.087525,    -9.685744,    -0.010105,
  1830.900,    16.074875,    -8.958528,    -0.002663,
  1830.950,    14.131525,    -8.796939,     0.004500,
  1831.000,    10.288371,    -8.711014,     0.004885,
  1831.050,     4.848081,    -8.491991,     0.000664,
  1831.100,    -1.658395,    -7.892537,    -0.006275,
  1831.150,    -8.498499,    -6.508508,    -0.005924,
  1831.200,   -14.876415,    -4.025745,     0.003962,
  1831.250,   -20.069492,    -0.652299,     0.001695,
  1831.300,   -23.536288,     2.802936,     0.004206,
  1831.350,   -25.008668,     5.418651,     0.002916,
  1831.400,   -24.559554,     6.685444,    -0.003948,
  1831.450,   -22.562682,     6.648240,     0.001415,
  1831.500,   -19.642652,     5.705222,     0.004963,
  1831.550,   -16.444267,     4.275719,     0.007182,
  1831.600,   -13.513982,     2.612047,     0.005596,
  1831.650,   -11.194767,     0.942881,     0.002592,
  1831.700,    -9.564054,    -0.295951,     0.002071,
  1831.750,    -8.457656,    -0.554829,     0.006319,
  1831.800,    -7.608933,     0.497673,     0.006635,
  1831.850,    -6.695087,     2.697541,    -0.000017,
  1831.900,    -5.470572,     5.491689,    -0.002568,
  1831.950,    -3.830461,     8.190951,     0.000759,
  1832.000,    -1.832111,    10.125518,    -0.004046,
  1832.050,     0.331374,    10.739408,     0.002179,
  1832.100,     2.350372,     9.713567,     0.006268,
  1832.150,     3.906158,     7.052060,     0.004261,
  1832.200,     4.780349,     3.105191,     0.003890,
  1832.250,     4.920279,    -1.507957,     0.000840,
  1832.300,     4.415274,    -6.111629,     0.006087,
  1832.350,     3.476128,   -10.117454,     0.005945,
  1832.400,     2.416498,   -12.977041,     0.002422,
  1832.450,     1.568945,   -14.271569,     0.001911,
  1832.500,     1.201287,   -13.831424,     0.000333,
  1832.550,     1.484229,   -11.793793,    -0.003678,
  1832.600,     2.429122,    -8.711677,    -0.003750,
  1832.650,     3.845088,    -5.478206,    -0.001002,
  1832.700,     5.412770,    -3.019238,    -0.003936,
  1832.750,     6.716924,    -1.852019,    -0.001646,
  1832.800,     7.361426,    -1.918615,     0.001853,
  1832.850,     7.038175,    -2.677740,    -0.000832,
  1832.900,     5.599574,    -3.596186,    -0.003350,
  1832.950,     3.143901,    -4.536521,     0.003252,
  1833.000,    -0.074601,    -5.648322,     0.005695,
  1833.050,    -3.643535,    -6.929060,     0.006993,
  1833.100,    -7.069133,    -7.999786,     0.009307,
  1833.150,    -9.870617,    -8.267362,     0.007337,
  1833.200,   -11.681752,    -7.377129,    -0.001400,
  1833.250,   -12.335978,    -5.463156,    -0.003248,
  1833.300,   -11.837502,    -2.969744,    -0.001935,
  1833.350,   -10.433353,    -0.275763,    -0.001394,
  1833.400,    -8.511898,     2.542188,     0.007049,
  1833.450,    -6.517097,     5.735072,     0.002179,
  1833.500,    -4.847629,     9.443525,    -0.004840,
  1833.550,    -3.764659,    13.382836,    -0.005538,
  1833.600,    -3.362268,    17.064091,     0.006447,
  1833.650,    -3.571683,    20.210606,     0.010779,
  1833.700,    -4.234291,    22.823595,     0.007729,
  1833.750,    -5.137606,    24.856270,     0.007823,
  1833.800,    -6.028174,    25.875678,     0.006556,
  1833.850,    -6.665227,    25.073921,     0.000642,
  1833.900,    -6.843835,    21.706479,     0.005835,
  1833.950,    -6.412069,    15.793667,     0.008989,
  1834.000,    -5.309012,     8.361446,     0.002179,
  1834.050,    -3.546637,     1.055101,    -0.001321,
  1834.100,    -1.180748,    -4.671314,     0.003196,
  1834.150,     1.680455,    -8.130407,     0.007666,
  1834.200,     4.888299,    -9.390537,     0.004362,
  1834.250,     8.292444,    -8.926610,     0.008474,
  1834.300,    11.744644,    -7.373654,    -0.000698,
  1834.350,    15.108703,    -5.607879,    -0.004720,
  1834.400,    18.156730,    -4.680426,    -0.003158,
  1834.450,    20.618995,    -5.380742,    -0.007459,
  1834.500,    22.222652,    -7.817979,    -0.009497,
  1834.550,    22.701779,   -11.181323,    -0.006609,
  1834.600,    21.803306,   -14.178070,    -0.005653,
  1834.650,    19.392693,   -15.733040,    -0.006004,
  1834.700,    15.582300,   -15.307317,     0.000835,
  1834.750,    10.758634,   -12.956464,     0.001625,
  1834.800,     5.514811,    -9.097981,     0.005137,
  1834.850,     0.454872,    -4.419307,     0.001396,
  1834.900,    -3.780815,     0.500200,    -0.006706,
  1834.950,    -6.783807,     5.284632,    -0.004393,
  1835.000,    -8.460016,     9.749275,    -0.004578,
  1835.050,    -9.023247,    13.768821,    -0.000743,
  1835.100,    -8.927379,    17.202245,     0.002998,
  1835.150,    -8.676590,    19.977794,     0.005099,
  1835.200,    -8.725866,    21.989167,     0.010952,
  1835.250,    -9.313880,    23.242698,     0.012802,
  1835.300,   -10.364298,    23.723503,     0.004301,
  1835.350,   -11.551697,    23.350150,     0.003597,
  1835.400,   -12.423901,    21.928867,     0.008870,
  1835.450,   -12.522781,    19.288558,     0.004476,
  1835.500,   -11.518809,    15.485739,     0.001642,
  1835.550,    -9.315805,    10.947131,    -0.000820,
  1835.600,    -6.037219,     6.460989,     0.000667,
  1835.650,    -1.987736,     2.783943,     0.003275,
  1835.700,     2.484426,     0.164846,     0.006092,
  1835.750,     6.978417,    -1.815967,     0.005812,
  1835.800,    11.186078,    -3.901059,     0.002069,
  1835.850,    14.889866,    -6.637938,     0.003090,
  1835.900,    17.945321,    -9.897808,     0.000959,
  1835.950,    20.247901,   -12.960784,    -0.004632,
  1836.000,    21.712992,   -14.980059,    -0.003665,
  1836.050,    22.293818,   -15.310268,    -0.000591,
  1836.100,    21.955826,   -13.777317,    -0.009443,
  1836.150,    20.691814,   -10.800729,    -0.004484,
  1836.200,    18.561369,    -7.221980,     0.001761,
  1836.250,    15.664552,    -3.943945,     0.000043,
  1836.300,    12.234576,    -1.710446,    -0.004575,
  1836.350,     8.560846,    -0.882606,    -0.001680,
  1836.400,     4.894920,    -1.378112,    -0.002559,
  1836.450,     1.396597,    -2.766230,     0.000670,
  1836.500,    -1.815657,    -4.397419,     0.003337,
  1836.550,    -4.712082,    -5.697487,     0.000938,
  1836.600,    -7.351182,    -6.396411,     0.000834,
  1836.650,    -9.699197,    -6.474593,     0.001723,
  1836.700,   -11.625902,    -5.960316,    -0.001853,
  1836.750,   -12.927666,    -4.780436,    -0.001900,
  1836.800,   -13.410082,    -2.775815,     0.008411,
  1836.850,   -12.974506,     0.054567,     0.006034,
  1836.900,   -11.652070,     3.432820,     0.003018,
  1836.950,    -9.697738,     6.885356,     0.003029,
  1837.000,    -7.495744,     9.885553,    -0.001461,
  1837.050,    -5.455939,    11.924957,     0.004963,
  1837.100,    -3.946358,    12.741781,     0.003541,
  1837.150,    -3.180735,    12.384144,    -0.003416,
  1837.200,    -3.128980,    11.071300,    -0.001565,
  1837.250,    -3.614123,     8.965776,     0.004525,
  1837.300,    -4.370114,     6.230015,    -0.000629,
  1837.350,    -5.062759,     3.217699,    -0.004377,
  1837.400,    -5.403843,     0.464906,    -0.007010,
  1837.450,    -5.188274,    -1.465381,    -0.000628,
  1837.500,    -4.316891,    -2.307817,     0.004754,
  1837.550,    -2.779859,    -2.306802,     0.003181,
  1837.600,    -0.640319,    -1.912580,    -0.002193,
  1837.650,     1.892111,    -1.493841,    -0.004459,
  1837.700,     4.548297,    -1.256276,     0.005057,
  1837.750,     7.017419,    -1.302084,     0.003942,
  1837.800,     8.997125,    -1.820066,     0.001488,
  1837.850,    10.257396,    -2.892249,    -0.001065,
  1837.900,    10.646604,    -4.266300,     0.000490,
  1837.950,    10.119476,    -5.432139,     0.008313,
  1838.000,     8.778364,    -5.895128,     0.005695,
  1838.050,     6.856305,    -5.701196,    -0.012041,
  1838.100,     4.602441,    -5.481374,    -0.013663,
  1838.150,     2.324693,    -5.966062,    -0.002014,
  1838.200,     0.324631,    -7.390762,     0.000466,
  1838.250,    -1.213829,    -9.325925,     0.005896,
  1838.300,    -2.197678,   -11.112256,     0.008226,
  1838.350,    -2.688443,   -12.373040,     0.001719,
  1838.400,    -2.828802,   -13.084161,    -0.001784,
  1838.450,    -2.803649,   -13.296258,     0.004103,
  1838.500,    -2.835056,   -12.834523,     0.007966,
  1838.550,    -3.033721,   -11.358833,     0.008466,
  1838.600,    -3.447836,    -8.702677,     0.004190,
  1838.650,    -4.039877,    -5.115142,     0.000733,
  1838.700,    -4.717375,    -1.187433,     0.001519,
  1838.750,    -5.399202,     2.387311,    -0.002638,
  1838.800,    -6.044239,     5.129362,     0.000777,
  1838.850,    -6.693737,     6.932843,     0.005610,
  1838.900,    -7.435131,     8.008020,     0.003906,
  1838.950,    -8.320012,     8.737112,    -0.006885,
  1839.000,    -9.348035,     9.559310,    -0.002607,
  1839.050,   -10.442608,    10.866562,     0.007729,
  1839.100,   -11.450566,    12.811095,     0.004281,
  1839.150,   -12.164621,    15.094986,    -0.000346,
  1839.200,   -12.386048,    16.961893,    -0.000288,
  1839.250,   -11.959772,    17.604344,     0.004994,
  1839.300,   -10.780307,    16.516600,     0.006392,
  1839.350,    -8.849425,    13.675163,     0.004951,
  1839.400,    -6.309171,     9.374682,     0.003959,
  1839.450,    -3.396739,     4.032632,    -0.002489,
  1839.500,    -0.370700,    -1.907351,     0.003391,
  1839.550,     2.497474,    -7.919470,     0.007083,
  1839.600,     5.008099,   -13.355828,     0.007229,
  1839.650,     7.061968,   -17.576585,     0.002859,
  1839.700,     8.708369,   -20.059695,    -0.006919,
  1839.750,    10.099072,   -20.639508,    -0.002760,
  1839.800,    11.361166,   -19.607029,     0.007863,
  1839.850,    12.563320,   -17.483112,     0.005203,
  1839.900,    13.633073,   -14.806017,    -0.001450,
  1839.950,    14.359780,   -12.012627,    -0.002960,
  1840.000,    14.477186,    -9.407810,    -0.004882,
  1840.050,    13.685330,    -7.052762,    -0.003708,
  1840.100,    11.771903,    -4.794116,    -0.001947,
  1840.150,     8.719470,    -2.490527,     0.001534,
  1840.200,     4.667801,    -0.164152,    -0.001287,
  1840.250,    -0.116142,     2.011929,    -0.005182,
  1840.300,    -5.173857,     3.863757,     0.001209,
  1840.350,    -9.990012,     5.358635,    -0.003030,
  1840.400,   -14.095050,     6.503089,    -0.008262,
  1840.450,   -17.099708,     7.270040,    -0.005052,
  1840.500,   -18.812436,     7.551697,    -0.003665,
  1840.550,   -19.187616,     7.349504,     0.001142,
  1840.600,   -18.352022,     6.784756,     0.003015,
  1840.650,   -16.580525,     6.157920,     0.003479,
  1840.700,   -14.194181,     5.811458,    -0.001678,
  1840.750,   -11.509227,     5.856355,    -0.002429,
  1840.800,    -8.740729,     6.296005,    -0.002203,
  1840.850,    -6.052714,     7.041750,     0.004018,
  1840.900,    -3.535498,     7.899827,    -0.001190,
  1840.950,    -1.239761,     8.604499,    -0.002097,
  1841.000,     0.846628,     8.912892,     0.005762,
  1841.050,     2.699954,     8.608704,     0.003796,
  1841.100,     4.251065,     7.435208,     0.001904,
  1841.150,     5.462443,     5.115738,    -0.000445,
  1841.200,     6.321083,     1.484648,    -0.007518,
  1841.250,     6.812908,    -3.241409,    -0.008882,
  1841.300,     6.973331,    -8.361218,    -0.003042,
  1841.350,     6.887245,   -12.942822,     0.001183,
  1841.400,     6.681454,   -16.098873,     0.001792,
  1841.450,     6.450719,   -17.319536,     0.000427,
  1841.500,     6.335724,   -16.678079,    -0.006472,
  1841.550,     6.392095,   -14.783649,    -0.005068,
  1841.600,     6.627934,   -12.405539,    -0.000027,
  1841.650,     6.944199,   -10.173259,     0.000877,
  1841.700,     7.186815,    -8.380885,    -0.002750,
  1841.750,     7.169840,    -6.932912,     0.000400,
  1841.800,     6.672459,    -5.446800,    -0.001217,
  1841.850,     5.503840,    -3.497190,    -0.010215,
  1841.900,     3.556344,    -0.855037,     0.000056,
  1841.950,     0.814930,     2.280425,     0.005540,
  1842.000,    -2.533328,     5.397960,    -0.001260,
  1842.050,    -6.179218,     7.788468,     0.003588,
  1842.100,    -9.715599,     8.706497,     0.009256,
  1842.150,   -12.663983,     7.698294,     0.001960,
  1842.200,   -14.678131,     4.878238,     0.000940,
  1842.250,   -15.572798,     0.775162,     0.005629,
  1842.300,   -15.364426,    -3.722122,     0.005854,
  1842.350,   -14.254884,    -7.564335,     0.005565,
  1842.400,   -12.520443,    -9.686808,     0.004184,
  1842.450,   -10.450998,    -9.294530,     0.001203,
  1842.500,    -8.251317,    -6.261649,     0.000584,
  1842.550,    -5.988040,    -1.238872,     0.004595,
  1842.600,    -3.680700,     4.543806,     0.008486,
  1842.650,    -1.382488,     9.745864,     0.001527,
  1842.700,     0.877767,    13.316942,    -0.005288,
  1842.750,     2.941756,    14.737301,    -0.004908,
  1842.800,     4.507605,    14.097506,    -0.003113,
  1842.850,     5.276543,    11.888692,    -0.001315,
  1842.900,     5.038335,     8.739140,    -0.000317,
  1842.950,     3.762365,     5.253417,    -0.000352,
  1843.000,     1.613356,     1.872759,     0.005826,
  1843.050,    -0.997153,    -1.162286,     0.005265,
  1843.100,    -3.476323,    -3.773999,     0.004260,
  1843.150,    -5.210811,    -5.920573,    -0.001535,
  1843.200,    -5.711101,    -7.439830,    -0.000939,
  1843.250,    -4.737822,    -8.060674,     0.006189,
  1843.300,    -2.393703,    -7.665555,     0.000497,
  1843.350,     0.916247,    -6.403495,    -0.005228,
  1843.400,     4.560954,    -4.730349,    -0.005870,
  1843.450,     7.840553,    -3.296823,    -0.003137,
  1843.500,    10.162840,    -2.539375,     0.000680,
  1843.550,    11.196491,    -2.561014,     0.000098,
  1843.600,    10.833676,    -3.150212,    -0.004405,
  1843.650,     9.230407,    -3.828184,    -0.011509,
  1843.700,     6.748867,    -4.186345,    -0.004119,
  1843.750,     3.737234,    -4.092499,     0.008849,
  1843.800,     0.626260,    -3.744573,     0.011059,
  1843.850,    -2.240687,    -3.531031,     0.003230,
  1843.900,    -4.604667,    -3.589303,     0.007310,
  1843.950,    -6.304007,    -3.711534,     0.009044,
  1844.000,    -7.266041,    -3.491541,     0.001826,
  1844.050,    -7.511905,    -2.572826,    -0.002532,
  1844.100,    -7.160552,    -0.759312,    -0.000565,
  1844.150,    -6.389731,     1.956021,     0.005456,
  1844.200,    -5.484588,     5.541388,     0.008176,
  1844.250,    -4.658124,     9.827264,     0.001378,
  1844.300,    -4.055920,    14.401983,    -0.004832,
  1844.350,    -3.764888,    18.696789,    -0.000632,
  1844.400,    -3.715317,    22.028180,     0.006943,
  1844.450,    -3.822632,    23.703509,    -0.004338,
  1844.500,    -3.988811,    23.270095,    -0.009353,
  1844.550,    -4.102240,    20.724343,    -0.000074,
  1844.600,    -4.100597,    16.547019,    -0.003410,
  1844.650,    -3.954528,    11.409003,    -0.007035,
  1844.700,    -3.588663,     5.898530,    -0.004773,
  1844.750,    -2.908809,     0.553755,    -0.001509,
  1844.800,    -1.808864,    -4.173169,     0.008426,
  1844.850,    -0.143210,    -7.892978,     0.008672,
  1844.900,     2.149301,   -10.195021,     0.006750,
  1844.950,     5.039546,   -10.840384,    -0.000300,
  1845.000,     8.372243,    -9.905517,    -0.008862,
  1845.050,    11.892259,    -7.814872,    -0.007986,
  1845.100,    15.242014,    -5.216540,    -0.006688,
  1845.150,    17.991835,    -2.749812,    -0.008478,
  1845.200,    19.694680,    -0.901412,    -0.002526,
  1845.250,    20.036899,     0.133308,    -0.002249,
  1845.300,    18.908069,     0.513906,    -0.009414,
  1845.350,    16.346316,     0.689053,     0.000686,
  1845.400,    12.630990,     1.299333,     0.004453,
  1845.450,     8.179301,     2.854723,     0.003024,
  1845.500,     3.469913,     5.426376,    -0.001285,
  1845.550,    -1.024729,     8.608971,    -0.002151,
  1845.600,    -4.824918,    11.656213,     0.001129,
  1845.650,    -7.607028,    13.948811,    -0.002839,
  1845.700,    -9.189175,    15.343460,    -0.003452,
  1845.750,    -9.551899,    16.160015,    -0.003219,
  1845.800,    -8.865070,    16.861545,    -0.002845,
  1845.850,    -7.405851,    17.822342,     0.003458,
  1845.900,    -5.527281,    19.151404,     0.007708,
  1845.950,    -3.606291,    20.776022,     0.000591,
  1846.000,    -1.866489,    22.505472,     0.003781,
  1846.050,    -0.362500,    24.018881,     0.006019,
  1846.100,     0.965800,    24.897423,     0.002473,
  1846.150,     2.265390,    24.781280,     0.003319,
  1846.200,     3.715045,    23.459249,     0.003245,
  1846.250,     5.436918,    20.961153,    -0.004952,
  1846.300,     7.446432,    17.479513,    -0.003297,
  1846.350,     9.588097,    13.323881,    -0.000571,
  1846.400,    11.732638,     8.789264,     0.001312,
  1846.450,    13.709967,     4.183074,    -0.000552,
  1846.500,    15.409220,    -0.183646,    -0.006506,
  1846.550,    16.847676,    -3.990496,     0.002351,
  1846.600,    18.100888,    -6.986439,     0.000397,
  1846.650,    19.269933,    -9.024776,    -0.001194,
  1846.700,    20.394963,   -10.095530,    -0.001304,
  1846.750,    21.443101,   -10.267488,    -0.001388,
  1846.800,    22.293762,    -9.655280,    -0.000105,
  1846.850,    22.734112,    -8.365940,     0.001275,
  1846.900,    22.580673,    -6.591878,    -0.001878,
  1846.950,    21.651818,    -4.706330,    -0.002857,
  1847.000,    19.849252,    -3.178732,    -0.006433,
  1847.050,    17.189528,    -2.411578,    -0.002447,
  1847.100,    13.795135,    -2.493902,     0.001266,
  1847.150,     9.888172,    -3.168176,    -0.002440,
  1847.200,     5.764897,    -4.064881,    -0.003388,
  1847.250,     1.670203,    -4.927351,    -0.000749,
  1847.300,    -2.101981,    -5.690027,    -0.001081,
  1847.350,    -5.291487,    -6.412893,    -0.001357,
  1847.400,    -7.725489,    -7.181200,    -0.000100,
  1847.450,    -9.316063,    -8.086027,     0.002321,
  1847.500,   -10.039979,    -9.085835,    -0.000406,
  1847.550,    -9.975774,   -10.082970,    -0.000311,
  1847.600,    -9.269465,   -10.863964,     0.001230,
  1847.650,    -8.113180,   -11.126780,    -0.000385,
  1847.700,    -6.779769,   -10.783095,     0.000084,
  1847.750,    -5.502781,    -9.883890,    -0.002675,
  1847.800,    -4.509857,    -8.515031,    -0.002020,
  1847.850,    -3.938378,    -6.768399,     0.007596,
  1847.900,    -3.814870,    -4.849694,     0.001367,
  1847.950,    -4.102120,    -3.078113,    -0.004258,
  1848.000,    -4.717573,    -1.813077,     0.005160,
  1848.050,    -5.530387,    -1.212236,    -0.001880,
  1848.100,    -6.427347,    -1.149314,    -0.005502,
  1848.150,    -7.368457,    -1.140367,     0.008529,
  1848.200,    -8.300657,    -0.690881,     0.000803,
  1848.250,    -9.157195,     0.338548,    -0.000714,
  1848.300,    -9.878519,     1.653422,     0.005018,
  1848.350,   -10.407452,     2.734838,     0.003777,
  1848.400,   -10.640223,     3.261299,    -0.001410,
  1848.450,   -10.497875,     3.127792,    -0.006401,
  1848.500,    -9.947067,     2.419308,     0.002403,
  1848.550,    -8.993049,     1.283390,     0.008982,
  1848.600,    -7.726074,    -0.185009,     0.010476,
  1848.650,    -6.267513,    -1.924349,     0.001999,
  1848.700,    -4.815784,    -3.707274,    -0.000474,
  1848.750,    -3.510996,    -5.147276,     0.006854,
  1848.800,    -2.419516,    -5.845011,     0.008372,
  1848.850,    -1.547926,    -5.612666,     0.001454,
  1848.900,    -0.861907,    -4.610885,    -0.000381,
  1848.950,    -0.250917,    -3.282064,     0.005705,
  1849.000,     0.343527,    -1.944130,     0.003296,
  1849.050,     0.923154,    -0.547097,     0.001630,
  1849.100,     1.446143,     1.183832,     0.007180,
  1849.150,     1.794708,     3.467027,     0.002053,
  1849.200,     1.850443,     6.207318,    -0.005027,
  1849.250,     1.530178,     9.022253,     0.005210,
  1849.300,     0.814915,    11.490022,     0.005575,
  1849.350,    -0.250347,    13.453323,     0.001044,
  1849.400,    -1.507428,    15.135243,     0.004610,
  1849.450,    -2.794100,    16.865001,     0.006307,
  1849.500,    -3.915415,    18.842616,     0.013376,
  1849.550,    -4.680197,    20.979010,     0.005516,
  1849.600,    -4.971109,    22.863152,    -0.001862,
  1849.650,    -4.723036,    24.206798,     0.006042,
  1849.700,    -3.964327,    25.062012,     0.007624,
  1849.750,    -2.744458,    25.727405,    -0.000851,
  1849.800,    -1.156848,    26.525856,    -0.003185,
  1849.850,     0.757553,    27.555510,    -0.000853,
  1849.900,     2.914176,    28.660493,    -0.002236,
  1849.950,     5.212005,    29.489045,    -0.006824,
  1850.000,     7.581917,    29.679680,    -0.000620,
  1850.050,     9.946274,    29.086389,     0.004376,
  1850.100,    12.238051,    27.794497,    -0.004788,
  1850.150,    14.407355,    26.054238,    -0.006283,
  1850.200,    16.444786,    24.097880,    -0.000454,
  1850.250,    18.348885,    21.924611,    -0.004323,
  1850.300,    20.114526,    19.338357,    -0.011325,
  1850.350,    21.734655,    16.077324,    -0.004575,
  1850.400,    23.179524,    12.100180,     0.000898,
  1850.450,    24.439901,     7.761191,    -0.005796,
  1850.500,    25.539927,     3.659806,    -0.002824,
  1850.550,    26.483527,     0.357850,    -0.007313,
  1850.600,    27.276993,    -1.793090,    -0.004878,
  1850.650,    27.896181,    -2.673393,     0.000023,
  1850.700,    28.271933,    -2.297377,    -0.000635,
  1850.750,    28.333031,    -0.803875,    -0.002045,
  1850.800,    27.973290,     1.426325,     0.001729,
  1850.850,    27.132830,     3.733056,    -0.002073,
  1850.900,    25.781125,     5.552659,    -0.005708,
  1850.950,    23.928997,     6.739827,     0.005227,
  1851.000,    21.623625,     7.432421,     0.002901,
  1851.050,    18.866639,     7.697456,    -0.006392,
  1851.100,    15.732706,     7.429861,    -0.007840,
  1851.150,    12.334404,     6.572606,     0.000230,
  1851.200,     8.838572,     5.234777,     0.005033,
  1851.250,     5.481489,     3.718161,     0.002019,
  1851.300,     2.531775,     2.284231,    -0.009275,
  1851.350,     0.235954,     0.966539,    -0.006603,
  1851.400,    -1.193946,    -0.286288,     0.000569,
  1851.450,    -1.663640,    -1.586894,     0.002573,
  1851.500,    -1.235491,    -2.968011,     0.002899,
  1851.550,    -0.102524,    -4.432490,     0.001102,
  1851.600,     1.450549,    -6.054438,    -0.002356,
  1851.650,     3.112610,    -7.860609,    -0.006141,
  1851.700,     4.617665,    -9.793813,    -0.009867,
  1851.750,     5.738198,   -11.677503,    -0.004952,
  1851.800,     6.366048,   -13.252933,    -0.002669,
  1851.850,     6.444739,   -14.399753,     0.000816,
  1851.900,     6.021379,   -15.140862,    -0.002412,
  1851.950,     5.160703,   -15.681078,    -0.002404,
  1852.000,     3.998533,   -16.265369,    -0.003400,
  1852.050,     2.641964,   -17.000135,    -0.003912,
  1852.100,     1.181548,   -17.929533,    -0.004827,
  1852.150,    -0.320363,   -19.066044,    -0.004820,
  1852.200,    -1.816573,   -20.295879,    -0.002066,
  1852.250,    -3.332513,   -21.247030,    -0.004994,
  1852.300,    -4.871455,   -21.519766,     0.005046,
  1852.350,    -6.466976,   -20.891095,     0.000519,
  1852.400,    -8.118735,   -19.463062,     0.000141,
  1852.450,    -9.768060,   -17.547155,     0.001662,
  1852.500,   -11.362451,   -15.483416,     0.004847,
  1852.550,   -12.844954,   -13.562670,     0.011612,
  1852.600,   -14.160050,   -11.979034,     0.005224,
  1852.650,   -15.279579,   -10.916261,    -0.008673,
  1852.700,   -16.240944,   -10.547007,     0.002171,
  1852.750,   -17.072618,   -11.002297,     0.002287,
  1852.800,   -17.845317,   -12.156355,    -0.004921,
  1852.850,   -18.612753,   -13.619325,     0.002388,
  1852.900,   -19.373692,   -14.857153,     0.002576,
  1852.950,   -20.049236,   -15.393867,    -0.000865,
  1853.000,   -20.520273,   -14.939844,     0.002233,
  1853.050,   -20.669138,   -13.431814,     0.002087,
  1853.100,   -20.380801,   -10.972310,     0.007459,
  1853.150,   -19.615626,    -7.785670,     0.007618,
  1853.200,   -18.437171,    -4.168800,    -0.002649,
  1853.250,   -16.962874,    -0.588330,     0.004117,
  1853.300,   -15.388640,     2.434873,     0.007934,
  1853.350,   -13.958832,     4.476280,     0.003394,
  1853.400,   -12.836626,     5.319283,     0.005125,
  1853.450,   -12.197429,     5.042096,     0.002409,
  1853.500,   -12.063232,     3.986243,     0.010250,
  1853.550,   -12.351533,     2.706905,     0.012302,
  1853.600,   -12.913345,     1.630955,     0.009335,
  1853.650,   -13.491299,     0.865254,     0.002932,
  1853.700,   -13.788075,     0.212159,    -0.002522,
  1853.750,   -13.579805,    -0.607071,    -0.003699,
  1853.800,   -12.690915,    -1.619584,    -0.000954,
  1853.850,   -11.059639,    -2.671483,     0.002799,
  1853.900,    -8.767755,    -3.550064,     0.007197,
  1853.950,    -6.047976,    -4.162733,     0.006437,
  1854.000,    -3.187182,    -4.580151,    -0.006018,
  1854.050,    -0.515969,    -4.955004,    -0.013473,
  1854.100,     1.681432,    -5.418132,    -0.003882,
  1854.150,     3.178074,    -6.076741,     0.004479,
  1854.200,     3.905270,    -6.975482,     0.002027,
  1854.250,     3.922449,    -7.949502,    -0.002370,
  1854.300,     3.375261,    -8.628940,    -0.007095,
  1854.350,     2.491512,    -8.642877,    -0.006939,
  1854.400,     1.417011,    -7.922193,    -0.001833,
  1854.450,     0.287107,    -6.838449,     0.007346,
  1854.500,    -0.784388,    -6.061495,     0.006775,
  1854.550,    -1.789187,    -6.210906,     0.001211,
  1854.600,    -2.706916,    -7.410247,     0.001065,
  1854.650,    -3.551425,    -9.162840,     0.007061,
  1854.700,    -4.300715,   -10.552148,     0.012072,
  1854.750,    -4.962225,   -10.741071,     0.007901,
  1854.800,    -5.574462,    -9.318685,    -0.003885,
  1854.850,    -6.164276,    -6.466028,    -0.000138,
  1854.900,    -6.749192,    -2.797667,     0.004200,
  1854.950,    -7.310758,     0.859643,     0.005285,
  1855.000,    -7.813412,     3.735442,     0.002719,
  1855.050,    -8.178089,     5.346430,    -0.003531,
  1855.100,    -8.352300,     5.697221,    -0.001652,
  1855.150,    -8.325734,     5.109294,     0.005513,
  1855.200,    -8.184305,     3.953462,     0.011035,
  1855.250,    -8.060428,     2.443362,     0.009500,
  1855.300,    -8.098368,     0.658216,     0.002589,
  1855.350,    -8.315530,    -1.360317,    -0.001236,
  1855.400,    -8.638148,    -3.479200,     0.002127,
  1855.450,    -8.847677,    -5.497188,     0.004838,
  1855.500,    -8.695495,    -7.248876,     0.002556,
  1855.550,    -7.922898,    -8.693621,     0.004984,
  1855.600,    -6.469658,    -9.877626,     0.002825,
  1855.650,    -4.423061,   -10.833866,    -0.008655,
  1855.700,    -2.021490,   -11.551956,    -0.010138,
  1855.750,     0.335768,   -12.113758,    -0.001006,
  1855.800,     2.279924,   -12.748786,     0.001211,
  1855.850,     3.555095,   -13.716205,    -0.006182,
  1855.900,     4.010704,   -15.094441,     0.004528,
  1855.950,     3.669451,   -16.636070,     0.000007,
  1856.000,     2.636695,   -17.813320,    -0.000802,
  1856.050,     1.087879,   -18.072739,     0.009331,
  1856.100,    -0.770089,   -17.140124,     0.000812,
  1856.150,    -2.763836,   -15.199582,    -0.000656,
  1856.200,    -4.734771,   -12.700021,     0.000245,
  1856.250,    -6.598116,   -10.094748,    -0.002431,
  1856.300,    -8.269831,    -7.722592,     0.003459,
  1856.350,    -9.688654,    -5.795551,     0.003148,
  1856.400,   -10.867957,    -4.362924,    -0.001191,
  1856.450,   -11.859145,    -3.332607,    -0.000290,
  1856.500,   -12.742057,    -2.549779,    -0.002343,
  1856.550,   -13.600796,    -1.835934,    -0.005323,
  1856.600,   -14.457455,    -1.102651,     0.004373,
  1856.650,   -15.317845,    -0.406269,     0.002115,
  1856.700,   -16.085666,     0.012528,    -0.001447,
  1856.750,   -16.630767,    -0.077591,     0.006163,
  1856.800,   -16.756473,    -0.753570,     0.004181,
  1856.850,   -16.325155,    -1.902665,     0.006440,
  1856.900,   -15.282236,    -3.280633,     0.006616,
  1856.950,   -13.718086,    -4.587931,     0.004310,
  1857.000,   -11.779813,    -5.547477,    -0.001479,
  1857.050,    -9.671902,    -5.958297,     0.000886,
  1857.100,    -7.602821,    -5.729861,     0.002322,
  1857.150,    -5.766266,    -4.917254,     0.004058,
  1857.200,    -4.232064,    -3.659170,    -0.002310,
  1857.250,    -3.014339,    -2.062222,     0.000242,
  1857.300,    -2.093999,    -0.218111,     0.005940,
  1857.350,    -1.419976,     1.714616,    -0.000579,
  1857.400,    -0.998982,     3.595538,     0.004239,
  1857.450,    -0.831051,     5.217606,     0.007337,
  1857.500,    -0.932474,     6.282008,     0.009679,
  1857.550,    -1.339246,     6.527712,     0.003302,
  1857.600,    -2.018258,     5.817156,    -0.003529,
  1857.650,    -2.859230,     4.216463,     0.002996,
  1857.700,    -3.752510,     2.097153,     0.002729,
  1857.750,    -4.524561,     0.037553,     0.008925,
  1857.800,    -5.041353,    -1.338447,     0.002787,
  1857.850,    -5.151264,    -1.605307,    -0.010695,
  1857.900,    -4.784201,    -0.735117,    -0.007022,
  1857.950,    -3.953466,     1.003747,     0.004497,
  1858.000,    -2.732756,     3.205981,     0.001317,
  1858.050,    -1.225835,     5.450756,    -0.002117,
  1858.100,     0.424019,     7.455701,     0.000502,
  1858.150,     2.029486,     9.104175,     0.002559,
  1858.200,     3.404153,    10.385796,     0.002665,
  1858.250,     4.360438,    11.324677,    -0.002751,
  1858.300,     4.791308,    11.859410,    -0.005422,
  1858.350,     4.632435,    11.921812,    -0.001923,
  1858.400,     3.925579,    11.520646,    -0.001576,
  1858.450,     2.835754,    10.778696,    -0.001076,
  1858.500,     1.642695,     9.871984,    -0.006518,
  1858.550,     0.617238,     9.006429,    -0.013947,
  1858.600,     0.033526,     8.332167,    -0.001692,
  1858.650,     0.080401,     7.997218,     0.003732,
  1858.700,     0.798106,     8.009180,    -0.001602,
  1858.750,     2.085600,     8.297937,     0.001360,
  1858.800,     3.739907,     8.820178,     0.004877,
  1858.850,     5.553176,     9.547523,     0.001338,
  1858.900,     7.303827,    10.421843,    -0.001975,
  1858.950,     8.812541,    11.394245,     0.001744,
  1859.000,     9.953463,    12.396061,     0.006818,
  1859.050,    10.692615,    13.297861,     0.009952,
  1859.100,    11.021199,    13.990331,     0.008155,
  1859.150,    10.949558,    14.377100,     0.002616,
  1859.200,    10.573522,    14.329588,     0.000427,
  1859.250,     9.999726,    13.729086,     0.001899,
  1859.300,     9.344609,    12.483518,    -0.001646,
  1859.350,     8.734921,    10.598547,     0.004567,
  1859.400,     8.289662,     8.136640,    -0.000391,
  1859.450,     8.088747,     5.292936,    -0.003943,
  1859.500,     8.130671,     2.299521,     0.001495,
  1859.550,     8.422423,    -0.527879,     0.001083,
  1859.600,     8.958257,    -2.790893,     0.002713,
  1859.650,     9.685315,    -4.103782,     0.007204,
  1859.700,    10.501823,    -4.265536,    -0.003119,
  1859.750,    11.364220,    -3.288881,    -0.003283,
  1859.800,    12.150167,    -1.458591,    -0.001711,
  1859.850,    12.744962,     0.787482,    -0.001075,
  1859.900,    13.068006,     3.123250,     0.002761,
  1859.950,    13.018702,     5.289090,     0.002321,
  1860.000,    12.504068,     7.128041,     0.006593,
  1860.050,    11.483893,     8.501715,     0.005538,
  1860.100,     9.960559,     9.397343,    -0.000261,
  1860.150,     7.984095,     9.921085,    -0.002744,
  1860.200,     5.684489,    10.200824,    -0.003794,
  1860.250,     3.247169,    10.307690,    -0.001293,
  1860.300,     0.907371,    10.387344,    -0.002625,
  1860.350,    -1.092457,    10.627075,     0.002095,
  1860.400,    -2.508184,    11.119007,     0.013954,
  1860.450,    -3.161837,    11.707409,     0.008293,
  1860.500,    -3.017112,    12.039965,     0.004020,
  1860.550,    -2.115465,    11.869234,     0.011795,
  1860.600,    -0.614062,    11.308668,     0.002033,
  1860.650,     1.275510,    10.768875,    -0.002121,
  1860.700,     3.268752,    10.577113,    -0.001892,
  1860.750,     5.177518,    10.676467,    -0.001573,
  1860.800,     6.842171,    10.717027,    -0.000565,
  1860.850,     8.136705,    10.301492,    -0.003139,
  1860.900,     9.075693,     9.217972,    -0.003479,
  1860.950,     9.699568,     7.485156,    -0.000105,
  1861.000,    10.097283,     5.216627,    -0.005736,
  1861.050,    10.357452,     2.611404,    -0.001677,
  1861.100,    10.547129,    -0.099635,     0.002905,
  1861.150,    10.710648,    -2.535040,     0.002308,
  1861.200,    10.859064,    -4.233549,     0.001063,
  1861.250,    10.951807,    -4.846624,    -0.003958,
  1861.300,    10.949797,    -4.335680,    -0.005124,
  1861.350,    10.864769,    -2.939021,     0.002509,
  1861.400,    10.676445,    -0.952406,     0.006930,
  1861.450,    10.404189,     1.330706,    -0.001616,
  1861.500,    10.053724,     3.607911,    -0.002866,
  1861.550,     9.564418,     5.651254,    -0.004437,
  1861.600,     8.865299,     7.316287,    -0.002841,
  1861.650,     7.890576,     8.483060,    -0.009236,
  1861.700,     6.534434,     9.076559,    -0.006536,
  1861.750,     4.825162,     9.002129,     0.000949,
  1861.800,     2.862126,     8.211108,     0.000744,
  1861.850,     0.795211,     6.823083,     0.001618,
  1861.900,    -1.135212,     5.079179,    -0.004304,
  1861.950,    -2.662095,     3.380283,     0.001732,
  1862.000,    -3.573070,     2.108414,     0.009468,
  1862.050,    -3.759435,     1.503909,     0.013717,
  1862.100,    -3.215304,     1.567270,     0.008417,
  1862.150,    -2.004465,     2.145447,    -0.002744,
  1862.200,    -0.305852,     3.049395,     0.001513,
  1862.250,     1.649005,     4.058478,     0.002938,
  1862.300,     3.588410,     5.009744,    -0.006424,
  1862.350,     5.303671,     5.736206,    -0.006532,
  1862.400,     6.647979,     6.093628,    -0.003669,
  1862.450,     7.482629,     5.980872,    -0.009926,
  1862.500,     7.737843,     5.403042,    -0.004143,
  1862.550,     7.435081,     4.403858,     0.001357,
  1862.600,     6.661515,     3.066522,    -0.000767,
  1862.650,     5.580871,     1.419503,    -0.001222,
  1862.700,     4.389909,    -0.523270,    -0.000632,
  1862.750,     3.275697,    -2.649387,     0.000809,
  1862.800,     2.443649,    -4.771333,     0.000555,
  1862.850,     2.006074,    -6.622946,     0.000508,
  1862.900,     1.983406,    -7.931817,     0.001591,
  1862.950,     2.326288,    -8.451963,     0.001175,
  1863.000,     2.931604,    -8.163945,    -0.000062,
  1863.050,     3.625198,    -7.163575,    -0.001182,
  1863.100,     4.251057,    -5.604278,     0.000350,
  1863.150,     4.686402,    -3.648523,    -0.000559,
  1863.200,     4.781774,    -1.495604,    -0.006290,
  1863.250,     4.480525,     0.572697,     0.006253,
  1863.300,     3.792259,     2.217444,     0.003790,
  1863.350,     2.712813,     3.178883,     0.000119,
  1863.400,     1.287590,     3.317425,    -0.000761,
  1863.450,    -0.393204,     2.669430,    -0.002872,
  1863.500,    -2.202393,     1.404958,     0.001323,
  1863.550,    -3.978808,    -0.219958,     0.009088,
  1863.600,    -5.551749,    -1.833476,     0.003895,
  1863.650,    -6.778563,    -3.029705,    -0.002644,
  1863.700,    -7.511639,    -3.593918,     0.004668,
  1863.750,    -7.660921,    -3.465597,     0.000649,
  1863.800,    -7.193240,    -2.902619,    -0.004379,
  1863.850,    -6.164801,    -2.202381,    -0.000515,
  1863.900,    -4.719165,    -1.451285,    -0.003407,
  1863.950,    -3.053742,    -0.533197,     0.006905,
  1864.000,    -1.370446,     0.737168,     0.002021,
  1864.050,     0.125014,     2.470717,    -0.000255,
  1864.100,     1.233201,     4.551638,     0.007201,
  1864.150,     1.785074,     6.690188,     0.012755,
  1864.200,     1.770194,     8.496701,     0.002513,
  1864.250,     1.231258,     9.602950,     0.005189,
  1864.300,     0.316565,     9.745254,     0.008128,
  1864.350,    -0.761856,     8.916611,    -0.002887,
  1864.400,    -1.798153,     7.403438,    -0.001644,
  1864.450,    -2.598339,     5.656565,     0.010457,
  1864.500,    -3.033372,     4.020118,     0.002358,
  1864.550,    -3.066158,     2.575212,    -0.002088,
  1864.600,    -2.676709,     1.195942,    -0.000464,
  1864.650,    -1.932327,    -0.251233,     0.000974,
  1864.700,    -0.872928,    -1.718565,    -0.002432,
  1864.750,     0.447886,    -3.082996,     0.004263,
  1864.800,     1.967074,    -4.168926,     0.008535,
  1864.850,     3.589870,    -4.855970,     0.001713,
  1864.900,     5.180168,    -5.204182,    -0.000317,
  1864.950,     6.559027,    -5.273109,    -0.000620,
  1865.000,     7.569197,    -5.012024,    -0.002196,
  1865.050,     8.056872,    -4.454310,     0.000856,
  1865.100,     7.961761,    -3.708687,     0.002653,
  1865.150,     7.306327,    -2.998964,    -0.001126,
  1865.200,     6.170017,    -2.496817,    -0.002243,
  1865.250,     4.720401,    -2.271813,    -0.002748,
  1865.300,     3.133337,    -2.245321,     0.005490,
  1865.350,     1.494986,    -2.256074,    -0.001151,
  1865.400,    -0.100346,    -2.162670,    -0.000312,
  1865.450,    -1.552725,    -1.798832,     0.001850,
  1865.500,    -2.818417,    -0.965826,    -0.002939,
  1865.550,    -3.874595,     0.380155,    -0.006165,
  1865.600,    -4.672849,     2.080662,    -0.002279,
  1865.650,    -5.190904,     3.834598,    -0.001145,
  1865.700,    -5.400110,     5.391694,     0.002306,
  1865.750,    -5.338782,     6.628317,     0.006244,
  1865.800,    -5.040754,     7.613668,    -0.004985,
  1865.850,    -4.588403,     8.386173,    -0.005599,
  1865.900,    -4.062251,     8.821607,     0.001463,
  1865.950,    -3.539394,     8.661628,    -0.002638,
  1866.000,    -3.092616,     7.765914,     0.001859,
  1866.050,    -2.708648,     6.212451,     0.000129,
  1866.100,    -2.357143,     4.324896,     0.001524,
  1866.150,    -1.970340,     2.540199,     0.004453,
  1866.200,    -1.459238,     1.140476,     0.005483,
  1866.250,    -0.731708,     0.257104,    -0.000457,
  1866.300,     0.239261,    -0.134169,    -0.003575,
  1866.350,     1.420719,    -0.138905,    -0.005644,
  1866.400,     2.756721,     0.026021,     0.000302,
  1866.450,     4.127275,     0.123606,    -0.000495,
  1866.500,     5.412032,     0.070866,    -0.004633,
  1866.550,     6.494139,    -0.085548,    -0.003604,
  1866.600,     7.257578,    -0.254973,     0.003708,
  1866.650,     7.616394,    -0.367924,     0.002941,
  1866.700,     7.538872,    -0.437909,    -0.000021,
  1866.750,     6.997922,    -0.538279,    -0.001211,
  1866.800,     6.040466,    -0.751569,     0.001197,
  1866.850,     4.810214,    -1.025287,     0.005902,
  1866.900,     3.444742,    -1.207899,     0.002819,
  1866.950,     2.117729,    -1.160986,    -0.003268,
  1867.000,     0.975390,    -0.894094,    -0.014987,
  1867.050,     0.125689,    -0.580142,    -0.012529,
  1867.100,    -0.410433,    -0.408694,     0.002503,
  1867.150,    -0.673341,    -0.308126,     0.008109,
  1867.200,    -0.761315,    -0.087252,     0.000914,
  1867.250,    -0.765167,     0.425397,    -0.008178,
  1867.300,    -0.741642,     1.166486,    -0.006463,
  1867.350,    -0.752023,     1.932912,    -0.002126,
  1867.400,    -0.816427,     2.549981,     0.003403,
  1867.450,    -0.904439,     2.986307,     0.006846,
  1867.500,    -1.027345,     3.328583,    -0.001059,
  1867.550,    -1.170356,     3.687756,     0.001977,
  1867.600,    -1.291310,     4.031562,     0.000329,
  1867.650,    -1.377636,     4.215417,    -0.001738,
  1867.700,    -1.406954,     4.016479,     0.000034,
  1867.750,    -1.349991,     3.387128,     0.001568,
  1867.800,    -1.216866,     2.457443,     0.005963,
  1867.850,    -1.013571,     1.456528,    -0.000170,
  1867.900,    -0.730620,     0.550590,    -0.002854,
  1867.950,    -0.383557,    -0.220750,     0.001507,
  1868.000,     0.059928,    -0.851996,     0.008635,
  1868.050,     0.559098,    -1.304659,     0.000916,
  1868.100,     1.106946,    -1.444029,    -0.011987,
  1868.150,     1.657659,    -1.186348,    -0.002188,
  1868.200,     2.190295,    -0.604334,    -0.002751,
  1868.250,     2.654478,     0.113960,    -0.005010,
  1868.300,     3.013671,     0.764238,    -0.001108,
  1868.350,     3.222786,     1.161120,     0.006249,
  1868.400,     3.259479,     1.299812,     0.005954,
  1868.450,     3.101237,     1.281275,    -0.005966,
  1868.500,     2.728182,     1.213237,     0.001606,
  1868.550,     2.168514,     1.123714,     0.003270,
  1868.600,     1.468686,     1.015938,     0.001186,
  1868.650,     0.690838,     0.823331,     0.001065,
  1868.700,    -0.072099,     0.400039,     0.000752,
  1868.750,    -0.709206,    -0.320315,    -0.005295,
  1868.800,    -1.165963,    -1.295560,    -0.008871,
  1868.850,    -1.380646,    -2.451874,    -0.001933,
  1868.900,    -1.377189,    -3.639684,     0.004072,
  1868.950,    -1.137325,    -4.702700,     0.001095,
  1869.000,    -0.749917,    -5.585464,     0.002550,
  1869.050,    -0.299856,    -6.207269,     0.001768,
  1869.100,     0.129459,    -6.445740,    -0.000020,
  1869.150,     0.479462,    -6.174386,     0.000384,
  1869.200,     0.708410,    -5.378505,    -0.002413,
  1869.250,     0.780475,    -4.187659,     0.000841,
  1869.300,     0.729841,    -2.784559,    -0.000035,
  1869.350,     0.546171,    -1.385997,     0.000481,
  1869.400,     0.218536,    -0.166413,     0.003439,
  1869.450,    -0.257216,     0.774409,     0.001184,
  1869.500,    -0.878539,     1.348667,    -0.007551,
  1869.550,    -1.648503,     1.501944,    -0.006423,
  1869.600,    -2.531130,     1.217369,     0.006659,
  1869.650,    -3.478290,     0.512209,    -0.000881,
  1869.700,    -4.396946,    -0.516614,    -0.011218,
  1869.750,    -5.198878,    -1.676809,    -0.003432,
  1869.800,    -5.788558,    -2.796560,    -0.002543,
  1869.850,    -6.069007,    -3.775477,    -0.000750,
  1869.900,    -6.002024,    -4.630716,     0.004298,
  1869.950,    -5.562514,    -5.404761,     0.006844,
  1870.000,    -4.790455,    -6.080990,     0.008328,
  1870.050,    -3.780697,    -6.636670,    -0.000243,
  1870.100,    -2.666640,    -7.107509,    -0.001276,
  1870.150,    -1.560047,    -7.611444,     0.006915,
  1870.200,    -0.608463,    -8.295763,    -0.002267,
  1870.250,     0.080423,    -9.108234,    -0.001786,
  1870.300,     0.419192,    -9.776601,     0.003127,
  1870.350,     0.401849,    -9.969261,    -0.006113,
  1870.400,     0.006427,    -9.517142,     0.003020,
  1870.450,    -0.659112,    -8.506871,    -0.005544,
  1870.500,    -1.541878,    -7.134349,    -0.000358,
  1870.550,    -2.547803,    -5.687048,     0.004856,
  1870.600,    -3.580466,    -4.435247,     0.001214,
  1870.650,    -4.564875,    -3.621926,    -0.000133,
  1870.700,    -5.454889,    -3.354151,     0.002057,
  1870.750,    -6.249150,    -3.520190,     0.006569,
  1870.800,    -6.954445,    -3.861589,     0.009597,
  1870.850,    -7.586899,    -4.040683,     0.004172,
  1870.900,    -8.182241,    -3.792561,     0.000922,
  1870.950,    -8.711077,    -3.067743,     0.000549,
  1871.000,    -9.160834,    -2.040423,    -0.000156,
  1871.050,    -9.466691,    -0.954536,    -0.001898,
  1871.100,    -9.544635,    -0.042381,     0.003075,
  1871.150,    -9.328139,     0.578705,     0.000725,
  1871.200,    -8.801698,     0.988031,     0.001393,
  1871.250,    -8.007906,     1.283771,     0.005017,
  1871.300,    -7.028867,     1.526431,    -0.004644,
  1871.350,    -6.044326,     1.691233,    -0.002194,
  1871.400,    -5.182284,     1.712920,     0.005397,
  1871.450,    -4.508984,     1.529848,     0.004015,
  1871.500,    -4.064062,     1.061918,     0.003929,
  1871.550,    -3.799466,     0.282151,    -0.003069,
  1871.600,    -3.598889,    -0.833462,    -0.001288,
  1871.650,    -3.368230,    -2.251791,     0.000132,
  1871.700,    -2.999712,    -3.909748,     0.001159,
  1871.750,    -2.464528,    -5.647690,     0.001014,
  1871.800,    -1.791015,    -7.287761,     0.000619,
  1871.850,    -1.049161,    -8.531141,     0.003565,
  1871.900,    -0.346741,    -9.158781,     0.005681,
  1871.950,     0.268825,    -9.114444,     0.002300,
  1872.000,     0.758662,    -8.466578,     0.000114,
  1872.050,     1.080340,    -7.460783,     0.000195,
  1872.100,     1.217903,    -6.360117,     0.005388,
  1872.150,     1.169662,    -5.324609,     0.010850,
  1872.200,     0.919783,    -4.369974,     0.005043,
  1872.250,     0.441213,    -3.478787,    -0.003747,
  1872.300,    -0.272660,    -2.675801,    -0.005787,
  1872.350,    -1.241059,    -2.057608,    -0.010348,
  1872.400,    -2.425943,    -1.767282,     0.001810,
  1872.450,    -3.768865,    -1.843142,    -0.000018,
  1872.500,    -5.163811,    -2.273197,    -0.006979,
  1872.550,    -6.479446,    -2.851019,     0.006762,
  1872.600,    -7.578110,    -3.311087,     0.009354,
  1872.650,    -8.352168,    -3.460048,    -0.000540,
  1872.700,    -8.693231,    -3.215305,    -0.010409,
  1872.750,    -8.597894,    -2.715419,    -0.002137,
  1872.800,    -8.112910,    -2.143166,     0.005127,
  1872.850,    -7.335618,    -1.608846,     0.003935,
  1872.900,    -6.397673,    -1.151737,     0.003015,
  1872.950,    -5.402025,    -0.763694,     0.011826,
  1873.000,    -4.453747,    -0.530961,     0.008456,
  1873.050,    -3.641468,    -0.503486,     0.001297,
  1873.100,    -3.021368,    -0.630614,    -0.000157,
  1873.150,    -2.634808,    -0.714738,     0.007718,
  1873.200,    -2.489331,    -0.603236,     0.002939,
  1873.250,    -2.538402,    -0.291754,     0.002536,
  1873.300,    -2.708362,     0.056616,     0.001725,
  1873.350,    -2.920660,     0.294169,     0.002060,
  1873.400,    -3.081169,     0.340242,     0.005715,
  1873.450,    -3.108865,     0.191324,     0.003525,
  1873.500,    -2.974729,    -0.032587,    -0.002313,
  1873.550,    -2.690716,    -0.223089,    -0.006320,
  1873.600,    -2.306005,    -0.305274,    -0.003595,
  1873.650,    -1.891690,    -0.265759,    -0.000299,
  1873.700,    -1.510246,    -0.104951,     0.003217,
  1873.750,    -1.214368,     0.157127,    -0.002668,
  1873.800,    -0.999617,     0.493156,    -0.003465,
  1873.850,    -0.866238,     0.845682,    -0.003958,
  1873.900,    -0.763830,     1.115692,    -0.002957,
  1873.950,    -0.677463,     1.068292,    -0.002361,
  1874.000,    -0.588052,     0.478899,     0.000539,
  1874.050,    -0.475520,    -0.551070,     0.005876,
  1874.100,    -0.383243,    -1.671045,    -0.002172,
  1874.150,    -0.320661,    -2.451665,     0.001563,
  1874.200,    -0.297694,    -2.621173,     0.000664,
  1874.250,    -0.330974,    -2.247439,    -0.002105,
  1874.300,    -0.386621,    -1.629219,    -0.004152,
  1874.350,    -0.424863,    -1.096789,     0.007346,
  1874.400,    -0.427212,    -0.794315,     0.007465,
  1874.450,    -0.360770,    -0.625266,     0.001990,
  1874.500,    -0.243208,    -0.422759,     0.003963,
  1874.550,    -0.097260,    -0.101536,     0.003187,
  1874.600,     0.040201,     0.339456,     0.003771,
  1874.650,     0.084119,     0.801835,     0.004790,
  1874.700,    -0.038691,     1.224709,     0.000627,
  1874.750,    -0.332132,     1.606283,    -0.002947,
  1874.800,    -0.791326,     2.022909,    -0.008321,
  1874.850,    -1.318562,     2.510025,     0.004210,
  1874.900,    -1.803894,     3.061195,     0.004540,
  1874.950,    -2.167834,     3.673120,    -0.003943,
  1875.000,    -2.307513,     4.299899,    -0.002842,
  1875.050,    -2.220234,     4.822936,     0.000905,
  1875.100,    -1.977193,     5.089161,    -0.001953,
  1875.150,    -1.623705,     4.977546,    -0.000521,
  1875.200,    -1.231995,     4.395147,    -0.004505,
  1875.250,    -0.827048,     3.395865,    -0.004976,
  1875.300,    -0.432527,     2.090876,     0.003290,
  1875.350,    -0.033855,     0.653233,     0.000814,
  1875.400,     0.378202,    -0.642634,    -0.006582,
  1875.450,     0.796955,    -1.595023,    -0.006429,
  1875.500,     1.229547,    -2.080519,    -0.002033,
  1875.550,     1.703461,    -2.068881,     0.003421,
  1875.600,     2.192793,    -1.724617,    -0.001322,
  1875.650,     2.678140,    -1.290126,    -0.004365,
  1875.700,     3.172201,    -0.974756,    -0.005137,
  1875.750,     3.602282,    -0.887827,    -0.001059,
  1875.800,     3.931517,    -0.995348,     0.000804,
  1875.850,     4.093245,    -1.194219,     0.001341,
  1875.900,     4.001014,    -1.358628,     0.006411,
  1875.950,     3.615366,    -1.366352,     0.000460,
  1876.000,     2.957177,    -1.230074,     0.001849,
  1876.050,     2.060287,    -0.952811,     0.008425,
  1876.100,     1.031444,    -0.567382,     0.000080,
  1876.150,    -0.008554,    -0.068184,    -0.004617,
  1876.200,    -0.920067,     0.582888,     0.000281,
  1876.250,    -1.617549,     1.332035,     0.000466,
  1876.300,    -2.030033,     2.158706,    -0.006185,
  1876.350,    -2.187785,     3.046099,     0.000491,
  1876.400,    -2.145259,     3.978004,     0.003394,
  1876.450,    -1.996560,     4.835205,     0.004665,
  1876.500,    -1.816459,     5.444316,     0.009179,
  1876.550,    -1.684686,     5.744312,     0.010694,
  1876.600,    -1.605710,     5.803499,     0.005793,
  1876.650,    -1.557670,     5.804049,     0.005328,
  1876.700,    -1.503595,     5.861529,     0.006593,
  1876.750,    -1.391566,     5.914589,    -0.003131,
  1876.800,    -1.186347,     5.778364,    -0.009485,
  1876.850,    -0.856892,     5.395750,    -0.004258,
  1876.900,    -0.398197,     4.770874,    -0.004048,
  1876.950,     0.179839,     4.013283,    -0.005431,
  1877.000,     0.871055,     3.106331,     0.006432,
  1877.050,     1.627159,     1.985084,     0.005918,
  1877.100,     2.437562,     0.683368,     0.000622,
  1877.150,     3.221822,    -0.615505,    -0.004446,
  1877.200,     3.947510,    -1.608197,     0.002339,
  1877.250,     4.561356,    -2.028550,     0.001537,
  1877.300,     5.021797,    -1.858490,     0.008116,
  1877.350,     5.339641,    -1.236395,     0.012780,
  1877.400,     5.502816,    -0.377435,     0.000725,
  1877.450,     5.519404,     0.593429,    -0.005247,
  1877.500,     5.411706,     1.543309,    -0.000501,
  1877.550,     5.174327,     2.334761,    -0.003811,
  1877.600,     4.791940,     2.898993,    -0.000553,
  1877.650,     4.242717,     3.249843,    -0.004098,
  1877.700,     3.555930,     3.455201,    -0.005636,
  1877.750,     2.706142,     3.600467,    -0.001266,
  1877.800,     1.748720,     3.672310,     0.003866,
  1877.850,     0.743522,     3.564437,    -0.003937,
  1877.900,    -0.221470,     3.136612,    -0.003458,
  1877.950,    -1.000067,     2.329052,    -0.003769,
  1878.000,    -1.514356,     1.249473,    -0.006393,
  1878.050,    -1.708686,     0.079522,     0.001071,
  1878.100,    -1.567407,    -0.944726,     0.000689,
  1878.150,    -1.103206,    -1.703287,    -0.001011,
  1878.200,    -0.433108,    -2.132521,    -0.000157,
  1878.250,     0.353734,    -2.162709,     0.002090,
  1878.300,     1.142618,    -1.768882,    -0.000243,
  1878.350,     1.827789,    -0.994874,     0.001662,
  1878.400,     2.393617,     0.053116,    -0.004162,
  1878.450,     2.769634,     1.194987,    -0.004118,
  1878.500,     2.970563,     2.289037,    -0.002860,
  1878.550,     2.974426,     3.297346,     0.000682,
  1878.600,     2.772419,     4.217589,    -0.002219,
  1878.650,     2.380875,     5.028663,    -0.007071,
  1878.700,     1.777472,     5.572653,    -0.005939,
  1878.750,     1.024936,     5.615037,     0.000242,
  1878.800,     0.185156,     5.027114,    -0.000173,
  1878.850,    -0.647461,     3.846160,    -0.003994,
  1878.900,    -1.341417,     2.353801,    -0.006973,
  1878.950,    -1.829181,     0.903434,    -0.001675,
  1879.000,    -2.029642,    -0.216297,     0.004218,
  1879.050,    -1.903395,    -0.797806,     0.004845,
  1879.100,    -1.454700,    -0.808040,    -0.000182,
  1879.150,    -0.736279,    -0.370713,    -0.007977,
  1879.200,     0.178574,     0.352187,    -0.005507,
  1879.250,     1.200618,     1.177396,     0.002668,
  1879.300,     2.204895,     1.916706,    -0.001503,
  1879.350,     3.115823,     2.393823,     0.004373,
  1879.400,     3.823778,     2.556879,     0.005046,
  1879.450,     4.262542,     2.455217,     0.004444,
  1879.500,     4.335775,     2.268115,     0.003117,
  1879.550,     4.042816,     2.129287,    -0.003352,
  1879.600,     3.418786,     2.080313,    -0.005293,
  1879.650,     2.537196,     2.075990,     0.002258,
  1879.700,     1.541245,     2.009677,     0.001805,
  1879.750,     0.600782,     1.787902,    -0.001774,
  1879.800,    -0.142049,     1.369243,     0.000269,
  1879.850,    -0.564371,     0.758756,    -0.000372,
  1879.900,    -0.634551,     0.125556,     0.008474,
  1879.950,    -0.398262,    -0.304594,    -0.001105,
  1880.000,     0.054233,    -0.348941,     0.001481,
  1880.050,     0.589250,     0.008719,     0.006900,
  1880.100,     1.096984,     0.638076,    -0.002923,
  1880.150,     1.497141,     1.351306,    -0.004000,
  1880.200,     1.749464,     2.045696,    -0.005122,
  1880.250,     1.841978,     2.705530,    -0.001255,
  1880.300,     1.817763,     3.306424,     0.007805,
  1880.350,     1.726416,     3.797015,     0.013391,
  1880.400,     1.579351,     4.125067,     0.002951,
  1880.450,     1.362184,     4.257781,     0.003583,
  1880.500,     1.099952,     4.169816,     0.002705,
  1880.550,     0.791328,     3.907563,     0.002747,
  1880.600,     0.460229,     3.475477,    -0.000123,
  1880.650,     0.120370,     2.823450,    -0.000664,
  1880.700,    -0.133177,     1.914688,     0.000525,
  1880.750,    -0.230536,     0.742542,    -0.004225,
  1880.800,    -0.148560,    -0.552832,     0.003009,
  1880.850,     0.150611,    -1.793828,     0.008326,
  1880.900,     0.620608,    -2.863663,     0.006151,
  1880.950,     1.194486,    -3.748591,     0.001604,
  1881.000,     1.820840,    -4.431047,     0.008056,
  1881.050,     2.408155,    -4.873059,     0.002548,
  1881.100,     2.923382,    -4.997144,     0.004705,
  1881.150,     3.296300,    -4.706431,     0.005422,
  1881.200,     3.490532,    -3.992764,     0.005960,
  1881.250,     3.524575,    -2.966962,     0.003906,
  1881.300,     3.331015,    -1.748810,     0.001129,
  1881.350,     2.926331,    -0.506499,     0.005914,
  1881.400,     2.320780,     0.577780,    -0.000018,
  1881.450,     1.517731,     1.299376,    -0.004507,
  1881.500,     0.568210,     1.595878,     0.004468,
  1881.550,    -0.489500,     1.452040,     0.010880,
  1881.600,    -1.563732,     1.034423,     0.006544,
  1881.650,    -2.604678,     0.504698,    -0.001914,
  1881.700,    -3.523110,    -0.021305,     0.001844,
  1881.750,    -4.222686,    -0.485794,     0.008067,
  1881.800,    -4.684941,    -0.800880,     0.000736,
  1881.850,    -4.855047,    -0.897075,     0.008176,
  1881.900,    -4.700036,    -0.748130,     0.007320,
  1881.950,    -4.249161,    -0.486312,     0.000494,
  1882.000,    -3.529782,    -0.338090,    -0.003356,
  1882.050,    -2.631968,    -0.480297,     0.003339,
  1882.100,    -1.661242,    -0.934658,     0.000171,
  1882.150,    -0.742200,    -1.590312,    -0.005092,
  1882.200,     0.023593,    -2.338193,    -0.003653,
  1882.250,     0.550041,    -3.115491,    -0.005532,
  1882.300,     0.783809,    -3.942482,     0.000531,
  1882.350,     0.750879,    -4.741354,     0.003023,
  1882.400,     0.517220,    -5.416609,     0.000111,
  1882.450,     0.147265,    -5.958792,     0.000910,
  1882.500,    -0.256847,    -6.368531,    -0.004143,
  1882.550,    -0.601767,    -6.618438,     0.001020,
  1882.600,    -0.851540,    -6.675250,     0.003400,
  1882.650,    -0.995953,    -6.385317,     0.006750,
  1882.700,    -1.072934,    -5.664174,     0.003000,
  1882.750,    -1.156726,    -4.550073,    -0.000267,
  1882.800,    -1.295323,    -3.170423,     0.006614,
  1882.850,    -1.544691,    -1.699916,    -0.001939,
  1882.900,    -1.958549,    -0.369244,     0.008124,
  1882.950,    -2.514749,     0.669087,     0.007091,
  1883.000,    -3.184916,     1.307268,     0.007358,
  1883.050,    -3.919667,     1.573715,     0.007094,
  1883.100,    -4.655510,     1.585411,    -0.007374,
  1883.150,    -5.336478,     1.487420,    -0.003403,
  1883.200,    -5.914662,     1.340153,     0.004334,
  1883.250,    -6.335739,     1.209713,    -0.000744,
  1883.300,    -6.577821,     1.090415,     0.007106,
  1883.350,    -6.572024,     1.016452,     0.006499,
  1883.400,    -6.296560,     0.997264,     0.004021,
  1883.450,    -5.735509,     1.125667,     0.004671,
  1883.500,    -4.921879,     1.461392,     0.002644,
  1883.550,    -3.918858,     1.961774,    -0.000649,
  1883.600,    -2.775259,     2.542623,    -0.004030,
  1883.650,    -1.646402,     3.075196,     0.006154,
  1883.700,    -0.617784,     3.548906,     0.004099,
  1883.750,     0.226462,     4.030620,     0.002387,
  1883.800,     0.817883,     4.568340,     0.001467,
  1883.850,     1.148100,     5.108928,     0.003597,
  1883.900,     1.276145,     5.625824,     0.001124,
  1883.950,     1.257304,     6.120206,     0.004000,
  1884.000,     1.148461,     6.677181,    -0.002108,
  1884.050,     1.029127,     7.339068,    -0.001608,
  1884.100,     0.954640,     8.047185,    -0.002677,
  1884.150,     0.941406,     8.603466,     0.002562,
  1884.200,     1.045935,     8.819920,    -0.000162,
  1884.250,     1.260619,     8.619740,     0.002694,
  1884.300,     1.589562,     8.085327,     0.003677,
  1884.350,     2.017795,     7.404352,     0.004199,
  1884.400,     2.506362,     6.699853,     0.003828,
  1884.450,     3.036844,     6.028924,     0.004370,
  1884.500,     3.585026,     5.424892,    -0.000868,
  1884.550,     4.127835,     4.875441,     0.005136,
  1884.600,     4.671869,     4.495167,     0.001965,
  1884.650,     5.222528,     4.312732,    -0.006934,
  1884.700,     5.766866,     4.293299,    -0.001363,
  1884.750,     6.316060,     4.358210,     0.000223,
  1884.800,     6.846702,     4.423360,    -0.005770,
  1884.850,     7.316096,     4.437794,    -0.002283,
  1884.900,     7.673323,     4.441965,     0.001703,
  1884.950,     7.881816,     4.445232,    -0.001482,
  1885.000,     7.883030,     4.451015,    -0.000774,
  1885.050,     7.654287,     4.363740,    -0.000018,
  1885.100,     7.246749,     4.023412,     0.003506,
  1885.150,     6.710448,     3.343462,     0.001758,
  1885.200,     6.085119,     2.382163,    -0.006958,
  1885.250,     5.465433,     1.390626,     0.001202,
  1885.300,     4.922229,     0.618402,     0.007757,
  1885.350,     4.488242,     0.307289,    -0.001997,
  1885.400,     4.160628,     0.562600,    -0.007356,
  1885.450,     3.956545,     1.323009,     0.001509,
  1885.500,     3.864089,     2.472698,    -0.000139,
  1885.550,     3.849390,     3.856747,    -0.000014,
  1885.600,     3.859751,     5.290668,     0.002398,
  1885.650,     3.879609,     6.612294,    -0.000945,
  1885.700,     3.870330,     7.675352,     0.000154,
  1885.750,     3.767963,     8.313852,    -0.002841,
  1885.800,     3.586845,     8.474206,    -0.000722,
  1885.850,     3.251615,     8.216183,    -0.000626,
  1885.900,     2.788374,     7.619955,    -0.006411,
  1885.950,     2.224870,     6.809407,     0.000044,
  1886.000,     1.648452,     5.811416,     0.001345,
  1886.050,     1.159279,     4.618738,    -0.001662,
  1886.100,     0.861228,     3.267123,    -0.001306,
  1886.150,     0.873205,     1.916437,     0.007285,
  1886.200,     1.243639,     0.753867,     0.010417,
  1886.250,     1.948425,    -0.102551,     0.002041,
  1886.300,     2.928643,    -0.560751,     0.005319,
  1886.350,     4.059229,    -0.616185,     0.004561,
  1886.400,     5.191273,    -0.283758,     0.000259,
  1886.450,     6.187347,     0.384656,     0.001221,
  1886.500,     6.945582,     1.320001,    -0.007365,
  1886.550,     7.378277,     2.361742,    -0.002856,
  1886.600,     7.433977,     3.343666,     0.001761,
  1886.650,     7.121817,     4.101292,    -0.002906,
  1886.700,     6.505856,     4.550775,     0.003930,
  1886.750,     5.622416,     4.728443,     0.004817,
  1886.800,     4.542823,     4.715476,     0.001834,
  1886.850,     3.390572,     4.631779,    -0.003885,
  1886.900,     2.238202,     4.518489,    -0.004581,
  1886.950,     1.176109,     4.399220,     0.003830,
  1887.000,     0.301619,     4.203942,     0.008471,
  1887.050,    -0.284025,     3.913572,     0.001995,
  1887.100,    -0.536863,     3.608977,     0.003746,
  1887.150,    -0.465168,     3.381138,     0.003807,
  1887.200,    -0.084944,     3.328850,    -0.005250,
  1887.250,     0.550746,     3.413195,     0.005754,
  1887.300,     1.325034,     3.558596,     0.000466,
  1887.350,     2.135599,     3.666637,    -0.003851,
  1887.400,     2.891794,     3.672071,    -0.000361,
  1887.450,     3.500668,     3.552594,     0.002339,
  1887.500,     3.944177,     3.333158,    -0.002315,
  1887.550,     4.196196,     3.088882,    -0.002167,
  1887.600,     4.268915,     2.948695,    -0.002045,
  1887.650,     4.219610,     2.947002,    -0.006782,
  1887.700,     4.073546,     3.041167,     0.001785,
  1887.750,     3.863611,     3.084162,     0.004449,
  1887.800,     3.647013,     2.877890,    -0.000649,
  1887.850,     3.434848,     2.332573,    -0.002188,
  1887.900,     3.260555,     1.455163,    -0.000707,
  1887.950,     3.134109,     0.335731,    -0.002069,
  1888.000,     3.063336,    -0.833159,     0.001938,
  1888.050,     3.049201,    -1.832950,    -0.001351,
  1888.100,     3.060828,    -2.499224,    -0.000746,
  1888.150,     3.055944,    -2.741254,    -0.003641,
  1888.200,     3.026964,    -2.592264,     0.009208,
  1888.250,     2.955562,    -2.210217,     0.007356,
  1888.300,     2.862883,    -1.718071,    -0.005244,
  1888.350,     2.758324,    -1.239721,     0.003941,
  1888.400,     2.651178,    -0.827844,     0.000069,
  1888.450,     2.512566,    -0.469806,    -0.001510,
  1888.500,     2.316052,    -0.198963,    -0.000811,
  1888.550,     2.020152,    -0.073736,    -0.003893,
  1888.600,     1.561894,    -0.040943,     0.000443,
  1888.650,     0.949119,    -0.091688,    -0.000840,
  1888.700,     0.187320,    -0.232404,     0.004143,
  1888.750,    -0.645873,    -0.487929,     0.004573,
  1888.800,    -1.438948,    -0.899328,    -0.001626,
  1888.850,    -2.097112,    -1.463407,     0.005118,
  1888.900,    -2.548100,    -2.118800,     0.007055,
  1888.950,    -2.737970,    -2.728690,    -0.000141,
  1889.000,    -2.691467,    -3.101570,    -0.002553,
  1889.050,    -2.449467,    -3.164213,    -0.004784,
  1889.100,    -2.077639,    -2.947750,     0.005188,
  1889.150,    -1.666009,    -2.553866,     0.003752,
  1889.200,    -1.278154,    -2.109183,    -0.001588,
  1889.250,    -0.960760,    -1.751086,    -0.001805,
  1889.300,    -0.723135,    -1.544640,    -0.006593,
  1889.350,    -0.619758,    -1.461648,     0.003793,
  1889.400,    -0.634964,    -1.425368,     0.001107,
  1889.450,    -0.774310,    -1.365411,     0.000166,
  1889.500,    -1.025529,    -1.234541,     0.001335,
  1889.550,    -1.376180,    -1.060464,    -0.000339,
  1889.600,    -1.801830,    -0.904248,     0.002062,
  1889.650,    -2.256028,    -0.859782,    -0.000571,
  1889.700,    -2.666413,    -1.032100,     0.002089,
  1889.750,    -2.998200,    -1.461104,     0.003054,
  1889.800,    -3.191723,    -2.123184,     0.004553,
  1889.850,    -3.228172,    -2.905131,     0.002658,
  1889.900,    -3.102916,    -3.674073,    -0.003064,
  1889.950,    -2.879359,    -4.400862,    -0.006138,
  1890.000,    -2.596865,    -5.120298,     0.000016,
  1890.050,    -2.321723,    -5.845761,     0.002571,
  1890.100,    -2.071035,    -6.547166,     0.001640,
  1890.150,    -1.870732,    -7.105877,     0.001715,
  1890.200,    -1.723310,    -7.408739,     0.001756,
  1890.250,    -1.596065,    -7.391229,     0.002656,
  1890.300,    -1.525066,    -7.090848,     0.003847,
  1890.350,    -1.504601,    -6.609281,     0.005286,
  1890.400,    -1.573002,    -6.026622,     0.005789,
  1890.450,    -1.746292,    -5.430823,     0.007064,
  1890.500,    -2.055782,    -4.851749,    -0.000756,
  1890.550,    -2.511787,    -4.283451,     0.006543,
  1890.600,    -3.094029,    -3.716948,    -0.001041,
  1890.650,    -3.766475,    -3.122456,    -0.003702,
  1890.700,    -4.494494,    -2.503231,     0.004337,
  1890.750,    -5.226683,    -1.942536,     0.010020,
  1890.800,    -5.911301,    -1.610991,     0.003996,
  1890.850,    -6.529402,    -1.592081,    -0.006468,
  1890.900,    -7.006216,    -1.868067,     0.003339,
  1890.950,    -7.302932,    -2.290633,     0.005197,
  1891.000,    -7.418808,    -2.674746,     0.004002,
  1891.050,    -7.322491,    -2.936291,     0.008410,
  1891.100,    -7.038323,    -3.045138,     0.008943,
  1891.150,    -6.608030,    -2.983723,    -0.003626,
  1891.200,    -6.064194,    -2.700371,     0.004576,
  1891.250,    -5.456020,    -2.195903,     0.005528,
  1891.300,    -4.818187,    -1.561728,    -0.005733,
  1891.350,    -4.203383,    -0.968851,     0.003807,
  1891.400,    -3.622025,    -0.608681,     0.001370,
  1891.450,    -3.117484,    -0.639325,    -0.002896,
  1891.500,    -2.684411,    -1.125459,     0.003462,
  1891.550,    -2.387047,    -1.974576,     0.004340,
  1891.600,    -2.241465,    -3.064803,    -0.000883,
  1891.650,    -2.245760,    -4.268284,    -0.001412,
  1891.700,    -2.367904,    -5.444778,     0.002100,
  1891.750,    -2.560003,    -6.357161,     0.004628,
  1891.800,    -2.753006,    -6.845174,    -0.001570,
  1891.850,    -2.892384,    -6.873917,    -0.004502,
  1891.900,    -2.911955,    -6.538782,     0.003816,
  1891.950,    -2.781693,    -6.042538,    -0.000719,
  1892.000,    -2.535020,    -5.508866,     0.004866,
  1892.050,    -2.223803,    -4.993766,     0.001053,
  1892.100,    -1.898098,    -4.546077,     0.003287,
  1892.150,    -1.683165,    -4.191085,     0.003671,
  1892.200,    -1.675392,    -3.907836,     0.003047,
  1892.250,    -1.915046,    -3.650738,     0.000560,
  1892.300,    -2.410596,    -3.420598,     0.001448,
  1892.350,    -3.147196,    -3.128300,     0.003364,
  1892.400,    -4.036000,    -2.736927,     0.006765,
  1892.450,    -4.938440,    -2.303936,     0.000290,
  1892.500,    -5.748744,    -1.896592,     0.000806,
  1892.550,    -6.365850,    -1.606160,    -0.002643,
  1892.600,    -6.722912,    -1.492680,    -0.006281,
  1892.650,    -6.790070,    -1.508293,    -0.002587,
  1892.700,    -6.612830,    -1.613153,    -0.003462,
  1892.750,    -6.269577,    -1.773141,     0.004301,
  1892.800,    -5.805078,    -1.964202,    -0.001820,
  1892.850,    -5.318746,    -2.159739,    -0.004022,
  1892.900,    -4.853314,    -2.276511,     0.004078,
  1892.950,    -4.430793,    -2.175681,     0.000299,
  1893.000,    -4.070842,    -1.775979,     0.004367,
  1893.050,    -3.741848,    -1.125730,    -0.000942,
  1893.100,    -3.424133,    -0.347505,    -0.000980,
  1893.150,    -3.116332,     0.396030,     0.006045,
  1893.200,    -2.808289,     0.880322,     0.008672,
  1893.250,    -2.529746,     1.019084,     0.001598,
  1893.300,    -2.290922,     0.869483,     0.005420,
  1893.350,    -2.121450,     0.514496,     0.007553,
  1893.400,    -2.033004,     0.094660,     0.007206,
  1893.450,    -2.034072,    -0.291934,     0.002211,
  1893.500,    -2.091698,    -0.589240,    -0.000662,
  1893.550,    -2.197998,    -0.747774,     0.002151,
  1893.600,    -2.294528,    -0.714829,    -0.003398,
  1893.650,    -2.297581,    -0.463540,     0.002242,
  1893.700,    -2.202628,     0.001784,     0.005797,
  1893.750,    -1.963913,     0.582053,     0.004270,
  1893.800,    -1.591637,     1.125429,     0.000744,
  1893.850,    -1.135385,     1.531804,     0.000560,
  1893.900,    -0.651578,     1.873850,    -0.002401,
  1893.950,    -0.224644,     2.217812,    -0.004738,
  1894.000,     0.068584,     2.622928,    -0.013374,
  1894.050,     0.193808,     3.117578,    -0.007298,
  1894.100,     0.131090,     3.604447,    -0.001065,
  1894.150,    -0.057730,     3.938547,     0.001197,
  1894.200,    -0.304499,     4.001283,     0.000637,
  1894.250,    -0.546306,     3.749505,    -0.000030,
  1894.300,    -0.728671,     3.269022,     0.012193,
  1894.350,    -0.778733,     2.654125,    -0.000167,
  1894.400,    -0.674827,     1.978194,    -0.004942,
  1894.450,    -0.452026,     1.334625,    -0.003976,
  1894.500,    -0.080004,     0.821137,    -0.003596,
  1894.550,     0.369153,     0.481727,     0.003521,
  1894.600,     0.840250,     0.455292,    -0.000083,
  1894.650,     1.311468,     0.796264,    -0.002050,
  1894.700,     1.752201,     1.457245,     0.010444,
  1894.750,     2.176258,     2.341615,     0.007285,
  1894.800,     2.552054,     3.320383,    -0.000966,
  1894.850,     2.858854,     4.247948,     0.001023,
  1894.900,     3.081222,     4.991209,    -0.001388,
  1894.950,     3.152657,     5.421359,    -0.004119,
  1895.000,     3.052435,     5.348507,    -0.000407,
  1895.050,     2.796565,     4.690198,     0.004936,
  1895.100,     2.399218,     3.538415,     0.003531,
  1895.150,     1.902975,     2.089209,     0.001333,
  1895.200,     1.386956,     0.659505,     0.010111,
  1895.250,     0.948389,    -0.467865,     0.004084,
  1895.300,     0.645674,    -1.139816,     0.001905,
  1895.350,     0.553353,    -1.309558,     0.001110,
  1895.400,     0.703894,    -1.060090,    -0.008867,
  1895.450,     1.078405,    -0.413776,    -0.000568,
  1895.500,     1.648632,     0.582545,     0.002518,
  1895.550,     2.349796,     1.896069,     0.002498,
  1895.600,     3.061571,     3.421884,     0.009129,
  1895.650,     3.669498,     5.014206,     0.002093,
  1895.700,     4.038422,     6.453393,    -0.006930,
  1895.750,     4.085522,     7.561099,    -0.002210,
  1895.800,     3.779835,     8.259059,     0.004759,
  1895.850,     3.143019,     8.610993,    -0.009367,
  1895.900,     2.247832,     8.700161,    -0.001902,
  1895.950,     1.237127,     8.594475,     0.004327,
  1896.000,     0.269737,     8.295957,     0.004222,
  1896.050,    -0.496533,     7.738826,     0.004956,
  1896.100,    -0.939762,     6.906100,     0.004148,
  1896.150,    -0.996633,     5.799455,     0.001531,
  1896.200,    -0.628970,     4.528793,    -0.000236,
  1896.250,     0.104177,     3.160641,    -0.005136,
  1896.300,     1.156706,     1.810937,     0.000218,
  1896.350,     2.408202,     0.586802,     0.014375,
  1896.400,     3.734194,    -0.361703,     0.002433,
  1896.450,     5.029066,    -0.953899,    -0.002567,
  1896.500,     6.169534,    -1.245665,     0.001062,
  1896.550,     7.080537,    -1.329556,     0.001987,
  1896.600,     7.704777,    -1.302462,     0.004379,
  1896.650,     8.019264,    -1.238372,    -0.004607,
  1896.700,     8.033555,    -1.140525,    -0.005085,
  1896.750,     7.771279,    -1.079547,     0.003392,
  1896.800,     7.241430,    -1.177285,     0.002713,
  1896.850,     6.483032,    -1.478472,    -0.006748,
  1896.900,     5.526743,    -1.928107,     0.001619,
  1896.950,     4.426217,    -2.388061,     0.006210,
  1897.000,     3.233797,    -2.683170,    -0.000381,
  1897.050,     2.050105,    -2.742363,    -0.000197,
  1897.100,     0.925894,    -2.567502,    -0.002149,
  1897.150,    -0.063011,    -2.239291,     0.000522,
  1897.200,    -0.830693,    -1.783846,     0.006793,
  1897.250,    -1.375232,    -1.206535,    -0.000723,
  1897.300,    -1.700958,    -0.467342,    -0.003005,
  1897.350,    -1.857634,     0.437347,     0.000750,
  1897.400,    -1.896992,     1.386721,     0.000171,
  1897.450,    -1.878772,     2.293012,     0.000154,
  1897.500,    -1.871486,     3.102352,     0.003346,
  1897.550,    -1.933872,     3.759497,    -0.002745,
  1897.600,    -2.062601,     4.251332,    -0.001097,
  1897.650,    -2.243922,     4.664259,     0.005334,
  1897.700,    -2.465754,     4.991548,     0.001747,
  1897.750,    -2.653996,     5.233573,     0.001443,
  1897.800,    -2.760119,     5.400375,     0.000722,
  1897.850,    -2.722579,     5.441897,     0.007128,
  1897.900,    -2.526007,     5.364185,     0.002451,
  1897.950,    -2.155085,     5.213617,     0.001308,
  1898.000,    -1.626779,     5.082889,    -0.000488,
  1898.050,    -0.954064,     5.003548,     0.001831,
  1898.100,    -0.177245,     4.953200,     0.000455,
  1898.150,     0.660841,     4.918236,     0.001309,
  1898.200,     1.496242,     4.850849,    -0.003432,
  1898.250,     2.298925,     4.794180,    -0.002199,
  1898.300,     3.006797,     4.817927,    -0.002345,
  1898.350,     3.619691,     4.936973,     0.003339,
  1898.400,     4.136408,     5.088287,     0.009876,
  1898.450,     4.513228,     5.138365,    -0.004118,
  1898.500,     4.785309,     4.984582,     0.000797,
  1898.550,     4.956046,     4.569796,     0.001516,
  1898.600,     5.031772,     3.932848,     0.003443,
  1898.650,     5.022201,     3.251272,     0.003459,
  1898.700,     4.966121,     2.598514,    -0.007831,
  1898.750,     4.880317,     2.036714,    -0.009314,
  1898.800,     4.778436,     1.595271,    -0.004365,
  1898.850,     4.679007,     1.326165,    -0.008420,
  1898.900,     4.596746,     1.286449,    -0.005395,
  1898.950,     4.541889,     1.528228,     0.002141,
  1899.000,     4.524958,     2.002107,     0.001954,
  1899.050,     4.517356,     2.534067,     0.005483,
  1899.100,     4.519333,     2.924017,     0.007662,
  1899.150,     4.498121,     3.024191,    -0.000477,
  1899.200,     4.431476,     2.862850,    -0.004265,
  1899.250,     4.270180,     2.596123,     0.004295,
  1899.300,     3.997764,     2.407525,    -0.000127,
  1899.350,     3.601033,     2.347746,    -0.000914,
  1899.400,     3.101768,     2.365964,     0.001147,
  1899.450,     2.567691,     2.360364,     0.004312,
  1899.500,     2.050050,     2.305787,     0.000671,
  1899.550,     1.605171,     2.286724,    -0.003438,
  1899.600,     1.299438,     2.366965,    -0.006517,
  1899.650,     1.159130,     2.553325,     0.003680,
  1899.700,     1.198949,     2.744170,    -0.001453,
  1899.750,     1.372110,     2.829235,     0.001633,
  1899.800,     1.622024,     2.765525,     0.008840,
  1899.850,     1.868630,     2.581742,    -0.003493,
  1899.900,     2.085443,     2.405096,    -0.004618,
  1899.950,     2.187364,     2.365740,    -0.004891,
  1900.000,     2.201253,     2.511483,     0.000995,
  1900.050,     2.155318,     2.782778,    -0.000650,
  1900.100,     2.062366,     3.056911,     0.002607,
  1900.150,     1.974690,     3.275985,     0.002522,
  1900.200,     1.911205,     3.379351,     0.001472,
  1900.250,     1.882947,     3.369463,    -0.005325,
  1900.300,     1.903418,     3.278849,    -0.000653,
  1900.350,     1.966639,     3.116549,     0.001786,
  1900.400,     2.035320,     2.915833,     0.007803,
  1900.450,     2.109361,     2.639385,     0.005763,
  1900.500,     2.186278,     2.262506,     0.002568,
  1900.550,     2.226664,     1.809665,     0.002556,
  1900.600,     2.248687,     1.327910,     0.001820,
  1900.650,     2.260974,     0.877278,     0.006869,
  1900.700,     2.272606,     0.466599,    -0.003581,
  1900.750,     2.337945,     0.057182,    -0.001935,
  1900.800,     2.437868,    -0.386042,     0.003276,
  1900.850,     2.574198,    -0.870606,     0.001612,
  1900.900,     2.734448,    -1.294375,    -0.001546,
  1900.950,     2.862737,    -1.502962,    -0.003587,
  1901.000,     2.932005,    -1.450152,    -0.003131,
  1901.050,     2.921401,    -1.200179,     0.003407,
  1901.100,     2.838046,    -0.849856,     0.003535,
  1901.150,     2.661036,    -0.461628,     0.003500,
  1901.200,     2.408356,    -0.053144,    -0.000224,
  1901.250,     2.085561,     0.371475,     0.001697,
  1901.300,     1.700262,     0.740217,     0.003661,
  1901.350,     1.274093,     1.006629,     0.002789,
  1901.400,     0.842023,     1.145197,    -0.004013,
  1901.450,     0.388557,     1.227147,    -0.002428,
  1901.500,    -0.080925,     1.350456,    -0.000169,
  1901.550,    -0.496289,     1.541252,    -0.002681,
  1901.600,    -0.881789,     1.756089,     0.000609,
  1901.650,    -1.192602,     1.987439,     0.009412,
  1901.700,    -1.393544,     2.215542,     0.008554,
  1901.750,    -1.476004,     2.455420,     0.005070,
  1901.800,    -1.427640,     2.693731,     0.003163,
  1901.850,    -1.232385,     2.906965,    -0.001312,
  1901.900,    -0.946092,     3.028943,     0.000315,
  1901.950,    -0.609350,     2.993160,    -0.004767,
  1902.000,    -0.246578,     2.829148,    -0.002222,
  1902.050,     0.093207,     2.594655,     0.000655,
  1902.100,     0.401773,     2.297578,     0.006857,
  1902.150,     0.655775,     1.899882,    -0.000153,
  1902.200,     0.855783,     1.386019,    -0.001491,
  1902.250,     1.033627,     0.796986,    -0.002887,
  1902.300,     1.178611,     0.191685,    -0.003251,
  1902.350,     1.326725,    -0.303228,    -0.003113,
  1902.400,     1.499339,    -0.621580,    -0.008856,
  1902.450,     1.684596,    -0.767891,    -0.000705,
  1902.500,     1.871410,    -0.805072,     0.004453,
  1902.550,     2.041713,    -0.786554,     0.003385,
  1902.600,     2.180080,    -0.674602,    -0.009323,
  1902.650,     2.261530,    -0.449459,    -0.003791,
  1902.700,     2.254543,    -0.113084,     0.006486,
  1902.750,     2.173591,     0.282902,     0.001397,
  1902.800,     1.988066,     0.623178,    -0.001316,
  1902.850,     1.692379,     0.835366,     0.005422,
  1902.900,     1.328868,     0.866345,    -0.000097,
  1902.950,     0.889173,     0.717588,     0.003245,
  1903.000,     0.408790,     0.432462,     0.003661,
  1903.050,    -0.087885,     0.086360,    -0.002798,
  1903.100,    -0.519269,    -0.220551,    -0.001978,
  1903.150,    -0.875051,    -0.467716,    -0.002319,
  1903.200,    -1.133065,    -0.641149,    -0.002696,
  1903.250,    -1.270298,    -0.768123,     0.003136,
  1903.300,    -1.285648,    -0.905841,    -0.001111,
  1903.350,    -1.188874,    -1.060558,    -0.002550,
  1903.400,    -0.993262,    -1.264798,     0.007052,
  1903.450,    -0.743010,    -1.498202,    -0.002999,
  1903.500,    -0.469154,    -1.714636,    -0.009716,
  1903.550,    -0.200347,    -1.857806,     0.002629,
  1903.600,     0.003211,    -1.878924,     0.000564,
  1903.650,     0.108770,    -1.753136,     0.000128,
  1903.700,     0.117979,    -1.508070,     0.005818,
  1903.750,     0.011456,    -1.188141,    -0.008678,
  1903.800,    -0.176219,    -0.863537,    -0.002848,
  1903.850,    -0.402467,    -0.599223,     0.002905,
  1903.900,    -0.652511,    -0.470051,     0.002927,
  1903.950,    -0.889796,    -0.425694,     0.000190,
  1904.000,    -1.123908,    -0.419111,     0.007991,
  1904.050,    -1.319751,    -0.383117,     0.001011,
  1904.100,    -1.509103,    -0.332943,    -0.004714,
  1904.150,    -1.682153,    -0.350844,     0.005470,
  1904.200,    -1.841017,    -0.509126,     0.004582,
  1904.250,    -1.976776,    -0.784663,     0.004157,
  1904.300,    -2.072447,    -1.130472,     0.002954,
  1904.350,    -2.105960,    -1.477675,     0.001117,
  1904.400,    -2.048276,    -1.801805,     0.009241,
  1904.450,    -1.924511,    -2.052375,     0.004179,
  1904.500,    -1.722789,    -2.191103,    -0.000984,
  1904.550,    -1.493200,    -2.157343,     0.002443,
  1904.600,    -1.265403,    -1.940408,     0.001534,
  1904.650,    -1.072238,    -1.595215,    -0.000954,
  1904.700,    -0.908000,    -1.274324,    -0.000765,
  1904.750,    -0.799973,    -1.107528,     0.002367,
  1904.800,    -0.763413,    -1.083141,     0.002287,
  1904.850,    -0.778368,    -1.163604,     0.001612,
  1904.900,    -0.859408,    -1.267212,     0.002935,
  1904.950,    -0.993649,    -1.332916,    -0.000725,
  1905.000,    -1.190459,    -1.396436,    -0.006465,
  1905.050,    -1.435084,    -1.517195,    -0.000224,
  1905.100,    -1.708653,    -1.721846,     0.009401,
  1905.150,    -1.955852,    -2.007692,     0.004373,
  1905.200,    -2.154144,    -2.235814,     0.001421,
  1905.250,    -2.290220,    -2.313192,     0.000671,
  1905.300,    -2.327351,    -2.142071,    -0.002494,
  1905.350,    -2.267022,    -1.706814,     0.001399,
  1905.400,    -2.129389,    -1.126997,     0.006988,
  1905.450,    -1.953152,    -0.578763,    -0.004911,
  1905.500,    -1.775905,    -0.191499,    -0.001124,
  1905.550,    -1.636874,     0.019137,     0.001689,
  1905.600,    -1.549330,     0.076277,     0.001750,
  1905.650,    -1.523795,     0.113242,    -0.000941,
  1905.700,    -1.576650,     0.137894,    -0.003689,
  1905.750,    -1.671427,     0.139142,     0.000616,
  1905.800,    -1.805734,     0.103552,     0.005897,
  1905.850,    -1.961246,    -0.007931,     0.000698,
  1905.900,    -2.094349,    -0.188563,    -0.001123,
  1905.950,    -2.193398,    -0.447867,    -0.002705,
  1906.000,    -2.196850,    -0.782267,     0.002120,
  1906.050,    -2.108186,    -1.203794,     0.000537,
  1906.100,    -1.913705,    -1.686295,    -0.003996,
  1906.150,    -1.609488,    -2.167925,     0.005286,
  1906.200,    -1.259619,    -2.580751,     0.003123,
  1906.250,    -0.908619,    -2.845862,     0.000953,
  1906.300,    -0.612047,    -2.952441,    -0.006053,
  1906.350,    -0.384207,    -2.960811,     0.002480,
  1906.400,    -0.247249,    -2.955700,    -0.000062,
  1906.450,    -0.199307,    -2.994033,    -0.007980,
  1906.500,    -0.218498,    -3.081333,     0.000049,
  1906.550,    -0.301513,    -3.168357,     0.005809,
  1906.600,    -0.435827,    -3.154529,     0.004735,
  1906.650,    -0.635817,    -3.003644,     0.000430,
  1906.700,    -0.902542,    -2.658639,     0.005337,
  1906.750,    -1.221686,    -2.156636,     0.001425,
  1906.800,    -1.592008,    -1.547810,     0.002916,
  1906.850,    -1.995831,    -0.882373,     0.005620,
  1906.900,    -2.394485,    -0.208611,    -0.000327,
  1906.950,    -2.764514,     0.383591,    -0.001908,
  1907.000,    -3.094992,     0.803139,    -0.002675,
  1907.050,    -3.335875,     0.943454,    -0.002985,
  1907.100,    -3.504616,     0.808818,     0.001281,
  1907.150,    -3.610205,     0.451561,     0.009353,
  1907.200,    -3.672749,    -0.063095,    -0.000390,
  1907.250,    -3.685100,    -0.623020,    -0.001388,
  1907.300,    -3.653982,    -1.172271,     0.000928,
  1907.350,    -3.560222,    -1.648449,    -0.001421,
  1907.400,    -3.381884,    -1.975932,     0.004960,
  1907.450,    -3.120467,    -2.114885,     0.000224,
  1907.500,    -2.722659,    -2.069395,    -0.001605,
  1907.550,    -2.250693,    -1.856259,    -0.001628,
  1907.600,    -1.726588,    -1.565222,     0.002576,
  1907.650,    -1.171484,    -1.300883,     0.003227,
  1907.700,    -0.676632,    -1.154589,    -0.002258,
  1907.750,    -0.290830,    -1.103819,    -0.002358,
  1907.800,    -0.073278,    -1.087026,    -0.003727,
  1907.850,    -0.023552,    -1.005718,    -0.006386,
  1907.900,    -0.153947,    -0.856549,    -0.000038,
  1907.950,    -0.450311,    -0.691872,     0.002092,
  1908.000,    -0.854228,    -0.598026,    -0.000837,
  1908.050,    -1.306319,    -0.583153,     0.000907,
  1908.100,    -1.729609,    -0.601930,    -0.000902,
  1908.150,    -2.071163,    -0.643798,    -0.001260,
  1908.200,    -2.303637,    -0.699570,     0.000843,
  1908.250,    -2.388377,    -0.777755,     0.004583,
  1908.300,    -2.347205,    -0.853164,     0.003898,
  1908.350,    -2.229073,    -0.895164,     0.000075,
  1908.400,    -2.036361,    -0.866296,     0.002100,
  1908.450,    -1.851323,    -0.730226,    -0.002285,
  1908.500,    -1.670254,    -0.511075,    -0.003823,
  1908.550,    -1.511590,    -0.237420,     0.007569,
  1908.600,    -1.380644,     0.034047,    -0.003447,
  1908.650,    -1.277098,     0.242788,    -0.003556,
  1908.700,    -1.182520,     0.308863,     0.001284,
  1908.750,    -1.100048,     0.220526,    -0.006156,
  1908.800,    -1.033330,     0.031449,     0.005099,
  1908.850,    -1.007537,    -0.194498,     0.008164,
  1908.900,    -1.012140,    -0.371119,    -0.007065,
  1908.950,    -1.023669,    -0.478260,    -0.005875,
  1909.000,    -1.037377,    -0.490584,     0.000409,
  1909.050,    -1.065741,    -0.429725,     0.003915,
  1909.100,    -1.065078,    -0.280220,    -0.003441,
  1909.150,    -1.017306,    -0.055575,    -0.005337,
  1909.200,    -0.920283,     0.117793,     0.001360,
  1909.250,    -0.767415,     0.201434,    -0.000498,
  1909.300,    -0.590427,     0.230629,    -0.003976,
  1909.350,    -0.409019,     0.353920,     0.000460,
  1909.400,    -0.248156,     0.686224,     0.001698,
  1909.450,    -0.141129,     1.211657,    -0.000479,
  1909.500,    -0.096374,     1.856018,    -0.000878,
  1909.550,    -0.121987,     2.477849,     0.002966,
  1909.600,    -0.199227,     2.940432,     0.002504,
  1909.650,    -0.305056,     3.223104,    -0.004598,
  1909.700,    -0.399078,     3.373932,    -0.004987,
  1909.750,    -0.456644,     3.442626,    -0.002011,
  1909.800,    -0.452162,     3.423861,    -0.008584,
  1909.850,    -0.396304,     3.309526,    -0.007983,
  1909.900,    -0.312805,     3.064865,    -0.000559,
  1909.950,    -0.176391,     2.703331,     0.003532,
  1910.000,    -0.009761,     2.280257,     0.003938,
  1910.050,     0.178486,     1.883834,     0.003099,
  1910.100,     0.417607,     1.567686,    -0.004164,
  1910.150,     0.715399,     1.355503,     0.008143,
  1910.200,     1.080500,     1.202003,     0.005522,
  1910.250,     1.478005,     1.015962,    -0.001386,
  1910.300,     1.902801,     0.783603,    -0.005331,
  1910.350,     2.305104,     0.485349,    -0.000992,
  1910.400,     2.644269,     0.170383,    -0.003040,
  1910.450,     2.888876,    -0.099171,    -0.000582,
  1910.500,     3.010141,    -0.365881,     0.003152,
  1910.550,     3.008840,    -0.671251,     0.003670,
  1910.600,     2.899312,    -1.059150,     0.001081,
  1910.650,     2.684844,    -1.540727,    -0.003507,
  1910.700,     2.396649,    -1.985183,    -0.005343,
  1910.750,     2.059168,    -2.314926,    -0.001367,
  1910.800,     1.693456,    -2.489139,     0.001528,
  1910.850,     1.339382,    -2.507476,     0.005882,
  1910.900,     1.022256,    -2.353899,     0.002017,
  1910.950,     0.714764,    -2.026155,     0.003318,
  1911.000,     0.441794,    -1.522809,     0.002002,
  1911.050,     0.186135,    -0.857220,     0.009229,
  1911.100,    -0.076222,    -0.107771,     0.001101,
  1911.150,    -0.357726,     0.648250,    -0.003723,
  1911.200,    -0.625494,     1.342145,     0.004048,
  1911.250,    -0.936326,     1.913410,     0.004728,
  1911.300,    -1.278965,     2.347489,     0.014234,
  1911.350,    -1.632712,     2.613934,     0.009277,
  1911.400,    -1.989138,     2.725965,     0.004388,
  1911.450,    -2.330032,     2.651133,     0.007085,
  1911.500,    -2.615410,     2.439525,     0.007779,
  1911.550,    -2.795087,     2.149402,    -0.001373,
  1911.600,    -2.870567,     1.830951,    -0.009035,
  1911.650,    -2.782564,     1.557500,    -0.006027,
  1911.700,    -2.530746,     1.429433,    -0.002348,
  1911.750,    -2.130449,     1.468160,    -0.002917,
  1911.800,    -1.597444,     1.670656,    -0.000518,
  1911.850,    -0.979949,     2.016262,     0.009749,
  1911.900,    -0.310255,     2.452194,     0.011068,
  1911.950,     0.362355,     2.938054,     0.004669,
  1912.000,     0.963326,     3.377797,     0.001805,
  1912.050,     1.450736,     3.698068,    -0.000662,
  1912.100,     1.811514,     3.877982,    -0.006062,
  1912.150,     2.026643,     3.920040,    -0.004133,
  1912.200,     2.086181,     3.829146,    -0.004523,
  1912.250,     2.037834,     3.605380,     0.000607,
  1912.300,     1.897309,     3.254171,     0.010593,
  1912.350,     1.701124,     2.819256,     0.002965,
  1912.400,     1.518114,     2.351593,     0.000184,
  1912.450,     1.399112,     1.918123,    -0.005712,
  1912.500,     1.367654,     1.533272,    -0.001813,
  1912.550,     1.448019,     1.178346,     0.004732,
  1912.600,     1.657524,     0.803763,     0.000300,
  1912.650,     1.964400,     0.377094,     0.003361,
  1912.700,     2.312793,    -0.024148,     0.004966,
  1912.750,     2.662783,    -0.367738,    -0.004608,
  1912.800,     2.986053,    -0.594855,    -0.001443,
  1912.850,     3.225042,    -0.650568,     0.002011,
  1912.900,     3.353167,    -0.583682,    -0.001380,
  1912.950,     3.350874,    -0.413960,     0.002245,
  1913.000,     3.222843,    -0.223176,     0.008670,
  1913.050,     2.980461,    -0.105468,     0.001294,
  1913.100,     2.646879,    -0.055384,     0.002452,
  1913.150,     2.253978,    -0.064219,     0.012452,
  1913.200,     1.838963,    -0.088968,    -0.000974,
  1913.250,     1.413144,    -0.107097,    -0.003711,
  1913.300,     0.992331,    -0.199259,     0.003106,
  1913.350,     0.591423,    -0.406901,     0.003756,
  1913.400,     0.204368,    -0.719965,     0.001294,
  1913.450,    -0.136617,    -1.024591,     0.002166,
  1913.500,    -0.424590,    -1.253189,     0.007849,
  1913.550,    -0.647068,    -1.346896,     0.004854,
  1913.600,    -0.777468,    -1.350049,     0.000607,
  1913.650,    -0.829766,    -1.287440,     0.002673,
  1913.700,    -0.814138,    -1.157060,    -0.002312,
  1913.750,    -0.734682,    -0.942346,    -0.005296,
  1913.800,    -0.634214,    -0.623208,     0.001014,
  1913.850,    -0.551726,    -0.240632,     0.005249,
  1913.900,    -0.496337,     0.109746,    -0.003970,
  1913.950,    -0.474935,     0.362823,    -0.005101,
  1914.000,    -0.521926,     0.455307,    -0.002207,
  1914.050,    -0.619034,     0.386710,    -0.002157,
  1914.100,    -0.770488,     0.189074,    -0.001693,
  1914.150,    -0.947831,    -0.113809,    -0.005744,
  1914.200,    -1.138094,    -0.483426,    -0.005879,
  1914.250,    -1.311227,    -0.865769,    -0.007041,
  1914.300,    -1.443782,    -1.213645,     0.008174,
  1914.350,    -1.504127,    -1.516337,     0.009830,
  1914.400,    -1.493512,    -1.768211,     0.002641,
  1914.450,    -1.399794,    -1.976896,     0.006981,
  1914.500,    -1.226833,    -2.088530,     0.003087,
  1914.550,    -0.993202,    -2.063353,     0.002451,
  1914.600,    -0.738753,    -1.902153,     0.000171,
  1914.650,    -0.490316,    -1.639808,    -0.006432,
  1914.700,    -0.284673,    -1.298606,     0.004635,
  1914.750,    -0.154908,    -0.939029,     0.003527,
  1914.800,    -0.130525,    -0.642162,    -0.000406,
  1914.850,    -0.215538,    -0.481824,    -0.001930,
  1914.900,    -0.409962,    -0.502549,    -0.001059,
  1914.950,    -0.685608,    -0.710403,     0.003550,
  1915.000,    -1.011860,    -1.044873,     0.009812,
  1915.050,    -1.356385,    -1.392602,     0.005023,
  1915.100,    -1.682186,    -1.644670,     0.003646,
  1915.150,    -1.953038,    -1.755192,    -0.001540,
  1915.200,    -2.168193,    -1.774330,     0.002065,
  1915.250,    -2.279488,    -1.794735,     0.005023,
  1915.300,    -2.302536,    -1.835565,    -0.002380,
  1915.350,    -2.246627,    -1.884838,    -0.000872,
  1915.400,    -2.095911,    -1.868744,     0.005844,
  1915.450,    -1.873237,    -1.776812,     0.001829,
  1915.500,    -1.633998,    -1.643736,    -0.000296,
  1915.550,    -1.430487,    -1.529145,     0.003635,
  1915.600,    -1.291033,    -1.452834,     0.003217,
  1915.650,    -1.239913,    -1.360431,     0.003862,
  1915.700,    -1.290838,    -1.146866,     0.001315,
  1915.750,    -1.440340,    -0.740943,    -0.002647,
  1915.800,    -1.641927,    -0.152037,    -0.002778,
  1915.850,    -1.847543,     0.570956,     0.000320,
  1915.900,    -2.062383,     1.396232,    -0.004899,
  1915.950,    -2.218324,     2.287000,    -0.006185,
  1916.000,    -2.323280,     3.194899,     0.007527,
  1916.050,    -2.399516,     4.059741,     0.001798,
  1916.100,    -2.409030,     4.782786,    -0.000980,
  1916.150,    -2.374367,     5.323123,    -0.004131,
  1916.200,    -2.324044,     5.665701,     0.001896,
  1916.250,    -2.233678,     5.759614,     0.002318,
  1916.300,    -2.112022,     5.583718,    -0.002455,
  1916.350,    -1.944464,     5.066647,    -0.004031,
  1916.400,    -1.729062,     4.203855,     0.014999,
  1916.450,    -1.428728,     3.059227,     0.011485,
  1916.500,    -1.045642,     1.715835,    -0.001053,
  1916.550,    -0.549224,     0.174584,     0.005882,
  1916.600,     0.079167,    -1.496033,     0.002522,
  1916.650,     0.808166,    -3.202535,    -0.003033,
  1916.700,     1.597484,    -4.839149,     0.005824,
  1916.750,     2.412337,    -6.261597,     0.004844,
  1916.800,     3.205507,    -7.444512,     0.002048,
  1916.850,     3.896146,    -8.424222,     0.005128,
  1916.900,     4.451654,    -9.251479,     0.005496,
  1916.950,     4.828319,    -9.936685,     0.003084,
  1917.000,     4.974672,   -10.441169,    -0.003072,
  1917.050,     4.841131,   -10.746307,    -0.002598,
  1917.100,     4.436884,   -10.865929,    -0.000167,
  1917.150,     3.744190,   -10.855942,     0.004792,
  1917.200,     2.792944,   -10.766971,     0.006230,
  1917.250,     1.585989,   -10.581624,     0.001031,
  1917.300,     0.180272,   -10.232104,    -0.000029,
  1917.350,    -1.323731,    -9.671167,     0.001798,
  1917.400,    -2.889113,    -8.900056,     0.003155,
  1917.450,    -4.444164,    -8.017577,    -0.003511,
  1917.500,    -5.888854,    -7.157331,     0.003366,
  1917.550,    -7.204006,    -6.409992,     0.003763,
  1917.600,    -8.341299,    -5.786749,     0.006906,
  1917.650,    -9.282627,    -5.288989,     0.004817,
  1917.700,   -10.011689,    -4.873090,     0.006192,
  1917.750,   -10.561157,    -4.464340,    -0.003726,
  1917.800,   -10.926930,    -4.013422,    -0.005471,
  1917.850,   -11.130282,    -3.488732,    -0.000698,
  1917.900,   -11.177326,    -2.873003,     0.001777,
  1917.950,   -11.070627,    -2.223181,     0.002956,
  1918.000,   -10.832172,    -1.552235,     0.007957,
  1918.050,   -10.469708,    -0.818781,     0.006405,
  1918.100,    -9.968179,     0.034154,     0.001716,
  1918.150,    -9.348854,     1.019958,     0.001683,
  1918.200,    -8.652821,     2.084733,     0.001716,
  1918.250,    -7.909868,     3.197475,    -0.004440,
  1918.300,    -7.175667,     4.296610,     0.002178,
  1918.350,    -6.476968,     5.321754,     0.001695,
  1918.400,    -5.854977,     6.263888,    -0.003264,
  1918.450,    -5.294114,     7.094059,    -0.007272,
  1918.500,    -4.783220,     7.772855,     0.009395,
  1918.550,    -4.291892,     8.278064,     0.009618,
  1918.600,    -3.791387,     8.714180,     0.002883,
  1918.650,    -3.250922,     9.147905,    -0.001076,
  1918.700,    -2.642674,     9.714231,     0.001965,
  1918.750,    -1.971326,    10.491576,    -0.003355,
  1918.800,    -1.228143,    11.412132,     0.000254,
  1918.850,    -0.386882,    12.335006,     0.005693,
  1918.900,     0.536593,    13.140789,    -0.003668,
  1918.950,     1.496616,    13.808239,     0.002212,
  1919.000,     2.515504,    14.322785,     0.001633,
  1919.050,     3.543882,    14.755206,     0.005644,
  1919.100,     4.532454,    15.072218,     0.005154,
  1919.150,     5.462094,    15.229631,     0.005051,
  1919.200,     6.313849,    15.186468,    -0.004535,
  1919.250,     7.073108,    14.937878,    -0.004297,
  1919.300,     7.741136,    14.483165,     0.007496,
  1919.350,     8.334545,    13.815113,    -0.000980,
  1919.400,     8.901093,    12.997383,    -0.000756,
  1919.450,     9.508042,    12.083948,     0.004297,
  1919.500,    10.151694,    11.150031,     0.001878,
  1919.550,    10.847463,    10.262024,    -0.000501,
  1919.600,    11.585141,     9.431396,    -0.003823,
  1919.650,    12.323769,     8.629196,    -0.000083,
  1919.700,    13.000904,     7.811261,     0.003318,
  1919.750,    13.602816,     6.999916,    -0.001987,
  1919.800,    14.087452,     6.173313,     0.000126,
  1919.850,    14.420104,     5.325220,    -0.001871,
  1919.900,    14.584101,     4.429438,    -0.000409,
  1919.950,    14.568806,     3.490870,     0.005024,
  1920.000,    14.374243,     2.529045,     0.003731,
  1920.050,    13.989523,     1.575393,    -0.000452,
  1920.100,    13.434702,     0.625985,     0.004641,
  1920.150,    12.743815,    -0.315190,     0.007690,
  1920.200,    11.934357,    -1.218981,     0.000311,
  1920.250,    11.053934,    -2.057355,    -0.001796,
  1920.300,    10.151471,    -2.793209,    -0.001485,
  1920.350,     9.221366,    -3.418300,     0.007894,
  1920.400,     8.352650,    -3.939169,     0.007204,
  1920.450,     7.491853,    -4.408946,     0.001089,
  1920.500,     6.633239,    -4.891881,     0.001968,
  1920.550,     5.788528,    -5.411273,    -0.007357,
  1920.600,     4.906506,    -5.910666,     0.000117,
  1920.650,     4.039088,    -6.336477,     0.003088,
  1920.700,     3.137656,    -6.610989,    -0.002894,
  1920.750,     2.203524,    -6.689970,     0.006201,
  1920.800,     1.274434,    -6.601068,     0.002987,
  1920.850,     0.336838,    -6.379379,     0.004291,
  1920.900,    -0.584411,    -6.138713,     0.006195,
  1920.950,    -1.452286,    -5.946463,    -0.003149,
  1921.000,    -2.283050,    -5.867403,     0.001971,
  1921.050,    -3.043224,    -5.905140,    -0.001838,
  1921.100,    -3.727466,    -5.975927,     0.002714,
  1921.150,    -4.347728,    -6.004194,     0.002233,
  1921.200,    -4.906696,    -5.955192,    -0.003131,
  1921.250,    -5.398297,    -5.804362,     0.007624,
  1921.300,    -5.855524,    -5.548407,     0.001776,
  1921.350,    -6.242864,    -5.169442,    -0.004547,
  1921.400,    -6.576873,    -4.632936,     0.013323,
  1921.450,    -6.821178,    -3.934000,     0.000122,
  1921.500,    -6.964349,    -3.069244,    -0.003647,
  1921.550,    -7.003395,    -2.086876,     0.002880,
  1921.600,    -6.950609,    -1.026266,     0.000634,
  1921.650,    -6.822250,     0.069766,    -0.000235,
  1921.700,    -6.668195,     1.148545,     0.004047,
  1921.750,    -6.514059,     2.148036,     0.004552,
  1921.800,    -6.399001,     3.061532,     0.003735,
  1921.850,    -6.314616,     3.901475,    -0.004085,
  1921.900,    -6.227280,     4.693963,     0.001157,
  1921.950,    -6.117257,     5.475446,     0.007291,
  1922.000,    -5.959432,     6.239811,     0.005768,
  1922.050,    -5.716793,     6.979600,     0.004103,
  1922.100,    -5.348228,     7.668228,     0.004920,
  1922.150,    -4.840201,     8.255137,    -0.003714,
  1922.200,    -4.209669,     8.729095,     0.002229,
  1922.250,    -3.452216,     9.051009,     0.002826,
  1922.300,    -2.560563,     9.264695,     0.002816,
  1922.350,    -1.572814,     9.417277,     0.008366,
  1922.400,    -0.566584,     9.530683,     0.002095,
  1922.450,     0.469786,     9.611866,     0.001601,
  1922.500,     1.492077,     9.634442,     0.000846,
  1922.550,     2.475816,     9.584374,    -0.005986,
  1922.600,     3.392448,     9.454588,    -0.003255,
  1922.650,     4.250020,     9.264361,    -0.001041,
  1922.700,     5.047086,     9.003427,    -0.001652,
  1922.750,     5.809467,     8.684819,    -0.005225,
  1922.800,     6.505320,     8.299623,     0.007858,
  1922.850,     7.145909,     7.865756,    -0.000217,
  1922.900,     7.716236,     7.411300,    -0.006150,
  1922.950,     8.174694,     6.957378,    -0.001230,
  1923.000,     8.542225,     6.565646,    -0.000722,
  1923.050,     8.829524,     6.244797,    -0.001614,
  1923.100,     9.036124,     5.973378,    -0.004341,
  1923.150,     9.167518,     5.708461,    -0.003899,
  1923.200,     9.221591,     5.371348,    -0.001418,
  1923.250,     9.209785,     5.020048,     0.002969,
  1923.300,     9.147576,     4.667624,     0.002829,
  1923.350,     9.015802,     4.366983,     0.000442,
  1923.400,     8.824840,     4.095972,    -0.001294,
  1923.450,     8.581618,     3.803774,    -0.001555,
  1923.500,     8.290656,     3.498243,    -0.004192,
  1923.550,     7.957417,     3.170200,    -0.006910,
  1923.600,     7.576762,     2.875269,     0.006122,
  1923.650,     7.155086,     2.638204,     0.011165,
  1923.700,     6.739219,     2.419432,     0.005204,
  1923.750,     6.335888,     2.225373,    -0.001976,
  1923.800,     5.956146,     2.055112,    -0.003060,
  1923.850,     5.598858,     1.893864,     0.001375,
  1923.900,     5.268063,     1.769622,     0.006103,
  1923.950,     4.947563,     1.678979,     0.001303,
  1924.000,     4.630825,     1.631925,    -0.003222,
  1924.050,     4.323508,     1.583771,     0.000077,
  1924.100,     4.009469,     1.481863,     0.000286,
  1924.150,     3.692867,     1.310875,     0.001232,
  1924.200,     3.386954,     1.024907,     0.002907,
  1924.250,     3.077141,     0.628968,     0.002519,
  1924.300,     2.777343,     0.165661,     0.001142,
  1924.350,     2.498122,    -0.304552,     0.000823,
  1924.400,     2.238801,    -0.743017,     0.002017,
  1924.450,     2.008009,    -1.139630,    -0.000863,
  1924.500,     1.799235,    -1.483894,    -0.009549,
  1924.550,     1.609285,    -1.803932,    -0.004219,
  1924.600,     1.441893,    -2.096678,    -0.000646,
  1924.650,     1.315417,    -2.361325,    -0.002573,
  1924.700,     1.204299,    -2.578747,    -0.001860,
  1924.750,     1.103518,    -2.714376,     0.001948,
  1924.800,     0.994389,    -2.790807,    -0.000059,
  1924.850,     0.854612,    -2.799637,    -0.005338,
  1924.900,     0.682947,    -2.742278,     0.004225,
  1924.950,     0.444225,    -2.599133,     0.003650,
  1925.000,     0.131870,    -2.390798,    -0.002136,
  1925.050,    -0.230182,    -2.158605,    -0.004115,
  1925.100,    -0.621623,    -1.918645,     0.002556,
  1925.150,    -1.038147,    -1.692350,     0.003406,
  1925.200,    -1.451225,    -1.492027,    -0.003207,
  1925.250,    -1.831467,    -1.297083,     0.001238,
  1925.300,    -2.190342,    -1.118130,     0.002501,
  1925.350,    -2.504238,    -1.018258,     0.000391,
  1925.400,    -2.766652,    -1.052652,     0.004093,
  1925.450,    -2.974049,    -1.243400,    -0.001626,
  1925.500,    -3.120234,    -1.570419,     0.003561,
  1925.550,    -3.206446,    -1.963688,     0.008201,
  1925.600,    -3.223598,    -2.322800,     0.001579,
  1925.650,    -3.181424,    -2.561932,     0.000587,
  1925.700,    -3.068423,    -2.608919,     0.000442,
  1925.750,    -2.903810,    -2.472823,     0.003756,
  1925.800,    -2.690878,    -2.251695,    -0.000308,
  1925.850,    -2.467502,    -2.058096,    -0.002994,
  1925.900,    -2.243498,    -1.994940,     0.005592,
  1925.950,    -2.019961,    -2.045163,     0.001184,
  1926.000,    -1.825511,    -2.159534,     0.001676,
  1926.050,    -1.691669,    -2.275991,     0.005420,
  1926.100,    -1.613620,    -2.338383,     0.009056,
  1926.150,    -1.625560,    -2.361398,    -0.002936,
  1926.200,    -1.730634,    -2.400185,     0.000436,
  1926.250,    -1.904118,    -2.459372,     0.007925,
  1926.300,    -2.127950,    -2.550192,     0.001826,
  1926.350,    -2.367638,    -2.622452,     0.001661,
  1926.400,    -2.560459,    -2.631898,    -0.001412,
  1926.450,    -2.673688,    -2.550409,     0.000522,
  1926.500,    -2.728392,    -2.369274,     0.009372,
  1926.550,    -2.709111,    -2.132965,     0.001540,
  1926.600,    -2.642365,    -1.835206,    -0.004982,
  1926.650,    -2.572143,    -1.530656,    -0.002407,
  1926.700,    -2.520293,    -1.251943,     0.003214,
  1926.750,    -2.503571,    -1.017488,    -0.004896,
  1926.800,    -2.528093,    -0.836881,    -0.004744,
  1926.850,    -2.573305,    -0.747902,     0.005049,
  1926.900,    -2.630780,    -0.815036,    -0.000066,
  1926.950,    -2.704191,    -1.009876,    -0.000072,
  1927.000,    -2.762779,    -1.297022,    -0.003917,
  1927.050,    -2.802825,    -1.631283,    -0.007463,
  1927.100,    -2.831126,    -1.962505,     0.006042,
  1927.150,    -2.827581,    -2.310974,     0.008566,
  1927.200,    -2.767774,    -2.692113,     0.003772,
  1927.250,    -2.648504,    -3.122000,     0.001850,
  1927.300,    -2.490407,    -3.571323,     0.009216,
  1927.350,    -2.282421,    -3.988349,     0.000171,
  1927.400,    -2.041936,    -4.350209,    -0.000579,
  1927.450,    -1.805733,    -4.633279,     0.004640,
  1927.500,    -1.587967,    -4.831582,     0.004511,
  1927.550,    -1.434952,    -4.951020,     0.010299,
  1927.600,    -1.359901,    -4.961818,    -0.001056,
  1927.650,    -1.366290,    -4.862247,    -0.004839,
  1927.700,    -1.481119,    -4.715466,    -0.002120,
  1927.750,    -1.681430,    -4.530559,     0.007150,
  1927.800,    -1.957310,    -4.341134,    -0.000388,
  1927.850,    -2.297008,    -4.155269,     0.002503,
  1927.900,    -2.674128,    -3.953409,     0.011697,
  1927.950,    -3.074312,    -3.709058,     0.007602,
  1928.000,    -3.495899,    -3.426143,     0.006714,
  1928.050,    -3.905214,    -3.116641,     0.008502,
  1928.100,    -4.284423,    -2.801039,     0.006465,
  1928.150,    -4.648405,    -2.538593,     0.008198,
  1928.200,    -4.938426,    -2.377103,    -0.001608,
  1928.250,    -5.168032,    -2.333587,    -0.003002,
  1928.300,    -5.310254,    -2.415038,    -0.002793,
  1928.350,    -5.362914,    -2.574418,    -0.006186,
  1928.400,    -5.337295,    -2.821229,    -0.008791,
  1928.450,    -5.230722,    -3.120475,     0.002069,
  1928.500,    -5.089709,    -3.420261,     0.007793,
  1928.550,    -4.893706,    -3.706805,     0.000657,
  1928.600,    -4.666133,    -3.926657,     0.001978,
  1928.650,    -4.422117,    -4.018440,     0.005113,
  1928.700,    -4.166832,    -3.950247,     0.003905,
  1928.750,    -3.899884,    -3.759376,    -0.004320,
  1928.800,    -3.629595,    -3.474967,     0.001174,
  1928.850,    -3.384438,    -3.157324,     0.001434,
  1928.900,    -3.165352,    -2.819852,    -0.002778,
  1928.950,    -3.009531,    -2.476029,    -0.004584,
  1929.000,    -2.917249,    -2.173131,     0.002919,
  1929.050,    -2.922050,    -1.953905,     0.002877,
  1929.100,    -3.014704,    -1.879021,    -0.004463,
  1929.150,    -3.169131,    -1.934146,    -0.000288,
  1929.200,    -3.387773,    -1.970353,    -0.003519,
  1929.250,    -3.614664,    -1.919352,     0.003385,
  1929.300,    -3.841948,    -1.752674,    -0.001045,
  1929.350,    -4.022091,    -1.469384,    -0.004146,
  1929.400,    -4.132028,    -1.139624,    -0.000573,
  1929.450,    -4.141812,    -0.812092,     0.000788,
  1929.500,    -4.049755,    -0.499251,     0.003914,
  1929.550,    -3.868943,    -0.217649,     0.004178,
  1929.600,    -3.617064,     0.004903,     0.002662,
  1929.650,    -3.329597,     0.118365,     0.004587,
  1929.700,    -3.025563,     0.100980,    -0.003650,
  1929.750,    -2.748120,    -0.012467,    -0.006776,
  1929.800,    -2.512574,    -0.198824,    -0.004812,
  1929.850,    -2.339284,    -0.426201,     0.004076,
  1929.900,    -2.212567,    -0.677800,    -0.000534,
  1929.950,    -2.112169,    -0.964826,    -0.004130,
  1930.000,    -2.006897,    -1.270556,    -0.001994,
  1930.050,    -1.884007,    -1.573315,     0.006396,
  1930.100,    -1.712146,    -1.842234,    -0.000461,
  1930.150,    -1.487952,    -2.057467,    -0.006100,
  1930.200,    -1.232718,    -2.198913,     0.002790,
  1930.250,    -0.967429,    -2.261952,    -0.000321,
  1930.300,    -0.723600,    -2.276144,    -0.004058,
  1930.350,    -0.511305,    -2.276953,     0.002893,
  1930.400,    -0.375862,    -2.302005,    -0.001045,
  1930.450,    -0.329196,    -2.333910,    -0.000544,
  1930.500,    -0.360644,    -2.371446,     0.007764,
  1930.550,    -0.479839,    -2.364881,     0.002176,
  1930.600,    -0.668636,    -2.292293,     0.001723,
  1930.650,    -0.915816,    -2.180632,     0.005103,
  1930.700,    -1.193480,    -2.035123,     0.004808,
  1930.750,    -1.484064,    -1.847821,    -0.003589,
  1930.800,    -1.776643,    -1.607108,     0.000023,
  1930.850,    -2.045917,    -1.286785,     0.001285,
  1930.900,    -2.270269,    -0.903515,     0.001540,
  1930.950,    -2.454760,    -0.492896,     0.006002,
  1931.000,    -2.590146,    -0.116856,     0.001574,
  1931.050,    -2.680888,     0.228695,     0.002927,
  1931.100,    -2.756238,     0.540847,    -0.002085,
  1931.150,    -2.767028,     0.799215,     0.002467,
  1931.200,    -2.775538,     0.983666,    -0.003185,
  1931.250,    -2.757777,     1.091822,    -0.001334,
  1931.300,    -2.739288,     1.069992,    -0.000306,
  1931.350,    -2.678884,     0.932702,    -0.007262,
  1931.400,    -2.585068,     0.695554,    -0.002015,
  1931.450,    -2.452925,     0.376945,     0.000576,
  1931.500,    -2.277919,     0.009186,     0.009995,
  1931.550,    -2.043001,    -0.390177,     0.006998,
  1931.600,    -1.757620,    -0.794669,    -0.002158,
  1931.650,    -1.442656,    -1.144878,    -0.005434,
  1931.700,    -1.106037,    -1.403416,    -0.001567,
  1931.750,    -0.750313,    -1.571883,     0.007179,
  1931.800,    -0.409454,    -1.665128,     0.002963,
  1931.850,    -0.110775,    -1.724840,     0.001861,
  1931.900,     0.134971,    -1.745760,     0.006323,
  1931.950,     0.329379,    -1.756085,     0.003899,
  1932.000,     0.431343,    -1.753103,     0.000335,
  1932.050,     0.454581,    -1.731672,     0.001905,
  1932.100,     0.374104,    -1.705726,     0.002571,
  1932.150,     0.191470,    -1.719169,    -0.002513,
  1932.200,    -0.058008,    -1.761352,     0.002980,
  1932.250,    -0.359451,    -1.829875,     0.007662,
  1932.300,    -0.698635,    -1.913204,     0.003546,
  1932.350,    -1.051010,    -1.979060,     0.001343,
  1932.400,    -1.380486,    -2.069097,    -0.002382,
  1932.450,    -1.661204,    -2.170087,     0.005842,
  1932.500,    -1.887573,    -2.231971,     0.007730,
  1932.550,    -2.045668,    -2.227477,     0.001162,
  1932.600,    -2.148373,    -2.134761,     0.001318,
  1932.650,    -2.213201,    -1.924143,    -0.004098,
  1932.700,    -2.225618,    -1.576769,     0.002358,
  1932.750,    -2.213062,    -1.069855,     0.003674,
  1932.800,    -2.201061,    -0.346968,    -0.000995,
  1932.850,    -2.185139,     0.595603,     0.000528,
  1932.900,    -2.179333,     1.730364,     0.001874,
  1932.950,    -2.185934,     3.047550,     0.000388,
  1933.000,    -2.210553,     4.507362,     0.002454,
  1933.050,    -2.277368,     6.060742,    -0.002106,
  1933.100,    -2.330626,     7.660547,     0.006773,
  1933.150,    -2.386179,     9.214758,     0.003792,
  1933.200,    -2.425424,    10.688607,    -0.001732,
  1933.250,    -2.444859,    12.070823,     0.002246,
  1933.300,    -2.409918,    13.404187,     0.004382,
  1933.350,    -2.305446,    14.692601,    -0.001623,
  1933.400,    -2.081454,    15.896620,    -0.002273,
  1933.450,    -1.724115,    17.005771,    -0.001447,
  1933.500,    -1.225586,    17.983732,    -0.000729,
  1933.550,    -0.541861,    18.783272,    -0.000747,
  1933.600,     0.318080,    19.339853,     0.000770,
  1933.650,     1.372710,    19.610912,    -0.002361,
  1933.700,     2.582121,    19.533237,     0.000961,
  1933.750,     3.916742,    19.099340,    -0.000212,
  1933.800,     5.361943,    18.309545,     0.003963,
  1933.850,     6.878963,    17.248922,     0.003750,
  1933.900,     8.381033,    16.024562,     0.001446,
  1933.950,     9.872850,    14.675324,    -0.001673,
  1934.000,    11.323057,    13.229906,     0.000823,
  1934.050,    12.710905,    11.732984,     0.000974,
  1934.100,    14.004839,    10.209239,    -0.002292,
  1934.150,    15.201120,     8.694772,     0.003245,
  1934.200,    16.279425,     7.190748,    -0.003331,
  1934.250,    17.222436,     5.743187,    -0.007524,
  1934.300,    17.985243,     4.339338,    -0.000591,
  1934.350,    18.511184,     2.981088,     0.000457,
  1934.400,    18.791904,     1.687147,    -0.005939,
  1934.450,    18.781717,     0.475927,    -0.004666,
  1934.500,    18.478099,    -0.659121,     0.000965,
  1934.550,    17.875612,    -1.636345,    -0.007071,
  1934.600,    16.994290,    -2.460311,    -0.008666,
  1934.650,    15.883053,    -3.132612,     0.004383,
  1934.700,    14.591421,    -3.636048,     0.003027,
  1934.750,    13.183515,    -4.011838,    -0.003179,
  1934.800,    11.689443,    -4.287536,    -0.000045,
  1934.850,    10.138847,    -4.515603,    -0.007423,
  1934.900,     8.594767,    -4.699137,    -0.006962,
  1934.950,     7.087457,    -4.808103,     0.003738,
  1935.000,     5.600883,    -4.844467,    -0.000533,
  1935.050,     4.161577,    -4.805996,    -0.001690,
  1935.100,     2.781590,    -4.697136,    -0.002686,
  1935.150,     1.489267,    -4.483757,     0.011233,
  1935.200,     0.280147,    -4.159699,     0.003494,
  1935.250,    -0.843851,    -3.747171,    -0.002325,
  1935.300,    -1.840642,    -3.268468,     0.000491,
  1935.350,    -2.688591,    -2.715067,    -0.006191,
  1935.400,    -3.409742,    -2.128301,    -0.001163,
  1935.450,    -4.000032,    -1.538555,     0.004130,
  1935.500,    -4.449644,    -0.952552,     0.003944,
  1935.550,    -4.791219,    -0.431409,    -0.004982,
  1935.600,    -5.034873,     0.004045,     0.000911,
  1935.650,    -5.196927,     0.346499,     0.001762,
  1935.700,    -5.276799,     0.640952,     0.004359,
  1935.750,    -5.279810,     0.939358,     0.001744,
  1935.800,    -5.220385,     1.305473,    -0.002431,
  1935.850,    -5.086486,     1.722247,    -0.002036,
  1935.900,    -4.871802,     2.117849,     0.001865,
  1935.950,    -4.568749,     2.412725,     0.006772,
  1936.000,    -4.186663,     2.571406,    -0.001906,
  1936.050,    -3.735333,     2.578433,    -0.006654,
  1936.100,    -3.216928,     2.455676,    -0.002891,
  1936.150,    -2.673749,     2.251495,    -0.000227,
  1936.200,    -2.108590,     1.979437,    -0.004009,
  1936.250,    -1.546207,     1.638948,     0.003583,
  1936.300,    -1.007172,     1.249509,     0.001983,
  1936.350,    -0.515966,     0.786026,    -0.000920,
  1936.400,    -0.093333,     0.208194,    -0.008064,
  1936.450,     0.302071,    -0.432747,     0.000576,
  1936.500,     0.681643,    -1.140463,     0.003735,
  1936.550,     1.020760,    -1.928570,     0.000606,
  1936.600,     1.336852,    -2.811314,    -0.006167,
  1936.650,     1.626925,    -3.797982,    -0.005381,
  1936.700,     1.867882,    -4.887735,    -0.002221,
  1936.750,     2.027262,    -6.029088,    -0.001401,
  1936.800,     2.111154,    -7.127502,    -0.003432,
  1936.850,     2.072943,    -8.070742,    -0.001698,
  1936.900,     1.945927,    -8.775404,     0.003354,
  1936.950,     1.699843,    -9.129846,     0.005714,
  1937.000,     1.373561,    -9.125548,     0.007659,
  1937.050,     0.966326,    -8.688734,    -0.001145,
  1937.100,     0.477989,    -7.737140,    -0.008871,
  1937.150,    -0.106246,    -6.210227,     0.000423,
  1937.200,    -0.748577,    -4.095572,     0.002635,
  1937.250,    -1.469615,    -1.403155,    -0.001190,
  1937.300,    -2.269104,     1.822079,     0.000433,
  1937.350,    -3.153325,     5.507465,     0.000028,
  1937.400,    -4.097975,     9.526022,     0.002798,
  1937.450,    -5.080327,    13.702335,     0.000190,
  1937.500,    -6.106689,    17.786681,     0.005118,
  1937.550,    -7.063318,    21.580196,     0.003006,
  1937.600,    -7.913899,    24.860234,     0.006860,
  1937.650,    -8.583522,    27.392686,     0.005952,
  1937.700,    -8.956726,    29.022802,     0.002989,
  1937.750,    -8.978107,    29.685617,     0.003895,
  1937.800,    -8.567175,    29.412449,    -0.000762,
  1937.850,    -7.691800,    28.367070,    -0.004739,
  1937.900,    -6.290076,    26.751362,    -0.000001,
  1937.950,    -4.349470,    24.782119,    -0.004203,
  1938.000,    -1.882739,    22.644531,    -0.007755,
  1938.050,     1.090795,    20.422347,    -0.005510,
  1938.100,     4.475703,    18.191431,     0.002515,
  1938.150,     8.138927,    15.979833,     0.000613,
  1938.200,    11.965174,    13.815053,    -0.002643,
  1938.250,    15.805440,    11.712161,     0.003464,
  1938.300,    19.425583,     9.678950,    -0.005854,
  1938.350,    22.618875,     7.700354,    -0.004358,
  1938.400,    25.244236,     5.793469,    -0.001866,
  1938.450,    27.144231,     3.940145,    -0.004157,
  1938.500,    28.223317,     2.165139,    -0.003532,
  1938.550,    28.501314,     0.529256,     0.001792,
  1938.600,    28.016788,    -0.935205,    -0.005308,
  1938.650,    26.876344,    -2.178734,     0.004246,
  1938.700,    25.214626,    -3.201912,     0.000482,
  1938.750,    23.198501,    -3.999574,    -0.006362,
  1938.800,    20.986663,    -4.582489,    -0.001488,
  1938.850,    18.669066,    -4.955224,    -0.003070,
  1938.900,    16.340487,    -5.174752,     0.001618,
  1938.950,    14.051098,    -5.338205,    -0.006246,
  1939.000,    11.834552,    -5.544628,    -0.002625,
  1939.050,     9.719749,    -5.862562,    -0.003701,
  1939.100,     7.700169,    -6.314457,    -0.003832,
  1939.150,     5.767408,    -6.890600,    -0.003563,
  1939.200,     3.927401,    -7.536804,    -0.001836,
  1939.250,     2.200075,    -8.205102,    -0.003130,
  1939.300,     0.597878,    -8.810402,    -0.000807,
  1939.350,    -0.848360,    -9.222511,    -0.002298,
  1939.400,    -2.124925,    -9.340926,     0.000649,
  1939.450,    -3.200771,    -9.098115,     0.002257,
  1939.500,    -4.070854,    -8.421419,    -0.002416,
  1939.550,    -4.751797,    -7.381836,    -0.004916,
  1939.600,    -5.249542,    -6.118947,    -0.003254,
  1939.650,    -5.630473,    -4.800391,    -0.003276,
  1939.700,    -5.925536,    -3.553852,     0.004038,
  1939.750,    -6.193481,    -2.494196,     0.008101,
  1939.800,    -6.487940,    -1.697976,    -0.000169,
  1939.850,    -6.841811,    -1.157964,     0.001995,
  1939.900,    -7.256867,    -0.868286,    -0.000400,
  1939.950,    -7.735595,    -0.759836,    -0.001951,
  1940.000,    -8.232224,    -0.797028,     0.000414,
  1940.050,    -8.661139,    -0.941657,     0.000253,
  1940.100,    -8.974105,    -1.150795,     0.002287,
  1940.150,    -9.074610,    -1.397614,     0.007960,
  1940.200,    -8.917390,    -1.634474,    -0.000091,
  1940.250,    -8.481954,    -1.875679,     0.010676,
  1940.300,    -7.743393,    -2.130302,     0.003415,
  1940.350,    -6.814035,    -2.423335,    -0.005487,
  1940.400,    -5.741277,    -2.772419,    -0.000857,
  1940.450,    -4.632698,    -3.143955,    -0.000053,
  1940.500,    -3.588977,    -3.539301,     0.004254,
  1940.550,    -2.697020,    -3.949805,    -0.004623,
  1940.600,    -1.989837,    -4.378652,     0.003136,
  1940.650,    -1.505392,    -4.843652,     0.006069,
  1940.700,    -1.235659,    -5.302214,     0.002397,
  1940.750,    -1.138490,    -5.730911,    -0.003389,
  1940.800,    -1.205079,    -6.124001,    -0.006295,
  1940.850,    -1.380928,    -6.493402,     0.005778,
  1940.900,    -1.599072,    -6.860174,     0.007891,
  1940.950,    -1.885640,    -7.225595,     0.003155,
  1941.000,    -2.203044,    -7.523272,    -0.000731,
  1941.050,    -2.512525,    -7.721944,    -0.002769,
  1941.100,    -2.849370,    -7.758939,    -0.006793,
  1941.150,    -3.198860,    -7.577408,    -0.000968,
  1941.200,    -3.569507,    -7.157382,     0.006945,
  1941.250,    -3.954869,    -6.455744,     0.000084,
  1941.300,    -4.367755,    -5.459478,     0.003522,
  1941.350,    -4.797850,    -4.272235,     0.002358,
  1941.400,    -5.240278,    -2.986758,    -0.008815,
  1941.450,    -5.679756,    -1.739640,    -0.003102,
  1941.500,    -6.117828,    -0.655946,     0.007915,
  1941.550,    -6.535634,     0.167749,     0.001525,
  1941.600,    -6.929253,     0.694825,    -0.004653,
  1941.650,    -7.288328,     0.894353,     0.000882,
  1941.700,    -7.603238,     0.822333,     0.006166,
  1941.750,    -7.842263,     0.480250,    -0.004592,
  1941.800,    -7.982132,    -0.075687,     0.003692,
  1941.850,    -7.970297,    -0.793978,     0.002106,
  1941.900,    -7.786366,    -1.625953,     0.000366,
  1941.950,    -7.396957,    -2.560233,     0.011300,
  1942.000,    -6.803523,    -3.600099,     0.007916,
  1942.050,    -5.999680,    -4.741680,     0.004881,
  1942.100,    -5.036303,    -6.006595,    -0.002525,
  1942.150,    -3.963229,    -7.383842,     0.001507,
  1942.200,    -2.873352,    -8.853281,     0.008490,
  1942.250,    -1.853132,   -10.377098,     0.001269,
  1942.300,    -0.994989,   -11.918176,     0.003486,
  1942.350,    -0.349134,   -13.411360,     0.001892,
  1942.400,     0.037298,   -14.784875,     0.000762,
  1942.450,     0.145553,   -15.971426,     0.000528,
  1942.500,    -0.028552,   -16.900664,    -0.003511,
  1942.550,    -0.428597,   -17.500884,     0.007372,
  1942.600,    -1.053054,   -17.776489,     0.001689,
  1942.650,    -1.844701,   -17.706501,     0.003178,
  1942.700,    -2.784551,   -17.337758,     0.000677,
  1942.750,    -3.859056,   -16.697977,    -0.012001,
  1942.800,    -5.016799,   -15.793457,    -0.003122,
  1942.850,    -6.287966,   -14.669112,    -0.004858,
  1942.900,    -7.639526,   -13.429552,    -0.003191,
  1942.950,    -9.050651,   -12.114606,    -0.000714,
  1943.000,   -10.511528,   -10.792207,     0.003465,
  1943.050,   -11.965985,    -9.514753,     0.006391,
  1943.100,   -13.369442,    -8.254460,     0.002913,
  1943.150,   -14.683249,    -7.047414,    -0.002914,
  1943.200,   -15.848328,    -5.895502,     0.003275,
  1943.250,   -16.778661,    -4.807294,     0.000849,
  1943.300,   -17.455934,    -3.767532,    -0.000674,
  1943.350,   -17.833990,    -2.804772,     0.005911,
  1943.400,   -17.908449,    -1.936629,    -0.000194,
  1943.450,   -17.670642,    -1.197720,    -0.003137,
  1943.500,   -17.151078,    -0.623011,     0.004817,
  1943.550,   -16.373986,    -0.216022,     0.007416,
  1943.600,   -15.388840,     0.058838,     0.002793,
  1943.650,   -14.234473,     0.225835,     0.004558,
  1943.700,   -12.975385,     0.308718,     0.002795,
  1943.750,   -11.671452,     0.319218,     0.008420,
  1943.800,   -10.346815,     0.267241,     0.003236,
  1943.850,    -9.034767,     0.184072,    -0.005878,
  1943.900,    -7.760518,     0.115231,     0.005878,
  1943.950,    -6.552069,     0.078224,     0.000499,
  1944.000,    -5.425518,     0.103376,    -0.004359,
  1944.050,    -4.383821,     0.218635,     0.009404,
  1944.100,    -3.425361,     0.413432,     0.002360,
  1944.150,    -2.576704,     0.689422,    -0.000600,
  1944.200,    -1.841013,     1.019580,    -0.002809,
  1944.250,    -1.235915,     1.390744,     0.001177,
  1944.300,    -0.771145,     1.751790,     0.002682,
  1944.350,    -0.427219,     2.047365,     0.004878,
  1944.400,    -0.203892,     2.278409,     0.000861,
  1944.450,    -0.090311,     2.444924,     0.002318,
  1944.500,    -0.034907,     2.606334,     0.007191,
  1944.550,    -0.044171,     2.814390,     0.005821,
  1944.600,    -0.090156,     3.059252,     0.007223,
  1944.650,    -0.130130,     3.350543,    -0.001827,
  1944.700,    -0.154797,     3.695654,     0.000144,
  1944.750,    -0.149117,     4.066982,    -0.003572,
  1944.800,    -0.075164,     4.431041,     0.003607,
  1944.850,     0.067877,     4.760107,     0.006095,
  1944.900,     0.272015,     5.028232,     0.001345,
  1944.950,     0.536666,     5.229895,    -0.002559,
  1945.000,     0.829974,     5.427924,    -0.001613,
  1945.050,     1.138649,     5.660314,     0.007398,
  1945.100,     1.440344,     5.903340,     0.005631,
  1945.150,     1.730906,     6.159501,    -0.002495,
  1945.200,     1.982484,     6.387015,     0.001282,
  1945.250,     2.230585,     6.525919,     0.001574,
  1945.300,     2.462438,     6.549299,     0.001262,
  1945.350,     2.712548,     6.444131,    -0.000734,
  1945.400,     2.974518,     6.244025,    -0.003656,
  1945.450,     3.263861,     5.987266,     0.000376,
  1945.500,     3.585558,     5.714734,     0.004960,
  1945.550,     3.908116,     5.485225,    -0.007186,
  1945.600,     4.218304,     5.277545,    -0.001749,
  1945.650,     4.512388,     5.077933,    -0.004364,
  1945.700,     4.797687,     4.878344,    -0.004006,
  1945.750,     5.058600,     4.688259,     0.005534,
  1945.800,     5.299187,     4.480453,     0.000792,
  1945.850,     5.513102,     4.335911,     0.000412,
  1945.900,     5.716789,     4.241500,    -0.001978,
  1945.950,     5.878569,     4.198045,     0.000946,
  1946.000,     5.986086,     4.194914,    -0.003130,
  1946.050,     6.048735,     4.208200,    -0.005875,
  1946.100,     6.015618,     4.188310,    -0.008783,
  1946.150,     5.907631,     4.182333,     0.002263,
  1946.200,     5.746544,     4.205073,     0.005274,
  1946.250,     5.545974,     4.243719,     0.000281,
  1946.300,     5.310537,     4.299991,     0.003974,
  1946.350,     5.074777,     4.365194,     0.003892,
  1946.400,     4.844322,     4.408956,    -0.000243,
  1946.450,     4.630423,     4.395940,     0.003391,
  1946.500,     4.438676,     4.251242,     0.001318,
  1946.550,     4.268676,     3.999502,    -0.001184,
  1946.600,     4.132007,     3.667658,    -0.003182,
  1946.650,     4.012649,     3.286695,    -0.004440,
  1946.700,     3.935613,     2.909242,    -0.008259,
  1946.750,     3.874433,     2.554744,    -0.003192,
  1946.800,     3.852596,     2.229950,     0.003905,
  1946.850,     3.839825,     1.965242,     0.000499,
  1946.900,     3.838268,     1.802247,    -0.004490,
  1946.950,     3.850925,     1.745029,    -0.002289,
  1947.000,     3.887852,     1.792807,    -0.002914,
  1947.050,     3.917766,     1.941871,     0.001189,
  1947.100,     3.913772,     2.121503,     0.009210,
  1947.150,     3.899487,     2.306329,     0.006845,
  1947.200,     3.844649,     2.461090,    -0.002227,
  1947.250,     3.725103,     2.565103,     0.005501,
  1947.300,     3.535529,     2.642422,    -0.001102,
  1947.350,     3.287663,     2.729542,     0.003184,
  1947.400,     2.976035,     2.846401,     0.000558,
  1947.450,     2.647001,     3.019302,     0.002173,
  1947.500,     2.318532,     3.249747,    -0.000594,
  1947.550,     2.005051,     3.516818,    -0.001084,
  1947.600,     1.739438,     3.788095,    -0.003854,
  1947.650,     1.546412,     4.017547,     0.008699,
  1947.700,     1.436375,     4.164591,     0.001998,
  1947.750,     1.415022,     4.198021,    -0.008202,
  1947.800,     1.460040,     4.090270,    -0.005375,
  1947.850,     1.568631,     3.902712,     0.011810,
  1947.900,     1.695238,     3.654254,    -0.004186,
  1947.950,     1.854562,     3.376917,    -0.002322,
  1948.000,     2.014154,     3.123110,    -0.000606,
  1948.050,     2.155134,     2.887691,     0.001883,
  1948.100,     2.297046,     2.700520,    -0.001203,
  1948.150,     2.440159,     2.516826,    -0.000083,
  1948.200,     2.599667,     2.321493,     0.001557,
  1948.250,     2.785722,     2.082791,    -0.001903,
  1948.300,     2.980376,     1.792122,     0.000011,
  1948.350,     3.172829,     1.428307,    -0.003076,
  1948.400,     3.352121,     1.005008,     0.006806,
  1948.450,     3.489878,     0.556912,    -0.004559,
  1948.500,     3.556601,     0.099423,     0.006265,
  1948.550,     3.539190,    -0.298958,     0.006814,
  1948.600,     3.447497,    -0.610791,     0.005714,
  1948.650,     3.276971,    -0.838597,    -0.007983,
  1948.700,     3.071514,    -1.002499,    -0.002823,
  1948.750,     2.825396,    -1.095835,     0.001984,
  1948.800,     2.589570,    -1.102337,    -0.001535,
  1948.850,     2.341539,    -1.012237,    -0.000612,
  1948.900,     2.099124,    -0.832883,     0.004178,
  1948.950,     1.842882,    -0.589845,     0.001752,
  1949.000,     1.584228,    -0.296448,     0.001737,
  1949.050,     1.298744,     0.065593,    -0.002167,
  1949.100,     0.968650,     0.491311,    -0.005650,
  1949.150,     0.614801,     0.914710,    -0.000054,
  1949.200,     0.237376,     1.274014,     0.005349,
  1949.250,    -0.152880,     1.552137,     0.005151,
  1949.300,    -0.530764,     1.732952,    -0.004030,
  1949.350,    -0.843531,     1.812903,    -0.003648,
  1949.400,    -1.123689,     1.810645,    -0.002713,
  1949.450,    -1.316549,     1.716443,     0.001716,
  1949.500,    -1.432152,     1.537616,     0.002358,
  1949.550,    -1.464584,     1.321731,    -0.001309,
  1949.600,    -1.400292,     1.092966,    -0.003966,
  1949.650,    -1.271733,     0.915169,     0.001644,
  1949.700,    -1.048270,     0.809764,     0.001646,
  1949.750,    -0.763762,     0.800186,     0.001440,
  1949.800,    -0.455279,     0.866682,    -0.002546,
  1949.850,    -0.098870,     0.986139,    -0.002896,
  1949.900,     0.269385,     1.107783,     0.003440,
  1949.950,     0.606464,     1.233394,     0.000017,
  1950.000,     0.904969,     1.316512,    -0.006770,
  1950.050,     1.125866,     1.341554,    -0.002190,
  1950.100,     1.269976,     1.266827,     0.008754,
  1950.150,     1.322118,     1.105558,     0.004568,
  1950.200,     1.288286,     0.870096,    -0.001826,
  1950.250,     1.204710,     0.565945,    -0.000565,
  1950.300,     1.062225,     0.270604,    -0.002030,
  1950.350,     0.899278,     0.022489,     0.003063,
  1950.400,     0.748770,    -0.186484,     0.001874,
  1950.450,     0.633341,    -0.314579,    -0.001011,
  1950.500,     0.562474,    -0.346492,     0.000534,
  1950.550,     0.555797,    -0.290262,     0.000849,
  1950.600,     0.590511,    -0.188422,    -0.002719,
  1950.650,     0.647858,    -0.069923,     0.002358,
  1950.700,     0.734490,     0.045039,    -0.005220,
  1950.750,     0.786694,     0.135705,    -0.000403,
  1950.800,     0.811236,     0.227844,     0.004401,
  1950.850,     0.766889,     0.285668,    -0.002961,
  1950.900,     0.657623,     0.355036,     0.004358,
  1950.950,     0.506585,     0.432812,    -0.002231,
  1951.000,     0.295164,     0.542322,     0.001880,
  1951.050,     0.052616,     0.651207,     0.007176,
  1951.100,    -0.176130,     0.756512,     0.006666,
  1951.150,    -0.372529,     0.811947,     0.002832,
  1951.200,    -0.524012,     0.826274,    -0.003538,
  1951.250,    -0.601025,     0.777583,    -0.004490,
  1951.300,    -0.623610,     0.687914,     0.001205,
  1951.350,    -0.603085,     0.559871,    -0.002282,
  1951.400,    -0.520487,     0.423548,    -0.002082,
  1951.450,    -0.431286,     0.247498,    -0.002312,
  1951.500,    -0.321305,     0.057564,    -0.004064,
  1951.550,    -0.217020,    -0.150076,    -0.003294,
  1951.600,    -0.120175,    -0.382579,     0.005556,
  1951.650,    -0.021241,    -0.647602,     0.008776,
  1951.700,     0.068727,    -0.942009,    -0.000977,
  1951.750,     0.149648,    -1.293794,    -0.000668,
  1951.800,     0.238897,    -1.701852,     0.000373,
  1951.850,     0.304248,    -2.159662,    -0.001550,
  1951.900,     0.363532,    -2.658069,     0.010718,
  1951.950,     0.375910,    -3.136220,     0.006842,
  1952.000,     0.370509,    -3.540366,     0.007124,
  1952.050,     0.308314,    -3.824479,    -0.004797,
  1952.100,     0.215096,    -3.979653,    -0.003248,
  1952.150,     0.075169,    -3.988420,     0.000265,
  1952.200,    -0.083315,    -3.882664,    -0.003194,
  1952.250,    -0.270660,    -3.688639,     0.003605,
  1952.300,    -0.482727,    -3.457139,     0.007419,
  1952.350,    -0.729277,    -3.201872,    -0.005697,
  1952.400,    -1.007655,    -2.953527,    -0.009715,
  1952.450,    -1.311750,    -2.735169,    -0.004916,
  1952.500,    -1.642976,    -2.535582,     0.013580,
  1952.550,    -2.029234,    -2.312579,    -0.001962,
  1952.600,    -2.453804,    -2.035711,     0.002716,
  1952.650,    -2.866292,    -1.688909,     0.008810,
  1952.700,    -3.273071,    -1.279203,     0.000455,
  1952.750,    -3.641365,    -0.833986,    -0.006676,
  1952.800,    -3.938308,    -0.377656,     0.006852,
  1952.850,    -4.139884,    -0.007416,     0.001595,
  1952.900,    -4.230499,     0.231857,     0.001869,
  1952.950,    -4.222358,     0.311554,     0.001273,
  1953.000,    -4.128878,     0.266901,     0.002474,
  1953.050,    -3.958980,     0.180036,     0.004447,
  1953.100,    -3.734091,     0.129070,     0.006553,
  1953.150,    -3.488776,     0.099519,    -0.000649,
  1953.200,    -3.220088,     0.106851,     0.005112,
  1953.250,    -2.961270,     0.132371,    -0.007538,
  1953.300,    -2.683341,     0.117809,     0.000511,
  1953.350,    -2.388891,     0.078944,     0.003111,
  1953.400,    -2.068628,     0.014628,     0.000671,
  1953.450,    -1.727532,    -0.060915,     0.003062,
  1953.500,    -1.381324,    -0.129996,    -0.001239,
  1953.550,    -1.031035,    -0.196859,    -0.000921,
  1953.600,    -0.721521,    -0.216522,    -0.003935,
  1953.650,    -0.463941,    -0.239425,    -0.001336,
  1953.700,    -0.300117,    -0.232747,     0.005267,
  1953.750,    -0.203359,    -0.204874,    -0.001690,
  1953.800,    -0.175933,    -0.142323,    -0.000133,
  1953.850,    -0.185837,    -0.035640,     0.004447,
  1953.900,    -0.231827,     0.144469,     0.006526,
  1953.950,    -0.288765,     0.400122,     0.005283,
  1954.000,    -0.340275,     0.717505,     0.001558,
  1954.050,    -0.374281,     1.059037,    -0.000348,
  1954.100,    -0.408578,     1.423355,     0.005167,
  1954.150,    -0.448484,     1.785398,     0.007824,
  1954.200,    -0.501713,     2.087296,    -0.001009,
  1954.250,    -0.549119,     2.302252,    -0.004981,
  1954.300,    -0.581211,     2.437595,    -0.000328,
  1954.350,    -0.631518,     2.528559,     0.000710,
  1954.400,    -0.640887,     2.619823,    -0.002407,
  1954.450,    -0.630267,     2.706029,    -0.010314,
  1954.500,    -0.596018,     2.797787,     0.001788,
  1954.550,    -0.526710,     2.823996,     0.007326,
  1954.600,    -0.404083,     2.763865,     0.003394,
  1954.650,    -0.236648,     2.599060,    -0.001395,
  1954.700,    -0.027109,     2.403747,    -0.002395,
  1954.750,     0.247416,     2.235622,    -0.005545,
  1954.800,     0.550975,     2.140996,    -0.002364,
  1954.850,     0.874397,     2.158158,     0.006964,
  1954.900,     1.189576,     2.296122,     0.004579,
  1954.950,     1.488169,     2.551531,     0.000359,
  1955.000,     1.738608,     2.927833,    -0.005580,
  1955.050,     1.946871,     3.419172,     0.005315,
  1955.100,     2.114269,     4.020315,    -0.000072,
  1955.150,     2.235054,     4.696987,     0.004032,
  1955.200,     2.295648,     5.439339,    -0.001887,
  1955.250,     2.334047,     6.251234,     0.000579,
  1955.300,     2.332010,     7.101526,    -0.003474,
  1955.350,     2.290707,     8.019657,     0.006477,
  1955.400,     2.208965,     8.930414,     0.000047,
  1955.450,     2.114405,     9.771336,     0.003228,
  1955.500,     2.013403,    10.478698,    -0.004420,
  1955.550,     1.961927,    11.026674,     0.001740,
  1955.600,     1.961926,    11.391116,    -0.004560,
  1955.650,     2.070618,    11.589479,     0.002899,
  1955.700,     2.271457,    11.603577,    -0.000065,
  1955.750,     2.583498,    11.463740,     0.004415,
  1955.800,     3.026207,    11.239753,    -0.003650,
  1955.850,     3.578951,    10.931518,     0.002850,
  1955.900,     4.220335,    10.611722,     0.001887,
  1955.950,     4.935091,    10.270757,     0.003646,
  1956.000,     5.728129,     9.942251,    -0.002500,
  1956.050,     6.569550,     9.659237,     0.000797,
  1956.100,     7.408348,     9.447748,     0.000612,
  1956.150,     8.245620,     9.280469,     0.002048,
  1956.200,     9.024677,     9.135329,    -0.003975,
  1956.250,     9.719560,     8.979226,    -0.001342,
  1956.300,    10.305168,     8.836522,    -0.000355,
  1956.350,    10.748440,     8.654664,    -0.008695,
  1956.400,    11.026061,     8.412636,     0.004020,
  1956.450,    11.149186,     8.073030,     0.003459,
  1956.500,    11.127721,     7.628851,    -0.005082,
  1956.550,    10.998008,     7.100869,    -0.003130,
  1956.600,    10.760786,     6.538158,    -0.009889,
  1956.650,    10.477630,     5.962565,     0.005328,
  1956.700,    10.160455,     5.353314,    -0.002914,
  1956.750,     9.836483,     4.741932,    -0.004431,
  1956.800,     9.543342,     4.116329,     0.002902,
  1956.850,     9.264799,     3.534441,    -0.001573,
  1956.900,     9.023181,     3.001460,     0.007499,
  1956.950,     8.814791,     2.502286,    -0.000620,
  1957.000,     8.627133,     2.045660,     0.009307,
  1957.050,     8.432156,     1.601349,     0.007827,
  1957.100,     8.225382,     1.160047,     0.005990,
  1957.150,     7.978146,     0.731128,    -0.006520,
  1957.200,     7.663283,     0.274999,     0.004647,
  1957.250,     7.284615,    -0.161620,     0.006130,
  1957.300,     6.822898,    -0.625975,    -0.005115,
  1957.350,     6.309019,    -1.106154,     0.005502,
  1957.400,     5.761157,    -1.605445,    -0.002967,
  1957.450,     5.160185,    -2.121116,    -0.002196,
  1957.500,     4.561597,    -2.635234,     0.006998,
  1957.550,     3.965649,    -3.171558,     0.003181,
  1957.600,     3.382001,    -3.733676,     0.004409,
  1957.650,     2.818871,    -4.280784,     0.000448,
  1957.700,     2.288333,    -4.833272,    -0.000319,
  1957.750,     1.782294,    -5.309238,     0.002413,
  1957.800,     1.303456,    -5.696146,    -0.002561,
  1957.850,     0.838857,    -5.940598,     0.011473,
  1957.900,     0.377852,    -6.034913,     0.005771,
  1957.950,    -0.075693,    -5.971220,     0.001744,
  1958.000,    -0.541952,    -5.750389,    -0.002982,
  1958.050,    -1.009431,    -5.360676,    -0.001442,
  1958.100,    -1.494665,    -4.844373,     0.005376,
  1958.150,    -1.985976,    -4.287667,     0.000665,
  1958.200,    -2.504036,    -3.736215,    -0.001126,
  1958.250,    -3.036092,    -3.256630,    -0.004084,
  1958.300,    -3.555891,    -2.871741,    -0.009773,
  1958.350,    -4.098971,    -2.601586,     0.006638,
  1958.400,    -4.628974,    -2.395656,     0.006493,
  1958.450,    -5.122120,    -2.297508,     0.005884,
  1958.500,    -5.553963,    -2.261692,     0.000788,
  1958.550,    -5.924233,    -2.267745,    -0.003924,
  1958.600,    -6.180931,    -2.346481,     0.002162,
  1958.650,    -6.309022,    -2.516075,    -0.001597,
  1958.700,    -6.312421,    -2.762840,    -0.000997,
  1958.750,    -6.152859,    -3.114661,     0.001591,
  1958.800,    -5.885486,    -3.512000,    -0.003812,
  1958.850,    -5.490400,    -3.903980,     0.001010,
  1958.900,    -5.038878,    -4.272083,     0.010520,
  1958.950,    -4.541821,    -4.608906,     0.013263,
  1959.000,    -4.063540,    -4.890462,    -0.001146,
  1959.050,    -3.642125,    -5.082458,    -0.002280,
  1959.100,    -3.285633,    -5.194242,     0.006568,
  1959.150,    -3.021607,    -5.253404,    -0.007924,
  1959.200,    -2.840876,    -5.319735,    -0.000616,
  1959.250,    -2.750949,    -5.394564,    -0.003596,
  1959.300,    -2.754588,    -5.513153,     0.000725,
  1959.350,    -2.830843,    -5.650328,     0.003024,
  1959.400,    -2.980981,    -5.760198,    -0.003274,
  1959.450,    -3.195440,    -5.803926,     0.002552,
  1959.500,    -3.479348,    -5.799250,    -0.002131,
  1959.550,    -3.790290,    -5.680748,     0.005344,
  1959.600,    -4.139638,    -5.485826,     0.000394,
  1959.650,    -4.486936,    -5.194550,     0.002369,
  1959.700,    -4.811667,    -4.822780,     0.002862,
  1959.750,    -5.094132,    -4.416388,     0.002424,
  1959.800,    -5.327332,    -3.992150,     0.003209,
  1959.850,    -5.519625,    -3.582638,     0.006946,
  1959.900,    -5.659535,    -3.180722,    -0.007655,
  1959.950,    -5.771395,    -2.818401,     0.004227,
  1960.000,    -5.855463,    -2.545979,    -0.001997,
  1960.050,    -5.932301,    -2.360269,     0.006191,
  1960.100,    -5.993981,    -2.295726,     0.002615,
  1960.150,    -6.044668,    -2.323712,    -0.001227,
  1960.200,    -6.059122,    -2.440884,    -0.003820,
  1960.250,    -6.028704,    -2.602727,     0.004996,
  1960.300,    -5.939799,    -2.740123,     0.001981,
  1960.350,    -5.785240,    -2.832968,     0.001229,
  1960.400,    -5.554589,    -2.877505,    -0.000255,
  1960.450,    -5.257167,    -2.909649,     0.000232,
  1960.500,    -4.902531,    -2.999402,     0.005602,
  1960.550,    -4.514101,    -3.133049,    -0.002623,
  1960.600,    -4.124994,    -3.319044,    -0.003294,
  1960.650,    -3.748662,    -3.530679,     0.005675,
  1960.700,    -3.424442,    -3.705882,    -0.005487,
  1960.750,    -3.152057,    -3.807170,     0.004129,
  1960.800,    -2.938918,    -3.843149,     0.001333,
  1960.850,    -2.822807,    -3.849276,    -0.000767,
  1960.900,    -2.793170,    -3.820738,     0.009705,
  1960.950,    -2.831308,    -3.791838,    -0.001178,
  1961.000,    -2.908088,    -3.779959,     0.005638,
  1961.050,    -3.026814,    -3.741739,     0.003357,
  1961.100,    -3.148819,    -3.682652,    -0.002242,
  1961.150,    -3.265933,    -3.579297,     0.004698,
  1961.200,    -3.389738,    -3.432114,     0.002591,
  1961.250,    -3.509725,    -3.278393,     0.002598,
  1961.300,    -3.638181,    -3.043490,    -0.006189,
  1961.350,    -3.765040,    -2.761673,    -0.002207,
  1961.400,    -3.899862,    -2.427977,     0.004854,
  1961.450,    -4.027454,    -2.046893,    -0.002960,
  1961.500,    -4.133223,    -1.669977,     0.003845,
  1961.550,    -4.229441,    -1.288063,    -0.004921,
  1961.600,    -4.271395,    -0.900000,     0.004199,
  1961.650,    -4.290342,    -0.499857,     0.005473,
  1961.700,    -4.281890,    -0.105160,    -0.002559,
  1961.750,    -4.243600,     0.271120,    -0.003091,
  1961.800,    -4.184590,     0.651870,     0.007972,
  1961.850,    -4.099625,     0.974884,     0.000633,
  1961.900,    -3.988297,     1.279191,     0.002044,
  1961.950,    -3.847035,     1.567591,     0.000058,
  1962.000,    -3.665374,     1.808966,     0.005660,
  1962.050,    -3.442014,     1.990516,     0.005273,
  1962.100,    -3.181340,     2.114016,    -0.002044,
  1962.150,    -2.864785,     2.182958,    -0.004741,
  1962.200,    -2.536811,     2.189352,     0.003531,
  1962.250,    -2.164413,     2.125450,     0.000671,
  1962.300,    -1.769609,     2.016332,    -0.001231,
  1962.350,    -1.376401,     1.836086,    -0.007441,
  1962.400,    -0.974598,     1.612475,    -0.002334,
  1962.450,    -0.580039,     1.350137,     0.000984,
  1962.500,    -0.199592,     1.042596,     0.002562,
  1962.550,     0.168155,     0.707156,     0.000388,
  1962.600,     0.532793,     0.359797,    -0.001211,
  1962.650,     0.847477,     0.057613,    -0.001468,
  1962.700,     1.115395,    -0.217422,    -0.000996,
  1962.750,     1.359135,    -0.471220,     0.001798,
  1962.800,     1.548243,    -0.743740,     0.003687,
  1962.850,     1.693234,    -1.034589,    -0.000957,
  1962.900,     1.767153,    -1.343664,     0.006040,
  1962.950,     1.799286,    -1.646529,     0.003918,
  1963.000,     1.759138,    -1.922309,     0.000579,
  1963.050,     1.663246,    -2.181112,    -0.005469,
  1963.100,     1.505538,    -2.387933,     0.003750,
  1963.150,     1.293162,    -2.534191,     0.014637,
  1963.200,     1.050395,    -2.594014,     0.010251,
  1963.250,     0.759457,    -2.566596,    -0.003811,
  1963.300,     0.454182,    -2.450883,     0.005029,
  1963.350,     0.128743,    -2.304752,     0.000385,
  1963.400,    -0.190565,    -2.116452,     0.003030,
  1963.450,    -0.501145,    -1.960779,    -0.005282,
  1963.500,    -0.810231,    -1.827646,    -0.006061,
  1963.550,    -1.106929,    -1.716856,    -0.005364,
  1963.600,    -1.391242,    -1.605121,    -0.001017,
  1963.650,    -1.677760,    -1.486989,     0.008132,
  1963.700,    -1.961498,    -1.341120,     0.006575,
  1963.750,    -2.227369,    -1.178994,    -0.004528,
  1963.800,    -2.453988,    -0.937527,     0.004389,
  1963.850,    -2.650878,    -0.658835,     0.001907,
  1963.900,    -2.800126,    -0.333796,    -0.006053,
  1963.950,    -2.885289,     0.033419,     0.005772,
  1964.000,    -2.894364,     0.373725,    -0.005381,
  1964.050,    -2.861403,     0.693730,     0.005254,
  1964.100,    -2.766794,     0.997447,    -0.002352,
  1964.150,    -2.640815,     1.267930,     0.008720,
  1964.200,    -2.499513,     1.550621,    -0.003873,
  1964.250,    -2.348466,     1.822849,    -0.003395,
  1964.300,    -2.204708,     2.093635,     0.001491,
  1964.350,    -2.044154,     2.345034,    -0.001713,
  1964.400,    -1.898221,     2.596631,    -0.003018,
  1964.450,    -1.723036,     2.830709,     0.002622,
  1964.500,    -1.543632,     3.027228,    -0.004748,
  1964.550,    -1.337032,     3.222608,     0.003155,
  1964.600,    -1.085984,     3.381692,     0.003375,
  1964.650,    -0.795316,     3.507695,    -0.011555,
  1964.700,    -0.492984,     3.600617,    -0.001765,
  1964.750,    -0.162868,     3.687756,     0.001023,
  1964.800,     0.168419,     3.797626,    -0.005463,
  1964.850,     0.494244,     3.946059,     0.002157,
  1964.900,     0.807746,     4.127136,     0.000567,
  1964.950,     1.089911,     4.288905,     0.001783,
  1965.000,     1.375953,     4.449909,    -0.008791,
  1965.050,     1.643209,     4.614699,    -0.003638,
  1965.100,     1.891496,     4.773750,     0.010678,
  1965.150,     2.143926,     4.935130,     0.000007,
  1965.200,     2.371440,     5.058341,    -0.001208,
  1965.250,     2.584784,     5.139629,     0.003696,
  1965.300,     2.769740,     5.148537,     0.007167,
  1965.350,     2.940023,     5.094304,    -0.003188,
  1965.400,     3.088169,     4.985376,     0.005990,
  1965.450,     3.215546,     4.814670,     0.008101,
  1965.500,     3.348372,     4.576955,     0.001893,
  1965.550,     3.461799,     4.268766,    -0.002401,
  1965.600,     3.608427,     3.919742,    -0.010168,
  1965.650,     3.742421,     3.518890,     0.004359,
  1965.700,     3.898502,     3.129283,     0.006987,
  1965.750,     4.060848,     2.754889,     0.007904,
  1965.800,     4.223650,     2.414507,     0.001506,
  1965.850,     4.376096,     2.116185,     0.000896,
  1965.900,     4.514081,     1.830079,     0.001341,
  1965.950,     4.609210,     1.549863,     0.003874,
  1966.000,     4.690120,     1.299187,     0.004638,
  1966.050,     4.707124,     1.049123,     0.002659,
  1966.100,     4.676737,     0.839899,     0.002966,
  1966.150,     4.587213,     0.661071,    -0.004984,
  1966.200,     4.434793,     0.504897,    -0.004958,
  1966.250,     4.220699,     0.352581,    -0.005010,
  1966.300,     3.939885,     0.179531,    -0.001006,
  1966.350,     3.609971,     0.002933,     0.001890,
  1966.400,     3.261313,    -0.190952,    -0.000331,
  1966.450,     2.883356,    -0.386324,    -0.006979,
  1966.500,     2.505103,    -0.563923,    -0.005805,
  1966.550,     2.136967,    -0.750440,    -0.001027,
  1966.600,     1.779913,    -0.905018,     0.000432,
  1966.650,     1.458437,    -1.026460,     0.002382,
  1966.700,     1.162884,    -1.088572,     0.001479,
  1966.750,     0.897633,    -1.120531,     0.000639,
  1966.800,     0.647800,    -1.123185,     0.000573,
  1966.850,     0.407888,    -1.153725,    -0.004379,
  1966.900,     0.209055,    -1.201870,     0.003524,
  1966.950,     0.020525,    -1.292884,    -0.006973,
  1967.000,    -0.169603,    -1.418621,    -0.002066,
  1967.050,    -0.338505,    -1.544557,     0.007349,
  1967.100,    -0.503052,    -1.672120,     0.004807,
  1967.150,    -0.680440,    -1.822370,     0.004909,
  1967.200,    -0.849671,    -1.990803,     0.002501,
  1967.250,    -1.014742,    -2.164897,     0.003951,
  1967.300,    -1.176269,    -2.308976,     0.001996,
  1967.350,    -1.303340,    -2.430096,    -0.008603,
  1967.400,    -1.440324,    -2.481236,    -0.003671,
  1967.450,    -1.528841,    -2.470029,     0.007180,
  1967.500,    -1.597370,    -2.388171,     0.000274,
  1967.550,    -1.642298,    -2.255575,     0.003309,
  1967.600,    -1.686433,    -2.129351,     0.001679,
  1967.650,    -1.730676,    -2.006560,     0.004018,
  1967.700,    -1.801870,    -1.900553,     0.006842,
  1967.750,    -1.899489,    -1.852126,    -0.007371,
  1967.800,    -2.008821,    -1.869369,     0.002129,
  1967.850,    -2.131022,    -1.963277,     0.002890,
  1967.900,    -2.269511,    -2.107578,    -0.002449,
  1967.950,    -2.428122,    -2.272842,     0.002117,
  1968.000,    -2.568882,    -2.391302,    -0.005159,
  1968.050,    -2.690005,    -2.450175,     0.004087,
  1968.100,    -2.795356,    -2.397705,     0.005234,
  1968.150,    -2.868522,    -2.258977,     0.005932,
  1968.200,    -2.876755,    -2.034981,    -0.000953,
  1968.250,    -2.855573,    -1.725645,     0.000814,
  1968.300,    -2.799812,    -1.397721,     0.006018,
  1968.350,    -2.723185,    -1.040564,    -0.001683,
  1968.400,    -2.613671,    -0.734518,     0.000525,
  1968.450,    -2.540774,    -0.471620,    -0.002954,
  1968.500,    -2.481426,    -0.274184,     0.004590,
  1968.550,    -2.476771,    -0.139151,     0.003595,
  1968.600,    -2.500826,    -0.020256,    -0.000556,
  1968.650,    -2.562931,     0.057704,    -0.002349,
  1968.700,    -2.633001,     0.126500,    -0.002844,
  1968.750,    -2.694460,     0.196849,     0.002141,
  1968.800,    -2.744345,     0.276055,    -0.001053,
  1968.850,    -2.712750,     0.386146,     0.005783,
  1968.900,    -2.632741,     0.550604,     0.007307,
  1968.950,    -2.471943,     0.761621,    -0.002035,
  1969.000,    -2.237467,     0.995148,     0.005723,
  1969.050,    -1.963651,     1.263185,     0.005227,
  1969.100,    -1.671011,     1.504747,    -0.006749,
  1969.150,    -1.351052,     1.736966,     0.002913,
  1969.200,    -1.083310,     1.950218,     0.000825,
  1969.250,    -0.841421,     2.165892,    -0.002917,
  1969.300,    -0.629580,     2.372297,    -0.000583,
  1969.350,    -0.476639,     2.551492,     0.005870,
  1969.400,    -0.351533,     2.684573,    -0.001388,
  1969.450,    -0.247179,     2.762443,     0.005011,
  1969.500,    -0.153763,     2.769177,    -0.000644,
  1969.550,    -0.044807,     2.689548,     0.003817,
  1969.600,     0.070119,     2.547660,    -0.007243,
  1969.650,     0.220160,     2.324488,     0.007919,
  1969.700,     0.404029,     2.043588,    -0.001383,
  1969.750,     0.606297,     1.712643,     0.010496,
  1969.800,     0.831242,     1.336083,     0.005520,
  1969.850,     1.065155,     0.983349,     0.001139,
  1969.900,     1.306883,     0.635090,     0.004756,
  1969.950,     1.540837,     0.342800,    -0.000309,
  1970.000,     1.753958,     0.100046,    -0.005141,
  1970.050,     1.943007,    -0.091941,    -0.001304,
  1970.100,     2.122057,    -0.245837,    -0.001509,
  1970.150,     2.233450,    -0.349981,     0.002826,
  1970.200,     2.315252,    -0.411894,     0.000263,
  1970.250,     2.329712,    -0.374939,     0.004362,
  1970.300,     2.276667,    -0.297886,     0.000612,
  1970.350,     2.163005,    -0.174701,     0.005525,
  1970.400,     1.970560,    -0.031772,    -0.003948,
  1970.450,     1.727674,     0.111004,    -0.001535,
  1970.500,     1.442659,     0.235828,     0.003118,
  1970.550,     1.114486,     0.350913,    -0.005562,
  1970.600,     0.784916,     0.459225,    -0.006262,
  1970.650,     0.461307,     0.538475,     0.004780,
  1970.700,     0.148383,     0.594852,    -0.004544,
  1970.750,    -0.128916,     0.657797,     0.001239,
  1970.800,    -0.351326,     0.727599,     0.003273,
  1970.850,    -0.519544,     0.873380,    -0.005316,
  1970.900,    -0.644968,     1.066471,    -0.000100,
  1970.950,    -0.701421,     1.340791,    -0.001953,
  1971.000,    -0.714029,     1.627984,    -0.002026,
  1971.050,    -0.672079,     1.909193,     0.007566,
  1971.100,    -0.596010,     2.185365,    -0.012038,
  1971.150,    -0.496012,     2.391281,    -0.007009,
  1971.200,    -0.361800,     2.548805,     0.008226,
  1971.250,    -0.227739,     2.676173,     0.001141,
  1971.300,    -0.114070,     2.751557,    -0.000454,
  1971.350,    -0.005533,     2.791757,     0.008416,
  1971.400,     0.099242,     2.801185,     0.004616,
  1971.450,     0.208587,     2.779654,     0.001868,
  1971.500,     0.314425,     2.758441,     0.004728,
  1971.550,     0.427099,     2.736663,    -0.003677,
  1971.600,     0.571145,     2.724670,     0.008541,
  1971.650,     0.742400,     2.707239,    -0.001835,
  1971.700,     0.947385,     2.673551,     0.001883,
  1971.750,     1.165837,     2.602053,     0.006140,
  1971.800,     1.420059,     2.495804,     0.004728,
  1971.850,     1.660866,     2.391630,     0.002019,
  1971.900,     1.888961,     2.298438,     0.001579,
  1971.950,     2.076161,     2.239662,     0.000898,
  1972.000,     2.224131,     2.235702,    -0.006305,
  1972.050,     2.331512,     2.246306,     0.003731,
  1972.100,     2.393395,     2.316872,    -0.005711,
  1972.150,     2.428536,     2.409119,    -0.007448,
  1972.200,     2.430237,     2.538208,     0.003111,
  1972.250,     2.417857,     2.672016,    -0.004493,
  1972.300,     2.396243,     2.813942,    -0.002848,
  1972.350,     2.360304,     2.949297,    -0.002428,
  1972.400,     2.319798,     3.094881,    -0.006630,
  1972.450,     2.269765,     3.267785,     0.003790,
  1972.500,     2.198303,     3.458326,    -0.006341,
  1972.550,     2.142582,     3.648909,    -0.003784,
  1972.600,     2.071248,     3.853311,     0.001363,
  1972.650,     1.998863,     4.056758,     0.002223,
  1972.700,     1.949229,     4.248435,     0.005172,
  1972.750,     1.925221,     4.399661,    -0.001714,
  1972.800,     1.941371,     4.508037,     0.006560,
  1972.850,     1.991473,     4.529782,    -0.000272,
  1972.900,     2.058041,     4.421801,     0.001504,
  1972.950,     2.162251,     4.213906,    -0.002914,
  1973.000,     2.299623,     3.922542,     0.001314,
  1973.050,     2.442268,     3.598707,    -0.008241,
  1973.100,     2.595276,     3.273942,     0.005337,
  1973.150,     2.763415,     2.992230,    -0.003286,
  1973.200,     2.944538,     2.734258,    -0.000305,
  1973.250,     3.115477,     2.511369,     0.007426,
  1973.300,     3.314646,     2.326950,     0.000029,
  1973.350,     3.487417,     2.213394,    -0.001009,
  1973.400,     3.676383,     2.147750,     0.006343,
  1973.450,     3.832443,     2.168802,    -0.000305,
  1973.500,     3.966703,     2.252462,    -0.000950,
  1973.550,     4.045412,     2.353538,     0.001656,
  1973.600,     4.049652,     2.459556,    -0.003768,
  1973.650,     3.998527,     2.548107,    -0.002640,
  1973.700,     3.858649,     2.608978,     0.001296,
  1973.750,     3.651581,     2.668472,    -0.000093,
  1973.800,     3.392859,     2.681836,     0.001975,
  1973.850,     3.107457,     2.651890,    -0.006377,
  1973.900,     2.821479,     2.601219,    -0.004408,
  1973.950,     2.540981,     2.501751,    -0.003079,
  1974.000,     2.296870,     2.382528,    -0.002501,
  1974.050,     2.106162,     2.254059,     0.000081,
  1974.100,     1.964669,     2.111136,     0.005546,
  1974.150,     1.876940,     1.959719,     0.000251,
  1974.200,     1.844013,     1.781314,    -0.000804,
  1974.250,     1.850489,     1.553788,    -0.001215,
  1974.300,     1.907851,     1.314904,     0.002580,
  1974.350,     1.965836,     1.046077,     0.000354,
  1974.400,     2.054215,     0.808488,     0.008113,
  1974.450,     2.112206,     0.572219,     0.002685,
  1974.500,     2.156647,     0.353574,    -0.004955,
  1974.550,     2.177593,     0.147918,     0.002743,
  1974.600,     2.154352,    -0.053131,    -0.000862,
  1974.650,     2.106119,    -0.278866,    -0.004234,
  1974.700,     2.014673,    -0.546863,     0.002293,
  1974.750,     1.892712,    -0.885598,    -0.003322,
  1974.800,     1.765631,    -1.292237,     0.002223,
  1974.850,     1.589924,    -1.763695,    -0.002005,
  1974.900,     1.412773,    -2.262519,     0.003936,
  1974.950,     1.203551,    -2.758632,    -0.002568,
  1975.000,     0.985009,    -3.244587,    -0.000699,
  1975.050,     0.755085,    -3.661700,    -0.001009,
  1975.100,     0.526320,    -4.036174,     0.001610,
  1975.150,     0.271541,    -4.304893,     0.005073,
  1975.200,     0.027879,    -4.492260,     0.004374,
  1975.250,    -0.208898,    -4.557955,     0.004455,
  1975.300,    -0.445653,    -4.530952,     0.002662,
  1975.350,    -0.680536,    -4.432567,     0.000336,
  1975.400,    -0.930793,    -4.317241,     0.000749,
  1975.450,    -1.207645,    -4.217387,    -0.006442,
  1975.500,    -1.525294,    -4.168522,     0.003756,
  1975.550,    -1.868577,    -4.190872,     0.004385,
  1975.600,    -2.268792,    -4.245740,    -0.003818,
  1975.650,    -2.681036,    -4.364403,     0.002293,
  1975.700,    -3.119819,    -4.501265,     0.004118,
  1975.750,    -3.554693,    -4.649826,     0.009357,
  1975.800,    -3.948582,    -4.798944,    -0.006970,
  1975.850,    -4.300254,    -4.932497,     0.000919,
  1975.900,    -4.579571,    -5.001792,     0.001834,
  1975.950,    -4.778212,    -5.050057,     0.000698,
  1976.000,    -4.890349,    -5.069389,     0.000685,
  1976.050,    -4.924455,    -5.077530,    -0.002921,
  1976.100,    -4.887609,    -5.061919,     0.006616,
  1976.150,    -4.833737,    -5.026860,     0.003439,
  1976.200,    -4.748024,    -4.964168,    -0.001704,
  1976.250,    -4.670912,    -4.865255,    -0.003510,
  1976.300,    -4.630565,    -4.735550,     0.001291,
  1976.350,    -4.625238,    -4.593907,    -0.003207,
  1976.400,    -4.672074,    -4.465173,     0.014701,
  1976.450,    -4.747435,    -4.342120,     0.000926,
  1976.500,    -4.854686,    -4.238313,    -0.002877,
  1976.550,    -4.965780,    -4.179046,    -0.007116,
  1976.600,    -5.080284,    -4.111269,    -0.005814,
  1976.650,    -5.168612,    -4.049834,    -0.004115,
  1976.700,    -5.250799,    -4.000651,     0.008244,
  1976.750,    -5.301085,    -3.939579,     0.001540,
  1976.800,    -5.309395,    -3.862723,     0.008442,
  1976.850,    -5.307494,    -3.786624,    -0.000428,
  1976.900,    -5.267410,    -3.686135,     0.001703,
  1976.950,    -5.206950,    -3.579854,    -0.000193,
  1977.000,    -5.134195,    -3.445948,     0.008192,
  1977.050,    -5.044053,    -3.297243,     0.004772,
  1977.100,    -4.931923,    -3.111961,    -0.001099,
  1977.150,    -4.818533,    -2.891279,     0.002629,
  1977.200,    -4.713335,    -2.643953,    -0.000322,
  1977.250,    -4.615995,    -2.392464,     0.004278,
  1977.300,    -4.528510,    -2.151271,     0.006370,
  1977.350,    -4.462734,    -1.904334,     0.005297,
  1977.400,    -4.388404,    -1.692348,    -0.003449,
  1977.450,    -4.343748,    -1.465390,     0.000493,
  1977.500,    -4.293476,    -1.215340,    -0.005019,
  1977.550,    -4.242229,    -0.883009,     0.000367,
  1977.600,    -4.181429,    -0.502183,    -0.001650,
  1977.650,    -4.092727,    -0.077392,     0.004286,
  1977.700,    -4.009214,     0.430881,    -0.001698,
  1977.750,    -3.890331,     0.979837,    -0.004461,
  1977.800,    -3.757380,     1.571194,    -0.003704,
  1977.850,    -3.574530,     2.201740,     0.002086,
  1977.900,    -3.399563,     2.864643,    -0.001254,
  1977.950,    -3.194096,     3.530069,     0.007288,
  1978.000,    -2.962638,     4.216436,     0.008596,
  1978.050,    -2.740562,     4.852917,    -0.000652,
  1978.100,    -2.479970,     5.471197,     0.001656,
  1978.150,    -2.237695,     6.029514,     0.008922,
  1978.200,    -1.968473,     6.577106,     0.003836,
  1978.250,    -1.690125,     7.081240,     0.001525,
  1978.300,    -1.361493,     7.540474,    -0.003504,
  1978.350,    -1.005450,     7.987808,     0.002553,
  1978.400,    -0.581731,     8.381455,    -0.003067,
  1978.450,    -0.110377,     8.750167,     0.003808,
  1978.500,     0.412530,     9.049225,     0.001123,
  1978.550,     0.989175,     9.299343,     0.004662,
  1978.600,     1.607889,     9.498172,    -0.001221,
  1978.650,     2.246212,     9.676387,     0.002410,
  1978.700,     2.915457,     9.814928,     0.004286,
  1978.750,     3.568401,     9.955933,     0.005365,
  1978.800,     4.235669,    10.079596,    -0.004754,
  1978.850,     4.880064,    10.183851,    -0.003611,
  1978.900,     5.480825,    10.253537,     0.002717,
  1978.950,     6.050700,    10.265735,    -0.005563,
  1979.000,     6.593040,    10.227983,    -0.000115,
  1979.050,     7.080740,    10.126439,     0.001388,
  1979.100,     7.542153,     9.953660,    -0.004341,
  1979.150,     7.959703,     9.701780,    -0.006860,
  1979.200,     8.325076,     9.406327,    -0.000460,
  1979.250,     8.628446,     9.064274,     0.001385,
  1979.300,     8.913631,     8.690131,    -0.002811,
  1979.350,     9.160771,     8.306118,    -0.007733,
  1979.400,     9.367539,     7.938418,    -0.005258,
  1979.450,     9.549575,     7.587569,     0.002980,
  1979.500,     9.689544,     7.244363,    -0.003079,
  1979.550,     9.809824,     6.884069,    -0.005599,
  1979.600,     9.897748,     6.498276,    -0.000463,
  1979.650,     9.965553,     6.086712,    -0.004990,
  1979.700,     9.977112,     5.643844,     0.004312,
  1979.750,     9.952680,     5.183773,    -0.001073,
  1979.800,     9.856007,     4.687095,    -0.001670,
  1979.850,     9.700276,     4.160317,     0.001327,
  1979.900,     9.481055,     3.621957,    -0.000559,
  1979.950,     9.228137,     3.092668,     0.000810,
  1980.000,     8.894773,     2.554455,     0.000089,
  1980.050,     8.547013,     2.057157,     0.009962,
  1980.100,     8.189786,     1.576159,    -0.001047,
  1980.150,     7.817470,     1.091095,    -0.003437,
  1980.200,     7.417108,     0.621983,    -0.010574,
  1980.250,     7.023296,     0.159036,     0.003372,
  1980.300,     6.614265,    -0.254303,    -0.006100,
  1980.350,     6.203573,    -0.594295,     0.003664,
  1980.400,     5.770134,    -0.848282,     0.001238,
  1980.450,     5.316592,    -1.033063,     0.002831,
  1980.500,     4.844936,    -1.139637,    -0.005928,
  1980.550,     4.343757,    -1.172669,    -0.001853,
  1980.600,     3.814520,    -1.133623,    -0.002532,
  1980.650,     3.289534,    -1.029926,    -0.005034,
  1980.700,     2.752373,    -0.889794,    -0.002090,
  1980.750,     2.200154,    -0.706896,    -0.002739,
  1980.800,     1.668638,    -0.519446,    -0.002461,
  1980.850,     1.151131,    -0.263656,     0.001980,
  1980.900,     0.647316,     0.034492,     0.009551,
  1980.950,     0.176467,     0.419514,    -0.007971,
  1981.000,    -0.269532,     0.861522,     0.004628,
  1981.050,    -0.668399,     1.345447,     0.004304,
  1981.100,    -1.030111,     1.881827,     0.000156,
  1981.150,    -1.306803,     2.460123,     0.000949,
  1981.200,    -1.528209,     3.064980,     0.002217,
  1981.250,    -1.684311,     3.681604,     0.002147,
  1981.300,    -1.752656,     4.330357,    -0.001467,
  1981.350,    -1.759781,     4.972388,     0.000560,
  1981.400,    -1.690867,     5.657150,     0.000736,
  1981.450,    -1.587076,     6.353656,     0.004431,
  1981.500,    -1.403738,     7.050720,     0.000518,
  1981.550,    -1.191145,     7.726656,    -0.001716,
  1981.600,    -0.921826,     8.379840,     0.003984,
  1981.650,    -0.603200,     8.987851,     0.003032,
  1981.700,    -0.238059,     9.530329,     0.000534,
  1981.750,     0.195951,     9.982414,     0.003927,
  1981.800,     0.678610,    10.324576,    -0.002723,
  1981.850,     1.202765,    10.597112,     0.002087,
  1981.900,     1.770108,    10.775762,     0.004000,
  1981.950,     2.379358,    10.882994,    -0.004335,
  1982.000,     3.025908,    10.932218,     0.001560,
  1982.050,     3.690178,    10.928934,    -0.006171,
  1982.100,     4.366751,    10.873555,     0.000275,
  1982.150,     5.063749,    10.813559,     0.001236,
  1982.200,     5.754230,    10.740476,    -0.004697,
  1982.250,     6.446791,    10.667696,    -0.003894,
  1982.300,     7.140374,    10.569044,    -0.000305,
  1982.350,     7.786894,    10.439146,    -0.003549,
  1982.400,     8.378253,    10.261448,    -0.000115,
  1982.450,     8.914620,    10.060961,    -0.004778,
  1982.500,     9.402718,     9.844460,     0.000461,
  1982.550,     9.797970,     9.603420,     0.001916,
  1982.600,    10.114216,     9.320668,    -0.000151,
  1982.650,    10.340981,     8.978953,    -0.003701,
  1982.700,    10.497222,     8.598300,     0.000901,
  1982.750,    10.590066,     8.151557,     0.000409,
  1982.800,    10.614112,     7.726896,     0.003714,
  1982.850,    10.609299,     7.289580,     0.002264,
  1982.900,    10.564307,     6.884936,     0.004909,
  1982.950,    10.473931,     6.466459,     0.001355,
  1983.000,    10.385493,     6.040969,     0.000028,
  1983.050,    10.263463,     5.619471,     0.006328,
  1983.100,    10.131444,     5.141622,    -0.004466,
  1983.150,     9.957101,     4.595048,     0.001655,
  1983.200,     9.775737,     3.957324,    -0.004824,
  1983.250,     9.538403,     3.219589,    -0.001059,
  1983.300,     9.299630,     2.385504,     0.000961,
  1983.350,     9.005456,     1.481321,    -0.005989,
  1983.400,     8.666095,     0.466379,    -0.000752,
  1983.450,     8.329101,    -0.589543,    -0.002826,
  1983.500,     7.941288,    -1.707067,    -0.003738,
  1983.550,     7.517255,    -2.858036,     0.000025,
  1983.600,     7.092175,    -4.040284,    -0.005691,
  1983.650,     6.650457,    -5.215048,     0.008609,
  1983.700,     6.202899,    -6.417943,    -0.003851,
  1983.750,     5.750028,    -7.583142,     0.007332,
  1983.800,     5.252655,    -8.733624,    -0.004368,
  1983.850,     4.742176,    -9.815612,     0.003625,
  1983.900,     4.183999,   -10.865314,    -0.007861,
  1983.950,     3.542999,   -11.874148,     0.005017,
  1984.000,     2.833958,   -12.865495,     0.006291,
  1984.050,     2.034791,   -13.871201,    -0.001206,
  1984.100,     1.145059,   -14.864268,    -0.000449,
  1984.150,     0.183346,   -15.825518,     0.005607,
  1984.200,    -0.865958,   -16.722988,    -0.000859,
  1984.250,    -1.967230,   -17.522881,    -0.007921,
  1984.300,    -3.100593,   -18.229606,     0.005347,
  1984.350,    -4.265123,   -18.862719,     0.001932,
  1984.400,    -5.459292,   -19.386146,     0.007371,
  1984.450,    -6.644714,   -19.826333,     0.005257,
  1984.500,    -7.819852,   -20.156337,    -0.001670,
  1984.550,    -8.977693,   -20.401291,    -0.000360,
  1984.600,   -10.107210,   -20.555232,     0.006233,
  1984.650,   -11.192821,   -20.609961,     0.002844,
  1984.700,   -12.245166,   -20.573794,     0.007079,
  1984.750,   -13.266647,   -20.495147,     0.007668,
  1984.800,   -14.250475,   -20.361344,     0.002081,
  1984.850,   -15.214443,   -20.214782,    -0.001161,
  1984.900,   -16.129885,   -20.038440,     0.001977,
  1984.950,   -17.007421,   -19.838814,     0.010159,
  1985.000,   -17.813343,   -19.644558,     0.005133,
  1985.050,   -18.532203,   -19.439378,    -0.000451,
  1985.100,   -19.183397,   -19.221591,     0.011630,
  1985.150,   -19.736202,   -18.966796,     0.002004,
  1985.200,   -20.184071,   -18.646350,     0.003696,
  1985.250,   -20.541399,   -18.237858,     0.005149,
  1985.300,   -20.816934,   -17.757740,     0.003550,
  1985.350,   -20.987729,   -17.175173,     0.000508,
  1985.400,   -21.072003,   -16.548998,     0.003115,
  1985.450,   -21.079486,   -15.828773,     0.004935,
  1985.500,   -21.011294,   -15.052449,     0.004999,
  1985.550,   -20.899600,   -14.233979,     0.005178,
  1985.600,   -20.740413,   -13.336707,    -0.003543,
  1985.650,   -20.552237,   -12.400923,     0.011713,
  1985.700,   -20.344792,   -11.419059,    -0.006132,
  1985.750,   -20.122637,   -10.431501,     0.009988,
  1985.800,   -19.873208,    -9.416852,    -0.000363,
  1985.850,   -19.589872,    -8.423685,     0.003841,
  1985.900,   -19.302757,    -7.407295,     0.010366,
  1985.950,   -18.943554,    -6.405918,    -0.000191,
  1986.000,   -18.542415,    -5.444376,     0.010873,
  1986.050,   -18.069666,    -4.508468,     0.001603,
  1986.100,   -17.529238,    -3.646372,     0.002793,
  1986.150,   -16.918170,    -2.835211,     0.007496,
  1986.200,   -16.214719,    -2.088573,    -0.000895,
  1986.250,   -15.463498,    -1.385402,    -0.000534,
  1986.300,   -14.642507,    -0.700071,     0.006565,
  1986.350,   -13.759274,    -0.039902,     0.007516,
  1986.400,   -12.855646,     0.620974,     0.001279,
  1986.450,   -11.899963,     1.241331,     0.004619,
  1986.500,   -10.914755,     1.837867,     0.002865,
  1986.550,    -9.910448,     2.365335,     0.003756,
  1986.600,    -8.917248,     2.852348,     0.002653,
  1986.650,    -7.904465,     3.253279,     0.004610,
  1986.700,    -6.915554,     3.587348,    -0.003592,
  1986.750,    -5.953593,     3.851472,    -0.003081,
  1986.800,    -5.037906,     4.073254,    -0.000437,
  1986.850,    -4.154323,     4.272774,    -0.002437,
  1986.900,    -3.319509,     4.476818,     0.001287,
  1986.950,    -2.539767,     4.685400,    -0.003596,
  1987.000,    -1.800620,     4.887526,     0.003076,
  1987.050,    -1.104203,     5.064487,     0.002917,
  1987.100,    -0.443700,     5.188724,     0.001354,
  1987.150,     0.196785,     5.292223,     0.003613,
  1987.200,     0.797780,     5.385066,     0.001484,
  1987.250,     1.351373,     5.477277,     0.000864,
  1987.300,     1.876974,     5.593232,     0.004552,
  1987.350,     2.337346,     5.728366,     0.000362,
  1987.400,     2.768460,     5.870435,     0.001203,
  1987.450,     3.118097,     5.985878,     0.001212,
  1987.500,     3.420537,     6.073651,    -0.006121,
  1987.550,     3.674776,     6.096320,    -0.000179,
  1987.600,     3.896825,     6.063976,     0.001275,
  1987.650,     4.097377,     5.970976,    -0.006413,
  1987.700,     4.260212,     5.835720,    -0.000527,
  1987.750,     4.415825,     5.641673,     0.004322,
  1987.800,     4.572891,     5.399557,    -0.013039,
  1987.850,     4.711832,     5.131499,    -0.005024,
  1987.900,     4.812825,     4.863385,     0.001804,
  1987.950,     4.924466,     4.597121,    -0.001029,
  1988.000,     5.022347,     4.320688,     0.005489,
  1988.050,     5.138326,     4.005059,     0.002992,
  1988.100,     5.234927,     3.724765,     0.009873,
  1988.150,     5.336364,     3.460253,    -0.011974,
  1988.200,     5.419769,     3.269198,     0.002226,
  1988.250,     5.497769,     3.113779,     0.004880,
  1988.300,     5.528529,     3.007122,    -0.007468,
  1988.350,     5.519563,     2.892110,     0.002197,
  1988.400,     5.476357,     2.765757,    -0.002201,
  1988.450,     5.357305,     2.591515,     0.005367,
  1988.500,     5.206059,     2.401092,    -0.001239,
  1988.550,     5.010629,     2.171852,     0.002965,
  1988.600,     4.781792,     1.931702,    -0.002997,
  1988.650,     4.527621,     1.714671,    -0.005212,
  1988.700,     4.243115,     1.527587,    -0.005799,
  1988.750,     3.971610,     1.354768,     0.005686,
  1988.800,     3.695216,     1.215326,     0.000834,
  1988.850,     3.428316,     1.101225,    -0.011774,
  1988.900,     3.185116,     0.964131,     0.003214,
  1988.950,     2.965352,     0.829875,     0.000519,
  1989.000,     2.773239,     0.676633,     0.007015,
  1989.050,     2.619639,     0.505321,     0.000233,
  1989.100,     2.457033,     0.329194,    -0.004741,
  1989.150,     2.311705,     0.149912,     0.000899,
  1989.200,     2.156394,    -0.051058,    -0.003398,
  1989.250,     2.001891,    -0.256460,     0.000809,
  1989.300,     1.807596,    -0.475262,    -0.004009,
  1989.350,     1.631910,    -0.691690,    -0.002607,
  1989.400,     1.435077,    -0.906151,     0.004051,
  1989.450,     1.251486,    -1.116825,     0.005140,
  1989.500,     1.082811,    -1.255667,    -0.000813,
  1989.550,     0.927472,    -1.362392,    -0.004478,
  1989.600,     0.781027,    -1.420049,     0.001419,
  1989.650,     0.626302,    -1.419050,    -0.006651,
  1989.700,     0.493871,    -1.422460,     0.002953,
  1989.750,     0.356087,    -1.371771,     0.001366,
  1989.800,     0.191638,    -1.277981,     0.000059,
  1989.850,     0.033538,    -1.158620,    -0.007904,
  1989.900,    -0.138122,    -0.997638,     0.001372,
  1989.950,    -0.327587,    -0.812780,     0.002066,
  1990.000,    -0.534893,    -0.599282,    -0.001889,
  1990.050,    -0.736087,    -0.382660,    -0.003209,
  1990.100,    -0.961691,    -0.140277,     0.001002,
  1990.150,    -1.151715,     0.120509,     0.004734,
  1990.200,    -1.355326,     0.358214,     0.001013,
  1990.250,    -1.510471,     0.594169,    -0.009780,
  1990.300,    -1.641316,     0.808798,     0.008381,
  1990.350,    -1.726310,     1.012304,    -0.004058,
  1990.400,    -1.772964,     1.200200,     0.004608,
  1990.450,    -1.784523,     1.396147,     0.001425,
  1990.500,    -1.742591,     1.602476,     0.003187,
  1990.550,    -1.677826,     1.775011,     0.005336,
  1990.600,    -1.566226,     1.951075,    -0.005319,
  1990.650,    -1.430265,     2.149806,     0.008591,
  1990.700,    -1.254736,     2.370713,     0.000864,
  1990.750,    -1.064174,     2.663771,     0.004008,
  1990.800,    -0.847535,     2.998698,     0.001068,
  1990.850,    -0.613804,     3.365066,    -0.000072,
  1990.900,    -0.383553,     3.735063,     0.005191,
  1990.950,    -0.157684,     4.085579,    -0.003212,
  1991.000,     0.073639,     4.372270,    -0.002483,
  1991.050,     0.303339,     4.594848,     0.005191,
  1991.100,     0.523225,     4.789606,    -0.002364,
  1991.150,     0.727894,     4.917902,     0.000978,
  1991.200,     0.913973,     5.036802,    -0.004142,
  1991.250,     1.105130,     5.157613,    -0.000576,
  1991.300,     1.301056,     5.275505,     0.000491,
  1991.350,     1.505916,     5.373330,    -0.001006,
  1991.400,     1.706362,     5.467909,     0.001419,
  1991.450,     1.946757,     5.544851,    -0.005186,
  1991.500,     2.214243,     5.646578,    -0.001442,
  1991.550,     2.504343,     5.769328,     0.002866,
  1991.600,     2.822148,     5.910694,     0.000853,
  1991.650,     3.151819,     6.074697,    -0.000717,
  1991.700,     3.474550,     6.248929,    -0.002318,
  1991.750,     3.771322,     6.417949,    -0.003984,
  1991.800,     4.038070,     6.571182,    -0.001546,
  1991.850,     4.257234,     6.662289,    -0.004550,
  1991.900,     4.449082,     6.704835,    -0.000530,
  1991.950,     4.605411,     6.719840,    -0.005264,
  1992.000,     4.731946,     6.687308,    -0.001903,
  1992.050,     4.847405,     6.586983,     0.002062,
  1992.100,     4.954966,     6.436141,     0.004698,
  1992.150,     5.059186,     6.227567,     0.003775,
  1992.200,     5.154312,     6.019223,    -0.009345,
  1992.250,     5.273220,     5.788568,     0.000986,
  1992.300,     5.403078,     5.586005,     0.001512,
  1992.350,     5.525877,     5.396571,    -0.006374,
  1992.400,     5.673890,     5.220816,     0.003668,
  1992.450,     5.833288,     5.063086,    -0.000117,
  1992.500,     5.972141,     4.926888,    -0.000044,
  1992.550,     6.098040,     4.801377,    -0.001711,
  1992.600,     6.214115,     4.694032,     0.001706,
  1992.650,     6.279229,     4.602373,     0.007839,
  1992.700,     6.315777,     4.528992,     0.000661,
  1992.750,     6.282303,     4.421236,     0.001308,
  1992.800,     6.217093,     4.315143,     0.001947,
  1992.850,     6.100333,     4.186205,    -0.004070,
  1992.900,     5.937857,     4.025870,     0.002898,
  1992.950,     5.751521,     3.826354,     0.000332,
  1993.000,     5.541337,     3.582660,     0.004078,
  1993.050,     5.337464,     3.316828,     0.002449,
  1993.100,     5.133689,     3.033980,     0.007891,
  1993.150,     4.930181,     2.740707,     0.000351,
  1993.200,     4.765429,     2.492278,     0.000978,
  1993.250,     4.615388,     2.257953,    -0.004571,
  1993.300,     4.485052,     2.030805,    -0.002291,
  1993.350,     4.364841,     1.813919,     0.001571,
  1993.400,     4.258272,     1.603543,    -0.000577,
  1993.450,     4.157150,     1.417024,     0.000342,
  1993.500,     4.049754,     1.264251,    -0.003195,
  1993.550,     3.922312,     1.156431,     0.005561,
  1993.600,     3.789170,     1.139306,     0.001449,
  1993.650,     3.632859,     1.212019,     0.008959,
  1993.700,     3.438704,     1.340265,     0.006884,
  1993.750,     3.234189,     1.524413,    -0.001692,
  1993.800,     2.980213,     1.744857,     0.005158,
  1993.850,     2.715752,     1.990888,     0.007976,
  1993.900,     2.443566,     2.251539,    -0.001631,
  1993.950,     2.170886,     2.534359,     0.000174,
  1994.000,     1.901281,     2.773640,     0.000278,
  1994.050,     1.649291,     2.992127,     0.006782,
  1994.100,     1.424337,     3.193658,    -0.001249,
  1994.150,     1.210934,     3.397908,    -0.000583,
  1994.200,     1.040502,     3.580620,    -0.007809,
  1994.250,     0.891984,     3.774961,    -0.003124,
  1994.300,     0.800859,     3.940157,     0.003464,
  1994.350,     0.763141,     4.103807,     0.006689,
  1994.400,     0.786113,     4.231261,     0.002957,
  1994.450,     0.859182,     4.374366,     0.003965,
  1994.500,     1.017440,     4.497097,     0.000069,
  1994.550,     1.197182,     4.612400,     0.004003,
  1994.600,     1.426231,     4.699988,     0.000291,
  1994.650,     1.669005,     4.741763,    -0.003723,
  1994.700,     1.936227,     4.730470,     0.007001,
  1994.750,     2.191019,     4.672725,    -0.001880,
  1994.800,     2.446400,     4.582587,     0.004671,
  1994.850,     2.677742,     4.448423,    -0.005782,
  1994.900,     2.898279,     4.317742,     0.004281,
  1994.950,     3.101486,     4.169204,    -0.005068,
  1995.000,     3.293976,     4.027185,     0.008788,
  1995.050,     3.466648,     3.912399,    -0.002926,
  1995.100,     3.625904,     3.809612,     0.002437,
  1995.150,     3.780361,     3.693458,    -0.001507,
  1995.200,     3.910443,     3.580660,    -0.000603,
  1995.250,     4.033833,     3.452097,    -0.004534,
  1995.300,     4.129798,     3.330072,     0.004604,
  1995.350,     4.208890,     3.233073,    -0.000112,
  1995.400,     4.246798,     3.118894,    -0.008338,
  1995.450,     4.256995,     3.000801,     0.000940,
  1995.500,     4.245396,     2.854589,    -0.003842,
  1995.550,     4.170452,     2.671876,    -0.000582,
  1995.600,     4.076793,     2.446463,     0.003689,
  1995.650,     3.960531,     2.201209,    -0.005682,
  1995.700,     3.834150,     1.954826,     0.015471,
  1995.750,     3.705561,     1.706167,    -0.002260,
  1995.800,     3.576112,     1.481234,     0.000932,
  1995.850,     3.452623,     1.278136,    -0.000845,
  1995.900,     3.324661,     1.080767,    -0.004678,
  1995.950,     3.217061,     0.891127,     0.002285,
  1996.000,     3.091471,     0.742914,    -0.004997,
  1996.050,     2.988428,     0.625788,     0.003859,
  1996.100,     2.853518,     0.526912,    -0.005334,
  1996.150,     2.738288,     0.487190,     0.001206,
  1996.200,     2.598614,     0.466371,    -0.001149,
  1996.250,     2.444044,     0.465309,    -0.002906,
  1996.300,     2.262627,     0.434030,     0.000357,
  1996.350,     2.068600,     0.376309,     0.005671,
  1996.400,     1.848290,     0.288460,     0.000657,
  1996.450,     1.629134,     0.198562,     0.003649,
  1996.500,     1.393271,     0.057366,     0.000975,
  1996.550,     1.162863,    -0.101283,    -0.001698,
  1996.600,     0.928188,    -0.273147,     0.009372,
  1996.650,     0.717373,    -0.436767,     0.008234,
  1996.700,     0.530859,    -0.603751,    -0.001121,
  1996.750,     0.369935,    -0.748212,    -0.002576,
  1996.800,     0.238334,    -0.909656,     0.003966,
  1996.850,     0.137712,    -1.082061,     0.001644,
  1996.900,     0.056696,    -1.262970,     0.000306,
  1996.950,     0.001964,    -1.436836,     0.002229,
  1997.000,    -0.036877,    -1.614415,     0.006359,
  1997.050,    -0.075797,    -1.770888,    -0.003616,
  1997.100,    -0.128217,    -1.965117,     0.000773,
  1997.150,    -0.180229,    -2.154873,     0.001309,
  1997.200,    -0.266400,    -2.348558,    -0.000588,
  1997.250,    -0.367425,    -2.573615,     0.001178,
  1997.300,    -0.490571,    -2.784465,    -0.000962,
  1997.350,    -0.631246,    -3.015214,     0.003035,
  1997.400,    -0.791777,    -3.254744,    -0.005054,
  1997.450,    -0.951902,    -3.480471,    -0.007669,
  1997.500,    -1.106566,    -3.687316,     0.000636,
  1997.550,    -1.281458,    -3.845496,     0.004959,
  1997.600,    -1.451748,    -3.957204,    -0.001714,
  1997.650,    -1.602380,    -4.014006,    -0.008956,
  1997.700,    -1.787790,    -4.021760,     0.007517,
  1997.750,    -1.967245,    -3.976848,    -0.012012,
  1997.800,    -2.153203,    -3.915330,     0.000962,
  1997.850,    -2.330129,    -3.847050,    -0.001890,
  1997.900,    -2.524009,    -3.805684,    -0.001960,
  1997.950,    -2.727958,    -3.756040,     0.004927,
  1998.000,    -2.943954,    -3.701533,     0.006562,
  1998.050,    -3.151154,    -3.648984,    -0.000464,
  1998.100,    -3.377790,    -3.577217,     0.007185,
  1998.150,    -3.596201,    -3.493794,    -0.005225,
  1998.200,    -3.813310,    -3.405211,    -0.001644,
  1998.250,    -3.987859,    -3.309450,    -0.002316,
  1998.300,    -4.158756,    -3.226737,    -0.003563,
  1998.350,    -4.280013,    -3.136271,     0.002525,
  1998.400,    -4.373149,    -3.028389,    -0.004182,
  1998.450,    -4.406216,    -2.909250,    -0.002520,
  1998.500,    -4.414510,    -2.770608,    -0.006182,
  1998.550,    -4.381738,    -2.623039,     0.004796,
  1998.600,    -4.327169,    -2.490717,     0.006456,
  1998.650,    -4.274612,    -2.350883,     0.005593,
  1998.700,    -4.208702,    -2.217206,     0.000609,
  1998.750,    -4.139071,    -2.074845,     0.008486,
  1998.800,    -4.074654,    -1.924590,     0.002224,
  1998.850,    -4.003770,    -1.749972,    -0.000474,
  1998.900,    -3.920909,    -1.558084,     0.007930,
  1998.950,    -3.835597,    -1.355639,     0.002775,
  1999.000,    -3.756740,    -1.164060,     0.005234,
  1999.050,    -3.661725,    -0.941355,     0.003923,
  1999.100,    -3.559652,    -0.701919,     0.001613,
  1999.150,    -3.453357,    -0.454205,     0.004799,
  1999.200,    -3.337401,    -0.200576,    -0.002149,
  1999.250,    -3.213209,     0.041566,     0.007828,
  1999.300,    -3.084159,     0.280141,     0.003339,
  1999.350,    -2.943560,     0.496603,     0.003905,
  1999.400,    -2.802303,     0.686934,     0.000928,
  1999.450,    -2.640003,     0.846486,    -0.002739,
  1999.500,    -2.504497,     0.999973,    -0.004613,
  1999.550,    -2.329334,     1.111569,     0.011877,
  1999.600,    -2.170390,     1.182904,    -0.001060,
  1999.650,    -1.988354,     1.227640,    -0.008792,
  1999.700,    -1.786461,     1.243771,     0.009107,
  1999.750,    -1.579337,     1.219600,    -0.005478,
  1999.800,    -1.369796,     1.192086,    -0.005957,
  1999.850,    -1.147800,     1.097802,    -0.005738,
  1999.900,    -0.907468,     0.977208,     0.001166,
  1999.950,    -0.664164,     0.797280,     0.005549,
  2000.000,    -0.434254,     0.570906,     0.002831,

