Frequency/GHz, Amplitude rel. 1, Phase 1, Ref.Amplitude rel. 1, Ref.Phase 1, Amplitude rel. 2, Phase 2, Ref.Amplitude rel. 2, Ref.Phase 2
     0.0,  1.128917E-2,    -3.14159,  1.139734E-2,    -3.14159, 1.074353E-12,    -0.23662,          NaN,         NaN
     5.0,  2.013782E-2,    -3.03514,  1.952196E-2,    -3.02759, 9.170771E-12,    -0.24989,          NaN,         NaN
    10.0,  1.137171E-2,    -2.80668,  1.135448E-2,    -2.82401, 1.429092E-11,    -0.40441,          NaN,         NaN
    15.0,  7.317231E-3,    -2.96349,  6.893391E-3,    -2.95285, 7.698195E-12,     1.24511,          NaN,         NaN
    20.0,  7.829551E-3,    -5.62735,  7.708638E-3,    -5.66442, 2.047079E-11,     2.32820,          NaN,         NaN
    25.0,  4.178488E-2,    -3.79543,  4.140822E-2,    -3.80994, 8.142895E-12,     2.18304,          NaN,         NaN
    30.0,  1.684293E-2,    -0.87164,  1.703172E-2,    -0.86095, 6.369414E-12,     3.06903,          NaN,         NaN
    35.0,  4.947350E-2,     1.40687,  4.914021E-2,     1.37381, 7.399586E-12,     3.21519,          NaN,         NaN
    40.0,  8.978846E-2,     1.16915,  8.951635E-2,     1.14362, 9.010146E-12,     4.22968,          NaN,         NaN
    45.0,  1.311059E-1,     1.20112,  1.310916E-1,     1.17241, 6.113735E-12,     4.52233,          NaN,         NaN
    50.0,  1.337124E-1,     2.22435,  1.335767E-1,     2.19184, 1.355078E-11,     5.90829,          NaN,         NaN
    55.0,  2.962762E-1,     4.26398,  2.962238E-1,     4.23064, 1.452911E-11,     7.34389,          NaN,         NaN
    60.0,  5.450920E-2,     4.80068,  5.467207E-2,     4.76243, 6.632181E-12,     6.38846,          NaN,         NaN
    65.0,  1.348884E-1,     5.35223,  1.347595E-1,     5.31191, 1.273913E-11,     8.08092,          NaN,         NaN
    70.0,  3.652147E-1,     5.29059,  3.649300E-1,     5.24715, 8.349773E-12,     9.19400,          NaN,         NaN
    75.0,  3.331814E-1,     5.81459,  3.332555E-1,     5.76781, 1.887248E-11,     9.28347,          NaN,         NaN
    80.0,  3.842528E-1,     7.07296,  3.837750E-1,     7.02269, 2.844803E-11,    10.36370,          NaN,         NaN
    85.0,  7.164308E-2,     6.10108,  7.190131E-2,     6.03989, 9.918128E-12,     9.71585,          NaN,         NaN
    90.0,  1.680210E-1,     8.28957,  1.671482E-1,     8.23239, 1.097951E-11,    10.53896,          NaN,         NaN
    95.0,  3.049379E-1,     8.21059,  3.040993E-1,     8.15076, 1.385658E-11,    11.25417,          NaN,         NaN
   100.0,  3.962442E-1,     8.48691,  3.959367E-1,     8.42426, 1.616043E-11,    11.13940,          NaN,         NaN
   105.0,  4.217548E-1,     9.31289,  4.214218E-1,     9.24627, 1.645841E-11,    12.10574,          NaN,         NaN
   110.0,  4.339465E-1,     9.51852,  4.343300E-1,     9.45035, 1.975331E-11,    11.54562,          NaN,         NaN
   115.0,  6.273028E-1,     9.55252,  6.269670E-1,     9.48246, 2.003245E-11,    12.48628,          NaN,         NaN
   120.0,  4.309088E-1,    10.51435,  4.309590E-1,    10.43721, 1.978206E-11,    12.83791,          NaN,         NaN
   125.0,  4.789155E-1,    11.48152,  4.779002E-1,    11.40340, 1.700337E-11,    13.78460,          NaN,         NaN
   130.0,  5.574981E-1,    11.83387,  5.571747E-1,    11.75265, 2.262293E-11,    14.48862,          NaN,         NaN
   135.0,  5.217339E-1,    12.12181,  5.216113E-1,    12.03755, 2.130409E-11,    14.56288,          NaN,         NaN
   140.0,  6.413258E-1,    12.56405,  6.409553E-1,    12.47830, 3.175180E-11,    14.94265,          NaN,         NaN
   145.0,  6.643996E-1,    13.01622,  6.636582E-1,    12.92638, 2.757020E-11,    15.65448,          NaN,         NaN
   150.0,  5.638643E-1,    13.52483,  5.633495E-1,    13.43081, 2.475508E-11,    15.99951,          NaN,         NaN
   155.0,  6.599590E-1,    13.94872,  6.594102E-1,    13.85145, 1.977778E-11,    16.45619,          NaN,         NaN
   160.0,  5.730912E-1,    14.41060,  5.730069E-1,    14.31065, 2.192982E-11,    17.15120,          NaN,         NaN
   165.0,  6.559682E-1,    15.03204,  6.543322E-1,    14.92765, 2.383537E-11,    17.51902,          NaN,         NaN
   170.0,  7.945033E-1,    15.47398,  7.946697E-1,    15.36799, 3.375341E-11,    17.89367,          NaN,         NaN
   175.0,  7.723390E-1,    16.03286,  7.716473E-1,    15.92297, 3.171449E-11,    18.49661,          NaN,         NaN
   180.0,  7.137284E-1,    16.67825,  7.123767E-1,    16.56367, 2.757116E-11,    19.03575,          NaN,         NaN
   185.0,  7.810198E-1,    16.94766,  7.799843E-1,    16.83202, 3.287374E-11,    19.09516,          NaN,         NaN
   190.0,  7.361872E-1,    17.13133,  7.367877E-1,    17.01161, 2.283786E-11,    19.40565,          NaN,         NaN
   195.0,  7.636250E-1,    17.71784,  7.643026E-1,    17.59387, 2.655331E-11,    20.38894,          NaN,         NaN
   200.0,  8.228906E-1,    18.23949,  8.233112E-1,    18.11367, 2.929028E-11,    20.43091,          NaN,         NaN
   204.9,  6.362424E-1,    18.90248,  6.354925E-1,    18.77154, 3.120419E-11,    20.93178,          NaN,         NaN
   209.9,  7.067177E-1,    19.13474,  7.073504E-1,    19.00167, 3.666540E-11,    21.24697,          NaN,         NaN
   214.9,  7.420804E-1,    19.56040,  7.409951E-1,    19.42450, 2.934592E-11,    21.66796,          NaN,         NaN
   219.9,  1.072157E+0,    20.14684,  1.072555E+0,    20.00986, 3.101652E-11,    22.20908,          NaN,         NaN
   224.9,  1.124125E+0,    20.56291,  1.125239E+0,    20.42314, 4.237278E-11,    22.71706,          NaN,         NaN
   229.9,  9.127890E-1,    21.09547,  9.139134E-1,    20.95141, 4.109478E-11,    23.15652,          NaN,         NaN
   234.9,  8.217138E-1,    21.40377,  8.249028E-1,    21.25460, 3.759940E-11,    23.65881,          NaN,         NaN
   239.9,  8.631457E-1,    21.89212,  8.639850E-1,    21.74163, 3.808531E-11,    24.27465,          NaN,         NaN
   244.9,  9.690085E-1,    22.48774,  9.686894E-1,    22.33476, 2.374709E-11,    24.58616,          NaN,         NaN
   249.9,  1.002365E+0,    23.08598,  1.002332E+0,    22.92901, 4.963239E-11,    25.25636,          NaN,         NaN
   254.9,  9.362529E-1,    23.42990,  9.357808E-1,    23.27018, 3.814961E-11,    25.36487,          NaN,         NaN
   259.9,  8.473679E-1,    23.89651,  8.471802E-1,    23.73444, 2.916263E-11,    26.49873,          NaN,         NaN
   264.9,  1.129606E+0,    24.15962,  1.130146E+0,    23.99457, 4.608080E-11,    26.51069,          NaN,         NaN
   269.9,  1.030488E+0,    24.62470,  1.031357E+0,    24.45559, 4.043511E-11,    26.61249,          NaN,         NaN
   274.9,  1.074608E+0,    25.31881,  1.075458E+0,    25.14548, 4.083374E-11,    27.61082,          NaN,         NaN
   279.9,  1.013967E+0,    25.62895,  1.015029E+0,    25.45182, 3.723992E-11,    27.92185,          NaN,         NaN
   284.9,  9.270339E-1,    26.26442,  9.259248E-1,    26.08405, 3.193858E-11,    28.25912,          NaN,         NaN
   289.9,  1.088410E+0,    26.64261,  1.089773E+0,    26.45994, 3.145560E-11,    28.97218,          NaN,         NaN
   294.9,  1.084227E+0,    27.18538,  1.085749E+0,    26.99908, 4.640294E-11,    29.33330,          NaN,         NaN
   299.9,  1.031426E+0,    27.59563,  1.034380E+0,    27.40569, 3.469418E-11,    29.72850,          NaN,         NaN
   304.9,  9.202010E-1,    28.06361,  9.214633E-1,    27.87058, 3.908904E-11,    30.26965,          NaN,         NaN
   309.9,  9.372161E-1,    28.46713,  9.391688E-1,    28.27304, 2.430328E-11,    30.83930,          NaN,         NaN
   314.9,  8.374044E-1,    28.96445,  8.391015E-1,    28.76455, 3.784251E-11,    31.61826,          NaN,         NaN
   319.9,  9.963867E-1,    29.36731,  9.995389E-1,    29.16562, 3.561350E-11,    31.69348,          NaN,         NaN
   324.9,  9.170033E-1,    29.75412,  9.205350E-1,    29.54962, 3.241450E-11,    31.62574,          NaN,         NaN
   329.9,  9.171379E-1,    30.33823,  9.196055E-1,    30.12990, 3.983127E-11,    32.71117,          NaN,         NaN
   334.9,  9.673648E-1,    30.70530,  9.703821E-1,    30.49512, 4.470234E-11,    33.03306,          NaN,         NaN
   339.9,  9.547756E-1,    31.13530,  9.583136E-1,    30.92173, 2.532781E-11,    33.55860,          NaN,         NaN
   344.9,  9.162846E-1,    31.56394,  9.185369E-1,    31.34695, 2.831954E-11,    33.97599,          NaN,         NaN
   349.9,  9.493424E-1,    32.12797,  9.515640E-1,    31.90822, 4.292641E-11,    34.27763,          NaN,         NaN
   354.9,  9.634927E-1,    32.48851,  9.661747E-1,    32.26614, 4.370027E-11,    34.56501,          NaN,         NaN
   359.9,  9.068700E-1,    32.98346,  9.086989E-1,    32.75788, 3.327220E-11,    35.59930,          NaN,         NaN
   364.9,  9.324959E-1,    33.44162,  9.347222E-1,    33.21178, 3.300123E-11,    35.41165,          NaN,         NaN
   369.9,  8.806759E-1,    33.85139,  8.833534E-1,    33.61732, 4.322258E-11,    35.85260,          NaN,         NaN
   374.9,  8.842460E-1,    34.37269,  8.849056E-1,    34.13628, 2.993366E-11,    36.69778,          NaN,         NaN
   379.9,  9.004473E-1,    34.70607,  9.035457E-1,    34.46591, 3.605307E-11,    36.79773,          NaN,         NaN
   384.9,  8.828867E-1,    35.16514,  8.851055E-1,    34.92140, 4.507742E-11,    37.56844,          NaN,         NaN
   389.9,  9.339458E-1,    35.69653,  9.364160E-1,    35.45109, 2.876699E-11,    37.97192,          NaN,         NaN
   394.9,  9.096937E-1,    36.09794,  9.135607E-1,    35.84823, 3.337817E-11,    38.54595,          NaN,         NaN
   399.9,  8.629541E-1,    36.50338,  8.665604E-1,    36.25045, 2.310708E-11,    38.59037,          NaN,         NaN
   404.9,  9.235384E-1,    37.02596,  9.283909E-1,    36.76965, 3.387335E-11,    39.57814,          NaN,         NaN
   409.9,  9.008336E-1,    37.43606,  9.058590E-1,    37.17552, 3.152968E-11,    39.78109,          NaN,         NaN
   414.9,  8.542452E-1,    37.97284,  8.574705E-1,    37.71059, 3.383174E-11,    40.22212,          NaN,         NaN
   419.9,  9.150383E-1,    38.45801,  9.194092E-1,    38.19339, 2.575326E-11,    40.51771,          NaN,         NaN
   424.9,  8.105643E-1,    38.80225,  8.159648E-1,    38.53332, 3.446614E-11,    41.13851,          NaN,         NaN
   429.9,  8.485785E-1,    39.33674,  8.523049E-1,    39.06594, 3.331015E-11,    41.92020,          NaN,         NaN
   434.9,  8.342942E-1,    39.66272,  8.413192E-1,    39.38854, 2.034822E-11,    42.00130,          NaN,         NaN
   439.9,  7.843287E-1,    40.17723,  7.897843E-1,    39.89989, 2.967099E-11,    42.15546,          NaN,         NaN
   444.9,  7.925515E-1,    40.71701,  7.970007E-1,    40.43757, 3.518059E-11,    42.91523,          NaN,         NaN
   449.9,  8.227580E-1,    40.95915,  8.288637E-1,    40.67556, 2.347714E-11,    43.24232,          NaN,         NaN
   454.9,  7.337393E-1,    41.48961,  7.375294E-1,    41.20274, 3.269619E-11,    43.85207,          NaN,         NaN
   459.9,  8.730339E-1,    41.97832,  8.781279E-1,    41.69075, 3.118557E-11,    44.21496,          NaN,         NaN
   464.9,  7.976389E-1,    42.34492,  8.031493E-1,    42.05119, 1.523848E-11,    44.16453,          NaN,         NaN
   469.9,  7.859696E-1,    42.92069,  7.895388E-1,    42.62434, 2.925598E-11,    45.04871,          NaN,         NaN
   474.9,  8.536359E-1,    43.29961,  8.585860E-1,    43.00140, 3.553343E-11,    45.33190,          NaN,         NaN
   479.9,  6.938187E-1,    43.73614,  6.982269E-1,    43.43126, 3.133053E-11,    45.94249,          NaN,         NaN
   484.9,  7.730908E-1,    44.24911,  7.769961E-1,    43.94329, 3.410158E-11,    46.42492,          NaN,         NaN
   489.9,  8.248552E-1,    44.61244,  8.313693E-1,    44.30245, 2.891391E-11,    46.92851,          NaN,         NaN
   494.9,  7.279873E-1,    45.02827,  7.334981E-1,    44.71451, 3.367216E-11,    47.20031,          NaN,         NaN
   499.9,  8.156521E-1,    45.65896,  8.203239E-1,    45.34315, 2.507877E-11,    48.16904,          NaN,         NaN
   504.9,  8.143666E-1,    45.90503,  8.221862E-1,    45.58566, 2.873468E-11,    48.01100,          NaN,         NaN
   509.9,  7.433292E-1,    46.47424,  7.495284E-1,    46.15072, 3.909066E-11,    48.58183,          NaN,         NaN
   514.9,  8.551180E-1,    46.95578,  8.625775E-1,    46.63084, 2.904470E-11,    49.47250,          NaN,         NaN
   519.9,  8.073735E-1,    47.37820,  8.155795E-1,    47.04882, 2.992452E-11,    49.37712,          NaN,         NaN
   524.9,  7.580246E-1,    47.94883,  7.648340E-1,    47.61621, 3.894620E-11,    50.31962,          NaN,         NaN
   529.9,  8.332954E-1,    48.42032,  8.411432E-1,    48.08601, 3.216974E-11,    50.62438,          NaN,         NaN
   534.9,  7.406014E-1,    48.85818,  7.490406E-1,    48.51998, 2.283348E-11,    51.72456,          NaN,         NaN
   539.9,  7.151059E-1,    49.44736,  7.222296E-1,    49.10594, 2.358822E-11,    51.76715,          NaN,         NaN
   544.9,  7.385079E-1,    49.97021,  7.465940E-1,    49.62735, 2.598194E-11,    52.35560,          NaN,         NaN
   549.9,  5.527674E-1,    50.56740,  5.585996E-1,    50.22019, 1.335760E-11,    53.22649,          NaN,         NaN
   554.9,  2.653830E-1,    51.29601,  2.663089E-1,    50.94322, 1.491937E-11,    53.54253,          NaN,         NaN
   559.9,  3.147066E-1,    50.13370,  3.210100E-1,    49.78191, 9.471619E-12,    52.89674,          NaN,         NaN
   564.9,  5.784110E-1,    50.77842,  5.858069E-1,    50.42502, 1.820485E-11,    52.78059,          NaN,         NaN
   569.9,  6.669897E-1,    51.48813,  6.741363E-1,    51.13063, 2.655411E-11,    54.01880,          NaN,         NaN
   574.9,  7.443078E-1,    51.98008,  7.521760E-1,    51.62068, 2.672620E-11,    54.35193,          NaN,         NaN
   579.9,  6.831952E-1,    52.47698,  6.909106E-1,    52.11225, 1.603277E-11,    54.78287,          NaN,         NaN
   584.9,  7.003070E-1,    53.00901,  7.072621E-1,    52.64065, 2.300413E-11,    54.93830,          NaN,         NaN
   589.9,  7.251149E-1,    53.45126,  7.337912E-1,    53.07963, 3.234484E-11,    55.89625,          NaN,         NaN
   594.9,  6.756498E-1,    53.88133,  6.834318E-1,    53.50486, 1.778774E-11,    56.35862,          NaN,         NaN
   599.9,  7.203588E-1,    54.41120,  7.282794E-1,    54.03351, 2.970004E-11,    56.61978,          NaN,         NaN
   604.8,  7.195650E-1,    54.82683,  7.283947E-1,    54.44506, 2.656984E-11,    57.12429,          NaN,         NaN
   609.8,  7.013765E-1,    55.29738,  7.098045E-1,    54.91187, 2.082873E-11,    57.82609,          NaN,         NaN
   614.8,  7.068990E-1,    55.80166,  7.153213E-1,    55.41377, 1.553645E-11,    57.93520,          NaN,         NaN
   619.8,  7.059211E-1,    56.17234,  7.158726E-1,    55.78046, 2.433087E-11,    58.27226,          NaN,         NaN
   624.8,  6.833371E-1,    56.67051,  6.925449E-1,    56.27534, 3.198539E-11,    58.40468,          NaN,         NaN
   629.8,  7.090706E-1,    57.14765,  7.187342E-1,    56.75069, 2.254598E-11,    59.21588,          NaN,         NaN
   634.8,  7.205389E-1,    57.55963,  7.310801E-1,    57.15912, 2.331724E-11,    60.00502,          NaN,         NaN
   639.8,  6.756523E-1,    58.08915,  6.844437E-1,    57.68484, 2.540524E-11,    60.55820,          NaN,         NaN
   644.8,  6.891161E-1,    58.49706,  7.001611E-1,    58.09062, 2.194293E-11,    60.76824,          NaN,         NaN
   649.8,  6.772780E-1,    58.99885,  6.865275E-1,    58.58795, 1.668186E-11,    61.13175,          NaN,         NaN
   654.8,  7.100849E-1,    59.39561,  7.212536E-1,    58.98500, 2.253403E-11,    61.54696,          NaN,         NaN
   659.8,  6.624730E-1,    59.86880,  6.734955E-1,    59.45197, 2.201588E-11,    61.47544,          NaN,         NaN
   664.8,  6.757438E-1,    60.39621,  6.841339E-1,    59.97653, 2.868274E-11,    62.40514,          NaN,         NaN
   669.8,  6.496631E-1,    60.83635,  6.595553E-1,    60.41461, 2.181900E-11,    62.85842,          NaN,         NaN
   674.8,  6.208301E-1,    61.27084,  6.312142E-1,    60.84412, 1.586485E-11,    63.00292,          NaN,         NaN
   679.8,  6.206957E-1,    61.74219,  6.298268E-1,    61.31362, 1.616027E-11,    63.76402,          NaN,         NaN
   684.8,  6.388237E-1,    62.21660,  6.487706E-1,    61.78473, 2.308376E-11,    64.15386,          NaN,         NaN
   689.8,  5.905467E-1,    62.61861,  6.001585E-1,    62.18164, 1.399147E-11,    64.01483,          NaN,         NaN
   694.8,  5.833982E-1,    63.15408,  5.919593E-1,    62.71498, 1.848496E-11,    65.30837,          NaN,         NaN
   699.8,  5.577347E-1,    63.51619,  5.674913E-1,    63.07305, 1.964102E-11,    65.58329,          NaN,         NaN
   704.8,  5.438928E-1,    64.00872,  5.526508E-1,    63.56104, 2.904809E-11,    65.82802,          NaN,         NaN
   709.8,  5.596012E-1,    64.45437,  5.688314E-1,    64.00676, 1.792159E-11,    66.97836,          NaN,         NaN
   714.8,  5.462092E-1,    64.82683,  5.568638E-1,    64.37359, 1.418262E-11,    66.60645,          NaN,         NaN
   719.8,  5.078738E-1,    65.40206,  5.156660E-1,    64.94470, 1.733370E-11,    66.70683,          NaN,         NaN
   724.8,  5.408215E-1,    65.83925,  5.507581E-1,    65.38165, 9.243097E-12,    67.33115,          NaN,         NaN
   729.8,  5.116318E-1,    66.22574,  5.220516E-1,    65.76286, 2.491169E-11,    68.02995,          NaN,         NaN
   734.8,  4.774630E-1,    66.77326,  4.859472E-1,    66.30734, 2.465804E-11,    68.77009,          NaN,         NaN
   739.8,  5.147123E-1,    67.27588,  5.249381E-1,    66.80894, 2.558892E-11,    69.18794,          NaN,         NaN
   744.8,  4.170255E-1,    67.81603,  4.248467E-1,    67.34388, 1.948165E-11,    69.27393,          NaN,         NaN
   749.8,  2.477528E-1,    68.47639,  2.511985E-1,    67.99814, 1.206798E-11,    70.67005,          NaN,         NaN
   754.8,  2.840768E-1,    67.79562,  2.923374E-1,    67.31876, 1.285087E-11,    69.82628,          NaN,         NaN
   759.8,  4.137057E-1,    68.38849,  4.236231E-1,    67.90885, 1.490367E-11,    70.29482,          NaN,         NaN
   764.8,  4.703198E-1,    69.01548,  4.800131E-1,    68.53412, 2.725807E-11,    71.13573,          NaN,         NaN
   769.8,  4.941818E-1,    69.46474,  5.051799E-1,    68.97863, 1.820431E-11,    71.19908,          NaN,         NaN
   774.8,  4.735575E-1,    70.00506,  4.836737E-1,    69.51418, 2.065005E-11,    71.96637,          NaN,         NaN
   779.8,  4.802213E-1,    70.49066,  4.904080E-1,    69.99876, 1.973578E-11,    72.21665,          NaN,         NaN
   784.8,  5.035390E-1,    70.89993,  5.154000E-1,    70.40429, 2.275010E-11,    72.76906,          NaN,         NaN
   789.8,  4.646262E-1,    71.43086,  4.741664E-1,    70.93097, 1.729126E-11,    73.33367,          NaN,         NaN
   794.8,  4.910598E-1,    71.89785,  5.019526E-1,    71.39515, 9.519442E-12,    72.29093,          NaN,         NaN
   799.8,  4.791784E-1,    72.34456,  4.901209E-1,    71.83883, 1.566075E-11,    72.95819,          NaN,         NaN
   804.8,  4.567230E-1,    72.81756,  4.668698E-1,    72.30772, 2.035334E-11,    73.93428,          NaN,         NaN
   809.8,  4.626469E-1,    73.29956,  4.731380E-1,    72.78661, 2.080302E-11,    73.35507,          NaN,         NaN
   814.8,  4.528072E-1,    73.73833,  4.631559E-1,    73.22185, 1.402435E-11,    74.49222,          NaN,         NaN
   819.8,  4.356692E-1,    74.21549,  4.458642E-1,    73.69567, 8.320077E-12,    74.98058,          NaN,         NaN
   824.8,  4.331771E-1,    74.67108,  4.435617E-1,    74.14884, 1.446027E-11,    75.14749,          NaN,         NaN
   829.8,  4.182545E-1,    75.07811,  4.288650E-1,    74.55132, 1.865728E-11,    75.98682,          NaN,         NaN
   834.8,  4.131053E-1,    75.56878,  4.227878E-1,    75.03985, 1.145411E-11,    75.16960,          NaN,         NaN
   839.8,  4.152769E-1,    75.94527,  4.268451E-1,    75.41341, 1.010746E-11,    76.43625,          NaN,         NaN
   844.8,  4.026715E-1,    76.45220,  4.127479E-1,    75.91502, 1.846712E-11,    76.04835,          NaN,         NaN
   849.8,  4.113689E-1,    76.86992,  4.219699E-1,    76.33182, 1.802905E-11,    77.17013,          NaN,         NaN
   854.8,  4.067417E-1,    77.32777,  4.180697E-1,    76.78552, 1.627448E-11,    77.75833,          NaN,         NaN
   859.8,  3.940682E-1,    77.76826,  4.046696E-1,    77.22184, 1.917679E-11,    78.10184,          NaN,         NaN
   864.8,  4.050353E-1,    78.23979,  4.160519E-1,    77.69148, 2.161315E-11,    77.65171,          NaN,         NaN
   869.8,  4.014342E-1,    78.67717,  4.126125E-1,    78.12542, 1.997028E-11,    78.90410,          NaN,         NaN
   874.8,  3.947234E-1,    79.11590,  4.056595E-1,    78.56002, 1.647226E-11,    78.58324,          NaN,         NaN
   879.8,  4.058933E-1,    79.58855,  4.175809E-1,    79.03212, 1.860493E-11,    79.43451,          NaN,         NaN
   884.8,  3.849862E-1,    80.01630,  3.965438E-1,    79.45224, 1.879130E-11,    80.20764,          NaN,         NaN
   889.8,  3.997151E-1,    80.52206,  4.105628E-1,    79.95808, 1.355965E-11,    79.62825,          NaN,         NaN
   894.8,  3.998943E-1,    80.92275,  4.126069E-1,    80.35610, 9.572436E-12,    81.37176,          NaN,         NaN
   899.8,  3.910705E-1,    81.42527,  4.025259E-1,    80.85285, 1.232994E-11,    80.79758,          NaN,         NaN
   904.8,  3.966221E-1,    81.90248,  4.082878E-1,    81.32942, 1.119459E-11,    82.04154,          NaN,         NaN
   909.8,  4.016649E-1,    82.35511,  4.142992E-1,    81.77831, 9.425392E-12,    81.67666,          NaN,         NaN
   914.8,  3.581538E-1,    82.84357,  3.688508E-1,    82.26060, 8.361406E-12,    82.49767,          NaN,         NaN
   919.8,  3.725236E-1,    83.27022,  3.841786E-1,    82.68644, 1.645640E-11,    81.77905,          NaN,         NaN
   924.8,  3.744022E-1,    83.73000,  3.867420E-1,    83.14264, 1.079653E-11,    83.30021,          NaN,         NaN
   929.8,  3.531013E-1,    84.21815,  3.636829E-1,    83.62580, 6.501642E-12,    84.25992,          NaN,         NaN
   934.8,  3.709308E-1,    84.67289,  3.831651E-1,    84.08056, 1.940450E-11,    83.83954,          NaN,         NaN
   939.8,  3.330432E-1,    85.10534,  3.448413E-1,    84.50518, 1.228716E-11,    85.36726,          NaN,         NaN
   944.8,  3.350807E-1,    85.64138,  3.457550E-1,    85.03977, 1.503254E-11,    84.40623,          NaN,         NaN
   949.8,  3.365586E-1,    86.02411,  3.485480E-1,    85.42129, 8.936850E-12,    85.25755,          NaN,         NaN
   954.8,  3.187206E-1,    86.49395,  3.301573E-1,    85.88506, 1.225392E-11,    85.80327,          NaN,         NaN
   959.8,  3.165736E-1,    87.00318,  3.272846E-1,    86.39309, 1.332291E-11,    86.74886,          NaN,         NaN
   964.8,  3.096525E-1,    87.45080,  3.208436E-1,    86.83738, 1.427557E-11,    85.95186,          NaN,         NaN
   969.8,  2.758562E-1,    87.89537,  2.860318E-1,    87.27684, 1.068845E-11,    86.41776,          NaN,         NaN
   974.8,  2.795513E-1,    88.40460,  2.894599E-1,    87.78460, 9.653314E-12,    86.36333,          NaN,         NaN
   979.8,  2.745193E-1,    88.89266,  2.847502E-1,    88.27225, 2.101561E-11,    87.82168,          NaN,         NaN
   984.8,  1.806706E-1,    89.47989,  1.864848E-1,    88.85046, 1.194546E-11,    89.03577,          NaN,         NaN
   989.8,  1.716570E-1,    89.18943,  1.796293E-1,    88.55855, 1.142507E-11,    87.62472,          NaN,         NaN
   994.8,  2.427181E-1,    89.68898,  2.527165E-1,    89.05682, 7.326748E-12,    88.42154,          NaN,         NaN
   999.8,  2.647422E-1,    90.22611,  2.749384E-1,    89.59151, 1.011886E-11,    89.64673,          NaN,         NaN
  1004.7,  2.803966E-1,    90.73339,  2.916015E-1,    90.09623, 1.232596E-11,    89.70042,          NaN,         NaN
  1009.7,  2.839238E-1,    91.19164,  2.951685E-1,    90.55055, 9.707111E-12,    90.09106,          NaN,         NaN
  1014.7,  2.784296E-1,    91.70451,  2.894876E-1,    91.05933, 1.215837E-11,    91.34804,          NaN,         NaN
  1019.7,  2.982034E-1,    92.21907,  3.098296E-1,    91.57211, 9.150941E-12,    90.94907,          NaN,         NaN
  1024.7,  2.750677E-1,    92.66662,  2.865977E-1,    92.01429, 8.429573E-12,    91.03473,          NaN,         NaN
  1029.7,  2.753133E-1,    93.19036,  2.861823E-1,    92.53474, 1.270174E-11,    92.60723,          NaN,         NaN
  1034.7,  2.857064E-1,    93.64212,  2.978509E-1,    92.98487, 1.400798E-11,    93.31344,          NaN,         NaN
  1039.7,  2.696572E-1,    94.16002,  2.806165E-1,    93.49673, 1.000131E-11,    93.47028,          NaN,         NaN
  1044.7,  2.723418E-1,    94.65044,  2.838952E-1,    93.98617, 1.203613E-11,    94.34145,          NaN,         NaN
  1049.7,  2.628595E-1,    95.15928,  2.744069E-1,    94.49016, 4.993239E-12,    94.50871,          NaN,         NaN
  1054.7,  2.519825E-1,    95.64403,  2.630573E-1,    94.97186, 1.339625E-11,    93.61262,          NaN,         NaN
  1059.7,  2.605047E-1,    96.20544,  2.718619E-1,    95.53154, 1.504333E-11,    95.35758,          NaN,         NaN
  1064.7,  2.459176E-1,    96.69216,  2.571030E-1,    96.01472, 1.844056E-11,    94.75457,          NaN,         NaN
  1069.7,  2.364232E-1,    97.30684,  2.468799E-1,    96.62376, 3.514528E-12,    94.95985,          NaN,         NaN
  1074.7,  2.279568E-1,    97.92387,  2.382283E-1,    97.24121, 1.179919E-11,    94.97517,          NaN,         NaN
  1079.7,  2.009469E-1,    98.55451,  2.104111E-1,    97.86673, 1.209462E-11,    95.54265,          NaN,         NaN
  1084.7,  1.752662E-1,    99.38543,  1.828594E-1,    98.69704, 7.004595E-12,    94.86297,          NaN,         NaN
  1089.7,  1.089315E-1,   100.53319,  1.131212E-1,    99.84563, 8.002615E-12,    95.85827,          NaN,         NaN
  1094.7,  1.175307E-2,   101.81226,  1.176659E-2,   101.11033, 7.055537E-12,    94.90525,          NaN,         NaN
  1099.7,  1.151696E-2,   103.29178,  1.258280E-2,   102.61984, 9.916384E-12,    94.13378,          NaN,         NaN
  1104.7,  8.464893E-2,   104.81482,  8.962456E-2,   104.12857, 6.964601E-12,    92.83107,          NaN,         NaN
  1109.7,  7.454172E-2,   106.16404,  7.758707E-2,   105.46260, 1.056379E-11,    91.22509,          NaN,         NaN
  1114.7,  5.304297E-2,   105.56165,  5.685563E-2,   104.85022, 7.891430E-12,    90.19396,          NaN,         NaN
  1119.7,  1.455015E-1,   106.28440,  1.537409E-1,   105.58105, 1.238110E-11,    91.06184,          NaN,         NaN
  1124.7,  1.764779E-1,   107.13162,  1.854634E-1,   106.42004, 1.602227E-11,    91.13816,          NaN,         NaN
  1129.7,  1.854376E-1,   107.91746,  1.948569E-1,   107.20249, 9.457698E-12,    90.96327,          NaN,         NaN
  1134.7,  1.849722E-1,   108.57907,  1.945639E-1,   107.85954, 1.132260E-11,    91.90896,          NaN,         NaN
  1139.7,  1.782623E-1,   109.31660,  1.873517E-1,   108.59379, 9.843405E-12,    92.44526,          NaN,         NaN
  1144.7,  1.603175E-1,   110.17218,  1.681492E-1,   109.44663, 7.524090E-12,    92.98750,          NaN,         NaN
  1149.7,  1.034376E-1,   111.14273,  1.081109E-1,   110.41139, 5.546313E-12,    92.48061,          NaN,         NaN
  1154.7,  5.475789E-2,   111.57452,  5.768746E-2,   110.84148, 1.264303E-11,    93.29498,          NaN,         NaN
  1159.7,  9.759399E-3,   113.12783,  9.722279E-3,   112.38172, 9.226326E-12,    94.43167,          NaN,         NaN
  1164.7,  3.736259E-3,   113.99442,  4.312724E-3,   113.27177, 1.083446E-11,    95.31480,          NaN,         NaN
  1169.7,  8.119454E-2,   115.47956,  8.694216E-2,   114.75641, 9.757854E-12,    96.36046,          NaN,         NaN
  1174.7,  1.431268E-1,   116.74196,  1.519670E-1,   116.00587, 1.316225E-11,    96.17869,          NaN,         NaN
  1179.7,  1.636773E-1,   117.72574,  1.729654E-1,   116.98253, 7.796321E-12,    95.92524,          NaN,         NaN
  1184.7,  1.734314E-1,   118.48755,  1.833922E-1,   117.73933, 9.741874E-12,    97.02654,          NaN,         NaN
  1189.7,  1.689419E-1,   119.15485,  1.787158E-1,   118.40235, 1.051946E-11,    98.06746,          NaN,         NaN
  1194.7,  1.626963E-1,   119.86735,  1.720639E-1,   119.11147, 1.033758E-11,    99.27945,          NaN,         NaN
  1199.7,  1.440512E-1,   120.63424,  1.521885E-1,   119.87666, 7.833955E-12,   101.00328,          NaN,         NaN
  1204.7,  6.667921E-2,   121.49068,  6.963541E-2,   120.72158, 6.418366E-12,    99.75593,          NaN,         NaN
  1209.7,  5.223828E-2,   120.31125,  5.670182E-2,   119.54257, 6.588091E-12,   100.87130,          NaN,         NaN
  1214.7,  1.203902E-1,   121.07657,  1.281909E-1,   120.31279, 7.358401E-12,   100.96539,          NaN,         NaN
  1219.7,  1.257731E-1,   121.91330,  1.334499E-1,   121.14386, 1.418447E-11,   101.97837,          NaN,         NaN
  1224.7,  8.746588E-2,   122.80753,  9.192492E-2,   122.03392, 8.214671E-12,   102.87192,          NaN,         NaN
  1229.7,  4.312064E-2,   122.02692,  4.686748E-2,   121.23236, 1.428728E-11,   102.51430,          NaN,         NaN
  1234.7,  1.173533E-1,   122.49877,  1.252729E-1,   121.71961, 6.366273E-12,   103.77602,          NaN,         NaN
  1239.7,  1.376446E-1,   123.20420,  1.465395E-1,   122.41995, 8.019554E-12,   103.36765,          NaN,         NaN
  1244.7,  1.487963E-1,   123.77698,  1.583843E-1,   122.98953, 1.490979E-11,   102.50263,          NaN,         NaN
  1249.7,  1.497258E-1,   124.30460,  1.592705E-1,   123.51230, 1.061745E-11,   103.65794,          NaN,         NaN
  1254.7,  1.568435E-1,   124.87021,  1.669900E-1,   124.07443, 1.267422E-11,   104.45105,          NaN,         NaN
  1259.7,  1.558369E-1,   125.32407,  1.660351E-1,   124.52467, 7.766312E-12,   104.12310,          NaN,         NaN
  1264.7,  1.505679E-1,   125.85889,  1.603842E-1,   125.05326, 8.218141E-12,   105.83872,          NaN,         NaN
  1269.7,  1.572420E-1,   126.35966,  1.675375E-1,   125.55547, 1.335540E-11,   105.21277,          NaN,         NaN
  1274.7,  1.501043E-1,   126.77757,  1.604986E-1,   125.96736, 9.787790E-12,   105.05839,          NaN,         NaN
  1279.7,  1.515942E-1,   127.29474,  1.616110E-1,   126.48379, 1.356738E-11,   106.77675,          NaN,         NaN
  1284.7,  1.587132E-1,   127.75821,  1.697660E-1,   126.94344, 7.054627E-12,   106.48652,          NaN,         NaN
  1289.7,  1.523942E-1,   128.22536,  1.629663E-1,   127.40525, 9.199865E-12,   106.24228,          NaN,         NaN
  1294.7,  1.452225E-1,   128.77767,  1.549276E-1,   127.95372, 8.020194E-12,   105.75684,          NaN,         NaN
  1299.7,  1.543119E-1,   129.16753,  1.651794E-1,   128.34325, 5.938575E-12,   104.99539,          NaN,         NaN
  1304.7,  1.475939E-1,   129.65892,  1.579314E-1,   128.82904, 1.700085E-11,   103.99864,          NaN,         NaN
  1309.7,  1.502776E-1,   130.18499,  1.606059E-1,   129.35378, 1.462344E-11,   106.00797,          NaN,         NaN
  1314.7,  1.487352E-1,   130.65855,  1.593675E-1,   129.82522, 1.232528E-11,   106.44009,          NaN,         NaN
  1319.7,  1.238648E-1,   131.17546,  1.323236E-1,   130.33249, 7.846390E-12,   108.31439,          NaN,         NaN
  1324.7,  1.286776E-1,   131.45300,  1.383786E-1,   130.61118, 1.414348E-11,   107.96583,          NaN,         NaN
  1329.7,  1.383654E-1,   131.92346,  1.487648E-1,   131.07743, 1.017589E-11,   108.51637,          NaN,         NaN
  1334.7,  1.383498E-1,   132.45634,  1.480154E-1,   131.60704, 1.348089E-11,   106.88870,          NaN,         NaN
  1339.7,  1.372767E-1,   132.94939,  1.471543E-1,   132.09784, 8.369481E-12,   107.27418,          NaN,         NaN
  1344.7,  1.354083E-1,   133.39488,  1.455849E-1,   132.53883, 1.346251E-11,   108.61668,          NaN,         NaN
  1349.7,  1.280818E-1,   133.89915,  1.371900E-1,   133.03926, 6.361233E-12,   108.00267,          NaN,         NaN
  1354.7,  1.314586E-1,   134.34101,  1.416288E-1,   133.47988, 1.031181E-11,   108.37965,          NaN,         NaN
  1359.7,  1.267019E-1,   134.81016,  1.365423E-1,   133.94219, 1.335241E-11,   107.30457,          NaN,         NaN
  1364.7,  1.228713E-1,   135.32079,  1.321365E-1,   134.45133, 1.131330E-11,   108.78619,          NaN,         NaN
  1369.7,  1.293400E-1,   135.80656,  1.394197E-1,   134.93517, 8.250360E-12,   110.03412,          NaN,         NaN
  1374.7,  1.179879E-1,   136.30553,  1.271711E-1,   135.42766, 1.152985E-11,   111.11669,          NaN,         NaN
  1379.7,  1.174740E-1,   136.81182,  1.266281E-1,   135.93413, 1.226961E-11,   111.97531,          NaN,         NaN
  1384.7,  1.207661E-1,   137.34589,  1.303962E-1,   136.46342, 1.874581E-11,   112.77430,          NaN,         NaN
  1389.7,  1.098923E-1,   137.91729,  1.186952E-1,   137.02992, 6.095313E-12,   111.80533,          NaN,         NaN
  1394.7,  1.088489E-1,   138.60065,  1.176030E-1,   137.71396, 7.731076E-12,   111.42623,          NaN,         NaN
  1399.7,  8.892729E-2,   139.36022,  9.622521E-2,   138.47078, 7.999930E-12,   110.00865,          NaN,         NaN
  1404.6,  4.467467E-2,   140.57995,  4.758862E-2,   139.68933, 8.994346E-12,   111.99588,          NaN,         NaN
  1409.6,  1.777810E-3,   140.19139,  1.991295E-3,   139.14888, 8.114765E-12,   114.10995,          NaN,         NaN
  1414.6,  2.662224E-2,   137.42861,  2.992503E-2,   136.48910, 1.192627E-11,   114.90934,          NaN,         NaN
  1419.6,  7.833065E-2,   138.79239,  8.540893E-2,   137.84022, 9.660054E-12,   114.87988,          NaN,         NaN
  1424.6,  9.840349E-2,   139.69365,  1.070492E-1,   138.73348, 9.392141E-12,   115.10417,          NaN,         NaN
  1429.6,  1.038020E-1,   140.37919,  1.127979E-1,   139.41350, 1.082955E-11,   113.92326,          NaN,         NaN
  1434.6,  1.051650E-1,   140.98731,  1.142768E-1,   140.01674, 7.836543E-12,   114.20621,          NaN,         NaN
  1439.6,  1.064476E-1,   141.55391,  1.156480E-1,   140.58019, 1.154247E-11,   114.39187,          NaN,         NaN
  1444.6,  1.060358E-1,   142.03437,  1.156896E-1,   141.05588, 1.023227E-11,   116.58698,          NaN,         NaN
  1449.6,  1.089044E-1,   142.62514,  1.183879E-1,   141.64307, 1.765970E-11,   117.53144,          NaN,         NaN
  1454.6,  1.048528E-1,   143.10595,  1.143066E-1,   142.12139, 1.238271E-11,   119.52920,          NaN,         NaN
  1459.6,  1.020442E-1,   143.60285,  1.111994E-1,   142.61430, 1.014650E-11,   120.69451,          NaN,         NaN
  1464.6,  1.013740E-1,   144.10076,  1.104687E-1,   143.10900, 1.064552E-11,   121.87240,          NaN,         NaN
  1469.6,  1.024223E-1,   144.58565,  1.117041E-1,   143.59036, 1.095648E-11,   123.53250,          NaN,         NaN
  1474.6,  9.747871E-2,   145.08781,  1.063602E-1,   144.08859, 7.207937E-12,   124.55130,          NaN,         NaN
  1479.6,  9.668600E-2,   145.60358,  1.054622E-1,   144.60027, 1.500086E-11,   124.32304,          NaN,         NaN
  1484.6,  9.194777E-2,   146.03823,  1.007175E-1,   145.03341, 1.004709E-11,   126.50931,          NaN,         NaN
  1489.6,  8.731060E-2,   146.52446,  9.546873E-2,   145.51288, 9.123384E-12,   126.59605,          NaN,         NaN
  1494.6,  9.307900E-2,   146.98173,  1.018288E-1,   145.97140, 6.796148E-12,   126.74298,          NaN,         NaN
  1499.6,  8.715727E-2,   147.43952,  9.566041E-2,   146.42043, 6.407642E-12,   126.79717,          NaN,         NaN
  1504.6,  8.561481E-2,   147.96573,  9.380836E-2,   146.94655, 1.002081E-11,   126.46894,          NaN,         NaN
  1509.6,  8.666819E-2,   148.39639,  9.539575E-2,   147.37649, 1.081412E-11,   127.38465,          NaN,         NaN
  1514.6,  8.319826E-2,   148.85981,  9.143713E-2,   147.83618, 1.176115E-11,   128.51582,          NaN,         NaN
  1519.6,  8.507791E-2,   149.37188,  9.340404E-2,   148.34509, 1.037011E-11,   129.31557,          NaN,         NaN
  1524.6,  8.622681E-2,   149.82087,  9.474257E-2,   148.79125, 8.815923E-12,   129.76456,          NaN,         NaN
  1529.6,  8.223247E-2,   150.34137,  9.043069E-2,   149.30487, 1.105219E-11,   130.03838,          NaN,         NaN
  1534.6,  8.315812E-2,   150.86800,  9.125420E-2,   149.83211, 5.581378E-12,   131.06982,          NaN,         NaN
  1539.6,  7.869217E-2,   151.29911,  8.690476E-2,   150.25886, 1.086135E-11,   129.84099,          NaN,         NaN
  1544.6,  7.702996E-2,   151.76838,  8.482901E-2,   150.72209, 1.082270E-11,   131.31762,          NaN,         NaN
  1549.6,  8.200888E-2,   152.27258,  9.050785E-2,   151.22668, 1.241163E-11,   133.18092,          NaN,         NaN
  1554.6,  7.789179E-2,   152.76902,  8.605417E-2,   151.71660, 4.662614E-12,   132.19227,          NaN,         NaN
  1559.6,  7.600454E-2,   153.31962,  8.380237E-2,   152.26580, 9.780480E-12,   132.21839,          NaN,         NaN
  1564.6,  7.894385E-2,   153.81030,  8.715049E-2,   152.75345, 1.051042E-11,   133.08866,          NaN,         NaN
  1569.6,  7.545075E-2,   154.31311,  8.353191E-2,   153.25208, 9.370846E-12,   132.73581,          NaN,         NaN
  1574.6,  7.422070E-2,   154.88243,  8.201884E-2,   153.81773, 7.645945E-12,   132.71394,          NaN,         NaN
  1579.6,  7.305518E-2,   155.45059,  8.086221E-2,   154.38352, 1.291735E-11,   132.82373,          NaN,         NaN
  1584.6,  6.832933E-2,   156.02948,  7.577950E-2,   154.95722, 8.131459E-12,   133.33820,          NaN,         NaN
  1589.6,  6.319367E-2,   156.73802,  6.982557E-2,   155.66617, 8.086594E-12,   132.15185,          NaN,         NaN
  1594.6,  5.124373E-2,   157.47066,  5.674074E-2,   156.39802, 6.656493E-12,   132.37052,          NaN,         NaN
  1599.6,  1.652328E-2,   158.33404,  1.776337E-2,   157.24557, 6.980354E-12,   133.00819,          NaN,         NaN
  1604.6,  1.860051E-2,   156.66265,  2.139854E-2,   155.57928, 1.043355E-11,   134.35375,          NaN,         NaN
  1609.6,  4.751355E-2,   157.52728,  5.327528E-2,   156.44699, 1.067576E-11,   134.86033,          NaN,         NaN
  1614.6,  5.402337E-2,   158.34837,  6.026186E-2,   157.26256, 6.105094E-12,   132.96534,          NaN,         NaN
  1619.6,  5.728613E-2,   159.08603,  6.391780E-2,   157.99790, 7.154222E-12,   131.95848,          NaN,         NaN
  1624.6,  5.785976E-2,   159.75580,  6.459716E-2,   158.66147, 7.655032E-12,   131.50954,          NaN,         NaN
  1629.6,  5.422611E-2,   160.50559,  6.042642E-2,   159.40777, 8.692032E-12,   131.68421,          NaN,         NaN
  1634.6,  5.356280E-2,   161.27497,  5.981202E-2,   160.17628, 1.118603E-11,   132.77737,          NaN,         NaN
  1639.6,  4.845167E-2,   162.11357,  5.421031E-2,   161.01177, 1.387474E-11,   133.01321,          NaN,         NaN
  1644.6,  4.066626E-2,   163.17645,  4.531885E-2,   162.07181, 7.938524E-12,   133.90720,          NaN,         NaN
  1649.6,  3.045991E-2,   164.44778,  3.393731E-2,   163.34519, 6.726274E-12,   134.53634,          NaN,         NaN
  1654.6,  1.021751E-2,   166.40880,  1.115436E-2,   165.30487, 8.731712E-12,   135.28351,          NaN,         NaN
  1659.6,  6.429521E-4,   165.92966,  7.397604E-4,   164.87377, 7.310913E-12,   136.17521,          NaN,         NaN
  1664.6,  4.828648E-4,   166.80031,  6.013840E-4,   165.58649, 1.418364E-11,   136.91849,          NaN,         NaN
  1669.6,  5.991434E-4,   167.76468,  6.423133E-4,   166.61716, 5.836090E-12,   136.03255,          NaN,         NaN
  1674.6,  1.425513E-3,   169.02372,  1.600976E-3,   167.89080, 7.573566E-12,   137.04384,          NaN,         NaN
  1679.6,  1.357772E-2,   171.93400,  1.556559E-2,   170.85489, 8.855708E-12,   138.29925,          NaN,         NaN
  1684.6,  2.628278E-2,   173.94438,  2.985874E-2,   172.83520, 6.510048E-12,   139.86031,          NaN,         NaN
  1689.6,  3.432014E-2,   175.43047,  3.883247E-2,   174.31478, 1.262342E-11,   141.55631,          NaN,         NaN
  1694.6,  3.527364E-2,   176.68769,  3.988330E-2,   175.56223, 1.318904E-11,   143.67428,          NaN,         NaN
  1699.6,  3.093931E-2,   178.04825,  3.483943E-2,   176.91525, 9.133883E-12,   142.55810,          NaN,         NaN
  1704.6,  2.141247E-2,   179.63686,  2.398518E-2,   178.51169, 7.264949E-12,   143.76503,          NaN,         NaN
  1709.6,  4.969796E-3,   181.99441,  5.418719E-3,   180.87805, 1.301619E-11,   144.51183,          NaN,         NaN
  1714.6,  5.453790E-4,   181.75979,  5.498578E-4,   180.74976, 8.471042E-12,   146.24737,          NaN,         NaN
  1719.6,  5.297675E-4,   184.13005,  7.053820E-4,   182.89663, 1.003461E-11,   147.38627,          NaN,         NaN
  1724.6,  1.055956E-2,   186.94962,  1.230000E-2,   181.36998, 7.507017E-12,   148.61338,          NaN,         NaN
  1729.6,  2.529595E-2,   188.97620,  2.892675E-2,   183.37579, 8.220075E-12,   148.86939,          NaN,         NaN
  1734.6,  3.370956E-2,   190.24976,  3.849866E-2,   184.64304, 5.633265E-12,   147.84157,          NaN,         NaN
  1739.6,  3.640637E-2,   191.24729,  4.151029E-2,   185.62887, 1.352286E-11,   148.04789,          NaN,         NaN
  1744.6,  3.946017E-2,   192.11401,  4.490070E-2,   186.49393, 8.775225E-12,   145.97795,          NaN,         NaN
  1749.6,  3.854674E-2,   192.88322,  4.392289E-2,   187.25852, 9.854201E-12,   146.98440,          NaN,         NaN
  1754.6,  3.492370E-2,   193.70299,  3.955728E-2,   188.07123, 1.618337E-11,   148.45924,          NaN,         NaN
  1759.6,  2.142664E-2,   194.51547,  2.396828E-2,   188.87265, 8.158049E-12,   147.69246,          NaN,         NaN
  1764.6,  2.255536E-2,   194.07846,  2.615697E-2,   188.43669, 6.457716E-12,   147.54789,          NaN,         NaN
  1769.6,  3.331982E-2,   194.85124,  3.818148E-2,   189.20962, 1.281902E-11,   147.53483,          NaN,         NaN
  1774.6,  3.635229E-2,   195.58666,  4.151568E-2,   189.94331, 1.216438E-11,   145.90383,          NaN,         NaN
  1779.6,  3.509145E-2,   196.26194,  4.008403E-2,   190.61224, 1.066753E-11,   147.54804,          NaN,         NaN
  1784.6,  3.218251E-2,   197.06324,  3.675223E-2,   191.40877, 1.209423E-11,   148.46244,          NaN,         NaN
  1789.6,  2.376077E-2,   197.98742,  2.693229E-2,   192.34143, 1.623260E-11,   149.94562,          NaN,         NaN
  1794.6,  4.416450E-3,   198.24833,  4.933133E-3,   192.53828, 8.702054E-12,   149.19373,          NaN,         NaN
  1799.6,  1.151261E-2,   196.65202,  1.371855E-2,   190.99241, 1.326072E-11,   148.87578,          NaN,         NaN
  1804.5,  2.829156E-2,   197.64172,  3.270982E-2,   191.98358, 1.163067E-11,   149.00776,          NaN,         NaN
  1809.5,  3.273279E-2,   198.45019,  3.772148E-2,   192.78131, 8.902951E-12,   149.28749,          NaN,         NaN
  1814.5,  3.492206E-2,   199.13298,  4.021172E-2,   193.46227, 5.228124E-12,   149.73965,          NaN,         NaN
  1819.5,  3.620688E-2,   199.73837,  4.170884E-2,   194.06073, 1.040990E-11,   149.23857,          NaN,         NaN
  1824.5,  3.520070E-2,   200.34379,  4.057875E-2,   194.66536, 5.590152E-12,   148.56211,          NaN,         NaN
  1829.5,  3.548772E-2,   200.95063,  4.088835E-2,   195.26908, 5.652380E-12,   148.63604,          NaN,         NaN
  1834.5,  3.418922E-2,   201.49742,  3.953040E-2,   195.81002, 1.085997E-11,   148.79159,          NaN,         NaN
  1839.5,  3.257696E-2,   202.12456,  3.758871E-2,   196.43299, 4.328081E-12,   149.04591,          NaN,         NaN
  1844.5,  3.255984E-2,   202.73752,  3.764940E-2,   197.04504, 5.853112E-12,   149.58154,          NaN,         NaN
  1849.5,  2.991222E-2,   203.40536,  3.459658E-2,   197.70881, 1.016153E-11,   151.01977,          NaN,         NaN
  1854.5,  2.622688E-2,   204.23447,  3.018249E-2,   198.54102, 7.412358E-12,   150.87303,          NaN,         NaN
  1859.5,  1.819231E-2,   205.30544,  2.082524E-2,   199.61365, 9.078241E-12,   149.44551,          NaN,         NaN
  1864.5,  2.455104E-3,   206.56082,  2.702317E-3,   200.86689, 7.886188E-12,   148.72199,          NaN,         NaN
  1869.5,  1.443042E-3,   207.69128,  1.860826E-3,   202.06658, 8.896705E-12,   150.58096,          NaN,         NaN
  1874.5,  1.536577E-2,   209.53583,  1.820053E-2,   203.84140, 1.353151E-11,   149.82862,          NaN,         NaN
  1879.5,  2.188075E-2,   210.68235,  2.564220E-2,   204.97540, 9.092613E-12,   149.08147,          NaN,         NaN
  1884.5,  2.442408E-2,   211.51683,  2.846912E-2,   205.80260, 6.093580E-12,   150.91419,          NaN,         NaN
  1889.5,  2.671382E-2,   212.17436,  3.126367E-2,   206.45575, 1.605707E-11,   152.69083,          NaN,         NaN
  1894.5,  2.643460E-2,   212.84840,  3.086136E-2,   207.12465, 1.448632E-11,   151.18985,          NaN,         NaN
  1899.5,  2.729468E-2,   213.53387,  3.178322E-2,   207.81209, 7.759224E-12,   152.14550,          NaN,         NaN
  1904.5,  2.564645E-2,   214.23376,  2.987250E-2,   208.50914, 9.935936E-12,   153.47442,          NaN,         NaN
  1909.5,  2.079524E-2,   215.12412,  2.408939E-2,   209.39641, 6.964177E-12,   153.36410,          NaN,         NaN
  1914.5,  8.758300E-3,   216.31203,  9.889904E-3,   210.59208, 9.128043E-12,   154.14886,          NaN,         NaN
  1919.5,  4.398410E-4,   215.51784,  3.350815E-4,   209.27885, 1.128764E-11,   152.92909,          NaN,         NaN
  1924.5,  1.268021E-2,   213.83434,  1.527426E-2,   208.11271, 9.938375E-12,   152.26034,          NaN,         NaN
  1929.5,  2.321745E-2,   214.96685,  2.735832E-2,   209.23087, 1.181229E-11,   153.00942,          NaN,         NaN
  1934.5,  2.661756E-2,   215.74073,  3.141891E-2,   209.99455, 1.108817E-11,   152.05740,          NaN,         NaN
  1939.5,  2.837754E-2,   216.42382,  3.333580E-2,   210.67537, 6.412708E-12,   152.71056,          NaN,         NaN
  1944.5,  2.962283E-2,   217.01587,  3.473511E-2,   211.25896, 7.898341E-12,   152.85022,          NaN,         NaN
  1949.5,  2.947932E-2,   217.58409,  3.473009E-2,   211.81966, 7.447880E-12,   154.02981,          NaN,         NaN
  1954.5,  2.984943E-2,   218.14685,  3.509200E-2,   212.38372, 8.368850E-12,   155.60518,          NaN,         NaN
  1959.5,  3.000550E-2,   218.65699,  3.536865E-2,   212.89083, 1.101127E-11,   156.54463,          NaN,         NaN
  1964.5,  2.929226E-2,   219.19407,  3.450876E-2,   213.42250, 5.795748E-12,   157.04914,          NaN,         NaN
  1969.5,  2.906704E-2,   219.72951,  3.435157E-2,   213.95522, 8.904794E-12,   156.49927,          NaN,         NaN
  1974.5,  2.893989E-2,   220.21417,  3.429500E-2,   214.43648, 1.259971E-11,   155.09206,          NaN,         NaN
  1979.5,  2.789278E-2,   220.74473,  3.291362E-2,   214.96376, 1.198094E-11,   154.93842,          NaN,         NaN
  1984.5,  2.815432E-2,   221.25769,  3.327243E-2,   215.47614, 9.066185E-12,   156.53101,          NaN,         NaN
  1989.5,  2.697828E-2,   221.74192,  3.204644E-2,   215.95659, 6.477143E-12,   156.92564,          NaN,         NaN
  1994.5,  2.644723E-2,   222.26457,  3.136684E-2,   216.47332, 9.110320E-12,   156.24996,          NaN,         NaN
  1999.5,  2.630896E-2,   222.76379,  3.120449E-2,   216.97486, 6.845540E-12,   156.37990,          NaN,         NaN
  2004.5,  2.543380E-2,   223.27417,  3.022620E-2,   217.48211, 8.378308E-12,   156.94560,          NaN,         NaN
  2009.5,  2.419624E-2,   223.85108,  2.876640E-2,   218.05133, 6.113265E-12,   157.69256,          NaN,         NaN
  2014.5,  1.997880E-2,   224.35224,  2.370093E-2,   218.55044, 1.078906E-11,   157.88422,          NaN,         NaN
  2019.5,  2.186143E-2,   224.66699,  2.616700E-2,   218.86551, 6.763769E-12,   158.64003,          NaN,         NaN
  2024.5,  2.273875E-2,   225.33161,  2.696918E-2,   219.52581, 9.336842E-12,   160.28058,          NaN,         NaN
  2029.5,  2.149387E-2,   226.01016,  2.558684E-2,   220.20528, 1.337530E-11,   162.22318,          NaN,         NaN
  2034.5,  1.513086E-2,   226.93112,  1.769529E-2,   221.12694, 7.603589E-12,   162.30764,          NaN,         NaN
  2039.5,  2.292329E-3,   227.14335,  2.509131E-3,   221.27881, 1.056128E-11,   161.54982,          NaN,         NaN
  2044.5,  1.138143E-2,   225.76855,  1.409008E-2,   219.95647, 1.056498E-11,   161.45515,          NaN,         NaN
  2049.5,  1.889966E-2,   226.75536,  2.279214E-2,   220.93918, 1.215624E-11,   162.74489,          NaN,         NaN
  2054.5,  2.163870E-2,   227.50799,  2.600134E-2,   221.68607, 1.887325E-11,   164.64813,          NaN,         NaN
  2059.5,  2.185489E-2,   228.17938,  2.617637E-2,   222.35450, 6.301356E-12,   165.47762,          NaN,         NaN
  2064.5,  2.030443E-2,   228.94335,  2.419812E-2,   223.11281, 6.849468E-12,   164.89878,          NaN,         NaN
  2069.5,  1.434408E-2,   229.79721,  1.683464E-2,   223.96572, 4.389468E-12,   165.09464,          NaN,         NaN
  2074.5,  4.362539E-3,   229.18153,  5.439102E-3,   223.27687, 1.218423E-11,   165.40866,          NaN,         NaN
  2079.5,  1.549921E-2,   229.41397,  1.886799E-2,   223.57181, 4.903750E-12,   165.86821,          NaN,         NaN
  2084.5,  1.984654E-2,   230.15762,  2.394282E-2,   224.31785, 6.332913E-12,   165.82269,          NaN,         NaN
  2089.5,  2.018940E-2,   230.81540,  2.439254E-2,   224.96735, 7.383471E-12,   165.02740,          NaN,         NaN
  2094.5,  2.052542E-2,   231.44713,  2.469522E-2,   225.59190, 7.378024E-12,   164.38331,          NaN,         NaN
  2099.5,  2.041495E-2,   231.99961,  2.473245E-2,   226.14564, 7.901664E-12,   163.71598,          NaN,         NaN
  2104.5,  1.921806E-2,   232.55597,  2.326309E-2,   226.69306, 7.099463E-12,   162.45407,          NaN,         NaN
  2109.5,  1.944108E-2,   233.13131,  2.345890E-2,   227.27140, 8.242780E-12,   163.83841,          NaN,         NaN
  2114.5,  1.920078E-2,   233.65713,  2.327583E-2,   227.79613, 1.136132E-11,   163.31965,          NaN,         NaN
  2119.5,  1.806508E-2,   234.24593,  2.184056E-2,   228.37926, 1.112402E-11,   162.19189,          NaN,         NaN
  2124.5,  1.808672E-2,   234.84439,  2.185152E-2,   228.97771, 9.707718E-12,   162.27777,          NaN,         NaN
  2129.5,  1.732148E-2,   235.41126,  2.111758E-2,   229.53639, 1.725621E-11,   162.18982,          NaN,         NaN
  2134.5,  1.638664E-2,   236.08421,  1.992601E-2,   230.20689, 7.503344E-12,   163.07375,          NaN,         NaN
  2139.5,  1.603560E-2,   236.78138,  1.942716E-2,   230.90872, 8.614562E-12,   162.72008,          NaN,         NaN
  2144.5,  1.442475E-2,   237.53426,  1.747479E-2,   231.65770, 1.154059E-11,   163.96868,          NaN,         NaN
  2149.5,  1.201689E-2,   238.51932,  1.455609E-2,   232.64390, 1.512661E-11,   165.67594,          NaN,         NaN
  2154.5,  7.603781E-3,   239.84976,  9.195566E-3,   233.98455, 1.860338E-11,   165.11026,          NaN,         NaN
  2159.5,  8.549804E-4,   241.79110,  1.058191E-3,   235.85592, 1.001777E-11,   166.66405,          NaN,         NaN
  2164.5,  1.655602E-4,   240.43848,  3.014407E-4,   234.85110, 6.485410E-12,   164.78682,          NaN,         NaN
  2169.5,  2.433918E-3,   241.79028,  3.134044E-3,   235.97118, 7.542469E-12,   165.73425,          NaN,         NaN
  2174.5,  7.797054E-3,   243.80427,  9.814987E-3,   237.92537, 6.320985E-12,   165.07792,          NaN,         NaN
  2179.5,  1.021048E-2,   245.30634,  1.252549E-2,   239.41908, 1.240830E-11,   165.27998,          NaN,         NaN
  2184.5,  9.388432E-3,   246.70189,  1.138519E-2,   240.80871, 9.255246E-12,   166.16588,          NaN,         NaN
  2189.5,  4.342851E-3,   248.50500,  5.207962E-3,   242.63695, 9.667681E-12,   167.22058,          NaN,         NaN
  2194.5,  2.880386E-4,   248.34330,  2.645573E-4,   242.48009, 6.615464E-12,   166.01415,          NaN,         NaN
  2199.5,  1.203553E-3,   250.15222,  1.709356E-3,   244.32007, 9.793212E-12,   167.57246,          NaN,         NaN
  2204.4,  6.577073E-3,   252.39530,  8.288390E-3,   246.51366, 1.040748E-11,   169.77275,          NaN,         NaN
  2209.4,  8.101449E-3,   254.22392,  9.903568E-3,   248.31273, 1.069801E-11,   171.55041,          NaN,         NaN
  2214.4,  4.526443E-3,   256.11228,  5.455516E-3,   250.21701, 7.114055E-12,   171.83212,          NaN,         NaN
  2219.4,  2.699557E-4,   255.42425,  2.080378E-4,   249.65603, 1.361603E-11,   171.68553,          NaN,         NaN
  2224.4,  1.062288E-3,   257.48357,  1.302892E-3,   251.70703, 1.266656E-11,   173.43383,          NaN,         NaN
  2229.4,  6.556842E-3,   259.73767,  8.479297E-3,   253.85700, 1.036328E-11,   173.89884,          NaN,         NaN
  2234.4,  9.823978E-3,   261.29082,  1.232001E-2,   255.37327, 6.068225E-12,   174.54820,          NaN,         NaN
  2239.4,  1.091669E-2,   262.46735,  1.364710E-2,   256.53837, 1.212015E-11,   175.65918,          NaN,         NaN
  2244.4,  9.768728E-3,   263.45122,  1.216803E-2,   257.50897, 1.211181E-11,   177.16000,          NaN,         NaN
  2249.4,  9.471528E-3,   264.63236,  1.174643E-2,   258.70626, 9.383219E-12,   179.08896,          NaN,         NaN
  2254.4,  6.102909E-3,   266.17554,  7.394229E-3,   260.26727, 1.438070E-11,   178.78335,          NaN,         NaN
  2259.4,  6.056986E-4,   268.49355,  7.120485E-4,   262.56423, 4.993359E-12,   178.12121,          NaN,         NaN
  2264.4,  1.201973E-4,   266.94106,  1.034470E-4,   262.44585, 1.078792E-11,   177.80314,          NaN,         NaN
  2269.4,  2.075823E-3,   267.26266,  2.655490E-3,   261.43815, 2.029158E-11,   179.65174,          NaN,         NaN
  2274.4,  7.264472E-3,   269.36233,  9.269063E-3,   263.50156, 4.002549E-12,   178.67062,          NaN,         NaN
  2279.4,  1.016512E-2,   270.68501,  1.292418E-2,   264.79681, 1.796697E-11,   178.80161,          NaN,         NaN
  2284.4,  1.143464E-2,   271.64590,  1.453170E-2,   265.75153, 1.585023E-11,   176.43166,          NaN,         NaN
  2289.4,  1.203277E-2,   272.48148,  1.525153E-2,   266.57160, 8.621749E-12,   175.13749,          NaN,         NaN
  2294.4,  1.256200E-2,   273.21787,  1.584828E-2,   267.30635, 6.592025E-12,   174.36096,          NaN,         NaN
  2299.4,  1.269350E-2,   273.89945,  1.597502E-2,   267.97863, 9.647485E-12,   175.26770,          NaN,         NaN
  2304.4,  1.245184E-2,   274.59414,  1.575644E-2,   268.66944, 9.023087E-12,   174.92798,          NaN,         NaN
  2309.4,  1.229136E-2,   275.25691,  1.553328E-2,   269.33764, 9.273065E-12,   175.02503,          NaN,         NaN
  2314.4,  1.087448E-2,   275.95442,  1.361239E-2,   270.01933, 6.666705E-12,   176.32784,          NaN,         NaN
  2319.4,  9.744042E-3,   276.32087,  1.248554E-2,   270.37135, 1.347991E-11,   175.95286,          NaN,         NaN
  2324.4,  1.126459E-2,   276.99763,  1.430657E-2,   271.06199, 1.006928E-11,   177.73107,          NaN,         NaN
  2329.4,  1.074356E-2,   277.75237,  1.362901E-2,   271.81234, 1.038298E-11,   176.57874,          NaN,         NaN
  2334.4,  9.542079E-3,   278.62434,  1.196005E-2,   272.69757, 1.226947E-11,   176.47239,          NaN,         NaN
  2339.4,  5.401640E-3,   279.76050,  6.540962E-3,   273.83314, 9.108707E-12,   176.90640,          NaN,         NaN
  2344.4,  5.493871E-4,   278.40582,  7.703419E-4,   272.28964, 1.301425E-11,   177.11782,          NaN,         NaN
  2349.4,  5.888518E-3,   278.71660,  7.727556E-3,   272.78138, 1.141388E-11,   179.03579,          NaN,         NaN
  2354.4,  7.542846E-3,   279.93834,  9.617171E-3,   273.99452, 1.156372E-11,   177.07894,          NaN,         NaN
  2359.4,  5.814142E-3,   281.19293,  7.209230E-3,   275.25695, 1.625616E-11,   178.91763,          NaN,         NaN
  2364.4,  9.350567E-4,   281.91801,  9.977231E-4,   275.93857, 1.160790E-11,   179.34825,          NaN,         NaN
  2369.4,  3.399267E-3,   280.43253,  4.548136E-3,   274.47769, 6.141834E-12,   177.62052,          NaN,         NaN
  2374.4,  6.114423E-3,   281.90781,  7.755170E-3,   275.95754, 5.613935E-12,   176.71865,          NaN,         NaN
  2379.4,  5.282037E-3,   283.33135,  6.633290E-3,   277.39495, 1.496007E-11,   178.21694,          NaN,         NaN
  2384.4,  1.754066E-3,   285.26905,  2.142735E-3,   279.36878, 1.123940E-11,   176.91363,          NaN,         NaN
  2389.4,  1.487252E-4,   283.81320,  1.871297E-4,   277.99262, 1.912286E-11,   175.32225,          NaN,         NaN
  2394.4,  3.411333E-4,   284.23783,  4.090799E-4,   278.31818, 9.331241E-12,   174.31471,          NaN,         NaN
  2399.4,  3.200398E-3,   286.46807,  4.313326E-3,   280.55530, 1.015605E-11,   175.49466,          NaN,         NaN
  2404.4,  5.742595E-3,   288.10253,  7.504632E-3,   282.14307, 8.716423E-12,   176.92147,          NaN,         NaN
  2409.4,  6.918821E-3,   289.19104,  9.113921E-3,   283.21490, 1.035543E-11,   176.87768,          NaN,         NaN
  2414.4,  7.433938E-3,   290.09026,  9.564454E-3,   284.10956, 8.089749E-12,   178.00639,          NaN,         NaN
  2419.4,  7.589965E-3,   290.92084,  9.778606E-3,   284.92717, 1.062232E-11,   178.58847,          NaN,         NaN
  2424.4,  6.963038E-3,   291.74714,  8.994328E-3,   285.74208, 6.905677E-12,   178.85175,          NaN,         NaN
  2429.4,  5.722804E-3,   292.07885,  7.447344E-3,   286.05901, 1.393421E-11,   179.55369,          NaN,         NaN
  2434.4,  7.452391E-3,   292.85732,  9.628282E-3,   286.85366, 5.838022E-12,   179.78871,          NaN,         NaN
  2439.4,  7.329679E-3,   293.67782,  9.450330E-3,   287.67173, 1.399869E-11,   180.01673,          NaN,         NaN
  2444.4,  5.961667E-3,   294.61262,  7.549428E-3,   288.61027, 1.019537E-11,   180.26477,          NaN,         NaN
  2449.4,  5.432461E-3,   295.44313,  6.963851E-3,   289.45661, 9.944127E-12,   182.34368,          NaN,         NaN
  2454.4,  3.135248E-3,   297.06468,  3.843812E-3,   291.10966, 6.897056E-12,   181.94224,          NaN,         NaN
  2459.4,  6.436030E-5,   299.23360,  2.201044E-4,   290.27122, 7.512032E-12,   181.06141,          NaN,         NaN
  2464.4,  4.795875E-5,   297.77540,  9.726097E-5,   291.19552, 1.013031E-11,   181.67915,          NaN,         NaN
  2469.4,  2.320624E-3,   298.46065,  3.144571E-3,   288.65155, 1.035646E-11,   182.49954,          NaN,         NaN
  2474.4,  5.257644E-3,   300.30733,  6.996195E-3,   290.47140, 9.356906E-12,   181.84519,          NaN,         NaN
  2479.4,  6.697344E-3,   301.44783,  8.888926E-3,   291.58971, 7.172322E-12,   182.49515,          NaN,         NaN
  2484.4,  7.313538E-3,   302.31716,  9.712095E-3,   292.44832, 6.616017E-12,   183.71526,          NaN,         NaN
  2489.4,  7.815405E-3,   303.10557,  1.025643E-2,   293.22782, 1.266263E-11,   182.29939,          NaN,         NaN
  2494.4,  8.014976E-3,   303.79799,  1.069720E-2,   293.91201, 9.738803E-12,   183.82889,          NaN,         NaN
  2499.4,  7.995170E-3,   304.45973,  1.049886E-2,   294.56450, 7.278004E-12,   184.84822,          NaN,         NaN
  2504.4,  8.083703E-3,   305.08366,  1.068450E-2,   295.18419, 8.012750E-12,   185.89775,          NaN,         NaN
  2509.4,  8.115589E-3,   305.66454,  1.066386E-2,   295.76717, 6.731940E-12,   186.28892,          NaN,         NaN
  2514.4,  7.950349E-3,   306.25673,  1.052944E-2,   296.35550, 1.003325E-11,   186.88317,          NaN,         NaN
  2519.4,  8.084474E-3,   306.84561,  1.064495E-2,   296.94170, 8.198769E-12,   186.73239,          NaN,         NaN
  2524.4,  7.919852E-3,   307.42556,  1.050215E-2,   297.51104, 8.228258E-12,   187.05801,          NaN,         NaN
  2529.4,  7.671555E-3,   308.00506,  1.007533E-2,   298.09424, 7.088578E-12,   187.32460,          NaN,         NaN
  2534.4,  7.796237E-3,   308.54861,  1.025834E-2,   298.63792, 9.808318E-12,   186.23127,          NaN,         NaN
  2539.4,  7.623182E-3,   309.12710,  1.007819E-2,   299.21265, 1.415032E-11,   186.59776,          NaN,         NaN
  2544.4,  7.592947E-3,   309.71601,  9.926635E-3,   299.79956, 1.153852E-11,   187.31657,          NaN,         NaN
  2549.4,  7.453345E-3,   310.27245,  9.877952E-3,   300.35097, 1.182330E-11,   188.66096,          NaN,         NaN
  2554.4,  7.251724E-3,   310.87495,  9.695856E-3,   300.95394, 8.954049E-12,   188.95272,          NaN,         NaN
  2559.4,  7.213090E-3,   311.51894,  9.417874E-3,   301.59371, 1.290963E-11,   189.62276,          NaN,         NaN
  2564.4,  5.954006E-3,   312.17499,  7.815301E-3,   302.24468, 9.409580E-12,   190.10620,          NaN,         NaN
  2569.4,  6.043369E-3,   312.44379,  7.968029E-3,   302.51191, 1.610255E-11,   190.66619,          NaN,         NaN
  2574.4,  6.835885E-3,   313.13704,  9.025670E-3,   303.20129, 1.009099E-11,   190.89267,          NaN,         NaN
  2579.4,  6.918698E-3,   313.81066,  9.286475E-3,   303.87713, 1.051931E-11,   189.17657,          NaN,         NaN
  2584.4,  6.818550E-3,   314.53123,  9.042886E-3,   304.59679, 1.135664E-11,   189.68246,          NaN,         NaN
  2589.4,  6.629569E-3,   315.27149,  8.923405E-3,   305.33151, 1.029739E-11,   188.35546,          NaN,         NaN
  2594.4,  6.478784E-3,   316.02633,  8.651005E-3,   306.09338, 9.630339E-12,   189.28552,          NaN,         NaN
  2599.4,  6.077604E-3,   316.88984,  8.212899E-3,   306.95510, 6.138048E-12,   189.46903,          NaN,         NaN
  2604.3,  5.611066E-3,   317.83174,  7.676779E-3,   307.91227, 1.146949E-11,   190.73124,          NaN,         NaN
  2609.3,  5.017166E-3,   318.94690,  6.800105E-3,   309.01446, 1.184726E-11,   188.93882,          NaN,         NaN
  2614.3,  4.099264E-3,   320.34974,  5.499600E-3,   310.38418, 1.332935E-11,   190.67261,          NaN,         NaN
  2619.3,  2.787640E-3,   322.10561,  3.707560E-3,   312.14639, 8.369622E-12,   191.97510,          NaN,         NaN
  2624.3,  1.038020E-3,   324.55963,  1.334726E-3,   314.75547, 1.538317E-11,   191.09406,          NaN,         NaN
  2629.3,  1.764094E-4,   323.13040,  2.675399E-4,   312.74080, 1.000971E-11,   189.10759,          NaN,         NaN
  2634.3,  1.269735E-4,   324.79468,  7.992662E-5,   313.59055, 9.480082E-12,   190.63034,          NaN,         NaN
  2639.3,  1.377595E-4,   325.31148,  5.912894E-5,   314.67121, 8.243188E-12,   192.16694,          NaN,         NaN
  2644.3,  1.588424E-4,   325.63958,  1.361364E-4,   314.88347, 1.164988E-11,   192.61233,          NaN,         NaN
  2649.3,  2.911829E-4,   326.65398,  3.002865E-4,   315.80539, 1.098186E-11,   193.29251,          NaN,         NaN
  2654.3,  9.198677E-4,   324.66014,  1.422687E-3,   313.36274, 1.039568E-11,   193.34698,          NaN,         NaN
  2659.3,  1.491006E-3,   327.40616,  1.835412E-3,   316.12779, 1.039853E-11,   194.38955,          NaN,         NaN
  2664.3,  5.359912E-4,   327.71848,  6.744598E-4,   316.38855, 7.761396E-12,   194.15036,          NaN,         NaN
  2669.3,  2.498588E-3,   328.96018,  3.451569E-3,   317.70220, 1.125311E-11,   195.86411,          NaN,         NaN
  2674.3,  3.095026E-3,   330.61058,  4.266270E-3,   319.33866, 1.073656E-11,   195.27973,          NaN,         NaN
  2679.3,  2.322518E-3,   332.24953,  3.249237E-3,   320.94916, 1.145510E-11,   195.63031,          NaN,         NaN
  2684.3,  2.068359E-4,   333.53974,  2.743307E-4,   322.03497, 1.136402E-11,   193.87175,          NaN,         NaN
  2689.3,  1.836534E-3,   331.12211,  2.518566E-3,   319.84866, 8.896468E-12,   193.04247,          NaN,         NaN
  2694.3,  3.619371E-3,   332.60392,  5.027844E-3,   321.30544, 1.052307E-11,   192.26310,          NaN,         NaN
  2699.3,  4.204064E-3,   333.67662,  5.847428E-3,   322.36304, 9.528746E-12,   191.14211,          NaN,         NaN
  2704.3,  4.664963E-3,   334.56217,  6.454056E-3,   323.22260, 8.411834E-12,   192.27674,          NaN,         NaN
  2709.3,  4.715669E-3,   335.38471,  6.614365E-3,   324.03754, 7.598609E-12,   191.78677,          NaN,         NaN
  2714.3,  4.825842E-3,   336.19501,  6.713267E-3,   324.85713, 6.428847E-12,   192.25196,          NaN,         NaN
  2719.3,  4.958184E-3,   336.97825,  6.904477E-3,   325.63717, 1.150690E-11,   192.05307,          NaN,         NaN
  2724.3,  4.838511E-3,   337.80171,  6.606809E-3,   326.43402, 6.596971E-12,   190.81763,          NaN,         NaN
  2729.3,  4.817540E-3,   338.63147,  6.626756E-3,   327.27466, 1.003393E-11,   192.29489,          NaN,         NaN
  2734.3,  4.614846E-3,   339.49104,  6.296219E-3,   328.11664, 5.947519E-12,   191.72774,          NaN,         NaN
  2739.3,  4.062436E-3,   340.42888,  5.648468E-3,   329.05719, 8.632766E-12,   193.12777,          NaN,         NaN
  2744.3,  3.806805E-3,   341.40876,  5.223094E-3,   330.05979, 6.577776E-12,   193.39512,          NaN,         NaN
  2749.3,  3.278449E-3,   342.64592,  4.497150E-3,   331.29993, 1.101466E-11,   191.95579,          NaN,         NaN
  2754.3,  2.250611E-3,   344.22546,  3.149076E-3,   332.87645, 8.227531E-12,   191.58329,          NaN,         NaN
  2759.3,  1.164515E-3,   346.49516,  1.606994E-3,   335.12975, 7.444528E-12,   192.45736,          NaN,         NaN
  2764.3,  2.793291E-4,   343.65110,  2.049198E-4,   332.36184, 8.853686E-12,   191.56104,          NaN,         NaN
  2769.3,  1.325538E-4,   342.55410,  8.693428E-5,   330.62560, 1.065173E-11,   189.96750,          NaN,         NaN
  2774.3,  9.885743E-5,   342.66197,  1.438887E-4,   331.88557, 1.463743E-11,   188.90823,          NaN,         NaN
  2779.3,  1.381584E-4,   344.29933,  7.521686E-5,   333.03013, 1.048339E-11,   190.05635,          NaN,         NaN
  2784.3,  4.374383E-4,   346.70398,  5.865015E-4,   335.54187, 5.594607E-12,   189.85964,          NaN,         NaN
  2789.3,  1.532395E-3,   349.49261,  2.296151E-3,   338.32031, 1.044886E-11,   189.31261,          NaN,         NaN
  2794.3,  2.395510E-3,   351.37258,  3.512862E-3,   340.14536, 1.042278E-11,   187.78608,          NaN,         NaN
  2799.3,  3.042366E-3,   352.76569,  4.308546E-3,   341.52937, 7.756966E-12,   187.38881,          NaN,         NaN
  2804.3,  3.531106E-3,   353.88653,  4.962359E-3,   342.62502, 7.655574E-12,   187.28466,          NaN,         NaN
  2809.3,  3.746985E-3,   354.86446,  5.330476E-3,   343.58851, 8.928382E-12,   186.98985,          NaN,         NaN
  2814.3,  3.987215E-3,   355.75824,  5.711330E-3,   344.48023, 1.433515E-11,   189.14290,          NaN,         NaN
  2819.3,  4.282239E-3,   356.56055,  6.029500E-3,   345.28042, 1.055906E-11,   191.54248,          NaN,         NaN
  2824.3,  4.377911E-3,   357.35575,  6.198076E-3,   346.06907, 7.810736E-12,   191.16403,          NaN,         NaN
  2829.3,  4.575328E-3,   358.11818,  6.467243E-3,   346.81739, 1.277924E-11,   190.76569,          NaN,         NaN
  2834.3,  4.556330E-3,   358.84139,  6.523533E-3,   347.53812, 7.784758E-12,   191.48821,          NaN,         NaN
  2839.3,  4.622300E-3,   359.59772,  6.597628E-3,   348.27066, 7.568435E-12,   192.27880,          NaN,         NaN
  2844.3,  4.579657E-3,   360.31409,  6.515414E-3,   348.99977, 6.456699E-12,   191.53095,          NaN,         NaN
  2849.3,  4.583232E-3,   361.04079,  6.483958E-3,   349.71268, 8.292810E-12,   191.19951,          NaN,         NaN
  2854.3,  4.534643E-3,   361.82001,  6.425933E-3,   350.49839, 1.504942E-11,   191.93504,          NaN,         NaN
  2859.3,  4.382960E-3,   362.66872,  6.209429E-3,   351.34784, 1.871829E-11,   193.71421,          NaN,         NaN
  2864.3,  4.113325E-3,   363.62521,  5.710407E-3,   352.30650, 8.475262E-12,   194.01801,          NaN,         NaN
  2869.3,  3.134385E-3,   364.85211,  4.350543E-3,   353.54484, 5.752713E-12,   193.50246,          NaN,         NaN
  2874.3,  9.286050E-4,   366.72844,  1.350938E-3,   355.45280, 8.537712E-12,   193.39421,          NaN,         NaN
  2879.3,  2.145474E-4,   365.53978,  2.329147E-4,   354.20110, 1.526034E-11,   192.03200,          NaN,         NaN
  2884.3,  1.206457E-4,   365.95935,  1.746343E-4,   354.81614, 7.878051E-12,   193.97867,          NaN,         NaN
  2889.3,  1.436017E-3,   368.39703,  2.137677E-3,   357.07963, 1.285830E-11,   194.88919,          NaN,         NaN
  2894.3,  2.740679E-3,   370.15249,  4.035099E-3,   358.80834, 4.492599E-12,   194.37318,          NaN,         NaN
  2899.3,  3.354042E-3,   371.28869,  4.912525E-3,   359.95265, 6.568591E-12,   194.57101,          NaN,         NaN
  2904.3,  3.617143E-3,   372.20663,  5.226235E-3,   360.85636, 7.163535E-12,   195.55224,          NaN,         NaN
  2909.3,  3.703806E-3,   373.06983,  5.417618E-3,   361.72177, 1.112774E-11,   196.86900,          NaN,         NaN
  2914.3,  3.755746E-3,   373.89146,  5.526892E-3,   362.52512, 1.208678E-11,   195.85042,          NaN,         NaN
  2919.3,  3.584430E-3,   374.65450,  5.269182E-3,   363.31245, 9.043509E-12,   196.30564,          NaN,         NaN
  2924.3,  3.608830E-3,   375.48641,  5.176824E-3,   364.13215, 1.050794E-11,   196.87982,          NaN,         NaN
  2929.3,  3.513707E-3,   376.33369,  5.077446E-3,   364.95499, 4.876655E-12,   197.17089,          NaN,         NaN
  2934.3,  3.275698E-3,   377.19447,  4.726901E-3,   365.82297, 1.158114E-11,   197.41911,          NaN,         NaN
  2939.3,  2.930071E-3,   378.17668,  4.319638E-3,   366.81189, 7.298784E-12,   199.04970,          NaN,         NaN
  2944.3,  2.639805E-3,   379.26730,  3.961147E-3,   367.90230, 1.210259E-11,   197.95234,          NaN,         NaN
  2949.3,  2.075332E-3,   380.64660,  3.141813E-3,   369.29096, 1.324326E-11,   197.01775,          NaN,         NaN
  2954.3,  1.298757E-3,   382.45891,  2.012461E-3,   371.15814, 9.930959E-12,   195.73524,          NaN,         NaN
  2959.3,  3.470385E-4,   385.10218,  4.227268E-4,   373.71104, 7.127078E-12,   194.53354,          NaN,         NaN
  2964.3,  1.267209E-4,   384.10467,  1.662011E-4,   372.89813, 1.306813E-11,   194.59274,          NaN,         NaN
  2969.3,  9.127561E-5,   384.82785,  1.029437E-4,   373.30782, 9.626066E-12,   195.29930,          NaN,         NaN
  2974.3,  1.126405E-4,   385.93697,  7.620629E-5,   374.72683, 7.211570E-12,   195.58486,          NaN,         NaN
  2979.3,  3.679568E-4,   388.49534,  6.055069E-4,   377.16048, 5.804439E-12,   194.88509,          NaN,         NaN
  2984.3,  9.938165E-4,   385.53268,  1.553237E-3,   377.77558, 1.223469E-11,   194.84250,          NaN,         NaN
  2989.3,  1.181497E-3,   387.95445,  1.804810E-3,   380.22104, 1.110141E-11,   195.52127,          NaN,         NaN
  2994.3,  7.157061E-4,   390.73227,  1.093951E-3,   382.89732, 6.545380E-12,   196.33670,          NaN,         NaN
  2999.3,  2.462579E-4,   387.81327,  4.196295E-4,   384.42070, 5.646584E-12,   196.84890,          NaN,         NaN
  3004.2,  3.194758E-5,   387.34234,  7.530457E-5,   382.98183, 1.449609E-11,   197.72278,          NaN,         NaN
  3009.2,  8.231666E-5,   387.96094,  8.997612E-5,   384.23108, 1.293887E-11,   197.02300,          NaN,         NaN
  3014.2,  5.715408E-5,   388.75527,  8.580260E-5,   385.11593, 8.624693E-12,   198.30658,          NaN,         NaN
  3019.2,  5.268986E-5,   389.98480,  9.124630E-5,   387.08561, 6.045374E-12,   196.37617,          NaN,         NaN
  3024.2,  3.207770E-4,   390.92288,  5.003636E-4,   388.35482, 5.819419E-12,   195.74501,          NaN,         NaN
  3029.2,  8.469479E-4,   388.53481,  1.368455E-3,   385.77403, 1.283674E-11,   196.40821,          NaN,         NaN
  3034.2,  1.061324E-3,   391.32453,  1.661059E-3,   388.50491, 1.055665E-11,   195.40887,          NaN,         NaN
  3039.2,  2.888231E-4,   394.05532,  3.895633E-4,   391.07845, 1.200452E-11,   194.34683,          NaN,         NaN
  3044.2,  4.895196E-5,   395.53344,  7.062588E-5,   390.88408, 6.538667E-12,   194.80274,          NaN,         NaN
  3049.2,  1.002948E-3,   397.25416,  1.521508E-3,   388.62025, 1.014781E-11,   194.88668,          NaN,         NaN
  3054.2,  1.917133E-3,   399.06770,  2.917346E-3,   390.38018, 8.590640E-12,   193.79610,          NaN,         NaN
  3059.2,  2.270384E-3,   400.35648,  3.501942E-3,   391.65748, 1.521535E-11,   194.04936,          NaN,         NaN
  3064.2,  2.432753E-3,   401.39951,  3.727593E-3,   392.69104, 6.171142E-12,   193.44710,          NaN,         NaN
  3069.2,  2.573737E-3,   402.38252,  3.988180E-3,   393.65278, 9.734436E-12,   194.72592,          NaN,         NaN
  3074.2,  2.677816E-3,   403.27326,  4.076515E-3,   394.52288, 9.198117E-12,   195.39577,          NaN,         NaN
  3079.2,  2.638335E-3,   404.13718,  4.066436E-3,   395.37301, 1.200829E-11,   195.55642,          NaN,         NaN
  3084.2,  2.750572E-3,   404.94716,  4.184887E-3,   396.19775, 1.144732E-11,   197.21317,          NaN,         NaN
  3089.2,  2.699870E-3,   405.77070,  4.185392E-3,   397.00191, 4.880359E-12,   197.59441,          NaN,         NaN
  3094.2,  2.705955E-3,   406.60312,  4.204284E-3,   397.84149, 1.454123E-11,   198.29276,          NaN,         NaN
  3099.2,  2.723340E-3,   407.44862,  4.128696E-3,   398.67167, 9.683755E-12,   198.37449,          NaN,         NaN
  3104.2,  2.700348E-3,   408.33959,  4.078226E-3,   399.58700, 1.142339E-11,   197.52052,          NaN,         NaN
  3109.2,  2.556795E-3,   409.37398,  3.795238E-3,   400.62163, 6.606447E-12,   197.20086,          NaN,         NaN
  3114.2,  2.175631E-3,   410.62840,  3.265936E-3,   401.85618, 1.214294E-11,   197.87919,          NaN,         NaN
  3119.2,  1.362487E-3,   412.15679,  2.049630E-3,   403.40403, 8.054382E-12,   195.91124,          NaN,         NaN
  3124.2,  1.230370E-4,   414.77843,  1.992945E-4,   405.06545, 7.535068E-12,   195.26004,          NaN,         NaN
  3129.2,  9.268590E-5,   413.19383,  2.963916E-5,   406.59630, 9.564156E-12,   196.13791,          NaN,         NaN
  3134.2,  6.294098E-5,   411.96281,  1.037172E-4,   407.95943, 1.021365E-11,   196.33487,          NaN,         NaN
  3139.2,  1.160509E-4,   411.83014,  1.402228E-4,   408.72999, 1.243334E-11,   196.36735,          NaN,         NaN
  3144.2,  7.463635E-4,   414.11969,  1.252902E-3,   410.67826, 6.089624E-12,   197.39631,          NaN,         NaN
  3149.2,  1.083252E-3,   416.58771,  1.705231E-3,   413.04992, 1.239263E-11,   197.08937,          NaN,         NaN
  3154.2,  1.043336E-3,   418.79422,  1.626676E-3,   415.27018, 2.107942E-11,   195.02725,          NaN,         NaN
  3159.2,  2.705575E-4,   421.62358,  4.302745E-4,   418.15199, 1.058484E-11,   196.01285,          NaN,         NaN
  3164.2,  1.247337E-4,   420.57440,  1.367748E-4,   417.35570, 7.194395E-12,   197.12550,          NaN,         NaN
  3169.2,  9.223747E-5,   422.29444,  1.441110E-4,   419.66585, 1.007508E-11,   197.54911,          NaN,         NaN
  3174.2,  5.709593E-4,   421.68008,  8.505090E-4,   418.22306, 6.401207E-12,   198.33235,          NaN,         NaN
  3179.2,  3.942779E-4,   424.08255,  5.721185E-4,   420.88316, 9.190275E-12,   198.68430,          NaN,         NaN
  3184.2,  7.085515E-4,   422.89223,  1.143030E-3,   419.65474, 4.768858E-12,   197.79277,          NaN,         NaN
  3189.2,  1.620819E-3,   424.59352,  2.668711E-3,   421.28877, 6.086858E-12,   197.85718,          NaN,         NaN
  3194.2,  1.824648E-3,   425.78362,  3.011862E-3,   422.48943, 2.114190E-11,   198.47538,          NaN,         NaN
  3199.2,  2.014274E-3,   426.87546,  3.154772E-3,   423.55232, 1.111207E-11,   199.93513,          NaN,         NaN
  3204.2,  1.649977E-3,   428.00057,  2.715952E-3,   424.63933, 8.249123E-12,   199.91855,          NaN,         NaN
  3209.2,  4.633804E-4,   428.86188,  7.087466E-4,   425.37965, 9.706210E-12,   201.01039,          NaN,         NaN
  3214.2,  1.518984E-3,   428.53820,  2.449508E-3,   425.24739, 6.586524E-12,   201.84152,          NaN,         NaN
  3219.2,  1.700100E-3,   429.85728,  2.598523E-3,   426.52665, 1.021516E-11,   202.60085,          NaN,         NaN
  3224.2,  9.761062E-4,   431.43153,  1.418655E-3,   428.10027, 8.235980E-12,   202.64932,          NaN,         NaN
  3229.2,  8.716239E-5,   431.47026,  1.124523E-4,   427.77970, 7.696632E-12,   201.97401,          NaN,         NaN
  3234.2,  8.270323E-4,   431.68546,  1.344713E-3,   425.98007, 9.128094E-12,   202.09327,          NaN,         NaN
  3239.2,  1.649347E-3,   433.34405,  2.687338E-3,   427.59414, 9.157710E-12,   201.78746,          NaN,         NaN
  3244.2,  1.926955E-3,   434.32875,  3.080687E-3,   428.56523, 1.071391E-11,   200.22833,          NaN,         NaN
  3249.2,  2.093410E-3,   435.11816,  3.412579E-3,   429.36743, 7.992039E-12,   200.70802,          NaN,         NaN
  3254.2,  2.111780E-3,   435.85633,  3.474636E-3,   430.08064, 7.820228E-12,   200.99626,          NaN,         NaN
  3259.2,  2.094438E-3,   436.53321,  3.484211E-3,   430.78902, 8.979348E-12,   202.65340,          NaN,         NaN
  3264.2,  2.192047E-3,   437.17309,  3.418040E-3,   431.43792, 4.686526E-12,   201.93918,          NaN,         NaN
  3269.2,  2.179413E-3,   437.82989,  3.435211E-3,   432.03956, 8.322406E-12,   202.93984,          NaN,         NaN
  3274.2,  2.103706E-3,   438.47254,  3.384958E-3,   432.65922, 7.943986E-12,   202.55664,          NaN,         NaN
  3279.2,  2.099983E-3,   439.09928,  3.332949E-3,   433.29034, 5.344251E-12,   202.31198,          NaN,         NaN
  3284.2,  2.071716E-3,   439.70763,  3.359541E-3,   433.90983, 9.457011E-12,   202.95642,          NaN,         NaN
  3289.2,  1.973623E-3,   440.34814,  3.207842E-3,   434.54934, 9.645120E-12,   204.08944,          NaN,         NaN
  3294.2,  1.932642E-3,   441.02251,  3.075804E-3,   435.20738, 5.889631E-12,   205.02329,          NaN,         NaN
  3299.2,  1.850288E-3,   441.66112,  3.039371E-3,   435.87840, 9.297221E-12,   206.28387,          NaN,         NaN
  3304.2,  1.759101E-3,   442.42863,  2.890727E-3,   436.62301, 9.332286E-12,   204.16463,          NaN,         NaN
  3309.2,  1.633007E-3,   443.26031,  2.652321E-3,   437.51886, 8.675830E-12,   205.35877,          NaN,         NaN
  3314.2,  1.357005E-3,   444.30288,  2.189746E-3,   438.51098, 1.563151E-11,   206.84170,          NaN,         NaN
  3319.2,  8.701290E-4,   445.74173,  1.358268E-3,   439.95526, 1.006267E-11,   206.71051,          NaN,         NaN
  3324.2,  1.618243E-4,   448.15509,  2.056823E-4,   442.37773, 8.707064E-12,   205.41716,          NaN,         NaN
  3329.2,  3.001476E-5,   448.99177,  8.441772E-5,   440.54767, 1.141838E-11,   204.43026,          NaN,         NaN
  3334.2,  4.312913E-5,   448.86324,  9.249594E-5,   438.81085, 1.306755E-11,   204.16498,          NaN,         NaN
  3339.2,  4.909045E-4,   449.11875,  8.574266E-4,   440.23123, 1.180228E-11,   205.83176,          NaN,         NaN
  3344.2,  1.116260E-3,   451.04913,  1.815120E-3,   442.09797, 1.294468E-11,   207.23267,          NaN,         NaN
  3349.2,  1.451397E-3,   452.34210,  2.418951E-3,   443.32324, 7.784075E-12,   206.08119,          NaN,         NaN
  3354.2,  1.712721E-3,   453.29031,  2.834475E-3,   444.28182, 9.544494E-12,   205.84700,          NaN,         NaN
  3359.2,  1.825195E-3,   454.15775,  3.001483E-3,   445.13388, 1.235913E-11,   207.99986,          NaN,         NaN
  3364.2,  1.905945E-3,   454.87301,  3.193955E-3,   445.85085, 1.029959E-11,   209.44705,          NaN,         NaN
  3369.2,  1.961611E-3,   455.57192,  3.247516E-3,   446.52419, 7.391822E-12,   209.71931,          NaN,         NaN
  3374.2,  1.929240E-3,   456.18406,  3.342149E-3,   447.17614, 1.009965E-11,   208.84129,          NaN,         NaN
  3379.2,  2.050739E-3,   456.79606,  3.400588E-3,   447.79010, 7.417437E-12,   210.73963,          NaN,         NaN
  3384.2,  2.041493E-3,   457.40228,  3.330275E-3,   448.37763, 1.397633E-11,   212.07647,          NaN,         NaN
  3389.2,  1.983095E-3,   458.01887,  3.349707E-3,   448.95899, 1.118113E-11,   213.85315,          NaN,         NaN
  3394.2,  2.120044E-3,   458.58174,  3.398988E-3,   449.54577, 1.048761E-11,   215.40159,          NaN,         NaN
  3399.2,  2.031130E-3,   459.15547,  3.381016E-3,   450.12281, 8.407546E-12,   216.82259,          NaN,         NaN
  3404.1,  1.940850E-3,   459.72479,  3.282983E-3,   450.66678, 1.255398E-11,   215.42332,          NaN,         NaN
  3409.1,  2.033186E-3,   460.26778,  3.325174E-3,   451.23380, 9.286970E-12,   213.53012,          NaN,         NaN
  3414.1,  1.952484E-3,   460.81965,  3.242466E-3,   451.75877, 7.672046E-12,   214.25334,          NaN,         NaN
  3419.1,  1.901418E-3,   461.40926,  3.187436E-3,   452.32609, 8.939607E-12,   212.84746,          NaN,         NaN
  3424.1,  1.912203E-3,   461.93397,  3.060208E-3,   452.85236, 9.865384E-12,   211.61321,          NaN,         NaN
  3429.1,  1.821184E-3,   462.46584,  3.094983E-3,   453.37987, 6.724393E-12,   211.78230,          NaN,         NaN
  3434.1,  1.824714E-3,   463.01795,  3.044108E-3,   453.93240, 5.968173E-12,   212.40861,          NaN,         NaN
  3439.1,  1.784072E-3,   463.53957,  3.022166E-3,   454.44981, 1.229088E-11,   211.15773,          NaN,         NaN
  3444.1,  1.761226E-3,   464.05648,  3.022574E-3,   454.95915, 1.012741E-11,   209.78004,          NaN,         NaN
  3449.1,  1.734822E-3,   464.64831,  2.914767E-3,   455.54948, 8.672571E-12,   210.96093,          NaN,         NaN
  3454.1,  1.702215E-3,   465.16680,  2.988767E-3,   456.09245, 8.849884E-12,   211.94367,          NaN,         NaN
  3459.1,  1.725583E-3,   465.71353,  2.916271E-3,   456.61881, 9.348146E-12,   213.50452,          NaN,         NaN
  3464.1,  1.655595E-3,   466.27075,  2.837509E-3,   457.20080, 1.372595E-11,   215.10193,          NaN,         NaN
  3469.1,  1.628305E-3,   466.85916,  2.843677E-3,   457.77254, 6.199399E-12,   214.72628,          NaN,         NaN
  3474.1,  1.624878E-3,   467.44824,  2.771139E-3,   458.32593, 8.386780E-12,   213.72179,          NaN,         NaN
  3479.1,  1.566418E-3,   468.00651,  2.724915E-3,   458.92963, 5.295469E-12,   215.00418,          NaN,         NaN
  3484.1,  1.588137E-3,   468.71962,  2.659255E-3,   459.61407, 1.020870E-11,   213.97781,          NaN,         NaN
  3489.1,  1.360236E-3,   469.57498,  2.297932E-3,   460.44857, 1.004286E-11,   213.76649,          NaN,         NaN
  3494.1,  3.704068E-4,   470.29856,  5.893536E-4,   460.99991, 8.387128E-12,   214.23311,          NaN,         NaN
  3499.1,  1.041568E-3,   469.50638,  1.896934E-3,   460.44046, 7.812637E-12,   213.90345,          NaN,         NaN
  3504.1,  1.210369E-3,   470.49904,  2.177457E-3,   461.41625, 8.446541E-12,   212.86518,          NaN,         NaN
  3509.1,  1.013777E-3,   471.03164,  1.839192E-3,   461.88867, 1.120601E-11,   213.54703,          NaN,         NaN
  3514.1,  1.319183E-3,   471.69476,  2.359744E-3,   462.58130, 8.875954E-12,   212.18708,          NaN,         NaN
  3519.1,  1.292985E-3,   472.52028,  2.250998E-3,   463.43102, 1.324324E-11,   214.11539,          NaN,         NaN
  3524.1,  1.139708E-3,   473.48418,  2.048012E-3,   464.36619, 1.622444E-11,   215.69638,          NaN,         NaN
  3529.1,  6.928600E-4,   474.74883,  1.269269E-3,   465.64079, 5.881127E-12,   215.47035,          NaN,         NaN
  3534.1,  4.716167E-5,   473.60206,  5.876020E-5,   466.53507, 8.689762E-12,   215.70046,          NaN,         NaN
  3539.1,  2.630644E-4,   473.55851,  5.360092E-4,   467.42025, 1.199569E-11,   216.63567,          NaN,         NaN
  3544.1,  8.716573E-4,   475.27872,  1.571464E-3,   469.08189, 6.156714E-12,   216.09927,          NaN,         NaN
  3549.1,  1.050233E-3,   476.34959,  1.810618E-3,   470.21114, 1.069064E-11,   216.80848,          NaN,         NaN
  3554.1,  1.120778E-3,   477.23163,  2.005308E-3,   471.06274, 9.175833E-12,   218.32510,          NaN,         NaN
  3559.1,  1.127744E-3,   478.10314,  1.910308E-3,   471.92147, 9.059450E-12,   219.79936,          NaN,         NaN
  3564.1,  1.096233E-3,   478.95963,  1.851045E-3,   472.74210, 6.355718E-12,   220.39663,          NaN,         NaN
  3569.1,  1.055275E-3,   479.81173,  1.815127E-3,   473.60311, 8.367340E-12,   219.28486,          NaN,         NaN
  3574.1,  9.599629E-4,   480.82474,  1.717943E-3,   474.53419, 6.376081E-12,   219.36437,          NaN,         NaN
  3579.1,  8.563681E-4,   481.87069,  1.576441E-3,   475.68797, 1.245854E-11,   217.66854,          NaN,         NaN
  3584.1,  7.062046E-4,   483.22589,  1.175299E-3,   477.11111, 8.069501E-12,   218.90601,          NaN,         NaN
  3589.1,  3.512515E-4,   485.09063,  6.311060E-4,   479.17831, 5.866832E-12,   217.96021,          NaN,         NaN
  3594.1,  9.010361E-5,   484.58140,  7.455053E-5,   477.35137, 5.761941E-12,   217.24006,          NaN,         NaN
  3599.1,  7.403438E-5,   486.66163,  5.361186E-5,   478.67902, 1.042822E-11,   218.11817,          NaN,         NaN
  3604.1,  3.478380E-5,   487.22193,  1.070928E-4,   477.76446, 1.137625E-11,   217.41458,          NaN,         NaN
  3609.1,  1.928576E-4,   486.39301,  3.026707E-4,   475.11165, 6.558755E-12,   217.20131,          NaN,         NaN
  3614.1,  2.057480E-4,   486.29761,  3.770896E-4,   474.81254, 9.252925E-12,   217.11021,          NaN,         NaN
  3619.1,  5.857792E-4,   488.36695,  1.041002E-3,   477.03285, 8.971489E-12,   217.57693,          NaN,         NaN
  3624.1,  6.631884E-4,   490.30984,  1.178758E-3,   478.90494, 1.152551E-11,   219.59554,          NaN,         NaN
  3629.1,  6.233660E-4,   492.16508,  1.065537E-3,   480.78247, 7.517264E-12,   217.94240,          NaN,         NaN
  3634.1,  4.173986E-4,   494.22092,  7.532063E-4,   482.88191, 6.619853E-12,   217.63521,          NaN,         NaN
  3639.1,  1.895419E-4,   496.47860,  3.898561E-4,   484.61452, 8.155556E-12,   217.75511,          NaN,         NaN
  3644.1,  1.208639E-4,   494.92571,  1.135689E-4,   482.88351, 9.553330E-12,   217.61899,          NaN,         NaN
  3649.1,  9.926712E-5,   495.36913,  7.116154E-5,   481.68619, 9.899532E-12,   216.78952,          NaN,         NaN
  3654.1,  7.455407E-5,   497.17915,  5.582487E-5,   482.82140, 5.257270E-12,   215.25539,          NaN,         NaN
  3659.1,  6.060023E-5,   497.49650,  4.937633E-5,   483.93736, 8.821338E-12,   216.46350,          NaN,         NaN
  3664.1,  8.676509E-5,   497.78642,  1.387008E-4,   484.42932, 5.898882E-12,   216.94658,          NaN,         NaN
  3669.1,  2.116467E-4,   496.46615,  4.497503E-4,   482.10756, 1.355565E-11,   216.77346,          NaN,         NaN
  3674.1,  4.020001E-4,   498.48240,  7.156214E-4,   484.62531, 1.271839E-11,   216.49327,          NaN,         NaN
  3679.1,  3.453029E-4,   500.83481,  6.937579E-4,   486.88564, 1.494460E-11,   215.45842,          NaN,         NaN
  3684.1,  3.373454E-4,   501.27024,  6.191551E-4,   487.36240, 1.370732E-11,   214.90466,          NaN,         NaN
  3689.1,  1.815438E-4,   503.14176,  2.777399E-4,   489.46626, 1.510197E-11,   213.59335,          NaN,         NaN
  3694.1,  4.223032E-4,   502.37595,  8.595851E-4,   488.44703, 7.777849E-12,   213.78358,          NaN,         NaN
  3699.1,  7.100589E-4,   503.78837,  1.352689E-3,   489.93963, 8.471355E-12,   214.15733,          NaN,         NaN
  3704.1,  8.149588E-4,   504.86259,  1.484999E-3,   491.00394, 1.162770E-11,   212.59903,          NaN,         NaN
  3709.1,  8.165314E-4,   505.80946,  1.497276E-3,   491.91138, 1.859096E-11,   210.92242,          NaN,         NaN
  3714.1,  8.188520E-4,   506.69874,  1.544797E-3,   492.80026, 1.772673E-11,   209.05733,          NaN,         NaN
  3719.1,  6.946652E-4,   507.58441,  1.232097E-3,   493.61178, 1.108959E-11,   211.03859,          NaN,         NaN
  3724.1,  7.804819E-4,   508.11733,  1.513219E-3,   494.17143, 1.227037E-11,   211.53685,          NaN,         NaN
  3729.1,  8.103545E-4,   509.02812,  1.478084E-3,   495.05711, 1.194593E-11,   212.10648,          NaN,         NaN
  3734.1,  7.329414E-4,   509.89984,  1.425747E-3,   495.89381, 9.200157E-12,   213.15435,          NaN,         NaN
  3739.1,  7.453157E-4,   510.36161,  1.407139E-3,   496.43259, 1.401700E-11,   212.77445,          NaN,         NaN
  3744.1,  7.989828E-4,   511.22567,  1.494669E-3,   497.26287, 7.700799E-12,   211.12523,          NaN,         NaN
  3749.1,  7.804181E-4,   512.07360,  1.476925E-3,   498.09327, 9.378099E-12,   211.26321,          NaN,         NaN
  3754.1,  7.814499E-4,   512.94709,  1.472721E-3,   498.90389, 1.044248E-11,   212.02910,          NaN,         NaN
  3759.1,  7.488093E-4,   513.73803,  1.366655E-3,   499.75925, 1.502826E-11,   210.38712,          NaN,         NaN
  3764.1,  6.794262E-4,   514.76970,  1.312051E-3,   500.73152, 5.504083E-12,   210.80268,          NaN,         NaN
  3769.1,  5.976788E-4,   515.69264,  1.159253E-3,   501.69494, 1.865415E-11,   210.72174,          NaN,         NaN
  3774.1,  5.354507E-4,   516.87882,  1.039288E-3,   502.88667, 1.223441E-11,   212.20996,          NaN,         NaN
  3779.1,  4.368699E-4,   518.09575,  8.685152E-4,   504.31857, 1.833322E-11,   212.99716,          NaN,         NaN
  3784.1,  2.929256E-4,   519.95299,  6.004429E-4,   506.23306, 9.997143E-12,   214.18683,          NaN,         NaN
  3789.1,  1.292903E-4,   521.99002,  2.089315E-4,   508.36046, 6.205821E-12,   214.02012,          NaN,         NaN
  3794.1,  3.339313E-5,   522.08889,  4.189854E-5,   507.49226, 5.651918E-12,   215.24674,          NaN,         NaN
  3799.1,  5.435563E-5,   521.52287,  4.385827E-5,   508.10907, 6.261529E-12,   215.04779,          NaN,         NaN
  3804.0,  7.247010E-5,   522.94635,  2.738690E-5,   508.36086, 5.753104E-12,   215.32218,          NaN,         NaN
  3809.0,  4.696301E-5,   523.84567,  3.163794E-5,   508.18625, 1.021588E-11,   214.67167,          NaN,         NaN
  3814.0,  3.171622E-5,   523.10824,  2.052395E-5,   508.57906, 7.284216E-12,   214.93226,          NaN,         NaN
  3819.0,  9.141583E-5,   524.39487,  1.013468E-4,   507.82627, 4.932186E-12,   213.52300,          NaN,         NaN
  3824.0,  2.126253E-4,   526.77131,  4.221606E-4,   508.16668, 2.040611E-11,   214.80569,          NaN,         NaN
  3829.0,  2.748963E-4,   528.67033,  6.149505E-4,   510.23914, 7.830720E-12,   215.72897,          NaN,         NaN
  3834.0,  4.098792E-4,   530.21804,  7.310726E-4,   511.71428, 1.223959E-11,   215.38017,          NaN,         NaN
  3839.0,  4.112949E-4,   531.55571,  7.977534E-4,   512.94471, 6.601164E-12,   216.36403,          NaN,         NaN
  3844.0,  4.446251E-4,   532.79138,  7.916207E-4,   514.22104, 6.799893E-12,   216.20772,          NaN,         NaN
  3849.0,  3.429597E-4,   534.05007,  6.995487E-4,   515.43780, 1.165356E-11,   217.20607,          NaN,         NaN
  3854.0,  9.630469E-5,   534.43229,  1.549853E-4,   516.28676, 7.314844E-12,   217.38580,          NaN,         NaN
  3859.0,  3.366718E-4,   534.11092,  7.143523E-4,   515.65561, 9.416754E-12,   216.78526,          NaN,         NaN
  3864.0,  4.865510E-4,   535.30675,  8.959815E-4,   516.75357, 1.027662E-11,   215.76338,          NaN,         NaN
  3869.0,  5.066668E-4,   536.12695,  1.002675E-3,   517.62265, 8.335335E-12,   216.77275,          NaN,         NaN
  3874.0,  5.792607E-4,   537.03030,  1.052311E-3,   518.45139, 9.961429E-12,   217.28223,          NaN,         NaN
  3879.0,  5.480452E-4,   537.79491,  1.106403E-3,   519.18378, 1.297755E-11,   217.55836,          NaN,         NaN
  3884.0,  5.411691E-4,   538.59211,  1.072857E-3,   519.94724, 1.245331E-11,   216.06302,          NaN,         NaN
  3889.0,  5.224215E-4,   539.19626,  1.084372E-3,   520.63974, 8.479088E-12,   215.29074,          NaN,         NaN
  3894.0,  5.271360E-4,   539.93517,  1.125786E-3,   521.38071, 1.056877E-11,   214.55627,          NaN,         NaN
  3899.0,  5.238760E-4,   540.74466,  1.100090E-3,   522.08124, 7.501745E-12,   214.92139,          NaN,         NaN
  3904.0,  5.366635E-4,   541.48553,  1.074387E-3,   522.87903, 5.728621E-12,   215.35552,          NaN,         NaN
  3909.0,  4.862797E-4,   542.21150,  1.049720E-3,   523.66124, 1.268906E-11,   215.14128,          NaN,         NaN
  3914.0,  4.953839E-4,   543.19028,  9.392045E-4,   524.52582, 7.876973E-12,   216.27233,          NaN,         NaN
  3919.0,  3.268017E-4,   544.16992,  6.342010E-4,   525.60331, 7.837148E-12,   216.81459,          NaN,         NaN
  3924.0,  2.467612E-4,   543.79098,  5.736969E-4,   525.29545, 8.672038E-12,   218.68389,          NaN,         NaN
  3929.0,  4.126255E-4,   545.22087,  7.745524E-4,   526.50852, 4.880547E-12,   219.35948,          NaN,         NaN
  3934.0,  4.069662E-4,   546.36529,  7.468421E-4,   527.74310, 1.072809E-11,   219.66329,          NaN,         NaN
  3939.0,  2.818217E-4,   547.70117,  5.029788E-4,   529.29357, 1.263403E-11,   220.26725,          NaN,         NaN
  3944.0,  1.073140E-4,   549.97785,  2.476456E-4,   531.52413, 4.467148E-12,   219.32443,          NaN,         NaN
  3949.0,  5.525912E-5,   548.07597,  4.987554E-5,   532.43919, 4.207783E-12,   219.26831,          NaN,         NaN
  3954.0,  3.051758E-5,   546.77153,  3.159374E-5,   532.23432, 8.870714E-12,   218.57202,          NaN,         NaN
  3959.0,  7.551737E-5,   547.58643,  1.629714E-4,   531.16751, 1.200068E-11,   216.44282,          NaN,         NaN
  3964.0,  6.591713E-5,   546.12472,  1.485115E-4,   529.05049, 9.033174E-12,   216.82448,          NaN,         NaN
  3969.0,  7.918799E-5,   547.47573,  2.291319E-5,   529.11904, 6.308593E-12,   215.89880,          NaN,         NaN
  3974.0,  5.669758E-5,   548.35829,  4.527902E-5,   529.41580, 5.224057E-12,   217.18369,          NaN,         NaN
  3979.0,  4.182660E-5,   549.34788,  7.228149E-5,   530.20916, 8.066342E-12,   216.84108,          NaN,         NaN
  3984.0,  7.365667E-5,   550.61157,  4.457974E-5,   531.03518, 1.244821E-11,   217.59823,          NaN,         NaN
  3989.0,  6.225341E-5,   552.18872,  1.542304E-4,   529.27667, 9.446719E-12,   216.79347,          NaN,         NaN
  3994.0,  6.304268E-5,   551.55721,  1.597175E-4,   526.77014, 8.311896E-12,   214.96170,          NaN,         NaN
  3999.0,  3.524637E-5,   552.79696,  4.796863E-5,   525.55511, 1.584313E-11,   214.62294,          NaN,         NaN
  4004.0,  1.456600E-4,   551.29327,  3.162863E-4,   527.02125, 1.330073E-11,   216.23120,          NaN,         NaN
  4009.0,  2.618343E-4,   552.90117,  5.053064E-4,   528.50673, 1.329011E-11,   217.32196,          NaN,         NaN
  4014.0,  2.916647E-4,   554.26708,  5.369910E-4,   529.88356, 9.329871E-12,   218.59400,          NaN,         NaN
  4019.0,  2.701609E-4,   555.03400,  4.819493E-4,   530.67812, 1.346137E-11,   218.99989,          NaN,         NaN
  4024.0,  2.923544E-4,   555.89363,  5.345087E-4,   531.53969, 8.547740E-12,   219.48361,          NaN,         NaN
  4029.0,  3.457887E-4,   556.52391,  5.729772E-4,   532.32861, 8.818584E-12,   220.97030,          NaN,         NaN
  4034.0,  3.006532E-4,   557.37763,  5.662006E-4,   533.08476, 1.654030E-11,   222.09647,          NaN,         NaN
  4039.0,  2.923320E-4,   558.10375,  5.572371E-4,   533.81913, 9.812999E-12,   223.49071,          NaN,         NaN
  4044.0,  2.534418E-4,   558.92039,  5.621357E-4,   534.52316, 1.300143E-11,   222.76924,          NaN,         NaN
  4049.0,  2.744579E-4,   559.55654,  5.665041E-4,   535.28348, 9.192277E-12,   223.21952,          NaN,         NaN
  4054.0,  2.476934E-4,   559.84045,  4.207881E-4,   535.49051, 1.589680E-11,   224.63112,          NaN,         NaN
  4059.0,  2.615270E-4,   561.02177,  5.495972E-4,   536.36497, 7.683093E-12,   225.63179,          NaN,         NaN
  4064.0,  2.084253E-4,   561.59316,  5.711965E-4,   537.14772, 7.364605E-12,   224.50370,          NaN,         NaN
  4069.0,  1.854381E-4,   562.28800,  4.896901E-4,   537.91411, 7.214535E-12,   223.80291,          NaN,         NaN
  4074.0,  1.826709E-4,   562.50894,  4.458062E-4,   538.05824, 1.048683E-11,   223.80113,          NaN,         NaN
  4079.0,  2.546922E-4,   563.42817,  5.109181E-4,   538.85253, 1.078526E-11,   225.60497,          NaN,         NaN
  4084.0,  1.881303E-4,   564.04375,  5.047508E-4,   539.51621, 1.250977E-11,   225.81926,          NaN,         NaN
  4089.0,  2.044041E-4,   564.93374,  5.331875E-4,   540.12254, 1.811570E-11,   227.99625,          NaN,         NaN
  4094.0,  2.381118E-4,   565.36095,  5.859312E-4,   540.85319, 1.219008E-11,   228.51871,          NaN,         NaN
  4099.0,  2.025215E-4,   566.01244,  5.428991E-4,   541.57015, 8.212617E-12,   229.75138,          NaN,         NaN
  4104.0,  1.933163E-4,   566.92594,  5.509939E-4,   542.29775, 1.163701E-11,   230.61724,          NaN,         NaN
  4109.0,  2.169718E-4,   567.59204,  5.447406E-4,   543.09790, 9.098839E-12,   230.15648,          NaN,         NaN
  4114.0,  2.478593E-4,   568.54217,  4.815943E-4,   543.81682, 9.076468E-12,   229.13250,          NaN,         NaN
  4119.0,  1.703547E-4,   568.88698,  4.540875E-4,   544.47793, 1.469496E-11,   231.04171,          NaN,         NaN
  4124.0,  2.408760E-4,   570.24919,  4.751673E-4,   545.41538, 9.374835E-12,   231.90788,          NaN,         NaN
  4129.0,  2.652880E-4,   571.10635,  5.115161E-4,   546.36476, 1.269886E-11,   231.81693,          NaN,         NaN
  4134.0,  2.215165E-4,   571.98386,  5.107499E-4,   547.62057, 6.489595E-12,   232.58319,          NaN,         NaN
  4139.0,  2.302398E-4,   573.21905,  4.502570E-4,   548.78761, 7.420426E-12,   233.58815,          NaN,         NaN
  4144.0,  1.719206E-4,   574.74754,  3.474709E-4,   550.38997, 5.998190E-12,   232.60908,          NaN,         NaN
  4149.0,  1.387388E-4,   577.23435,  2.474880E-4,   552.72267, 5.937235E-12,   232.33420,          NaN,         NaN
  4154.0,  9.865883E-5,   575.16943,  1.032512E-4,   550.73789, 4.978085E-12,   233.44719,          NaN,         NaN
  4159.0,  3.702262E-5,   573.70234,  3.093791E-5,   550.18468, 4.251249E-12,   232.49251,          NaN,         NaN
  4164.0,  3.873481E-5,   572.06102,  2.616496E-5,   550.13885, 8.718985E-12,   231.78717,          NaN,         NaN
  4169.0,  4.784138E-5,   572.33753,  3.920041E-5,   551.02582, 1.557871E-11,   231.27210,          NaN,         NaN
  4174.0,  3.674503E-5,   572.33848,  7.800595E-5,   550.67247, 7.935804E-12,   232.42286,          NaN,         NaN
  4179.0,  4.913049E-5,   572.14074,  7.368447E-5,   550.15195, 1.077586E-11,   232.70560,          NaN,         NaN
  4184.0,  4.566162E-5,   571.96055,  4.306156E-5,   551.70125, 1.058744E-11,   232.62666,          NaN,         NaN
  4189.0,  6.139170E-5,   570.37526,  6.238792E-5,   551.86703, 1.112877E-11,   232.34249,          NaN,         NaN
  4194.0,  5.252497E-5,   571.10185,  7.111077E-5,   550.87407, 1.052643E-11,   234.12606,          NaN,         NaN
  4199.0,  5.591576E-5,   569.93144,  1.413834E-4,   549.52050, 1.192522E-11,   232.78919,          NaN,         NaN
  4203.9,  7.176473E-5,   571.35632,  2.268226E-4,   552.02806, 1.212411E-11,   232.90766,          NaN,         NaN
  4208.9,  5.618204E-5,   572.94370,  1.971856E-4,   553.88668, 8.413832E-12,   232.39905,          NaN,         NaN
  4213.9,  2.948961E-5,   571.85102,  5.737201E-5,   552.66961, 6.486399E-12,   233.05756,          NaN,         NaN
  4218.9,  9.208136E-5,   572.72493,  3.321426E-5,   553.15290, 1.217393E-11,   233.14644,          NaN,         NaN
  4223.9,  1.088766E-4,   573.96921,  9.418607E-5,   554.39977, 8.411714E-12,   234.74633,          NaN,         NaN
  4228.9,  3.493186E-5,   572.93138,  1.676243E-4,   556.57046, 5.552118E-12,   236.30130,          NaN,         NaN
  4233.9,  1.189135E-4,   573.57816,  2.098647E-4,   558.73540, 6.631778E-12,   236.29915,          NaN,         NaN
  4238.9,  3.885560E-5,   573.77406,  4.849517E-5,   560.80827, 1.034452E-11,   236.38512,          NaN,         NaN
  4243.9,  8.909108E-5,   573.34871,  1.986892E-4,   561.36456, 8.169877E-12,   237.86910,          NaN,         NaN
  4248.9,  1.937347E-4,   574.59673,  4.161785E-4,   562.93490, 1.468571E-11,   239.35519,          NaN,         NaN
  4253.9,  1.855499E-4,   575.47661,  4.085908E-4,   563.96710, 5.645191E-12,   239.19054,          NaN,         NaN
  4258.9,  1.916572E-4,   576.39143,  4.542654E-4,   564.83056, 9.752663E-12,   238.98796,          NaN,         NaN
  4263.9,  2.073723E-4,   577.02814,  4.751451E-4,   565.52440, 7.402484E-12,   240.18228,          NaN,         NaN
  4268.9,  2.179521E-4,   577.61714,  4.742501E-4,   566.29894, 1.055466E-11,   239.41043,          NaN,         NaN
  4273.9,  2.202894E-4,   578.46133,  4.962059E-4,   567.04186, 1.435653E-11,   240.90649,          NaN,         NaN
  4278.9,  1.793635E-4,   578.94744,  4.221656E-4,   567.59591, 7.344969E-12,   241.97150,          NaN,         NaN
  4283.9,  1.683325E-4,   579.62852,  4.574408E-4,   568.32087, 2.258494E-11,   242.28138,          NaN,         NaN
  4288.9,  1.972380E-4,   580.20599,  4.586297E-4,   568.98568, 8.186073E-12,   241.64309,          NaN,         NaN
  4293.9,  2.151305E-4,   580.88046,  4.843394E-4,   569.61651, 1.135313E-11,   239.77316,          NaN,         NaN
  4298.9,  2.583256E-4,   581.65567,  4.230978E-4,   570.11466, 1.103198E-11,   240.59051,          NaN,         NaN
  4303.9,  2.331865E-4,   582.19344,  4.680927E-4,   570.71191, 1.315517E-11,   242.28798,          NaN,         NaN
  4308.9,  1.676935E-4,   582.70161,  4.589175E-4,   571.52244, 1.059967E-11,   243.38258,          NaN,         NaN
  4313.9,  2.312246E-4,   583.32542,  4.401198E-4,   572.15060, 8.855230E-12,   243.65143,          NaN,         NaN
  4318.9,  2.454509E-4,   584.04105,  4.752567E-4,   572.72161, 7.167650E-12,   243.24911,          NaN,         NaN
  4323.9,  2.531419E-4,   584.84577,  4.389933E-4,   573.41665, 6.489197E-12,   243.40198,          NaN,         NaN
  4328.9,  2.225229E-4,   585.59661,  4.491493E-4,   574.07228, 1.127528E-11,   244.12912,          NaN,         NaN
  4333.9,  2.252471E-4,   585.90095,  4.346821E-4,   574.77410, 1.290119E-11,   246.29939,          NaN,         NaN
  4338.9,  2.435537E-4,   586.86510,  3.806049E-4,   575.32548, 1.716121E-11,   244.21434,          NaN,         NaN
  4343.9,  1.864165E-4,   587.31447,  3.494255E-4,   576.09560, 5.596106E-12,   243.82091,          NaN,         NaN
  4348.9,  1.762533E-4,   587.95126,  3.980204E-4,   576.57970, 5.196204E-12,   243.00780,          NaN,         NaN
  4353.9,  1.582669E-4,   588.47993,  3.688359E-4,   577.04613, 9.485237E-12,   243.02796,          NaN,         NaN
  4358.9,  2.753512E-4,   589.32950,  3.527006E-4,   577.86468, 1.107045E-11,   243.65061,          NaN,         NaN
  4363.9,  1.756584E-4,   590.06180,  3.849521E-4,   578.27708, 8.601685E-12,   245.25834,          NaN,         NaN
  4368.9,  1.716225E-4,   590.20874,  3.580845E-4,   579.09911, 1.120571E-11,   244.73250,          NaN,         NaN
  4373.9,  1.432548E-4,   591.10611,  3.513642E-4,   579.45300, 6.901092E-12,   244.47266,          NaN,         NaN
  4378.9,  1.839578E-4,   591.47478,  3.812336E-4,   580.39341, 1.009719E-11,   245.24717,          NaN,         NaN
  4383.9,  1.688755E-4,   592.31226,  3.526239E-4,   580.94550, 6.157714E-12,   245.99364,          NaN,         NaN
  4388.9,  1.907571E-4,   593.10047,  3.593562E-4,   581.54085, 9.530607E-12,   246.77345,          NaN,         NaN
  4393.9,  1.524797E-4,   593.66201,  3.158515E-4,   582.16393, 6.285525E-12,   246.19953,          NaN,         NaN
  4398.9,  1.472973E-4,   594.14968,  3.173945E-4,   583.03084, 8.307072E-12,   245.64780,          NaN,         NaN
  4403.9,  1.417706E-4,   595.20543,  3.262365E-4,   583.57480, 1.183880E-11,   243.60551,          NaN,         NaN
  4408.9,  1.646552E-4,   595.71516,  3.149710E-4,   584.42039, 7.244975E-12,   244.43161,          NaN,         NaN
  4413.9,  1.226730E-4,   596.59411,  3.438090E-4,   585.15695, 1.247540E-11,   244.05294,          NaN,         NaN
  4418.9,  1.556817E-4,   597.45556,  3.329180E-4,   586.02758, 1.024198E-11,   244.32787,          NaN,         NaN
  4423.9,  1.703351E-4,   598.28740,  2.988641E-4,   586.89840, 9.358740E-12,   245.05481,          NaN,         NaN
  4428.9,  1.085454E-4,   599.50431,  2.795656E-4,   588.10787, 1.051221E-11,   245.84682,          NaN,         NaN
  4433.9,  1.366489E-4,   600.56336,  2.339092E-4,   588.78456, 1.516991E-11,   246.81259,          NaN,         NaN
  4438.9,  6.232929E-5,   601.26208,  2.247890E-4,   590.11744, 7.691020E-12,   248.58088,          NaN,         NaN
  4443.9,  1.460829E-4,   602.60491,  1.679761E-4,   591.39255, 7.082494E-12,   246.91125,          NaN,         NaN
  4448.9,  5.674977E-5,   603.74303,  1.113419E-4,   593.25683, 8.470252E-12,   246.38621,          NaN,         NaN
  4453.9,  3.500662E-5,   604.70688,  4.201977E-5,   595.28448, 8.159086E-12,   246.76528,          NaN,         NaN
  4458.9,  3.445709E-5,   603.84760,  3.149196E-5,   594.54510, 1.104897E-11,   245.56273,          NaN,         NaN
  4463.9,  4.502891E-5,   603.35376,  5.707452E-5,   594.31403, 1.054038E-11,   245.23899,          NaN,         NaN
  4468.9,  5.053939E-5,   602.23607,  3.752918E-5,   592.91094, 8.115597E-12,   243.88945,          NaN,         NaN
  4473.9,  3.353338E-5,   602.96634,  5.657050E-5,   591.90516, 7.260103E-12,   242.55582,          NaN,         NaN
  4478.9,  4.804000E-5,   603.34821,  3.440042E-5,   593.19883, 6.665549E-12,   243.09438,          NaN,         NaN
  4483.9,  2.348701E-5,   604.18420,  1.103713E-4,   594.94966, 7.772274E-12,   244.26454,          NaN,         NaN
  4488.9,  4.041925E-5,   604.45541,  6.573781E-5,   593.27197, 1.113000E-11,   245.93067,          NaN,         NaN
  4493.9,  4.469001E-5,   603.24696,  4.183150E-5,   591.68501, 1.200791E-11,   245.51220,          NaN,         NaN
  4498.9,  3.036276E-5,   602.68857,  4.960102E-5,   590.80897, 7.505044E-12,   246.58144,          NaN,         NaN
  4503.9,  3.913121E-5,   603.35453,  2.453330E-5,   590.87136, 1.026133E-11,   248.44785,          NaN,         NaN
  4508.9,  3.607046E-5,   602.05698,  6.074537E-5,   591.40019, 8.256198E-12,   248.13099,          NaN,         NaN
  4513.9,  4.341529E-5,   602.77178,  3.662642E-5,   592.68077, 7.096282E-12,   247.99629,          NaN,         NaN
  4518.9,  5.260451E-5,   601.81060,  2.891177E-5,   593.81727, 6.710057E-12,   247.41346,          NaN,         NaN
  4523.9,  4.770647E-5,   603.98396,  4.855488E-5,   594.54029, 6.921282E-12,   249.03385,          NaN,         NaN
  4528.9,  3.420044E-5,   603.80350,  6.731240E-5,   594.66458, 6.596438E-12,   249.11718,          NaN,         NaN
  4533.9,  3.118526E-5,   602.39718,  5.829264E-5,   596.29048, 1.134763E-11,   249.96703,          NaN,         NaN
  4538.9,  3.727059E-5,   603.77765,  3.372286E-5,   596.67346, 9.748677E-12,   249.44962,          NaN,         NaN
  4543.9,  8.411971E-5,   603.61754,  9.034578E-5,   597.37124, 8.966459E-12,   248.00278,          NaN,         NaN
  4548.9,  6.281247E-5,   605.35906,  9.513429E-5,   597.09714, 5.258179E-12,   247.59131,          NaN,         NaN
  4553.9,  5.899571E-5,   605.29385,  1.193100E-4,   599.45792, 1.055865E-11,   247.20108,          NaN,         NaN
  4558.9,  1.031334E-4,   604.68315,  1.130576E-4,   601.33221, 7.906160E-12,   248.57198,          NaN,         NaN
  4563.9,  5.977795E-5,   606.62574,  1.387252E-4,   602.83491, 6.363224E-12,   248.15188,          NaN,         NaN
  4568.9,  3.659264E-5,   607.16472,  9.651246E-5,   604.53802, 1.499879E-11,   247.37689,          NaN,         NaN
  4573.9,  7.279061E-5,   608.03697,  1.004368E-4,   605.53682, 1.126227E-11,   248.34362,          NaN,         NaN
  4578.9,  6.490028E-5,   609.84110,  9.083011E-5,   607.53903, 9.882975E-12,   249.77365,          NaN,         NaN
  4583.9,  6.502120E-5,   611.19986,  5.975830E-5,   608.98602, 6.878805E-12,   249.64531,          NaN,         NaN
  4588.9,  4.964211E-5,   611.27417,  4.800067E-5,   607.29373, 9.560762E-12,   249.54725,          NaN,         NaN
  4593.9,  2.595642E-5,   610.78980,  9.819109E-5,   607.51327, 4.593271E-12,   249.12425,          NaN,         NaN
  4598.9,  5.551714E-5,   612.24271,  4.356601E-5,   608.28051, 9.577457E-12,   249.79571,          NaN,         NaN
  4603.8,  1.227767E-4,   612.38263,  6.272752E-5,   608.16994, 8.468078E-12,   249.40121,          NaN,         NaN
  4608.8,  3.810381E-5,   613.72863,  5.013718E-5,   609.09533, 1.355958E-11,   249.19704,          NaN,         NaN
  4613.8,  7.084131E-5,   613.84540,  6.379992E-5,   607.74126, 4.372262E-12,   249.14817,          NaN,         NaN
  4618.8,  2.823043E-5,   613.37795,  6.666959E-5,   609.49896, 5.509692E-12,   249.14518,          NaN,         NaN
  4623.8,  7.102114E-5,   614.15602,  1.231991E-4,   609.92364, 7.894745E-12,   248.46134,          NaN,         NaN
  4628.8,  1.117106E-4,   614.64676,  1.694692E-4,   610.89007, 8.018647E-12,   250.12997,          NaN,         NaN
  4633.8,  1.073093E-4,   616.09554,  1.832523E-4,   612.29291, 4.947753E-12,   251.39238,          NaN,         NaN
  4638.8,  5.539553E-5,   616.84568,  1.894617E-4,   613.27294, 1.611798E-11,   251.89888,          NaN,         NaN
  4643.8,  5.213719E-5,   617.47340,  1.728649E-4,   614.25910, 1.203679E-11,   250.52391,          NaN,         NaN
  4648.8,  6.746679E-5,   619.12258,  1.923156E-4,   615.25599, 1.301154E-11,   250.35931,          NaN,         NaN
  4653.8,  3.728034E-5,   619.11595,  1.245846E-4,   616.14566, 7.653270E-12,   248.80184,          NaN,         NaN
  4658.8,  1.152318E-4,   620.21615,  1.805954E-4,   616.91351, 9.220819E-12,   248.54653,          NaN,         NaN
  4663.8,  6.345675E-5,   621.42370,  1.724534E-4,   617.75833, 4.936357E-12,   249.14424,          NaN,         NaN
  4668.8,  5.407984E-5,   621.70277,  1.001700E-4,   618.34543, 6.361753E-12,   248.67192,          NaN,         NaN
  4673.8,  8.608025E-5,   621.99335,  1.434036E-4,   619.48109, 6.983082E-12,   249.42479,          NaN,         NaN
  4678.8,  5.786362E-5,   622.90296,  1.054219E-4,   620.60325, 8.191416E-12,   248.40416,          NaN,         NaN
  4683.8,  2.867535E-5,   623.97136,  6.730160E-5,   622.30089, 1.267791E-11,   250.19331,          NaN,         NaN
  4688.8,  6.170611E-5,   623.96927,  6.207181E-5,   623.28310, 1.076256E-11,   252.05456,          NaN,         NaN
  4693.8,  6.957212E-5,   624.05233,  9.175262E-5,   622.85168, 9.808817E-12,   253.30691,          NaN,         NaN
  4698.8,  4.103495E-5,   625.42350,  9.899526E-5,   624.70983, 7.087617E-12,   255.23303,          NaN,         NaN
  4703.8,  1.001544E-4,   626.14661,  8.634448E-5,   626.23709, 7.536675E-12,   255.44182,          NaN,         NaN
  4708.8,  6.196478E-5,   627.01927,  8.894913E-5,   627.28460, 9.374823E-12,   256.33851,          NaN,         NaN
  4713.8,  5.099087E-5,   628.41733,  3.098239E-5,   628.06267, 5.842479E-12,   256.88616,          NaN,         NaN
  4718.8,  3.661144E-5,   629.04124,  5.094710E-5,   627.82319, 8.979277E-12,   257.34586,          NaN,         NaN
  4723.8,  4.731575E-5,   629.83063,  3.201334E-5,   627.94188, 1.005528E-11,   255.71585,          NaN,         NaN
  4728.8,  3.579409E-5,   628.73410,  2.489576E-5,   628.02535, 8.967419E-12,   257.10702,          NaN,         NaN
  4733.8,  4.405018E-5,   629.45649,  2.870000E-5,   629.27113, 1.219988E-11,   258.74198,          NaN,         NaN
  4738.8,  3.680900E-5,   629.00635,  3.136361E-5,   630.01518, 1.682612E-11,   259.33775,          NaN,         NaN
  4743.8,  4.498733E-5,   629.38961,  3.881156E-5,   629.62225, 8.595924E-12,   260.04960,          NaN,         NaN
  4748.8,  7.160668E-5,   630.89037,  7.019302E-5,   630.72446, 1.709920E-11,   259.38077,          NaN,         NaN
  4753.8,  3.286121E-5,   630.89403,  1.187476E-4,   630.28111, 6.908291E-12,   259.29635,          NaN,         NaN
  4758.8,  3.990067E-5,   631.21148,  6.660171E-5,   632.56395, 1.518106E-11,   259.00798,          NaN,         NaN
  4763.8,  5.681841E-5,   631.91688,  3.501873E-5,   632.29075, 5.579947E-12,   259.65220,          NaN,         NaN
  4768.8,  3.577794E-5,   631.25179,  9.870926E-5,   632.76994, 5.054022E-12,   259.28237,          NaN,         NaN
  4773.8,  6.292233E-5,   631.67927,  1.656185E-4,   633.52274, 7.724521E-12,   259.06617,          NaN,         NaN
  4778.8,  7.026416E-5,   633.88720,  1.195006E-4,   634.58983, 1.282788E-11,   258.24591,          NaN,         NaN
  4783.8,  5.636789E-5,   633.98819,  1.150257E-4,   635.17856, 8.096181E-12,   256.41039,          NaN,         NaN
  4788.8,  5.809674E-5,   634.34019,  1.083776E-4,   636.08622, 6.079547E-12,   255.61934,          NaN,         NaN
  4793.8,  4.883732E-5,   634.14615,  9.577296E-5,   636.76507, 1.242165E-11,   255.75522,          NaN,         NaN
  4798.8,  8.474129E-5,   636.45006,  8.061954E-5,   637.33681, 9.393412E-12,   257.28027,          NaN,         NaN
  4803.8,  6.469740E-5,   635.38848,  1.358909E-4,   637.40530, 9.801883E-12,   258.17320,          NaN,         NaN
  4808.8,  5.657240E-5,   637.00058,  9.057277E-5,   638.07110, 1.264445E-11,   259.41201,          NaN,         NaN
  4813.8,  8.855279E-5,   637.95655,  1.118260E-4,   638.88985, 1.211359E-11,   260.96406,          NaN,         NaN
  4818.8,  5.581225E-5,   638.14387,  1.245963E-4,   640.03339, 1.067825E-11,   260.91556,          NaN,         NaN
  4823.8,  7.481057E-5,   639.43021,  9.235838E-5,   640.38041, 6.444093E-12,   260.79191,          NaN,         NaN
  4828.8,  6.057167E-5,   638.84347,  9.118271E-5,   641.02072, 1.573320E-11,   262.00418,          NaN,         NaN
  4833.8,  9.067071E-5,   639.78030,  1.072273E-4,   641.88195, 1.300328E-11,   259.89179,          NaN,         NaN
  4838.8,  7.202311E-5,   641.39760,  6.573068E-5,   642.64626, 5.778625E-12,   259.53807,          NaN,         NaN
  4843.8,  5.156841E-5,   640.81025,  8.154661E-5,   642.87524, 8.546846E-12,   259.08131,          NaN,         NaN
  4848.8,  3.821771E-5,   641.68896,  6.368886E-5,   643.85705, 1.098210E-11,   258.55167,          NaN,         NaN
  4853.8,  4.164588E-5,   641.33706,  1.100763E-4,   643.88366, 9.204592E-12,   259.51037,          NaN,         NaN
  4858.8,  5.643040E-5,   641.42127,  1.011338E-4,   645.08476, 1.128206E-11,   260.71795,          NaN,         NaN
  4863.8,  5.272328E-5,   642.97282,  1.064769E-4,   645.40965, 1.591039E-11,   260.31881,          NaN,         NaN
  4868.8,  3.983093E-5,   643.05458,  6.912819E-5,   645.93092, 9.342161E-12,   262.04456,          NaN,         NaN
  4873.8,  4.048512E-5,   643.71825,  8.812935E-5,   646.38023, 7.715594E-12,   262.39565,          NaN,         NaN
  4878.8,  2.539178E-5,   643.78565,  1.031853E-4,   647.49629, 6.935281E-12,   263.33001,          NaN,         NaN
  4883.8,  3.861341E-5,   643.55440,  6.942998E-5,   647.74599, 6.799929E-12,   263.30641,          NaN,         NaN
  4888.8,  5.156171E-5,   644.19389,  5.811047E-5,   647.20672, 8.129327E-12,   263.15409,          NaN,         NaN
  4893.8,  3.071135E-5,   644.30619,  5.672951E-5,   648.42843, 8.609168E-12,   264.29948,          NaN,         NaN
  4898.8,  2.388790E-5,   644.10952,  8.642291E-5,   649.26997, 1.073967E-11,   265.50837,          NaN,         NaN
  4903.8,  6.817996E-5,   644.33058,  9.768281E-5,   649.67843, 1.364978E-11,   267.76935,          NaN,         NaN
  4908.8,  3.459892E-5,   644.89623,  1.103732E-4,   650.56138, 8.442606E-12,   269.61084,          NaN,         NaN
  4913.8,  2.812582E-5,   646.21053,  1.184644E-4,   650.91078, 1.208286E-11,   268.29410,          NaN,         NaN
  4918.8,  5.414966E-5,   646.65469,  1.433279E-4,   652.04093, 1.317745E-11,   267.48731,          NaN,         NaN
  4923.8,  2.584704E-5,   645.47654,  1.174956E-4,   652.65480, 9.561624E-12,   269.29478,          NaN,         NaN
  4928.8,  3.613913E-5,   644.32046,  1.091356E-4,   652.96030, 8.530278E-12,   269.96681,          NaN,         NaN
  4933.8,  2.841397E-5,   643.28164,  8.329813E-5,   653.08191, 7.696199E-12,   271.82043,          NaN,         NaN
  4938.8,  4.454773E-5,   643.19878,  1.292720E-4,   653.34309, 7.615047E-12,   272.39143,          NaN,         NaN
  4943.8,  2.601321E-5,   642.17752,  1.222971E-4,   654.38304, 7.722859E-12,   272.72635,          NaN,         NaN
  4948.8,  3.408900E-5,   643.11669,  7.767392E-5,   654.68223, 8.783227E-12,   274.55245,          NaN,         NaN
  4953.8,  4.025094E-5,   642.91125,  1.032623E-4,   654.97693, 1.188229E-11,   275.14047,          NaN,         NaN
  4958.8,  4.481849E-5,   642.55429,  1.031418E-4,   655.87425, 5.975146E-12,   275.55312,          NaN,         NaN
  4963.8,  4.789480E-5,   640.89132,  1.048793E-4,   656.24067, 1.343986E-11,   275.85769,          NaN,         NaN
  4968.8,  4.815904E-5,   640.60886,  5.653465E-5,   656.94264, 7.138226E-12,   277.00158,          NaN,         NaN
  4973.8,  2.232086E-5,   641.84493,  9.314392E-5,   657.08455, 1.200656E-11,   276.70626,          NaN,         NaN
  4978.8,  2.358037E-5,   642.37469,  4.630923E-5,   658.14135, 6.798291E-12,   276.83827,          NaN,         NaN
  4983.8,  3.472440E-5,   643.31435,  5.225446E-5,   658.02152, 9.905666E-12,   275.56232,          NaN,         NaN
  4988.8,  5.877073E-5,   643.88072,  8.995600E-5,   659.44681, 7.029398E-12,   276.17574,          NaN,         NaN
  4993.8,  4.482913E-5,   644.26565,  5.004160E-5,   660.50692, 9.352925E-12,   275.69502,          NaN,         NaN
  4998.8,  2.946009E-5,   643.60658,  4.561592E-5,   662.17664, 5.633481E-12,   275.26501,          NaN,         NaN
  5003.7,  4.645390E-5,   644.65935,  5.299478E-5,   662.84225, 7.959966E-12,   275.88106,          NaN,         NaN
  5008.7,  3.768367E-5,   644.02682,  7.045563E-5,   662.70135, 5.392060E-12,   276.18212,          NaN,         NaN
  5013.7,  3.401558E-5,   644.72971,  3.949639E-5,   662.42260, 1.752637E-11,   276.45045,          NaN,         NaN
  5018.7,  2.140399E-5,   645.63471,  4.078640E-5,   663.09993, 7.694134E-12,   276.98248,          NaN,         NaN
  5023.7,  5.481726E-5,   645.46485,  5.861763E-5,   663.64622, 8.565896E-12,   277.67775,          NaN,         NaN
  5028.7,  4.787985E-5,   645.09532,  6.076293E-5,   663.91770, 6.953470E-12,   276.96459,          NaN,         NaN
  5033.7,  6.199051E-5,   643.83504,  8.699413E-5,   664.45415, 1.516316E-11,   277.22229,          NaN,         NaN
  5038.7,  5.250411E-5,   642.57603,  7.777554E-5,   665.76039, 1.003437E-11,   277.54477,          NaN,         NaN
  5043.7,  3.836421E-5,   641.76629,  7.167204E-5,   667.13038, 7.496268E-12,   277.04796,          NaN,         NaN
  5048.7,  3.244613E-5,   642.48802,  5.711068E-5,   666.90762, 7.450440E-12,   277.52534,          NaN,         NaN
  5053.7,  4.411833E-5,   644.43813,  4.227292E-5,   668.34995, 9.504960E-12,   276.59458,          NaN,         NaN
  5058.7,  5.815364E-5,   646.05342,  1.017101E-4,   669.21100, 8.633003E-12,   276.48000,          NaN,         NaN
  5063.7,  4.067482E-5,   647.15599,  9.569610E-5,   670.58181, 7.176365E-12,   277.78426,          NaN,         NaN
  5068.7,  4.033667E-5,   647.87516,  8.370617E-5,   672.33776, 9.747456E-12,   279.54191,          NaN,         NaN
  5073.7,  4.489650E-5,   649.00730,  9.054681E-5,   672.64655, 9.951343E-12,   279.89765,          NaN,         NaN
  5078.7,  3.474422E-5,   647.90746,  4.391476E-5,   673.43373, 1.211536E-11,   281.75115,          NaN,         NaN
  5083.7,  3.605462E-5,   646.35058,  3.729443E-5,   674.86727, 8.524181E-12,   282.19987,          NaN,         NaN
  5088.7,  5.561593E-5,   648.02797,  8.115577E-5,   674.11222, 1.122193E-11,   284.11227,          NaN,         NaN
  5093.7,  4.331729E-5,   647.18913,  3.114290E-5,   674.73277, 9.737163E-12,   284.93701,          NaN,         NaN
  5098.7,  5.091969E-5,   647.83518,  3.723645E-5,   674.72556, 7.992901E-12,   285.12849,          NaN,         NaN
  5103.7,  3.885614E-5,   649.04682,  4.528785E-5,   675.60633, 8.113977E-12,   284.57417,          NaN,         NaN
  5108.7,  7.296825E-5,   647.43248,  3.736245E-5,   676.18707, 8.639105E-12,   282.99254,          NaN,         NaN
  5113.7,  8.193691E-5,   649.19424,  4.614915E-5,   676.34953, 8.292981E-12,   282.98102,          NaN,         NaN
  5118.7,  5.019936E-5,   649.13658,  7.899516E-5,   677.90913, 1.052101E-11,   282.39486,          NaN,         NaN
  5123.7,  3.972465E-5,   651.04396,  6.124560E-5,   677.24937, 6.564067E-12,   281.75867,          NaN,         NaN
  5128.7,  4.573509E-5,   652.06331,  8.385792E-5,   678.59257, 5.114882E-12,   282.03449,          NaN,         NaN
  5133.7,  3.315523E-5,   651.93994,  3.382086E-5,   679.83741, 1.041677E-11,   281.94264,          NaN,         NaN
  5138.7,  4.465314E-5,   653.18423,  6.862929E-5,   680.40154, 7.300191E-12,   282.31037,          NaN,         NaN
  5143.7,  4.449596E-5,   653.24339,  5.363587E-5,   681.86082, 7.481334E-12,   282.31967,          NaN,         NaN
  5148.7,  2.540716E-5,   654.32500,  5.431084E-5,   682.66332, 4.234587E-12,   282.63360,          NaN,         NaN
  5153.7,  7.787259E-5,   655.14746,  9.728813E-5,   684.28207, 7.125160E-12,   283.16906,          NaN,         NaN
  5158.7,  8.628233E-5,   656.59277,  8.542107E-5,   685.69584, 6.020518E-12,   283.37292,          NaN,         NaN
  5163.7,  6.494213E-5,   655.80004,  1.230150E-4,   687.19823, 6.820074E-12,   283.60486,          NaN,         NaN
  5168.7,  5.204087E-5,   657.62170,  7.985893E-5,   687.18162, 1.131825E-11,   283.46700,          NaN,         NaN
  5173.7,  5.144382E-5,   658.91797,  1.075153E-4,   688.47389, 1.000503E-11,   283.67058,          NaN,         NaN
  5178.7,  5.497668E-5,   660.25551,  1.145697E-4,   689.75946, 1.268831E-11,   284.88285,          NaN,         NaN
  5183.7,  4.098516E-5,   659.81008,  4.840363E-5,   691.18677, 1.291606E-11,   283.45870,          NaN,         NaN
  5188.7,  3.557733E-5,   659.79396,  4.213032E-5,   692.21556, 6.492436E-12,   285.00777,          NaN,         NaN
  5193.7,  2.888020E-5,   659.73844,  2.234115E-5,   692.66145, 6.750667E-12,   285.47504,          NaN,         NaN
  5198.7,  6.668611E-5,   659.22148,  4.603140E-5,   693.27909, 9.821250E-12,   285.27027,          NaN,         NaN
  5203.7,  6.208975E-5,   659.93901,  5.827970E-5,   693.68715, 1.003271E-11,   287.13916,          NaN,         NaN
  5208.7,  5.430861E-5,   660.75877,  4.335974E-5,   693.68621, 1.196216E-11,   287.26072,          NaN,         NaN
  5213.7,  5.814424E-5,   661.30178,  4.558425E-5,   694.40158, 1.425116E-11,   288.51463,          NaN,         NaN
  5218.7,  5.784733E-5,   662.15730,  5.926572E-5,   695.18576, 9.175054E-12,   290.30456,          NaN,         NaN
  5223.7,  7.592318E-5,   662.66873,  7.922207E-5,   696.30564, 6.327079E-12,   289.12882,          NaN,         NaN
  5228.7,  3.852139E-5,   662.58693,  8.090422E-5,   697.33060, 1.174457E-11,   289.84959,          NaN,         NaN
  5233.7,  2.806238E-5,   662.32182,  6.096062E-5,   697.29874, 1.129386E-11,   288.54782,          NaN,         NaN
  5238.7,  6.902368E-5,   662.28720,  1.001447E-4,   698.51410, 1.384836E-11,   287.19061,          NaN,         NaN
  5243.7,  2.661262E-5,   662.15331,  3.500436E-5,   697.72182, 9.837439E-12,   286.60591,          NaN,         NaN
  5248.7,  4.414280E-5,   663.89251,  5.871389E-5,   699.32506, 8.545757E-12,   285.44929,          NaN,         NaN
  5253.7,  4.444313E-5,   664.97338,  2.610717E-5,   700.23502, 1.380960E-11,   286.58416,          NaN,         NaN
  5258.7,  4.943344E-5,   663.51013,  5.468495E-5,   700.52483, 1.107089E-11,   285.82457,          NaN,         NaN
  5263.7,  3.894429E-5,   661.83650,  1.247779E-4,   702.00152, 5.786608E-12,   285.38541,          NaN,         NaN
  5268.7,  5.192854E-5,   663.44961,  7.971485E-5,   701.79613, 9.171798E-12,   286.73632,          NaN,         NaN
  5273.7,  4.762121E-5,   663.27075,  6.741017E-5,   702.45620, 1.253840E-11,   288.33822,          NaN,         NaN
  5278.7,  5.923191E-5,   664.40804,  6.063163E-5,   703.74010, 1.073718E-11,   290.21978,          NaN,         NaN
  5283.7,  3.717287E-5,   665.01186,  5.411936E-5,   703.73190, 1.162854E-11,   290.88138,          NaN,         NaN
  5288.7,  5.305048E-5,   664.49179,  6.693768E-5,   703.54319, 1.294836E-11,   289.98747,          NaN,         NaN
  5293.7,  4.385114E-5,   666.01489,  7.458646E-5,   701.28506, 1.353104E-11,   289.66960,          NaN,         NaN
  5298.7,  2.538393E-5,   665.17504,  5.822998E-5,   702.50609, 6.683148E-12,   290.51220,          NaN,         NaN
  5303.7,  3.811413E-5,   666.19751,  5.129722E-5,   704.38979, 1.122398E-11,   291.21662,          NaN,         NaN
  5308.7,  7.732975E-5,   666.54070,  4.675867E-5,   705.79934, 5.833447E-12,   290.87141,          NaN,         NaN
  5313.7,  5.561703E-5,   668.41143,  2.734811E-5,   705.94447, 1.095092E-11,   290.73409,          NaN,         NaN
  5318.7,  6.796565E-5,   666.64195,  4.776827E-5,   705.73550, 9.192227E-12,   292.02671,          NaN,         NaN
  5323.7,  8.728195E-5,   668.56585,  4.765337E-5,   704.79741, 1.302231E-11,   290.31055,          NaN,         NaN
  5328.7,  4.318568E-5,   668.40622,  6.966281E-5,   706.96056, 7.728230E-12,   289.03159,          NaN,         NaN
  5333.7,  3.500435E-5,   667.46399,  4.545118E-5,   708.94576, 6.696677E-12,   290.60869,          NaN,         NaN
  5338.7,  2.351772E-5,   668.22366,  3.557640E-5,   709.55096, 8.614723E-12,   289.94222,          NaN,         NaN
  5343.7,  7.515259E-5,   668.92806,  3.519902E-5,   710.49950, 7.688891E-12,   288.76144,          NaN,         NaN
  5348.7,  3.201781E-5,   670.24159,  6.988357E-5,   711.80584, 1.699449E-11,   289.91090,          NaN,         NaN
  5353.7,  3.174383E-5,   669.63593,  6.005647E-5,   712.74886, 7.626900E-12,   288.02632,          NaN,         NaN
  5358.7,  5.966478E-5,   670.42767,  1.071041E-4,   713.81462, 8.448206E-12,   288.51322,          NaN,         NaN
  5363.7,  3.476067E-5,   670.90631,  8.138514E-5,   714.15441, 1.072329E-11,   287.53465,          NaN,         NaN
  5368.7,  1.002892E-4,   671.57140,  6.948660E-5,   714.35637, 9.322433E-12,   287.33006,          NaN,         NaN
  5373.7,  6.941172E-5,   673.60659,  7.700879E-5,   715.35648, 9.449379E-12,   288.79939,          NaN,         NaN
  5378.7,  5.115161E-5,   674.66101,  1.207337E-4,   715.95347, 5.920262E-12,   289.10034,          NaN,         NaN
  5383.7,  5.029977E-5,   675.20839,  7.748798E-5,   716.92465, 1.227629E-11,   288.71879,          NaN,         NaN
  5388.7,  3.120975E-5,   676.17889,  1.200715E-4,   717.45663, 7.142771E-12,   290.48938,          NaN,         NaN
  5393.7,  4.590196E-5,   676.38981,  6.626459E-5,   718.78456, 7.587561E-12,   292.04008,          NaN,         NaN
  5398.7,  3.270427E-5,   677.84716,  7.887294E-5,   718.89611, 4.926006E-12,   292.21933,          NaN,         NaN
  5403.6,  7.583112E-5,   678.55368,  5.511120E-5,   718.51096, 9.206100E-12,   291.82940,          NaN,         NaN
  5408.6,  3.789680E-5,   677.22014,  2.835777E-5,   717.92790, 8.967485E-12,   290.31363,          NaN,         NaN
  5413.6,  2.693978E-5,   677.55304,  5.685948E-5,   717.52044, 9.357086E-12,   289.01021,          NaN,         NaN
  5418.6,  5.699878E-5,   678.43153,  4.389488E-5,   718.06488, 6.285312E-12,   287.99418,          NaN,         NaN
  5423.6,  4.634947E-5,   679.34004,  5.631868E-5,   719.11783, 4.814866E-12,   287.60471,          NaN,         NaN
  5428.6,  5.519632E-5,   679.01186,  5.893454E-5,   719.75270, 7.907784E-12,   287.47133,          NaN,         NaN
  5433.6,  5.461334E-5,   680.73499,  4.485308E-5,   720.12005, 9.589959E-12,   287.25057,          NaN,         NaN
  5438.6,  2.861687E-5,   681.32319,  4.043661E-5,   721.32342, 5.116370E-12,   285.70229,          NaN,         NaN
  5443.6,  4.929293E-5,   680.07281,  4.163640E-5,   719.33998, 9.221147E-12,   286.18297,          NaN,         NaN
  5448.6,  3.328079E-5,   681.35785,  7.759936E-5,   721.21118, 1.164874E-11,   287.83388,          NaN,         NaN
  5453.6,  5.196063E-5,   680.84473,  5.018793E-5,   722.01461, 4.282738E-12,   287.67486,          NaN,         NaN
  5458.6,  6.085685E-5,   682.21889,  5.271521E-5,   723.27319, 1.358480E-11,   287.96358,          NaN,         NaN
  5463.6,  4.293271E-5,   682.13278,  5.273128E-5,   724.31864, 9.752549E-12,   287.32103,          NaN,         NaN
  5468.6,  2.888017E-5,   682.45970,  6.147045E-5,   724.92648, 8.048270E-12,   285.28481,          NaN,         NaN
  5473.6,  2.598825E-5,   681.75743,  6.600308E-5,   725.40923, 6.847860E-12,   284.83992,          NaN,         NaN
  5478.6,  3.493471E-5,   681.52441,  7.402954E-5,   726.51794, 4.059315E-12,   284.28724,          NaN,         NaN
  5483.6,  8.156447E-5,   681.93757,  5.326769E-5,   727.41224, 9.585397E-12,   285.18001,          NaN,         NaN
  5488.6,  5.440495E-5,   683.16084,  6.375482E-5,   727.81080, 1.011630E-11,   285.29577,          NaN,         NaN
  5493.6,  6.317680E-5,   684.72819,  5.324105E-5,   728.67477, 8.012537E-12,   284.56145,          NaN,         NaN
  5498.6,  2.898259E-5,   685.02107,  4.302251E-5,   728.03648, 9.066998E-12,   284.22273,          NaN,         NaN
  5503.6,  5.440104E-5,   684.94030,  5.979330E-5,   728.53795, 5.324716E-12,   283.32082,          NaN,         NaN
  5508.6,  4.906449E-5,   685.51023,  6.440963E-5,   730.57782, 8.638329E-12,   283.61441,          NaN,         NaN
  5513.6,  4.205871E-5,   685.81084,  3.508020E-5,   729.82700, 1.103102E-11,   283.07006,          NaN,         NaN
  5518.6,  3.965983E-5,   685.79359,  6.552558E-5,   731.07522, 7.746501E-12,   282.41252,          NaN,         NaN
  5523.6,  4.506778E-5,   685.07626,  6.991943E-5,   731.18895, 7.734045E-12,   282.00373,          NaN,         NaN
  5528.6,  3.698434E-5,   685.73309,  6.992887E-5,   732.01535, 1.226646E-11,   282.56539,          NaN,         NaN
  5533.6,  3.803018E-5,   685.90554,  4.696897E-5,   732.01759, 1.022262E-11,   281.04109,          NaN,         NaN
  5538.6,  6.608476E-5,   686.18042,  7.804989E-5,   733.59320, 6.057878E-12,   281.55242,          NaN,         NaN
  5543.6,  7.182145E-5,   687.59765,  6.539355E-5,   732.76128, 7.479372E-12,   280.85573,          NaN,         NaN
  5548.6,  8.092913E-5,   688.35609,  6.633607E-5,   733.57558, 8.619914E-12,   281.45162,          NaN,         NaN
  5553.6,  8.639002E-5,   687.68503,  5.081058E-5,   733.75261, 6.120027E-12,   281.97760,          NaN,         NaN
  5558.6,  3.696341E-5,   689.17129,  7.138027E-5,   734.69098, 1.526537E-11,   281.58031,          NaN,         NaN
  5563.6,  1.086625E-4,   688.95364,  6.160138E-5,   735.82529, 7.097873E-12,   282.61498,          NaN,         NaN
  5568.6,  5.600636E-5,   689.87785,  8.873684E-5,   735.91748, 4.981019E-12,   283.44896,          NaN,         NaN
  5573.6,  4.812079E-5,   690.90653,  6.136213E-5,   737.26917, 7.977418E-12,   283.56435,          NaN,         NaN
  5578.6,  7.893297E-5,   691.80043,  8.402563E-5,   737.70411, 1.136269E-11,   284.25787,          NaN,         NaN
  5583.6,  4.825405E-5,   693.30596,  4.930872E-5,   739.19660, 7.089554E-12,   284.85799,          NaN,         NaN
  5588.6,  3.167537E-5,   692.42827,  3.920673E-5,   739.44462, 6.228234E-12,   285.08893,          NaN,         NaN
  5593.6,  3.831033E-5,   691.81916,  4.443434E-5,   739.96695, 8.265161E-12,   284.05510,          NaN,         NaN
  5598.6,  3.731897E-5,   690.69600,  4.965762E-5,   739.45868, 5.160452E-12,   284.75692,          NaN,         NaN
  5603.6,  3.767845E-5,   690.04169,  4.898906E-5,   740.87523, 7.127870E-12,   283.54098,          NaN,         NaN
  5608.6,  4.219651E-5,   690.17731,  2.368524E-5,   741.25824, 1.225133E-11,   283.53083,          NaN,         NaN
  5613.6,  6.557587E-5,   690.56466,  5.468930E-5,   741.21156, 8.565068E-12,   283.10377,          NaN,         NaN
  5618.6,  5.500738E-5,   689.28570,  2.118721E-5,   740.84961, 7.017341E-12,   284.61260,          NaN,         NaN
  5623.6,  5.961701E-5,   690.64663,  4.891225E-5,   741.91658, 6.065029E-12,   283.56042,          NaN,         NaN
  5628.6,  3.564339E-5,   690.04092,  2.535164E-5,   740.89424, 3.358220E-12,   284.33920,          NaN,         NaN
  5633.6,  3.087416E-5,   689.07857,  3.480342E-5,   740.92511, 1.273904E-11,   284.70544,          NaN,         NaN
  5638.6,  4.413749E-5,   688.81813,  2.891651E-5,   740.73981, 7.660615E-12,   285.17727,          NaN,         NaN
  5643.6,  3.810850E-5,   686.88291,  4.889946E-5,   740.84879, 1.459902E-11,   286.43487,          NaN,         NaN
  5648.6,  3.612859E-5,   686.94221,  5.544737E-5,   740.51844, 8.288084E-12,   287.89459,          NaN,         NaN
  5653.6,  4.991151E-5,   685.45054,  4.149863E-5,   742.29111, 8.715297E-12,   289.11736,          NaN,         NaN
  5658.6,  3.965380E-5,   686.94844,  4.066871E-5,   743.18039, 7.749070E-12,   288.47873,          NaN,         NaN
  5663.6,  3.856833E-5,   685.68931,  3.035623E-5,   742.82571, 7.659851E-12,   288.93298,          NaN,         NaN
  5668.6,  3.861564E-5,   686.70714,  5.127257E-5,   743.57233, 9.051747E-12,   289.75115,          NaN,         NaN
  5673.6,  2.925792E-5,   688.48186,  4.431811E-5,   743.29058, 1.522622E-11,   289.75318,          NaN,         NaN
  5678.6,  2.868927E-5,   688.94075,  4.031342E-5,   742.61391, 7.812818E-12,   288.53020,          NaN,         NaN
  5683.6,  6.367044E-5,   689.24401,  3.802924E-5,   742.37784, 7.726550E-12,   287.26823,          NaN,         NaN
  5688.6,  4.585791E-5,   690.37983,  3.686261E-5,   742.19600, 1.509130E-11,   285.62238,          NaN,         NaN
  5693.6,  5.486779E-5,   690.66346,  2.261044E-5,   740.70563, 1.170232E-11,   286.00060,          NaN,         NaN
  5698.6,  2.661645E-5,   690.54204,  3.710297E-5,   741.47144, 8.049068E-12,   287.53791,          NaN,         NaN
  5703.6,  4.929364E-5,   690.89269,  6.340237E-5,   742.24400, 1.266489E-11,   289.04420,          NaN,         NaN
  5708.6,  4.839148E-5,   689.78841,  4.029707E-5,   744.52438, 9.717596E-12,   290.47870,          NaN,         NaN
  5713.6,  2.027530E-5,   689.09431,  4.467274E-5,   743.91227, 1.369506E-11,   291.42346,          NaN,         NaN
  5718.6,  1.741790E-5,   688.92097,  3.684702E-5,   745.49357, 8.914536E-12,   292.13766,          NaN,         NaN
  5723.6,  3.280487E-5,   688.80050,  5.868096E-5,   747.19547, 1.245966E-11,   293.40058,          NaN,         NaN
  5728.6,  6.695256E-5,   689.33238,  3.675056E-5,   746.08880, 4.294514E-12,   294.44288,          NaN,         NaN
  5733.6,  1.999473E-5,   689.92153,  6.207675E-5,   745.67613, 6.552915E-12,   293.44420,          NaN,         NaN
  5738.6,  4.662409E-5,   689.53922,  3.268021E-5,   745.93423, 6.689150E-12,   294.19484,          NaN,         NaN
  5743.6,  4.455271E-5,   690.90578,  5.499570E-5,   747.14349, 6.889461E-12,   293.71445,          NaN,         NaN
  5748.6,  3.085511E-5,   689.88758,  3.008063E-5,   747.53952, 1.116702E-11,   294.31401,          NaN,         NaN
  5753.6,  4.707832E-5,   689.87562,  5.141120E-5,   748.55830, 1.288820E-11,   293.16570,          NaN,         NaN
  5758.6,  3.416957E-5,   689.94461,  2.596358E-5,   749.63889, 1.006288E-11,   295.30069,          NaN,         NaN
  5763.6,  6.477028E-5,   691.77796,  4.474958E-5,   749.39388, 6.962674E-12,   294.69233,          NaN,         NaN
  5768.6,  6.423275E-5,   692.76083,  3.800937E-5,   749.82534, 8.932032E-12,   294.25811,          NaN,         NaN
  5773.6,  7.071425E-5,   693.45875,  3.468932E-5,   751.32408, 9.209942E-12,   293.99318,          NaN,         NaN
  5778.6,  3.954628E-5,   693.46109,  3.109484E-5,   751.81838, 9.216312E-12,   293.04661,          NaN,         NaN
  5783.6,  5.260132E-5,   693.68499,  3.912539E-5,   750.74002, 5.959533E-12,   293.73300,          NaN,         NaN
  5788.6,  5.534110E-5,   695.84428,  6.104532E-5,   752.19168, 9.903198E-12,   292.85357,          NaN,         NaN
  5793.6,  3.596503E-5,   695.02549,  6.087951E-5,   752.49183, 1.211698E-11,   291.62350,          NaN,         NaN
  5798.6,  4.319140E-5,   695.85629,  4.526605E-5,   753.82848, 1.157770E-11,   291.55742,          NaN,         NaN
  5803.5,  6.305803E-5,   695.45099,  3.421475E-5,   754.84090, 1.087074E-11,   292.53737,          NaN,         NaN
  5808.5,  3.764470E-5,   693.37069,  3.925507E-5,   753.48619, 7.926648E-12,   293.90250,          NaN,         NaN
  5813.5,  2.734503E-5,   691.99971,  6.964053E-5,   754.66989, 1.311833E-11,   293.37145,          NaN,         NaN
  5818.5,  2.738092E-5,   692.68039,  3.975632E-5,   754.41288, 8.401949E-12,   294.63891,          NaN,         NaN
  5823.5,  5.044214E-5,   692.19864,  3.202092E-5,   755.15020, 9.951403E-12,   295.39632,          NaN,         NaN
  5828.5,  5.752445E-5,   691.77219,  4.376395E-5,   753.49984, 7.452206E-12,   294.11644,          NaN,         NaN
  5833.5,  4.232771E-5,   692.97934,  2.528285E-5,   753.09376, 7.847001E-12,   293.25155,          NaN,         NaN
  5838.5,  3.982904E-5,   694.29430,  6.934057E-5,   752.10409, 9.810981E-12,   293.30724,          NaN,         NaN
  5843.5,  2.556771E-5,   693.36529,  4.800042E-5,   753.05777, 8.571784E-12,   294.45887,          NaN,         NaN
  5848.5,  4.221013E-5,   691.88699,  4.604836E-5,   751.16924, 6.015827E-12,   295.56942,          NaN,         NaN
  5853.5,  4.239338E-5,   693.39942,  3.594495E-5,   751.61309, 6.912669E-12,   296.93785,          NaN,         NaN
  5858.5,  3.162405E-5,   692.55740,  2.467133E-5,   751.52328, 9.778779E-12,   296.91935,          NaN,         NaN
  5863.5,  3.076757E-5,   692.71855,  3.630533E-5,   750.86544, 1.370548E-11,   298.47840,          NaN,         NaN
  5868.5,  6.478515E-5,   692.84758,  3.303922E-5,   750.21727, 6.656427E-12,   297.59605,          NaN,         NaN
  5873.5,  6.219408E-5,   692.79292,  3.924483E-5,   749.19196, 9.066072E-12,   298.17230,          NaN,         NaN
  5878.5,  5.216016E-5,   694.11744,  3.972255E-5,   749.48422, 4.986438E-12,   297.29126,          NaN,         NaN
  5883.5,  3.720755E-5,   695.87626,  3.690485E-5,   750.41522, 7.211789E-12,   297.61176,          NaN,         NaN
  5888.5,  4.959629E-5,   695.14097,  6.875857E-5,   751.61480, 1.422589E-11,   296.61464,          NaN,         NaN
  5893.5,  3.723390E-5,   695.63789,  6.134542E-5,   752.70359, 1.634419E-11,   296.85570,          NaN,         NaN
  5898.5,  3.213523E-5,   695.21272,  4.432030E-5,   752.59559, 1.286764E-11,   298.23853,          NaN,         NaN
  5903.5,  5.076353E-5,   694.47957,  3.109058E-5,   752.59992, 5.989996E-12,   298.68774,          NaN,         NaN
  5908.5,  2.887536E-5,   694.39042,  2.771216E-5,   751.88466, 6.960305E-12,   300.41469,          NaN,         NaN
  5913.5,  2.836217E-5,   693.82824,  3.882220E-5,   751.78600, 7.175591E-12,   299.66321,          NaN,         NaN
  5918.5,  4.859450E-5,   694.14563,  4.086412E-5,   750.92189, 5.146828E-12,   299.55100,          NaN,         NaN
  5923.5,  3.100905E-5,   693.55425,  3.701466E-5,   751.73837, 5.510675E-12,   300.24148,          NaN,         NaN
  5928.5,  4.235227E-5,   692.16213,  2.796016E-5,   752.02179, 1.672354E-11,   300.25580,          NaN,         NaN
  5933.5,  4.713453E-5,   693.66209,  3.359023E-5,   752.92089, 8.106861E-12,   300.55426,          NaN,         NaN
  5938.5,  5.228002E-5,   693.55793,  4.933757E-5,   753.09996, 1.731915E-11,   300.54402,          NaN,         NaN
  5943.5,  4.904491E-5,   695.58464,  4.282906E-5,   753.49454, 7.294046E-12,   299.16143,          NaN,         NaN
  5948.5,  2.572577E-5,   694.43594,  4.022604E-5,   754.27213, 6.792531E-12,   298.42322,          NaN,         NaN
  5953.5,  4.171724E-5,   694.45610,  3.206925E-5,   755.27155, 7.116562E-12,   297.20677,          NaN,         NaN
  5958.5,  6.080491E-5,   694.04547,  5.184192E-5,   755.92739, 1.082249E-11,   295.58577,          NaN,         NaN
  5963.5,  7.546023E-5,   696.58797,  4.283008E-5,   754.94910, 9.827149E-12,   295.72037,          NaN,         NaN
  5968.5,  3.228868E-5,   697.74716,  4.319088E-5,   756.50373, 9.960031E-12,   297.02669,          NaN,         NaN
  5973.5,  5.228894E-5,   696.40499,  4.162870E-5,   757.34433, 5.547809E-12,   298.06766,          NaN,         NaN
  5978.5,  3.510087E-5,   697.27973,  3.111590E-5,   757.38034, 5.786888E-12,   298.00039,          NaN,         NaN
  5983.5,  6.626582E-5,   698.52420,  3.067198E-5,   757.34653, 1.015312E-11,   298.94964,          NaN,         NaN
  5988.5,  4.147904E-5,   699.80151,  4.463274E-5,   758.15678, 6.292906E-12,   299.98281,          NaN,         NaN
  5993.5,  4.811936E-5,   698.66456,  5.199568E-5,   756.50744, 1.037942E-11,   299.81267,          NaN,         NaN
  5998.5,  6.561965E-5,   699.75288,  6.325899E-5,   755.87567, 9.776743E-12,   301.20566,          NaN,         NaN
  6003.5,  5.069767E-5,   701.57396,  4.530771E-5,   756.94184, 7.172841E-12,   302.01177,          NaN,         NaN
  6008.5,  6.307385E-5,   701.06448,  3.159981E-5,   756.94950, 8.247065E-12,   300.55596,          NaN,         NaN
  6013.5,  3.820841E-5,   702.18239,  2.947689E-5,   756.62779, 1.768148E-11,   298.78237,          NaN,         NaN
  6018.5,  2.130346E-5,   700.62773,  4.367142E-5,   755.24389, 6.109977E-12,   299.03672,          NaN,         NaN
  6023.5,  4.685680E-5,   699.61141,  4.677608E-5,   753.93416, 1.047263E-11,   297.63423,          NaN,         NaN
  6028.5,  4.759446E-5,   698.92169,  3.547441E-5,   753.96398, 1.286922E-11,   299.95653,          NaN,         NaN
  6033.5,  5.613071E-5,   698.81697,  4.646610E-5,   754.66961, 7.313502E-12,   300.59949,          NaN,         NaN
  6038.5,  3.544411E-5,   697.16117,  5.214302E-5,   753.15815, 9.284687E-12,   300.21287,          NaN,         NaN
  6043.5,  3.765481E-5,   696.95012,  2.298602E-5,   752.27711, 1.387799E-11,   301.50351,          NaN,         NaN
  6048.5,  3.753353E-5,   697.44353,  3.152721E-5,   751.96678, 1.163008E-11,   301.64610,          NaN,         NaN
  6053.5,  3.676926E-5,   696.10127,  4.260816E-5,   750.90310, 9.100408E-12,   299.99951,          NaN,         NaN
  6058.5,  2.908288E-5,   696.44316,  3.525329E-5,   751.05410, 8.927104E-12,   300.05581,          NaN,         NaN
  6063.5,  3.331570E-5,   696.53552,  5.197271E-5,   752.06600, 1.087879E-11,   301.36613,          NaN,         NaN
  6068.5,  4.338807E-5,   697.70362,  4.256539E-5,   752.69664, 7.203185E-12,   300.60188,          NaN,         NaN
  6073.5,  2.098830E-5,   696.73255,  3.841601E-5,   753.64110, 7.394098E-12,   301.04822,          NaN,         NaN
  6078.5,  4.731763E-5,   697.03554,  2.270184E-5,   752.69058, 1.047414E-11,   301.44744,          NaN,         NaN
  6083.5,  4.966738E-5,   697.01714,  2.733104E-5,   752.10544, 1.070287E-11,   300.27111,          NaN,         NaN
  6088.5,  2.873640E-5,   697.27310,  4.071363E-5,   753.07635, 1.775997E-11,   300.62069,          NaN,         NaN
  6093.5,  4.324093E-5,   697.71853,  6.613376E-5,   752.29684, 6.457017E-12,   300.43445,          NaN,         NaN
  6098.5,  3.824752E-5,   697.44584,  2.861973E-5,   753.34583, 1.575530E-11,   299.33750,          NaN,         NaN
  6103.5,  3.896947E-5,   698.57813,  4.501647E-5,   754.16761, 7.011172E-12,   298.46876,          NaN,         NaN
  6108.5,  4.870176E-5,   699.51929,  5.110845E-5,   755.38604, 6.859185E-12,   297.26124,          NaN,         NaN
  6113.5,  7.263998E-5,   697.70596,  3.064749E-5,   754.93600, 6.256646E-12,   298.83325,          NaN,         NaN
  6118.5,  3.149467E-5,   698.70046,  3.079920E-5,   753.86302, 8.782875E-12,   297.49306,          NaN,         NaN
  6123.5,  4.562684E-5,   698.77776,  3.403254E-5,   755.20170, 8.900469E-12,   296.92707,          NaN,         NaN
  6128.5,  2.668150E-5,   699.40462,  5.985450E-5,   755.07714, 7.974457E-12,   296.86384,          NaN,         NaN
  6133.5,  3.394017E-5,   698.95673,  5.221502E-5,   755.21198, 6.286450E-12,   296.52470,          NaN,         NaN
  6138.5,  4.909660E-5,   700.09940,  3.505079E-5,   757.22267, 9.574351E-12,   296.45797,          NaN,         NaN
  6143.5,  4.394675E-5,   698.19773,  2.670172E-5,   758.86728, 1.222247E-11,   297.35611,          NaN,         NaN
  6148.5,  4.601743E-5,   700.00644,  3.499066E-5,   757.86799, 6.478842E-12,   296.08938,          NaN,         NaN
  6153.5,  5.354695E-5,   702.11923,  3.732131E-5,   756.01400, 1.249964E-11,   296.49035,          NaN,         NaN
  6158.5,  4.295157E-5,   701.47213,  3.644803E-5,   757.29019, 4.885522E-12,   294.85282,          NaN,         NaN
  6163.5,  4.435325E-5,   700.16366,  3.973018E-5,   758.31668, 7.315841E-12,   294.64937,          NaN,         NaN
  6168.5,  5.294627E-5,   700.88291,  4.847342E-5,   760.32930, 9.675691E-12,   294.42131,          NaN,         NaN
  6173.5,  1.907724E-5,   701.48900,  3.724084E-5,   760.96059, 7.792844E-12,   295.29026,          NaN,         NaN
  6178.5,  4.261611E-5,   702.41752,  4.231101E-5,   760.86849, 5.328472E-12,   294.62097,          NaN,         NaN
  6183.5,  7.126166E-5,   704.58813,  4.141693E-5,   760.79012, 9.978653E-12,   293.35212,          NaN,         NaN
  6188.5,  2.489755E-5,   704.63365,  4.656523E-5,   758.73685, 1.067931E-11,   293.71286,          NaN,         NaN
  6193.5,  4.667505E-5,   703.64456,  2.808589E-5,   759.76234, 8.976315E-12,   293.81828,          NaN,         NaN
  6198.5,  2.057174E-5,   704.85907,  4.332404E-5,   760.78928, 4.999994E-12,   293.67766,          NaN,         NaN
  6203.4,  3.083091E-5,   703.48747,  2.509911E-5,   760.20440, 7.150164E-12,   292.93894,          NaN,         NaN
  6208.4,  4.095176E-5,   704.94796,  1.869215E-5,   760.56282, 1.076156E-11,   292.28547,          NaN,         NaN
  6213.4,  2.637529E-5,   705.92141,  3.705607E-5,   760.29650, 1.037818E-11,   293.26164,          NaN,         NaN
  6218.4,  4.682085E-5,   704.94489,  2.948360E-5,   759.19120, 1.139472E-11,   293.52955,          NaN,         NaN
  6223.4,  2.693261E-5,   703.39221,  2.415080E-5,   759.12837, 1.017221E-11,   292.23559,          NaN,         NaN
  6228.4,  3.463054E-5,   702.42879,  2.532181E-5,   759.68617, 9.063194E-12,   292.03704,          NaN,         NaN
  6233.4,  2.073731E-5,   701.51505,  4.638838E-5,   759.53915, 8.557026E-12,   290.25455,          NaN,         NaN
  6238.4,  4.451514E-5,   701.72652,  4.760007E-5,   759.25269, 7.582793E-12,   290.85242,          NaN,         NaN
  6243.4,  6.651134E-5,   703.15752,  3.164048E-5,   759.20083, 8.138391E-12,   290.73812,          NaN,         NaN
  6248.4,  3.493379E-5,   703.79088,  3.415204E-5,   759.96318, 7.603885E-12,   290.87412,          NaN,         NaN
  6253.4,  5.579353E-5,   705.66265,  5.688476E-5,   760.00557, 6.341403E-12,   291.02903,          NaN,         NaN
  6258.4,  3.823618E-5,   707.79434,  3.793817E-5,   761.82930, 6.678242E-12,   290.42689,          NaN,         NaN
  6263.4,  7.990033E-5,   707.34127,  3.749830E-5,   762.25204, 1.025051E-11,   291.46160,          NaN,         NaN
  6268.4,  4.906705E-5,   706.99670,  5.508667E-5,   760.45448, 6.822107E-12,   291.99596,          NaN,         NaN
  6273.4,  3.393624E-5,   707.51574,  3.541258E-5,   761.56037, 5.995243E-12,   291.31778,          NaN,         NaN
  6278.4,  5.036015E-5,   708.60421,  3.244301E-5,   761.52943, 9.435142E-12,   289.51045,          NaN,         NaN
  6283.4,  1.538027E-5,   708.85079,  3.803503E-5,   762.44130, 6.582013E-12,   288.52023,          NaN,         NaN
  6288.4,  9.237097E-5,   708.65252,  3.733367E-5,   762.53532, 6.386856E-12,   288.57477,          NaN,         NaN
  6293.4,  3.571210E-5,   707.45668,  3.344234E-5,   761.59975, 6.953015E-12,   288.21774,          NaN,         NaN
  6298.4,  2.751178E-5,   707.43268,  3.314016E-5,   761.42681, 8.056522E-12,   289.05558,          NaN,         NaN
  6303.4,  3.376583E-5,   707.11838,  6.345026E-5,   760.79949, 8.747414E-12,   287.59856,          NaN,         NaN
  6308.4,  3.324922E-5,   707.50700,  6.440996E-5,   759.93918, 6.534756E-12,   285.98796,          NaN,         NaN
  6313.4,  2.706767E-5,   707.70943,  6.027730E-5,   761.64297, 1.043430E-11,   286.71320,          NaN,         NaN
  6318.4,  4.970857E-5,   707.58258,  3.313182E-5,   761.45380, 6.858554E-12,   285.69540,          NaN,         NaN
  6323.4,  4.608996E-5,   707.33455,  5.217737E-5,   761.64848, 6.998381E-12,   286.17840,          NaN,         NaN
  6328.4,  3.476732E-5,   707.48499,  6.739588E-5,   761.81895, 7.593266E-12,   285.46352,          NaN,         NaN
  6333.4,  5.191968E-5,   708.47894,  3.208615E-5,   762.47079, 6.159636E-12,   284.21731,          NaN,         NaN
  6338.4,  4.171048E-5,   707.34905,  5.038761E-5,   763.08837, 6.611956E-12,   284.26440,          NaN,         NaN
  6343.4,  8.785784E-5,   706.56503,  7.775161E-5,   764.11650, 5.883419E-12,   284.77452,          NaN,         NaN
  6348.4,  6.871026E-5,   706.04410,  2.570538E-5,   763.11424, 4.723487E-12,   283.84225,          NaN,         NaN
  6353.4,  3.509120E-5,   707.66169,  2.707519E-5,   762.40452, 6.075141E-12,   283.40583,          NaN,         NaN
  6358.4,  2.206335E-5,   708.29981,  6.285499E-5,   761.61039, 9.205156E-12,   284.68792,          NaN,         NaN
  6363.4,  5.903792E-5,   707.61579,  3.498498E-5,   760.94272, 8.127877E-12,   286.21564,          NaN,         NaN
  6368.4,  4.947268E-5,   709.00978,  4.548867E-5,   759.62582, 1.041723E-11,   286.52026,          NaN,         NaN
  6373.4,  4.411768E-5,   710.27431,  4.186155E-5,   760.14897, 7.440421E-12,   286.42030,          NaN,         NaN
  6378.4,  3.936486E-5,   708.43423,  3.366143E-5,   760.93493, 1.040704E-11,   285.37822,          NaN,         NaN
  6383.4,  2.121256E-5,   708.70577,  5.199234E-5,   762.58795, 8.618922E-12,   285.68004,          NaN,         NaN
  6388.4,  5.771223E-5,   709.97097,  3.554874E-5,   762.48052, 1.296047E-11,   284.47879,          NaN,         NaN
  6393.4,  5.242732E-5,   709.18846,  4.275920E-5,   763.73970, 9.942712E-12,   284.63509,          NaN,         NaN
  6398.4,  4.410967E-5,   709.12437,  7.008155E-5,   765.25479, 6.543736E-12,   286.03382,          NaN,         NaN
  6403.4,  4.313416E-5,   708.46327,  2.271054E-5,   764.05962, 9.412397E-12,   284.31535,          NaN,         NaN
  6408.4,  4.565170E-5,   706.79009,  4.117098E-5,   762.55710, 9.123071E-12,   283.31284,          NaN,         NaN
  6413.4,  4.460131E-5,   707.25619,  3.491970E-5,   761.91327, 1.202408E-11,   285.66052,          NaN,         NaN
  6418.4,  3.909198E-5,   707.17504,  2.695365E-5,   761.02778, 6.129665E-12,   287.21674,          NaN,         NaN
  6423.4,  7.719016E-5,   708.21575,  4.848993E-5,   760.93997, 1.247753E-11,   288.28448,          NaN,         NaN
  6428.4,  4.028745E-5,   709.50418,  3.888583E-5,   759.77613, 1.673071E-11,   287.67259,          NaN,         NaN
  6433.4,  2.650715E-5,   710.07794,  3.103276E-5,   758.10923, 9.818045E-12,   285.41946,          NaN,         NaN
  6438.4,  6.082630E-5,   709.80179,  5.368391E-5,   758.00089, 7.605282E-12,   285.94142,          NaN,         NaN
  6443.4,  4.066628E-5,   710.07575,  2.535038E-5,   757.31181, 8.869996E-12,   286.34879,          NaN,         NaN
  6448.4,  3.037117E-5,   709.41093,  5.919701E-5,   757.61580, 1.282113E-11,   285.85888,          NaN,         NaN
  6453.4,  3.292762E-5,   708.81134,  4.153091E-5,   755.45954, 9.356922E-12,   288.00556,          NaN,         NaN
  6458.4,  3.709353E-5,   709.18537,  5.349031E-5,   753.88632, 3.963908E-12,   287.44521,          NaN,         NaN
  6463.4,  2.194635E-5,   708.71902,  5.797968E-5,   755.48301, 6.477481E-12,   287.53432,          NaN,         NaN
  6468.4,  2.932464E-5,   709.43174,  4.221022E-5,   755.53793, 1.178520E-11,   287.61323,          NaN,         NaN
  6473.4,  4.282075E-5,   708.04376,  2.641459E-5,   755.93806, 9.423175E-12,   288.45639,          NaN,         NaN
  6478.4,  6.544769E-5,   710.60450,  5.671241E-5,   757.11254, 1.038452E-11,   286.55656,          NaN,         NaN
  6483.4,  5.387791E-5,   711.22970,  2.987937E-5,   757.66828, 8.823728E-12,   288.12802,          NaN,         NaN
  6488.4,  4.169995E-5,   711.22167,  2.961878E-5,   757.28578, 7.799135E-12,   288.42276,          NaN,         NaN
  6493.4,  3.875789E-5,   709.56676,  5.472439E-5,   759.09124, 1.119009E-11,   289.04070,          NaN,         NaN
  6498.4,  2.998368E-5,   708.21721,  3.879635E-5,   757.73061, 9.289887E-12,   289.36301,          NaN,         NaN
  6503.4,  4.405679E-5,   709.35511,  3.392347E-5,   757.48002, 1.225562E-11,   289.58568,          NaN,         NaN
  6508.4,  2.736388E-5,   710.59580,  3.740357E-5,   757.23957, 7.000929E-12,   289.75514,          NaN,         NaN
  6513.4,  7.668530E-5,   709.25449,  3.772807E-5,   756.72941, 1.018851E-11,   289.56061,          NaN,         NaN
  6518.4,  1.692021E-5,   708.45577,  4.939601E-5,   755.71169, 1.062835E-11,   291.75381,          NaN,         NaN
  6523.4,  4.803458E-5,   707.45834,  5.909922E-5,   755.41368, 1.832468E-11,   290.53479,          NaN,         NaN
  6528.4,  3.608919E-5,   707.80928,  4.574397E-5,   757.46918, 6.596825E-12,   291.74236,          NaN,         NaN
  6533.4,  2.893426E-5,   707.45446,  3.394799E-5,   755.96596, 4.772294E-12,   290.46906,          NaN,         NaN
  6538.4,  5.436383E-5,   707.01428,  5.500811E-5,   756.35849, 8.911544E-12,   289.99605,          NaN,         NaN
  6543.4,  6.397703E-5,   707.12708,  3.074910E-5,   757.67885, 7.061233E-12,   289.27830,          NaN,         NaN
  6548.4,  2.330474E-5,   706.52251,  3.277422E-5,   757.65180, 5.498392E-12,   288.81376,          NaN,         NaN
  6553.4,  4.387104E-5,   706.44960,  2.620265E-5,   758.47721, 1.005377E-11,   289.15056,          NaN,         NaN
  6558.4,  2.418833E-5,   705.56794,  4.049508E-5,   758.80343, 1.195413E-11,   288.42852,          NaN,         NaN
  6563.4,  4.706963E-5,   704.00402,  3.442457E-5,   758.26733, 7.249280E-12,   287.28324,          NaN,         NaN
  6568.4,  1.526111E-5,   704.73507,  3.842067E-5,   759.96459, 1.054969E-11,   285.65460,          NaN,         NaN
  6573.4,  3.993334E-5,   705.01183,  4.646424E-5,   758.21444, 4.667730E-12,   286.34554,          NaN,         NaN
  6578.4,  5.164911E-5,   704.98638,  3.327642E-5,   756.93990, 1.113085E-11,   287.28606,          NaN,         NaN
  6583.4,  2.828056E-5,   704.92938,  4.468947E-5,   758.36547, 7.541029E-12,   285.70459,          NaN,         NaN
  6588.4,  2.830264E-5,   704.40216,  3.110930E-5,   756.80167, 8.822561E-12,   285.78747,          NaN,         NaN
  6593.4,  4.903427E-5,   704.20394,  3.568904E-5,   757.85357, 1.208262E-11,   286.18661,          NaN,         NaN
  6598.4,  4.286113E-5,   704.23083,  3.560141E-5,   756.72655, 6.063476E-12,   285.66549,          NaN,         NaN
  6603.3,  3.522585E-5,   705.77576,  3.262237E-5,   754.51455, 7.861804E-12,   285.34148,          NaN,         NaN
  6608.3,  4.457991E-5,   703.94338,  3.854508E-5,   756.27858, 6.973673E-12,   284.06989,          NaN,         NaN
  6613.3,  3.358916E-5,   705.37160,  4.952499E-5,   758.23080, 5.699917E-12,   282.92254,          NaN,         NaN
  6618.3,  3.192152E-5,   704.31142,  2.014458E-5,   757.86996, 1.449412E-11,   282.30874,          NaN,         NaN
  6623.3,  3.149104E-5,   704.74876,  4.071904E-5,   758.43292, 7.844685E-12,   283.47229,          NaN,         NaN
  6628.3,  4.413515E-5,   705.49512,  5.063348E-5,   758.72930, 1.315678E-11,   283.51614,          NaN,         NaN
  6633.3,  4.434106E-5,   705.33794,  6.334974E-5,   759.64868, 9.004075E-12,   284.89697,          NaN,         NaN
  6638.3,  7.907157E-5,   705.49982,  4.477144E-5,   761.75856, 8.162033E-12,   286.90206,          NaN,         NaN
  6643.3,  1.935928E-5,   705.21354,  4.184380E-5,   759.77833, 1.053940E-11,   287.34169,          NaN,         NaN
  6648.3,  3.887175E-5,   706.52377,  4.378387E-5,   761.71611, 6.028327E-12,   289.00297,          NaN,         NaN
  6653.3,  3.575565E-5,   706.25761,  2.738540E-5,   760.92573, 6.672151E-12,   289.66831,          NaN,         NaN
  6658.3,  5.298717E-5,   707.60105,  3.261067E-5,   760.63618, 4.220170E-12,   289.55063,          NaN,         NaN
  6663.3,  2.796408E-5,   707.67008,  3.616578E-5,   760.63626, 5.252335E-12,   290.83298,          NaN,         NaN
  6668.3,  3.785222E-5,   708.88660,  4.181412E-5,   760.66538, 1.088023E-11,   291.87101,          NaN,         NaN
  6673.3,  2.776078E-5,   708.16723,  2.672087E-5,   760.20531, 5.178448E-12,   290.88923,          NaN,         NaN
  6678.3,  4.137985E-5,   707.57955,  4.519072E-5,   760.04492, 8.351706E-12,   291.38438,          NaN,         NaN
  6683.3,  5.677411E-5,   705.71957,  4.256613E-5,   760.39291, 1.154226E-11,   290.00998,          NaN,         NaN
  6688.3,  5.552999E-5,   705.20647,  2.577339E-5,   760.40475, 7.631109E-12,   288.78107,          NaN,         NaN
  6693.3,  3.635062E-5,   706.33496,  3.284929E-5,   760.77289, 1.632393E-11,   288.12008,          NaN,         NaN
  6698.3,  5.000191E-5,   707.14517,  3.203128E-5,   760.49474, 1.021518E-11,   288.92299,          NaN,         NaN
  6703.3,  1.897557E-5,   707.31511,  2.782540E-5,   760.52595, 5.785490E-12,   290.42435,          NaN,         NaN
  6708.3,  3.785021E-5,   706.95076,  3.844527E-5,   760.18556, 8.178290E-12,   291.07359,          NaN,         NaN
  6713.3,  3.502852E-5,   707.08144,  2.438498E-5,   760.35490, 1.102048E-11,   290.77576,          NaN,         NaN
  6718.3,  3.651134E-5,   706.79594,  3.148609E-5,   760.50765, 1.073040E-11,   290.91831,          NaN,         NaN
  6723.3,  4.420128E-5,   705.50984,  4.343380E-5,   759.21036, 7.000823E-12,   289.02885,          NaN,         NaN
  6728.3,  4.035766E-5,   704.80904,  4.822467E-5,   758.83742, 1.517164E-11,   290.37907,          NaN,         NaN
  6733.3,  2.197032E-5,   702.75445,  4.443862E-5,   757.50098, 9.058993E-12,   288.07577,          NaN,         NaN
  6738.3,  4.121901E-5,   701.85200,  3.652764E-5,   756.89401, 9.535355E-12,   289.70967,          NaN,         NaN
  6743.3,  3.949217E-5,   704.20901,  1.857848E-5,   757.36530, 8.334493E-12,   290.57155,          NaN,         NaN
  6748.3,  3.862258E-5,   705.56567,  5.279369E-5,   757.66947, 6.331243E-12,   290.31098,          NaN,         NaN
  6753.3,  3.620663E-5,   703.97388,  3.259269E-5,   758.32836, 1.284768E-11,   291.36167,          NaN,         NaN
  6758.3,  3.028198E-5,   703.18529,  4.029958E-5,   756.78605, 7.260905E-12,   289.83169,          NaN,         NaN
  6763.3,  3.189263E-5,   701.61166,  3.385060E-5,   757.28098, 1.007678E-11,   291.11196,          NaN,         NaN
  6768.3,  5.108741E-5,   702.02819,  3.968217E-5,   758.81473, 1.143926E-11,   290.05004,          NaN,         NaN
  6773.3,  3.153062E-5,   700.40418,  3.236261E-5,   758.97399, 1.071056E-11,   290.24175,          NaN,         NaN
  6778.3,  4.958208E-5,   701.67880,  4.906141E-5,   759.58077, 8.513605E-12,   289.65154,          NaN,         NaN
  6783.3,  3.519073E-5,   703.41885,  2.372854E-5,   760.43585, 6.342133E-12,   289.40258,          NaN,         NaN
  6788.3,  4.409759E-5,   703.28633,  3.070081E-5,   760.28928, 8.091466E-12,   289.07907,          NaN,         NaN
  6793.3,  4.245176E-5,   704.24798,  3.009850E-5,   759.20215, 7.475187E-12,   287.83701,          NaN,         NaN
  6798.3,  4.391762E-5,   704.44514,  4.117476E-5,   760.12583, 6.946525E-12,   286.52839,          NaN,         NaN
  6803.3,  4.789918E-5,   705.73064,  4.010569E-5,   761.12478, 8.584945E-12,   285.82023,          NaN,         NaN
  6808.3,  3.955056E-5,   703.67163,  3.758429E-5,   761.48161, 1.014541E-11,   287.14363,          NaN,         NaN
  6813.3,  5.315448E-5,   701.54801,  4.286982E-5,   760.95063, 6.179732E-12,   287.59950,          NaN,         NaN
  6818.3,  2.863987E-5,   703.10310,  2.772596E-5,   761.12259, 4.813114E-12,   287.94403,          NaN,         NaN
  6823.3,  3.882579E-5,   703.25107,  3.190963E-5,   761.33794, 8.137457E-12,   288.47694,          NaN,         NaN
  6828.3,  5.030078E-5,   704.85834,  2.032511E-5,   761.70183, 7.847110E-12,   289.84760,          NaN,         NaN
  6833.3,  4.630354E-5,   704.69032,  7.725829E-5,   762.12146, 6.403653E-12,   290.37944,          NaN,         NaN
  6838.3,  4.550294E-5,   705.96192,  2.997110E-5,   761.47524, 1.072171E-11,   290.35916,          NaN,         NaN
  6843.3,  4.440572E-5,   707.02939,  2.253324E-5,   762.11359, 9.777995E-12,   289.18186,          NaN,         NaN
  6848.3,  2.524531E-5,   708.09318,  2.424035E-5,   762.07105, 4.026039E-12,   290.06025,          NaN,         NaN
  6853.3,  3.854636E-5,   706.24317,  3.111750E-5,   762.41116, 7.402882E-12,   290.41868,          NaN,         NaN
  6858.3,  2.627453E-5,   705.71255,  4.625618E-5,   762.53928, 9.506820E-12,   290.27383,          NaN,         NaN
  6863.3,  8.364462E-5,   706.29658,  2.746886E-5,   762.69566, 5.106142E-12,   290.65091,          NaN,         NaN
  6868.3,  2.490118E-5,   706.86751,  4.731861E-5,   762.43431, 4.481073E-12,   290.87941,          NaN,         NaN
  6873.3,  4.765403E-5,   706.73586,  6.051210E-5,   761.30313, 5.476785E-12,   291.57604,          NaN,         NaN
  6878.3,  2.980787E-5,   706.96795,  3.273420E-5,   760.61201, 1.059509E-11,   291.49475,          NaN,         NaN
  6883.3,  5.421568E-5,   706.93012,  2.260099E-5,   759.89398, 4.068659E-12,   291.64313,          NaN,         NaN
  6888.3,  6.285193E-5,   707.06766,  1.882908E-5,   760.85586, 6.082305E-12,   291.58049,          NaN,         NaN
  6893.3,  3.681194E-5,   707.62340,  4.138396E-5,   760.54758, 5.769134E-12,   292.42856,          NaN,         NaN
  6898.3,  2.533633E-5,   706.17439,  3.783886E-5,   759.87543, 1.254720E-11,   292.01828,          NaN,         NaN
  6903.3,  2.513540E-5,   705.69261,  3.492389E-5,   759.33801, 5.886727E-12,   291.38413,          NaN,         NaN
  6908.3,  4.497073E-5,   706.55704,  3.965503E-5,   758.84878, 4.609560E-12,   291.93763,          NaN,         NaN
  6913.3,  3.468948E-5,   707.85604,  3.243131E-5,   758.05184, 4.540361E-12,   291.43168,          NaN,         NaN
  6918.3,  2.738094E-5,   708.07954,  4.176512E-5,   757.75215, 1.135785E-11,   292.12581,          NaN,         NaN
  6923.3,  3.364934E-5,   708.62013,  4.008720E-5,   759.62403, 7.246775E-12,   292.66187,          NaN,         NaN
  6928.3,  3.800206E-5,   708.48384,  3.779610E-5,   759.88539, 8.582180E-12,   292.41255,          NaN,         NaN
  6933.3,  2.830684E-5,   707.16306,  2.884440E-5,   760.26955, 8.066541E-12,   294.07619,          NaN,         NaN
  6938.3,  2.650262E-5,   706.75379,  3.807657E-5,   760.47613, 6.838278E-12,   295.50727,          NaN,         NaN
  6943.3,  3.261093E-5,   706.85427,  7.661961E-5,   759.66629, 9.787594E-12,   294.83375,          NaN,         NaN
  6948.3,  3.366259E-5,   707.03447,  3.717611E-5,   760.28574, 7.587086E-12,   294.74587,          NaN,         NaN
  6953.3,  5.622108E-5,   707.27378,  3.029131E-5,   760.87255, 6.126651E-12,   293.95824,          NaN,         NaN
  6958.3,  4.312575E-5,   708.52583,  1.999878E-5,   760.94374, 4.922768E-12,   293.28280,          NaN,         NaN
  6963.3,  3.333856E-5,   709.56691,  2.232578E-5,   760.69638, 7.809182E-12,   293.30162,          NaN,         NaN
  6968.3,  1.743902E-5,   709.46804,  2.819148E-5,   760.75318, 1.105184E-11,   292.09040,          NaN,         NaN
  6973.3,  5.724909E-5,   709.01024,  2.326481E-5,   762.05250, 1.166550E-11,   291.66034,          NaN,         NaN
  6978.3,  4.313189E-5,   709.17331,  4.181708E-5,   760.89912, 1.221668E-11,   291.00033,          NaN,         NaN
  6983.3,  3.261924E-5,   709.65008,  2.707787E-5,   762.02065, 9.207414E-12,   292.18852,          NaN,         NaN
  6988.3,  4.331694E-5,   709.61122,  3.193902E-5,   761.12872, 7.007188E-12,   292.17665,          NaN,         NaN
  6993.3,  3.486095E-5,   708.81241,  2.701154E-5,   761.17001, 3.299019E-12,   291.35314,          NaN,         NaN
  6998.3,  2.818194E-5,   710.21727,  3.006903E-5,   761.68401, 1.115168E-11,   291.40165,          NaN,         NaN
  7003.2,  1.666710E-5,   709.60630,  3.908109E-5,   761.37720, 8.225501E-12,   290.30156,          NaN,         NaN
  7008.2,  1.821492E-5,   708.95547,  5.094843E-5,   759.78381, 5.289562E-12,   289.52564,          NaN,         NaN
  7013.2,  4.487437E-5,   708.61783,  3.760810E-5,   761.11500, 1.290017E-11,   288.63849,          NaN,         NaN
  7018.2,  6.530910E-5,   708.07349,  1.795411E-5,   760.95923, 1.247751E-11,   286.47908,          NaN,         NaN
  7023.2,  3.277728E-5,   707.99065,  2.748978E-5,   760.79757, 1.295514E-11,   285.92736,          NaN,         NaN
  7028.2,  2.244866E-5,   707.57104,  4.347569E-5,   761.70321, 3.264292E-12,   286.20003,          NaN,         NaN
  7033.2,  1.855260E-5,   707.98069,  3.460429E-5,   760.34314, 9.701732E-12,   286.28919,          NaN,         NaN
  7038.2,  5.508125E-5,   708.16244,  3.242355E-5,   758.90918, 9.177109E-12,   286.79385,          NaN,         NaN
  7043.2,  2.781975E-5,   708.16789,  5.779967E-5,   760.97849, 9.408279E-12,   288.64158,          NaN,         NaN
  7048.2,  2.683410E-5,   707.62900,  5.270808E-5,   762.87104, 9.396431E-12,   288.41519,          NaN,         NaN
  7053.2,  3.637464E-5,   707.23991,  3.505904E-5,   761.48587, 5.174676E-12,   288.85112,          NaN,         NaN
  7058.2,  4.592525E-5,   708.61285,  3.406732E-5,   761.81905, 8.266601E-12,   288.09245,          NaN,         NaN
  7063.2,  2.320853E-5,   708.19319,  4.149427E-5,   760.41402, 7.590269E-12,   289.34840,          NaN,         NaN
  7068.2,  1.705283E-5,   708.27828,  3.424835E-5,   759.23555, 8.970874E-12,   289.22610,          NaN,         NaN
  7073.2,  2.109676E-5,   709.24927,  3.645031E-5,   759.56488, 9.170728E-12,   289.64891,          NaN,         NaN
  7078.2,  2.860069E-5,   708.58705,  7.143213E-5,   757.92711, 5.687202E-12,   289.81832,          NaN,         NaN
  7083.2,  3.367974E-5,   709.02954,  3.696791E-5,   756.33256, 1.132101E-11,   290.02819,          NaN,         NaN
  7088.2,  7.264019E-5,   709.41849,  2.711159E-5,   755.21938, 8.650515E-12,   287.85617,          NaN,         NaN
  7093.2,  3.075832E-5,   710.29925,  1.963117E-5,   754.08328, 6.296182E-12,   289.49879,          NaN,         NaN
  7098.2,  5.138988E-5,   709.34567,  4.564851E-5,   755.06362, 6.444030E-12,   288.82524,          NaN,         NaN
  7103.2,  4.619831E-5,   709.99982,  5.742984E-5,   753.32293, 5.908766E-12,   289.60654,          NaN,         NaN
  7108.2,  3.932857E-5,   710.33670,  3.324678E-5,   752.73919, 5.049621E-12,   289.35577,          NaN,         NaN
  7113.2,  3.461850E-5,   710.71808,  3.011715E-5,   752.95660, 9.630061E-12,   288.08945,          NaN,         NaN
  7118.2,  3.598059E-5,   712.52957,  5.607212E-5,   752.41151, 1.015556E-11,   288.72058,          NaN,         NaN
  7123.2,  4.145995E-5,   713.11948,  3.320852E-5,   753.41100, 8.017727E-12,   290.59801,          NaN,         NaN
  7128.2,  4.780637E-5,   712.87398,  3.885073E-5,   753.36053, 1.008333E-11,   288.48165,          NaN,         NaN
  7133.2,  6.844451E-5,   714.62895,  2.544363E-5,   753.73744, 5.906390E-12,   287.42608,          NaN,         NaN
  7138.2,  3.005239E-5,   716.85956,  3.019833E-5,   753.70226, 1.122840E-11,   287.46814,          NaN,         NaN
  7143.2,  2.622270E-5,   716.25113,  3.345264E-5,   755.31924, 8.456223E-12,   288.81700,          NaN,         NaN
  7148.2,  3.786053E-5,   716.59634,  3.193149E-5,   755.95049, 6.311887E-12,   290.02474,          NaN,         NaN
  7153.2,  2.874779E-5,   715.79149,  2.971883E-5,   754.61650, 6.964640E-12,   289.45783,          NaN,         NaN
  7158.2,  4.579319E-5,   716.42245,  2.771358E-5,   755.86184, 5.152054E-12,   288.74744,          NaN,         NaN
  7163.2,  3.714875E-5,   715.16558,  1.882409E-5,   754.97821, 7.230217E-12,   289.75481,          NaN,         NaN
  7168.2,  4.194969E-5,   713.95197,  2.815446E-5,   754.82476, 9.048718E-12,   288.32177,          NaN,         NaN
  7173.2,  3.952472E-5,   712.66360,  4.288881E-5,   755.61255, 7.060817E-12,   287.01003,          NaN,         NaN
  7178.2,  3.117795E-5,   711.63306,  4.331449E-5,   754.12321, 7.751083E-12,   286.75855,          NaN,         NaN
  7183.2,  2.789967E-5,   711.68052,  2.460981E-5,   755.03751, 1.131993E-11,   286.45905,          NaN,         NaN
  7188.2,  3.224546E-5,   711.81269,  3.781979E-5,   753.89344, 6.433533E-12,   285.00433,          NaN,         NaN
  7193.2,  3.498536E-5,   709.87847,  2.348450E-5,   753.80290, 1.064807E-11,   283.91120,          NaN,         NaN
  7198.2,  4.829103E-5,   709.37937,  3.031214E-5,   753.28432, 6.964070E-12,   284.64285,          NaN,         NaN
  7203.2,  2.169901E-5,   708.21355,  4.963142E-5,   751.15407, 5.779686E-12,   283.05771,          NaN,         NaN
  7208.2,  2.633192E-5,   707.45756,  4.513215E-5,   752.20830, 5.070057E-12,   283.92617,          NaN,         NaN
  7213.2,  2.419511E-5,   707.05031,  3.243496E-5,   753.01472, 8.248550E-12,   285.26644,          NaN,         NaN
  7218.2,  3.180122E-5,   705.66551,  4.613816E-5,   751.81022, 8.588374E-12,   284.87150,          NaN,         NaN
  7223.2,  2.647906E-5,   704.98851,  2.564299E-5,   753.84449, 9.585636E-12,   285.02976,          NaN,         NaN
  7228.2,  4.854016E-5,   705.49383,  2.621919E-5,   752.17793, 9.219959E-12,   283.81693,          NaN,         NaN
  7233.2,  3.279863E-5,   705.95730,  3.015961E-5,   753.67572, 6.094692E-12,   283.63326,          NaN,         NaN
  7238.2,  2.869814E-5,   706.07034,  2.158223E-5,   754.29196, 4.904801E-12,   283.02048,          NaN,         NaN
  7243.2,  3.807631E-5,   705.02189,  2.607034E-5,   753.87963, 4.180019E-12,   283.19610,          NaN,         NaN
  7248.2,  3.243178E-5,   703.50339,  2.868108E-5,   753.89887, 1.023114E-11,   282.02777,          NaN,         NaN
  7253.2,  3.241210E-5,   702.74904,  4.548810E-5,   753.92251, 1.098823E-11,   280.79307,          NaN,         NaN
  7258.2,  3.874090E-5,   702.27949,  3.177070E-5,   752.57412, 1.328624E-11,   279.29972,          NaN,         NaN
  7263.2,  6.030850E-5,   700.94423,  5.598684E-5,   753.75976, 6.551923E-12,   279.72039,          NaN,         NaN
  7268.2,  6.361885E-5,   699.69157,  3.899729E-5,   752.67324, 7.947194E-12,   279.44450,          NaN,         NaN
  7273.2,  2.265476E-5,   699.53328,  5.172555E-5,   754.01895, 1.146978E-11,   278.12148,          NaN,         NaN
  7278.2,  3.162767E-5,   698.78136,  3.295316E-5,   753.80456, 7.170980E-12,   277.93143,          NaN,         NaN
  7283.2,  2.093466E-5,   697.85940,  3.474988E-5,   755.72959, 8.459791E-12,   276.69401,          NaN,         NaN
  7288.2,  2.737848E-5,   698.18945,  4.023258E-5,   756.02498, 5.837493E-12,   275.62835,          NaN,         NaN
  7293.2,  2.774910E-5,   697.83022,  3.112609E-5,   754.38151, 4.063178E-12,   275.80733,          NaN,         NaN
  7298.2,  2.618635E-5,   697.70234,  5.877749E-5,   755.35861, 9.285217E-12,   275.37260,          NaN,         NaN
  7303.2,  5.140444E-5,   697.72446,  2.736168E-5,   753.41860, 5.292208E-12,   275.09624,          NaN,         NaN
  7308.2,  3.321339E-5,   696.98314,  3.030051E-5,   751.62744, 1.470111E-11,   274.82526,          NaN,         NaN
  7313.2,  2.586528E-5,   696.14735,  3.277445E-5,   751.37522, 6.227936E-12,   273.74401,          NaN,         NaN
  7318.2,  5.888241E-5,   695.36873,  3.456033E-5,   751.09483, 7.367593E-12,   274.44556,          NaN,         NaN
  7323.2,  2.597719E-5,   693.46003,  3.004847E-5,   750.25929, 8.101737E-12,   274.45921,          NaN,         NaN
  7328.2,  4.273345E-5,   694.09245,  3.057376E-5,   748.70026, 4.701856E-12,   275.72732,          NaN,         NaN
  7333.2,  2.730277E-5,   694.76295,  4.265289E-5,   747.42835, 8.652452E-12,   275.43165,          NaN,         NaN
  7338.2,  2.617842E-5,   694.45529,  5.373824E-5,   749.22356, 4.446867E-12,   275.45629,          NaN,         NaN
  7343.2,  4.012850E-5,   696.19825,  2.383012E-5,   748.89344, 6.362951E-12,   276.07554,          NaN,         NaN
  7348.2,  5.276638E-5,   695.36602,  1.992905E-5,   748.48097, 1.186339E-11,   276.28128,          NaN,         NaN
  7353.2,  2.154852E-5,   696.01061,  6.102276E-5,   748.19491, 9.877396E-12,   277.55456,          NaN,         NaN
  7358.2,  3.815579E-5,   696.90991,  3.584735E-5,   746.21731, 1.197632E-11,   277.49749,          NaN,         NaN
  7363.2,  4.953002E-5,   695.44478,  3.161772E-5,   746.02967, 4.608609E-12,   277.07303,          NaN,         NaN
  7368.2,  2.682651E-5,   694.08943,  2.659971E-5,   745.06872, 6.167285E-12,   276.47555,          NaN,         NaN
  7373.2,  6.030036E-5,   692.45006,  4.440442E-5,   743.77640, 5.334659E-12,   276.19006,          NaN,         NaN
  7378.2,  4.567390E-5,   691.57437,  3.030946E-5,   743.19857, 7.976379E-12,   275.48397,          NaN,         NaN
  7383.2,  2.827055E-5,   691.92513,  3.860202E-5,   742.31232, 7.811553E-12,   274.25033,          NaN,         NaN
  7388.2,  3.869200E-5,   690.84501,  3.753142E-5,   741.28848, 4.935595E-12,   274.92675,          NaN,         NaN
  7393.2,  3.637966E-5,   690.54848,  3.111180E-5,   740.03836, 7.091726E-12,   274.75148,          NaN,         NaN
  7398.2,  3.492538E-5,   692.10641,  4.492584E-5,   737.91650, 4.909741E-12,   273.76405,          NaN,         NaN
  7403.1,  2.615934E-5,   692.81645,  3.678858E-5,   738.85000, 1.254011E-11,   275.15940,          NaN,         NaN
  7408.1,  4.747444E-5,   692.00608,  4.287013E-5,   739.39567, 4.082870E-12,   274.47526,          NaN,         NaN
  7413.1,  3.448444E-5,   693.51308,  1.989459E-5,   739.52896, 1.157115E-11,   273.96848,          NaN,         NaN
  7418.1,  3.409502E-5,   694.23158,  2.676186E-5,   739.12521, 1.202644E-11,   273.76729,          NaN,         NaN
  7423.1,  2.161239E-5,   695.48684,  3.708746E-5,   738.16352, 7.107305E-12,   272.66103,          NaN,         NaN
  7428.1,  2.337501E-5,   696.46864,  3.844756E-5,   738.89443, 1.007680E-11,   272.96995,          NaN,         NaN
  7433.1,  5.487277E-5,   696.75417,  2.431899E-5,   739.19390, 4.554598E-12,   271.77527,          NaN,         NaN
  7438.1,  2.844552E-5,   694.45295,  1.892984E-5,   739.05496, 7.688533E-12,   272.73297,          NaN,         NaN
  7443.1,  5.936053E-5,   692.54443,  3.463249E-5,   739.28742, 6.916429E-12,   271.41612,          NaN,         NaN
  7448.1,  3.584739E-5,   692.27551,  2.864880E-5,   739.15020, 8.347957E-12,   272.07162,          NaN,         NaN
  7453.1,  2.933123E-5,   690.90167,  5.994619E-5,   738.46244, 6.056769E-12,   271.80536,          NaN,         NaN
  7458.1,  3.846300E-5,   692.22904,  2.880976E-5,   739.30044, 9.452858E-12,   270.26908,          NaN,         NaN
  7463.1,  5.438527E-5,   690.79180,  3.709756E-5,   738.67044, 4.185338E-12,   270.33532,          NaN,         NaN
  7468.1,  2.216147E-5,   690.12153,  5.280929E-5,   740.72630, 1.079765E-11,   270.32498,          NaN,         NaN
  7473.1,  4.302098E-5,   689.37268,  3.620872E-5,   741.77759, 4.556549E-12,   271.16866,          NaN,         NaN
  7478.1,  4.425628E-5,   689.47996,  6.849109E-5,   740.22929, 1.215981E-11,   270.23967,          NaN,         NaN
  7483.1,  2.605097E-5,   690.82245,  4.300344E-5,   739.36644, 7.229831E-12,   270.30627,          NaN,         NaN
  7488.1,  2.133612E-5,   690.81916,  3.362453E-5,   740.03678, 7.101223E-12,   269.35923,          NaN,         NaN
  7493.1,  3.689666E-5,   689.12316,  4.416722E-5,   738.92548, 8.423129E-12,   268.87109,          NaN,         NaN
  7498.1,  3.918929E-5,   688.88408,  2.396990E-5,   737.94484, 9.772725E-12,   269.09715,          NaN,         NaN
  7503.1,  2.388348E-5,   687.79949,  2.788203E-5,   738.73588, 7.513701E-12,   268.16701,          NaN,         NaN
  7508.1,  2.064658E-5,   687.98274,  3.248149E-5,   737.37821, 4.942798E-12,   268.11595,          NaN,         NaN
  7513.1,  4.863196E-5,   687.11816,  4.617924E-5,   739.06106, 1.262158E-11,   267.43729,          NaN,         NaN
  7518.1,  3.046190E-5,   685.35093,  4.555651E-5,   740.56973, 7.343103E-12,   268.51496,          NaN,         NaN
  7523.1,  4.128836E-5,   685.91808,  3.059483E-5,   739.81702, 3.996862E-12,   268.71692,          NaN,         NaN
  7528.1,  3.204529E-5,   685.11066,  2.240454E-5,   738.61000, 3.069522E-12,   268.71788,          NaN,         NaN
  7533.1,  3.796565E-5,   685.13451,  3.363450E-5,   736.96853, 5.499764E-12,   268.56849,          NaN,         NaN
  7538.1,  4.678998E-5,   683.49030,  4.498874E-5,   735.81735, 1.053776E-11,   270.11913,          NaN,         NaN
  7543.1,  1.707574E-5,   683.87494,  3.662671E-5,   736.72275, 9.770243E-12,   270.46788,          NaN,         NaN
  7548.1,  4.077342E-5,   683.78103,  4.274568E-5,   737.61953, 1.185641E-11,   269.82031,          NaN,         NaN
  7553.1,  4.413389E-5,   684.25866,  2.507412E-5,   736.50454, 1.053679E-11,   268.12802,          NaN,         NaN
  7558.1,  1.694024E-5,   684.77818,  2.943987E-5,   735.79053, 7.106665E-12,   267.06951,          NaN,         NaN
  7563.1,  3.992280E-5,   684.98486,  2.858012E-5,   734.51184, 7.248548E-12,   267.04701,          NaN,         NaN
  7568.1,  4.866157E-5,   683.47748,  3.303299E-5,   733.12612, 5.870979E-12,   268.19486,          NaN,         NaN
  7573.1,  2.799357E-5,   681.58225,  3.775896E-5,   734.87981, 7.477345E-12,   269.25454,          NaN,         NaN
  7578.1,  2.693556E-5,   681.30307,  3.327003E-5,   734.24482, 6.949843E-12,   269.78018,          NaN,         NaN
  7583.1,  3.722125E-5,   681.94271,  2.147933E-5,   734.50045, 4.493633E-12,   268.87180,          NaN,         NaN
  7588.1,  2.770072E-5,   682.57828,  3.822816E-5,   733.40948, 4.791073E-12,   267.97623,          NaN,         NaN
  7593.1,  3.058388E-5,   682.96669,  3.674481E-5,   734.13677, 5.987912E-12,   268.95992,          NaN,         NaN
  7598.1,  2.733540E-5,   683.20073,  2.318640E-5,   733.85624, 3.925948E-12,   269.29481,          NaN,         NaN
  7603.1,  2.055069E-5,   683.62928,  3.908850E-5,   733.88706, 7.360098E-12,   268.74651,          NaN,         NaN
  7608.1,  4.826278E-5,   684.62424,  2.568757E-5,   734.69626, 6.841429E-12,   268.12074,          NaN,         NaN
  7613.1,  2.177419E-5,   685.52692,  2.579604E-5,   734.74855, 5.404918E-12,   268.43728,          NaN,         NaN
  7618.1,  2.039942E-5,   685.44749,  3.011491E-5,   735.23607, 4.297420E-12,   267.80449,          NaN,         NaN
  7623.1,  2.098405E-5,   684.50822,  3.402076E-5,   736.00736, 3.413239E-12,   267.48879,          NaN,         NaN
  7628.1,  3.794270E-5,   684.33034,  2.580292E-5,   736.36089, 7.842103E-12,   266.61468,          NaN,         NaN
  7633.1,  3.686872E-5,   682.69484,  4.282616E-5,   736.26108, 1.224515E-11,   267.25492,          NaN,         NaN
  7638.1,  2.937066E-5,   682.50659,  3.125025E-5,   734.86450, 7.573512E-12,   265.67779,          NaN,         NaN
  7643.1,  5.163601E-5,   682.24027,  1.922206E-5,   734.22167, 3.626842E-12,   264.68091,          NaN,         NaN
  7648.1,  3.899363E-5,   681.08293,  3.785790E-5,   734.36678, 8.566845E-12,   264.28855,          NaN,         NaN
  7653.1,  2.732830E-5,   681.45752,  3.591223E-5,   733.44655, 6.527427E-12,   265.85489,          NaN,         NaN
  7658.1,  2.866830E-5,   681.56107,  2.119726E-5,   733.45238, 9.064564E-12,   265.73223,          NaN,         NaN
  7663.1,  4.796902E-5,   680.06171,  2.521024E-5,   733.84684, 6.618134E-12,   264.17549,          NaN,         NaN
  7668.1,  6.739432E-5,   678.36849,  4.053627E-5,   733.69074, 9.616959E-12,   264.05391,          NaN,         NaN
  7673.1,  1.933116E-5,   678.44578,  5.080100E-5,   732.78855, 1.175186E-11,   262.56991,          NaN,         NaN
  7678.1,  4.674010E-5,   677.33981,  4.631637E-5,   731.86042, 1.012579E-11,   263.88989,          NaN,         NaN
  7683.1,  2.939767E-5,   677.07637,  2.627985E-5,   731.56858, 8.410360E-12,   263.13727,          NaN,         NaN
  7688.1,  7.033028E-5,   676.37659,  4.845330E-5,   729.42321, 5.911940E-12,   263.43288,          NaN,         NaN
  7693.1,  5.174608E-5,   676.51802,  5.815799E-5,   727.31113, 8.278985E-12,   262.66783,          NaN,         NaN
  7698.1,  3.134325E-5,   675.47341,  6.989813E-5,   725.81383, 1.075319E-11,   261.55570,          NaN,         NaN
  7703.1,  3.795079E-5,   674.57543,  5.075440E-5,   725.07917, 6.431463E-12,   260.53019,          NaN,         NaN
  7708.1,  1.657302E-5,   673.58500,  3.913973E-5,   727.25629, 6.637236E-12,   259.04089,          NaN,         NaN
  7713.1,  3.788639E-5,   673.64381,  5.686528E-5,   727.70998, 6.886996E-12,   259.12781,          NaN,         NaN
  7718.1,  3.168356E-5,   673.06958,  5.921141E-5,   726.72638, 9.591885E-12,   259.31444,          NaN,         NaN
  7723.1,  3.892271E-5,   672.05433,  2.099124E-5,   727.38580, 8.063507E-12,   259.27234,          NaN,         NaN
  7728.1,  2.961905E-5,   671.40521,  5.491552E-5,   727.54722, 6.667758E-12,   257.94052,          NaN,         NaN
  7733.1,  2.565824E-5,   671.91308,  2.046621E-5,   725.52363, 6.323854E-12,   257.83432,          NaN,         NaN
  7738.1,  3.508185E-5,   672.66237,  3.614644E-5,   724.66083, 5.610228E-12,   257.47051,          NaN,         NaN
  7743.1,  2.809132E-5,   672.16013,  4.460380E-5,   724.06180, 5.339931E-12,   256.65433,          NaN,         NaN
  7748.1,  3.658472E-5,   673.09004,  2.423773E-5,   723.59553, 6.756065E-12,   257.56418,          NaN,         NaN
  7753.1,  2.206208E-5,   673.15923,  2.455318E-5,   724.03562, 6.673179E-12,   256.88540,          NaN,         NaN
  7758.1,  2.418908E-5,   672.91114,  4.248114E-5,   724.11704, 5.371167E-12,   257.22716,          NaN,         NaN
  7763.1,  2.799702E-5,   672.41755,  2.662555E-5,   722.66812, 5.079492E-12,   256.57819,          NaN,         NaN
  7768.1,  3.215680E-5,   671.92204,  3.493362E-5,   723.83059, 6.619728E-12,   257.73465,          NaN,         NaN
  7773.1,  5.635743E-5,   672.60141,  3.300478E-5,   722.64686, 4.523527E-12,   256.86745,          NaN,         NaN
  7778.1,  2.300817E-5,   672.33864,  5.978963E-5,   722.04941, 5.149380E-12,   257.46870,          NaN,         NaN
  7783.1,  4.307262E-5,   672.59326,  2.376696E-5,   721.93202, 5.602159E-12,   257.15906,          NaN,         NaN
  7788.1,  3.498148E-5,   674.46990,  3.150126E-5,   721.00316, 6.358287E-12,   256.75948,          NaN,         NaN
  7793.1,  3.622498E-5,   673.84317,  4.337014E-5,   719.32182, 6.875662E-12,   255.23902,          NaN,         NaN
  7798.1,  1.955100E-5,   674.22571,  2.755496E-5,   719.14732, 8.104108E-12,   254.03985,          NaN,         NaN
  7803.0,  4.212993E-5,   674.91469,  3.187255E-5,   719.93277, 9.408825E-12,   253.85663,          NaN,         NaN
  7808.0,  5.133504E-5,   674.84914,  2.887269E-5,   721.08121, 4.092867E-12,   253.95517,          NaN,         NaN
  7813.0,  4.562611E-5,   674.59940,  4.342721E-5,   719.82773, 7.915083E-12,   253.58442,          NaN,         NaN
  7818.0,  2.319107E-5,   674.28514,  3.584459E-5,   719.51788, 7.246130E-12,   254.07423,          NaN,         NaN
  7823.0,  3.839175E-5,   673.77600,  3.299968E-5,   718.92666, 7.055506E-12,   255.35447,          NaN,         NaN
  7828.0,  2.434441E-5,   673.48777,  5.607334E-5,   719.57145, 5.681702E-12,   254.09695,          NaN,         NaN
  7833.0,  2.341626E-5,   674.33600,  2.225192E-5,   719.53160, 7.191276E-12,   255.32902,          NaN,         NaN
  7838.0,  5.588146E-5,   675.18694,  4.101249E-5,   719.35237, 9.530738E-12,   254.80579,          NaN,         NaN
  7843.0,  2.436879E-5,   676.42974,  1.979959E-5,   720.85687, 7.484004E-12,   255.51142,          NaN,         NaN
  7848.0,  4.399226E-5,   676.21175,  2.771569E-5,   721.50416, 8.343170E-12,   254.87528,          NaN,         NaN
  7853.0,  4.977234E-5,   675.77867,  1.939905E-5,   721.17499, 6.829536E-12,   256.31508,          NaN,         NaN
  7858.0,  4.215930E-5,   676.76227,  2.426962E-5,   720.71925, 6.209823E-12,   255.31906,          NaN,         NaN
  7863.0,  3.978782E-5,   678.53825,  2.679019E-5,   721.30073, 4.514250E-12,   255.39478,          NaN,         NaN
  7868.0,  2.728181E-5,   677.72641,  2.917276E-5,   720.29194, 5.272717E-12,   255.63839,          NaN,         NaN
  7873.0,  4.351395E-5,   676.41913,  3.629963E-5,   722.18329, 6.026827E-12,   256.12633,          NaN,         NaN
  7878.0,  3.447868E-5,   676.01198,  2.687339E-5,   720.93860, 7.223337E-12,   254.63640,          NaN,         NaN
  7883.0,  3.657042E-5,   677.85246,  3.491381E-5,   719.83079, 5.197314E-12,   255.53404,          NaN,         NaN
  7888.0,  2.281794E-5,   677.17536,  2.908978E-5,   721.26920, 3.866006E-12,   255.49229,          NaN,         NaN
  7893.0,  3.865932E-5,   676.25921,  3.665013E-5,   722.47919, 6.355031E-12,   255.57603,          NaN,         NaN
  7898.0,  2.225949E-5,   675.93187,  2.475698E-5,   722.99673, 5.191715E-12,   254.11010,          NaN,         NaN
  7903.0,  2.306989E-5,   675.26438,  4.554457E-5,   723.97211, 8.933956E-12,   255.33386,          NaN,         NaN
  7908.0,  3.487725E-5,   674.50951,  4.144835E-5,   723.73869, 5.045531E-12,   254.57090,          NaN,         NaN
  7913.0,  2.175564E-5,   674.79727,  1.909176E-5,   723.32405, 1.365660E-11,   254.63920,          NaN,         NaN
  7918.0,  3.101505E-5,   675.10357,  3.394577E-5,   723.14819, 8.812264E-12,   254.24435,          NaN,         NaN
  7923.0,  5.142004E-5,   673.44301,  4.012713E-5,   724.43403, 4.716500E-12,   254.09977,          NaN,         NaN
  7928.0,  5.122301E-5,   673.21226,  4.004454E-5,   722.54576, 8.202639E-12,   253.05432,          NaN,         NaN
  7933.0,  3.846048E-5,   672.15894,  4.626316E-5,   721.68860, 7.639581E-12,   250.93736,          NaN,         NaN
  7938.0,  1.952125E-5,   671.96392,  3.740955E-5,   720.59158, 6.810082E-12,   251.49747,          NaN,         NaN
  7943.0,  1.846322E-5,   672.15778,  3.638804E-5,   720.25103, 7.265320E-12,   250.98962,          NaN,         NaN
  7948.0,  3.382137E-5,   672.52208,  2.800584E-5,   721.40963, 8.885026E-12,   250.42630,          NaN,         NaN
  7953.0,  3.580045E-5,   672.46747,  3.603163E-5,   720.22879, 1.120377E-11,   248.82675,          NaN,         NaN
  7958.0,  2.331873E-5,   672.09540,  2.010324E-5,   719.42642, 5.634121E-12,   249.84113,          NaN,         NaN
  7963.0,  2.477524E-5,   670.58096,  2.432721E-5,   718.17485, 4.576520E-12,   250.07544,          NaN,         NaN
  7968.0,  3.577509E-5,   670.79874,  2.466971E-5,   718.46037, 8.521899E-12,   248.38010,          NaN,         NaN
  7973.0,  4.031155E-5,   671.98267,  3.022621E-5,   717.73746, 7.206978E-12,   247.15255,          NaN,         NaN
  7978.0,  3.871416E-5,   671.95724,  3.195881E-5,   717.71445, 1.326339E-11,   246.23715,          NaN,         NaN
  7983.0,  2.374450E-5,   672.36723,  2.327545E-5,   716.73016, 9.275754E-12,   243.95971,          NaN,         NaN
  7988.0,  4.954048E-5,   671.58632,  4.321716E-5,   715.88665, 1.000021E-11,   243.98250,          NaN,         NaN
  7993.0,  1.932243E-5,   672.94625,  2.111930E-5,   717.33228, 5.058359E-12,   243.10259,          NaN,         NaN
  7998.0,  3.593987E-5,   672.86490,  2.683746E-5,   717.41484, 5.586636E-12,   241.51085,          NaN,         NaN
  8003.0,  3.990286E-5,   673.29269,  5.200811E-5,   716.62010, 3.967123E-12,   241.10569,          NaN,         NaN
  8008.0,  2.937294E-5,   672.25495,  1.739482E-5,   715.94481, 7.695130E-12,   240.75387,          NaN,         NaN
  8013.0,  3.007752E-5,   672.43459,  2.266361E-5,   715.83728, 2.581002E-12,   240.07144,          NaN,         NaN
  8018.0,  1.534037E-5,   671.94613,  1.706441E-5,   715.32439, 6.295968E-12,   239.41354,          NaN,         NaN
  8023.0,  2.233455E-5,   671.15933,  4.070700E-5,   714.57109, 7.812434E-12,   238.31578,          NaN,         NaN
  8028.0,  2.578519E-5,   670.57827,  2.111780E-5,   713.34820, 9.262916E-12,   236.26596,          NaN,         NaN
  8033.0,  3.562653E-5,   670.04263,  2.293828E-5,   713.24055, 3.195430E-12,   236.72015,          NaN,         NaN
  8038.0,  4.118094E-5,   669.50982,  5.168587E-5,   712.05552, 8.261981E-12,   235.72483,          NaN,         NaN
  8043.0,  2.731484E-5,   669.46279,  2.666516E-5,   712.21331, 4.663706E-12,   234.72006,          NaN,         NaN
  8048.0,  2.585385E-5,   668.34041,  1.928584E-5,   712.91646, 5.792393E-12,   234.44615,          NaN,         NaN
  8053.0,  5.942572E-5,   668.12417,  3.779431E-5,   712.63346, 7.797800E-12,   234.63872,          NaN,         NaN
  8058.0,  2.912984E-5,   668.27081,  1.812043E-5,   712.56483, 9.010840E-12,   234.10251,          NaN,         NaN
  8063.0,  4.184578E-5,   666.57823,  1.489275E-5,   711.92922, 4.861232E-12,   232.35207,          NaN,         NaN
  8068.0,  2.465006E-5,   665.95114,  1.692861E-5,   711.33281, 5.925689E-12,   233.29915,          NaN,         NaN
  8073.0,  2.760054E-5,   666.95640,  4.644220E-5,   711.22593, 5.267761E-12,   232.55385,          NaN,         NaN
  8078.0,  4.467162E-5,   666.78161,  1.837567E-5,   710.01419, 5.556194E-12,   231.33716,          NaN,         NaN
  8083.0,  2.039103E-5,   666.91523,  1.669168E-5,   710.03429, 5.092563E-12,   230.21064,          NaN,         NaN
  8088.0,  2.276532E-5,   666.79607,  2.185678E-5,   710.74382, 6.589150E-12,   230.06517,          NaN,         NaN
  8093.0,  4.916602E-5,   667.83964,  4.420494E-5,   711.56259, 7.230990E-12,   231.35153,          NaN,         NaN
  8098.0,  2.381177E-5,   667.44035,  4.481751E-5,   711.13091, 6.901759E-12,   231.85124,          NaN,         NaN
  8103.0,  4.733571E-5,   668.54242,  3.146719E-5,   710.45662, 6.933304E-12,   231.43891,          NaN,         NaN
  8108.0,  3.436269E-5,   668.76611,  3.706099E-5,   710.87793, 7.762415E-12,   232.07183,          NaN,         NaN
  8113.0,  3.543368E-5,   667.46128,  2.670745E-5,   709.67699, 7.251983E-12,   231.68120,          NaN,         NaN
  8118.0,  3.063423E-5,   669.03686,  3.949861E-5,   710.34601, 8.293180E-12,   230.53332,          NaN,         NaN
  8123.0,  4.621560E-5,   667.64131,  3.317760E-5,   710.94750, 8.974625E-12,   229.42697,          NaN,         NaN
  8128.0,  1.751897E-5,   667.97944,  3.811550E-5,   712.51443, 5.418988E-12,   229.08293,          NaN,         NaN
  8133.0,  2.774785E-5,   667.64816,  1.912801E-5,   712.40759, 6.691454E-12,   228.35842,          NaN,         NaN
  8138.0,  2.026133E-5,   668.31001,  6.322669E-5,   711.30663, 5.073396E-12,   228.60742,          NaN,         NaN
  8143.0,  4.350826E-5,   667.37500,  1.884933E-5,   712.48388, 7.461069E-12,   228.67930,          NaN,         NaN
  8148.0,  4.469732E-5,   665.78348,  2.799030E-5,   713.25661, 7.000954E-12,   227.60229,          NaN,         NaN
  8153.0,  3.814854E-5,   663.93285,  2.719591E-5,   711.88375, 3.447407E-12,   228.32414,          NaN,         NaN
  8158.0,  3.745785E-5,   662.80268,  3.376016E-5,   710.68137, 5.935276E-12,   228.88986,          NaN,         NaN
  8163.0,  3.095347E-5,   661.37538,  3.716259E-5,   711.59202, 3.878843E-12,   229.40293,          NaN,         NaN
  8168.0,  1.892286E-5,   661.09454,  2.323094E-5,   710.69683, 6.182460E-12,   229.46374,          NaN,         NaN
  8173.0,  3.446562E-5,   659.67599,  3.556884E-5,   709.80070, 5.062582E-12,   228.75184,          NaN,         NaN
  8178.0,  3.724212E-5,   660.19618,  2.533222E-5,   710.21803, 1.010337E-11,   227.76399,          NaN,         NaN
  8183.0,  2.254231E-5,   661.44757,  1.870990E-5,   710.91536, 1.155931E-11,   227.37232,          NaN,         NaN
  8188.0,  2.659877E-5,   661.96235,  2.992867E-5,   710.35841, 4.676741E-12,   225.96977,          NaN,         NaN
  8193.0,  3.076613E-5,   662.48677,  4.151637E-5,   709.93397, 6.573341E-12,   226.68380,          NaN,         NaN
  8198.0,  4.651433E-5,   662.11405,  3.213274E-5,   710.70313, 4.410887E-12,   226.81419,          NaN,         NaN
  8202.9,  3.618958E-5,   661.23245,  3.803212E-5,   709.50095, 5.170683E-12,   226.45994,          NaN,         NaN
  8207.9,  2.608955E-5,   660.95838,  3.857910E-5,   710.83394, 7.277449E-12,   225.57830,          NaN,         NaN
  8212.9,  2.522014E-5,   660.78921,  2.445173E-5,   709.22276, 8.779389E-12,   223.51756,          NaN,         NaN
  8217.9,  1.740301E-5,   660.12098,  2.801103E-5,   709.41349, 7.105754E-12,   224.16486,          NaN,         NaN
  8222.9,  4.201938E-5,   658.71564,  1.438891E-5,   709.93629, 7.365918E-12,   223.52641,          NaN,         NaN
  8227.9,  6.451335E-5,   657.15332,  3.937085E-5,   709.28244, 7.015289E-12,   224.39996,          NaN,         NaN
  8232.9,  2.920575E-5,   656.46561,  3.313709E-5,   709.42531, 5.979166E-12,   223.91562,          NaN,         NaN
  8237.9,  1.806862E-5,   655.38178,  2.899623E-5,   708.21320, 7.630248E-12,   224.31572,          NaN,         NaN
  8242.9,  2.727681E-5,   655.27633,  1.718904E-5,   708.80867, 1.066433E-11,   224.81996,          NaN,         NaN
  8247.9,  2.759686E-5,   654.71170,  2.422629E-5,   707.85931, 6.940769E-12,   224.62259,          NaN,         NaN
  8252.9,  3.240992E-5,   653.64600,  3.787379E-5,   708.32412, 4.832356E-12,   223.85896,          NaN,         NaN
  8257.9,  4.757397E-5,   653.66306,  3.759913E-5,   706.46355, 6.084761E-12,   222.58493,          NaN,         NaN
  8262.9,  3.446558E-5,   653.55284,  3.049493E-5,   704.95598, 5.600559E-12,   222.43330,          NaN,         NaN
  8267.9,  3.978907E-5,   653.42428,  3.901621E-5,   704.94791, 6.962919E-12,   223.52558,          NaN,         NaN
  8272.9,  2.154736E-5,   653.67984,  2.178577E-5,   703.88421, 8.308643E-12,   222.84735,          NaN,         NaN
  8277.9,  2.730794E-5,   652.68504,  2.539615E-5,   703.42884, 5.412998E-12,   223.15096,          NaN,         NaN
  8282.9,  2.553562E-5,   652.75421,  4.018574E-5,   702.41099, 6.146796E-12,   221.77283,          NaN,         NaN
  8287.9,  2.805626E-5,   652.71455,  1.676141E-5,   703.43619, 4.193952E-12,   221.80333,          NaN,         NaN
  8292.9,  2.634644E-5,   651.77862,  3.907311E-5,   702.72365, 4.742264E-12,   221.51228,          NaN,         NaN
  8297.9,  1.999840E-5,   653.21731,  3.141437E-5,   701.27054, 4.409189E-12,   221.66133,          NaN,         NaN
  8302.9,  6.490567E-5,   652.60222,  1.598153E-5,   701.10706, 8.146499E-12,   221.87958,          NaN,         NaN
  8307.9,  3.820768E-5,   651.57471,  1.576317E-5,   700.51580, 6.586944E-12,   220.10812,          NaN,         NaN
  8312.9,  1.927515E-5,   652.89983,  3.062587E-5,   699.96953, 7.134328E-12,   219.13306,          NaN,         NaN
  8317.9,  1.774266E-5,   652.80845,  3.368051E-5,   698.54256, 3.338188E-12,   220.04343,          NaN,         NaN
  8322.9,  4.289060E-5,   651.93021,  3.557711E-5,   697.45928, 4.171628E-12,   220.03084,          NaN,         NaN
  8327.9,  3.976954E-5,   652.54236,  2.758756E-5,   695.60217, 6.284443E-12,   220.13545,          NaN,         NaN
  8332.9,  2.741600E-5,   651.28237,  2.982226E-5,   694.13019, 6.773921E-12,   220.31177,          NaN,         NaN
  8337.9,  3.086751E-5,   651.81220,  2.300763E-5,   694.11035, 5.920014E-12,   219.23663,          NaN,         NaN
  8342.9,  3.932824E-5,   651.22783,  3.933697E-5,   692.64881, 4.927548E-12,   217.84418,          NaN,         NaN
  8347.9,  1.648574E-5,   649.42291,  1.942687E-5,   692.44950, 2.409740E-12,   216.81034,          NaN,         NaN
  8352.9,  2.431406E-5,   648.88672,  1.931883E-5,   691.00829, 4.364004E-12,   216.49537,          NaN,         NaN
  8357.9,  3.545392E-5,   648.37859,  1.558554E-5,   691.83430, 7.859484E-12,   216.63024,          NaN,         NaN
  8362.9,  2.366494E-5,   648.04836,  1.972317E-5,   692.34718, 5.448652E-12,   215.20249,          NaN,         NaN
  8367.9,  2.064323E-5,   647.91825,  5.339226E-5,   692.00419, 4.259748E-12,   214.21208,          NaN,         NaN
  8372.9,  5.407617E-5,   648.92096,  3.632344E-5,   692.78046, 5.893268E-12,   215.03495,          NaN,         NaN
  8377.9,  2.503118E-5,   650.06779,  2.884946E-5,   692.67139, 4.964942E-12,   213.91162,          NaN,         NaN
  8382.9,  3.010941E-5,   651.57710,  1.358638E-5,   691.89897, 3.932886E-12,   214.32429,          NaN,         NaN
  8387.9,  5.028020E-5,   650.18084,  2.659696E-5,   691.59687, 5.126130E-12,   213.84530,          NaN,         NaN
  8392.9,  2.148925E-5,   650.34157,  2.098705E-5,   691.92346, 6.962139E-12,   213.06954,          NaN,         NaN
  8397.9,  4.182049E-5,   649.69288,  2.341322E-5,   692.16854, 3.763923E-12,   213.36055,          NaN,         NaN
  8402.9,  1.030861E-5,   650.32864,  3.089184E-5,   692.94420, 4.845478E-12,   212.79200,          NaN,         NaN
  8407.9,  2.343505E-5,   650.32341,  2.408067E-5,   691.40724, 5.073474E-12,   213.44770,          NaN,         NaN
  8412.9,  3.066605E-5,   649.44508,  3.560180E-5,   691.79798, 3.915646E-12,   212.22270,          NaN,         NaN
  8417.9,  6.167051E-5,   647.89766,  4.305149E-5,   689.76983, 5.205211E-12,   211.22685,          NaN,         NaN
  8422.9,  3.017450E-5,   646.68733,  3.136691E-5,   688.21492, 4.535072E-12,   210.45972,          NaN,         NaN
  8427.9,  2.953341E-5,   646.35522,  4.157613E-5,   689.36607, 4.904130E-12,   210.81129,          NaN,         NaN
  8432.9,  3.552885E-5,   645.88599,  2.731781E-5,   688.55966, 8.222068E-12,   210.22948,          NaN,         NaN
  8437.9,  3.244298E-5,   644.83477,  2.672070E-5,   687.30090, 3.313057E-12,   210.09755,          NaN,         NaN
  8442.9,  2.469409E-5,   646.31801,  4.147573E-5,   686.72243, 6.065615E-12,   209.76160,          NaN,         NaN
  8447.9,  3.454459E-5,   646.26530,  3.368276E-5,   685.19767, 4.789850E-12,   210.01175,          NaN,         NaN
  8452.9,  2.764767E-5,   645.53551,  2.554210E-5,   683.88606, 8.559344E-12,   209.46974,          NaN,         NaN
  8457.9,  4.175537E-5,   645.62230,  3.942994E-5,   683.38315, 4.570118E-12,   208.63856,          NaN,         NaN
  8462.9,  3.206222E-5,   643.58546,  3.363412E-5,   682.52311, 8.295752E-12,   207.48864,          NaN,         NaN
  8467.9,  3.392991E-5,   644.91644,  3.213835E-5,   682.20882, 6.313396E-12,   205.78401,          NaN,         NaN
  8472.9,  4.259178E-5,   643.63195,  1.313328E-5,   681.07677, 3.027050E-12,   206.68033,          NaN,         NaN
  8477.9,  5.194457E-5,   642.91572,  2.121502E-5,   680.96918, 4.422055E-12,   206.66184,          NaN,         NaN
  8482.9,  2.619536E-5,   642.36486,  4.463752E-5,   680.39976, 5.173403E-12,   205.22400,          NaN,         NaN
  8487.9,  3.936818E-5,   641.99313,  1.799870E-5,   680.59074, 7.337005E-12,   204.91838,          NaN,         NaN
  8492.9,  2.890259E-5,   640.79777,  4.950455E-5,   680.77655, 9.664326E-12,   203.36210,          NaN,         NaN
  8497.9,  2.648088E-5,   639.85584,  2.342542E-5,   679.96689, 9.468139E-12,   202.92903,          NaN,         NaN
  8502.9,  1.713941E-5,   639.81830,  2.454846E-5,   678.92217, 4.695967E-12,   203.57388,          NaN,         NaN
  8507.9,  2.678036E-5,   638.82670,  3.188504E-5,   677.78226, 4.001581E-12,   202.10569,          NaN,         NaN
  8512.9,  1.936159E-5,   637.85050,  2.441151E-5,   678.08455, 5.284807E-12,   200.97798,          NaN,         NaN
  8517.9,  1.918500E-5,   637.50062,  3.301998E-5,   676.93664, 4.991336E-12,   199.65071,          NaN,         NaN
  8522.9,  2.451139E-5,   637.45082,  3.155101E-5,   675.84066, 4.224648E-12,   200.28150,          NaN,         NaN
  8527.9,  3.458038E-5,   635.81311,  2.618922E-5,   676.60085, 5.640787E-12,   200.12472,          NaN,         NaN
  8532.9,  2.776157E-5,   636.27949,  3.489832E-5,   676.85488, 3.776177E-12,   200.06528,          NaN,         NaN
  8537.9,  2.183091E-5,   637.10242,  2.991211E-5,   676.96097, 8.109608E-12,   200.13536,          NaN,         NaN
  8542.9,  3.249412E-5,   636.14168,  2.645501E-5,   675.95214, 8.433503E-12,   200.02234,          NaN,         NaN
  8547.9,  2.175755E-5,   635.01399,  3.423778E-5,   674.92401, 1.083843E-11,   199.06851,          NaN,         NaN
  8552.9,  4.101710E-5,   634.09744,  3.448361E-5,   674.13116, 5.782144E-12,   198.36716,          NaN,         NaN
  8557.9,  3.289377E-5,   632.65511,  2.769343E-5,   673.26259, 3.439328E-12,   198.32647,          NaN,         NaN
  8562.9,  3.498922E-5,   632.91600,  2.314760E-5,   671.61246, 3.594893E-12,   199.08987,          NaN,         NaN
  8567.9,  2.995978E-5,   631.45686,  3.364572E-5,   670.06830, 6.367983E-12,   200.13418,          NaN,         NaN
  8572.9,  3.082720E-5,   630.63487,  2.746870E-5,   669.64046, 5.218270E-12,   199.71382,          NaN,         NaN
  8577.9,  2.339046E-5,   630.82369,  2.088504E-5,   670.60524, 3.759867E-12,   198.96350,          NaN,         NaN
  8582.9,  2.227018E-5,   630.47835,  3.246882E-5,   671.23556, 7.597740E-12,   198.63180,          NaN,         NaN
  8587.9,  4.386423E-5,   631.25532,  2.948117E-5,   671.13892, 4.334533E-12,   198.85246,          NaN,         NaN
  8592.9,  2.171548E-5,   631.74285,  3.652403E-5,   671.15473, 4.715864E-12,   199.54108,          NaN,         NaN
  8597.9,  3.190833E-5,   630.39526,  1.677664E-5,   670.55025, 5.940437E-12,   199.55129,          NaN,         NaN
  8602.8,  2.249708E-5,   628.50071,  3.264631E-5,   671.57167, 6.279834E-12,   199.08330,          NaN,         NaN
  8607.8,  4.357906E-5,   628.84563,  2.210511E-5,   670.91559, 4.847897E-12,   199.79740,          NaN,         NaN
  8612.8,  2.470211E-5,   629.85173,  2.087069E-5,   670.58568, 5.880432E-12,   198.74691,          NaN,         NaN
  8617.8,  2.957260E-5,   629.22579,  2.805558E-5,   670.27201, 5.130693E-12,   198.23776,          NaN,         NaN
  8622.8,  2.089923E-5,   627.50516,  2.307001E-5,   669.31315, 1.156068E-11,   196.83426,          NaN,         NaN
  8627.8,  2.666162E-5,   627.39273,  3.231680E-5,   668.14488, 5.328356E-12,   197.39063,          NaN,         NaN
  8632.8,  2.689764E-5,   626.76528,  1.624860E-5,   668.35803, 6.734465E-12,   195.76706,          NaN,         NaN
  8637.8,  3.731607E-5,   627.57701,  3.268771E-5,   668.99261, 7.056874E-12,   194.97105,          NaN,         NaN
  8642.8,  2.497667E-5,   626.21861,  2.113974E-5,   667.69344, 9.195071E-12,   193.69823,          NaN,         NaN
  8647.8,  3.770244E-5,   625.50356,  2.365042E-5,   669.02581, 5.461284E-12,   191.95897,          NaN,         NaN
  8652.8,  1.967645E-5,   624.83531,  4.055382E-5,   669.63146, 3.961431E-12,   190.70478,          NaN,         NaN
  8657.8,  1.580645E-5,   624.40064,  3.829419E-5,   668.31164, 3.405111E-12,   191.14981,          NaN,         NaN
  8662.8,  1.806440E-5,   624.00396,  3.386178E-5,   667.40927, 6.560843E-12,   190.30323,          NaN,         NaN
  8667.8,  2.944620E-5,   623.10746,  3.130408E-5,   665.92783, 7.974830E-12,   189.33366,          NaN,         NaN
  8672.8,  2.383221E-5,   621.19851,  3.239086E-5,   664.91899, 9.845988E-12,   189.07519,          NaN,         NaN
  8677.8,  1.913366E-5,   620.37153,  3.733064E-5,   664.42864, 1.189460E-11,   187.98460,          NaN,         NaN
  8682.8,  1.755272E-5,   621.48602,  1.821515E-5,   663.25459, 3.334516E-12,   187.81951,          NaN,         NaN
  8687.8,  4.017786E-5,   620.59120,  2.714706E-5,   664.32509, 3.755556E-12,   187.00402,          NaN,         NaN
  8692.8,  1.790172E-5,   618.95676,  4.463333E-5,   662.86668, 5.455670E-12,   186.73390,          NaN,         NaN
  8697.8,  3.775756E-5,   620.26035,  2.649136E-5,   661.94678, 5.756598E-12,   186.38036,          NaN,         NaN
  8702.8,  1.415855E-5,   620.47282,  3.447679E-5,   663.29238, 3.119365E-12,   185.71054,          NaN,         NaN
  8707.8,  3.941223E-5,   619.70258,  3.024254E-5,   661.77161, 4.438246E-12,   186.74879,          NaN,         NaN
  8712.8,  3.776395E-5,   619.22319,  3.425155E-5,   661.68589, 4.814566E-12,   187.44955,          NaN,         NaN
  8717.8,  4.014078E-5,   617.79675,  2.306063E-5,   661.07732, 3.551868E-12,   187.14657,          NaN,         NaN
  8722.8,  4.051223E-5,   617.16320,  2.489081E-5,   660.86673, 5.192085E-12,   187.27693,          NaN,         NaN
  8727.8,  2.372122E-5,   616.27108,  2.559332E-5,   660.82743, 4.866560E-12,   186.24852,          NaN,         NaN
  8732.8,  3.698372E-5,   614.38098,  3.838724E-5,   661.47493, 5.087772E-12,   185.29239,          NaN,         NaN
  8737.8,  3.076434E-5,   613.47916,  3.157377E-5,   661.55379, 6.516237E-12,   183.97855,          NaN,         NaN
  8742.8,  4.452881E-5,   612.68040,  3.133513E-5,   660.91588, 7.801905E-12,   182.48138,          NaN,         NaN
  8747.8,  2.052403E-5,   611.55114,  4.117183E-5,   659.28453, 5.281467E-12,   183.05706,          NaN,         NaN
  8752.8,  2.404982E-5,   612.40525,  5.481051E-5,   658.58478, 6.884284E-12,   181.17102,          NaN,         NaN
  8757.8,  2.961843E-5,   612.22983,  4.896974E-5,   657.67664, 5.291938E-12,   179.64722,          NaN,         NaN
  8762.8,  3.154231E-5,   611.36582,  6.100275E-5,   657.59214, 5.631620E-12,   179.12216,          NaN,         NaN
  8767.8,  2.187898E-5,   609.73808,  3.714945E-5,   656.91577, 5.803065E-12,   180.04118,          NaN,         NaN
  8772.8,  2.728511E-5,   609.07994,  2.791517E-5,   656.07246, 5.706930E-12,   180.56335,          NaN,         NaN
  8777.8,  2.507567E-5,   610.65718,  1.457158E-5,   655.36042, 4.323779E-12,   179.69625,          NaN,         NaN
  8782.8,  2.422285E-5,   611.44641,  2.610049E-5,   654.66522, 5.199732E-12,   179.54504,          NaN,         NaN
  8787.8,  2.367632E-5,   610.76784,  1.425495E-5,   655.17865, 7.881769E-12,   179.98306,          NaN,         NaN
  8792.8,  3.697363E-5,   609.58014,  2.012396E-5,   654.54297, 3.827529E-12,   179.99487,          NaN,         NaN
  8797.8,  3.333019E-5,   608.74434,  1.656266E-5,   654.81601, 5.141418E-12,   180.01335,          NaN,         NaN
  8802.8,  2.695766E-5,   607.01359,  2.507775E-5,   655.13432, 5.386404E-12,   179.17491,          NaN,         NaN
  8807.8,  1.457916E-5,   606.11710,  2.772490E-5,   655.68756, 6.470550E-12,   180.08303,          NaN,         NaN
  8812.8,  1.840550E-5,   606.56170,  3.288073E-5,   655.27752, 5.096697E-12,   178.50925,          NaN,         NaN
  8817.8,  3.484467E-5,   605.87948,  1.600542E-5,   654.91598, 3.903956E-12,   179.56912,          NaN,         NaN
  8822.8,  2.124209E-5,   606.42398,  2.307124E-5,   655.15790, 3.372064E-12,   179.35700,          NaN,         NaN
  8827.8,  3.747399E-5,   605.11822,  2.553514E-5,   655.00438, 7.852986E-12,   177.90546,          NaN,         NaN
  8832.8,  3.408277E-5,   603.37392,  1.796011E-5,   654.42357, 6.213323E-12,   176.78339,          NaN,         NaN
  8837.8,  2.361264E-5,   603.15239,  3.594052E-5,   653.33316, 4.535245E-12,   176.46855,          NaN,         NaN
  8842.8,  2.884701E-5,   601.79109,  4.927200E-5,   652.39896, 4.180273E-12,   176.53599,          NaN,         NaN
  8847.8,  2.915970E-5,   600.85298,  4.276689E-5,   651.58056, 3.796065E-12,   176.21200,          NaN,         NaN
  8852.8,  4.401180E-5,   600.06445,  2.150786E-5,   650.43023, 7.472856E-12,   176.24974,          NaN,         NaN
  8857.8,  2.925059E-5,   599.31951,  2.675667E-5,   649.28384, 4.713917E-12,   175.21722,          NaN,         NaN
  8862.8,  3.062018E-5,   599.28590,  2.544966E-5,   648.08322, 3.599040E-12,   175.21131,          NaN,         NaN
  8867.8,  1.847634E-5,   599.44306,  3.989889E-5,   647.57004, 6.663693E-12,   174.61884,          NaN,         NaN
  8872.8,  2.167595E-5,   598.79759,  2.159111E-5,   648.88968, 4.711640E-12,   175.04303,          NaN,         NaN
  8877.8,  2.351220E-5,   597.36925,  4.462554E-5,   648.81083, 5.058826E-12,   175.09440,          NaN,         NaN
  8882.8,  2.252987E-5,   596.70491,  2.088662E-5,   647.78624, 3.613063E-12,   174.78393,          NaN,         NaN
  8887.8,  1.996685E-5,   597.29225,  3.194391E-5,   646.60950, 6.624642E-12,   174.83838,          NaN,         NaN
  8892.8,  2.790903E-5,   596.16146,  1.571640E-5,   646.04552, 5.099418E-12,   175.14347,          NaN,         NaN
  8897.8,  3.437829E-5,   597.21531,  1.402921E-5,   645.79217, 7.836755E-12,   174.38052,          NaN,         NaN
  8902.8,  2.222300E-5,   595.70204,  3.849129E-5,   645.73023, 5.774764E-12,   173.52706,          NaN,         NaN
  8907.8,  2.106442E-5,   596.77833,  1.847016E-5,   646.43760, 4.729203E-12,   173.40194,          NaN,         NaN
  8912.8,  5.583692E-5,   597.43986,  1.788829E-5,   645.62560, 4.542873E-12,   172.57376,          NaN,         NaN
  8917.8,  2.273041E-5,   597.15196,  1.972932E-5,   645.13998, 5.661407E-12,   171.72132,          NaN,         NaN
  8922.8,  1.818242E-5,   596.70885,  2.859679E-5,   644.12534, 5.344841E-12,   171.12616,          NaN,         NaN
  8927.8,  3.421245E-5,   596.05710,  2.841175E-5,   642.94016, 6.957148E-12,   169.86363,          NaN,         NaN
  8932.8,  5.260374E-5,   594.16743,  3.076486E-5,   641.66117, 7.326747E-12,   169.16657,          NaN,         NaN
  8937.8,  2.486163E-5,   594.30449,  2.428025E-5,   642.89610, 9.933633E-12,   168.42922,          NaN,         NaN
  8942.8,  2.799577E-5,   594.47757,  3.419694E-5,   642.79253, 4.806925E-12,   167.07184,          NaN,         NaN
  8947.8,  2.779393E-5,   593.69534,  4.864677E-5,   643.32157, 3.483759E-12,   167.28657,          NaN,         NaN
  8952.8,  2.586181E-5,   592.66362,  1.760236E-5,   643.16554, 7.181790E-12,   166.55676,          NaN,         NaN
  8957.8,  2.505268E-5,   591.93309,  3.693096E-5,   642.51177, 5.164952E-12,   165.15530,          NaN,         NaN
  8962.8,  2.404047E-5,   591.36592,  2.840907E-5,   641.99541, 5.682409E-12,   165.91014,          NaN,         NaN
  8967.8,  2.694794E-5,   590.88819,  2.299395E-5,   640.86283, 4.502003E-12,   166.00257,          NaN,         NaN
  8972.8,  1.703282E-5,   590.76557,  3.036175E-5,   640.06626, 5.242068E-12,   165.96811,          NaN,         NaN
  8977.8,  2.310808E-5,   591.34135,  2.657091E-5,   641.18562, 3.141422E-12,   165.70437,          NaN,         NaN
  8982.8,  2.294704E-5,   593.09519,  3.116495E-5,   640.23778, 3.449427E-12,   166.04661,          NaN,         NaN
  8987.8,  1.899754E-5,   591.29086,  3.955970E-5,   639.93992, 2.710283E-12,   165.54187,          NaN,         NaN
  8992.8,  3.199599E-5,   591.12175,  4.476575E-5,   639.23320, 4.338109E-12,   165.02613,          NaN,         NaN
  8997.8,  3.174546E-5,   589.43509,  4.275554E-5,   638.85749, 3.632133E-12,   163.94163,          NaN,         NaN
  9002.7,  1.487513E-5,   588.99943,  1.850017E-5,   638.14634, 3.507510E-12,   163.38535,          NaN,         NaN
  9007.7,  3.219155E-5,   588.44098,  2.569205E-5,   639.16406, 3.126726E-12,   162.84051,          NaN,         NaN
  9012.7,  2.738947E-5,   588.53696,  2.112219E-5,   638.91037, 3.116507E-12,   162.90559,          NaN,         NaN
  9017.7,  4.040891E-5,   587.48011,  1.968235E-5,   637.98394, 8.485745E-12,   161.90696,          NaN,         NaN
  9022.7,  2.131424E-5,   588.56240,  1.940954E-5,   639.40054, 6.395073E-12,   161.35110,          NaN,         NaN
  9027.7,  2.947147E-5,   588.79143,  4.057408E-5,   638.56183, 4.446149E-12,   160.38832,          NaN,         NaN
  9032.7,  3.348516E-5,   589.07066,  2.177044E-5,   637.61366, 4.609528E-12,   159.80249,          NaN,         NaN
  9037.7,  2.800747E-5,   590.14296,  2.683616E-5,   636.27593, 3.056776E-12,   159.26997,          NaN,         NaN
  9042.7,  2.150090E-5,   589.03392,  3.951109E-5,   635.83868, 3.376091E-12,   158.06718,          NaN,         NaN
  9047.7,  2.196252E-5,   588.49979,  1.945075E-5,   635.34777, 3.132380E-12,   157.64827,          NaN,         NaN
  9052.7,  4.207813E-5,   588.40380,  1.354355E-5,   635.20620, 7.343467E-12,   157.18616,          NaN,         NaN
  9057.7,  2.249451E-5,   587.65616,  3.529559E-5,   635.73337, 4.960552E-12,   157.04753,          NaN,         NaN
  9062.7,  1.693091E-5,   588.69725,  1.832167E-5,   634.55235, 3.147193E-12,   157.17711,          NaN,         NaN
  9067.7,  2.925355E-5,   589.93940,  3.125453E-5,   635.91412, 3.778420E-12,   156.31425,          NaN,         NaN
  9072.7,  2.416841E-5,   590.21092,  3.118852E-5,   636.52582, 3.924754E-12,   155.51503,          NaN,         NaN
  9077.7,  1.627802E-5,   590.46108,  2.807556E-5,   635.55696, 5.272882E-12,   155.73574,          NaN,         NaN
  9082.7,  3.857786E-5,   590.18416,  3.764459E-5,   635.66350, 3.415630E-12,   154.88036,          NaN,         NaN
  9087.7,  4.071112E-5,   589.37633,  2.549551E-5,   634.07723, 3.964623E-12,   154.65195,          NaN,         NaN
  9092.7,  3.070108E-5,   589.37978,  2.513126E-5,   634.58621, 5.473437E-12,   154.78945,          NaN,         NaN
  9097.7,  2.494690E-5,   590.42897,  1.259178E-5,   634.10317, 4.690670E-12,   153.98229,          NaN,         NaN
  9102.7,  3.482620E-5,   589.42633,  1.804482E-5,   634.02478, 8.475586E-12,   153.87213,          NaN,         NaN
  9107.7,  2.013051E-5,   588.65059,  1.739707E-5,   634.49831, 5.605374E-12,   152.90336,          NaN,         NaN
  9112.7,  2.473724E-5,   588.13530,  2.495498E-5,   633.75548, 4.367991E-12,   154.01498,          NaN,         NaN
  9117.7,  2.305276E-5,   587.07506,  2.918157E-5,   631.93740, 7.780717E-12,   154.54267,          NaN,         NaN
  9122.7,  1.243211E-5,   586.51455,  1.612802E-5,   633.27480, 4.003451E-12,   154.22720,          NaN,         NaN
  9127.7,  1.422557E-5,   586.44560,  2.642823E-5,   632.91934, 7.668762E-12,   153.09390,          NaN,         NaN
  9132.7,  2.069590E-5,   586.11869,  2.249489E-5,   633.12796, 5.259507E-12,   153.00104,          NaN,         NaN
  9137.7,  2.581456E-5,   585.48504,  3.739307E-5,   632.76391, 4.738787E-12,   151.83008,          NaN,         NaN
  9142.7,  3.966438E-5,   583.90634,  5.383010E-5,   631.84016, 3.545395E-12,   152.13070,          NaN,         NaN
  9147.7,  4.605286E-5,   584.09413,  3.645701E-5,   630.55853, 3.991331E-12,   150.80926,          NaN,         NaN
  9152.7,  2.800125E-5,   582.21742,  3.247595E-5,   630.31939, 6.262773E-12,   149.91637,          NaN,         NaN
  9157.7,  2.359093E-5,   582.67764,  3.475529E-5,   629.04028, 7.083937E-12,   149.24209,          NaN,         NaN
  9162.7,  2.433833E-5,   583.90491,  3.377592E-5,   627.68889, 2.640460E-12,   148.31486,          NaN,         NaN
  9167.7,  2.532508E-5,   583.74162,  4.753269E-5,   626.47810, 5.147146E-12,   147.59267,          NaN,         NaN
  9172.7,  1.864171E-5,   582.79155,  3.062950E-5,   625.23013, 7.839828E-12,   148.28733,          NaN,         NaN
  9177.7,  2.757453E-5,   583.24140,  2.586228E-5,   625.94246, 5.206388E-12,   148.68804,          NaN,         NaN
  9182.7,  2.664023E-5,   582.61729,  1.356756E-5,   625.19139, 4.258379E-12,   149.78946,          NaN,         NaN
  9187.7,  1.683203E-5,   582.35081,  1.455053E-5,   624.72853, 3.757773E-12,   149.02160,          NaN,         NaN
  9192.7,  3.079012E-5,   581.20888,  2.286076E-5,   625.21089, 3.961777E-12,   148.33492,          NaN,         NaN
  9197.7,  3.030880E-5,   579.61059,  3.640412E-5,   624.44427, 4.962454E-12,   147.43592,          NaN,         NaN
  9202.7,  3.155563E-5,   578.76952,  3.454308E-5,   623.49998, 3.865168E-12,   146.69444,          NaN,         NaN
  9207.7,  2.709955E-5,   577.99729,  3.033346E-5,   623.17142, 6.379531E-12,   146.12685,          NaN,         NaN
  9212.7,  3.269238E-5,   576.87416,  1.890593E-5,   623.13352, 5.133233E-12,   145.05679,          NaN,         NaN
  9217.7,  1.950587E-5,   576.99098,  2.455596E-5,   622.80106, 2.994349E-12,   144.82198,          NaN,         NaN
  9222.7,  2.554294E-5,   578.54667,  1.055884E-5,   623.04599, 2.907003E-12,   144.40968,          NaN,         NaN
  9227.7,  3.641601E-5,   578.91606,  2.906728E-5,   622.62015, 5.665031E-12,   145.63840,          NaN,         NaN
  9232.7,  3.012470E-5,   577.28873,  2.861708E-5,   623.93458, 9.116634E-12,   144.78665,          NaN,         NaN
  9237.7,  2.473010E-5,   578.29364,  2.016637E-5,   623.93021, 6.178354E-12,   144.19226,          NaN,         NaN
  9242.7,  3.775287E-5,   578.56881,  1.285373E-5,   624.18804, 7.497707E-12,   143.13238,          NaN,         NaN
  9247.7,  3.000205E-5,   577.00260,  2.729411E-5,   623.13826, 5.483620E-12,   142.73333,          NaN,         NaN
  9252.7,  2.608047E-5,   576.89081,  2.682262E-5,   622.51044, 3.452758E-12,   141.60497,          NaN,         NaN
  9257.7,  2.783298E-5,   576.48867,  1.590518E-5,   622.02031, 7.523234E-12,   140.36655,          NaN,         NaN
  9262.7,  1.506031E-5,   575.35040,  3.029234E-5,   622.26143, 7.211805E-12,   138.49025,          NaN,         NaN
  9267.7,  2.040940E-5,   574.66351,  3.487900E-5,   621.28854, 4.789053E-12,   138.16513,          NaN,         NaN
  9272.7,  3.393761E-5,   574.67842,  1.508535E-5,   620.66503, 5.259685E-12,   137.84468,          NaN,         NaN
  9277.7,  4.244918E-5,   573.03616,  1.956515E-5,   619.41710, 5.359788E-12,   137.05529,          NaN,         NaN
  9282.7,  2.589113E-5,   572.81045,  2.112117E-5,   619.15175, 4.248900E-12,   136.29902,          NaN,         NaN
  9287.7,  2.666899E-5,   571.77752,  1.689113E-5,   619.55631, 3.651777E-12,   135.75027,          NaN,         NaN
  9292.7,  2.559289E-5,   571.55474,  2.320206E-5,   618.31650, 4.208413E-12,   136.11978,          NaN,         NaN
  9297.7,  1.837428E-5,   570.12549,  2.309225E-5,   617.50463, 6.423820E-12,   136.13196,          NaN,         NaN
  9302.7,  2.703685E-5,   569.06914,  3.372463E-5,   617.42678, 3.846533E-12,   134.71530,          NaN,         NaN
  9307.7,  1.890770E-5,   569.08604,  2.251445E-5,   618.21537, 6.668497E-12,   133.32781,          NaN,         NaN
  9312.7,  2.077308E-5,   569.13037,  1.773138E-5,   618.33933, 6.640723E-12,   133.18992,          NaN,         NaN
  9317.7,  3.670548E-5,   569.07353,  1.838669E-5,   617.51721, 6.732001E-12,   132.08854,          NaN,         NaN
  9322.7,  2.514368E-5,   569.21396,  3.767230E-5,   617.61835, 7.634408E-12,   133.21553,          NaN,         NaN
  9327.7,  1.825558E-5,   569.68950,  1.289301E-5,   617.71603, 3.741328E-12,   132.92157,          NaN,         NaN
  9332.7,  2.354155E-5,   569.67940,  2.757002E-5,   617.50522, 5.879138E-12,   131.84952,          NaN,         NaN
  9337.7,  1.920193E-5,   569.87132,  3.149557E-5,   618.40804, 4.632189E-12,   131.07609,          NaN,         NaN
  9342.7,  2.611475E-5,   569.55305,  2.139161E-5,   618.71178, 6.815797E-12,   131.51263,          NaN,         NaN
  9347.7,  2.266871E-5,   568.87294,  2.178107E-5,   618.46402, 6.655280E-12,   130.63904,          NaN,         NaN
  9352.7,  2.257900E-5,   568.59075,  2.226621E-5,   618.87831, 3.158050E-12,   129.29855,          NaN,         NaN
  9357.7,  2.610935E-5,   567.89643,  3.279017E-5,   619.68478, 3.008946E-12,   129.41907,          NaN,         NaN
  9362.7,  2.556086E-5,   568.19000,  2.415561E-5,   619.81712, 6.699212E-12,   128.95235,          NaN,         NaN
  9367.7,  2.614872E-5,   568.91434,  2.614423E-5,   619.65751, 4.370456E-12,   127.89126,          NaN,         NaN
  9372.7,  2.281912E-5,   568.54550,  2.099228E-5,   618.70651, 4.360338E-12,   128.17272,          NaN,         NaN
  9377.7,  1.269104E-5,   567.76125,  1.520185E-5,   618.66698, 6.536781E-12,   126.74255,          NaN,         NaN
  9382.7,  2.226593E-5,   567.24367,  2.699743E-5,   618.77597, 5.170926E-12,   125.60787,          NaN,         NaN
  9387.7,  2.019028E-5,   567.38908,  2.533346E-5,   618.12573, 6.439361E-12,   124.13489,          NaN,         NaN
  9392.7,  4.014317E-5,   566.86337,  3.011857E-5,   617.09145, 4.751457E-12,   123.88283,          NaN,         NaN
  9397.7,  2.264609E-5,   566.10124,  2.840509E-5,   615.58644, 6.093167E-12,   123.22041,          NaN,         NaN
  9402.6,  3.217190E-5,   566.08733,  1.756162E-5,   615.83808, 6.623572E-12,   121.47446,          NaN,         NaN
  9407.6,  2.355059E-5,   565.05170,  3.517509E-5,   615.32686, 6.723806E-12,   121.23907,          NaN,         NaN
  9412.6,  2.190282E-5,   564.56113,  3.274801E-5,   614.44151, 7.295465E-12,   119.97178,          NaN,         NaN
  9417.6,  1.583918E-5,   562.88025,  1.685802E-5,   615.00387, 6.759577E-12,   119.21999,          NaN,         NaN
  9422.6,  2.444864E-5,   563.58933,  1.754886E-5,   613.94637, 4.990053E-12,   117.93048,          NaN,         NaN
  9427.6,  1.752131E-5,   562.77729,  3.862855E-5,   614.51018, 5.878241E-12,   116.13418,          NaN,         NaN
  9432.6,  2.643543E-5,   562.99948,  2.203009E-5,   613.02345, 6.567553E-12,   114.96762,          NaN,         NaN
  9437.6,  3.252501E-5,   561.59289,  2.636978E-5,   612.81548, 8.761227E-12,   113.87546,          NaN,         NaN
  9442.6,  4.602045E-5,   560.98427,  3.044329E-5,   611.20948, 5.548389E-12,   112.84854,          NaN,         NaN
  9447.6,  4.248500E-5,   559.55589,  3.446912E-5,   610.77974, 4.282480E-12,   111.02069,          NaN,         NaN
  9452.6,  2.982577E-5,   559.00890,  2.923156E-5,   610.03672, 7.227910E-12,   109.44629,          NaN,         NaN
  9457.6,  2.862402E-5,   558.24793,  1.920840E-5,   611.07481, 4.052507E-12,   109.69574,          NaN,         NaN
  9462.6,  2.394627E-5,   558.37408,  3.161547E-5,   610.60097, 6.187747E-12,   108.74294,          NaN,         NaN
  9467.6,  3.223301E-5,   558.83712,  2.482735E-5,   608.86358, 3.446958E-12,   108.22517,          NaN,         NaN
  9472.6,  2.105759E-5,   557.69622,  1.880147E-5,   608.35624, 4.346351E-12,   107.74391,          NaN,         NaN
  9477.6,  2.854841E-5,   556.36913,  2.744702E-5,   607.61855, 5.331360E-12,   107.68477,          NaN,         NaN
  9482.6,  3.673648E-5,   555.38948,  1.741103E-5,   607.38270, 4.548033E-12,   108.37628,          NaN,         NaN
  9487.6,  3.129960E-5,   553.71439,  2.864048E-5,   607.53024, 5.663052E-12,   107.41480,          NaN,         NaN
  9492.6,  2.876072E-5,   552.91229,  2.653488E-5,   608.10784, 3.772684E-12,   106.98221,          NaN,         NaN
  9497.6,  2.140531E-5,   551.64460,  4.487200E-5,   607.08452, 4.189896E-12,   106.68590,          NaN,         NaN
  9502.6,  1.521795E-5,   552.05002,  1.291443E-5,   607.98116, 5.514531E-12,   106.40197,          NaN,         NaN
  9507.6,  1.984211E-5,   550.68891,  3.585483E-5,   607.80643, 3.705454E-12,   105.55503,          NaN,         NaN
  9512.6,  3.372288E-5,   550.36460,  2.962861E-5,   606.37334, 2.122431E-12,   105.29755,          NaN,         NaN
  9517.6,  4.735130E-5,   549.81128,  2.028701E-5,   605.27811, 4.077056E-12,   104.41137,          NaN,         NaN
  9522.6,  2.721872E-5,   549.09918,  2.181726E-5,   605.20294, 3.526511E-12,   103.92746,          NaN,         NaN
  9527.6,  2.635367E-5,   548.83563,  3.244978E-5,   603.99849, 2.367269E-12,   103.12128,          NaN,         NaN
  9532.6,  1.404368E-5,   548.62452,  2.648883E-5,   603.12413, 6.420911E-12,   102.69184,          NaN,         NaN
  9537.6,  2.209185E-5,   547.36971,  2.407635E-5,   602.28841, 4.044979E-12,   103.28203,          NaN,         NaN
  9542.6,  2.334511E-5,   546.92057,  1.802200E-5,   600.94022, 7.001530E-12,   103.00707,          NaN,         NaN
  9547.6,  1.879342E-5,   546.78162,  2.340009E-5,   600.19632, 7.389970E-12,   102.70437,          NaN,         NaN
  9552.6,  2.419651E-5,   546.51271,  3.461068E-5,   600.33207, 4.515803E-12,   102.38826,          NaN,         NaN
  9557.6,  2.019398E-5,   545.53616,  2.916739E-5,   601.11263, 3.950645E-12,   101.89184,          NaN,         NaN
  9562.6,  2.671637E-5,   546.10294,  1.943894E-5,   601.35345, 4.215882E-12,   100.88902,          NaN,         NaN
  9567.6,  3.681562E-5,   545.19489,  2.792156E-5,   599.94524, 2.704684E-12,   101.40712,          NaN,         NaN
  9572.6,  2.620444E-5,   544.62918,  4.245110E-5,   600.44795, 4.808478E-12,   101.10990,          NaN,         NaN
  9577.6,  4.088445E-5,   544.42025,  2.352737E-5,   599.82856, 5.841988E-12,    99.80388,          NaN,         NaN
  9582.6,  4.021504E-5,   544.47821,  2.847829E-5,   600.30384, 7.723453E-12,    99.94369,          NaN,         NaN
  9587.6,  1.132499E-5,   544.91226,  4.406650E-5,   598.68805, 8.050574E-12,    98.45045,          NaN,         NaN
  9592.6,  1.463953E-5,   544.46351,  5.275973E-5,   596.55776, 4.274372E-12,    98.08070,          NaN,         NaN
  9597.6,  2.884585E-5,   543.43974,  3.587965E-5,   596.31551, 4.522618E-12,    98.41562,          NaN,         NaN
  9602.6,  1.622508E-5,   543.54720,  3.171258E-5,   596.38499, 4.546514E-12,    99.02082,          NaN,         NaN
  9607.6,  2.452873E-5,   542.81682,  4.902976E-5,   595.48855, 2.692413E-12,    99.27827,          NaN,         NaN
  9612.6,  2.786655E-5,   542.96015,  4.126607E-5,   594.41945, 4.126954E-12,    98.91557,          NaN,         NaN
  9617.6,  2.681870E-5,   541.29854,  2.476937E-5,   593.33777, 4.352683E-12,    98.17447,          NaN,         NaN
  9622.6,  3.901747E-5,   540.68089,  1.873439E-5,   593.22097, 2.683763E-12,    97.16964,          NaN,         NaN
  9627.6,  2.424307E-5,   541.01543,  3.158718E-5,   592.55235, 5.408260E-12,    97.14648,          NaN,         NaN
  9632.6,  1.454107E-5,   540.37241,  6.100491E-5,   592.43659, 3.598518E-12,    97.17133,          NaN,         NaN
  9637.6,  2.190390E-5,   539.82241,  2.534714E-5,   592.33765, 5.884019E-12,    96.16660,          NaN,         NaN
  9642.6,  2.839656E-5,   539.33956,  2.851261E-5,   590.88474, 5.107601E-12,    94.62202,          NaN,         NaN
  9647.6,  3.785142E-5,   540.04541,  1.614981E-5,   591.34535, 6.127830E-12,    96.05670,          NaN,         NaN
  9652.6,  3.622746E-5,   539.67373,  2.469516E-5,   590.15875, 3.768982E-12,    97.03999,          NaN,         NaN
  9657.6,  4.032069E-5,   539.76866,  3.186529E-5,   588.92457, 4.698964E-12,    97.33672,          NaN,         NaN
  9662.6,  2.731346E-5,   539.84643,  3.016363E-5,   587.83102, 3.379081E-12,    96.66018,          NaN,         NaN
  9667.6,  2.872452E-5,   539.92458,  2.451199E-5,   586.61937, 4.592809E-12,    97.11123,          NaN,         NaN
  9672.6,  2.188964E-5,   540.51249,  2.251475E-5,   586.88071, 4.987307E-12,    95.15105,          NaN,         NaN
  9677.6,  3.166253E-5,   540.70823,  2.590508E-5,   586.61480, 4.853690E-12,    93.21150,          NaN,         NaN
  9682.6,  2.931696E-5,   541.00005,  1.634715E-5,   586.92432, 4.402026E-12,    92.60789,          NaN,         NaN
  9687.6,  2.173888E-5,   541.56485,  3.467742E-5,   587.50293, 5.311580E-12,    92.15718,          NaN,         NaN
  9692.6,  2.116605E-5,   540.37629,  2.233820E-5,   587.29420, 4.901226E-12,    92.38443,          NaN,         NaN
  9697.6,  1.686017E-5,   540.29081,  1.753628E-5,   586.26890, 5.614110E-12,    91.88370,          NaN,         NaN
  9702.6,  2.501897E-5,   541.42987,  2.099872E-5,   586.66191, 5.146049E-12,    91.88322,          NaN,         NaN
  9707.6,  1.588068E-5,   542.26501,  2.556742E-5,   587.31443, 5.514879E-12,    91.38313,          NaN,         NaN
  9712.6,  2.393709E-5,   542.24598,  2.468728E-5,   587.45235, 4.592398E-12,    90.41404,          NaN,         NaN
  9717.6,  2.383018E-5,   542.15768,  4.329974E-5,   586.55335, 6.679832E-12,    89.21815,          NaN,         NaN
  9722.6,  2.769552E-5,   542.85242,  2.537329E-5,   586.53189, 8.565959E-12,    87.25747,          NaN,         NaN
  9727.6,  4.097240E-5,   543.37862,  3.478871E-5,   585.56160, 8.321995E-12,    85.78671,          NaN,         NaN
  9732.6,  2.425492E-5,   542.01472,  1.866149E-5,   584.24133, 8.148330E-12,    84.00623,          NaN,         NaN
  9737.6,  2.756003E-5,   540.61840,  4.043325E-5,   583.24962, 5.646987E-12,    83.90864,          NaN,         NaN
  9742.6,  3.407120E-5,   540.14279,  5.093922E-5,   582.72580, 9.397711E-12,    83.17132,          NaN,         NaN
  9747.6,  1.128931E-5,   540.18973,  1.980612E-5,   581.60573, 7.110019E-12,    81.27401,          NaN,         NaN
  9752.6,  1.675747E-5,   539.95987,  1.506351E-5,   581.67565, 3.460256E-12,    81.57800,          NaN,         NaN
  9757.6,  2.489766E-5,   538.66395,  1.855578E-5,   581.77805, 6.565942E-12,    81.26209,          NaN,         NaN
  9762.6,  2.616101E-5,   537.28986,  2.145711E-5,   580.95480, 5.164693E-12,    80.84346,          NaN,         NaN
  9767.6,  4.162920E-5,   535.41440,  2.818540E-5,   580.97733, 3.970402E-12,    79.80389,          NaN,         NaN
  9772.6,  2.877345E-5,   535.39939,  3.311005E-5,   581.52195, 4.457927E-12,    78.54663,          NaN,         NaN
  9777.6,  1.902850E-5,   535.16249,  2.531228E-5,   580.44563, 4.160209E-12,    77.57620,          NaN,         NaN
  9782.6,  1.585437E-5,   534.13357,  2.027285E-5,   581.01037, 3.156255E-12,    76.99306,          NaN,         NaN
  9787.6,  2.901998E-5,   533.52977,  2.880009E-5,   581.14389, 5.546033E-12,    75.85506,          NaN,         NaN
  9792.6,  2.498859E-5,   533.22804,  2.097314E-5,   579.56352, 3.609448E-12,    76.10399,          NaN,         NaN
  9797.6,  4.167611E-5,   533.24850,  3.702534E-5,   579.86777, 3.440930E-12,    75.55793,          NaN,         NaN
  9802.5,  2.339262E-5,   533.73709,  3.799403E-5,   579.50387, 3.801264E-12,    75.76421,          NaN,         NaN
  9807.5,  2.753104E-5,   531.95155,  2.561328E-5,   579.93591, 5.629790E-12,    74.29842,          NaN,         NaN
  9812.5,  3.724872E-5,   530.16894,  1.911480E-5,   579.30814, 5.282890E-12,    73.94351,          NaN,         NaN
  9817.5,  4.400722E-5,   529.89165,  2.000768E-5,   578.68703, 4.742113E-12,    73.84028,          NaN,         NaN
  9822.5,  2.481009E-5,   529.56257,  2.812413E-5,   579.61999, 6.265247E-12,    73.22740,          NaN,         NaN
  9827.5,  1.724089E-5,   529.10076,  3.643879E-5,   579.77531, 4.165000E-12,    74.36434,          NaN,         NaN
  9832.5,  3.117253E-5,   528.59636,  3.164147E-5,   580.60459, 5.565314E-12,    73.39504,          NaN,         NaN
  9837.5,  3.732089E-5,   527.91807,  3.542918E-5,   579.83501, 7.630053E-12,    71.64678,          NaN,         NaN
  9842.5,  2.744638E-5,   527.62346,  2.630403E-5,   580.01289, 4.992650E-12,    72.46783,          NaN,         NaN
  9847.5,  3.039937E-5,   527.45601,  2.652817E-5,   581.31233, 6.072766E-12,    70.91897,          NaN,         NaN
  9852.5,  3.796326E-5,   526.55320,  3.617928E-5,   579.90520, 5.190961E-12,    71.90968,          NaN,         NaN
  9857.5,  2.327257E-5,   526.17119,  2.189936E-5,   578.43025, 4.742954E-12,    71.13833,          NaN,         NaN
  9862.5,  2.834194E-5,   526.34373,  2.617588E-5,   577.69011, 6.808440E-12,    70.73027,          NaN,         NaN
  9867.5,  1.975701E-5,   525.66101,  2.712378E-5,   576.85647, 7.205629E-12,    70.61907,          NaN,         NaN
  9872.5,  2.428852E-5,   526.46196,  2.327126E-5,   576.89734, 5.464295E-12,    69.92499,          NaN,         NaN
  9877.5,  2.508066E-5,   527.57637,  1.864159E-5,   576.30159, 9.066720E-12,    68.83859,          NaN,         NaN
  9882.5,  4.823396E-5,   527.17323,  2.134729E-5,   575.69303, 7.262693E-12,    68.12393,          NaN,         NaN
  9887.5,  4.285510E-5,   526.30839,  1.940876E-5,   577.09786, 4.802382E-12,    66.46767,          NaN,         NaN
  9892.5,  3.395425E-5,   525.49826,  1.342721E-5,   576.75907, 4.306333E-12,    66.28786,          NaN,         NaN
  9897.5,  1.698018E-5,   525.32794,  2.228760E-5,   576.30019, 2.840475E-12,    64.69837,          NaN,         NaN
  9902.5,  2.386195E-5,   525.59993,  1.693548E-5,   576.75211, 3.870664E-12,    65.63769,          NaN,         NaN
  9907.5,  2.078631E-5,   527.19132,  1.161800E-5,   575.78463, 4.996148E-12,    66.23726,          NaN,         NaN
  9912.5,  2.104700E-5,   527.66417,  2.362965E-5,   575.72719, 5.788519E-12,    66.07443,          NaN,         NaN
  9917.5,  2.328437E-5,   526.22523,  1.964681E-5,   576.62388, 6.991219E-12,    65.23261,          NaN,         NaN
  9922.5,  2.551316E-5,   525.58191,  3.470186E-5,   575.28586, 6.076328E-12,    64.83248,          NaN,         NaN
  9927.5,  3.188689E-5,   525.87527,  2.839202E-5,   576.50795, 5.203834E-12,    63.95341,          NaN,         NaN
  9932.5,  2.836273E-5,   523.77157,  1.979211E-5,   575.17272, 8.368443E-12,    62.74972,          NaN,         NaN
  9937.5,  2.205403E-5,   522.99711,  2.415548E-5,   576.48757, 5.425202E-12,    61.00262,          NaN,         NaN
  9942.5,  2.944961E-5,   522.88002,  1.497365E-5,   576.53892, 5.010716E-12,    60.69443,          NaN,         NaN
  9947.5,  2.520389E-5,   521.01078,  2.794735E-5,   575.92243, 5.953305E-12,    60.22081,          NaN,         NaN
  9952.5,  1.327610E-5,   519.89119,  2.341752E-5,   575.54450, 4.253699E-12,    58.96076,          NaN,         NaN
  9957.5,  1.343565E-5,   520.52907,  3.758793E-5,   575.24576, 3.173539E-12,    58.50023,          NaN,         NaN
  9962.5,  2.455606E-5,   520.09754,  2.083047E-5,   574.92563, 8.346793E-12,    58.89623,          NaN,         NaN
  9967.5,  3.941641E-5,   519.35915,  3.405023E-5,   573.96926, 5.623493E-12,    58.69797,          NaN,         NaN
  9972.5,  1.871401E-5,   518.88984,  4.013783E-5,   574.02638, 6.357446E-12,    58.01086,          NaN,         NaN
  9977.5,  2.961691E-5,   519.28466,  1.849290E-5,   574.00596, 4.538280E-12,    56.68529,          NaN,         NaN
  9982.5,  1.750307E-5,   519.71445,  2.261536E-5,   574.56348, 1.070678E-11,    55.78245,          NaN,         NaN
  9987.5,  2.286108E-5,   519.87727,  2.010477E-5,   575.91875, 6.214538E-12,    54.76752,          NaN,         NaN
  9992.5,  1.920251E-5,   518.93720,  1.890169E-5,   576.39761, 5.560902E-12,    54.35917,          NaN,         NaN
  9997.5,  1.497016E-5,   518.67217,  2.382674E-5,   575.14506, 6.979177E-12,    53.78812,          NaN,         NaN
,,,          NaN,,,,          NaN,         NaN
,,,          NaN,,,,          NaN,         NaN
,,,          NaN,,,,          NaN,         NaN
,,,          NaN,,,,          NaN,         NaN
,,,          NaN,,,,          NaN,         NaN
,,,          NaN,,,,          NaN,         NaN
,,,          NaN,,,,          NaN,         NaN
,,,          NaN,,,,          NaN,         NaN
,,,          NaN,,,,          NaN,         NaN
,,,          NaN,,,,          NaN,         NaN
,,,          NaN,,,,          NaN,         NaN
,,,          NaN,,,,          NaN,         NaN
,,,          NaN,,,,          NaN,         NaN
,,,          NaN,,,,          NaN,         NaN
,,,          NaN,,,,          NaN,         NaN
,,,          NaN,,,,          NaN,         NaN
,,,          NaN,,,,          NaN,         NaN
,,,          NaN,,,,          NaN,         NaN
,,,          NaN,,,,          NaN,         NaN
,,,          NaN,,,,          NaN,         NaN
,,,          NaN,,,,          NaN,         NaN
,,,          NaN,,,,          NaN,         NaN
,,,          NaN,,,,          NaN,         NaN
,,,          NaN,,,,          NaN,         NaN
,,,          NaN,,,,          NaN,         NaN
,,,          NaN,,,,          NaN,         NaN
,,,          NaN,,,,          NaN,         NaN
,,,          NaN,,,,          NaN,         NaN
,,,          NaN,,,,          NaN,         NaN
,,,          NaN,,,,          NaN,         NaN
,,,          NaN,,,,          NaN,         NaN
,,,          NaN,,,,          NaN,         NaN
,,,          NaN,,,,          NaN,         NaN
,,,          NaN,,,,          NaN,         NaN
,,,          NaN,,,,          NaN,         NaN
,,,          NaN,,,,          NaN,         NaN
,,,          NaN,,,,          NaN,         NaN
,,,          NaN,,,,          NaN,         NaN
,,,          NaN,,,,          NaN,         NaN
,,,          NaN,,,,          NaN,         NaN
,,,          NaN,,,,          NaN,         NaN
,,,          NaN,,,,          NaN,         NaN
,,,          NaN,,,,          NaN,         NaN
,,,          NaN,,,,          NaN,         NaN
,,,          NaN,,,,          NaN,         NaN
,,,          NaN,,,,          NaN,         NaN
,,,          NaN,,,,          NaN,         NaN
,,,          NaN,,,,          NaN,         NaN
,,,          NaN,,,,          NaN,         NaN
,,,          NaN,,,,          NaN,         NaN
,,,          NaN,,,,          NaN,         NaN
,,,          NaN,,,,          NaN,         NaN
,,,          NaN,,,,          NaN,         NaN
,,,          NaN,,,,          NaN,         NaN
,,,          NaN,,,,          NaN,         NaN
,,,          NaN,,,,          NaN,         NaN
,,,          NaN,,,,          NaN,         NaN
,,,          NaN,,,,          NaN,         NaN
,,,          NaN,,,,          NaN,         NaN
,,,          NaN,,,,          NaN,         NaN
,,,          NaN,,,,          NaN,         NaN
,,,          NaN,,,,          NaN,         NaN
,,,          NaN,,,,          NaN,         NaN
,,,          NaN,,,,          NaN,         NaN
,,,          NaN,,,,          NaN,         NaN
,,,          NaN,,,,          NaN,         NaN
,,,          NaN,,,,          NaN,         NaN
,,,          NaN,,,,          NaN,         NaN
,,,          NaN,,,,          NaN,         NaN
,,,          NaN,,,,          NaN,         NaN
,,,          NaN,,,,          NaN,         NaN
,,,          NaN,,,,          NaN,         NaN
,,,          NaN,,,,          NaN,         NaN
,,,          NaN,,,,          NaN,         NaN
,,,          NaN,,,,          NaN,         NaN
,,,          NaN,,,,          NaN,         NaN
,,,          NaN,,,,          NaN,         NaN
,,,          NaN,,,,          NaN,         NaN
,,,          NaN,,,,          NaN,         NaN
,,,          NaN,,,,          NaN,         NaN
,,,          NaN,,,,          NaN,         NaN
,,,          NaN,,,,          NaN,         NaN
,,,          NaN,,,,          NaN,         NaN
,,,          NaN,,,,          NaN,         NaN
,,,          NaN,,,,          NaN,         NaN
,,,          NaN,,,,          NaN,         NaN
,,,          NaN,,,,          NaN,         NaN
,,,          NaN,,,,          NaN,         NaN
,,,          NaN,,,,          NaN,         NaN
,,,          NaN,,,,          NaN,         NaN
,,,          NaN,,,,          NaN,         NaN
,,,          NaN,,,,          NaN,         NaN
,,,          NaN,,,,          NaN,         NaN
,,,          NaN,,,,          NaN,         NaN
,,,          NaN,,,,          NaN,         NaN
,,,          NaN,,,,          NaN,         NaN
,,,          NaN,,,,          NaN,         NaN
,,,          NaN,,,,          NaN,         NaN
,,,          NaN,,,,          NaN,         NaN
,,,          NaN,,,,          NaN,         NaN
,,,          NaN,,,,          NaN,         NaN
,,,          NaN,,,,          NaN,         NaN
,,,          NaN,,,,          NaN,         NaN
,,,          NaN,,,,          NaN,         NaN
,,,          NaN,,,,          NaN,         NaN
,,,          NaN,,,,          NaN,         NaN
,,,          NaN,,,,          NaN,         NaN
,,,          NaN,,,,          NaN,         NaN
,,,          NaN,,,,          NaN,         NaN
,,,          NaN,,,,          NaN,         NaN
,,,          NaN,,,,          NaN,         NaN
,,,          NaN,,,,          NaN,         NaN
,,,          NaN,,,,          NaN,         NaN
,,,          NaN,,,,          NaN,         NaN
,,,          NaN,,,,          NaN,         NaN
,,,          NaN,,,,          NaN,         NaN
,,,          NaN,,,,          NaN,         NaN
,,,          NaN,,,,          NaN,         NaN
,,,          NaN,,,,          NaN,         NaN
,,,          NaN,,,,          NaN,         NaN
,,,          NaN,,,,          NaN,         NaN
,,,          NaN,,,,          NaN,         NaN
,,,          NaN,,,,          NaN,         NaN
,,,          NaN,,,,          NaN,         NaN
,,,          NaN,,,,          NaN,         NaN
,,,          NaN,,,,          NaN,         NaN
,,,          NaN,,,,          NaN,         NaN
,,,          NaN,,,,          NaN,         NaN
,,,          NaN,,,,          NaN,         NaN
,,,          NaN,,,,          NaN,         NaN
,,,          NaN,,,,          NaN,         NaN
,,,          NaN,,,,          NaN,         NaN
,,,          NaN,,,,          NaN,         NaN
,,,          NaN,,,,          NaN,         NaN
,,,          NaN,,,,          NaN,         NaN
,,,          NaN,,,,          NaN,         NaN
,,,          NaN,,,,          NaN,         NaN
,,,          NaN,,,,          NaN,         NaN
,,,          NaN,,,,          NaN,         NaN
,,,          NaN,,,,          NaN,         NaN
,,,          NaN,,,,          NaN,         NaN
,,,          NaN,,,,          NaN,         NaN
,,,          NaN,,,,          NaN,         NaN
,,,          NaN,,,,          NaN,         NaN
,,,          NaN,,,,          NaN,         NaN
,,,          NaN,,,,          NaN,         NaN
,,,          NaN,,,,          NaN,         NaN
,,,          NaN,,,,          NaN,         NaN
,,,          NaN,,,,          NaN,         NaN
,,,          NaN,,,,          NaN,         NaN
,,,          NaN,,,,          NaN,         NaN
,,,          NaN,,,,          NaN,         NaN
,,,          NaN,,,,          NaN,         NaN
,,,          NaN,,,,          NaN,         NaN
,,,          NaN,,,,          NaN,         NaN
,,,          NaN,,,,          NaN,         NaN
,,,          NaN,,,,          NaN,         NaN
,,,          NaN,,,,          NaN,         NaN
,,,          NaN,,,,          NaN,         NaN
,,,          NaN,,,,          NaN,         NaN
,,,          NaN,,,,          NaN,         NaN
,,,          NaN,,,,          NaN,         NaN
,,,          NaN,,,,          NaN,         NaN
,,,          NaN,,,,          NaN,         NaN
,,,          NaN,,,,          NaN,         NaN
,,,          NaN,,,,          NaN,         NaN
,,,          NaN,,,,          NaN,         NaN
,,,          NaN,,,,          NaN,         NaN
,,,          NaN,,,,          NaN,         NaN
,,,          NaN,,,,          NaN,         NaN
,,,          NaN,,,,          NaN,         NaN
,,,          NaN,,,,          NaN,         NaN
,,,          NaN,,,,          NaN,         NaN
,,,          NaN,,,,          NaN,         NaN
,,,          NaN,,,,          NaN,         NaN
,,,          NaN,,,,          NaN,         NaN
,,,          NaN,,,,          NaN,         NaN
,,,          NaN,,,,          NaN,         NaN
,,,          NaN,,,,          NaN,         NaN
,,,          NaN,,,,          NaN,         NaN
,,,          NaN,,,,          NaN,         NaN
,,,          NaN,,,,          NaN,         NaN
,,,          NaN,,,,          NaN,         NaN
,,,          NaN,,,,          NaN,         NaN
,,,          NaN,,,,          NaN,         NaN
,,,          NaN,,,,          NaN,         NaN
,,,          NaN,,,,          NaN,         NaN
,,,          NaN,,,,          NaN,         NaN
,,,          NaN,,,,          NaN,         NaN
,,,          NaN,,,,          NaN,         NaN
,,,          NaN,,,,          NaN,         NaN
,,,          NaN,,,,          NaN,         NaN
,,,          NaN,,,,          NaN,         NaN
,,,          NaN,,,,          NaN,         NaN
,,,          NaN,,,,          NaN,         NaN
,,,          NaN,,,,          NaN,         NaN
,,,          NaN,,,,          NaN,         NaN
,,,          NaN,,,,          NaN,         NaN
,,,          NaN,,,,          NaN,         NaN
,,,          NaN,,,,          NaN,         NaN
,,,          NaN,,,,          NaN,         NaN
,,,          NaN,,,,          NaN,         NaN
,,,          NaN,,,,          NaN,         NaN
,,,          NaN,,,,          NaN,         NaN
,,,          NaN,,,,          NaN,         NaN
,,,          NaN,,,,          NaN,         NaN
,,,          NaN,,,,          NaN,         NaN
,,,          NaN,,,,          NaN,         NaN
,,,          NaN,,,,          NaN,         NaN
,,,          NaN,,,,          NaN,         NaN
,,,          NaN,,,,          NaN,         NaN
,,,          NaN,,,,          NaN,         NaN
,,,          NaN,,,,          NaN,         NaN
,,,          NaN,,,,          NaN,         NaN
,,,          NaN,,,,          NaN,         NaN
,,,          NaN,,,,          NaN,         NaN
,,,          NaN,,,,          NaN,         NaN
,,,          NaN,,,,          NaN,         NaN
,,,          NaN,,,,          NaN,         NaN
,,,          NaN,,,,          NaN,         NaN
,,,          NaN,,,,          NaN,         NaN
,,,          NaN,,,,          NaN,         NaN
,,,          NaN,,,,          NaN,         NaN
,,,          NaN,,,,          NaN,         NaN
,,,          NaN,,,,          NaN,         NaN
,,,          NaN,,,,          NaN,         NaN
,,,          NaN,,,,          NaN,         NaN
,,,          NaN,,,,          NaN,         NaN
,,,          NaN,,,,          NaN,         NaN
,,,          NaN,,,,          NaN,         NaN
,,,          NaN,,,,          NaN,         NaN
,,,          NaN,,,,          NaN,         NaN
,,,          NaN,,,,          NaN,         NaN
,,,          NaN,,,,          NaN,         NaN
,,,          NaN,,,,          NaN,         NaN
,,,          NaN,,,,          NaN,         NaN
,,,          NaN,,,,          NaN,         NaN
,,,          NaN,,,,          NaN,         NaN
,,,          NaN,,,,          NaN,         NaN
,,,          NaN,,,,          NaN,         NaN
,,,          NaN,,,,          NaN,         NaN
,,,          NaN,,,,          NaN,         NaN
,,,          NaN,,,,          NaN,         NaN
,,,          NaN,,,,          NaN,         NaN
,,,          NaN,,,,          NaN,         NaN
,,,          NaN,,,,          NaN,         NaN
,,,          NaN,,,,          NaN,         NaN
,,,          NaN,,,,          NaN,         NaN
,,,          NaN,,,,          NaN,         NaN
,,,          NaN,,,,          NaN,         NaN
,,,          NaN,,,,          NaN,         NaN
,,,          NaN,,,,          NaN,         NaN
,,,          NaN,,,,          NaN,         NaN
,,,          NaN,,,,          NaN,         NaN
,,,          NaN,,,,          NaN,         NaN
,,,          NaN,,,,          NaN,         NaN
,,,          NaN,,,,          NaN,         NaN
,,,          NaN,,,,          NaN,         NaN
,,,          NaN,,,,          NaN,         NaN
,,,          NaN,,,,          NaN,         NaN
,,,          NaN,,,,          NaN,         NaN
,,,          NaN,,,,          NaN,         NaN
,,,          NaN,,,,          NaN,         NaN
,,,          NaN,,,,          NaN,         NaN
,,,          NaN,,,,          NaN,         NaN
,,,          NaN,,,,          NaN,         NaN
,,,          NaN,,,,          NaN,         NaN
,,,          NaN,,,,          NaN,         NaN
,,,          NaN,,,,          NaN,         NaN
,,,          NaN,,,,          NaN,         NaN
,,,          NaN,,,,          NaN,         NaN
,,,          NaN,,,,          NaN,         NaN
,,,          NaN,,,,          NaN,         NaN
,,,          NaN,,,,          NaN,         NaN
,,,          NaN,,,,          NaN,         NaN
,,,          NaN,,,,          NaN,         NaN
,,,          NaN,,,,          NaN,         NaN
,,,          NaN,,,,          NaN,         NaN
,,,          NaN,,,,          NaN,         NaN
,,,          NaN,,,,          NaN,         NaN
,,,          NaN,,,,          NaN,         NaN
,,,          NaN,,,,          NaN,         NaN
,,,          NaN,,,,          NaN,         NaN
,,,          NaN,,,,          NaN,         NaN
,,,          NaN,,,,          NaN,         NaN
,,,          NaN,,,,          NaN,         NaN
,,,          NaN,,,,          NaN,         NaN
,,,          NaN,,,,          NaN,         NaN
,,,          NaN,,,,          NaN,         NaN
,,,          NaN,,,,          NaN,         NaN
,,,          NaN,,,,          NaN,         NaN
,,,          NaN,,,,          NaN,         NaN
,,,          NaN,,,,          NaN,         NaN
,,,          NaN,,,,          NaN,         NaN
,,,          NaN,,,,          NaN,         NaN
,,,          NaN,,,,          NaN,         NaN
,,,          NaN,,,,          NaN,         NaN
,,,          NaN,,,,          NaN,         NaN
,,,          NaN,,,,          NaN,         NaN
,,,          NaN,,,,          NaN,         NaN
,,,          NaN,,,,          NaN,         NaN
,,,          NaN,,,,          NaN,         NaN
,,,          NaN,,,,          NaN,         NaN
,,,          NaN,,,,          NaN,         NaN
,,,          NaN,,,,          NaN,         NaN
,,,          NaN,,,,          NaN,         NaN
,,,          NaN,,,,          NaN,         NaN
,,,          NaN,,,,          NaN,         NaN
,,,          NaN,,,,          NaN,         NaN
,,,          NaN,,,,          NaN,         NaN
,,,          NaN,,,,          NaN,         NaN
,,,          NaN,,,,          NaN,         NaN
,,,          NaN,,,,          NaN,         NaN
,,,          NaN,,,,          NaN,         NaN
,,,          NaN,,,,          NaN,         NaN
,,,          NaN,,,,          NaN,         NaN
,,,          NaN,,,,          NaN,         NaN
,,,          NaN,,,,          NaN,         NaN
,,,          NaN,,,,          NaN,         NaN
,,,          NaN,,,,          NaN,         NaN
,,,          NaN,,,,          NaN,         NaN
,,,          NaN,,,,          NaN,         NaN
,,,          NaN,,,,          NaN,         NaN
,,,          NaN,,,,          NaN,         NaN
,,,          NaN,,,,          NaN,         NaN
,,,          NaN,,,,          NaN,         NaN
,,,          NaN,,,,          NaN,         NaN
,,,          NaN,,,,          NaN,         NaN
,,,          NaN,,,,          NaN,         NaN
,,,          NaN,,,,          NaN,         NaN
,,,          NaN,,,,          NaN,         NaN
,,,          NaN,,,,          NaN,         NaN
,,,          NaN,,,,          NaN,         NaN
,,,          NaN,,,,          NaN,         NaN
,,,          NaN,,,,          NaN,         NaN
,,,          NaN,,,,          NaN,         NaN
,,,          NaN,,,,          NaN,         NaN
,,,          NaN,,,,          NaN,         NaN
,,,          NaN,,,,          NaN,         NaN
,,,          NaN,,,,          NaN,         NaN
,,,          NaN,,,,          NaN,         NaN
,,,          NaN,,,,          NaN,         NaN
,,,          NaN,,,,          NaN,         NaN
,,,          NaN,,,,          NaN,         NaN
,,,          NaN,,,,          NaN,         NaN
,,,          NaN,,,,          NaN,         NaN
,,,          NaN,,,,          NaN,         NaN
,,,          NaN,,,,          NaN,         NaN
,,,          NaN,,,,          NaN,         NaN
,,,          NaN,,,,          NaN,         NaN
,,,          NaN,,,,          NaN,         NaN
,,,          NaN,,,,          NaN,         NaN
,,,          NaN,,,,          NaN,         NaN
,,,          NaN,,,,          NaN,         NaN
,,,          NaN,,,,          NaN,         NaN
,,,          NaN,,,,          NaN,         NaN
,,,          NaN,,,,          NaN,         NaN
,,,          NaN,,,,          NaN,         NaN
,,,          NaN,,,,          NaN,         NaN
,,,          NaN,,,,          NaN,         NaN
,,,          NaN,,,,          NaN,         NaN
,,,          NaN,,,,          NaN,         NaN
,,,          NaN,,,,          NaN,         NaN
,,,          NaN,,,,          NaN,         NaN
,,,          NaN,,,,          NaN,         NaN
,,,          NaN,,,,          NaN,         NaN
,,,          NaN,,,,          NaN,         NaN
,,,          NaN,,,,          NaN,         NaN
,,,          NaN,,,,          NaN,         NaN
,,,          NaN,,,,          NaN,         NaN
,,,          NaN,,,,          NaN,         NaN
,,,          NaN,,,,          NaN,         NaN
,,,          NaN,,,,          NaN,         NaN
,,,          NaN,,,,          NaN,         NaN
,,,          NaN,,,,          NaN,         NaN
,,,          NaN,,,,          NaN,         NaN
,,,          NaN,,,,          NaN,         NaN
,,,          NaN,,,,          NaN,         NaN
,,,          NaN,,,,          NaN,         NaN
,,,          NaN,,,,          NaN,         NaN
,,,          NaN,,,,          NaN,         NaN
,,,          NaN,,,,          NaN,         NaN
,,,          NaN,,,,          NaN,         NaN
,,,          NaN,,,,          NaN,         NaN
,,,          NaN,,,,          NaN,         NaN
,,,          NaN,,,,          NaN,         NaN
,,,          NaN,,,,          NaN,         NaN
,,,          NaN,,,,          NaN,         NaN
,,,          NaN,,,,          NaN,         NaN
,,,          NaN,,,,          NaN,         NaN
,,,          NaN,,,,          NaN,         NaN
,,,          NaN,,,,          NaN,         NaN
,,,          NaN,,,,          NaN,         NaN
,,,          NaN,,,,          NaN,         NaN
,,,          NaN,,,,          NaN,         NaN
,,,          NaN,,,,          NaN,         NaN
,,,          NaN,,,,          NaN,         NaN
,,,          NaN,,,,          NaN,         NaN
,,,          NaN,,,,          NaN,         NaN
,,,          NaN,,,,          NaN,         NaN
,,,          NaN,,,,          NaN,         NaN
,,,          NaN,,,,          NaN,         NaN
,,,          NaN,,,,          NaN,         NaN
,,,          NaN,,,,          NaN,         NaN
,,,          NaN,,,,          NaN,         NaN
,,,          NaN,,,,          NaN,         NaN
,,,          NaN,,,,          NaN,         NaN
,,,          NaN,,,,          NaN,         NaN
,,,          NaN,,,,          NaN,         NaN
,,,          NaN,,,,          NaN,         NaN
,,,          NaN,,,,          NaN,         NaN
,,,          NaN,,,,          NaN,         NaN
,,,          NaN,,,,          NaN,         NaN
,,,          NaN,,,,          NaN,         NaN
,,,          NaN,,,,          NaN,         NaN
,,,          NaN,,,,          NaN,         NaN
,,,          NaN,,,,          NaN,         NaN
,,,          NaN,,,,          NaN,         NaN
,,,          NaN,,,,          NaN,         NaN
,,,          NaN,,,,          NaN,         NaN
,,,          NaN,,,,          NaN,         NaN
,,,          NaN,,,,          NaN,         NaN
,,,          NaN,,,,          NaN,         NaN
,,,          NaN,,,,          NaN,         NaN
,,,          NaN,,,,          NaN,         NaN
,,,          NaN,,,,          NaN,         NaN
,,,          NaN,,,,          NaN,         NaN
,,,          NaN,,,,          NaN,         NaN
,,,          NaN,,,,          NaN,         NaN
,,,          NaN,,,,          NaN,         NaN
,,,          NaN,,,,          NaN,         NaN
,,,          NaN,,,,          NaN,         NaN
,,,          NaN,,,,          NaN,         NaN
,,,          NaN,,,,          NaN,         NaN
,,,          NaN,,,,          NaN,         NaN
,,,          NaN,,,,          NaN,         NaN
,,,          NaN,,,,          NaN,         NaN
,,,          NaN,,,,          NaN,         NaN
,,,          NaN,,,,          NaN,         NaN
,,,          NaN,,,,          NaN,         NaN
,,,          NaN,,,,          NaN,         NaN
,,,          NaN,,,,          NaN,         NaN
,,,          NaN,,,,          NaN,         NaN
,,,          NaN,,,,          NaN,         NaN
,,,          NaN,,,,          NaN,         NaN
,,,          NaN,,,,          NaN,         NaN
,,,          NaN,,,,          NaN,         NaN
,,,          NaN,,,,          NaN,         NaN
,,,          NaN,,,,          NaN,         NaN
,,,          NaN,,,,          NaN,         NaN
,,,          NaN,,,,          NaN,         NaN
,,,          NaN,,,,          NaN,         NaN
,,,          NaN,,,,          NaN,         NaN
,,,          NaN,,,,          NaN,         NaN
,,,          NaN,,,,          NaN,         NaN
,,,          NaN,,,,          NaN,         NaN
,,,          NaN,,,,          NaN,         NaN
,,,          NaN,,,,          NaN,         NaN
,,,          NaN,,,,          NaN,         NaN
,,,          NaN,,,,          NaN,         NaN
,,,          NaN,,,,          NaN,         NaN
,,,          NaN,,,,          NaN,         NaN
,,,          NaN,,,,          NaN,         NaN
,,,          NaN,,,,          NaN,         NaN
,,,          NaN,,,,          NaN,         NaN
,,,          NaN,,,,          NaN,         NaN
,,,          NaN,,,,          NaN,         NaN
,,,          NaN,,,,          NaN,         NaN
,,,          NaN,,,,          NaN,         NaN
,,,          NaN,,,,          NaN,         NaN
,,,          NaN,,,,          NaN,         NaN
,,,          NaN,,,,          NaN,         NaN
,,,          NaN,,,,          NaN,         NaN
,,,          NaN,,,,          NaN,         NaN
,,,          NaN,,,,          NaN,         NaN
,,,          NaN,,,,          NaN,         NaN
,,,          NaN,,,,          NaN,         NaN
,,,          NaN,,,,          NaN,         NaN
,,,          NaN,,,,          NaN,         NaN
,,,          NaN,,,,          NaN,         NaN
,,,          NaN,,,,          NaN,         NaN
,,,          NaN,,,,          NaN,         NaN
,,,          NaN,,,,          NaN,         NaN
,,,          NaN,,,,          NaN,         NaN
,,,          NaN,,,,          NaN,         NaN
,,,          NaN,,,,          NaN,         NaN
,,,          NaN,,,,          NaN,         NaN
,,,          NaN,,,,          NaN,         NaN
,,,          NaN,,,,          NaN,         NaN
,,,          NaN,,,,          NaN,         NaN
,,,          NaN,,,,          NaN,         NaN
,,,          NaN,,,,          NaN,         NaN
,,,          NaN,,,,          NaN,         NaN
,,,          NaN,,,,          NaN,         NaN
,,,          NaN,,,,          NaN,         NaN
,,,          NaN,,,,          NaN,         NaN
,,,          NaN,,,,          NaN,         NaN
,,,          NaN,,,,          NaN,         NaN
,,,          NaN,,,,          NaN,         NaN
,,,          NaN,,,,          NaN,         NaN
,,,          NaN,,,,          NaN,         NaN
,,,          NaN,,,,          NaN,         NaN
,,,          NaN,,,,          NaN,         NaN
,,,          NaN,,,,          NaN,         NaN
,,,          NaN,,,,          NaN,         NaN
,,,          NaN,,,,          NaN,         NaN
,,,          NaN,,,,          NaN,         NaN
,,,          NaN,,,,          NaN,         NaN
,,,          NaN,,,,          NaN,         NaN
,,,          NaN,,,,          NaN,         NaN
,,,          NaN,,,,          NaN,         NaN
,,,          NaN,,,,          NaN,         NaN
,,,          NaN,,,,          NaN,         NaN
,,,          NaN,,,,          NaN,         NaN
,,,          NaN,,,,          NaN,         NaN
,,,          NaN,,,,          NaN,         NaN
,,,          NaN,,,,          NaN,         NaN
,,,          NaN,,,,          NaN,         NaN
,,,          NaN,,,,          NaN,         NaN
,,,          NaN,,,,          NaN,         NaN
,,,          NaN,,,,          NaN,         NaN
,,,          NaN,,,,          NaN,         NaN
,,,          NaN,,,,          NaN,         NaN
,,,          NaN,,,,          NaN,         NaN
,,,          NaN,,,,          NaN,         NaN
,,,          NaN,,,,          NaN,         NaN
,,,          NaN,,,,          NaN,         NaN
,,,          NaN,,,,          NaN,         NaN
,,,          NaN,,,,          NaN,         NaN
,,,          NaN,,,,          NaN,         NaN
,,,          NaN,,,,          NaN,         NaN
,,,          NaN,,,,          NaN,         NaN
,,,          NaN,,,,          NaN,         NaN
,,,          NaN,,,,          NaN,         NaN
,,,          NaN,,,,          NaN,         NaN
,,,          NaN,,,,          NaN,         NaN
,,,          NaN,,,,          NaN,         NaN
,,,          NaN,,,,          NaN,         NaN
,,,          NaN,,,,          NaN,         NaN
,,,          NaN,,,,          NaN,         NaN
,,,          NaN,,,,          NaN,         NaN
,,,          NaN,,,,          NaN,         NaN
,,,          NaN,,,,          NaN,         NaN
,,,          NaN,,,,          NaN,         NaN
,,,          NaN,,,,          NaN,         NaN
,,,          NaN,,,,          NaN,         NaN
,,,          NaN,,,,          NaN,         NaN
,,,          NaN,,,,          NaN,         NaN
,,,          NaN,,,,          NaN,         NaN
,,,          NaN,,,,          NaN,         NaN
,,,          NaN,,,,          NaN,         NaN
,,,          NaN,,,,          NaN,         NaN
,,,          NaN,,,,          NaN,         NaN
,,,          NaN,,,,          NaN,         NaN
,,,          NaN,,,,          NaN,         NaN
,,,          NaN,,,,          NaN,         NaN
,,,          NaN,,,,          NaN,         NaN
,,,          NaN,,,,          NaN,         NaN
,,,          NaN,,,,          NaN,         NaN
,,,          NaN,,,,          NaN,         NaN
,,,          NaN,,,,          NaN,         NaN
,,,          NaN,,,,          NaN,         NaN
,,,          NaN,,,,          NaN,         NaN
,,,          NaN,,,,          NaN,         NaN
,,,          NaN,,,,          NaN,         NaN
,,,          NaN,,,,          NaN,         NaN
,,,          NaN,,,,          NaN,         NaN
,,,          NaN,,,,          NaN,         NaN
,,,          NaN,,,,          NaN,         NaN
,,,          NaN,,,,          NaN,         NaN
,,,          NaN,,,,          NaN,         NaN
,,,          NaN,,,,          NaN,         NaN
,,,          NaN,,,,          NaN,         NaN
,,,          NaN,,,,          NaN,         NaN
,,,          NaN,,,,          NaN,         NaN
,,,          NaN,,,,          NaN,         NaN
,,,          NaN,,,,          NaN,         NaN
,,,          NaN,,,,          NaN,         NaN
,,,          NaN,,,,          NaN,         NaN
,,,          NaN,,,,          NaN,         NaN
,,,          NaN,,,,          NaN,         NaN
,,,          NaN,,,,          NaN,         NaN
,,,          NaN,,,,          NaN,         NaN
,,,          NaN,,,,          NaN,         NaN
,,,          NaN,,,,          NaN,         NaN
,,,          NaN,,,,          NaN,         NaN
,,,          NaN,,,,          NaN,         NaN
,,,          NaN,,,,          NaN,         NaN
,,,          NaN,,,,          NaN,         NaN
,,,          NaN,,,,          NaN,         NaN
,,,          NaN,,,,          NaN,         NaN
,,,          NaN,,,,          NaN,         NaN
,,,          NaN,,,,          NaN,         NaN
,,,          NaN,,,,          NaN,         NaN
,,,          NaN,,,,          NaN,         NaN
,,,          NaN,,,,          NaN,         NaN
,,,          NaN,,,,          NaN,         NaN
,,,          NaN,,,,          NaN,         NaN
,,,          NaN,,,,          NaN,         NaN
,,,          NaN,,,,          NaN,         NaN
,,,          NaN,,,,          NaN,         NaN
,,,          NaN,,,,          NaN,         NaN
,,,          NaN,,,,          NaN,         NaN
,,,          NaN,,,,          NaN,         NaN
,,,          NaN,,,,          NaN,         NaN
,,,          NaN,,,,          NaN,         NaN
,,,          NaN,,,,          NaN,         NaN
,,,          NaN,,,,          NaN,         NaN
,,,          NaN,,,,          NaN,         NaN
,,,          NaN,,,,          NaN,         NaN
,,,          NaN,,,,          NaN,         NaN
,,,          NaN,,,,          NaN,         NaN
,,,          NaN,,,,          NaN,         NaN
,,,          NaN,,,,          NaN,         NaN
,,,          NaN,,,,          NaN,         NaN
,,,          NaN,,,,          NaN,         NaN
,,,          NaN,,,,          NaN,         NaN
,,,          NaN,,,,          NaN,         NaN
,,,          NaN,,,,          NaN,         NaN
,,,          NaN,,,,          NaN,         NaN
,,,          NaN,,,,          NaN,         NaN
,,,          NaN,,,,          NaN,         NaN
,,,          NaN,,,,          NaN,         NaN
,,,          NaN,,,,          NaN,         NaN
,,,          NaN,,,,          NaN,         NaN
,,,          NaN,,,,          NaN,         NaN
,,,          NaN,,,,          NaN,         NaN
,,,          NaN,,,,          NaN,         NaN
,,,          NaN,,,,          NaN,         NaN
,,,          NaN,,,,          NaN,         NaN
,,,          NaN,,,,          NaN,         NaN
,,,          NaN,,,,          NaN,         NaN
,,,          NaN,,,,          NaN,         NaN
,,,          NaN,,,,          NaN,         NaN
,,,          NaN,,,,          NaN,         NaN
,,,          NaN,,,,          NaN,         NaN
,,,          NaN,,,,          NaN,         NaN
,,,          NaN,,,,          NaN,         NaN
,,,          NaN,,,,          NaN,         NaN
,,,          NaN,,,,          NaN,         NaN
,,,          NaN,,,,          NaN,         NaN
,,,          NaN,,,,          NaN,         NaN
,,,          NaN,,,,          NaN,         NaN
,,,          NaN,,,,          NaN,         NaN
,,,          NaN,,,,          NaN,         NaN
,,,          NaN,,,,          NaN,         NaN
,,,          NaN,,,,          NaN,         NaN
,,,          NaN,,,,          NaN,         NaN
,,,          NaN,,,,          NaN,         NaN
,,,          NaN,,,,          NaN,         NaN
,,,          NaN,,,,          NaN,         NaN
,,,          NaN,,,,          NaN,         NaN
,,,          NaN,,,,          NaN,         NaN
,,,          NaN,,,,          NaN,         NaN
,,,          NaN,,,,          NaN,         NaN
,,,          NaN,,,,          NaN,         NaN
,,,          NaN,,,,          NaN,         NaN
,,,          NaN,,,,          NaN,         NaN
,,,          NaN,,,,          NaN,         NaN
,,,          NaN,,,,          NaN,         NaN
,,,          NaN,,,,          NaN,         NaN
,,,          NaN,,,,          NaN,         NaN
,,,          NaN,,,,          NaN,         NaN
,,,          NaN,,,,          NaN,         NaN
,,,          NaN,,,,          NaN,         NaN
,,,          NaN,,,,          NaN,         NaN
,,,          NaN,,,,          NaN,         NaN
,,,          NaN,,,,          NaN,         NaN
,,,          NaN,,,,          NaN,         NaN
,,,          NaN,,,,          NaN,         NaN
,,,          NaN,,,,          NaN,         NaN
,,,          NaN,,,,          NaN,         NaN
,,,          NaN,,,,          NaN,         NaN
,,,          NaN,,,,          NaN,         NaN
,,,          NaN,,,,          NaN,         NaN
,,,          NaN,,,,          NaN,         NaN
,,,          NaN,,,,          NaN,         NaN
,,,          NaN,,,,          NaN,         NaN
,,,          NaN,,,,          NaN,         NaN
,,,          NaN,,,,          NaN,         NaN
,,,          NaN,,,,          NaN,         NaN
,,,          NaN,,,,          NaN,         NaN
,,,          NaN,,,,          NaN,         NaN
,,,          NaN,,,,          NaN,         NaN
,,,          NaN,,,,          NaN,         NaN
,,,          NaN,,,,          NaN,         NaN
,,,          NaN,,,,          NaN,         NaN
,,,          NaN,,,,          NaN,         NaN
,,,          NaN,,,,          NaN,         NaN
,,,          NaN,,,,          NaN,         NaN
,,,          NaN,,,,          NaN,         NaN
,,,          NaN,,,,          NaN,         NaN
,,,          NaN,,,,          NaN,         NaN
,,,          NaN,,,,          NaN,         NaN
,,,          NaN,,,,          NaN,         NaN
,,,          NaN,,,,          NaN,         NaN
,,,          NaN,,,,          NaN,         NaN
,,,          NaN,,,,          NaN,         NaN
,,,          NaN,,,,          NaN,         NaN
,,,          NaN,,,,          NaN,         NaN
,,,          NaN,,,,          NaN,         NaN
,,,          NaN,,,,          NaN,         NaN
,,,          NaN,,,,          NaN,         NaN
,,,          NaN,,,,          NaN,         NaN
,,,          NaN,,,,          NaN,         NaN
,,,          NaN,,,,          NaN,         NaN
,,,          NaN,,,,          NaN,         NaN
,,,          NaN,,,,          NaN,         NaN
,,,          NaN,,,,          NaN,         NaN
,,,          NaN,,,,          NaN,         NaN
,,,          NaN,,,,          NaN,         NaN
,,,          NaN,,,,          NaN,         NaN
,,,          NaN,,,,          NaN,         NaN
,,,          NaN,,,,          NaN,         NaN
,,,          NaN,,,,          NaN,         NaN
,,,          NaN,,,,          NaN,         NaN
,,,          NaN,,,,          NaN,         NaN
,,,          NaN,,,,          NaN,         NaN
,,,          NaN,,,,          NaN,         NaN
,,,          NaN,,,,          NaN,         NaN
,,,          NaN,,,,          NaN,         NaN
,,,          NaN,,,,          NaN,         NaN
,,,          NaN,,,,          NaN,         NaN
,,,          NaN,,,,          NaN,         NaN
,,,          NaN,,,,          NaN,         NaN
,,,          NaN,,,,          NaN,         NaN
,,,          NaN,,,,          NaN,         NaN
,,,          NaN,,,,          NaN,         NaN
,,,          NaN,,,,          NaN,         NaN
,,,          NaN,,,,          NaN,         NaN
,,,          NaN,,,,          NaN,         NaN
,,,          NaN,,,,          NaN,         NaN
,,,          NaN,,,,          NaN,         NaN
,,,          NaN,,,,          NaN,         NaN
,,,          NaN,,,,          NaN,         NaN
,,,          NaN,,,,          NaN,         NaN
,,,          NaN,,,,          NaN,         NaN
,,,          NaN,,,,          NaN,         NaN
,,,          NaN,,,,          NaN,         NaN
,,,          NaN,,,,          NaN,         NaN
,,,          NaN,,,,          NaN,         NaN
,,,          NaN,,,,          NaN,         NaN
,,,          NaN,,,,          NaN,         NaN
,,,          NaN,,,,          NaN,         NaN
,,,          NaN,,,,          NaN,         NaN
,,,          NaN,,,,          NaN,         NaN
,,,          NaN,,,,          NaN,         NaN
,,,          NaN,,,,          NaN,         NaN
,,,          NaN,,,,          NaN,         NaN
,,,          NaN,,,,          NaN,         NaN
,,,          NaN,,,,          NaN,         NaN
,,,          NaN,,,,          NaN,         NaN
,,,          NaN,,,,          NaN,         NaN
,,,          NaN,,,,          NaN,         NaN
,,,          NaN,,,,          NaN,         NaN
,,,          NaN,,,,          NaN,         NaN
,,,          NaN,,,,          NaN,         NaN
,,,          NaN,,,,          NaN,         NaN
,,,          NaN,,,,          NaN,         NaN
,,,          NaN,,,,          NaN,         NaN
,,,          NaN,,,,          NaN,         NaN
,,,          NaN,,,,          NaN,         NaN
,,,          NaN,,,,          NaN,         NaN
,,,          NaN,,,,          NaN,         NaN
,,,          NaN,,,,          NaN,         NaN
,,,          NaN,,,,          NaN,         NaN
,,,          NaN,,,,          NaN,         NaN
,,,          NaN,,,,          NaN,         NaN
,,,          NaN,,,,          NaN,         NaN
,,,          NaN,,,,          NaN,         NaN
,,,          NaN,,,,          NaN,         NaN
,,,          NaN,,,,          NaN,         NaN
,,,          NaN,,,,          NaN,         NaN
,,,          NaN,,,,          NaN,         NaN
,,,          NaN,,,,          NaN,         NaN
,,,          NaN,,,,          NaN,         NaN
,,,          NaN,,,,          NaN,         NaN
,,,          NaN,,,,          NaN,         NaN
,,,          NaN,,,,          NaN,         NaN
,,,          NaN,,,,          NaN,         NaN
,,,          NaN,,,,          NaN,         NaN
,,,          NaN,,,,          NaN,         NaN
,,,          NaN,,,,          NaN,         NaN
,,,          NaN,,,,          NaN,         NaN
,,,          NaN,,,,          NaN,         NaN
,,,          NaN,,,,          NaN,         NaN
,,,          NaN,,,,          NaN,         NaN
,,,          NaN,,,,          NaN,         NaN
,,,          NaN,,,,          NaN,         NaN
,,,          NaN,,,,          NaN,         NaN
,,,          NaN,,,,          NaN,         NaN
,,,          NaN,,,,          NaN,         NaN
,,,          NaN,,,,          NaN,         NaN
,,,          NaN,,,,          NaN,         NaN
,,,          NaN,,,,          NaN,         NaN
,,,          NaN,,,,          NaN,         NaN
,,,          NaN,,,,          NaN,         NaN
,,,          NaN,,,,          NaN,         NaN
,,,          NaN,,,,          NaN,         NaN
,,,          NaN,,,,          NaN,         NaN
,,,          NaN,,,,          NaN,         NaN
,,,          NaN,,,,          NaN,         NaN
,,,          NaN,,,,          NaN,         NaN
,,,          NaN,,,,          NaN,         NaN
,,,          NaN,,,,          NaN,         NaN
,,,          NaN,,,,          NaN,         NaN
,,,          NaN,,,,          NaN,         NaN
,,,          NaN,,,,          NaN,         NaN
,,,          NaN,,,,          NaN,         NaN
,,,          NaN,,,,          NaN,         NaN
,,,          NaN,,,,          NaN,         NaN
,,,          NaN,,,,          NaN,         NaN
,,,          NaN,,,,          NaN,         NaN
,,,          NaN,,,,          NaN,         NaN
,,,          NaN,,,,          NaN,         NaN
,,,          NaN,,,,          NaN,         NaN
,,,          NaN,,,,          NaN,         NaN
,,,          NaN,,,,          NaN,         NaN
,,,          NaN,,,,          NaN,         NaN
,,,          NaN,,,,          NaN,         NaN
,,,          NaN,,,,          NaN,         NaN
,,,          NaN,,,,          NaN,         NaN
,,,          NaN,,,,          NaN,         NaN
,,,          NaN,,,,          NaN,         NaN
,,,          NaN,,,,          NaN,         NaN
,,,          NaN,,,,          NaN,         NaN
,,,          NaN,,,,          NaN,         NaN
,,,          NaN,,,,          NaN,         NaN
,,,          NaN,,,,          NaN,         NaN
,,,          NaN,,,,          NaN,         NaN
,,,          NaN,,,,          NaN,         NaN
,,,          NaN,,,,          NaN,         NaN
,,,          NaN,,,,          NaN,         NaN
,,,          NaN,,,,          NaN,         NaN
,,,          NaN,,,,          NaN,         NaN
,,,          NaN,,,,          NaN,         NaN
,,,          NaN,,,,          NaN,         NaN
,,,          NaN,,,,          NaN,         NaN
,,,          NaN,,,,          NaN,         NaN
,,,          NaN,,,,          NaN,         NaN
,,,          NaN,,,,          NaN,         NaN
,,,          NaN,,,,          NaN,         NaN
,,,          NaN,,,,          NaN,         NaN
,,,          NaN,,,,          NaN,         NaN
,,,          NaN,,,,          NaN,         NaN
,,,          NaN,,,,          NaN,         NaN
,,,          NaN,,,,          NaN,         NaN
,,,          NaN,,,,          NaN,         NaN
,,,          NaN,,,,          NaN,         NaN
,,,          NaN,,,,          NaN,         NaN
,,,          NaN,,,,          NaN,         NaN
,,,          NaN,,,,          NaN,         NaN
,,,          NaN,,,,          NaN,         NaN
,,,          NaN,,,,          NaN,         NaN
,,,          NaN,,,,          NaN,         NaN
,,,          NaN,,,,          NaN,         NaN
,,,          NaN,,,,          NaN,         NaN
,,,          NaN,,,,          NaN,         NaN
,,,          NaN,,,,          NaN,         NaN
,,,          NaN,,,,          NaN,         NaN
,,,          NaN,,,,          NaN,         NaN
,,,          NaN,,,,          NaN,         NaN
,,,          NaN,,,,          NaN,         NaN
,,,          NaN,,,,          NaN,         NaN
,,,          NaN,,,,          NaN,         NaN
,,,          NaN,,,,          NaN,         NaN
,,,          NaN,,,,          NaN,         NaN
,,,          NaN,,,,          NaN,         NaN
,,,          NaN,,,,          NaN,         NaN
,,,          NaN,,,,          NaN,         NaN
,,,          NaN,,,,          NaN,         NaN
,,,          NaN,,,,          NaN,         NaN
,,,          NaN,,,,          NaN,         NaN
,,,          NaN,,,,          NaN,         NaN
,,,          NaN,,,,          NaN,         NaN
,,,          NaN,,,,          NaN,         NaN
,,,          NaN,,,,          NaN,         NaN
,,,          NaN,,,,          NaN,         NaN
,,,          NaN,,,,          NaN,         NaN
,,,          NaN,,,,          NaN,         NaN
,,,          NaN,,,,          NaN,         NaN
,,,          NaN,,,,          NaN,         NaN
,,,          NaN,,,,          NaN,         NaN
,,,          NaN,,,,          NaN,         NaN
,,,          NaN,,,,          NaN,         NaN
,,,          NaN,,,,          NaN,         NaN
,,,          NaN,,,,          NaN,         NaN
,,,          NaN,,,,          NaN,         NaN
,,,          NaN,,,,          NaN,         NaN
,,,          NaN,,,,          NaN,         NaN
,,,          NaN,,,,          NaN,         NaN
,,,          NaN,,,,          NaN,         NaN
,,,          NaN,,,,          NaN,         NaN
,,,          NaN,,,,          NaN,         NaN
,,,          NaN,,,,          NaN,         NaN
,,,          NaN,,,,          NaN,         NaN
,,,          NaN,,,,          NaN,         NaN
,,,          NaN,,,,          NaN,         NaN
,,,          NaN,,,,          NaN,         NaN
,,,          NaN,,,,          NaN,         NaN
,,,          NaN,,,,          NaN,         NaN
,,,          NaN,,,,          NaN,         NaN
,,,          NaN,,,,          NaN,         NaN
,,,          NaN,,,,          NaN,         NaN
,,,          NaN,,,,          NaN,         NaN
,,,          NaN,,,,          NaN,         NaN
,,,          NaN,,,,          NaN,         NaN
,,,          NaN,,,,          NaN,         NaN
,,,          NaN,,,,          NaN,         NaN
,,,          NaN,,,,          NaN,         NaN
,,,          NaN,,,,          NaN,         NaN
,,,          NaN,,,,          NaN,         NaN
,,,          NaN,,,,          NaN,         NaN
,,,          NaN,,,,          NaN,         NaN
,,,          NaN,,,,          NaN,         NaN
,,,          NaN,,,,          NaN,         NaN
,,,          NaN,,,,          NaN,         NaN
,,,          NaN,,,,          NaN,         NaN
,,,          NaN,,,,          NaN,         NaN
,,,          NaN,,,,          NaN,         NaN
,,,          NaN,,,,          NaN,         NaN
,,,          NaN,,,,          NaN,         NaN
,,,          NaN,,,,          NaN,         NaN
,,,          NaN,,,,          NaN,         NaN
,,,          NaN,,,,          NaN,         NaN
,,,          NaN,,,,          NaN,         NaN
,,,          NaN,,,,          NaN,         NaN
,,,          NaN,,,,          NaN,         NaN
,,,          NaN,,,,          NaN,         NaN
,,,          NaN,,,,          NaN,         NaN
,,,          NaN,,,,          NaN,         NaN
,,,          NaN,,,,          NaN,         NaN
,,,          NaN,,,,          NaN,         NaN
,,,          NaN,,,,          NaN,         NaN
,,,          NaN,,,,          NaN,         NaN
,,,          NaN,,,,          NaN,         NaN
,,,          NaN,,,,          NaN,         NaN
,,,          NaN,,,,          NaN,         NaN
,,,          NaN,,,,          NaN,         NaN
,,,          NaN,,,,          NaN,         NaN
,,,          NaN,,,,          NaN,         NaN
,,,          NaN,,,,          NaN,         NaN
,,,          NaN,,,,          NaN,         NaN
,,,          NaN,,,,          NaN,         NaN
,,,          NaN,,,,          NaN,         NaN
,,,          NaN,,,,          NaN,         NaN
,,,          NaN,,,,          NaN,         NaN
,,,          NaN,,,,          NaN,         NaN
,,,          NaN,,,,          NaN,         NaN
,,,          NaN,,,,          NaN,         NaN
,,,          NaN,,,,          NaN,         NaN
,,,          NaN,,,,          NaN,         NaN
,,,          NaN,,,,          NaN,         NaN
,,,          NaN,,,,          NaN,         NaN
,,,          NaN,,,,          NaN,         NaN
,,,          NaN,,,,          NaN,         NaN
,,,          NaN,,,,          NaN,         NaN
,,,          NaN,,,,          NaN,         NaN
,,,          NaN,,,,          NaN,         NaN
,,,          NaN,,,,          NaN,         NaN
,,,          NaN,,,,          NaN,         NaN
,,,          NaN,,,,          NaN,         NaN
,,,          NaN,,,,          NaN,         NaN
,,,          NaN,,,,          NaN,         NaN
,,,          NaN,,,,          NaN,         NaN
,,,          NaN,,,,          NaN,         NaN
,,,          NaN,,,,          NaN,         NaN
,,,          NaN,,,,          NaN,         NaN
,,,          NaN,,,,          NaN,         NaN
,,,          NaN,,,,          NaN,         NaN
,,,          NaN,,,,          NaN,         NaN
,,,          NaN,,,,          NaN,         NaN
,,,          NaN,,,,          NaN,         NaN
,,,          NaN,,,,          NaN,         NaN
,,,          NaN,,,,          NaN,         NaN
,,,          NaN,,,,          NaN,         NaN
,,,          NaN,,,,          NaN,         NaN
,,,          NaN,,,,          NaN,         NaN
,,,          NaN,,,,          NaN,         NaN
,,,          NaN,,,,          NaN,         NaN
,,,          NaN,,,,          NaN,         NaN
,,,          NaN,,,,          NaN,         NaN
,,,          NaN,,,,          NaN,         NaN
,,,          NaN,,,,          NaN,         NaN
,,,          NaN,,,,          NaN,         NaN
,,,          NaN,,,,          NaN,         NaN
,,,          NaN,,,,          NaN,         NaN
,,,          NaN,,,,          NaN,         NaN
,,,          NaN,,,,          NaN,         NaN
,,,          NaN,,,,          NaN,         NaN
,,,          NaN,,,,          NaN,         NaN
,,,          NaN,,,,          NaN,         NaN
,,,          NaN,,,,          NaN,         NaN
,,,          NaN,,,,          NaN,         NaN
,,,          NaN,,,,          NaN,         NaN
,,,          NaN,,,,          NaN,         NaN
,,,          NaN,,,,          NaN,         NaN
,,,          NaN,,,,          NaN,         NaN
,,,          NaN,,,,          NaN,         NaN
,,,          NaN,,,,          NaN,         NaN
,,,          NaN,,,,          NaN,         NaN
,,,          NaN,,,,          NaN,         NaN
,,,          NaN,,,,          NaN,         NaN
,,,          NaN,,,,          NaN,         NaN
,,,          NaN,,,,          NaN,         NaN
,,,          NaN,,,,          NaN,         NaN
,,,          NaN,,,,          NaN,         NaN
,,,          NaN,,,,          NaN,         NaN
,,,          NaN,,,,          NaN,         NaN
,,,          NaN,,,,          NaN,         NaN
,,,          NaN,,,,          NaN,         NaN
,,,          NaN,,,,          NaN,         NaN
,,,          NaN,,,,          NaN,         NaN
,,,          NaN,,,,          NaN,         NaN
,,,          NaN,,,,          NaN,         NaN
,,,          NaN,,,,          NaN,         NaN
,,,          NaN,,,,          NaN,         NaN
,,,          NaN,,,,          NaN,         NaN
,,,          NaN,,,,          NaN,         NaN
,,,          NaN,,,,          NaN,         NaN
,,,          NaN,,,,          NaN,         NaN
,,,          NaN,,,,          NaN,         NaN
,,,          NaN,,,,          NaN,         NaN
,,,          NaN,,,,          NaN,         NaN
,,,          NaN,,,,          NaN,         NaN
,,,          NaN,,,,          NaN,         NaN
,,,          NaN,,,,          NaN,         NaN
,,,          NaN,,,,          NaN,         NaN
,,,          NaN,,,,          NaN,         NaN
,,,          NaN,,,,          NaN,         NaN
,,,          NaN,,,,          NaN,         NaN
,,,          NaN,,,,          NaN,         NaN
,,,          NaN,,,,          NaN,         NaN
,,,          NaN,,,,          NaN,         NaN
,,,          NaN,,,,          NaN,         NaN
,,,          NaN,,,,          NaN,         NaN
,,,          NaN,,,,          NaN,         NaN
,,,          NaN,,,,          NaN,         NaN
,,,          NaN,,,,          NaN,         NaN
,,,          NaN,,,,          NaN,         NaN
,,,          NaN,,,,          NaN,         NaN
,,,          NaN,,,,          NaN,         NaN
,,,          NaN,,,,          NaN,         NaN
,,,          NaN,,,,          NaN,         NaN
,,,          NaN,,,,          NaN,         NaN
,,,          NaN,,,,          NaN,         NaN
,,,          NaN,,,,          NaN,         NaN
,,,          NaN,,,,          NaN,         NaN
,,,          NaN,,,,          NaN,         NaN
,,,          NaN,,,,          NaN,         NaN
,,,          NaN,,,,          NaN,         NaN
,,,          NaN,,,,          NaN,         NaN
,,,          NaN,,,,          NaN,         NaN
,,,          NaN,,,,          NaN,         NaN
,,,          NaN,,,,          NaN,         NaN
,,,          NaN,,,,          NaN,         NaN
,,,          NaN,,,,          NaN,         NaN
,,,          NaN,,,,          NaN,         NaN
,,,          NaN,,,,          NaN,         NaN
,,,          NaN,,,,          NaN,         NaN
,,,          NaN,,,,          NaN,         NaN
,,,          NaN,,,,          NaN,         NaN
,,,          NaN,,,,          NaN,         NaN
,,,          NaN,,,,          NaN,         NaN
,,,          NaN,,,,          NaN,         NaN
,,,          NaN,,,,          NaN,         NaN
,,,          NaN,,,,          NaN,         NaN
,,,          NaN,,,,          NaN,         NaN
,,,          NaN,,,,          NaN,         NaN
,,,          NaN,,,,          NaN,         NaN
,,,          NaN,,,,          NaN,         NaN
,,,          NaN,,,,          NaN,         NaN
,,,          NaN,,,,          NaN,         NaN
,,,          NaN,,,,          NaN,         NaN
,,,          NaN,,,,          NaN,         NaN
,,,          NaN,,,,          NaN,         NaN
,,,          NaN,,,,          NaN,         NaN
,,,          NaN,,,,          NaN,         NaN
,,,          NaN,,,,          NaN,         NaN
,,,          NaN,,,,          NaN,         NaN
,,,          NaN,,,,          NaN,         NaN
,,,          NaN,,,,          NaN,         NaN
,,,          NaN,,,,          NaN,         NaN
,,,          NaN,,,,          NaN,         NaN
,,,          NaN,,,,          NaN,         NaN
,,,          NaN,,,,          NaN,         NaN
,,,          NaN,,,,          NaN,         NaN
,,,          NaN,,,,          NaN,         NaN
,,,          NaN,,,,          NaN,         NaN
,,,          NaN,,,,          NaN,         NaN
,,,          NaN,,,,          NaN,         NaN
,,,          NaN,,,,          NaN,         NaN
,,,          NaN,,,,          NaN,         NaN
,,,          NaN,,,,          NaN,         NaN
,,,          NaN,,,,          NaN,         NaN
,,,          NaN,,,,          NaN,         NaN
,,,          NaN,,,,          NaN,         NaN
,,,          NaN,,,,          NaN,         NaN
,,,          NaN,,,,          NaN,         NaN
,,,          NaN,,,,          NaN,         NaN
,,,          NaN,,,,          NaN,         NaN
,,,          NaN,,,,          NaN,         NaN
,,,          NaN,,,,          NaN,         NaN
,,,          NaN,,,,          NaN,         NaN
,,,          NaN,,,,          NaN,         NaN
,,,          NaN,,,,          NaN,         NaN
,,,          NaN,,,,          NaN,         NaN
,,,          NaN,,,,          NaN,         NaN
,,,          NaN,,,,          NaN,         NaN
,,,          NaN,,,,          NaN,         NaN
,,,          NaN,,,,          NaN,         NaN
,,,          NaN,,,,          NaN,         NaN
,,,          NaN,,,,          NaN,         NaN
,,,          NaN,,,,          NaN,         NaN
,,,          NaN,,,,          NaN,         NaN
,,,          NaN,,,,          NaN,         NaN
,,,          NaN,,,,          NaN,         NaN
,,,          NaN,,,,          NaN,         NaN
,,,          NaN,,,,          NaN,         NaN
,,,          NaN,,,,          NaN,         NaN
,,,          NaN,,,,          NaN,         NaN
,,,          NaN,,,,          NaN,         NaN
,,,          NaN,,,,          NaN,         NaN
,,,          NaN,,,,          NaN,         NaN
,,,          NaN,,,,          NaN,         NaN
,,,          NaN,,,,          NaN,         NaN
,,,          NaN,,,,          NaN,         NaN
,,,          NaN,,,,          NaN,         NaN
,,,          NaN,,,,          NaN,         NaN
,,,          NaN,,,,          NaN,         NaN
,,,          NaN,,,,          NaN,         NaN
,,,          NaN,,,,          NaN,         NaN
,,,          NaN,,,,          NaN,         NaN
,,,          NaN,,,,          NaN,         NaN
,,,          NaN,,,,          NaN,         NaN
,,,          NaN,,,,          NaN,         NaN
,,,          NaN,,,,          NaN,         NaN
,,,          NaN,,,,          NaN,         NaN
,,,          NaN,,,,          NaN,         NaN
,,,          NaN,,,,          NaN,         NaN
,,,          NaN,,,,          NaN,         NaN
,,,          NaN,,,,          NaN,         NaN
,,,          NaN,,,,          NaN,         NaN
,,,          NaN,,,,          NaN,         NaN
,,,          NaN,,,,          NaN,         NaN
,,,          NaN,,,,          NaN,         NaN
,,,          NaN,,,,          NaN,         NaN
,,,          NaN,,,,          NaN,         NaN
,,,          NaN,,,,          NaN,         NaN
,,,          NaN,,,,          NaN,         NaN
,,,          NaN,,,,          NaN,         NaN
,,,          NaN,,,,          NaN,         NaN
,,,          NaN,,,,          NaN,         NaN
,,,          NaN,,,,          NaN,         NaN
,,,          NaN,,,,          NaN,         NaN
,,,          NaN,,,,          NaN,         NaN
,,,          NaN,,,,          NaN,         NaN
,,,          NaN,,,,          NaN,         NaN
,,,          NaN,,,,          NaN,         NaN
,,,          NaN,,,,          NaN,         NaN
,,,          NaN,,,,          NaN,         NaN
,,,          NaN,,,,          NaN,         NaN
,,,          NaN,,,,          NaN,         NaN
,,,          NaN,,,,          NaN,         NaN
,,,          NaN,,,,          NaN,         NaN
,,,          NaN,,,,          NaN,         NaN
,,,          NaN,,,,          NaN,         NaN
,,,          NaN,,,,          NaN,         NaN
,,,          NaN,,,,          NaN,         NaN
,,,          NaN,,,,          NaN,         NaN
,,,          NaN,,,,          NaN,         NaN
,,,          NaN,,,,          NaN,         NaN
,,,          NaN,,,,          NaN,         NaN
,,,          NaN,,,,          NaN,         NaN
,,,          NaN,,,,          NaN,         NaN
,,,          NaN,,,,          NaN,         NaN
,,,          NaN,,,,          NaN,         NaN
,,,          NaN,,,,          NaN,         NaN
,,,          NaN,,,,          NaN,         NaN
,,,          NaN,,,,          NaN,         NaN
,,,          NaN,,,,          NaN,         NaN
,,,          NaN,,,,          NaN,         NaN
,,,          NaN,,,,          NaN,         NaN
,,,          NaN,,,,          NaN,         NaN
,,,          NaN,,,,          NaN,         NaN
,,,          NaN,,,,          NaN,         NaN
,,,          NaN,,,,          NaN,         NaN
,,,          NaN,,,,          NaN,         NaN
,,,          NaN,,,,          NaN,         NaN
,,,          NaN,,,,          NaN,         NaN
,,,          NaN,,,,          NaN,         NaN
,,,          NaN,,,,          NaN,         NaN
,,,          NaN,,,,          NaN,         NaN
,,,          NaN,,,,          NaN,         NaN
,,,          NaN,,,,          NaN,         NaN
,,,          NaN,,,,          NaN,         NaN
,,,          NaN,,,,          NaN,         NaN
,,,          NaN,,,,          NaN,         NaN
,,,          NaN,,,,          NaN,         NaN
,,,          NaN,,,,          NaN,         NaN
,,,          NaN,,,,          NaN,         NaN
,,,          NaN,,,,          NaN,         NaN
,,,          NaN,,,,          NaN,         NaN
,,,          NaN,,,,          NaN,         NaN
,,,          NaN,,,,          NaN,         NaN
,,,          NaN,,,,          NaN,         NaN
,,,          NaN,,,,          NaN,         NaN
,,,          NaN,,,,          NaN,         NaN
,,,          NaN,,,,          NaN,         NaN
,,,          NaN,,,,          NaN,         NaN
,,,          NaN,,,,          NaN,         NaN
,,,          NaN,,,,          NaN,         NaN
,,,          NaN,,,,          NaN,         NaN
,,,          NaN,,,,          NaN,         NaN
,,,          NaN,,,,          NaN,         NaN
,,,          NaN,,,,          NaN,         NaN
,,,          NaN,,,,          NaN,         NaN
,,,          NaN,,,,          NaN,         NaN
,,,          NaN,,,,          NaN,         NaN
,,,          NaN,,,,          NaN,         NaN
,,,          NaN,,,,          NaN,         NaN
,,,          NaN,,,,          NaN,         NaN
,,,          NaN,,,,          NaN,         NaN
,,,          NaN,,,,          NaN,         NaN
,,,          NaN,,,,          NaN,         NaN
,,,          NaN,,,,          NaN,         NaN
,,,          NaN,,,,          NaN,         NaN
,,,          NaN,,,,          NaN,         NaN
,,,          NaN,,,,          NaN,         NaN
,,,          NaN,,,,          NaN,         NaN
,,,          NaN,,,,          NaN,         NaN
,,,          NaN,,,,          NaN,         NaN
,,,          NaN,,,,          NaN,         NaN
,,,          NaN,,,,          NaN,         NaN
,,,          NaN,,,,          NaN,         NaN
,,,          NaN,,,,          NaN,         NaN
,,,          NaN,,,,          NaN,         NaN
,,,          NaN,,,,          NaN,         NaN
,,,          NaN,,,,          NaN,         NaN
,,,          NaN,,,,          NaN,         NaN
,,,          NaN,,,,          NaN,         NaN
,,,          NaN,,,,          NaN,         NaN
,,,          NaN,,,,          NaN,         NaN
,,,          NaN,,,,          NaN,         NaN
,,,          NaN,,,,          NaN,         NaN
,,,          NaN,,,,          NaN,         NaN
,,,          NaN,,,,          NaN,         NaN
,,,          NaN,,,,          NaN,         NaN
,,,          NaN,,,,          NaN,         NaN
,,,          NaN,,,,          NaN,         NaN
,,,          NaN,,,,          NaN,         NaN
,,,          NaN,,,,          NaN,         NaN
,,,          NaN,,,,          NaN,         NaN
,,,          NaN,,,,          NaN,         NaN
,,,          NaN,,,,          NaN,         NaN
,,,          NaN,,,,          NaN,         NaN
,,,          NaN,,,,          NaN,         NaN
,,,          NaN,,,,          NaN,         NaN
,,,          NaN,,,,          NaN,         NaN
,,,          NaN,,,,          NaN,         NaN
,,,          NaN,,,,          NaN,         NaN
,,,          NaN,,,,          NaN,         NaN
,,,          NaN,,,,          NaN,         NaN
,,,          NaN,,,,          NaN,         NaN
,,,          NaN,,,,          NaN,         NaN
,,,          NaN,,,,          NaN,         NaN
,,,          NaN,,,,          NaN,         NaN
,,,          NaN,,,,          NaN,         NaN
,,,          NaN,,,,          NaN,         NaN
,,,          NaN,,,,          NaN,         NaN
,,,          NaN,,,,          NaN,         NaN
,,,          NaN,,,,          NaN,         NaN
,,,          NaN,,,,          NaN,         NaN
,,,          NaN,,,,          NaN,         NaN
,,,          NaN,,,,          NaN,         NaN
,,,          NaN,,,,          NaN,         NaN
,,,          NaN,,,,          NaN,         NaN
,,,          NaN,,,,          NaN,         NaN
,,,          NaN,,,,          NaN,         NaN
,,,          NaN,,,,          NaN,         NaN
,,,          NaN,,,,          NaN,         NaN
,,,          NaN,,,,          NaN,         NaN
,,,          NaN,,,,          NaN,         NaN
,,,          NaN,,,,          NaN,         NaN
,,,          NaN,,,,          NaN,         NaN
,,,          NaN,,,,          NaN,         NaN
,,,          NaN,,,,          NaN,         NaN
,,,          NaN,,,,          NaN,         NaN
,,,          NaN,,,,          NaN,         NaN
,,,          NaN,,,,          NaN,         NaN
,,,          NaN,,,,          NaN,         NaN
,,,          NaN,,,,          NaN,         NaN
,,,          NaN,,,,          NaN,         NaN
,,,          NaN,,,,          NaN,         NaN
,,,          NaN,,,,          NaN,         NaN
,,,          NaN,,,,          NaN,         NaN
,,,          NaN,,,,          NaN,         NaN
,,,          NaN,,,,          NaN,         NaN
,,,          NaN,,,,          NaN,         NaN
,,,          NaN,,,,          NaN,         NaN
,,,          NaN,,,,          NaN,         NaN
,,,          NaN,,,,          NaN,         NaN
,,,          NaN,,,,          NaN,         NaN
,,,          NaN,,,,          NaN,         NaN
,,,          NaN,,,,          NaN,         NaN
,,,          NaN,,,,          NaN,         NaN
,,,          NaN,,,,          NaN,         NaN
,,,          NaN,,,,          NaN,         NaN
,,,          NaN,,,,          NaN,         NaN
,,,          NaN,,,,          NaN,         NaN
,,,          NaN,,,,          NaN,         NaN
,,,          NaN,,,,          NaN,         NaN
,,,          NaN,,,,          NaN,         NaN
,,,          NaN,,,,          NaN,         NaN
,,,          NaN,,,,          NaN,         NaN
,,,          NaN,,,,          NaN,         NaN
,,,          NaN,,,,          NaN,         NaN
,,,          NaN,,,,          NaN,         NaN
,,,          NaN,,,,          NaN,         NaN
,,,          NaN,,,,          NaN,         NaN
,,,          NaN,,,,          NaN,         NaN
,,,          NaN,,,,          NaN,         NaN
,,,          NaN,,,,          NaN,         NaN
,,,          NaN,,,,          NaN,         NaN
,,,          NaN,,,,          NaN,         NaN
,,,          NaN,,,,          NaN,         NaN
,,,          NaN,,,,          NaN,         NaN
,,,          NaN,,,,          NaN,         NaN
,,,          NaN,,,,          NaN,         NaN
,,,          NaN,,,,          NaN,         NaN
,,,          NaN,,,,          NaN,         NaN
,,,          NaN,,,,          NaN,         NaN
,,,          NaN,,,,          NaN,         NaN
,,,          NaN,,,,          NaN,         NaN
,,,          NaN,,,,          NaN,         NaN
,,,          NaN,,,,          NaN,         NaN
,,,          NaN,,,,          NaN,         NaN
,,,          NaN,,,,          NaN,         NaN
,,,          NaN,,,,          NaN,         NaN
,,,          NaN,,,,          NaN,         NaN
,,,          NaN,,,,          NaN,         NaN
,,,          NaN,,,,          NaN,         NaN
,,,          NaN,,,,          NaN,         NaN
,,,          NaN,,,,          NaN,         NaN
,,,          NaN,,,,          NaN,         NaN
,,,          NaN,,,,          NaN,         NaN
,,,          NaN,,,,          NaN,         NaN
,,,          NaN,,,,          NaN,         NaN
,,,          NaN,,,,          NaN,         NaN
,,,          NaN,,,,          NaN,         NaN
,,,          NaN,,,,          NaN,         NaN
,,,          NaN,,,,          NaN,         NaN
,,,          NaN,,,,          NaN,         NaN
,,,          NaN,,,,          NaN,         NaN
,,,          NaN,,,,          NaN,         NaN
,,,          NaN,,,,          NaN,         NaN
,,,          NaN,,,,          NaN,         NaN
,,,          NaN,,,,          NaN,         NaN
,,,          NaN,,,,          NaN,         NaN
,,,          NaN,,,,          NaN,         NaN
,,,          NaN,,,,          NaN,         NaN
,,,          NaN,,,,          NaN,         NaN
,,,          NaN,,,,          NaN,         NaN
,,,          NaN,,,,          NaN,         NaN
,,,          NaN,,,,          NaN,         NaN
,,,          NaN,,,,          NaN,         NaN
,,,          NaN,,,,          NaN,         NaN
,,,          NaN,,,,          NaN,         NaN
,,,          NaN,,,,          NaN,         NaN
,,,          NaN,,,,          NaN,         NaN
,,,          NaN,,,,          NaN,         NaN
,,,          NaN,,,,          NaN,         NaN
,,,          NaN,,,,          NaN,         NaN
,,,          NaN,,,,          NaN,         NaN
,,,          NaN,,,,          NaN,         NaN
,,,          NaN,,,,          NaN,         NaN
,,,          NaN,,,,          NaN,         NaN
,,,          NaN,,,,          NaN,         NaN
,,,          NaN,,,,          NaN,         NaN
,,,          NaN,,,,          NaN,         NaN
,,,          NaN,,,,          NaN,         NaN
,,,          NaN,,,,          NaN,         NaN
,,,          NaN,,,,          NaN,         NaN
,,,          NaN,,,,          NaN,         NaN
,,,          NaN,,,,          NaN,         NaN
,,,          NaN,,,,          NaN,         NaN
,,,          NaN,,,,          NaN,         NaN
,,,          NaN,,,,          NaN,         NaN
,,,          NaN,,,,          NaN,         NaN
,,,          NaN,,,,          NaN,         NaN
,,,          NaN,,,,          NaN,         NaN
,,,          NaN,,,,          NaN,         NaN
,,,          NaN,,,,          NaN,         NaN
,,,          NaN,,,,          NaN,         NaN
,,,          NaN,,,,          NaN,         NaN
,,,          NaN,,,,          NaN,         NaN
,,,          NaN,,,,          NaN,         NaN
,,,          NaN,,,,          NaN,         NaN
,,,          NaN,,,,          NaN,         NaN
,,,          NaN,,,,          NaN,         NaN
,,,          NaN,,,,          NaN,         NaN
,,,          NaN,,,,          NaN,         NaN
,,,          NaN,,,,          NaN,         NaN
,,,          NaN,,,,          NaN,         NaN
,,,          NaN,,,,          NaN,         NaN
,,,          NaN,,,,          NaN,         NaN
,,,          NaN,,,,          NaN,         NaN
,,,          NaN,,,,          NaN,         NaN
,,,          NaN,,,,          NaN,         NaN
,,,          NaN,,,,          NaN,         NaN
,,,          NaN,,,,          NaN,         NaN
,,,          NaN,,,,          NaN,         NaN
,,,          NaN,,,,          NaN,         NaN
,,,          NaN,,,,          NaN,         NaN
,,,          NaN,,,,          NaN,         NaN
,,,          NaN,,,,          NaN,         NaN
,,,          NaN,,,,          NaN,         NaN
,,,          NaN,,,,          NaN,         NaN
,,,          NaN,,,,          NaN,         NaN
,,,          NaN,,,,          NaN,         NaN
,,,          NaN,,,,          NaN,         NaN
,,,          NaN,,,,          NaN,         NaN
,,,          NaN,,,,          NaN,         NaN
,,,          NaN,,,,          NaN,         NaN
,,,          NaN,,,,          NaN,         NaN
,,,          NaN,,,,          NaN,         NaN
,,,          NaN,,,,          NaN,         NaN
,,,          NaN,,,,          NaN,         NaN
,,,          NaN,,,,          NaN,         NaN
,,,          NaN,,,,          NaN,         NaN
,,,          NaN,,,,          NaN,         NaN
,,,          NaN,,,,          NaN,         NaN
,,,          NaN,,,,          NaN,         NaN
,,,          NaN,,,,          NaN,         NaN
,,,          NaN,,,,          NaN,         NaN
,,,          NaN,,,,          NaN,         NaN
,,,          NaN,,,,          NaN,         NaN
,,,          NaN,,,,          NaN,         NaN
,,,          NaN,,,,          NaN,         NaN
,,,          NaN,,,,          NaN,         NaN
,,,          NaN,,,,          NaN,         NaN
,,,          NaN,,,,          NaN,         NaN
,,,          NaN,,,,          NaN,         NaN
,,,          NaN,,,,          NaN,         NaN
,,,          NaN,,,,          NaN,         NaN
,,,          NaN,,,,          NaN,         NaN
,,,          NaN,,,,          NaN,         NaN
,,,          NaN,,,,          NaN,         NaN
,,,          NaN,,,,          NaN,         NaN
,,,          NaN,,,,          NaN,         NaN
,,,          NaN,,,,          NaN,         NaN
,,,          NaN,,,,          NaN,         NaN
,,,          NaN,,,,          NaN,         NaN
,,,          NaN,,,,          NaN,         NaN
,,,          NaN,,,,          NaN,         NaN
,,,          NaN,,,,          NaN,         NaN
,,,          NaN,,,,          NaN,         NaN
,,,          NaN,,,,          NaN,         NaN
,,,          NaN,,,,          NaN,         NaN
,,,          NaN,,,,          NaN,         NaN
,,,          NaN,,,,          NaN,         NaN
,,,          NaN,,,,          NaN,         NaN
,,,          NaN,,,,          NaN,         NaN
,,,          NaN,,,,          NaN,         NaN
,,,          NaN,,,,          NaN,         NaN
,,,          NaN,,,,          NaN,         NaN
,,,          NaN,,,,          NaN,         NaN
,,,          NaN,,,,          NaN,         NaN
,,,          NaN,,,,          NaN,         NaN
,,,          NaN,,,,          NaN,         NaN
,,,          NaN,,,,          NaN,         NaN
,,,          NaN,,,,          NaN,         NaN
,,,          NaN,,,,          NaN,         NaN
,,,          NaN,,,,          NaN,         NaN
,,,          NaN,,,,          NaN,         NaN
,,,          NaN,,,,          NaN,         NaN
,,,          NaN,,,,          NaN,         NaN
,,,          NaN,,,,          NaN,         NaN
,,,          NaN,,,,          NaN,         NaN
,,,          NaN,,,,          NaN,         NaN
,,,          NaN,,,,          NaN,         NaN
,,,          NaN,,,,          NaN,         NaN
,,,          NaN,,,,          NaN,         NaN
,,,          NaN,,,,          NaN,         NaN
,,,          NaN,,,,          NaN,         NaN
,,,          NaN,,,,          NaN,         NaN
,,,          NaN,,,,          NaN,         NaN
,,,          NaN,,,,          NaN,         NaN
,,,          NaN,,,,          NaN,         NaN
,,,          NaN,,,,          NaN,         NaN
,,,          NaN,,,,          NaN,         NaN
,,,          NaN,,,,          NaN,         NaN
,,,          NaN,,,,          NaN,         NaN
,,,          NaN,,,,          NaN,         NaN
,,,          NaN,,,,          NaN,         NaN
,,,          NaN,,,,          NaN,         NaN
,,,          NaN,,,,          NaN,         NaN
,,,          NaN,,,,          NaN,         NaN
,,,          NaN,,,,          NaN,         NaN
,,,          NaN,,,,          NaN,         NaN
,,,          NaN,,,,          NaN,         NaN
,,,          NaN,,,,          NaN,         NaN
,,,          NaN,,,,          NaN,         NaN
,,,          NaN,,,,          NaN,         NaN
,,,          NaN,,,,          NaN,         NaN
,,,          NaN,,,,          NaN,         NaN
,,,          NaN,,,,          NaN,         NaN
,,,          NaN,,,,          NaN,         NaN
,,,          NaN,,,,          NaN,         NaN
,,,          NaN,,,,          NaN,         NaN
,,,          NaN,,,,          NaN,         NaN
,,,          NaN,,,,          NaN,         NaN
,,,          NaN,,,,          NaN,         NaN
,,,          NaN,,,,          NaN,         NaN
,,,          NaN,,,,          NaN,         NaN
,,,          NaN,,,,          NaN,         NaN
,,,          NaN,,,,          NaN,         NaN
,,,          NaN,,,,          NaN,         NaN
,,,          NaN,,,,          NaN,         NaN
,,,          NaN,,,,          NaN,         NaN
,,,          NaN,,,,          NaN,         NaN
,,,          NaN,,,,          NaN,         NaN
,,,          NaN,,,,          NaN,         NaN
,,,          NaN,,,,          NaN,         NaN
,,,          NaN,,,,          NaN,         NaN
,,,          NaN,,,,          NaN,         NaN
,,,          NaN,,,,          NaN,         NaN
,,,          NaN,,,,          NaN,         NaN
,,,          NaN,,,,          NaN,         NaN
,,,          NaN,,,,          NaN,         NaN
,,,          NaN,,,,          NaN,         NaN
,,,          NaN,,,,          NaN,         NaN
,,,          NaN,,,,          NaN,         NaN
,,,          NaN,,,,          NaN,         NaN
,,,          NaN,,,,          NaN,         NaN
,,,          NaN,,,,          NaN,         NaN
,,,          NaN,,,,          NaN,         NaN
,,,          NaN,,,,          NaN,         NaN
,,,          NaN,,,,          NaN,         NaN
,,,          NaN,,,,          NaN,         NaN
,,,          NaN,,,,          NaN,         NaN
,,,          NaN,,,,          NaN,         NaN
,,,          NaN,,,,          NaN,         NaN
,,,          NaN,,,,          NaN,         NaN
,,,          NaN,,,,          NaN,         NaN
,,,          NaN,,,,          NaN,         NaN
,,,          NaN,,,,          NaN,         NaN
,,,          NaN,,,,          NaN,         NaN
,,,          NaN,,,,          NaN,         NaN
,,,          NaN,,,,          NaN,         NaN
,,,          NaN,,,,          NaN,         NaN
,,,          NaN,,,,          NaN,         NaN
,,,          NaN,,,,          NaN,         NaN
,,,          NaN,,,,          NaN,         NaN
,,,          NaN,,,,          NaN,         NaN
,,,          NaN,,,,          NaN,         NaN
,,,          NaN,,,,          NaN,         NaN
,,,          NaN,,,,          NaN,         NaN
,,,          NaN,,,,          NaN,         NaN
,,,          NaN,,,,          NaN,         NaN
,,,          NaN,,,,          NaN,         NaN
,,,          NaN,,,,          NaN,         NaN
,,,          NaN,,,,          NaN,         NaN
,,,          NaN,,,,          NaN,         NaN
,,,          NaN,,,,          NaN,         NaN
,,,          NaN,,,,          NaN,         NaN
,,,          NaN,,,,          NaN,         NaN
,,,          NaN,,,,          NaN,         NaN
,,,          NaN,,,,          NaN,         NaN
,,,          NaN,,,,          NaN,         NaN
,,,          NaN,,,,          NaN,         NaN
,,,          NaN,,,,          NaN,         NaN
,,,          NaN,,,,          NaN,         NaN
,,,          NaN,,,,          NaN,         NaN
,,,          NaN,,,,          NaN,         NaN
,,,          NaN,,,,          NaN,         NaN
,,,          NaN,,,,          NaN,         NaN
,,,          NaN,,,,          NaN,         NaN
,,,          NaN,,,,          NaN,         NaN
,,,          NaN,,,,          NaN,         NaN
,,,          NaN,,,,          NaN,         NaN
,,,          NaN,,,,          NaN,         NaN
,,,          NaN,,,,          NaN,         NaN
,,,          NaN,,,,          NaN,         NaN
,,,          NaN,,,,          NaN,         NaN
,,,          NaN,,,,          NaN,         NaN
,,,          NaN,,,,          NaN,         NaN
,,,          NaN,,,,          NaN,         NaN
,,,          NaN,,,,          NaN,         NaN
,,,          NaN,,,,          NaN,         NaN
,,,          NaN,,,,          NaN,         NaN
,,,          NaN,,,,          NaN,         NaN
,,,          NaN,,,,          NaN,         NaN
,,,          NaN,,,,          NaN,         NaN
,,,          NaN,,,,          NaN,         NaN
,,,          NaN,,,,          NaN,         NaN
,,,          NaN,,,,          NaN,         NaN
,,,          NaN,,,,          NaN,         NaN
,,,          NaN,,,,          NaN,         NaN
,,,          NaN,,,,          NaN,         NaN
,,,          NaN,,,,          NaN,         NaN
,,,          NaN,,,,          NaN,         NaN
,,,          NaN,,,,          NaN,         NaN
,,,          NaN,,,,          NaN,         NaN
,,,          NaN,,,,          NaN,         NaN
,,,          NaN,,,,          NaN,         NaN
,,,          NaN,,,,          NaN,         NaN
,,,          NaN,,,,          NaN,         NaN
,,,          NaN,,,,          NaN,         NaN
,,,          NaN,,,,          NaN,         NaN
,,,          NaN,,,,          NaN,         NaN
,,,          NaN,,,,          NaN,         NaN
,,,          NaN,,,,          NaN,         NaN
,,,          NaN,,,,          NaN,         NaN
,,,          NaN,,,,          NaN,         NaN
,,,          NaN,,,,          NaN,         NaN
,,,          NaN,,,,          NaN,         NaN
,,,          NaN,,,,          NaN,         NaN
,,,          NaN,,,,          NaN,         NaN
,,,          NaN,,,,          NaN,         NaN
,,,          NaN,,,,          NaN,         NaN
,,,          NaN,,,,          NaN,         NaN
,,,          NaN,,,,          NaN,         NaN
,,,          NaN,,,,          NaN,         NaN
,,,          NaN,,,,          NaN,         NaN
,,,          NaN,,,,          NaN,         NaN
,,,          NaN,,,,          NaN,         NaN
,,,          NaN,,,,          NaN,         NaN
,,,          NaN,,,,          NaN,         NaN
,,,          NaN,,,,          NaN,         NaN
,,,          NaN,,,,          NaN,         NaN
,,,          NaN,,,,          NaN,         NaN
,,,          NaN,,,,          NaN,         NaN
,,,          NaN,,,,          NaN,         NaN
,,,          NaN,,,,          NaN,         NaN
,,,          NaN,,,,          NaN,         NaN
,,,          NaN,,,,          NaN,         NaN
,,,          NaN,,,,          NaN,         NaN
,,,          NaN,,,,          NaN,         NaN
,,,          NaN,,,,          NaN,         NaN
,,,          NaN,,,,          NaN,         NaN
,,,          NaN,,,,          NaN,         NaN
,,,          NaN,,,,          NaN,         NaN
,,,          NaN,,,,          NaN,         NaN
,,,          NaN,,,,          NaN,         NaN
,,,          NaN,,,,          NaN,         NaN
,,,          NaN,,,,          NaN,         NaN
,,,          NaN,,,,          NaN,         NaN
,,,          NaN,,,,          NaN,         NaN
,,,          NaN,,,,          NaN,         NaN
,,,          NaN,,,,          NaN,         NaN
,,,          NaN,,,,          NaN,         NaN
,,,          NaN,,,,          NaN,         NaN
,,,          NaN,,,,          NaN,         NaN
,,,          NaN,,,,          NaN,         NaN
,,,          NaN,,,,          NaN,         NaN
,,,          NaN,,,,          NaN,         NaN
,,,          NaN,,,,          NaN,         NaN
,,,          NaN,,,,          NaN,         NaN
,,,          NaN,,,,          NaN,         NaN
,,,          NaN,,,,          NaN,         NaN
,,,          NaN,,,,          NaN,         NaN
,,,          NaN,,,,          NaN,         NaN
,,,          NaN,,,,          NaN,         NaN
,,,          NaN,,,,          NaN,         NaN
,,,          NaN,,,,          NaN,         NaN
,,,          NaN,,,,          NaN,         NaN
,,,          NaN,,,,          NaN,         NaN
,,,          NaN,,,,          NaN,         NaN
,,,          NaN,,,,          NaN,         NaN
,,,          NaN,,,,          NaN,         NaN
,,,          NaN,,,,          NaN,         NaN
,,,          NaN,,,,          NaN,         NaN
,,,          NaN,,,,          NaN,         NaN
,,,          NaN,,,,          NaN,         NaN
,,,          NaN,,,,          NaN,         NaN
,,,          NaN,,,,          NaN,         NaN
,,,          NaN,,,,          NaN,         NaN
,,,          NaN,,,,          NaN,         NaN
,,,          NaN,,,,          NaN,         NaN
,,,          NaN,,,,          NaN,         NaN
,,,          NaN,,,,          NaN,         NaN
,,,          NaN,,,,          NaN,         NaN
,,,          NaN,,,,          NaN,         NaN
,,,          NaN,,,,          NaN,         NaN
,,,          NaN,,,,          NaN,         NaN
,,,          NaN,,,,          NaN,         NaN
,,,          NaN,,,,          NaN,         NaN
,,,          NaN,,,,          NaN,         NaN
,,,          NaN,,,,          NaN,         NaN
,,,          NaN,,,,          NaN,         NaN
,,,          NaN,,,,          NaN,         NaN
,,,          NaN,,,,          NaN,         NaN
,,,          NaN,,,,          NaN,         NaN
,,,          NaN,,,,          NaN,         NaN
,,,          NaN,,,,          NaN,         NaN
,,,          NaN,,,,          NaN,         NaN
,,,          NaN,,,,          NaN,         NaN
,,,          NaN,,,,          NaN,         NaN
,,,          NaN,,,,          NaN,         NaN
,,,          NaN,,,,          NaN,         NaN
,,,          NaN,,,,          NaN,         NaN
,,,          NaN,,,,          NaN,         NaN
,,,          NaN,,,,          NaN,         NaN
,,,          NaN,,,,          NaN,         NaN
,,,          NaN,,,,          NaN,         NaN
,,,          NaN,,,,          NaN,         NaN
,,,          NaN,,,,          NaN,         NaN
,,,          NaN,,,,          NaN,         NaN
,,,          NaN,,,,          NaN,         NaN
,,,          NaN,,,,          NaN,         NaN
,,,          NaN,,,,          NaN,         NaN
,,,          NaN,,,,          NaN,         NaN
,,,          NaN,,,,          NaN,         NaN
,,,          NaN,,,,          NaN,         NaN
,,,          NaN,,,,          NaN,         NaN
,,,          NaN,,,,          NaN,         NaN
,,,          NaN,,,,          NaN,         NaN
,,,          NaN,,,,          NaN,         NaN
,,,          NaN,,,,          NaN,         NaN
,,,          NaN,,,,          NaN,         NaN
,,,          NaN,,,,          NaN,         NaN
,,,          NaN,,,,          NaN,         NaN
,,,          NaN,,,,          NaN,         NaN
,,,          NaN,,,,          NaN,         NaN
,,,          NaN,,,,          NaN,         NaN
,,,          NaN,,,,          NaN,         NaN
,,,          NaN,,,,          NaN,         NaN
,,,          NaN,,,,          NaN,         NaN
,,,          NaN,,,,          NaN,         NaN
,,,          NaN,,,,          NaN,         NaN
,,,          NaN,,,,          NaN,         NaN
,,,          NaN,,,,          NaN,         NaN
,,,          NaN,,,,          NaN,         NaN
,,,          NaN,,,,          NaN,         NaN
,,,          NaN,,,,          NaN,         NaN
,,,          NaN,,,,          NaN,         NaN
,,,          NaN,,,,          NaN,         NaN
,,,          NaN,,,,          NaN,         NaN
,,,          NaN,,,,          NaN,         NaN
,,,          NaN,,,,          NaN,         NaN
,,,          NaN,,,,          NaN,         NaN
,,,          NaN,,,,          NaN,         NaN
,,,          NaN,,,,          NaN,         NaN
,,,          NaN,,,,          NaN,         NaN
,,,          NaN,,,,          NaN,         NaN
,,,          NaN,,,,          NaN,         NaN
,,,          NaN,,,,          NaN,         NaN
,,,          NaN,,,,          NaN,         NaN
,,,          NaN,,,,          NaN,         NaN
,,,          NaN,,,,          NaN,         NaN
,,,          NaN,,,,          NaN,         NaN
,,,          NaN,,,,          NaN,         NaN
,,,          NaN,,,,          NaN,         NaN
,,,          NaN,,,,          NaN,         NaN
,,,          NaN,,,,          NaN,         NaN
,,,          NaN,,,,          NaN,         NaN
,,,          NaN,,,,          NaN,         NaN
,,,          NaN,,,,          NaN,         NaN
,,,          NaN,,,,          NaN,         NaN
,,,          NaN,,,,          NaN,         NaN
,,,          NaN,,,,          NaN,         NaN
,,,          NaN,,,,          NaN,         NaN
,,,          NaN,,,,          NaN,         NaN
,,,          NaN,,,,          NaN,         NaN
,,,          NaN,,,,          NaN,         NaN
,,,          NaN,,,,          NaN,         NaN
,,,          NaN,,,,          NaN,         NaN
,,,          NaN,,,,          NaN,         NaN
,,,          NaN,,,,          NaN,         NaN
,,,          NaN,,,,          NaN,         NaN
,,,          NaN,,,,          NaN,         NaN
,,,          NaN,,,,          NaN,         NaN
,,,          NaN,,,,          NaN,         NaN
,,,          NaN,,,,          NaN,         NaN
,,,          NaN,,,,          NaN,         NaN
,,,          NaN,,,,          NaN,         NaN
,,,          NaN,,,,          NaN,         NaN
,,,          NaN,,,,          NaN,         NaN
,,,          NaN,,,,          NaN,         NaN
,,,          NaN,,,,          NaN,         NaN
,,,          NaN,,,,          NaN,         NaN
,,,          NaN,,,,          NaN,         NaN
,,,          NaN,,,,          NaN,         NaN
,,,          NaN,,,,          NaN,         NaN
,,,          NaN,,,,          NaN,         NaN
,,,          NaN,,,,          NaN,         NaN
,,,          NaN,,,,          NaN,         NaN
,,,          NaN,,,,          NaN,         NaN
,,,          NaN,,,,          NaN,         NaN
,,,          NaN,,,,          NaN,         NaN
,,,          NaN,,,,          NaN,         NaN
,,,          NaN,,,,          NaN,         NaN
,,,          NaN,,,,          NaN,         NaN
,,,          NaN,,,,          NaN,         NaN
,,,          NaN,,,,          NaN,         NaN
,,,          NaN,,,,          NaN,         NaN
,,,          NaN,,,,          NaN,         NaN
,,,          NaN,,,,          NaN,         NaN
,,,          NaN,,,,          NaN,         NaN
,,,          NaN,,,,          NaN,         NaN
,,,          NaN,,,,          NaN,         NaN
,,,          NaN,,,,          NaN,         NaN
,,,          NaN,,,,          NaN,         NaN
,,,          NaN,,,,          NaN,         NaN
,,,          NaN,,,,          NaN,         NaN
,,,          NaN,,,,          NaN,         NaN
,,,          NaN,,,,          NaN,         NaN
,,,          NaN,,,,          NaN,         NaN
,,,          NaN,,,,          NaN,         NaN
,,,          NaN,,,,          NaN,         NaN
,,,          NaN,,,,          NaN,         NaN
,,,          NaN,,,,          NaN,         NaN
,,,          NaN,,,,          NaN,         NaN
,,,          NaN,,,,          NaN,         NaN
,,,          NaN,,,,          NaN,         NaN
,,,          NaN,,,,          NaN,         NaN
,,,          NaN,,,,          NaN,         NaN
,,,          NaN,,,,          NaN,         NaN
,,,          NaN,,,,          NaN,         NaN
,,,          NaN,,,,          NaN,         NaN
,,,          NaN,,,,          NaN,         NaN
,,,          NaN,,,,          NaN,         NaN
,,,          NaN,,,,          NaN,         NaN
,,,          NaN,,,,          NaN,         NaN
,,,          NaN,,,,          NaN,         NaN
,,,          NaN,,,,          NaN,         NaN
,,,          NaN,,,,          NaN,         NaN
,,,          NaN,,,,          NaN,         NaN
,,,          NaN,,,,          NaN,         NaN
,,,          NaN,,,,          NaN,         NaN
,,,          NaN,,,,          NaN,         NaN
,,,          NaN,,,,          NaN,         NaN
,,,          NaN,,,,          NaN,         NaN
,,,          NaN,,,,          NaN,         NaN
,,,          NaN,,,,          NaN,         NaN
,,,          NaN,,,,          NaN,         NaN
,,,          NaN,,,,          NaN,         NaN
,,,          NaN,,,,          NaN,         NaN
,,,          NaN,,,,          NaN,         NaN
,,,          NaN,,,,          NaN,         NaN
,,,          NaN,,,,          NaN,         NaN
,,,          NaN,,,,          NaN,         NaN
,,,          NaN,,,,          NaN,         NaN
,,,          NaN,,,,          NaN,         NaN
,,,          NaN,,,,          NaN,         NaN
,,,          NaN,,,,          NaN,         NaN
,,,          NaN,,,,          NaN,         NaN
,,,          NaN,,,,          NaN,         NaN
,,,          NaN,,,,          NaN,         NaN
,,,          NaN,,,,          NaN,         NaN
,,,          NaN,,,,          NaN,         NaN
,,,          NaN,,,,          NaN,         NaN
,,,          NaN,,,,          NaN,         NaN
,,,          NaN,,,,          NaN,         NaN
,,,          NaN,,,,          NaN,         NaN
,,,          NaN,,,,          NaN,         NaN
,,,          NaN,,,,          NaN,         NaN
,,,          NaN,,,,          NaN,         NaN
,,,          NaN,,,,          NaN,         NaN
,,,          NaN,,,,          NaN,         NaN
,,,          NaN,,,,          NaN,         NaN
,,,          NaN,,,,          NaN,         NaN
,,,          NaN,,,,          NaN,         NaN
,,,          NaN,,,,          NaN,         NaN
,,,          NaN,,,,          NaN,         NaN
,,,          NaN,,,,          NaN,         NaN
,,,          NaN,,,,          NaN,         NaN
,,,          NaN,,,,          NaN,         NaN
,,,          NaN,,,,          NaN,         NaN
,,,          NaN,,,,          NaN,         NaN
,,,          NaN,,,,          NaN,         NaN
,,,          NaN,,,,          NaN,         NaN
,,,          NaN,,,,          NaN,         NaN
,,,          NaN,,,,          NaN,         NaN
,,,          NaN,,,,          NaN,         NaN
,,,          NaN,,,,          NaN,         NaN
,,,          NaN,,,,          NaN,         NaN
,,,          NaN,,,,          NaN,         NaN
,,,          NaN,,,,          NaN,         NaN
,,,          NaN,,,,          NaN,         NaN
,,,          NaN,,,,          NaN,         NaN
,,,          NaN,,,,          NaN,         NaN
,,,          NaN,,,,          NaN,         NaN
,,,          NaN,,,,          NaN,         NaN
,,,          NaN,,,,          NaN,         NaN
,,,          NaN,,,,          NaN,         NaN
,,,          NaN,,,,          NaN,         NaN
,,,          NaN,,,,          NaN,         NaN
,,,          NaN,,,,          NaN,         NaN
,,,          NaN,,,,          NaN,         NaN
,,,          NaN,,,,          NaN,         NaN
,,,          NaN,,,,          NaN,         NaN
,,,          NaN,,,,          NaN,         NaN
,,,          NaN,,,,          NaN,         NaN
,,,          NaN,,,,          NaN,         NaN
,,,          NaN,,,,          NaN,         NaN
,,,          NaN,,,,          NaN,         NaN
,,,          NaN,,,,          NaN,         NaN
,,,          NaN,,,,          NaN,         NaN
,,,          NaN,,,,          NaN,         NaN
,,,          NaN,,,,          NaN,         NaN
,,,          NaN,,,,          NaN,         NaN
,,,          NaN,,,,          NaN,         NaN
,,,          NaN,,,,          NaN,         NaN
,,,          NaN,,,,          NaN,         NaN
,,,          NaN,,,,          NaN,         NaN
,,,          NaN,,,,          NaN,         NaN
,,,          NaN,,,,          NaN,         NaN
,,,          NaN,,,,          NaN,         NaN
,,,          NaN,,,,          NaN,         NaN
,,,          NaN,,,,          NaN,         NaN
,,,          NaN,,,,          NaN,         NaN
,,,          NaN,,,,          NaN,         NaN
,,,          NaN,,,,          NaN,         NaN
,,,          NaN,,,,          NaN,         NaN
,,,          NaN,,,,          NaN,         NaN
,,,          NaN,,,,          NaN,         NaN
,,,          NaN,,,,          NaN,         NaN
,,,          NaN,,,,          NaN,         NaN
,,,          NaN,,,,          NaN,         NaN
,,,          NaN,,,,          NaN,         NaN
,,,          NaN,,,,          NaN,         NaN
,,,          NaN,,,,          NaN,         NaN
,,,          NaN,,,,          NaN,         NaN
,,,          NaN,,,,          NaN,         NaN
,,,          NaN,,,,          NaN,         NaN
,,,          NaN,,,,          NaN,         NaN
,,,          NaN,,,,          NaN,         NaN
,,,          NaN,,,,          NaN,         NaN
,,,          NaN,,,,          NaN,         NaN
,,,          NaN,,,,          NaN,         NaN
,,,          NaN,,,,          NaN,         NaN
,,,          NaN,,,,          NaN,         NaN
,,,          NaN,,,,          NaN,         NaN
,,,          NaN,,,,          NaN,         NaN
,,,          NaN,,,,          NaN,         NaN
,,,          NaN,,,,          NaN,         NaN
,,,          NaN,,,,          NaN,         NaN
,,,          NaN,,,,          NaN,         NaN
,,,          NaN,,,,          NaN,         NaN
,,,          NaN,,,,          NaN,         NaN
,,,          NaN,,,,          NaN,         NaN
,,,          NaN,,,,          NaN,         NaN
,,,          NaN,,,,          NaN,         NaN
,,,          NaN,,,,          NaN,         NaN
,,,          NaN,,,,          NaN,         NaN
,,,          NaN,,,,          NaN,         NaN
,,,          NaN,,,,          NaN,         NaN
,,,          NaN,,,,          NaN,         NaN
,,,          NaN,,,,          NaN,         NaN
,,,          NaN,,,,          NaN,         NaN
,,,          NaN,,,,          NaN,         NaN
,,,          NaN,,,,          NaN,         NaN
,,,          NaN,,,,          NaN,         NaN
,,,          NaN,,,,          NaN,         NaN
,,,          NaN,,,,          NaN,         NaN
,,,          NaN,,,,          NaN,         NaN
,,,          NaN,,,,          NaN,         NaN
,,,          NaN,,,,          NaN,         NaN
,,,          NaN,,,,          NaN,         NaN
,,,          NaN,,,,          NaN,         NaN
,,,          NaN,,,,          NaN,         NaN
,,,          NaN,,,,          NaN,         NaN
,,,          NaN,,,,          NaN,         NaN
,,,          NaN,,,,          NaN,         NaN
,,,          NaN,,,,          NaN,         NaN
,,,          NaN,,,,          NaN,         NaN
,,,          NaN,,,,          NaN,         NaN
,,,          NaN,,,,          NaN,         NaN
,,,          NaN,,,,          NaN,         NaN
,,,          NaN,,,,          NaN,         NaN
,,,          NaN,,,,          NaN,         NaN
,,,          NaN,,,,          NaN,         NaN
,,,          NaN,,,,          NaN,         NaN
,,,          NaN,,,,          NaN,         NaN
,,,          NaN,,,,          NaN,         NaN
,,,          NaN,,,,          NaN,         NaN
,,,          NaN,,,,          NaN,         NaN
,,,          NaN,,,,          NaN,         NaN
,,,          NaN,,,,          NaN,         NaN
,,,          NaN,,,,          NaN,         NaN
,,,          NaN,,,,          NaN,         NaN
,,,          NaN,,,,          NaN,         NaN
,,,          NaN,,,,          NaN,         NaN
,,,          NaN,,,,          NaN,         NaN
,,,          NaN,,,,          NaN,         NaN
,,,          NaN,,,,          NaN,         NaN
,,,          NaN,,,,          NaN,         NaN
,,,          NaN,,,,          NaN,         NaN
,,,          NaN,,,,          NaN,         NaN
,,,          NaN,,,,          NaN,         NaN
,,,          NaN,,,,          NaN,         NaN
,,,          NaN,,,,          NaN,         NaN
,,,          NaN,,,,          NaN,         NaN
,,,          NaN,,,,          NaN,         NaN
,,,          NaN,,,,          NaN,         NaN
,,,          NaN,,,,          NaN,         NaN
,,,          NaN,,,,          NaN,         NaN
,,,          NaN,,,,          NaN,         NaN
,,,          NaN,,,,          NaN,         NaN
,,,          NaN,,,,          NaN,         NaN
,,,          NaN,,,,          NaN,         NaN
,,,          NaN,,,,          NaN,         NaN
,,,          NaN,,,,          NaN,         NaN
,,,          NaN,,,,          NaN,         NaN
,,,          NaN,,,,          NaN,         NaN
,,,          NaN,,,,          NaN,         NaN
,,,          NaN,,,,          NaN,         NaN
,,,          NaN,,,,          NaN,         NaN
,,,          NaN,,,,          NaN,         NaN
,,,          NaN,,,,          NaN,         NaN
,,,          NaN,,,,          NaN,         NaN
,,,          NaN,,,,          NaN,         NaN
,,,          NaN,,,,          NaN,         NaN
,,,          NaN,,,,          NaN,         NaN
,,,          NaN,,,,          NaN,         NaN
,,,          NaN,,,,          NaN,         NaN
,,,          NaN,,,,          NaN,         NaN
,,,          NaN,,,,          NaN,         NaN
,,,          NaN,,,,          NaN,         NaN
,,,          NaN,,,,          NaN,         NaN
,,,          NaN,,,,          NaN,         NaN
,,,          NaN,,,,          NaN,         NaN
,,,          NaN,,,,          NaN,         NaN
,,,          NaN,,,,          NaN,         NaN
,,,          NaN,,,,          NaN,         NaN
,,,          NaN,,,,          NaN,         NaN
,,,          NaN,,,,          NaN,         NaN
,,,          NaN,,,,          NaN,         NaN
,,,          NaN,,,,          NaN,         NaN
,,,          NaN,,,,          NaN,         NaN
,,,          NaN,,,,          NaN,         NaN
,,,          NaN,,,,          NaN,         NaN
,,,          NaN,,,,          NaN,         NaN
,,,          NaN,,,,          NaN,         NaN
,,,          NaN,,,,          NaN,         NaN
,,,          NaN,,,,          NaN,         NaN
,,,          NaN,,,,          NaN,         NaN
,,,          NaN,,,,          NaN,         NaN
,,,          NaN,,,,          NaN,         NaN
,,,          NaN,,,,          NaN,         NaN
,,,          NaN,,,,          NaN,         NaN
,,,          NaN,,,,          NaN,         NaN
,,,          NaN,,,,          NaN,         NaN
,,,          NaN,,,,          NaN,         NaN
,,,          NaN,,,,          NaN,         NaN
,,,          NaN,,,,          NaN,         NaN
,,,          NaN,,,,          NaN,         NaN
,,,          NaN,,,,          NaN,         NaN
,,,          NaN,,,,          NaN,         NaN
,,,          NaN,,,,          NaN,         NaN
,,,          NaN,,,,          NaN,         NaN
,,,          NaN,,,,          NaN,         NaN
,,,          NaN,,,,          NaN,         NaN
,,,          NaN,,,,          NaN,         NaN
,,,          NaN,,,,          NaN,         NaN
,,,          NaN,,,,          NaN,         NaN
,,,          NaN,,,,          NaN,         NaN
,,,          NaN,,,,          NaN,         NaN
,,,          NaN,,,,          NaN,         NaN
,,,          NaN,,,,          NaN,         NaN
,,,          NaN,,,,          NaN,         NaN
,,,          NaN,,,,          NaN,         NaN
,,,          NaN,,,,          NaN,         NaN
,,,          NaN,,,,          NaN,         NaN
,,,          NaN,,,,          NaN,         NaN
,,,          NaN,,,,          NaN,         NaN
,,,          NaN,,,,          NaN,         NaN
,,,          NaN,,,,          NaN,         NaN
,,,          NaN,,,,          NaN,         NaN
,,,          NaN,,,,          NaN,         NaN
,,,          NaN,,,,          NaN,         NaN
,,,          NaN,,,,          NaN,         NaN
,,,          NaN,,,,          NaN,         NaN
,,,          NaN,,,,          NaN,         NaN
,,,          NaN,,,,          NaN,         NaN
,,,          NaN,,,,          NaN,         NaN
,,,          NaN,,,,          NaN,         NaN
,,,          NaN,,,,          NaN,         NaN
,,,          NaN,,,,          NaN,         NaN
,,,          NaN,,,,          NaN,         NaN
,,,          NaN,,,,          NaN,         NaN
,,,          NaN,,,,          NaN,         NaN
,,,          NaN,,,,          NaN,         NaN
,,,          NaN,,,,          NaN,         NaN
,,,          NaN,,,,          NaN,         NaN
,,,          NaN,,,,          NaN,         NaN
,,,          NaN,,,,          NaN,         NaN
,,,          NaN,,,,          NaN,         NaN
,,,          NaN,,,,          NaN,         NaN
,,,          NaN,,,,          NaN,         NaN
,,,          NaN,,,,          NaN,         NaN
,,,          NaN,,,,          NaN,         NaN
,,,          NaN,,,,          NaN,         NaN
,,,          NaN,,,,          NaN,         NaN
,,,          NaN,,,,          NaN,         NaN
,,,          NaN,,,,          NaN,         NaN
,,,          NaN,,,,          NaN,         NaN
,,,          NaN,,,,          NaN,         NaN
,,,          NaN,,,,          NaN,         NaN
,,,          NaN,,,,          NaN,         NaN
,,,          NaN,,,,          NaN,         NaN
,,,          NaN,,,,          NaN,         NaN
,,,          NaN,,,,          NaN,         NaN
,,,          NaN,,,,          NaN,         NaN
,,,          NaN,,,,          NaN,         NaN
,,,          NaN,,,,          NaN,         NaN
,,,          NaN,,,,          NaN,         NaN
,,,          NaN,,,,          NaN,         NaN
,,,          NaN,,,,          NaN,         NaN
,,,          NaN,,,,          NaN,         NaN
,,,          NaN,,,,          NaN,         NaN
,,,          NaN,,,,          NaN,         NaN
,,,          NaN,,,,          NaN,         NaN
,,,          NaN,,,,          NaN,         NaN
,,,          NaN,,,,          NaN,         NaN
,,,          NaN,,,,          NaN,         NaN
,,,          NaN,,,,          NaN,         NaN
,,,          NaN,,,,          NaN,         NaN
,,,          NaN,,,,          NaN,         NaN
,,,          NaN,,,,          NaN,         NaN
,,,          NaN,,,,          NaN,         NaN
,,,          NaN,,,,          NaN,         NaN
,,,          NaN,,,,          NaN,         NaN
,,,          NaN,,,,          NaN,         NaN
,,,          NaN,,,,          NaN,         NaN
,,,          NaN,,,,          NaN,         NaN
,,,          NaN,,,,          NaN,         NaN
,,,          NaN,,,,          NaN,         NaN
,,,          NaN,,,,          NaN,         NaN
,,,          NaN,,,,          NaN,         NaN
,,,          NaN,,,,          NaN,         NaN
,,,          NaN,,,,          NaN,         NaN
,,,          NaN,,,,          NaN,         NaN
,,,          NaN,,,,          NaN,         NaN
,,,          NaN,,,,          NaN,         NaN
,,,          NaN,,,,          NaN,         NaN
,,,          NaN,,,,          NaN,         NaN
,,,          NaN,,,,          NaN,         NaN
,,,          NaN,,,,          NaN,         NaN
,,,          NaN,,,,          NaN,         NaN
,,,          NaN,,,,          NaN,         NaN
,,,          NaN,,,,          NaN,         NaN
,,,          NaN,,,,          NaN,         NaN
,,,          NaN,,,,          NaN,         NaN
,,,          NaN,,,,          NaN,         NaN
,,,          NaN,,,,          NaN,         NaN
,,,          NaN,,,,          NaN,         NaN
,,,          NaN,,,,          NaN,         NaN
,,,          NaN,,,,          NaN,         NaN
,,,          NaN,,,,          NaN,         NaN
,,,          NaN,,,,          NaN,         NaN
,,,          NaN,,,,          NaN,         NaN
,,,          NaN,,,,          NaN,         NaN
,,,          NaN,,,,          NaN,         NaN
,,,          NaN,,,,          NaN,         NaN
,,,          NaN,,,,          NaN,         NaN
,,,          NaN,,,,          NaN,         NaN
,,,          NaN,,,,          NaN,         NaN
,,,          NaN,,,,          NaN,         NaN
,,,          NaN,,,,          NaN,         NaN
,,,          NaN,,,,          NaN,         NaN
,,,          NaN,,,,          NaN,         NaN
,,,          NaN,,,,          NaN,         NaN
,,,          NaN,,,,          NaN,         NaN
,,,          NaN,,,,          NaN,         NaN
,,,          NaN,,,,          NaN,         NaN
,,,          NaN,,,,          NaN,         NaN
,,,          NaN,,,,          NaN,         NaN
,,,          NaN,,,,          NaN,         NaN
,,,          NaN,,,,          NaN,         NaN
,,,          NaN,,,,          NaN,         NaN
,,,          NaN,,,,          NaN,         NaN
,,,          NaN,,,,          NaN,         NaN
,,,          NaN,,,,          NaN,         NaN
,,,          NaN,,,,          NaN,         NaN
,,,          NaN,,,,          NaN,         NaN
,,,          NaN,,,,          NaN,         NaN
,,,          NaN,,,,          NaN,         NaN
,,,          NaN,,,,          NaN,         NaN
,,,          NaN,,,,          NaN,         NaN
,,,          NaN,,,,          NaN,         NaN
,,,          NaN,,,,          NaN,         NaN
,,,          NaN,,,,          NaN,         NaN
,,,          NaN,,,,          NaN,         NaN
,,,          NaN,,,,          NaN,         NaN
,,,          NaN,,,,          NaN,         NaN
,,,          NaN,,,,          NaN,         NaN
,,,          NaN,,,,          NaN,         NaN
,,,          NaN,,,,          NaN,         NaN
,,,          NaN,,,,          NaN,         NaN
,,,          NaN,,,,          NaN,         NaN
,,,          NaN,,,,          NaN,         NaN
,,,          NaN,,,,          NaN,         NaN
,,,          NaN,,,,          NaN,         NaN
,,,          NaN,,,,          NaN,         NaN
,,,          NaN,,,,          NaN,         NaN
,,,          NaN,,,,          NaN,         NaN
,,,          NaN,,,,          NaN,         NaN
,,,          NaN,,,,          NaN,         NaN
,,,          NaN,,,,          NaN,         NaN
,,,          NaN,,,,          NaN,         NaN
,,,          NaN,,,,          NaN,         NaN
,,,          NaN,,,,          NaN,         NaN
,,,          NaN,,,,          NaN,         NaN
,,,          NaN,,,,          NaN,         NaN
,,,          NaN,,,,          NaN,         NaN
,,,          NaN,,,,          NaN,         NaN
,,,          NaN,,,,          NaN,         NaN
,,,          NaN,,,,          NaN,         NaN
,,,          NaN,,,,          NaN,         NaN
,,,          NaN,,,,          NaN,         NaN
,,,          NaN,,,,          NaN,         NaN
,,,          NaN,,,,          NaN,         NaN
,,,          NaN,,,,          NaN,         NaN
,,,          NaN,,,,          NaN,         NaN
,,,          NaN,,,,          NaN,         NaN
,,,          NaN,,,,          NaN,         NaN
,,,          NaN,,,,          NaN,         NaN
,,,          NaN,,,,          NaN,         NaN
,,,          NaN,,,,          NaN,         NaN
,,,          NaN,,,,          NaN,         NaN
,,,          NaN,,,,          NaN,         NaN
,,,          NaN,,,,          NaN,         NaN
,,,          NaN,,,,          NaN,         NaN
,,,          NaN,,,,          NaN,         NaN
,,,          NaN,,,,          NaN,         NaN
,,,          NaN,,,,          NaN,         NaN
,,,          NaN,,,,          NaN,         NaN
,,,          NaN,,,,          NaN,         NaN
,,,          NaN,,,,          NaN,         NaN
,,,          NaN,,,,          NaN,         NaN
,,,          NaN,,,,          NaN,         NaN
,,,          NaN,,,,          NaN,         NaN
,,,          NaN,,,,          NaN,         NaN
,,,          NaN,,,,          NaN,         NaN
,,,          NaN,,,,          NaN,         NaN
,,,          NaN,,,,          NaN,         NaN
,,,          NaN,,,,          NaN,         NaN
,,,          NaN,,,,          NaN,         NaN
,,,          NaN,,,,          NaN,         NaN
,,,          NaN,,,,          NaN,         NaN
,,,          NaN,,,,          NaN,         NaN
,,,          NaN,,,,          NaN,         NaN
,,,          NaN,,,,          NaN,         NaN
,,,          NaN,,,,          NaN,         NaN
,,,          NaN,,,,          NaN,         NaN
,,,          NaN,,,,          NaN,         NaN
,,,          NaN,,,,          NaN,         NaN
,,,          NaN,,,,          NaN,         NaN
,,,          NaN,,,,          NaN,         NaN
,,,          NaN,,,,          NaN,         NaN
,,,          NaN,,,,          NaN,         NaN
,,,          NaN,,,,          NaN,         NaN
,,,          NaN,,,,          NaN,         NaN
,,,          NaN,,,,          NaN,         NaN
,,,          NaN,,,,          NaN,         NaN
,,,          NaN,,,,          NaN,         NaN
,,,          NaN,,,,          NaN,         NaN
,,,          NaN,,,,          NaN,         NaN
,,,          NaN,,,,          NaN,         NaN
,,,          NaN,,,,          NaN,         NaN
,,,          NaN,,,,          NaN,         NaN
,,,          NaN,,,,          NaN,         NaN
,,,          NaN,,,,          NaN,         NaN
,,,          NaN,,,,          NaN,         NaN
,,,          NaN,,,,          NaN,         NaN
,,,          NaN,,,,          NaN,         NaN
,,,          NaN,,,,          NaN,         NaN
,,,          NaN,,,,          NaN,         NaN
,,,          NaN,,,,          NaN,         NaN
,,,          NaN,,,,          NaN,         NaN
,,,          NaN,,,,          NaN,         NaN
,,,          NaN,,,,          NaN,         NaN
,,,          NaN,,,,          NaN,         NaN
,,,          NaN,,,,          NaN,         NaN
,,,          NaN,,,,          NaN,         NaN
,,,          NaN,,,,          NaN,         NaN
,,,          NaN,,,,          NaN,         NaN
,,,          NaN,,,,          NaN,         NaN
,,,          NaN,,,,          NaN,         NaN
,,,          NaN,,,,          NaN,         NaN
,,,          NaN,,,,          NaN,         NaN
,,,          NaN,,,,          NaN,         NaN
,,,          NaN,,,,          NaN,         NaN
,,,          NaN,,,,          NaN,         NaN
,,,          NaN,,,,          NaN,         NaN
,,,          NaN,,,,          NaN,         NaN
,,,          NaN,,,,          NaN,         NaN
,,,          NaN,,,,          NaN,         NaN
,,,          NaN,,,,          NaN,         NaN
,,,          NaN,,,,          NaN,         NaN
,,,          NaN,,,,          NaN,         NaN
,,,          NaN,,,,          NaN,         NaN
,,,          NaN,,,,          NaN,         NaN
,,,          NaN,,,,          NaN,         NaN
,,,          NaN,,,,          NaN,         NaN
,,,          NaN,,,,          NaN,         NaN
,,,          NaN,,,,          NaN,         NaN
,,,          NaN,,,,          NaN,         NaN
,,,          NaN,,,,          NaN,         NaN
,,,          NaN,,,,          NaN,         NaN
,,,          NaN,,,,          NaN,         NaN
,,,          NaN,,,,          NaN,         NaN
,,,          NaN,,,,          NaN,         NaN
,,,          NaN,,,,          NaN,         NaN
,,,          NaN,,,,          NaN,         NaN
,,,          NaN,,,,          NaN,         NaN
,,,          NaN,,,,          NaN,         NaN
,,,          NaN,,,,          NaN,         NaN
,,,          NaN,,,,          NaN,         NaN
,,,          NaN,,,,          NaN,         NaN
,,,          NaN,,,,          NaN,         NaN
,,,          NaN,,,,          NaN,         NaN
,,,          NaN,,,,          NaN,         NaN
,,,          NaN,,,,          NaN,         NaN
,,,          NaN,,,,          NaN,         NaN
,,,          NaN,,,,          NaN,         NaN
,,,          NaN,,,,          NaN,         NaN
,,,          NaN,,,,          NaN,         NaN
,,,          NaN,,,,          NaN,         NaN
,,,          NaN,,,,          NaN,         NaN
,,,          NaN,,,,          NaN,         NaN
,,,          NaN,,,,          NaN,         NaN
,,,          NaN,,,,          NaN,         NaN
,,,          NaN,,,,          NaN,         NaN
,,,          NaN,,,,          NaN,         NaN
,,,          NaN,,,,          NaN,         NaN
,,,          NaN,,,,          NaN,         NaN
,,,          NaN,,,,          NaN,         NaN
,,,          NaN,,,,          NaN,         NaN
,,,          NaN,,,,          NaN,         NaN
,,,          NaN,,,,          NaN,         NaN
,,,          NaN,,,,          NaN,         NaN
,,,          NaN,,,,          NaN,         NaN
,,,          NaN,,,,          NaN,         NaN
,,,          NaN,,,,          NaN,         NaN
,,,          NaN,,,,          NaN,         NaN
,,,          NaN,,,,          NaN,         NaN
,,,          NaN,,,,          NaN,         NaN
,,,          NaN,,,,          NaN,         NaN
,,,          NaN,,,,          NaN,         NaN
,,,          NaN,,,,          NaN,         NaN
,,,          NaN,,,,          NaN,         NaN
,,,          NaN,,,,          NaN,         NaN
,,,          NaN,,,,          NaN,         NaN
,,,          NaN,,,,          NaN,         NaN
,,,          NaN,,,,          NaN,         NaN
,,,          NaN,,,,          NaN,         NaN
,,,          NaN,,,,          NaN,         NaN
,,,          NaN,,,,          NaN,         NaN
,,,          NaN,,,,          NaN,         NaN
,,,          NaN,,,,          NaN,         NaN
,,,          NaN,,,,          NaN,         NaN
,,,          NaN,,,,          NaN,         NaN
,,,          NaN,,,,          NaN,         NaN
,,,          NaN,,,,          NaN,         NaN
,,,          NaN,,,,          NaN,         NaN
,,,          NaN,,,,          NaN,         NaN
,,,          NaN,,,,          NaN,         NaN
,,,          NaN,,,,          NaN,         NaN
,,,          NaN,,,,          NaN,         NaN
,,,          NaN,,,,          NaN,         NaN
,,,          NaN,,,,          NaN,         NaN
,,,          NaN,,,,          NaN,         NaN
,,,          NaN,,,,          NaN,         NaN
,,,          NaN,,,,          NaN,         NaN
,,,          NaN,,,,          NaN,         NaN
,,,          NaN,,,,          NaN,         NaN
,,,          NaN,,,,          NaN,         NaN
,,,          NaN,,,,          NaN,         NaN
,,,          NaN,,,,          NaN,         NaN
,,,          NaN,,,,          NaN,         NaN
,,,          NaN,,,,          NaN,         NaN
,,,          NaN,,,,          NaN,         NaN
,,,          NaN,,,,          NaN,         NaN
,,,          NaN,,,,          NaN,         NaN
,,,          NaN,,,,          NaN,         NaN
,,,          NaN,,,,          NaN,         NaN
,,,          NaN,,,,          NaN,         NaN
,,,          NaN,,,,          NaN,         NaN
,,,          NaN,,,,          NaN,         NaN
,,,          NaN,,,,          NaN,         NaN
,,,          NaN,,,,          NaN,         NaN
,,,          NaN,,,,          NaN,         NaN
,,,          NaN,,,,          NaN,         NaN
,,,          NaN,,,,          NaN,         NaN
,,,          NaN,,,,          NaN,         NaN
,,,          NaN,,,,          NaN,         NaN
,,,          NaN,,,,          NaN,         NaN
,,,          NaN,,,,          NaN,         NaN
,,,          NaN,,,,          NaN,         NaN
,,,          NaN,,,,          NaN,         NaN
,,,          NaN,,,,          NaN,         NaN
,,,          NaN,,,,          NaN,         NaN
,,,          NaN,,,,          NaN,         NaN
,,,          NaN,,,,          NaN,         NaN
,,,          NaN,,,,          NaN,         NaN
,,,          NaN,,,,          NaN,         NaN
,,,          NaN,,,,          NaN,         NaN
,,,          NaN,,,,          NaN,         NaN
,,,          NaN,,,,          NaN,         NaN
,,,          NaN,,,,          NaN,         NaN
,,,          NaN,,,,          NaN,         NaN
,,,          NaN,,,,          NaN,         NaN
,,,          NaN,,,,          NaN,         NaN
,,,          NaN,,,,          NaN,         NaN
,,,          NaN,,,,          NaN,         NaN
,,,          NaN,,,,          NaN,         NaN
,,,          NaN,,,,          NaN,         NaN
,,,          NaN,,,,          NaN,         NaN
,,,          NaN,,,,          NaN,         NaN
,,,          NaN,,,,          NaN,         NaN
,,,          NaN,,,,          NaN,         NaN
,,,          NaN,,,,          NaN,         NaN
,,,          NaN,,,,          NaN,         NaN
,,,          NaN,,,,          NaN,         NaN
,,,          NaN,,,,          NaN,         NaN
,,,          NaN,,,,          NaN,         NaN
,,,          NaN,,,,          NaN,         NaN
,,,          NaN,,,,          NaN,         NaN
,,,          NaN,,,,          NaN,         NaN
,,,          NaN,,,,          NaN,         NaN
,,,          NaN,,,,          NaN,         NaN
,,,          NaN,,,,          NaN,         NaN
,,,          NaN,,,,          NaN,         NaN
,,,          NaN,,,,          NaN,         NaN
,,,          NaN,,,,          NaN,         NaN
,,,          NaN,,,,          NaN,         NaN
,,,          NaN,,,,          NaN,         NaN
,,,          NaN,,,,          NaN,         NaN
,,,          NaN,,,,          NaN,         NaN
,,,          NaN,,,,          NaN,         NaN
,,,          NaN,,,,          NaN,         NaN
,,,          NaN,,,,          NaN,         NaN
,,,          NaN,,,,          NaN,         NaN
,,,          NaN,,,,          NaN,         NaN
,,,          NaN,,,,          NaN,         NaN
,,,          NaN,,,,          NaN,         NaN
,,,          NaN,,,,          NaN,         NaN
,,,          NaN,,,,          NaN,         NaN
,,,          NaN,,,,          NaN,         NaN
,,,          NaN,,,,          NaN,         NaN
,,,          NaN,,,,          NaN,         NaN
,,,          NaN,,,,          NaN,         NaN
,,,          NaN,,,,          NaN,         NaN
,,,          NaN,,,,          NaN,         NaN
,,,          NaN,,,,          NaN,         NaN
,,,          NaN,,,,          NaN,         NaN
,,,          NaN,,,,          NaN,         NaN
,,,          NaN,,,,          NaN,         NaN
,,,          NaN,,,,          NaN,         NaN
,,,          NaN,,,,          NaN,         NaN
,,,          NaN,,,,          NaN,         NaN
,,,          NaN,,,,          NaN,         NaN
,,,          NaN,,,,          NaN,         NaN
,,,          NaN,,,,          NaN,         NaN
,,,          NaN,,,,          NaN,         NaN
,,,          NaN,,,,          NaN,         NaN
,,,          NaN,,,,          NaN,         NaN
,,,          NaN,,,,          NaN,         NaN
,,,          NaN,,,,          NaN,         NaN
,,,          NaN,,,,          NaN,         NaN
,,,          NaN,,,,          NaN,         NaN
,,,          NaN,,,,          NaN,         NaN
,,,          NaN,,,,          NaN,         NaN
,,,          NaN,,,,          NaN,         NaN
,,,          NaN,,,,          NaN,         NaN
,,,          NaN,,,,          NaN,         NaN
,,,          NaN,,,,          NaN,         NaN
,,,          NaN,,,,          NaN,         NaN
,,,          NaN,,,,          NaN,         NaN
,,,          NaN,,,,          NaN,         NaN
,,,          NaN,,,,          NaN,         NaN
,,,          NaN,,,,          NaN,         NaN
,,,          NaN,,,,          NaN,         NaN
,,,          NaN,,,,          NaN,         NaN
,,,          NaN,,,,          NaN,         NaN
,,,          NaN,,,,          NaN,         NaN
,,,          NaN,,,,          NaN,         NaN
,,,          NaN,,,,          NaN,         NaN
,,,          NaN,,,,          NaN,         NaN
,,,          NaN,,,,          NaN,         NaN
,,,          NaN,,,,          NaN,         NaN
,,,          NaN,,,,          NaN,         NaN
,,,          NaN,,,,          NaN,         NaN
,,,          NaN,,,,          NaN,         NaN
,,,          NaN,,,,          NaN,         NaN
,,,          NaN,,,,          NaN,         NaN
,,,          NaN,,,,          NaN,         NaN
,,,          NaN,,,,          NaN,         NaN
,,,          NaN,,,,          NaN,         NaN
,,,          NaN,,,,          NaN,         NaN
,,,          NaN,,,,          NaN,         NaN
,,,          NaN,,,,          NaN,         NaN
,,,          NaN,,,,          NaN,         NaN
,,,          NaN,,,,          NaN,         NaN
,,,          NaN,,,,          NaN,         NaN
,,,          NaN,,,,          NaN,         NaN
,,,          NaN,,,,          NaN,         NaN
,,,          NaN,,,,          NaN,         NaN
,,,          NaN,,,,          NaN,         NaN
,,,          NaN,,,,          NaN,         NaN
,,,          NaN,,,,          NaN,         NaN
,,,          NaN,,,,          NaN,         NaN
,,,          NaN,,,,          NaN,         NaN
,,,          NaN,,,,          NaN,         NaN
,,,          NaN,,,,          NaN,         NaN
,,,          NaN,,,,          NaN,         NaN
,,,          NaN,,,,          NaN,         NaN
,,,          NaN,,,,          NaN,         NaN
,,,          NaN,,,,          NaN,         NaN
,,,          NaN,,,,          NaN,         NaN
,,,          NaN,,,,          NaN,         NaN
,,,          NaN,,,,          NaN,         NaN
,,,          NaN,,,,          NaN,         NaN
,,,          NaN,,,,          NaN,         NaN
,,,          NaN,,,,          NaN,         NaN
,,,          NaN,,,,          NaN,         NaN
,,,          NaN,,,,          NaN,         NaN
,,,          NaN,,,,          NaN,         NaN
,,,          NaN,,,,          NaN,         NaN
,,,          NaN,,,,          NaN,         NaN
,,,          NaN,,,,          NaN,         NaN
,,,          NaN,,,,          NaN,         NaN
,,,          NaN,,,,          NaN,         NaN
,,,          NaN,,,,          NaN,         NaN
,,,          NaN,,,,          NaN,         NaN
,,,          NaN,,,,          NaN,         NaN
,,,          NaN,,,,          NaN,         NaN
,,,          NaN,,,,          NaN,         NaN
,,,          NaN,,,,          NaN,         NaN
,,,          NaN,,,,          NaN,         NaN
,,,          NaN,,,,          NaN,         NaN
,,,          NaN,,,,          NaN,         NaN
,,,          NaN,,,,          NaN,         NaN
,,,          NaN,,,,          NaN,         NaN
,,,          NaN,,,,          NaN,         NaN
,,,          NaN,,,,          NaN,         NaN
,,,          NaN,,,,          NaN,         NaN
,,,          NaN,,,,          NaN,         NaN
,,,          NaN,,,,          NaN,         NaN
,,,          NaN,,,,          NaN,         NaN
,,,          NaN,,,,          NaN,         NaN
,,,          NaN,,,,          NaN,         NaN
,,,          NaN,,,,          NaN,         NaN
,,,          NaN,,,,          NaN,         NaN
,,,          NaN,,,,          NaN,         NaN
,,,          NaN,,,,          NaN,         NaN
,,,          NaN,,,,          NaN,         NaN
,,,          NaN,,,,          NaN,         NaN
,,,          NaN,,,,          NaN,         NaN
,,,          NaN,,,,          NaN,         NaN
,,,          NaN,,,,          NaN,         NaN
,,,          NaN,,,,          NaN,         NaN
,,,          NaN,,,,          NaN,         NaN
,,,          NaN,,,,          NaN,         NaN
,,,          NaN,,,,          NaN,         NaN
,,,          NaN,,,,          NaN,         NaN
,,,          NaN,,,,          NaN,         NaN
,,,          NaN,,,,          NaN,         NaN
,,,          NaN,,,,          NaN,         NaN
,,,          NaN,,,,          NaN,         NaN
,,,          NaN,,,,          NaN,         NaN
,,,          NaN,,,,          NaN,         NaN
,,,          NaN,,,,          NaN,         NaN
,,,          NaN,,,,          NaN,         NaN
,,,          NaN,,,,          NaN,         NaN
,,,          NaN,,,,          NaN,         NaN
,,,          NaN,,,,          NaN,         NaN
,,,          NaN,,,,          NaN,         NaN
,,,          NaN,,,,          NaN,         NaN
,,,          NaN,,,,          NaN,         NaN
,,,          NaN,,,,          NaN,         NaN
,,,          NaN,,,,          NaN,         NaN
,,,          NaN,,,,          NaN,         NaN
,,,          NaN,,,,          NaN,         NaN
,,,          NaN,,,,          NaN,         NaN
,,,          NaN,,,,          NaN,         NaN
,,,          NaN,,,,          NaN,         NaN
,,,          NaN,,,,          NaN,         NaN
,,,          NaN,,,,          NaN,         NaN
,,,          NaN,,,,          NaN,         NaN
,,,          NaN,,,,          NaN,         NaN
,,,          NaN,,,,          NaN,         NaN
,,,          NaN,,,,          NaN,         NaN
,,,          NaN,,,,          NaN,         NaN
,,,          NaN,,,,          NaN,         NaN
,,,          NaN,,,,          NaN,         NaN
,,,          NaN,,,,          NaN,         NaN
,,,          NaN,,,,          NaN,         NaN
,,,          NaN,,,,          NaN,         NaN
,,,          NaN,,,,          NaN,         NaN
,,,          NaN,,,,          NaN,         NaN
,,,          NaN,,,,          NaN,         NaN
,,,          NaN,,,,          NaN,         NaN
,,,          NaN,,,,          NaN,         NaN
,,,          NaN,,,,          NaN,         NaN
,,,          NaN,,,,          NaN,         NaN
,,,          NaN,,,,          NaN,         NaN
,,,          NaN,,,,          NaN,         NaN
,,,          NaN,,,,          NaN,         NaN
,,,          NaN,,,,          NaN,         NaN
,,,          NaN,,,,          NaN,         NaN
,,,          NaN,,,,          NaN,         NaN
,,,          NaN,,,,          NaN,         NaN
,,,          NaN,,,,          NaN,         NaN
,,,          NaN,,,,          NaN,         NaN
,,,          NaN,,,,          NaN,         NaN
,,,          NaN,,,,          NaN,         NaN
,,,          NaN,,,,          NaN,         NaN
,,,          NaN,,,,          NaN,         NaN
,,,          NaN,,,,          NaN,         NaN
,,,          NaN,,,,          NaN,         NaN
,,,          NaN,,,,          NaN,         NaN
,,,          NaN,,,,          NaN,         NaN
,,,          NaN,,,,          NaN,         NaN
,,,          NaN,,,,          NaN,         NaN
,,,          NaN,,,,          NaN,         NaN
,,,          NaN,,,,          NaN,         NaN
,,,          NaN,,,,          NaN,         NaN
,,,          NaN,,,,          NaN,         NaN
,,,          NaN,,,,          NaN,         NaN
,,,          NaN,,,,          NaN,         NaN
,,,          NaN,,,,          NaN,         NaN
,,,          NaN,,,,          NaN,         NaN
,,,          NaN,,,,          NaN,         NaN
,,,          NaN,,,,          NaN,         NaN
,,,          NaN,,,,          NaN,         NaN
,,,          NaN,,,,          NaN,         NaN
,,,          NaN,,,,          NaN,         NaN
,,,          NaN,,,,          NaN,         NaN
,,,          NaN,,,,          NaN,         NaN
,,,          NaN,,,,          NaN,         NaN
,,,          NaN,,,,          NaN,         NaN
,,,          NaN,,,,          NaN,         NaN
,,,          NaN,,,,          NaN,         NaN
,,,          NaN,,,,          NaN,         NaN
,,,          NaN,,,,          NaN,         NaN
,,,          NaN,,,,          NaN,         NaN
,,,          NaN,,,,          NaN,         NaN
,,,          NaN,,,,          NaN,         NaN
,,,          NaN,,,,          NaN,         NaN
,,,          NaN,,,,          NaN,         NaN
,,,          NaN,,,,          NaN,         NaN
,,,          NaN,,,,          NaN,         NaN
,,,          NaN,,,,          NaN,         NaN
,,,          NaN,,,,          NaN,         NaN
,,,          NaN,,,,          NaN,         NaN
,,,          NaN,,,,          NaN,         NaN
,,,          NaN,,,,          NaN,         NaN
,,,          NaN,,,,          NaN,         NaN
,,,          NaN,,,,          NaN,         NaN
,,,          NaN,,,,          NaN,         NaN
,,,          NaN,,,,          NaN,         NaN
,,,          NaN,,,,          NaN,         NaN
,,,          NaN,,,,          NaN,         NaN
,,,          NaN,,,,          NaN,         NaN
,,,          NaN,,,,          NaN,         NaN
,,,          NaN,,,,          NaN,         NaN
,,,          NaN,,,,          NaN,         NaN
,,,          NaN,,,,          NaN,         NaN
,,,          NaN,,,,          NaN,         NaN
,,,          NaN,,,,          NaN,         NaN
,,,          NaN,,,,          NaN,         NaN
,,,          NaN,,,,          NaN,         NaN
,,,          NaN,,,,          NaN,         NaN
,,,          NaN,,,,          NaN,         NaN
,,,          NaN,,,,          NaN,         NaN
,,,          NaN,,,,          NaN,         NaN
,,,          NaN,,,,          NaN,         NaN
,,,          NaN,,,,          NaN,         NaN
,,,          NaN,,,,          NaN,         NaN
,,,          NaN,,,,          NaN,         NaN
,,,          NaN,,,,          NaN,         NaN
,,,          NaN,,,,          NaN,         NaN
,,,          NaN,,,,          NaN,         NaN
,,,          NaN,,,,          NaN,         NaN
,,,          NaN,,,,          NaN,         NaN
,,,          NaN,,,,          NaN,         NaN
,,,          NaN,,,,          NaN,         NaN
,,,          NaN,,,,          NaN,         NaN
,,,          NaN,,,,          NaN,         NaN
,,,          NaN,,,,          NaN,         NaN
,,,          NaN,,,,          NaN,         NaN
,,,          NaN,,,,          NaN,         NaN
,,,          NaN,,,,          NaN,         NaN
,,,          NaN,,,,          NaN,         NaN
,,,          NaN,,,,          NaN,         NaN
,,,          NaN,,,,          NaN,         NaN
,,,          NaN,,,,          NaN,         NaN
,,,          NaN,,,,          NaN,         NaN
,,,          NaN,,,,          NaN,         NaN
,,,          NaN,,,,          NaN,         NaN
,,,          NaN,,,,          NaN,         NaN
,,,          NaN,,,,          NaN,         NaN
,,,          NaN,,,,          NaN,         NaN
,,,          NaN,,,,          NaN,         NaN
,,,          NaN,,,,          NaN,         NaN
,,,          NaN,,,,          NaN,         NaN
,,,          NaN,,,,          NaN,         NaN
,,,          NaN,,,,          NaN,         NaN
,,,          NaN,,,,          NaN,         NaN
,,,          NaN,,,,          NaN,         NaN
,,,          NaN,,,,          NaN,         NaN
,,,          NaN,,,,          NaN,         NaN
,,,          NaN,,,,          NaN,         NaN
,,,          NaN,,,,          NaN,         NaN
,,,          NaN,,,,          NaN,         NaN
,,,          NaN,,,,          NaN,         NaN
,,,          NaN,,,,          NaN,         NaN
,,,          NaN,,,,          NaN,         NaN
,,,          NaN,,,,          NaN,         NaN
,,,          NaN,,,,          NaN,         NaN
,,,          NaN,,,,          NaN,         NaN
,,,          NaN,,,,          NaN,         NaN
,,,          NaN,,,,          NaN,         NaN
,,,          NaN,,,,          NaN,         NaN
,,,          NaN,,,,          NaN,         NaN
,,,          NaN,,,,          NaN,         NaN
,,,          NaN,,,,          NaN,         NaN
,,,          NaN,,,,          NaN,         NaN
,,,          NaN,,,,          NaN,         NaN
,,,          NaN,,,,          NaN,         NaN
,,,          NaN,,,,          NaN,         NaN
,,,          NaN,,,,          NaN,         NaN
,,,          NaN,,,,          NaN,         NaN
,,,          NaN,,,,          NaN,         NaN
,,,          NaN,,,,          NaN,         NaN
,,,          NaN,,,,          NaN,         NaN
,,,          NaN,,,,          NaN,         NaN
,,,          NaN,,,,          NaN,         NaN
,,,          NaN,,,,          NaN,         NaN
,,,          NaN,,,,          NaN,         NaN
,,,          NaN,,,,          NaN,         NaN
,,,          NaN,,,,          NaN,         NaN
,,,          NaN,,,,          NaN,         NaN
,,,          NaN,,,,          NaN,         NaN
,,,          NaN,,,,          NaN,         NaN
,,,          NaN,,,,          NaN,         NaN
,,,          NaN,,,,          NaN,         NaN
,,,          NaN,,,,          NaN,         NaN
,,,          NaN,,,,          NaN,         NaN
,,,          NaN,,,,          NaN,         NaN
,,,          NaN,,,,          NaN,         NaN
,,,          NaN,,,,          NaN,         NaN
,,,          NaN,,,,          NaN,         NaN
,,,          NaN,,,,          NaN,         NaN
,,,          NaN,,,,          NaN,         NaN
,,,          NaN,,,,          NaN,         NaN
,,,          NaN,,,,          NaN,         NaN
,,,          NaN,,,,          NaN,         NaN
,,,          NaN,,,,          NaN,         NaN
,,,          NaN,,,,          NaN,         NaN
,,,          NaN,,,,          NaN,         NaN
,,,          NaN,,,,          NaN,         NaN
,,,          NaN,,,,          NaN,         NaN
,,,          NaN,,,,          NaN,         NaN
,,,          NaN,,,,          NaN,         NaN
,,,          NaN,,,,          NaN,         NaN
,,,          NaN,,,,          NaN,         NaN
,,,          NaN,,,,          NaN,         NaN
,,,          NaN,,,,          NaN,         NaN
,,,          NaN,,,,          NaN,         NaN
,,,          NaN,,,,          NaN,         NaN
,,,          NaN,,,,          NaN,         NaN
,,,          NaN,,,,          NaN,         NaN
,,,          NaN,,,,          NaN,         NaN
,,,          NaN,,,,          NaN,         NaN
,,,          NaN,,,,          NaN,         NaN
,,,          NaN,,,,          NaN,         NaN
,,,          NaN,,,,          NaN,         NaN
,,,          NaN,,,,          NaN,         NaN
,,,          NaN,,,,          NaN,         NaN
,,,          NaN,,,,          NaN,         NaN
,,,          NaN,,,,          NaN,         NaN
,,,          NaN,,,,          NaN,         NaN
,,,          NaN,,,,          NaN,         NaN
,,,          NaN,,,,          NaN,         NaN
,,,          NaN,,,,          NaN,         NaN
,,,          NaN,,,,          NaN,         NaN
,,,          NaN,,,,          NaN,         NaN
,,,          NaN,,,,          NaN,         NaN
,,,          NaN,,,,          NaN,         NaN
,,,          NaN,,,,          NaN,         NaN
,,,          NaN,,,,          NaN,         NaN
,,,          NaN,,,,          NaN,         NaN
,,,          NaN,,,,          NaN,         NaN
,,,          NaN,,,,          NaN,         NaN
,,,          NaN,,,,          NaN,         NaN
,,,          NaN,,,,          NaN,         NaN
,,,          NaN,,,,          NaN,         NaN
,,,          NaN,,,,          NaN,         NaN
,,,          NaN,,,,          NaN,         NaN
,,,          NaN,,,,          NaN,         NaN
,,,          NaN,,,,          NaN,         NaN
,,,          NaN,,,,          NaN,         NaN
,,,          NaN,,,,          NaN,         NaN
,,,          NaN,,,,          NaN,         NaN
,,,          NaN,,,,          NaN,         NaN
,,,          NaN,,,,          NaN,         NaN
,,,          NaN,,,,          NaN,         NaN
,,,          NaN,,,,          NaN,         NaN
,,,          NaN,,,,          NaN,         NaN
,,,          NaN,,,,          NaN,         NaN
,,,          NaN,,,,          NaN,         NaN
,,,          NaN,,,,          NaN,         NaN
,,,          NaN,,,,          NaN,         NaN
,,,          NaN,,,,          NaN,         NaN
,,,          NaN,,,,          NaN,         NaN
,,,          NaN,,,,          NaN,         NaN
,,,          NaN,,,,          NaN,         NaN
,,,          NaN,,,,          NaN,         NaN
,,,          NaN,,,,          NaN,         NaN
,,,          NaN,,,,          NaN,         NaN
,,,          NaN,,,,          NaN,         NaN
,,,          NaN,,,,          NaN,         NaN
,,,          NaN,,,,          NaN,         NaN
,,,          NaN,,,,          NaN,         NaN
,,,          NaN,,,,          NaN,         NaN
,,,          NaN,,,,          NaN,         NaN
,,,          NaN,,,,          NaN,         NaN
,,,          NaN,,,,          NaN,         NaN
,,,          NaN,,,,          NaN,         NaN
,,,          NaN,,,,          NaN,         NaN
,,,          NaN,,,,          NaN,         NaN
,,,          NaN,,,,          NaN,         NaN
,,,          NaN,,,,          NaN,         NaN
,,,          NaN,,,,          NaN,         NaN
,,,          NaN,,,,          NaN,         NaN
,,,          NaN,,,,          NaN,         NaN
,,,          NaN,,,,          NaN,         NaN
,,,          NaN,,,,          NaN,         NaN
,,,          NaN,,,,          NaN,         NaN
,,,          NaN,,,,          NaN,         NaN
,,,          NaN,,,,          NaN,         NaN
,,,          NaN,,,,          NaN,         NaN
,,,          NaN,,,,          NaN,         NaN
,,,          NaN,,,,          NaN,         NaN
,,,          NaN,,,,          NaN,         NaN
,,,          NaN,,,,          NaN,         NaN
,,,          NaN,,,,          NaN,         NaN
,,,          NaN,,,,          NaN,         NaN
,,,          NaN,,,,          NaN,         NaN
,,,          NaN,,,,          NaN,         NaN
,,,          NaN,,,,          NaN,         NaN
,,,          NaN,,,,          NaN,         NaN
,,,          NaN,,,,          NaN,         NaN
,,,          NaN,,,,          NaN,         NaN
,,,          NaN,,,,          NaN,         NaN
,,,          NaN,,,,          NaN,         NaN
,,,          NaN,,,,          NaN,         NaN
,,,          NaN,,,,          NaN,         NaN
,,,          NaN,,,,          NaN,         NaN
,,,          NaN,,,,          NaN,         NaN
,,,          NaN,,,,          NaN,         NaN
,,,          NaN,,,,          NaN,         NaN
,,,          NaN,,,,          NaN,         NaN
,,,          NaN,,,,          NaN,         NaN
,,,          NaN,,,,          NaN,         NaN
,,,          NaN,,,,          NaN,         NaN
,,,          NaN,,,,          NaN,         NaN
,,,          NaN,,,,          NaN,         NaN
,,,          NaN,,,,          NaN,         NaN
,,,          NaN,,,,          NaN,         NaN
,,,          NaN,,,,          NaN,         NaN
,,,          NaN,,,,          NaN,         NaN
,,,          NaN,,,,          NaN,         NaN
,,,          NaN,,,,          NaN,         NaN
,,,          NaN,,,,          NaN,         NaN
,,,          NaN,,,,          NaN,         NaN
,,,          NaN,,,,          NaN,         NaN
,,,          NaN,,,,          NaN,         NaN
,,,          NaN,,,,          NaN,         NaN
,,,          NaN,,,,          NaN,         NaN
,,,          NaN,,,,          NaN,         NaN
,,,          NaN,,,,          NaN,         NaN
,,,          NaN,,,,          NaN,         NaN
,,,          NaN,,,,          NaN,         NaN
,,,          NaN,,,,          NaN,         NaN
,,,          NaN,,,,          NaN,         NaN
,,,          NaN,,,,          NaN,         NaN
,,,          NaN,,,,          NaN,         NaN
,,,          NaN,,,,          NaN,         NaN
,,,          NaN,,,,          NaN,         NaN
,,,          NaN,,,,          NaN,         NaN
,,,          NaN,,,,          NaN,         NaN
,,,          NaN,,,,          NaN,         NaN
,,,          NaN,,,,          NaN,         NaN
,,,          NaN,,,,          NaN,         NaN
,,,          NaN,,,,          NaN,         NaN
,,,          NaN,,,,          NaN,         NaN
,,,          NaN,,,,          NaN,         NaN
,,,          NaN,,,,          NaN,         NaN
,,,          NaN,,,,          NaN,         NaN
,,,          NaN,,,,          NaN,         NaN
,,,          NaN,,,,          NaN,         NaN
,,,          NaN,,,,          NaN,         NaN
,,,          NaN,,,,          NaN,         NaN
,,,          NaN,,,,          NaN,         NaN
,,,          NaN,,,,          NaN,         NaN
,,,          NaN,,,,          NaN,         NaN
,,,          NaN,,,,          NaN,         NaN
,,,          NaN,,,,          NaN,         NaN
,,,          NaN,,,,          NaN,         NaN
,,,          NaN,,,,          NaN,         NaN
,,,          NaN,,,,          NaN,         NaN
,,,          NaN,,,,          NaN,         NaN
,,,          NaN,,,,          NaN,         NaN
,,,          NaN,,,,          NaN,         NaN
,,,          NaN,,,,          NaN,         NaN
,,,          NaN,,,,          NaN,         NaN
,,,          NaN,,,,          NaN,         NaN
,,,          NaN,,,,          NaN,         NaN
,,,          NaN,,,,          NaN,         NaN
,,,          NaN,,,,          NaN,         NaN
,,,          NaN,,,,          NaN,         NaN
,,,          NaN,,,,          NaN,         NaN
,,,          NaN,,,,          NaN,         NaN
,,,          NaN,,,,          NaN,         NaN
,,,          NaN,,,,          NaN,         NaN
,,,          NaN,,,,          NaN,         NaN
,,,          NaN,,,,          NaN,         NaN
,,,          NaN,,,,          NaN,         NaN
,,,          NaN,,,,          NaN,         NaN
,,,          NaN,,,,          NaN,         NaN
,,,          NaN,,,,          NaN,         NaN
,,,          NaN,,,,          NaN,         NaN
,,,          NaN,,,,          NaN,         NaN
,,,          NaN,,,,          NaN,         NaN
,,,          NaN,,,,          NaN,         NaN
,,,          NaN,,,,          NaN,         NaN
,,,          NaN,,,,          NaN,         NaN
,,,          NaN,,,,          NaN,         NaN
,,,          NaN,,,,          NaN,         NaN
,,,          NaN,,,,          NaN,         NaN
,,,          NaN,,,,          NaN,         NaN
,,,          NaN,,,,          NaN,         NaN
,,,          NaN,,,,          NaN,         NaN
,,,          NaN,,,,          NaN,         NaN
,,,          NaN,,,,          NaN,         NaN
,,,          NaN,,,,          NaN,         NaN
,,,          NaN,,,,          NaN,         NaN
,,,          NaN,,,,          NaN,         NaN
,,,          NaN,,,,          NaN,         NaN
,,,          NaN,,,,          NaN,         NaN
,,,          NaN,,,,          NaN,         NaN
,,,          NaN,,,,          NaN,         NaN
,,,          NaN,,,,          NaN,         NaN
,,,          NaN,,,,          NaN,         NaN
,,,          NaN,,,,          NaN,         NaN
,,,          NaN,,,,          NaN,         NaN
,,,          NaN,,,,          NaN,         NaN
,,,          NaN,,,,          NaN,         NaN
,,,          NaN,,,,          NaN,         NaN
,,,          NaN,,,,          NaN,         NaN
,,,          NaN,,,,          NaN,         NaN
,,,          NaN,,,,          NaN,         NaN
,,,          NaN,,,,          NaN,         NaN
,,,          NaN,,,,          NaN,         NaN
,,,          NaN,,,,          NaN,         NaN
,,,          NaN,,,,          NaN,         NaN
,,,          NaN,,,,          NaN,         NaN
,,,          NaN,,,,          NaN,         NaN
,,,          NaN,,,,          NaN,         NaN
,,,          NaN,,,,          NaN,         NaN
,,,          NaN,,,,          NaN,         NaN
,,,          NaN,,,,          NaN,         NaN
,,,          NaN,,,,          NaN,         NaN
,,,          NaN,,,,          NaN,         NaN
,,,          NaN,,,,          NaN,         NaN
,,,          NaN,,,,          NaN,         NaN
,,,          NaN,,,,          NaN,         NaN
,,,          NaN,,,,          NaN,         NaN
,,,          NaN,,,,          NaN,         NaN
,,,          NaN,,,,          NaN,         NaN
,,,          NaN,,,,          NaN,         NaN
,,,          NaN,,,,          NaN,         NaN
,,,          NaN,,,,          NaN,         NaN
,,,          NaN,,,,          NaN,         NaN
,,,          NaN,,,,          NaN,         NaN
,,,          NaN,,,,          NaN,         NaN
,,,          NaN,,,,          NaN,         NaN
,,,          NaN,,,,          NaN,         NaN
,,,          NaN,,,,          NaN,         NaN
,,,          NaN,,,,          NaN,         NaN
,,,          NaN,,,,          NaN,         NaN
,,,          NaN,,,,          NaN,         NaN
,,,          NaN,,,,          NaN,         NaN
,,,          NaN,,,,          NaN,         NaN
,,,          NaN,,,,          NaN,         NaN
,,,          NaN,,,,          NaN,         NaN
,,,          NaN,,,,          NaN,         NaN
,,,          NaN,,,,          NaN,         NaN
,,,          NaN,,,,          NaN,         NaN
,,,          NaN,,,,          NaN,         NaN
,,,          NaN,,,,          NaN,         NaN
,,,          NaN,,,,          NaN,         NaN
,,,          NaN,,,,          NaN,         NaN
,,,          NaN,,,,          NaN,         NaN
,,,          NaN,,,,          NaN,         NaN
,,,          NaN,,,,          NaN,         NaN
,,,          NaN,,,,          NaN,         NaN
,,,          NaN,,,,          NaN,         NaN
,,,          NaN,,,,          NaN,         NaN
,,,          NaN,,,,          NaN,         NaN
,,,          NaN,,,,          NaN,         NaN
,,,          NaN,,,,          NaN,         NaN
,,,          NaN,,,,          NaN,         NaN
,,,          NaN,,,,          NaN,         NaN
,,,          NaN,,,,          NaN,         NaN
,,,          NaN,,,,          NaN,         NaN
,,,          NaN,,,,          NaN,         NaN
,,,          NaN,,,,          NaN,         NaN
,,,          NaN,,,,          NaN,         NaN
,,,          NaN,,,,          NaN,         NaN
,,,          NaN,,,,          NaN,         NaN
,,,          NaN,,,,          NaN,         NaN
,,,          NaN,,,,          NaN,         NaN
,,,          NaN,,,,          NaN,         NaN
,,,          NaN,,,,          NaN,         NaN
,,,          NaN,,,,          NaN,         NaN
,,,          NaN,,,,          NaN,         NaN
,,,          NaN,,,,          NaN,         NaN
,,,          NaN,,,,          NaN,         NaN
,,,          NaN,,,,          NaN,         NaN
,,,          NaN,,,,          NaN,         NaN
,,,          NaN,,,,          NaN,         NaN
,,,          NaN,,,,          NaN,         NaN
,,,          NaN,,,,          NaN,         NaN
,,,          NaN,,,,          NaN,         NaN
,,,          NaN,,,,          NaN,         NaN
,,,          NaN,,,,          NaN,         NaN
,,,          NaN,,,,          NaN,         NaN
,,,          NaN,,,,          NaN,         NaN
,,,          NaN,,,,          NaN,         NaN
,,,          NaN,,,,          NaN,         NaN
,,,          NaN,,,,          NaN,         NaN
,,,          NaN,,,,          NaN,         NaN
,,,          NaN,,,,          NaN,         NaN
,,,          NaN,,,,          NaN,         NaN
,,,          NaN,,,,          NaN,         NaN
,,,          NaN,,,,          NaN,         NaN
,,,          NaN,,,,          NaN,         NaN
,,,          NaN,,,,          NaN,         NaN
,,,          NaN,,,,          NaN,         NaN
,,,          NaN,,,,          NaN,         NaN
,,,          NaN,,,,          NaN,         NaN
,,,          NaN,,,,          NaN,         NaN
,,,          NaN,,,,          NaN,         NaN
,,,          NaN,,,,          NaN,         NaN
,,,          NaN,,,,          NaN,         NaN
,,,          NaN,,,,          NaN,         NaN
,,,          NaN,,,,          NaN,         NaN
,,,          NaN,,,,          NaN,         NaN
,,,          NaN,,,,          NaN,         NaN
,,,          NaN,,,,          NaN,         NaN
,,,          NaN,,,,          NaN,         NaN
,,,          NaN,,,,          NaN,         NaN
,,,          NaN,,,,          NaN,         NaN
,,,          NaN,,,,          NaN,         NaN
,,,          NaN,,,,          NaN,         NaN
,,,          NaN,,,,          NaN,         NaN
,,,          NaN,,,,          NaN,         NaN
,,,          NaN,,,,          NaN,         NaN
,,,          NaN,,,,          NaN,         NaN
,,,          NaN,,,,          NaN,         NaN
,,,          NaN,,,,          NaN,         NaN
,,,          NaN,,,,          NaN,         NaN
,,,          NaN,,,,          NaN,         NaN
,,,          NaN,,,,          NaN,         NaN
,,,          NaN,,,,          NaN,         NaN
,,,          NaN,,,,          NaN,         NaN
,,,          NaN,,,,          NaN,         NaN
,,,          NaN,,,,          NaN,         NaN
,,,          NaN,,,,          NaN,         NaN
,,,          NaN,,,,          NaN,         NaN
,,,          NaN,,,,          NaN,         NaN
,,,          NaN,,,,          NaN,         NaN
,,,          NaN,,,,          NaN,         NaN
,,,          NaN,,,,          NaN,         NaN
,,,          NaN,,,,          NaN,         NaN
,,,          NaN,,,,          NaN,         NaN
,,,          NaN,,,,          NaN,         NaN
,,,          NaN,,,,          NaN,         NaN
,,,          NaN,,,,          NaN,         NaN
,,,          NaN,,,,          NaN,         NaN
,,,          NaN,,,,          NaN,         NaN
,,,          NaN,,,,          NaN,         NaN
,,,          NaN,,,,          NaN,         NaN
,,,          NaN,,,,          NaN,         NaN
,,,          NaN,,,,          NaN,         NaN
,,,          NaN,,,,          NaN,         NaN
,,,          NaN,,,,          NaN,         NaN
,,,          NaN,,,,          NaN,         NaN
,,,          NaN,,,,          NaN,         NaN
,,,          NaN,,,,          NaN,         NaN
,,,          NaN,,,,          NaN,         NaN
,,,          NaN,,,,          NaN,         NaN
,,,          NaN,,,,          NaN,         NaN
,,,          NaN,,,,          NaN,         NaN
,,,          NaN,,,,          NaN,         NaN
,,,          NaN,,,,          NaN,         NaN
,,,          NaN,,,,          NaN,         NaN
,,,          NaN,,,,          NaN,         NaN
,,,          NaN,,,,          NaN,         NaN
,,,          NaN,,,,          NaN,         NaN
,,,          NaN,,,,          NaN,         NaN
,,,          NaN,,,,          NaN,         NaN
,,,          NaN,,,,          NaN,         NaN
,,,          NaN,,,,          NaN,         NaN
,,,          NaN,,,,          NaN,         NaN
,,,          NaN,,,,          NaN,         NaN
,,,          NaN,,,,          NaN,         NaN
,,,          NaN,,,,          NaN,         NaN
,,,          NaN,,,,          NaN,         NaN
,,,          NaN,,,,          NaN,         NaN
,,,          NaN,,,,          NaN,         NaN
,,,          NaN,,,,          NaN,         NaN
,,,          NaN,,,,          NaN,         NaN
,,,          NaN,,,,          NaN,         NaN
,,,          NaN,,,,          NaN,         NaN
,,,          NaN,,,,          NaN,         NaN
,,,          NaN,,,,          NaN,         NaN
,,,          NaN,,,,          NaN,         NaN
,,,          NaN,,,,          NaN,         NaN
,,,          NaN,,,,          NaN,         NaN
,,,          NaN,,,,          NaN,         NaN
,,,          NaN,,,,          NaN,         NaN
,,,          NaN,,,,          NaN,         NaN
,,,          NaN,,,,          NaN,         NaN
,,,          NaN,,,,          NaN,         NaN
,,,          NaN,,,,          NaN,         NaN
,,,          NaN,,,,          NaN,         NaN
,,,          NaN,,,,          NaN,         NaN
,,,          NaN,,,,          NaN,         NaN
,,,          NaN,,,,          NaN,         NaN
,,,          NaN,,,,          NaN,         NaN
,,,          NaN,,,,          NaN,         NaN
,,,          NaN,,,,          NaN,         NaN
,,,          NaN,,,,          NaN,         NaN
,,,          NaN,,,,          NaN,         NaN
,,,          NaN,,,,          NaN,         NaN
,,,          NaN,,,,          NaN,         NaN
,,,          NaN,,,,          NaN,         NaN
,,,          NaN,,,,          NaN,         NaN
,,,          NaN,,,,          NaN,         NaN
,,,          NaN,,,,          NaN,         NaN
,,,          NaN,,,,          NaN,         NaN
,,,          NaN,,,,          NaN,         NaN
,,,          NaN,,,,          NaN,         NaN
,,,          NaN,,,,          NaN,         NaN
,,,          NaN,,,,          NaN,         NaN
,,,          NaN,,,,          NaN,         NaN
,,,          NaN,,,,          NaN,         NaN
,,,          NaN,,,,          NaN,         NaN
,,,          NaN,,,,          NaN,         NaN
,,,          NaN,,,,          NaN,         NaN
,,,          NaN,,,,          NaN,         NaN
,,,          NaN,,,,          NaN,         NaN
,,,          NaN,,,,          NaN,         NaN
,,,          NaN,,,,          NaN,         NaN
,,,          NaN,,,,          NaN,         NaN
,,,          NaN,,,,          NaN,         NaN
,,,          NaN,,,,          NaN,         NaN
,,,          NaN,,,,          NaN,         NaN
,,,          NaN,,,,          NaN,         NaN
,,,          NaN,,,,          NaN,         NaN
,,,          NaN,,,,          NaN,         NaN
,,,          NaN,,,,          NaN,         NaN
,,,          NaN,,,,          NaN,         NaN
,,,          NaN,,,,          NaN,         NaN
,,,          NaN,,,,          NaN,         NaN
,,,          NaN,,,,          NaN,         NaN
,,,          NaN,,,,          NaN,         NaN
,,,          NaN,,,,          NaN,         NaN
,,,          NaN,,,,          NaN,         NaN
,,,          NaN,,,,          NaN,         NaN
,,,          NaN,,,,          NaN,         NaN
,,,          NaN,,,,          NaN,         NaN
,,,          NaN,,,,          NaN,         NaN
,,,          NaN,,,,          NaN,         NaN
,,,          NaN,,,,          NaN,         NaN
,,,          NaN,,,,          NaN,         NaN
,,,          NaN,,,,          NaN,         NaN
,,,          NaN,,,,          NaN,         NaN
,,,          NaN,,,,          NaN,         NaN
,,,          NaN,,,,          NaN,         NaN
,,,          NaN,,,,          NaN,         NaN
,,,          NaN,,,,          NaN,         NaN
,,,          NaN,,,,          NaN,         NaN
,,,          NaN,,,,          NaN,         NaN
,,,          NaN,,,,          NaN,         NaN
,,,          NaN,,,,          NaN,         NaN
,,,          NaN,,,,          NaN,         NaN
,,,          NaN,,,,          NaN,         NaN
,,,          NaN,,,,          NaN,         NaN
,,,          NaN,,,,          NaN,         NaN
,,,          NaN,,,,          NaN,         NaN
,,,          NaN,,,,          NaN,         NaN
,,,          NaN,,,,          NaN,         NaN
,,,          NaN,,,,          NaN,         NaN
,,,          NaN,,,,          NaN,         NaN
,,,          NaN,,,,          NaN,         NaN
,,,          NaN,,,,          NaN,         NaN
,,,          NaN,,,,          NaN,         NaN
,,,          NaN,,,,          NaN,         NaN
,,,          NaN,,,,          NaN,         NaN
,,,          NaN,,,,          NaN,         NaN
,,,          NaN,,,,          NaN,         NaN
,,,          NaN,,,,          NaN,         NaN
,,,          NaN,,,,          NaN,         NaN
,,,          NaN,,,,          NaN,         NaN
,,,          NaN,,,,          NaN,         NaN
,,,          NaN,,,,          NaN,         NaN
,,,          NaN,,,,          NaN,         NaN
,,,          NaN,,,,          NaN,         NaN
,,,          NaN,,,,          NaN,         NaN
,,,          NaN,,,,          NaN,         NaN
,,,          NaN,,,,          NaN,         NaN
,,,          NaN,,,,          NaN,         NaN
,,,          NaN,,,,          NaN,         NaN
,,,          NaN,,,,          NaN,         NaN
,,,          NaN,,,,          NaN,         NaN
,,,          NaN,,,,          NaN,         NaN
,,,          NaN,,,,          NaN,         NaN
,,,          NaN,,,,          NaN,         NaN
,,,          NaN,,,,          NaN,         NaN
,,,          NaN,,,,          NaN,         NaN
,,,          NaN,,,,          NaN,         NaN
,,,          NaN,,,,          NaN,         NaN
,,,          NaN,,,,          NaN,         NaN
,,,          NaN,,,,          NaN,         NaN
,,,          NaN,,,,          NaN,         NaN
,,,          NaN,,,,          NaN,         NaN
,,,          NaN,,,,          NaN,         NaN
,,,          NaN,,,,          NaN,         NaN
,,,          NaN,,,,          NaN,         NaN
,,,          NaN,,,,          NaN,         NaN
,,,          NaN,,,,          NaN,         NaN
,,,          NaN,,,,          NaN,         NaN
,,,          NaN,,,,          NaN,         NaN
,,,          NaN,,,,          NaN,         NaN
,,,          NaN,,,,          NaN,         NaN
,,,          NaN,,,,          NaN,         NaN
,,,          NaN,,,,          NaN,         NaN
,,,          NaN,,,,          NaN,         NaN
,,,          NaN,,,,          NaN,         NaN
,,,          NaN,,,,          NaN,         NaN
,,,          NaN,,,,          NaN,         NaN
,,,          NaN,,,,          NaN,         NaN
,,,          NaN,,,,          NaN,         NaN
,,,          NaN,,,,          NaN,         NaN
,,,          NaN,,,,          NaN,         NaN
,,,          NaN,,,,          NaN,         NaN
,,,          NaN,,,,          NaN,         NaN
,,,          NaN,,,,          NaN,         NaN
,,,          NaN,,,,          NaN,         NaN
,,,          NaN,,,,          NaN,         NaN
,,,          NaN,,,,          NaN,         NaN
,,,          NaN,,,,          NaN,         NaN
,,,          NaN,,,,          NaN,         NaN
,,,          NaN,,,,          NaN,         NaN
,,,          NaN,,,,          NaN,         NaN
,,,          NaN,,,,          NaN,         NaN
,,,          NaN,,,,          NaN,         NaN
,,,          NaN,,,,          NaN,         NaN
,,,          NaN,,,,          NaN,         NaN
,,,          NaN,,,,          NaN,         NaN
,,,          NaN,,,,          NaN,         NaN
,,,          NaN,,,,          NaN,         NaN
,,,          NaN,,,,          NaN,         NaN
,,,          NaN,,,,          NaN,         NaN
,,,          NaN,,,,          NaN,         NaN
,,,          NaN,,,,          NaN,         NaN
,,,          NaN,,,,          NaN,         NaN
,,,          NaN,,,,          NaN,         NaN
,,,          NaN,,,,          NaN,         NaN
,,,          NaN,,,,          NaN,         NaN
,,,          NaN,,,,          NaN,         NaN
,,,          NaN,,,,          NaN,         NaN
,,,          NaN,,,,          NaN,         NaN
,,,          NaN,,,,          NaN,         NaN
,,,          NaN,,,,          NaN,         NaN
,,,          NaN,,,,          NaN,         NaN
,,,          NaN,,,,          NaN,         NaN
,,,          NaN,,,,          NaN,         NaN
,,,          NaN,,,,          NaN,         NaN
,,,          NaN,,,,          NaN,         NaN
,,,          NaN,,,,          NaN,         NaN
,,,          NaN,,,,          NaN,         NaN
,,,          NaN,,,,          NaN,         NaN
,,,          NaN,,,,          NaN,         NaN
,,,          NaN,,,,          NaN,         NaN
,,,          NaN,,,,          NaN,         NaN
,,,          NaN,,,,          NaN,         NaN
,,,          NaN,,,,          NaN,         NaN
,,,          NaN,,,,          NaN,         NaN
,,,          NaN,,,,          NaN,         NaN
,,,          NaN,,,,          NaN,         NaN
,,,          NaN,,,,          NaN,         NaN
,,,          NaN,,,,          NaN,         NaN
,,,          NaN,,,,          NaN,         NaN
,,,          NaN,,,,          NaN,         NaN
,,,          NaN,,,,          NaN,         NaN
,,,          NaN,,,,          NaN,         NaN
,,,          NaN,,,,          NaN,         NaN
,,,          NaN,,,,          NaN,         NaN
,,,          NaN,,,,          NaN,         NaN
,,,          NaN,,,,          NaN,         NaN
,,,          NaN,,,,          NaN,         NaN
,,,          NaN,,,,          NaN,         NaN
,,,          NaN,,,,          NaN,         NaN
,,,          NaN,,,,          NaN,         NaN
,,,          NaN,,,,          NaN,         NaN
,,,          NaN,,,,          NaN,         NaN
,,,          NaN,,,,          NaN,         NaN
,,,          NaN,,,,          NaN,         NaN
,,,          NaN,,,,          NaN,         NaN
,,,          NaN,,,,          NaN,         NaN
,,,          NaN,,,,          NaN,         NaN
,,,          NaN,,,,          NaN,         NaN
,,,          NaN,,,,          NaN,         NaN
,,,          NaN,,,,          NaN,         NaN
,,,          NaN,,,,          NaN,         NaN
,,,          NaN,,,,          NaN,         NaN
,,,          NaN,,,,          NaN,         NaN
,,,          NaN,,,,          NaN,         NaN
,,,          NaN,,,,          NaN,         NaN
,,,          NaN,,,,          NaN,         NaN
,,,          NaN,,,,          NaN,         NaN
,,,          NaN,,,,          NaN,         NaN
,,,          NaN,,,,          NaN,         NaN
,,,          NaN,,,,          NaN,         NaN
,,,          NaN,,,,          NaN,         NaN
,,,          NaN,,,,          NaN,         NaN
,,,          NaN,,,,          NaN,         NaN
,,,          NaN,,,,          NaN,         NaN
,,,          NaN,,,,          NaN,         NaN
,,,          NaN,,,,          NaN,         NaN
,,,          NaN,,,,          NaN,         NaN
,,,          NaN,,,,          NaN,         NaN
,,,          NaN,,,,          NaN,         NaN
,,,          NaN,,,,          NaN,         NaN
,,,          NaN,,,,          NaN,         NaN
,,,          NaN,,,,          NaN,         NaN
,,,          NaN,,,,          NaN,         NaN
,,,          NaN,,,,          NaN,         NaN
,,,          NaN,,,,          NaN,         NaN
,,,          NaN,,,,          NaN,         NaN
,,,          NaN,,,,          NaN,         NaN
,,,          NaN,,,,          NaN,         NaN
,,,          NaN,,,,          NaN,         NaN
,,,          NaN,,,,          NaN,         NaN
,,,          NaN,,,,          NaN,         NaN
,,,          NaN,,,,          NaN,         NaN
,,,          NaN,,,,          NaN,         NaN
,,,          NaN,,,,          NaN,         NaN
,,,          NaN,,,,          NaN,         NaN
,,,          NaN,,,,          NaN,         NaN
,,,          NaN,,,,          NaN,         NaN
,,,          NaN,,,,          NaN,         NaN
,,,          NaN,,,,          NaN,         NaN
,,,          NaN,,,,          NaN,         NaN
,,,          NaN,,,,          NaN,         NaN
,,,          NaN,,,,          NaN,         NaN
,,,          NaN,,,,          NaN,         NaN
,,,          NaN,,,,          NaN,         NaN
,,,          NaN,,,,          NaN,         NaN
,,,          NaN,,,,          NaN,         NaN
,,,          NaN,,,,          NaN,         NaN
,,,          NaN,,,,          NaN,         NaN
,,,          NaN,,,,          NaN,         NaN
,,,          NaN,,,,          NaN,         NaN
,,,          NaN,,,,          NaN,         NaN
,,,          NaN,,,,          NaN,         NaN
,,,          NaN,,,,          NaN,         NaN
,,,          NaN,,,,          NaN,         NaN
,,,          NaN,,,,          NaN,         NaN
,,,          NaN,,,,          NaN,         NaN
,,,          NaN,,,,          NaN,         NaN
,,,          NaN,,,,          NaN,         NaN
,,,          NaN,,,,          NaN,         NaN
,,,          NaN,,,,          NaN,         NaN
,,,          NaN,,,,          NaN,         NaN
,,,          NaN,,,,          NaN,         NaN
,,,          NaN,,,,          NaN,         NaN
,,,          NaN,,,,          NaN,         NaN
,,,          NaN,,,,          NaN,         NaN
,,,          NaN,,,,          NaN,         NaN
,,,          NaN,,,,          NaN,         NaN
,,,          NaN,,,,          NaN,         NaN
,,,          NaN,,,,          NaN,         NaN
,,,          NaN,,,,          NaN,         NaN
,,,          NaN,,,,          NaN,         NaN
,,,          NaN,,,,          NaN,         NaN
,,,          NaN,,,,          NaN,         NaN
,,,          NaN,,,,          NaN,         NaN
,,,          NaN,,,,          NaN,         NaN
,,,          NaN,,,,          NaN,         NaN
,,,          NaN,,,,          NaN,         NaN
,,,          NaN,,,,          NaN,         NaN
,,,          NaN,,,,          NaN,         NaN
,,,          NaN,,,,          NaN,         NaN
,,,          NaN,,,,          NaN,         NaN
,,,          NaN,,,,          NaN,         NaN
,,,          NaN,,,,          NaN,         NaN
,,,          NaN,,,,          NaN,         NaN
,,,          NaN,,,,          NaN,         NaN
,,,          NaN,,,,          NaN,         NaN
,,,          NaN,,,,          NaN,         NaN
,,,          NaN,,,,          NaN,         NaN
,,,          NaN,,,,          NaN,         NaN
,,,          NaN,,,,          NaN,         NaN
,,,          NaN,,,,          NaN,         NaN
,,,          NaN,,,,          NaN,         NaN
,,,          NaN,,,,          NaN,         NaN
,,,          NaN,,,,          NaN,         NaN
,,,          NaN,,,,          NaN,         NaN
,,,          NaN,,,,          NaN,         NaN
,,,          NaN,,,,          NaN,         NaN
,,,          NaN,,,,          NaN,         NaN
,,,          NaN,,,,          NaN,         NaN
,,,          NaN,,,,          NaN,         NaN
,,,          NaN,,,,          NaN,         NaN
,,,          NaN,,,,          NaN,         NaN
,,,          NaN,,,,          NaN,         NaN
,,,          NaN,,,,          NaN,         NaN
,,,          NaN,,,,          NaN,         NaN
,,,          NaN,,,,          NaN,         NaN
,,,          NaN,,,,          NaN,         NaN
,,,          NaN,,,,          NaN,         NaN
,,,          NaN,,,,          NaN,         NaN
,,,          NaN,,,,          NaN,         NaN
,,,          NaN,,,,          NaN,         NaN
,,,          NaN,,,,          NaN,         NaN
,,,          NaN,,,,          NaN,         NaN
,,,          NaN,,,,          NaN,         NaN
,,,          NaN,,,,          NaN,         NaN
,,,          NaN,,,,          NaN,         NaN
,,,          NaN,,,,          NaN,         NaN
,,,          NaN,,,,          NaN,         NaN
,,,          NaN,,,,          NaN,         NaN
,,,          NaN,,,,          NaN,         NaN
,,,          NaN,,,,          NaN,         NaN
,,,          NaN,,,,          NaN,         NaN
,,,          NaN,,,,          NaN,         NaN
,,,          NaN,,,,          NaN,         NaN
,,,          NaN,,,,          NaN,         NaN
,,,          NaN,,,,          NaN,         NaN
,,,          NaN,,,,          NaN,         NaN
,,,          NaN,,,,          NaN,         NaN
,,,          NaN,,,,          NaN,         NaN
,,,          NaN,,,,          NaN,         NaN
,,,          NaN,,,,          NaN,         NaN
,,,          NaN,,,,          NaN,         NaN
,,,          NaN,,,,          NaN,         NaN
,,,          NaN,,,,          NaN,         NaN
,,,          NaN,,,,          NaN,         NaN
,,,          NaN,,,,          NaN,         NaN
,,,          NaN,,,,          NaN,         NaN
,,,          NaN,,,,          NaN,         NaN
,,,          NaN,,,,          NaN,         NaN
,,,          NaN,,,,          NaN,         NaN
,,,          NaN,,,,          NaN,         NaN
,,,          NaN,,,,          NaN,         NaN
,,,          NaN,,,,          NaN,         NaN
,,,          NaN,,,,          NaN,         NaN
,,,          NaN,,,,          NaN,         NaN
,,,          NaN,,,,          NaN,         NaN
,,,          NaN,,,,          NaN,         NaN
,,,          NaN,,,,          NaN,         NaN
,,,          NaN,,,,          NaN,         NaN
,,,          NaN,,,,          NaN,         NaN
,,,          NaN,,,,          NaN,         NaN
,,,          NaN,,,,          NaN,         NaN
,,,          NaN,,,,          NaN,         NaN
,,,          NaN,,,,          NaN,         NaN
,,,          NaN,,,,          NaN,         NaN
,,,          NaN,,,,          NaN,         NaN
,,,          NaN,,,,          NaN,         NaN
,,,          NaN,,,,          NaN,         NaN
,,,          NaN,,,,          NaN,         NaN
,,,          NaN,,,,          NaN,         NaN
,,,          NaN,,,,          NaN,         NaN
,,,          NaN,,,,          NaN,         NaN
,,,          NaN,,,,          NaN,         NaN
,,,          NaN,,,,          NaN,         NaN
,,,          NaN,,,,          NaN,         NaN
,,,          NaN,,,,          NaN,         NaN
,,,          NaN,,,,          NaN,         NaN
,,,          NaN,,,,          NaN,         NaN
,,,          NaN,,,,          NaN,         NaN
,,,          NaN,,,,          NaN,         NaN
,,,          NaN,,,,          NaN,         NaN
,,,          NaN,,,,          NaN,         NaN
,,,          NaN,,,,          NaN,         NaN
,,,          NaN,,,,          NaN,         NaN
,,,          NaN,,,,          NaN,         NaN
,,,          NaN,,,,          NaN,         NaN
,,,          NaN,,,,          NaN,         NaN
,,,          NaN,,,,          NaN,         NaN
,,,          NaN,,,,          NaN,         NaN
,,,          NaN,,,,          NaN,         NaN
,,,          NaN,,,,          NaN,         NaN
,,,          NaN,,,,          NaN,         NaN
,,,          NaN,,,,          NaN,         NaN
,,,          NaN,,,,          NaN,         NaN
,,,          NaN,,,,          NaN,         NaN
,,,          NaN,,,,          NaN,         NaN
,,,          NaN,,,,          NaN,         NaN
,,,          NaN,,,,          NaN,         NaN
,,,          NaN,,,,          NaN,         NaN
,,,          NaN,,,,          NaN,         NaN
,,,          NaN,,,,          NaN,         NaN
,,,          NaN,,,,          NaN,         NaN
,,,          NaN,,,,          NaN,         NaN
,,,          NaN,,,,          NaN,         NaN
,,,          NaN,,,,          NaN,         NaN
,,,          NaN,,,,          NaN,         NaN
,,,          NaN,,,,          NaN,         NaN
,,,          NaN,,,,          NaN,         NaN
,,,          NaN,,,,          NaN,         NaN
,,,          NaN,,,,          NaN,         NaN
,,,          NaN,,,,          NaN,         NaN
,,,          NaN,,,,          NaN,         NaN
,,,          NaN,,,,          NaN,         NaN
,,,          NaN,,,,          NaN,         NaN
,,,          NaN,,,,          NaN,         NaN
,,,          NaN,,,,          NaN,         NaN
,,,          NaN,,,,          NaN,         NaN
,,,          NaN,,,,          NaN,         NaN
,,,          NaN,,,,          NaN,         NaN
,,,          NaN,,,,          NaN,         NaN
,,,          NaN,,,,          NaN,         NaN
,,,          NaN,,,,          NaN,         NaN
,,,          NaN,,,,          NaN,         NaN
,,,          NaN,,,,          NaN,         NaN
,,,          NaN,,,,          NaN,         NaN
,,,          NaN,,,,          NaN,         NaN
,,,          NaN,,,,          NaN,         NaN
,,,          NaN,,,,          NaN,         NaN
,,,          NaN,,,,          NaN,         NaN
,,,          NaN,,,,          NaN,         NaN
,,,          NaN,,,,          NaN,         NaN
,,,          NaN,,,,          NaN,         NaN
,,,          NaN,,,,          NaN,         NaN
,,,          NaN,,,,          NaN,         NaN
,,,          NaN,,,,          NaN,         NaN
,,,          NaN,,,,          NaN,         NaN
,,,          NaN,,,,          NaN,         NaN
,,,          NaN,,,,          NaN,         NaN
,,,          NaN,,,,          NaN,         NaN
,,,          NaN,,,,          NaN,         NaN
,,,          NaN,,,,          NaN,         NaN
,,,          NaN,,,,          NaN,         NaN
,,,          NaN,,,,          NaN,         NaN
,,,          NaN,,,,          NaN,         NaN
,,,          NaN,,,,          NaN,         NaN
,,,          NaN,,,,          NaN,         NaN
,,,          NaN,,,,          NaN,         NaN
,,,          NaN,,,,          NaN,         NaN
,,,          NaN,,,,          NaN,         NaN
,,,          NaN,,,,          NaN,         NaN
,,,          NaN,,,,          NaN,         NaN
,,,          NaN,,,,          NaN,         NaN
,,,          NaN,,,,          NaN,         NaN
,,,          NaN,,,,          NaN,         NaN
,,,          NaN,,,,          NaN,         NaN
,,,          NaN,,,,          NaN,         NaN
,,,          NaN,,,,          NaN,         NaN
,,,          NaN,,,,          NaN,         NaN
,,,          NaN,,,,          NaN,         NaN
,,,          NaN,,,,          NaN,         NaN
,,,          NaN,,,,          NaN,         NaN
,,,          NaN,,,,          NaN,         NaN
,,,          NaN,,,,          NaN,         NaN
,,,          NaN,,,,          NaN,         NaN
,,,          NaN,,,,          NaN,         NaN
,,,          NaN,,,,          NaN,         NaN
,,,          NaN,,,,          NaN,         NaN
,,,          NaN,,,,          NaN,         NaN
,,,          NaN,,,,          NaN,         NaN
,,,          NaN,,,,          NaN,         NaN
,,,          NaN,,,,          NaN,         NaN
,,,          NaN,,,,          NaN,         NaN
,,,          NaN,,,,          NaN,         NaN
,,,          NaN,,,,          NaN,         NaN
,,,          NaN,,,,          NaN,         NaN
,,,          NaN,,,,          NaN,         NaN
,,,          NaN,,,,          NaN,         NaN
,,,          NaN,,,,          NaN,         NaN
,,,          NaN,,,,          NaN,         NaN
,,,          NaN,,,,          NaN,         NaN
,,,          NaN,,,,          NaN,         NaN
,,,          NaN,,,,          NaN,         NaN
,,,          NaN,,,,          NaN,         NaN
,,,          NaN,,,,          NaN,         NaN
,,,          NaN,,,,          NaN,         NaN
,,,          NaN,,,,          NaN,         NaN
,,,          NaN,,,,          NaN,         NaN
,,,          NaN,,,,          NaN,         NaN
,,,          NaN,,,,          NaN,         NaN
,,,          NaN,,,,          NaN,         NaN
,,,          NaN,,,,          NaN,         NaN
,,,          NaN,,,,          NaN,         NaN
,,,          NaN,,,,          NaN,         NaN
,,,          NaN,,,,          NaN,         NaN
,,,          NaN,,,,          NaN,         NaN
,,,          NaN,,,,          NaN,         NaN
,,,          NaN,,,,          NaN,         NaN
,,,          NaN,,,,          NaN,         NaN
,,,          NaN,,,,          NaN,         NaN
,,,          NaN,,,,          NaN,         NaN
,,,          NaN,,,,          NaN,         NaN
,,,          NaN,,,,          NaN,         NaN
,,,          NaN,,,,          NaN,         NaN
,,,          NaN,,,,          NaN,         NaN
,,,          NaN,,,,          NaN,         NaN
,,,          NaN,,,,          NaN,         NaN
,,,          NaN,,,,          NaN,         NaN
,,,          NaN,,,,          NaN,         NaN
,,,          NaN,,,,          NaN,         NaN
,,,          NaN,,,,          NaN,         NaN
,,,          NaN,,,,          NaN,         NaN
,,,          NaN,,,,          NaN,         NaN
,,,          NaN,,,,          NaN,         NaN
,,,          NaN,,,,          NaN,         NaN
,,,          NaN,,,,          NaN,         NaN
,,,          NaN,,,,          NaN,         NaN
,,,          NaN,,,,          NaN,         NaN
,,,          NaN,,,,          NaN,         NaN
,,,          NaN,,,,          NaN,         NaN
,,,          NaN,,,,          NaN,         NaN
,,,          NaN,,,,          NaN,         NaN
,,,          NaN,,,,          NaN,         NaN
,,,          NaN,,,,          NaN,         NaN
,,,          NaN,,,,          NaN,         NaN
,,,          NaN,,,,          NaN,         NaN
,,,          NaN,,,,          NaN,         NaN
,,,          NaN,,,,          NaN,         NaN
,,,          NaN,,,,          NaN,         NaN
,,,          NaN,,,,          NaN,         NaN
,,,          NaN,,,,          NaN,         NaN
,,,          NaN,,,,          NaN,         NaN
,,,          NaN,,,,          NaN,         NaN
,,,          NaN,,,,          NaN,         NaN
,,,          NaN,,,,          NaN,         NaN
,,,          NaN,,,,          NaN,         NaN
,,,          NaN,,,,          NaN,         NaN
,,,          NaN,,,,          NaN,         NaN
,,,          NaN,,,,          NaN,         NaN
,,,          NaN,,,,          NaN,         NaN
,,,          NaN,,,,          NaN,         NaN
,,,          NaN,,,,          NaN,         NaN
,,,          NaN,,,,          NaN,         NaN
,,,          NaN,,,,          NaN,         NaN
,,,          NaN,,,,          NaN,         NaN
,,,          NaN,,,,          NaN,         NaN
,,,          NaN,,,,          NaN,         NaN
,,,          NaN,,,,          NaN,         NaN
,,,          NaN,,,,          NaN,         NaN
,,,          NaN,,,,          NaN,         NaN
,,,          NaN,,,,          NaN,         NaN
,,,          NaN,,,,          NaN,         NaN
,,,          NaN,,,,          NaN,         NaN
,,,          NaN,,,,          NaN,         NaN
,,,          NaN,,,,          NaN,         NaN
,,,          NaN,,,,          NaN,         NaN
,,,          NaN,,,,          NaN,         NaN
,,,          NaN,,,,          NaN,         NaN
,,,          NaN,,,,          NaN,         NaN
,,,          NaN,,,,          NaN,         NaN
,,,          NaN,,,,          NaN,         NaN
,,,          NaN,,,,          NaN,         NaN
,,,          NaN,,,,          NaN,         NaN
,,,          NaN,,,,          NaN,         NaN
,,,          NaN,,,,          NaN,         NaN
,,,          NaN,,,,          NaN,         NaN
,,,          NaN,,,,          NaN,         NaN
,,,          NaN,,,,          NaN,         NaN
,,,          NaN,,,,          NaN,         NaN
,,,          NaN,,,,          NaN,         NaN
,,,          NaN,,,,          NaN,         NaN
,,,          NaN,,,,          NaN,         NaN
,,,          NaN,,,,          NaN,         NaN
,,,          NaN,,,,          NaN,         NaN
,,,          NaN,,,,          NaN,         NaN
,,,          NaN,,,,          NaN,         NaN
,,,          NaN,,,,          NaN,         NaN
,,,          NaN,,,,          NaN,         NaN
,,,          NaN,,,,          NaN,         NaN
,,,          NaN,,,,          NaN,         NaN
,,,          NaN,,,,          NaN,         NaN
,,,          NaN,,,,          NaN,         NaN
,,,          NaN,,,,          NaN,         NaN
,,,          NaN,,,,          NaN,         NaN
,,,          NaN,,,,          NaN,         NaN
,,,          NaN,,,,          NaN,         NaN
,,,          NaN,,,,          NaN,         NaN
,,,          NaN,,,,          NaN,         NaN
,,,          NaN,,,,          NaN,         NaN
,,,          NaN,,,,          NaN,         NaN
,,,          NaN,,,,          NaN,         NaN
,,,          NaN,,,,          NaN,         NaN
,,,          NaN,,,,          NaN,         NaN
,,,          NaN,,,,          NaN,         NaN
,,,          NaN,,,,          NaN,         NaN
,,,          NaN,,,,          NaN,         NaN
,,,          NaN,,,,          NaN,         NaN
,,,          NaN,,,,          NaN,         NaN
,,,          NaN,,,,          NaN,         NaN
,,,          NaN,,,,          NaN,         NaN
,,,          NaN,,,,          NaN,         NaN
,,,          NaN,,,,          NaN,         NaN
,,,          NaN,,,,          NaN,         NaN
,,,          NaN,,,,          NaN,         NaN
,,,          NaN,,,,          NaN,         NaN
,,,          NaN,,,,          NaN,         NaN
,,,          NaN,,,,          NaN,         NaN
,,,          NaN,,,,          NaN,         NaN
,,,          NaN,,,,          NaN,         NaN
,,,          NaN,,,,          NaN,         NaN
,,,          NaN,,,,          NaN,         NaN
,,,          NaN,,,,          NaN,         NaN
,,,          NaN,,,,          NaN,         NaN
,,,          NaN,,,,          NaN,         NaN
,,,          NaN,,,,          NaN,         NaN
,,,          NaN,,,,          NaN,         NaN
,,,          NaN,,,,          NaN,         NaN
,,,          NaN,,,,          NaN,         NaN
,,,          NaN,,,,          NaN,         NaN
,,,          NaN,,,,          NaN,         NaN
,,,          NaN,,,,          NaN,         NaN
,,,          NaN,,,,          NaN,         NaN
,,,          NaN,,,,          NaN,         NaN
,,,          NaN,,,,          NaN,         NaN
,,,          NaN,,,,          NaN,         NaN
,,,          NaN,,,,          NaN,         NaN
,,,          NaN,,,,          NaN,         NaN
,,,          NaN,,,,          NaN,         NaN
,,,          NaN,,,,          NaN,         NaN
,,,          NaN,,,,          NaN,         NaN
,,,          NaN,,,,          NaN,         NaN
,,,          NaN,,,,          NaN,         NaN
,,,          NaN,,,,          NaN,         NaN
,,,          NaN,,,,          NaN,         NaN
,,,          NaN,,,,          NaN,         NaN
,,,          NaN,,,,          NaN,         NaN
,,,          NaN,,,,          NaN,         NaN
,,,          NaN,,,,          NaN,         NaN
,,,          NaN,,,,          NaN,         NaN
,,,          NaN,,,,          NaN,         NaN
,,,          NaN,,,,          NaN,         NaN
,,,          NaN,,,,          NaN,         NaN
,,,          NaN,,,,          NaN,         NaN
,,,          NaN,,,,          NaN,         NaN
,,,          NaN,,,,          NaN,         NaN
,,,          NaN,,,,          NaN,         NaN
,,,          NaN,,,,          NaN,         NaN
,,,          NaN,,,,          NaN,         NaN
,,,          NaN,,,,          NaN,         NaN
,,,          NaN,,,,          NaN,         NaN
,,,          NaN,,,,          NaN,         NaN
,,,          NaN,,,,          NaN,         NaN
,,,          NaN,,,,          NaN,         NaN
,,,          NaN,,,,          NaN,         NaN
,,,          NaN,,,,          NaN,         NaN
,,,          NaN,,,,          NaN,         NaN
,,,          NaN,,,,          NaN,         NaN
,,,          NaN,,,,          NaN,         NaN
,,,          NaN,,,,          NaN,         NaN
,,,          NaN,,,,          NaN,         NaN
,,,          NaN,,,,          NaN,         NaN
,,,          NaN,,,,          NaN,         NaN
,,,          NaN,,,,          NaN,         NaN
,,,          NaN,,,,          NaN,         NaN
,,,          NaN,,,,          NaN,         NaN
,,,          NaN,,,,          NaN,         NaN
,,,          NaN,,,,          NaN,         NaN
,,,          NaN,,,,          NaN,         NaN
,,,          NaN,,,,          NaN,         NaN
,,,          NaN,,,,          NaN,         NaN
,,,          NaN,,,,          NaN,         NaN
,,,          NaN,,,,          NaN,         NaN
,,,          NaN,,,,          NaN,         NaN
,,,          NaN,,,,          NaN,         NaN
,,,          NaN,,,,          NaN,         NaN
,,,          NaN,,,,          NaN,         NaN
,,,          NaN,,,,          NaN,         NaN
,,,          NaN,,,,          NaN,         NaN
,,,          NaN,,,,          NaN,         NaN
,,,          NaN,,,,          NaN,         NaN
,,,          NaN,,,,          NaN,         NaN
,,,          NaN,,,,          NaN,         NaN
,,,          NaN,,,,          NaN,         NaN
,,,          NaN,,,,          NaN,         NaN
,,,          NaN,,,,          NaN,         NaN
,,,          NaN,,,,          NaN,         NaN
,,,          NaN,,,,          NaN,         NaN
,,,          NaN,,,,          NaN,         NaN
,,,          NaN,,,,          NaN,         NaN
,,,          NaN,,,,          NaN,         NaN
,,,          NaN,,,,          NaN,         NaN
,,,          NaN,,,,          NaN,         NaN
,,,          NaN,,,,          NaN,         NaN
,,,          NaN,,,,          NaN,         NaN
,,,          NaN,,,,          NaN,         NaN
,,,          NaN,,,,          NaN,         NaN
,,,          NaN,,,,          NaN,         NaN
,,,          NaN,,,,          NaN,         NaN
,,,          NaN,,,,          NaN,         NaN
,,,          NaN,,,,          NaN,         NaN
,,,          NaN,,,,          NaN,         NaN
,,,          NaN,,,,          NaN,         NaN
,,,          NaN,,,,          NaN,         NaN
,,,          NaN,,,,          NaN,         NaN
,,,          NaN,,,,          NaN,         NaN
,,,          NaN,,,,          NaN,         NaN
,,,          NaN,,,,          NaN,         NaN
,,,          NaN,,,,          NaN,         NaN
,,,          NaN,,,,          NaN,         NaN
,,,          NaN,,,,          NaN,         NaN
,,,          NaN,,,,          NaN,         NaN
,,,          NaN,,,,          NaN,         NaN
,,,          NaN,,,,          NaN,         NaN
,,,          NaN,,,,          NaN,         NaN
,,,          NaN,,,,          NaN,         NaN
,,,          NaN,,,,          NaN,         NaN
,,,          NaN,,,,          NaN,         NaN
,,,          NaN,,,,          NaN,         NaN
,,,          NaN,,,,          NaN,         NaN
,,,          NaN,,,,          NaN,         NaN
,,,          NaN,,,,          NaN,         NaN
,,,          NaN,,,,          NaN,         NaN
,,,          NaN,,,,          NaN,         NaN
,,,          NaN,,,,          NaN,         NaN
,,,          NaN,,,,          NaN,         NaN
,,,          NaN,,,,          NaN,         NaN
,,,          NaN,,,,          NaN,         NaN
,,,          NaN,,,,          NaN,         NaN
,,,          NaN,,,,          NaN,         NaN
,,,          NaN,,,,          NaN,         NaN
,,,          NaN,,,,          NaN,         NaN
,,,          NaN,,,,          NaN,         NaN
,,,          NaN,,,,          NaN,         NaN
,,,          NaN,,,,          NaN,         NaN
,,,          NaN,,,,          NaN,         NaN
,,,          NaN,,,,          NaN,         NaN
,,,          NaN,,,,          NaN,         NaN
,,,          NaN,,,,          NaN,         NaN
,,,          NaN,,,,          NaN,         NaN
,,,          NaN,,,,          NaN,         NaN
,,,          NaN,,,,          NaN,         NaN
,,,          NaN,,,,          NaN,         NaN
,,,          NaN,,,,          NaN,         NaN
,,,          NaN,,,,          NaN,         NaN
,,,          NaN,,,,          NaN,         NaN
,,,          NaN,,,,          NaN,         NaN
,,,          NaN,,,,          NaN,         NaN
,,,          NaN,,,,          NaN,         NaN
,,,          NaN,,,,          NaN,         NaN
,,,          NaN,,,,          NaN,         NaN
,,,          NaN,,,,          NaN,         NaN
,,,          NaN,,,,          NaN,         NaN
,,,          NaN,,,,          NaN,         NaN
,,,          NaN,,,,          NaN,         NaN
,,,          NaN,,,,          NaN,         NaN
,,,          NaN,,,,          NaN,         NaN
,,,          NaN,,,,          NaN,         NaN
,,,          NaN,,,,          NaN,         NaN
,,,          NaN,,,,          NaN,         NaN
,,,          NaN,,,,          NaN,         NaN
,,,          NaN,,,,          NaN,         NaN
,,,          NaN,,,,          NaN,         NaN
,,,          NaN,,,,          NaN,         NaN
,,,          NaN,,,,          NaN,         NaN
,,,          NaN,,,,          NaN,         NaN
,,,          NaN,,,,          NaN,         NaN
,,,          NaN,,,,          NaN,         NaN
,,,          NaN,,,,          NaN,         NaN
,,,          NaN,,,,          NaN,         NaN
,,,          NaN,,,,          NaN,         NaN
,,,          NaN,,,,          NaN,         NaN
,,,          NaN,,,,          NaN,         NaN
,,,          NaN,,,,          NaN,         NaN
,,,          NaN,,,,          NaN,         NaN
,,,          NaN,,,,          NaN,         NaN
,,,          NaN,,,,          NaN,         NaN
,,,          NaN,,,,          NaN,         NaN
,,,          NaN,,,,          NaN,         NaN
,,,          NaN,,,,          NaN,         NaN
,,,          NaN,,,,          NaN,         NaN
,,,          NaN,,,,          NaN,         NaN
,,,          NaN,,,,          NaN,         NaN
,,,          NaN,,,,          NaN,         NaN
,,,          NaN,,,,          NaN,         NaN
,,,          NaN,,,,          NaN,         NaN
,,,          NaN,,,,          NaN,         NaN
,,,          NaN,,,,          NaN,         NaN
,,,          NaN,,,,          NaN,         NaN
,,,          NaN,,,,          NaN,         NaN
,,,          NaN,,,,          NaN,         NaN
,,,          NaN,,,,          NaN,         NaN
,,,          NaN,,,,          NaN,         NaN
,,,          NaN,,,,          NaN,         NaN
,,,          NaN,,,,          NaN,         NaN
,,,          NaN,,,,          NaN,         NaN
,,,          NaN,,,,          NaN,         NaN
,,,          NaN,,,,          NaN,         NaN
,,,          NaN,,,,          NaN,         NaN
,,,          NaN,,,,          NaN,         NaN
,,,          NaN,,,,          NaN,         NaN
,,,          NaN,,,,          NaN,         NaN
,,,          NaN,,,,          NaN,         NaN
,,,          NaN,,,,          NaN,         NaN
,,,          NaN,,,,          NaN,         NaN
,,,          NaN,,,,          NaN,         NaN
,,,          NaN,,,,          NaN,         NaN
,,,          NaN,,,,          NaN,         NaN
,,,          NaN,,,,          NaN,         NaN
,,,          NaN,,,,          NaN,         NaN
,,,          NaN,,,,          NaN,         NaN
,,,          NaN,,,,          NaN,         NaN
,,,          NaN,,,,          NaN,         NaN
,,,          NaN,,,,          NaN,         NaN
,,,          NaN,,,,          NaN,         NaN
,,,          NaN,,,,          NaN,         NaN
,,,          NaN,,,,          NaN,         NaN
,,,          NaN,,,,          NaN,         NaN
,,,          NaN,,,,          NaN,         NaN
,,,          NaN,,,,          NaN,         NaN
,,,          NaN,,,,          NaN,         NaN
,,,          NaN,,,,          NaN,         NaN
,,,          NaN,,,,          NaN,         NaN
,,,          NaN,,,,          NaN,         NaN
,,,          NaN,,,,          NaN,         NaN
,,,          NaN,,,,          NaN,         NaN
,,,          NaN,,,,          NaN,         NaN
,,,          NaN,,,,          NaN,         NaN
,,,          NaN,,,,          NaN,         NaN
,,,          NaN,,,,          NaN,         NaN
,,,          NaN,,,,          NaN,         NaN
,,,          NaN,,,,          NaN,         NaN
,,,          NaN,,,,          NaN,         NaN
,,,          NaN,,,,          NaN,         NaN
,,,          NaN,,,,          NaN,         NaN
,,,          NaN,,,,          NaN,         NaN
,,,          NaN,,,,          NaN,         NaN
,,,          NaN,,,,          NaN,         NaN
,,,          NaN,,,,          NaN,         NaN
,,,          NaN,,,,          NaN,         NaN
,,,          NaN,,,,          NaN,         NaN
,,,          NaN,,,,          NaN,         NaN
,,,          NaN,,,,          NaN,         NaN
,,,          NaN,,,,          NaN,         NaN
,,,          NaN,,,,          NaN,         NaN
,,,          NaN,,,,          NaN,         NaN
,,,          NaN,,,,          NaN,         NaN
,,,          NaN,,,,          NaN,         NaN
,,,          NaN,,,,          NaN,         NaN
,,,          NaN,,,,          NaN,         NaN
,,,          NaN,,,,          NaN,         NaN
,,,          NaN,,,,          NaN,         NaN
,,,          NaN,,,,          NaN,         NaN
,,,          NaN,,,,          NaN,         NaN
,,,          NaN,,,,          NaN,         NaN
,,,          NaN,,,,          NaN,         NaN
,,,          NaN,,,,          NaN,         NaN
,,,          NaN,,,,          NaN,         NaN
,,,          NaN,,,,          NaN,         NaN
,,,          NaN,,,,          NaN,         NaN
,,,          NaN,,,,          NaN,         NaN
,,,          NaN,,,,          NaN,         NaN
,,,          NaN,,,,          NaN,         NaN
,,,          NaN,,,,          NaN,         NaN
,,,          NaN,,,,          NaN,         NaN
,,,          NaN,,,,          NaN,         NaN
,,,          NaN,,,,          NaN,         NaN
,,,          NaN,,,,          NaN,         NaN
,,,          NaN,,,,          NaN,         NaN
,,,          NaN,,,,          NaN,         NaN
,,,          NaN,,,,          NaN,         NaN
,,,          NaN,,,,          NaN,         NaN
,,,          NaN,,,,          NaN,         NaN
,,,          NaN,,,,          NaN,         NaN
,,,          NaN,,,,          NaN,         NaN
,,,          NaN,,,,          NaN,         NaN
,,,          NaN,,,,          NaN,         NaN
,,,          NaN,,,,          NaN,         NaN
,,,          NaN,,,,          NaN,         NaN
,,,          NaN,,,,          NaN,         NaN
,,,          NaN,,,,          NaN,         NaN
,,,          NaN,,,,          NaN,         NaN
,,,          NaN,,,,          NaN,         NaN
,,,          NaN,,,,          NaN,         NaN
,,,          NaN,,,,          NaN,         NaN
,,,          NaN,,,,          NaN,         NaN
,,,          NaN,,,,          NaN,         NaN
,,,          NaN,,,,          NaN,         NaN
,,,          NaN,,,,          NaN,         NaN
,,,          NaN,,,,          NaN,         NaN
,,,          NaN,,,,          NaN,         NaN
,,,          NaN,,,,          NaN,         NaN
,,,          NaN,,,,          NaN,         NaN
,,,          NaN,,,,          NaN,         NaN
,,,          NaN,,,,          NaN,         NaN
,,,          NaN,,,,          NaN,         NaN
,,,          NaN,,,,          NaN,         NaN
,,,          NaN,,,,          NaN,         NaN
,,,          NaN,,,,          NaN,         NaN
,,,          NaN,,,,          NaN,         NaN
,,,          NaN,,,,          NaN,         NaN
,,,          NaN,,,,          NaN,         NaN
,,,          NaN,,,,          NaN,         NaN
,,,          NaN,,,,          NaN,         NaN
,,,          NaN,,,,          NaN,         NaN
,,,          NaN,,,,          NaN,         NaN
,,,          NaN,,,,          NaN,         NaN
,,,          NaN,,,,          NaN,         NaN
,,,          NaN,,,,          NaN,         NaN
,,,          NaN,,,,          NaN,         NaN
,,,          NaN,,,,          NaN,         NaN
,,,          NaN,,,,          NaN,         NaN
,,,          NaN,,,,          NaN,         NaN
,,,          NaN,,,,          NaN,         NaN
,,,          NaN,,,,          NaN,         NaN
,,,          NaN,,,,          NaN,         NaN
,,,          NaN,,,,          NaN,         NaN
,,,          NaN,,,,          NaN,         NaN
,,,          NaN,,,,          NaN,         NaN
,,,          NaN,,,,          NaN,         NaN
,,,          NaN,,,,          NaN,         NaN
,,,          NaN,,,,          NaN,         NaN
,,,          NaN,,,,          NaN,         NaN
,,,          NaN,,,,          NaN,         NaN
,,,          NaN,,,,          NaN,         NaN
,,,          NaN,,,,          NaN,         NaN
,,,          NaN,,,,          NaN,         NaN
,,,          NaN,,,,          NaN,         NaN
,,,          NaN,,,,          NaN,         NaN
,,,          NaN,,,,          NaN,         NaN
,,,          NaN,,,,          NaN,         NaN
,,,          NaN,,,,          NaN,         NaN
,,,          NaN,,,,          NaN,         NaN
,,,          NaN,,,,          NaN,         NaN
,,,          NaN,,,,          NaN,         NaN
,,,          NaN,,,,          NaN,         NaN
,,,          NaN,,,,          NaN,         NaN
,,,          NaN,,,,          NaN,         NaN
,,,          NaN,,,,          NaN,         NaN
,,,          NaN,,,,          NaN,         NaN
,,,          NaN,,,,          NaN,         NaN
,,,          NaN,,,,          NaN,         NaN
,,,          NaN,,,,          NaN,         NaN
,,,          NaN,,,,          NaN,         NaN
,,,          NaN,,,,          NaN,         NaN
,,,          NaN,,,,          NaN,         NaN
,,,          NaN,,,,          NaN,         NaN
,,,          NaN,,,,          NaN,         NaN
,,,          NaN,,,,          NaN,         NaN
,,,          NaN,,,,          NaN,         NaN
,,,          NaN,,,,          NaN,         NaN
,,,          NaN,,,,          NaN,         NaN
,,,          NaN,,,,          NaN,         NaN
,,,          NaN,,,,          NaN,         NaN
,,,          NaN,,,,          NaN,         NaN
,,,          NaN,,,,          NaN,         NaN
,,,          NaN,,,,          NaN,         NaN
,,,          NaN,,,,          NaN,         NaN
,,,          NaN,,,,          NaN,         NaN
,,,          NaN,,,,          NaN,         NaN
,,,          NaN,,,,          NaN,         NaN
,,,          NaN,,,,          NaN,         NaN
,,,          NaN,,,,          NaN,         NaN
,,,          NaN,,,,          NaN,         NaN
,,,          NaN,,,,          NaN,         NaN
,,,          NaN,,,,          NaN,         NaN
,,,          NaN,,,,          NaN,         NaN
,,,          NaN,,,,          NaN,         NaN
,,,          NaN,,,,          NaN,         NaN
,,,          NaN,,,,          NaN,         NaN
,,,          NaN,,,,          NaN,         NaN
,,,          NaN,,,,          NaN,         NaN
,,,          NaN,,,,          NaN,         NaN
,,,          NaN,,,,          NaN,         NaN
,,,          NaN,,,,          NaN,         NaN
,,,          NaN,,,,          NaN,         NaN
,,,          NaN,,,,          NaN,         NaN
,,,          NaN,,,,          NaN,         NaN
,,,          NaN,,,,          NaN,         NaN
,,,          NaN,,,,          NaN,         NaN
,,,          NaN,,,,          NaN,         NaN
,,,          NaN,,,,          NaN,         NaN
,,,          NaN,,,,          NaN,         NaN
,,,          NaN,,,,          NaN,         NaN
,,,          NaN,,,,          NaN,         NaN
,,,          NaN,,,,          NaN,         NaN
,,,          NaN,,,,          NaN,         NaN
,,,          NaN,,,,          NaN,         NaN
,,,          NaN,,,,          NaN,         NaN
,,,          NaN,,,,          NaN,         NaN
,,,          NaN,,,,          NaN,         NaN
,,,          NaN,,,,          NaN,         NaN
,,,          NaN,,,,          NaN,         NaN
,,,          NaN,,,,          NaN,         NaN
,,,          NaN,,,,          NaN,         NaN
,,,          NaN,,,,          NaN,         NaN
,,,          NaN,,,,          NaN,         NaN
,,,          NaN,,,,          NaN,         NaN
,,,          NaN,,,,          NaN,         NaN
,,,          NaN,,,,          NaN,         NaN
,,,          NaN,,,,          NaN,         NaN
,,,          NaN,,,,          NaN,         NaN
,,,          NaN,,,,          NaN,         NaN
,,,          NaN,,,,          NaN,         NaN
,,,          NaN,,,,          NaN,         NaN
,,,          NaN,,,,          NaN,         NaN
,,,          NaN,,,,          NaN,         NaN
,,,          NaN,,,,          NaN,         NaN
,,,          NaN,,,,          NaN,         NaN
,,,          NaN,,,,          NaN,         NaN
,,,          NaN,,,,          NaN,         NaN
,,,          NaN,,,,          NaN,         NaN
,,,          NaN,,,,          NaN,         NaN
,,,          NaN,,,,          NaN,         NaN
,,,          NaN,,,,          NaN,         NaN
,,,          NaN,,,,          NaN,         NaN
,,,          NaN,,,,          NaN,         NaN
,,,          NaN,,,,          NaN,         NaN
,,,          NaN,,,,          NaN,         NaN
,,,          NaN,,,,          NaN,         NaN
,,,          NaN,,,,          NaN,         NaN
,,,          NaN,,,,          NaN,         NaN
,,,          NaN,,,,          NaN,         NaN
,,,          NaN,,,,          NaN,         NaN
,,,          NaN,,,,          NaN,         NaN
,,,          NaN,,,,          NaN,         NaN
,,,          NaN,,,,          NaN,         NaN
,,,          NaN,,,,          NaN,         NaN
,,,          NaN,,,,          NaN,         NaN
,,,          NaN,,,,          NaN,         NaN
,,,          NaN,,,,          NaN,         NaN
,,,          NaN,,,,          NaN,         NaN
,,,          NaN,,,,          NaN,         NaN
,,,          NaN,,,,          NaN,         NaN
,,,          NaN,,,,          NaN,         NaN
,,,          NaN,,,,          NaN,         NaN
,,,          NaN,,,,          NaN,         NaN
,,,          NaN,,,,          NaN,         NaN
,,,          NaN,,,,          NaN,         NaN
,,,          NaN,,,,          NaN,         NaN
,,,          NaN,,,,          NaN,         NaN
,,,          NaN,,,,          NaN,         NaN
,,,          NaN,,,,          NaN,         NaN
,,,          NaN,,,,          NaN,         NaN
,,,          NaN,,,,          NaN,         NaN
,,,          NaN,,,,          NaN,         NaN
,,,          NaN,,,,          NaN,         NaN
,,,          NaN,,,,          NaN,         NaN
,,,          NaN,,,,          NaN,         NaN
,,,          NaN,,,,          NaN,         NaN
,,,          NaN,,,,          NaN,         NaN
,,,          NaN,,,,          NaN,         NaN
,,,          NaN,,,,          NaN,         NaN
,,,          NaN,,,,          NaN,         NaN
,,,          NaN,,,,          NaN,         NaN
,,,          NaN,,,,          NaN,         NaN
,,,          NaN,,,,          NaN,         NaN
,,,          NaN,,,,          NaN,         NaN
,,,          NaN,,,,          NaN,         NaN
,,,          NaN,,,,          NaN,         NaN
,,,          NaN,,,,          NaN,         NaN
,,,          NaN,,,,          NaN,         NaN
,,,          NaN,,,,          NaN,         NaN
,,,          NaN,,,,          NaN,         NaN
,,,          NaN,,,,          NaN,         NaN
,,,          NaN,,,,          NaN,         NaN
,,,          NaN,,,,          NaN,         NaN
,,,          NaN,,,,          NaN,         NaN
,,,          NaN,,,,          NaN,         NaN
,,,          NaN,,,,          NaN,         NaN
,,,          NaN,,,,          NaN,         NaN
,,,          NaN,,,,          NaN,         NaN
,,,          NaN,,,,          NaN,         NaN
,,,          NaN,,,,          NaN,         NaN
,,,          NaN,,,,          NaN,         NaN
,,,          NaN,,,,          NaN,         NaN
,,,          NaN,,,,          NaN,         NaN
,,,          NaN,,,,          NaN,         NaN
,,,          NaN,,,,          NaN,         NaN
,,,          NaN,,,,          NaN,         NaN
,,,          NaN,,,,          NaN,         NaN
,,,          NaN,,,,          NaN,         NaN
,,,          NaN,,,,          NaN,         NaN
,,,          NaN,,,,          NaN,         NaN
,,,          NaN,,,,          NaN,         NaN
,,,          NaN,,,,          NaN,         NaN
,,,          NaN,,,,          NaN,         NaN
,,,          NaN,,,,          NaN,         NaN
,,,          NaN,,,,          NaN,         NaN
,,,          NaN,,,,          NaN,         NaN
,,,          NaN,,,,          NaN,         NaN
,,,          NaN,,,,          NaN,         NaN
,,,          NaN,,,,          NaN,         NaN
,,,          NaN,,,,          NaN,         NaN
,,,          NaN,,,,          NaN,         NaN
,,,          NaN,,,,          NaN,         NaN
,,,          NaN,,,,          NaN,         NaN
,,,          NaN,,,,          NaN,         NaN
,,,          NaN,,,,          NaN,         NaN
,,,          NaN,,,,          NaN,         NaN
,,,          NaN,,,,          NaN,         NaN
,,,          NaN,,,,          NaN,         NaN
,,,          NaN,,,,          NaN,         NaN
,,,          NaN,,,,          NaN,         NaN
,,,          NaN,,,,          NaN,         NaN
,,,          NaN,,,,          NaN,         NaN
,,,          NaN,,,,          NaN,         NaN
,,,          NaN,,,,          NaN,         NaN
,,,          NaN,,,,          NaN,         NaN
,,,          NaN,,,,          NaN,         NaN
,,,          NaN,,,,          NaN,         NaN
,,,          NaN,,,,          NaN,         NaN
,,,          NaN,,,,          NaN,         NaN
,,,          NaN,,,,          NaN,         NaN
,,,          NaN,,,,          NaN,         NaN
,,,          NaN,,,,          NaN,         NaN
,,,          NaN,,,,          NaN,         NaN
,,,          NaN,,,,          NaN,         NaN
,,,          NaN,,,,          NaN,         NaN
,,,          NaN,,,,          NaN,         NaN
,,,          NaN,,,,          NaN,         NaN
,,,          NaN,,,,          NaN,         NaN
,,,          NaN,,,,          NaN,         NaN
,,,          NaN,,,,          NaN,         NaN
,,,          NaN,,,,          NaN,         NaN
,,,          NaN,,,,          NaN,         NaN
,,,          NaN,,,,          NaN,         NaN
,,,          NaN,,,,          NaN,         NaN
,,,          NaN,,,,          NaN,         NaN
,,,          NaN,,,,          NaN,         NaN
,,,          NaN,,,,          NaN,         NaN
,,,          NaN,,,,          NaN,         NaN
,,,          NaN,,,,          NaN,         NaN
,,,          NaN,,,,          NaN,         NaN
,,,          NaN,,,,          NaN,         NaN
,,,          NaN,,,,          NaN,         NaN
,,,          NaN,,,,          NaN,         NaN
,,,          NaN,,,,          NaN,         NaN
,,,          NaN,,,,          NaN,         NaN
,,,          NaN,,,,          NaN,         NaN
,,,          NaN,,,,          NaN,         NaN
,,,          NaN,,,,          NaN,         NaN
,,,          NaN,,,,          NaN,         NaN
,,,          NaN,,,,          NaN,         NaN
,,,          NaN,,,,          NaN,         NaN
,,,          NaN,,,,          NaN,         NaN
,,,          NaN,,,,          NaN,         NaN
,,,          NaN,,,,          NaN,         NaN
,,,          NaN,,,,          NaN,         NaN
,,,          NaN,,,,          NaN,         NaN
,,,          NaN,,,,          NaN,         NaN
,,,          NaN,,,,          NaN,         NaN
,,,          NaN,,,,          NaN,         NaN
,,,          NaN,,,,          NaN,         NaN
,,,          NaN,,,,          NaN,         NaN
,,,          NaN,,,,          NaN,         NaN
,,,          NaN,,,,          NaN,         NaN
,,,          NaN,,,,          NaN,         NaN
,,,          NaN,,,,          NaN,         NaN
,,,          NaN,,,,          NaN,         NaN
,,,          NaN,,,,          NaN,         NaN
,,,          NaN,,,,          NaN,         NaN
,,,          NaN,,,,          NaN,         NaN
,,,          NaN,,,,          NaN,         NaN
,,,          NaN,,,,          NaN,         NaN
,,,          NaN,,,,          NaN,         NaN
,,,          NaN,,,,          NaN,         NaN
,,,          NaN,,,,          NaN,         NaN
,,,          NaN,,,,          NaN,         NaN
,,,          NaN,,,,          NaN,         NaN
,,,          NaN,,,,          NaN,         NaN
,,,          NaN,,,,          NaN,         NaN
,,,          NaN,,,,          NaN,         NaN
,,,          NaN,,,,          NaN,         NaN
,,,          NaN,,,,          NaN,         NaN
,,,          NaN,,,,          NaN,         NaN
,,,          NaN,,,,          NaN,         NaN
,,,          NaN,,,,          NaN,         NaN
,,,          NaN,,,,          NaN,         NaN
,,,          NaN,,,,          NaN,         NaN
,,,          NaN,,,,          NaN,         NaN
,,,          NaN,,,,          NaN,         NaN
,,,          NaN,,,,          NaN,         NaN
,,,          NaN,,,,          NaN,         NaN
,,,          NaN,,,,          NaN,         NaN
,,,          NaN,,,,          NaN,         NaN
,,,          NaN,,,,          NaN,         NaN
,,,          NaN,,,,          NaN,         NaN
,,,          NaN,,,,          NaN,         NaN
,,,          NaN,,,,          NaN,         NaN
,,,          NaN,,,,          NaN,         NaN
,,,          NaN,,,,          NaN,         NaN
,,,          NaN,,,,          NaN,         NaN
,,,          NaN,,,,          NaN,         NaN
,,,          NaN,,,,          NaN,         NaN
,,,          NaN,,,,          NaN,         NaN
,,,          NaN,,,,          NaN,         NaN
,,,          NaN,,,,          NaN,         NaN
,,,          NaN,,,,          NaN,         NaN
,,,          NaN,,,,          NaN,         NaN
,,,          NaN,,,,          NaN,         NaN
,,,          NaN,,,,          NaN,         NaN
,,,          NaN,,,,          NaN,         NaN
,,,          NaN,,,,          NaN,         NaN
,,,          NaN,,,,          NaN,         NaN
,,,          NaN,,,,          NaN,         NaN
,,,          NaN,,,,          NaN,         NaN
,,,          NaN,,,,          NaN,         NaN
,,,          NaN,,,,          NaN,         NaN
,,,          NaN,,,,          NaN,         NaN
,,,          NaN,,,,          NaN,         NaN
,,,          NaN,,,,          NaN,         NaN
,,,          NaN,,,,          NaN,         NaN
,,,          NaN,,,,          NaN,         NaN
,,,          NaN,,,,          NaN,         NaN
,,,          NaN,,,,          NaN,         NaN
,,,          NaN,,,,          NaN,         NaN
,,,          NaN,,,,          NaN,         NaN
,,,          NaN,,,,          NaN,         NaN
,,,          NaN,,,,          NaN,         NaN
,,,          NaN,,,,          NaN,         NaN
,,,          NaN,,,,          NaN,         NaN
,,,          NaN,,,,          NaN,         NaN
,,,          NaN,,,,          NaN,         NaN
,,,          NaN,,,,          NaN,         NaN
,,,          NaN,,,,          NaN,         NaN
,,,          NaN,,,,          NaN,         NaN
,,,          NaN,,,,          NaN,         NaN
,,,          NaN,,,,          NaN,         NaN
,,,          NaN,,,,          NaN,         NaN
,,,          NaN,,,,          NaN,         NaN
,,,          NaN,,,,          NaN,         NaN
,,,          NaN,,,,          NaN,         NaN
,,,          NaN,,,,          NaN,         NaN
,,,          NaN,,,,          NaN,         NaN
,,,          NaN,,,,          NaN,         NaN
,,,          NaN,,,,          NaN,         NaN
,,,          NaN,,,,          NaN,         NaN
,,,          NaN,,,,          NaN,         NaN
,,,          NaN,,,,          NaN,         NaN
,,,          NaN,,,,          NaN,         NaN
,,,          NaN,,,,          NaN,         NaN
,,,          NaN,,,,          NaN,         NaN
,,,          NaN,,,,          NaN,         NaN
,,,          NaN,,,,          NaN,         NaN
,,,          NaN,,,,          NaN,         NaN
,,,          NaN,,,,          NaN,         NaN
,,,          NaN,,,,          NaN,         NaN
,,,          NaN,,,,          NaN,         NaN
,,,          NaN,,,,          NaN,         NaN
,,,          NaN,,,,          NaN,         NaN
,,,          NaN,,,,          NaN,         NaN
,,,          NaN,,,,          NaN,         NaN
,,,          NaN,,,,          NaN,         NaN
,,,          NaN,,,,          NaN,         NaN
,,,          NaN,,,,          NaN,         NaN
,,,          NaN,,,,          NaN,         NaN
,,,          NaN,,,,          NaN,         NaN
,,,          NaN,,,,          NaN,         NaN
,,,          NaN,,,,          NaN,         NaN
,,,          NaN,,,,          NaN,         NaN
,,,          NaN,,,,          NaN,         NaN
,,,          NaN,,,,          NaN,         NaN
,,,          NaN,,,,          NaN,         NaN
,,,          NaN,,,,          NaN,         NaN
,,,          NaN,,,,          NaN,         NaN
,,,          NaN,,,,          NaN,         NaN
,,,          NaN,,,,          NaN,         NaN
,,,          NaN,,,,          NaN,         NaN
,,,          NaN,,,,          NaN,         NaN
,,,          NaN,,,,          NaN,         NaN
,,,          NaN,,,,          NaN,         NaN
,,,          NaN,,,,          NaN,         NaN
,,,          NaN,,,,          NaN,         NaN
,,,          NaN,,,,          NaN,         NaN
,,,          NaN,,,,          NaN,         NaN
,,,          NaN,,,,          NaN,         NaN
,,,          NaN,,,,          NaN,         NaN
,,,          NaN,,,,          NaN,         NaN
,,,          NaN,,,,          NaN,         NaN
,,,          NaN,,,,          NaN,         NaN
,,,          NaN,,,,          NaN,         NaN
,,,          NaN,,,,          NaN,         NaN
,,,          NaN,,,,          NaN,         NaN
,,,          NaN,,,,          NaN,         NaN
,,,          NaN,,,,          NaN,         NaN
,,,          NaN,,,,          NaN,         NaN
,,,          NaN,,,,          NaN,         NaN
,,,          NaN,,,,          NaN,         NaN
,,,          NaN,,,,          NaN,         NaN
,,,          NaN,,,,          NaN,         NaN
,,,          NaN,,,,          NaN,         NaN
,,,          NaN,,,,          NaN,         NaN
,,,          NaN,,,,          NaN,         NaN
,,,          NaN,,,,          NaN,         NaN
,,,          NaN,,,,          NaN,         NaN
,,,          NaN,,,,          NaN,         NaN
,,,          NaN,,,,          NaN,         NaN
,,,          NaN,,,,          NaN,         NaN
,,,          NaN,,,,          NaN,         NaN
,,,          NaN,,,,          NaN,         NaN
,,,          NaN,,,,          NaN,         NaN
,,,          NaN,,,,          NaN,         NaN
,,,          NaN,,,,          NaN,         NaN
,,,          NaN,,,,          NaN,         NaN
,,,          NaN,,,,          NaN,         NaN
,,,          NaN,,,,          NaN,         NaN
,,,          NaN,,,,          NaN,         NaN
,,,          NaN,,,,          NaN,         NaN
,,,          NaN,,,,          NaN,         NaN
,,,          NaN,,,,          NaN,         NaN
,,,          NaN,,,,          NaN,         NaN
,,,          NaN,,,,          NaN,         NaN
,,,          NaN,,,,          NaN,         NaN
,,,          NaN,,,,          NaN,         NaN
,,,          NaN,,,,          NaN,         NaN
,,,          NaN,,,,          NaN,         NaN
,,,          NaN,,,,          NaN,         NaN
,,,          NaN,,,,          NaN,         NaN
,,,          NaN,,,,          NaN,         NaN
,,,          NaN,,,,          NaN,         NaN
,,,          NaN,,,,          NaN,         NaN
,,,          NaN,,,,          NaN,         NaN
,,,          NaN,,,,          NaN,         NaN
,,,          NaN,,,,          NaN,         NaN
,,,          NaN,,,,          NaN,         NaN
,,,          NaN,,,,          NaN,         NaN
,,,          NaN,,,,          NaN,         NaN
,,,          NaN,,,,          NaN,         NaN
,,,          NaN,,,,          NaN,         NaN
,,,          NaN,,,,          NaN,         NaN
,,,          NaN,,,,          NaN,         NaN
,,,          NaN,,,,          NaN,         NaN
,,,          NaN,,,,          NaN,         NaN
,,,          NaN,,,,          NaN,         NaN
,,,          NaN,,,,          NaN,         NaN
,,,          NaN,,,,          NaN,         NaN
,,,          NaN,,,,          NaN,         NaN
,,,          NaN,,,,          NaN,         NaN
,,,          NaN,,,,          NaN,         NaN
,,,          NaN,,,,          NaN,         NaN
,,,          NaN,,,,          NaN,         NaN
,,,          NaN,,,,          NaN,         NaN
,,,          NaN,,,,          NaN,         NaN
,,,          NaN,,,,          NaN,         NaN
,,,          NaN,,,,          NaN,         NaN
,,,          NaN,,,,          NaN,         NaN
,,,          NaN,,,,          NaN,         NaN
,,,          NaN,,,,          NaN,         NaN
,,,          NaN,,,,          NaN,         NaN
,,,          NaN,,,,          NaN,         NaN
,,,          NaN,,,,          NaN,         NaN
,,,          NaN,,,,          NaN,         NaN
,,,          NaN,,,,          NaN,         NaN
,,,          NaN,,,,          NaN,         NaN
,,,          NaN,,,,          NaN,         NaN
,,,          NaN,,,,          NaN,         NaN
,,,          NaN,,,,          NaN,         NaN
,,,          NaN,,,,          NaN,         NaN
,,,          NaN,,,,          NaN,         NaN
,,,          NaN,,,,          NaN,         NaN
,,,          NaN,,,,          NaN,         NaN
,,,          NaN,,,,          NaN,         NaN
,,,          NaN,,,,          NaN,         NaN
,,,          NaN,,,,          NaN,         NaN
,,,          NaN,,,,          NaN,         NaN
,,,          NaN,,,,          NaN,         NaN
,,,          NaN,,,,          NaN,         NaN
,,,          NaN,,,,          NaN,         NaN
,,,          NaN,,,,          NaN,         NaN
,,,          NaN,,,,          NaN,         NaN
,,,          NaN,,,,          NaN,         NaN
,,,          NaN,,,,          NaN,         NaN
,,,          NaN,,,,          NaN,         NaN
,,,          NaN,,,,          NaN,         NaN
,,,          NaN,,,,          NaN,         NaN
,,,          NaN,,,,          NaN,         NaN
,,,          NaN,,,,          NaN,         NaN
,,,          NaN,,,,          NaN,         NaN
,,,          NaN,,,,          NaN,         NaN
,,,          NaN,,,,          NaN,         NaN
,,,          NaN,,,,          NaN,         NaN
,,,          NaN,,,,          NaN,         NaN
,,,          NaN,,,,          NaN,         NaN
,,,          NaN,,,,          NaN,         NaN
,,,          NaN,,,,          NaN,         NaN
,,,          NaN,,,,          NaN,         NaN
,,,          NaN,,,,          NaN,         NaN
,,,          NaN,,,,          NaN,         NaN
,,,          NaN,,,,          NaN,         NaN
,,,          NaN,,,,          NaN,         NaN
,,,          NaN,,,,          NaN,         NaN
,,,          NaN,,,,          NaN,         NaN
,,,          NaN,,,,          NaN,         NaN
,,,          NaN,,,,          NaN,         NaN
,,,          NaN,,,,          NaN,         NaN
,,,          NaN,,,,          NaN,         NaN
,,,          NaN,,,,          NaN,         NaN
,,,          NaN,,,,          NaN,         NaN
,,,          NaN,,,,          NaN,         NaN
,,,          NaN,,,,          NaN,         NaN
,,,          NaN,,,,          NaN,         NaN
,,,          NaN,,,,          NaN,         NaN
,,,          NaN,,,,          NaN,         NaN
,,,          NaN,,,,          NaN,         NaN
,,,          NaN,,,,          NaN,         NaN
,,,          NaN,,,,          NaN,         NaN
,,,          NaN,,,,          NaN,         NaN
,,,          NaN,,,,          NaN,         NaN
,,,          NaN,,,,          NaN,         NaN
,,,          NaN,,,,          NaN,         NaN
,,,          NaN,,,,          NaN,         NaN
,,,          NaN,,,,          NaN,         NaN
,,,          NaN,,,,          NaN,         NaN
,,,          NaN,,,,          NaN,         NaN
,,,          NaN,,,,          NaN,         NaN
,,,          NaN,,,,          NaN,         NaN
,,,          NaN,,,,          NaN,         NaN
,,,          NaN,,,,          NaN,         NaN
,,,          NaN,,,,          NaN,         NaN
,,,          NaN,,,,          NaN,         NaN
,,,          NaN,,,,          NaN,         NaN
,,,          NaN,,,,          NaN,         NaN
,,,          NaN,,,,          NaN,         NaN
,,,          NaN,,,,          NaN,         NaN
,,,          NaN,,,,          NaN,         NaN
,,,          NaN,,,,          NaN,         NaN
,,,          NaN,,,,          NaN,         NaN
,,,          NaN,,,,          NaN,         NaN
,,,          NaN,,,,          NaN,         NaN
,,,          NaN,,,,          NaN,         NaN
,,,          NaN,,,,          NaN,         NaN
,,,          NaN,,,,          NaN,         NaN
,,,          NaN,,,,          NaN,         NaN
,,,          NaN,,,,          NaN,         NaN
,,,          NaN,,,,          NaN,         NaN
,,,          NaN,,,,          NaN,         NaN
,,,          NaN,,,,          NaN,         NaN
,,,          NaN,,,,          NaN,         NaN
,,,          NaN,,,,          NaN,         NaN
,,,          NaN,,,,          NaN,         NaN
,,,          NaN,,,,          NaN,         NaN
,,,          NaN,,,,          NaN,         NaN
,,,          NaN,,,,          NaN,         NaN
,,,          NaN,,,,          NaN,         NaN
,,,          NaN,,,,          NaN,         NaN
,,,          NaN,,,,          NaN,         NaN
,,,          NaN,,,,          NaN,         NaN
,,,          NaN,,,,          NaN,         NaN
,,,          NaN,,,,          NaN,         NaN
,,,          NaN,,,,          NaN,         NaN
,,,          NaN,,,,          NaN,         NaN
,,,          NaN,,,,          NaN,         NaN
,,,          NaN,,,,          NaN,         NaN
,,,          NaN,,,,          NaN,         NaN
,,,          NaN,,,,          NaN,         NaN
,,,          NaN,,,,          NaN,         NaN
,,,          NaN,,,,          NaN,         NaN
,,,          NaN,,,,          NaN,         NaN
,,,          NaN,,,,          NaN,         NaN
,,,          NaN,,,,          NaN,         NaN
,,,          NaN,,,,          NaN,         NaN
,,,          NaN,,,,          NaN,         NaN
,,,          NaN,,,,          NaN,         NaN
,,,          NaN,,,,          NaN,         NaN
,,,          NaN,,,,          NaN,         NaN
,,,          NaN,,,,          NaN,         NaN
,,,          NaN,,,,          NaN,         NaN
,,,          NaN,,,,          NaN,         NaN
,,,          NaN,,,,          NaN,         NaN
,,,          NaN,,,,          NaN,         NaN
,,,          NaN,,,,          NaN,         NaN
,,,          NaN,,,,          NaN,         NaN
,,,          NaN,,,,          NaN,         NaN
,,,          NaN,,,,          NaN,         NaN
,,,          NaN,,,,          NaN,         NaN
,,,          NaN,,,,          NaN,         NaN
,,,          NaN,,,,          NaN,         NaN
,,,          NaN,,,,          NaN,         NaN
,,,          NaN,,,,          NaN,         NaN
,,,          NaN,,,,          NaN,         NaN
,,,          NaN,,,,          NaN,         NaN
,,,          NaN,,,,          NaN,         NaN
,,,          NaN,,,,          NaN,         NaN
,,,          NaN,,,,          NaN,         NaN
,,,          NaN,,,,          NaN,         NaN
,,,          NaN,,,,          NaN,         NaN
,,,          NaN,,,,          NaN,         NaN
,,,          NaN,,,,          NaN,         NaN
,,,          NaN,,,,          NaN,         NaN
,,,          NaN,,,,          NaN,         NaN
,,,          NaN,,,,          NaN,         NaN
,,,          NaN,,,,          NaN,         NaN
,,,          NaN,,,,          NaN,         NaN
,,,          NaN,,,,          NaN,         NaN
,,,          NaN,,,,          NaN,         NaN
,,,          NaN,,,,          NaN,         NaN
,,,          NaN,,,,          NaN,         NaN
,,,          NaN,,,,          NaN,         NaN
,,,          NaN,,,,          NaN,         NaN
,,,          NaN,,,,          NaN,         NaN
,,,          NaN,,,,          NaN,         NaN
,,,          NaN,,,,          NaN,         NaN
,,,          NaN,,,,          NaN,         NaN
,,,          NaN,,,,          NaN,         NaN
,,,          NaN,,,,          NaN,         NaN
,,,          NaN,,,,          NaN,         NaN
,,,          NaN,,,,          NaN,         NaN
,,,          NaN,,,,          NaN,         NaN
,,,          NaN,,,,          NaN,         NaN
,,,          NaN,,,,          NaN,         NaN
,,,          NaN,,,,          NaN,         NaN
,,,          NaN,,,,          NaN,         NaN
,,,          NaN,,,,          NaN,         NaN
,,,          NaN,,,,          NaN,         NaN
,,,          NaN,,,,          NaN,         NaN
,,,          NaN,,,,          NaN,         NaN
,,,          NaN,,,,          NaN,         NaN
,,,          NaN,,,,          NaN,         NaN
,,,          NaN,,,,          NaN,         NaN
,,,          NaN,,,,          NaN,         NaN
,,,          NaN,,,,          NaN,         NaN
,,,          NaN,,,,          NaN,         NaN
,,,          NaN,,,,          NaN,         NaN
,,,          NaN,,,,          NaN,         NaN
,,,          NaN,,,,          NaN,         NaN
,,,          NaN,,,,          NaN,         NaN
,,,          NaN,,,,          NaN,         NaN
,,,          NaN,,,,          NaN,         NaN
,,,          NaN,,,,          NaN,         NaN
,,,          NaN,,,,          NaN,         NaN
,,,          NaN,,,,          NaN,         NaN
,,,          NaN,,,,          NaN,         NaN
,,,          NaN,,,,          NaN,         NaN
,,,          NaN,,,,          NaN,         NaN
,,,          NaN,,,,          NaN,         NaN
,,,          NaN,,,,          NaN,         NaN
,,,          NaN,,,,          NaN,         NaN
,,,          NaN,,,,          NaN,         NaN
,,,          NaN,,,,          NaN,         NaN
,,,          NaN,,,,          NaN,         NaN
,,,          NaN,,,,          NaN,         NaN
,,,          NaN,,,,          NaN,         NaN
,,,          NaN,,,,          NaN,         NaN
,,,          NaN,,,,          NaN,         NaN
,,,          NaN,,,,          NaN,         NaN
,,,          NaN,,,,          NaN,         NaN
,,,          NaN,,,,          NaN,         NaN
,,,          NaN,,,,          NaN,         NaN
,,,          NaN,,,,          NaN,         NaN
,,,          NaN,,,,          NaN,         NaN
,,,          NaN,,,,          NaN,         NaN
,,,          NaN,,,,          NaN,         NaN
,,,          NaN,,,,          NaN,         NaN
,,,          NaN,,,,          NaN,         NaN
,,,          NaN,,,,          NaN,         NaN
,,,          NaN,,,,          NaN,         NaN
,,,          NaN,,,,          NaN,         NaN
,,,          NaN,,,,          NaN,         NaN
,,,          NaN,,,,          NaN,         NaN
,,,          NaN,,,,          NaN,         NaN
,,,          NaN,,,,          NaN,         NaN
,,,          NaN,,,,          NaN,         NaN
,,,          NaN,,,,          NaN,         NaN
,,,          NaN,,,,          NaN,         NaN
,,,          NaN,,,,          NaN,         NaN
,,,          NaN,,,,          NaN,         NaN
,,,          NaN,,,,          NaN,         NaN
,,,          NaN,,,,          NaN,         NaN
,,,          NaN,,,,          NaN,         NaN
,,,          NaN,,,,          NaN,         NaN
,,,          NaN,,,,          NaN,         NaN
,,,          NaN,,,,          NaN,         NaN
,,,          NaN,,,,          NaN,         NaN
,,,          NaN,,,,          NaN,         NaN
,,,          NaN,,,,          NaN,         NaN
,,,          NaN,,,,          NaN,         NaN
,,,          NaN,,,,          NaN,         NaN
,,,          NaN,,,,          NaN,         NaN
,,,          NaN,,,,          NaN,         NaN
,,,          NaN,,,,          NaN,         NaN
,,,          NaN,,,,          NaN,         NaN
,,,          NaN,,,,          NaN,         NaN
,,,          NaN,,,,          NaN,         NaN
,,,          NaN,,,,          NaN,         NaN
,,,          NaN,,,,          NaN,         NaN
,,,          NaN,,,,          NaN,         NaN
,,,          NaN,,,,          NaN,         NaN
,,,          NaN,,,,          NaN,         NaN
,,,          NaN,,,,          NaN,         NaN
,,,          NaN,,,,          NaN,         NaN
,,,          NaN,,,,          NaN,         NaN
,,,          NaN,,,,          NaN,         NaN
,,,          NaN,,,,          NaN,         NaN
,,,          NaN,,,,          NaN,         NaN
,,,          NaN,,,,          NaN,         NaN
,,,          NaN,,,,          NaN,         NaN
,,,          NaN,,,,          NaN,         NaN
,,,          NaN,,,,          NaN,         NaN
,,,          NaN,,,,          NaN,         NaN
,,,          NaN,,,,          NaN,         NaN
,,,          NaN,,,,          NaN,         NaN
,,,          NaN,,,,          NaN,         NaN
,,,          NaN,,,,          NaN,         NaN
,,,          NaN,,,,          NaN,         NaN
,,,          NaN,,,,          NaN,         NaN
,,,          NaN,,,,          NaN,         NaN
,,,          NaN,,,,          NaN,         NaN
,,,          NaN,,,,          NaN,         NaN
,,,          NaN,,,,          NaN,         NaN
,,,          NaN,,,,          NaN,         NaN
,,,          NaN,,,,          NaN,         NaN
,,,          NaN,,,,          NaN,         NaN
,,,          NaN,,,,          NaN,         NaN
,,,          NaN,,,,          NaN,         NaN
,,,          NaN,,,,          NaN,         NaN
,,,          NaN,,,,          NaN,         NaN
,,,          NaN,,,,          NaN,         NaN
,,,          NaN,,,,          NaN,         NaN
,,,          NaN,,,,          NaN,         NaN
,,,          NaN,,,,          NaN,         NaN
,,,          NaN,,,,          NaN,         NaN
,,,          NaN,,,,          NaN,         NaN
,,,          NaN,,,,          NaN,         NaN
,,,          NaN,,,,          NaN,         NaN
,,,          NaN,,,,          NaN,         NaN
,,,          NaN,,,,          NaN,         NaN
,,,          NaN,,,,          NaN,         NaN
,,,          NaN,,,,          NaN,         NaN
,,,          NaN,,,,          NaN,         NaN
,,,          NaN,,,,          NaN,         NaN
,,,          NaN,,,,          NaN,         NaN
,,,          NaN,,,,          NaN,         NaN
,,,          NaN,,,,          NaN,         NaN
,,,          NaN,,,,          NaN,         NaN
,,,          NaN,,,,          NaN,         NaN
,,,          NaN,,,,          NaN,         NaN
,,,          NaN,,,,          NaN,         NaN
,,,          NaN,,,,          NaN,         NaN
,,,          NaN,,,,          NaN,         NaN
,,,          NaN,,,,          NaN,         NaN
,,,          NaN,,,,          NaN,         NaN
,,,          NaN,,,,          NaN,         NaN
,,,          NaN,,,,          NaN,         NaN
,,,          NaN,,,,          NaN,         NaN
,,,          NaN,,,,          NaN,         NaN
,,,          NaN,,,,          NaN,         NaN
,,,          NaN,,,,          NaN,         NaN
,,,          NaN,,,,          NaN,         NaN
,,,          NaN,,,,          NaN,         NaN
,,,          NaN,,,,          NaN,         NaN
,,,          NaN,,,,          NaN,         NaN
,,,          NaN,,,,          NaN,         NaN
,,,          NaN,,,,          NaN,         NaN
,,,          NaN,,,,          NaN,         NaN
,,,          NaN,,,,          NaN,         NaN
,,,          NaN,,,,          NaN,         NaN
,,,          NaN,,,,          NaN,         NaN
,,,          NaN,,,,          NaN,         NaN
,,,          NaN,,,,          NaN,         NaN
,,,          NaN,,,,          NaN,         NaN
,,,          NaN,,,,          NaN,         NaN
,,,          NaN,,,,          NaN,         NaN
,,,          NaN,,,,          NaN,         NaN
,,,          NaN,,,,          NaN,         NaN
,,,          NaN,,,,          NaN,         NaN
,,,          NaN,,,,          NaN,         NaN
,,,          NaN,,,,          NaN,         NaN
,,,          NaN,,,,          NaN,         NaN
,,,          NaN,,,,          NaN,         NaN
,,,          NaN,,,,          NaN,         NaN
,,,          NaN,,,,          NaN,         NaN
,,,          NaN,,,,          NaN,         NaN
,,,          NaN,,,,          NaN,         NaN
,,,          NaN,,,,          NaN,         NaN
,,,          NaN,,,,          NaN,         NaN
,,,          NaN,,,,          NaN,         NaN
,,,          NaN,,,,          NaN,         NaN
,,,          NaN,,,,          NaN,         NaN
,,,          NaN,,,,          NaN,         NaN
,,,          NaN,,,,          NaN,         NaN
,,,          NaN,,,,          NaN,         NaN
,,,          NaN,,,,          NaN,         NaN
,,,          NaN,,,,          NaN,         NaN
,,,          NaN,,,,          NaN,         NaN
,,,          NaN,,,,          NaN,         NaN
,,,          NaN,,,,          NaN,         NaN
,,,          NaN,,,,          NaN,         NaN
,,,          NaN,,,,          NaN,         NaN
,,,          NaN,,,,          NaN,         NaN
,,,          NaN,,,,          NaN,         NaN
,,,          NaN,,,,          NaN,         NaN
,,,          NaN,,,,          NaN,         NaN
,,,          NaN,,,,          NaN,         NaN
,,,          NaN,,,,          NaN,         NaN
,,,          NaN,,,,          NaN,         NaN
,,,          NaN,,,,          NaN,         NaN
,,,          NaN,,,,          NaN,         NaN
,,,          NaN,,,,          NaN,         NaN
,,,          NaN,,,,          NaN,         NaN
,,,          NaN,,,,          NaN,         NaN
,,,          NaN,,,,          NaN,         NaN
,,,          NaN,,,,          NaN,         NaN
,,,          NaN,,,,          NaN,         NaN
,,,          NaN,,,,          NaN,         NaN
,,,          NaN,,,,          NaN,         NaN
,,,          NaN,,,,          NaN,         NaN
,,,          NaN,,,,          NaN,         NaN
,,,          NaN,,,,          NaN,         NaN
,,,          NaN,,,,          NaN,         NaN
,,,          NaN,,,,          NaN,         NaN
,,,          NaN,,,,          NaN,         NaN
,,,          NaN,,,,          NaN,         NaN
,,,          NaN,,,,          NaN,         NaN
,,,          NaN,,,,          NaN,         NaN
,,,          NaN,,,,          NaN,         NaN
,,,          NaN,,,,          NaN,         NaN
,,,          NaN,,,,          NaN,         NaN
,,,          NaN,,,,          NaN,         NaN
,,,          NaN,,,,          NaN,         NaN
,,,          NaN,,,,          NaN,         NaN
,,,          NaN,,,,          NaN,         NaN
,,,          NaN,,,,          NaN,         NaN
,,,          NaN,,,,          NaN,         NaN
,,,          NaN,,,,          NaN,         NaN
,,,          NaN,,,,          NaN,         NaN
,,,          NaN,,,,          NaN,         NaN
,,,          NaN,,,,          NaN,         NaN
,,,          NaN,,,,          NaN,         NaN
,,,          NaN,,,,          NaN,         NaN
,,,          NaN,,,,          NaN,         NaN
,,,          NaN,,,,          NaN,         NaN
,,,          NaN,,,,          NaN,         NaN
,,,          NaN,,,,          NaN,         NaN
,,,          NaN,,,,          NaN,         NaN
,,,          NaN,,,,          NaN,         NaN
,,,          NaN,,,,          NaN,         NaN
,,,          NaN,,,,          NaN,         NaN
,,,          NaN,,,,          NaN,         NaN
,,,          NaN,,,,          NaN,         NaN
,,,          NaN,,,,          NaN,         NaN
,,,          NaN,,,,          NaN,         NaN
,,,          NaN,,,,          NaN,         NaN
,,,          NaN,,,,          NaN,         NaN
,,,          NaN,,,,          NaN,         NaN
,,,          NaN,,,,          NaN,         NaN
,,,          NaN,,,,          NaN,         NaN
,,,          NaN,,,,          NaN,         NaN
,,,          NaN,,,,          NaN,         NaN
,,,          NaN,,,,          NaN,         NaN
,,,          NaN,,,,          NaN,         NaN
,,,          NaN,,,,          NaN,         NaN
,,,          NaN,,,,          NaN,         NaN
,,,          NaN,,,,          NaN,         NaN
,,,          NaN,,,,          NaN,         NaN
,,,          NaN,,,,          NaN,         NaN
,,,          NaN,,,,          NaN,         NaN
,,,          NaN,,,,          NaN,         NaN
,,,          NaN,,,,          NaN,         NaN
,,,          NaN,,,,          NaN,         NaN
,,,          NaN,,,,          NaN,         NaN
,,,          NaN,,,,          NaN,         NaN
,,,          NaN,,,,          NaN,         NaN
,,,          NaN,,,,          NaN,         NaN
,,,          NaN,,,,          NaN,         NaN
,,,          NaN,,,,          NaN,         NaN
,,,          NaN,,,,          NaN,         NaN
,,,          NaN,,,,          NaN,         NaN
,,,          NaN,,,,          NaN,         NaN
,,,          NaN,,,,          NaN,         NaN
,,,          NaN,,,,          NaN,         NaN
,,,          NaN,,,,          NaN,         NaN
,,,          NaN,,,,          NaN,         NaN
,,,          NaN,,,,          NaN,         NaN
,,,          NaN,,,,          NaN,         NaN
,,,          NaN,,,,          NaN,         NaN
,,,          NaN,,,,          NaN,         NaN
,,,          NaN,,,,          NaN,         NaN
,,,          NaN,,,,          NaN,         NaN
,,,          NaN,,,,          NaN,         NaN
,,,          NaN,,,,          NaN,         NaN
,,,          NaN,,,,          NaN,         NaN
,,,          NaN,,,,          NaN,         NaN
,,,          NaN,,,,          NaN,         NaN
,,,          NaN,,,,          NaN,         NaN
,,,          NaN,,,,          NaN,         NaN
,,,          NaN,,,,          NaN,         NaN
,,,          NaN,,,,          NaN,         NaN
,,,          NaN,,,,          NaN,         NaN
,,,          NaN,,,,          NaN,         NaN
,,,          NaN,,,,          NaN,         NaN
,,,          NaN,,,,          NaN,         NaN
,,,          NaN,,,,          NaN,         NaN
,,,          NaN,,,,          NaN,         NaN
,,,          NaN,,,,          NaN,         NaN
,,,          NaN,,,,          NaN,         NaN
,,,          NaN,,,,          NaN,         NaN
,,,          NaN,,,,          NaN,         NaN
,,,          NaN,,,,          NaN,         NaN
,,,          NaN,,,,          NaN,         NaN
,,,          NaN,,,,          NaN,         NaN
,,,          NaN,,,,          NaN,         NaN
,,,          NaN,,,,          NaN,         NaN
,,,          NaN,,,,          NaN,         NaN
,,,          NaN,,,,          NaN,         NaN
,,,          NaN,,,,          NaN,         NaN
,,,          NaN,,,,          NaN,         NaN
,,,          NaN,,,,          NaN,         NaN
,,,          NaN,,,,          NaN,         NaN
,,,          NaN,,,,          NaN,         NaN
,,,          NaN,,,,          NaN,         NaN
,,,          NaN,,,,          NaN,         NaN
,,,          NaN,,,,          NaN,         NaN
,,,          NaN,,,,          NaN,         NaN
,,,          NaN,,,,          NaN,         NaN
,,,          NaN,,,,          NaN,         NaN
,,,          NaN,,,,          NaN,         NaN
,,,          NaN,,,,          NaN,         NaN
,,,          NaN,,,,          NaN,         NaN
,,,          NaN,,,,          NaN,         NaN
,,,          NaN,,,,          NaN,         NaN
,,,          NaN,,,,          NaN,         NaN
,,,          NaN,,,,          NaN,         NaN
,,,          NaN,,,,          NaN,         NaN
,,,          NaN,,,,          NaN,         NaN
,,,          NaN,,,,          NaN,         NaN
,,,          NaN,,,,          NaN,         NaN
,,,          NaN,,,,          NaN,         NaN
,,,          NaN,,,,          NaN,         NaN
,,,          NaN,,,,          NaN,         NaN
,,,          NaN,,,,          NaN,         NaN
,,,          NaN,,,,          NaN,         NaN
,,,          NaN,,,,          NaN,         NaN
,,,          NaN,,,,          NaN,         NaN
,,,          NaN,,,,          NaN,         NaN
,,,          NaN,,,,          NaN,         NaN
,,,          NaN,,,,          NaN,         NaN
,,,          NaN,,,,          NaN,         NaN
,,,          NaN,,,,          NaN,         NaN
,,,          NaN,,,,          NaN,         NaN
,,,          NaN,,,,          NaN,         NaN
,,,          NaN,,,,          NaN,         NaN
,,,          NaN,,,,          NaN,         NaN
,,,          NaN,,,,          NaN,         NaN
,,,          NaN,,,,          NaN,         NaN
,,,          NaN,,,,          NaN,         NaN
,,,          NaN,,,,          NaN,         NaN
,,,          NaN,,,,          NaN,         NaN
,,,          NaN,,,,          NaN,         NaN
,,,          NaN,,,,          NaN,         NaN
,,,          NaN,,,,          NaN,         NaN
,,,          NaN,,,,          NaN,         NaN
,,,          NaN,,,,          NaN,         NaN
,,,          NaN,,,,          NaN,         NaN
,,,          NaN,,,,          NaN,         NaN
,,,          NaN,,,,          NaN,         NaN
,,,          NaN,,,,          NaN,         NaN
,,,          NaN,,,,          NaN,         NaN
,,,          NaN,,,,          NaN,         NaN
,,,          NaN,,,,          NaN,         NaN
,,,          NaN,,,,          NaN,         NaN
,,,          NaN,,,,          NaN,         NaN
,,,          NaN,,,,          NaN,         NaN
,,,          NaN,,,,          NaN,         NaN
,,,          NaN,,,,          NaN,         NaN
,,,          NaN,,,,          NaN,         NaN
,,,          NaN,,,,          NaN,         NaN
,,,          NaN,,,,          NaN,         NaN
,,,          NaN,,,,          NaN,         NaN
,,,          NaN,,,,          NaN,         NaN
,,,          NaN,,,,          NaN,         NaN
,,,          NaN,,,,          NaN,         NaN
,,,          NaN,,,,          NaN,         NaN
,,,          NaN,,,,          NaN,         NaN
,,,          NaN,,,,          NaN,         NaN
,,,          NaN,,,,          NaN,         NaN
,,,          NaN,,,,          NaN,         NaN
,,,          NaN,,,,          NaN,         NaN
,,,          NaN,,,,          NaN,         NaN
,,,          NaN,,,,          NaN,         NaN
,,,          NaN,,,,          NaN,         NaN
,,,          NaN,,,,          NaN,         NaN
,,,          NaN,,,,          NaN,         NaN
,,,          NaN,,,,          NaN,         NaN
,,,          NaN,,,,          NaN,         NaN
,,,          NaN,,,,          NaN,         NaN
,,,          NaN,,,,          NaN,         NaN
,,,          NaN,,,,          NaN,         NaN
,,,          NaN,,,,          NaN,         NaN
,,,          NaN,,,,          NaN,         NaN
,,,          NaN,,,,          NaN,         NaN
,,,          NaN,,,,          NaN,         NaN
,,,          NaN,,,,          NaN,         NaN
,,,          NaN,,,,          NaN,         NaN
,,,          NaN,,,,          NaN,         NaN
,,,          NaN,,,,          NaN,         NaN
,,,          NaN,,,,          NaN,         NaN
,,,          NaN,,,,          NaN,         NaN
,,,          NaN,,,,          NaN,         NaN
,,,          NaN,,,,          NaN,         NaN
,,,          NaN,,,,          NaN,         NaN
,,,          NaN,,,,          NaN,         NaN
,,,          NaN,,,,          NaN,         NaN
,,,          NaN,,,,          NaN,         NaN
,,,          NaN,,,,          NaN,         NaN
,,,          NaN,,,,          NaN,         NaN
,,,          NaN,,,,          NaN,         NaN
,,,          NaN,,,,          NaN,         NaN
,,,          NaN,,,,          NaN,         NaN
,,,          NaN,,,,          NaN,         NaN
,,,          NaN,,,,          NaN,         NaN
,,,          NaN,,,,          NaN,         NaN
,,,          NaN,,,,          NaN,         NaN
,,,          NaN,,,,          NaN,         NaN
,,,          NaN,,,,          NaN,         NaN
,,,          NaN,,,,          NaN,         NaN
,,,          NaN,,,,          NaN,         NaN
,,,          NaN,,,,          NaN,         NaN
,,,          NaN,,,,          NaN,         NaN
,,,          NaN,,,,          NaN,         NaN
,,,          NaN,,,,          NaN,         NaN
,,,          NaN,,,,          NaN,         NaN
,,,          NaN,,,,          NaN,         NaN
,,,          NaN,,,,          NaN,         NaN
,,,          NaN,,,,          NaN,         NaN
,,,          NaN,,,,          NaN,         NaN
,,,          NaN,,,,          NaN,         NaN
,,,          NaN,,,,          NaN,         NaN
,,,          NaN,,,,          NaN,         NaN
,,,          NaN,,,,          NaN,         NaN
,,,          NaN,,,,          NaN,         NaN
,,,          NaN,,,,          NaN,         NaN
,,,          NaN,,,,          NaN,         NaN
,,,          NaN,,,,          NaN,         NaN
,,,          NaN,,,,          NaN,         NaN
,,,          NaN,,,,          NaN,         NaN
,,,          NaN,,,,          NaN,         NaN
,,,          NaN,,,,          NaN,         NaN
,,,          NaN,,,,          NaN,         NaN
,,,          NaN,,,,          NaN,         NaN
,,,          NaN,,,,          NaN,         NaN
,,,          NaN,,,,          NaN,         NaN
,,,          NaN,,,,          NaN,         NaN
,,,          NaN,,,,          NaN,         NaN
,,,          NaN,,,,          NaN,         NaN
,,,          NaN,,,,          NaN,         NaN
,,,          NaN,,,,          NaN,         NaN
,,,          NaN,,,,          NaN,         NaN
,,,          NaN,,,,          NaN,         NaN
,,,          NaN,,,,          NaN,         NaN
,,,          NaN,,,,          NaN,         NaN
,,,          NaN,,,,          NaN,         NaN
,,,          NaN,,,,          NaN,         NaN
,,,          NaN,,,,          NaN,         NaN
,,,          NaN,,,,          NaN,         NaN
,,,          NaN,,,,          NaN,         NaN
,,,          NaN,,,,          NaN,         NaN
,,,          NaN,,,,          NaN,         NaN
,,,          NaN,,,,          NaN,         NaN
,,,          NaN,,,,          NaN,         NaN
,,,          NaN,,,,          NaN,         NaN
,,,          NaN,,,,          NaN,         NaN
,,,          NaN,,,,          NaN,         NaN
,,,          NaN,,,,          NaN,         NaN
,,,          NaN,,,,          NaN,         NaN
,,,          NaN,,,,          NaN,         NaN
,,,          NaN,,,,          NaN,         NaN
,,,          NaN,,,,          NaN,         NaN
,,,          NaN,,,,          NaN,         NaN
,,,          NaN,,,,          NaN,         NaN
,,,          NaN,,,,          NaN,         NaN
,,,          NaN,,,,          NaN,         NaN
,,,          NaN,,,,          NaN,         NaN
,,,          NaN,,,,          NaN,         NaN
,,,          NaN,,,,          NaN,         NaN
,,,          NaN,,,,          NaN,         NaN
,,,          NaN,,,,          NaN,         NaN
,,,          NaN,,,,          NaN,         NaN
,,,          NaN,,,,          NaN,         NaN
,,,          NaN,,,,          NaN,         NaN
,,,          NaN,,,,          NaN,         NaN
,,,          NaN,,,,          NaN,         NaN
,,,          NaN,,,,          NaN,         NaN
,,,          NaN,,,,          NaN,         NaN
,,,          NaN,,,,          NaN,         NaN
,,,          NaN,,,,          NaN,         NaN
,,,          NaN,,,,          NaN,         NaN
,,,          NaN,,,,          NaN,         NaN
,,,          NaN,,,,          NaN,         NaN
,,,          NaN,,,,          NaN,         NaN
,,,          NaN,,,,          NaN,         NaN
,,,          NaN,,,,          NaN,         NaN
,,,          NaN,,,,          NaN,         NaN
,,,          NaN,,,,          NaN,         NaN
,,,          NaN,,,,          NaN,         NaN
,,,          NaN,,,,          NaN,         NaN
,,,          NaN,,,,          NaN,         NaN
,,,          NaN,,,,          NaN,         NaN
,,,          NaN,,,,          NaN,         NaN
,,,          NaN,,,,          NaN,         NaN
,,,          NaN,,,,          NaN,         NaN
,,,          NaN,,,,          NaN,         NaN
,,,          NaN,,,,          NaN,         NaN
,,,          NaN,,,,          NaN,         NaN
,,,          NaN,,,,          NaN,         NaN
,,,          NaN,,,,          NaN,         NaN
,,,          NaN,,,,          NaN,         NaN
,,,          NaN,,,,          NaN,         NaN
,,,          NaN,,,,          NaN,         NaN
,,,          NaN,,,,          NaN,         NaN
,,,          NaN,,,,          NaN,         NaN
,,,          NaN,,,,          NaN,         NaN
,,,          NaN,,,,          NaN,         NaN
,,,          NaN,,,,          NaN,         NaN
,,,          NaN,,,,          NaN,         NaN
,,,          NaN,,,,          NaN,         NaN
,,,          NaN,,,,          NaN,         NaN
,,,          NaN,,,,          NaN,         NaN
,,,          NaN,,,,          NaN,         NaN
,,,          NaN,,,,          NaN,         NaN
,,,          NaN,,,,          NaN,         NaN
,,,          NaN,,,,          NaN,         NaN
,,,          NaN,,,,          NaN,         NaN
,,,          NaN,,,,          NaN,         NaN
,,,          NaN,,,,          NaN,         NaN
,,,          NaN,,,,          NaN,         NaN
,,,          NaN,,,,          NaN,         NaN
,,,          NaN,,,,          NaN,         NaN
,,,          NaN,,,,          NaN,         NaN
,,,          NaN,,,,          NaN,         NaN
,,,          NaN,,,,          NaN,         NaN
,,,          NaN,,,,          NaN,         NaN
,,,          NaN,,,,          NaN,         NaN
,,,          NaN,,,,          NaN,         NaN
,,,          NaN,,,,          NaN,         NaN
,,,          NaN,,,,          NaN,         NaN
,,,          NaN,,,,          NaN,         NaN
,,,          NaN,,,,          NaN,         NaN
,,,          NaN,,,,          NaN,         NaN
,,,          NaN,,,,          NaN,         NaN
,,,          NaN,,,,          NaN,         NaN
,,,          NaN,,,,          NaN,         NaN
,,,          NaN,,,,          NaN,         NaN
,,,          NaN,,,,          NaN,         NaN
,,,          NaN,,,,          NaN,         NaN
,,,          NaN,,,,          NaN,         NaN
,,,          NaN,,,,          NaN,         NaN
,,,          NaN,,,,          NaN,         NaN
,,,          NaN,,,,          NaN,         NaN
,,,          NaN,,,,          NaN,         NaN
,,,          NaN,,,,          NaN,         NaN
,,,          NaN,,,,          NaN,         NaN
,,,          NaN,,,,          NaN,         NaN
,,,          NaN,,,,          NaN,         NaN
,,,          NaN,,,,          NaN,         NaN
,,,          NaN,,,,          NaN,         NaN
,,,          NaN,,,,          NaN,         NaN
,,,          NaN,,,,          NaN,         NaN
,,,          NaN,,,,          NaN,         NaN
,,,          NaN,,,,          NaN,         NaN
,,,          NaN,,,,          NaN,         NaN
,,,          NaN,,,,          NaN,         NaN
,,,          NaN,,,,          NaN,         NaN
,,,          NaN,,,,          NaN,         NaN
,,,          NaN,,,,          NaN,         NaN
,,,          NaN,,,,          NaN,         NaN
,,,          NaN,,,,          NaN,         NaN
,,,          NaN,,,,          NaN,         NaN
,,,          NaN,,,,          NaN,         NaN
,,,          NaN,,,,          NaN,         NaN
,,,          NaN,,,,          NaN,         NaN
,,,          NaN,,,,          NaN,         NaN
,,,          NaN,,,,          NaN,         NaN
,,,          NaN,,,,          NaN,         NaN
,,,          NaN,,,,          NaN,         NaN
,,,          NaN,,,,          NaN,         NaN
,,,          NaN,,,,          NaN,         NaN
,,,          NaN,,,,          NaN,         NaN
,,,          NaN,,,,          NaN,         NaN
,,,          NaN,,,,          NaN,         NaN
,,,          NaN,,,,          NaN,         NaN
,,,          NaN,,,,          NaN,         NaN
,,,          NaN,,,,          NaN,         NaN
,,,          NaN,,,,          NaN,         NaN
,,,          NaN,,,,          NaN,         NaN
,,,          NaN,,,,          NaN,         NaN
,,,          NaN,,,,          NaN,         NaN
,,,          NaN,,,,          NaN,         NaN
,,,          NaN,,,,          NaN,         NaN
,,,          NaN,,,,          NaN,         NaN
,,,          NaN,,,,          NaN,         NaN
,,,          NaN,,,,          NaN,         NaN
,,,          NaN,,,,          NaN,         NaN
,,,          NaN,,,,          NaN,         NaN
,,,          NaN,,,,          NaN,         NaN
,,,          NaN,,,,          NaN,         NaN
,,,          NaN,,,,          NaN,         NaN
,,,          NaN,,,,          NaN,         NaN
,,,          NaN,,,,          NaN,         NaN
,,,          NaN,,,,          NaN,         NaN
,,,          NaN,,,,          NaN,         NaN
,,,          NaN,,,,          NaN,         NaN
,,,          NaN,,,,          NaN,         NaN
,,,          NaN,,,,          NaN,         NaN
,,,          NaN,,,,          NaN,         NaN
,,,          NaN,,,,          NaN,         NaN
,,,          NaN,,,,          NaN,         NaN
,,,          NaN,,,,          NaN,         NaN
,,,          NaN,,,,          NaN,         NaN
,,,          NaN,,,,          NaN,         NaN
,,,          NaN,,,,          NaN,         NaN
,,,          NaN,,,,          NaN,         NaN
,,,          NaN,,,,          NaN,         NaN
,,,          NaN,,,,          NaN,         NaN
,,,          NaN,,,,          NaN,         NaN
,,,          NaN,,,,          NaN,         NaN
,,,          NaN,,,,          NaN,         NaN
,,,          NaN,,,,          NaN,         NaN
,,,          NaN,,,,          NaN,         NaN
,,,          NaN,,,,          NaN,         NaN
,,,          NaN,,,,          NaN,         NaN
,,,          NaN,,,,          NaN,         NaN
,,,          NaN,,,,          NaN,         NaN
,,,          NaN,,,,          NaN,         NaN
,,,          NaN,,,,          NaN,         NaN
,,,          NaN,,,,          NaN,         NaN
,,,          NaN,,,,          NaN,         NaN
,,,          NaN,,,,          NaN,         NaN
,,,          NaN,,,,          NaN,         NaN
,,,          NaN,,,,          NaN,         NaN
,,,          NaN,,,,          NaN,         NaN
,,,          NaN,,,,          NaN,         NaN
,,,          NaN,,,,          NaN,         NaN
,,,          NaN,,,,          NaN,         NaN
,,,          NaN,,,,          NaN,         NaN
,,,          NaN,,,,          NaN,         NaN
,,,          NaN,,,,          NaN,         NaN
,,,          NaN,,,,          NaN,         NaN
,,,          NaN,,,,          NaN,         NaN
,,,          NaN,,,,          NaN,         NaN
,,,          NaN,,,,          NaN,         NaN
,,,          NaN,,,,          NaN,         NaN
,,,          NaN,,,,          NaN,         NaN
,,,          NaN,,,,          NaN,         NaN
,,,          NaN,,,,          NaN,         NaN
,,,          NaN,,,,          NaN,         NaN
,,,          NaN,,,,          NaN,         NaN
,,,          NaN,,,,          NaN,         NaN
,,,          NaN,,,,          NaN,         NaN
,,,          NaN,,,,          NaN,         NaN
,,,          NaN,,,,          NaN,         NaN
,,,          NaN,,,,          NaN,         NaN
,,,          NaN,,,,          NaN,         NaN
,,,          NaN,,,,          NaN,         NaN
,,,          NaN,,,,          NaN,         NaN
,,,          NaN,,,,          NaN,         NaN
,,,          NaN,,,,          NaN,         NaN
,,,          NaN,,,,          NaN,         NaN
,,,          NaN,,,,          NaN,         NaN
,,,          NaN,,,,          NaN,         NaN
,,,          NaN,,,,          NaN,         NaN
,,,          NaN,,,,          NaN,         NaN
,,,          NaN,,,,          NaN,         NaN
,,,          NaN,,,,          NaN,         NaN
,,,          NaN,,,,          NaN,         NaN
,,,          NaN,,,,          NaN,         NaN
,,,          NaN,,,,          NaN,         NaN
,,,          NaN,,,,          NaN,         NaN
,,,          NaN,,,,          NaN,         NaN
,,,          NaN,,,,          NaN,         NaN
,,,          NaN,,,,          NaN,         NaN
,,,          NaN,,,,          NaN,         NaN
,,,          NaN,,,,          NaN,         NaN
,,,          NaN,,,,          NaN,         NaN
,,,          NaN,,,,          NaN,         NaN
,,,          NaN,,,,          NaN,         NaN
,,,          NaN,,,,          NaN,         NaN
,,,          NaN,,,,          NaN,         NaN
,,,          NaN,,,,          NaN,         NaN
,,,          NaN,,,,          NaN,         NaN
,,,          NaN,,,,          NaN,         NaN
,,,          NaN,,,,          NaN,         NaN
,,,          NaN,,,,          NaN,         NaN
,,,          NaN,,,,          NaN,         NaN
,,,          NaN,,,,          NaN,         NaN
,,,          NaN,,,,          NaN,         NaN
,,,          NaN,,,,          NaN,         NaN
,,,          NaN,,,,          NaN,         NaN
,,,          NaN,,,,          NaN,         NaN
,,,          NaN,,,,          NaN,         NaN
,,,          NaN,,,,          NaN,         NaN
,,,          NaN,,,,          NaN,         NaN
,,,          NaN,,,,          NaN,         NaN
,,,          NaN,,,,          NaN,         NaN
,,,          NaN,,,,          NaN,         NaN
,,,          NaN,,,,          NaN,         NaN
,,,          NaN,,,,          NaN,         NaN
,,,          NaN,,,,          NaN,         NaN
,,,          NaN,,,,          NaN,         NaN
,,,          NaN,,,,          NaN,         NaN
,,,          NaN,,,,          NaN,         NaN
,,,          NaN,,,,          NaN,         NaN
,,,          NaN,,,,          NaN,         NaN
,,,          NaN,,,,          NaN,         NaN
,,,          NaN,,,,          NaN,         NaN
,,,          NaN,,,,          NaN,         NaN
,,,          NaN,,,,          NaN,         NaN
,,,          NaN,,,,          NaN,         NaN
,,,          NaN,,,,          NaN,         NaN
,,,          NaN,,,,          NaN,         NaN
,,,          NaN,,,,          NaN,         NaN
,,,          NaN,,,,          NaN,         NaN
,,,          NaN,,,,          NaN,         NaN
,,,          NaN,,,,          NaN,         NaN
,,,          NaN,,,,          NaN,         NaN
,,,          NaN,,,,          NaN,         NaN
,,,          NaN,,,,          NaN,         NaN
,,,          NaN,,,,          NaN,         NaN
,,,          NaN,,,,          NaN,         NaN
,,,          NaN,,,,          NaN,         NaN
,,,          NaN,,,,          NaN,         NaN
,,,          NaN,,,,          NaN,         NaN
,,,          NaN,,,,          NaN,         NaN
,,,          NaN,,,,          NaN,         NaN
,,,          NaN,,,,          NaN,         NaN
,,,          NaN,,,,          NaN,         NaN
,,,          NaN,,,,          NaN,         NaN
,,,          NaN,,,,          NaN,         NaN
,,,          NaN,,,,          NaN,         NaN
,,,          NaN,,,,          NaN,         NaN
,,,          NaN,,,,          NaN,         NaN
,,,          NaN,,,,          NaN,         NaN
,,,          NaN,,,,          NaN,         NaN
,,,          NaN,,,,          NaN,         NaN
,,,          NaN,,,,          NaN,         NaN
,,,          NaN,,,,          NaN,         NaN
,,,          NaN,,,,          NaN,         NaN
,,,          NaN,,,,          NaN,         NaN
,,,          NaN,,,,          NaN,         NaN
,,,          NaN,,,,          NaN,         NaN
,,,          NaN,,,,          NaN,         NaN
,,,          NaN,,,,          NaN,         NaN
,,,          NaN,,,,          NaN,         NaN
,,,          NaN,,,,          NaN,         NaN
,,,          NaN,,,,          NaN,         NaN
,,,          NaN,,,,          NaN,         NaN
,,,          NaN,,,,          NaN,         NaN
,,,          NaN,,,,          NaN,         NaN
,,,          NaN,,,,          NaN,         NaN
,,,          NaN,,,,          NaN,         NaN
,,,          NaN,,,,          NaN,         NaN
,,,          NaN,,,,          NaN,         NaN
,,,          NaN,,,,          NaN,         NaN
,,,          NaN,,,,          NaN,         NaN
,,,          NaN,,,,          NaN,         NaN
,,,          NaN,,,,          NaN,         NaN
,,,          NaN,,,,          NaN,         NaN
,,,          NaN,,,,          NaN,         NaN
,,,          NaN,,,,          NaN,         NaN
,,,          NaN,,,,          NaN,         NaN
,,,          NaN,,,,          NaN,         NaN
,,,          NaN,,,,          NaN,         NaN
,,,          NaN,,,,          NaN,         NaN
,,,          NaN,,,,          NaN,         NaN
,,,          NaN,,,,          NaN,         NaN
,,,          NaN,,,,          NaN,         NaN
,,,          NaN,,,,          NaN,         NaN
,,,          NaN,,,,          NaN,         NaN
,,,          NaN,,,,          NaN,         NaN
,,,          NaN,,,,          NaN,         NaN
,,,          NaN,,,,          NaN,         NaN
,,,          NaN,,,,          NaN,         NaN
,,,          NaN,,,,          NaN,         NaN
,,,          NaN,,,,          NaN,         NaN
,,,          NaN,,,,          NaN,         NaN
,,,          NaN,,,,          NaN,         NaN
,,,          NaN,,,,          NaN,         NaN
,,,          NaN,,,,          NaN,         NaN
,,,          NaN,,,,          NaN,         NaN
,,,          NaN,,,,          NaN,         NaN
,,,          NaN,,,,          NaN,         NaN
,,,          NaN,,,,          NaN,         NaN
,,,          NaN,,,,          NaN,         NaN
,,,          NaN,,,,          NaN,         NaN
,,,          NaN,,,,          NaN,         NaN
,,,          NaN,,,,          NaN,         NaN
,,,          NaN,,,,          NaN,         NaN
,,,          NaN,,,,          NaN,         NaN
,,,          NaN,,,,          NaN,         NaN
,,,          NaN,,,,          NaN,         NaN
,,,          NaN,,,,          NaN,         NaN
,,,          NaN,,,,          NaN,         NaN
,,,          NaN,,,,          NaN,         NaN
,,,          NaN,,,,          NaN,         NaN
,,,          NaN,,,,          NaN,         NaN
,,,          NaN,,,,          NaN,         NaN
,,,          NaN,,,,          NaN,         NaN
,,,          NaN,,,,          NaN,         NaN
,,,          NaN,,,,          NaN,         NaN
,,,          NaN,,,,          NaN,         NaN
,,,          NaN,,,,          NaN,         NaN
,,,          NaN,,,,          NaN,         NaN
,,,          NaN,,,,          NaN,         NaN
,,,          NaN,,,,          NaN,         NaN
,,,          NaN,,,,          NaN,         NaN
,,,          NaN,,,,          NaN,         NaN
,,,          NaN,,,,          NaN,         NaN
,,,          NaN,,,,          NaN,         NaN
,,,          NaN,,,,          NaN,         NaN
,,,          NaN,,,,          NaN,         NaN
,,,          NaN,,,,          NaN,         NaN
,,,          NaN,,,,          NaN,         NaN
,,,          NaN,,,,          NaN,         NaN
,,,          NaN,,,,          NaN,         NaN
,,,          NaN,,,,          NaN,         NaN
,,,          NaN,,,,          NaN,         NaN
,,,          NaN,,,,          NaN,         NaN
,,,          NaN,,,,          NaN,         NaN
,,,          NaN,,,,          NaN,         NaN
,,,          NaN,,,,          NaN,         NaN
,,,          NaN,,,,          NaN,         NaN
,,,          NaN,,,,          NaN,         NaN
,,,          NaN,,,,          NaN,         NaN
,,,          NaN,,,,          NaN,         NaN
,,,          NaN,,,,          NaN,         NaN
,,,          NaN,,,,          NaN,         NaN
,,,          NaN,,,,          NaN,         NaN
,,,          NaN,,,,          NaN,         NaN
,,,          NaN,,,,          NaN,         NaN
,,,          NaN,,,,          NaN,         NaN
,,,          NaN,,,,          NaN,         NaN
,,,          NaN,,,,          NaN,         NaN
,,,          NaN,,,,          NaN,         NaN
,,,          NaN,,,,          NaN,         NaN
,,,          NaN,,,,          NaN,         NaN
,,,          NaN,,,,          NaN,         NaN
,,,          NaN,,,,          NaN,         NaN
,,,          NaN,,,,          NaN,         NaN
,,,          NaN,,,,          NaN,         NaN
,,,          NaN,,,,          NaN,         NaN
,,,          NaN,,,,          NaN,         NaN
,,,          NaN,,,,          NaN,         NaN
,,,          NaN,,,,          NaN,         NaN
,,,          NaN,,,,          NaN,         NaN
,,,          NaN,,,,          NaN,         NaN
,,,          NaN,,,,          NaN,         NaN
,,,          NaN,,,,          NaN,         NaN
,,,          NaN,,,,          NaN,         NaN
,,,          NaN,,,,          NaN,         NaN
,,,          NaN,,,,          NaN,         NaN
,,,          NaN,,,,          NaN,         NaN
,,,          NaN,,,,          NaN,         NaN
,,,          NaN,,,,          NaN,         NaN
,,,          NaN,,,,          NaN,         NaN
,,,          NaN,,,,          NaN,         NaN
,,,          NaN,,,,          NaN,         NaN
,,,          NaN,,,,          NaN,         NaN
,,,          NaN,,,,          NaN,         NaN
,,,          NaN,,,,          NaN,         NaN
,,,          NaN,,,,          NaN,         NaN
,,,          NaN,,,,          NaN,         NaN
,,,          NaN,,,,          NaN,         NaN
,,,          NaN,,,,          NaN,         NaN
,,,          NaN,,,,          NaN,         NaN
,,,          NaN,,,,          NaN,         NaN
,,,          NaN,,,,          NaN,         NaN
,,,          NaN,,,,          NaN,         NaN
,,,          NaN,,,,          NaN,         NaN
,,,          NaN,,,,          NaN,         NaN
,,,          NaN,,,,          NaN,         NaN
,,,          NaN,,,,          NaN,         NaN
,,,          NaN,,,,          NaN,         NaN
,,,          NaN,,,,          NaN,         NaN
,,,          NaN,,,,          NaN,         NaN
,,,          NaN,,,,          NaN,         NaN
,,,          NaN,,,,          NaN,         NaN
,,,          NaN,,,,          NaN,         NaN
,,,          NaN,,,,          NaN,         NaN
,,,          NaN,,,,          NaN,         NaN
,,,          NaN,,,,          NaN,         NaN
,,,          NaN,,,,          NaN,         NaN
,,,          NaN,,,,          NaN,         NaN
,,,          NaN,,,,          NaN,         NaN
,,,          NaN,,,,          NaN,         NaN
,,,          NaN,,,,          NaN,         NaN
,,,          NaN,,,,          NaN,         NaN
,,,          NaN,,,,          NaN,         NaN
,,,          NaN,,,,          NaN,         NaN
,,,          NaN,,,,          NaN,         NaN
,,,          NaN,,,,          NaN,         NaN
,,,          NaN,,,,          NaN,         NaN
,,,          NaN,,,,          NaN,         NaN
,,,          NaN,,,,          NaN,         NaN
,,,          NaN,,,,          NaN,         NaN
,,,          NaN,,,,          NaN,         NaN
,,,          NaN,,,,          NaN,         NaN
,,,          NaN,,,,          NaN,         NaN
,,,          NaN,,,,          NaN,         NaN
,,,          NaN,,,,          NaN,         NaN
,,,          NaN,,,,          NaN,         NaN
,,,          NaN,,,,          NaN,         NaN
,,,          NaN,,,,          NaN,         NaN
,,,          NaN,,,,          NaN,         NaN
,,,          NaN,,,,          NaN,         NaN
,,,          NaN,,,,          NaN,         NaN
,,,          NaN,,,,          NaN,         NaN
,,,          NaN,,,,          NaN,         NaN
,,,          NaN,,,,          NaN,         NaN
,,,          NaN,,,,          NaN,         NaN
,,,          NaN,,,,          NaN,         NaN
,,,          NaN,,,,          NaN,         NaN
,,,          NaN,,,,          NaN,         NaN
,,,          NaN,,,,          NaN,         NaN
,,,          NaN,,,,          NaN,         NaN
,,,          NaN,,,,          NaN,         NaN
,,,          NaN,,,,          NaN,         NaN
,,,          NaN,,,,          NaN,         NaN
,,,          NaN,,,,          NaN,         NaN
,,,          NaN,,,,          NaN,         NaN
,,,          NaN,,,,          NaN,         NaN
,,,          NaN,,,,          NaN,         NaN
,,,          NaN,,,,          NaN,         NaN
,,,          NaN,,,,          NaN,         NaN
,,,          NaN,,,,          NaN,         NaN
,,,          NaN,,,,          NaN,         NaN
,,,          NaN,,,,          NaN,         NaN
,,,          NaN,,,,          NaN,         NaN
,,,          NaN,,,,          NaN,         NaN
,,,          NaN,,,,          NaN,         NaN
,,,          NaN,,,,          NaN,         NaN
,,,          NaN,,,,          NaN,         NaN
,,,          NaN,,,,          NaN,         NaN
,,,          NaN,,,,          NaN,         NaN
,,,          NaN,,,,          NaN,         NaN
,,,          NaN,,,,          NaN,         NaN
,,,          NaN,,,,          NaN,         NaN
,,,          NaN,,,,          NaN,         NaN
,,,          NaN,,,,          NaN,         NaN
,,,          NaN,,,,          NaN,         NaN
,,,          NaN,,,,          NaN,         NaN
,,,          NaN,,,,          NaN,         NaN
,,,          NaN,,,,          NaN,         NaN
,,,          NaN,,,,          NaN,         NaN
,,,          NaN,,,,          NaN,         NaN
,,,          NaN,,,,          NaN,         NaN
,,,          NaN,,,,          NaN,         NaN
,,,          NaN,,,,          NaN,         NaN
,,,          NaN,,,,          NaN,         NaN
,,,          NaN,,,,          NaN,         NaN
,,,          NaN,,,,          NaN,         NaN
,,,          NaN,,,,          NaN,         NaN
,,,          NaN,,,,          NaN,         NaN
,,,          NaN,,,,          NaN,         NaN
,,,          NaN,,,,          NaN,         NaN
,,,          NaN,,,,          NaN,         NaN
,,,          NaN,,,,          NaN,         NaN
,,,          NaN,,,,          NaN,         NaN
,,,          NaN,,,,          NaN,         NaN
,,,          NaN,,,,          NaN,         NaN
,,,          NaN,,,,          NaN,         NaN
,,,          NaN,,,,          NaN,         NaN
,,,          NaN,,,,          NaN,         NaN
,,,          NaN,,,,          NaN,         NaN
,,,          NaN,,,,          NaN,         NaN
,,,          NaN,,,,          NaN,         NaN
,,,          NaN,,,,          NaN,         NaN
,,,          NaN,,,,          NaN,         NaN
,,,          NaN,,,,          NaN,         NaN
,,,          NaN,,,,          NaN,         NaN
,,,          NaN,,,,          NaN,         NaN
,,,          NaN,,,,          NaN,         NaN
,,,          NaN,,,,          NaN,         NaN
,,,          NaN,,,,          NaN,         NaN
,,,          NaN,,,,          NaN,         NaN
,,,          NaN,,,,          NaN,         NaN
,,,          NaN,,,,          NaN,         NaN
,,,          NaN,,,,          NaN,         NaN
,,,          NaN,,,,          NaN,         NaN
,,,          NaN,,,,          NaN,         NaN
,,,          NaN,,,,          NaN,         NaN
,,,          NaN,,,,          NaN,         NaN
,,,          NaN,,,,          NaN,         NaN
,,,          NaN,,,,          NaN,         NaN
,,,          NaN,,,,          NaN,         NaN
,,,          NaN,,,,          NaN,         NaN
,,,          NaN,,,,          NaN,         NaN
,,,          NaN,,,,          NaN,         NaN
,,,          NaN,,,,          NaN,         NaN
,,,          NaN,,,,          NaN,         NaN
,,,          NaN,,,,          NaN,         NaN
,,,          NaN,,,,          NaN,         NaN
,,,          NaN,,,,          NaN,         NaN
,,,          NaN,,,,          NaN,         NaN
,,,          NaN,,,,          NaN,         NaN
,,,          NaN,,,,          NaN,         NaN
,,,          NaN,,,,          NaN,         NaN
,,,          NaN,,,,          NaN,         NaN
,,,          NaN,,,,          NaN,         NaN
,,,          NaN,,,,          NaN,         NaN
,,,          NaN,,,,          NaN,         NaN
,,,          NaN,,,,          NaN,         NaN
,,,          NaN,,,,          NaN,         NaN
,,,          NaN,,,,          NaN,         NaN
,,,          NaN,,,,          NaN,         NaN
,,,          NaN,,,,          NaN,         NaN
,,,          NaN,,,,          NaN,         NaN
,,,          NaN,,,,          NaN,         NaN
,,,          NaN,,,,          NaN,         NaN
,,,          NaN,,,,          NaN,         NaN
,,,          NaN,,,,          NaN,         NaN
,,,          NaN,,,,          NaN,         NaN
,,,          NaN,,,,          NaN,         NaN
,,,          NaN,,,,          NaN,         NaN
,,,          NaN,,,,          NaN,         NaN
,,,          NaN,,,,          NaN,         NaN
,,,          NaN,,,,          NaN,         NaN
,,,          NaN,,,,          NaN,         NaN
,,,          NaN,,,,          NaN,         NaN
,,,          NaN,,,,          NaN,         NaN
,,,          NaN,,,,          NaN,         NaN
,,,          NaN,,,,          NaN,         NaN
,,,          NaN,,,,          NaN,         NaN
,,,          NaN,,,,          NaN,         NaN
,,,          NaN,,,,          NaN,         NaN
,,,          NaN,,,,          NaN,         NaN
,,,          NaN,,,,          NaN,         NaN
,,,          NaN,,,,          NaN,         NaN
,,,          NaN,,,,          NaN,         NaN
,,,          NaN,,,,          NaN,         NaN
,,,          NaN,,,,          NaN,         NaN
,,,          NaN,,,,          NaN,         NaN
,,,          NaN,,,,          NaN,         NaN
,,,          NaN,,,,          NaN,         NaN
,,,          NaN,,,,          NaN,         NaN
,,,          NaN,,,,          NaN,         NaN
,,,          NaN,,,,          NaN,         NaN
,,,          NaN,,,,          NaN,         NaN
,,,          NaN,,,,          NaN,         NaN
,,,          NaN,,,,          NaN,         NaN
,,,          NaN,,,,          NaN,         NaN
,,,          NaN,,,,          NaN,         NaN
,,,          NaN,,,,          NaN,         NaN
,,,          NaN,,,,          NaN,         NaN
,,,          NaN,,,,          NaN,         NaN
,,,          NaN,,,,          NaN,         NaN
,,,          NaN,,,,          NaN,         NaN
,,,          NaN,,,,          NaN,         NaN
,,,          NaN,,,,          NaN,         NaN
,,,          NaN,,,,          NaN,         NaN
,,,          NaN,,,,          NaN,         NaN
,,,          NaN,,,,          NaN,         NaN
,,,          NaN,,,,          NaN,         NaN
,,,          NaN,,,,          NaN,         NaN
,,,          NaN,,,,          NaN,         NaN
,,,          NaN,,,,          NaN,         NaN
,,,          NaN,,,,          NaN,         NaN
,,,          NaN,,,,          NaN,         NaN
,,,          NaN,,,,          NaN,         NaN
,,,          NaN,,,,          NaN,         NaN
,,,          NaN,,,,          NaN,         NaN
,,,          NaN,,,,          NaN,         NaN
,,,          NaN,,,,          NaN,         NaN
,,,          NaN,,,,          NaN,         NaN
,,,          NaN,,,,          NaN,         NaN
,,,          NaN,,,,          NaN,         NaN
,,,          NaN,,,,          NaN,         NaN
,,,          NaN,,,,          NaN,         NaN
,,,          NaN,,,,          NaN,         NaN
,,,          NaN,,,,          NaN,         NaN
,,,          NaN,,,,          NaN,         NaN
,,,          NaN,,,,          NaN,         NaN
,,,          NaN,,,,          NaN,         NaN
,,,          NaN,,,,          NaN,         NaN
,,,          NaN,,,,          NaN,         NaN
,,,          NaN,,,,          NaN,         NaN
,,,          NaN,,,,          NaN,         NaN
,,,          NaN,,,,          NaN,         NaN
,,,          NaN,,,,          NaN,         NaN
,,,          NaN,,,,          NaN,         NaN
,,,          NaN,,,,          NaN,         NaN
,,,          NaN,,,,          NaN,         NaN
,,,          NaN,,,,          NaN,         NaN
,,,          NaN,,,,          NaN,         NaN
,,,          NaN,,,,          NaN,         NaN
,,,          NaN,,,,          NaN,         NaN
,,,          NaN,,,,          NaN,         NaN
,,,          NaN,,,,          NaN,         NaN
,,,          NaN,,,,          NaN,         NaN
,,,          NaN,,,,          NaN,         NaN
,,,          NaN,,,,          NaN,         NaN
,,,          NaN,,,,          NaN,         NaN
,,,          NaN,,,,          NaN,         NaN
,,,          NaN,,,,          NaN,         NaN
,,,          NaN,,,,          NaN,         NaN
,,,          NaN,,,,          NaN,         NaN
,,,          NaN,,,,          NaN,         NaN
,,,          NaN,,,,          NaN,         NaN
,,,          NaN,,,,          NaN,         NaN
,,,          NaN,,,,          NaN,         NaN
,,,          NaN,,,,          NaN,         NaN
,,,          NaN,,,,          NaN,         NaN
,,,          NaN,,,,          NaN,         NaN
,,,          NaN,,,,          NaN,         NaN
,,,          NaN,,,,          NaN,         NaN
,,,          NaN,,,,          NaN,         NaN
,,,          NaN,,,,          NaN,         NaN
,,,          NaN,,,,          NaN,         NaN
,,,          NaN,,,,          NaN,         NaN
,,,          NaN,,,,          NaN,         NaN
,,,          NaN,,,,          NaN,         NaN
,,,          NaN,,,,          NaN,         NaN
,,,          NaN,,,,          NaN,         NaN
,,,          NaN,,,,          NaN,         NaN
,,,          NaN,,,,          NaN,         NaN
,,,          NaN,,,,          NaN,         NaN
,,,          NaN,,,,          NaN,         NaN
,,,          NaN,,,,          NaN,         NaN
,,,          NaN,,,,          NaN,         NaN
,,,          NaN,,,,          NaN,         NaN
,,,          NaN,,,,          NaN,         NaN
,,,          NaN,,,,          NaN,         NaN
,,,          NaN,,,,          NaN,         NaN
,,,          NaN,,,,          NaN,         NaN
,,,          NaN,,,,          NaN,         NaN
,,,          NaN,,,,          NaN,         NaN
,,,          NaN,,,,          NaN,         NaN
,,,          NaN,,,,          NaN,         NaN
,,,          NaN,,,,          NaN,         NaN
,,,          NaN,,,,          NaN,         NaN
,,,          NaN,,,,          NaN,         NaN
,,,          NaN,,,,          NaN,         NaN
,,,          NaN,,,,          NaN,         NaN
,,,          NaN,,,,          NaN,         NaN
,,,          NaN,,,,          NaN,         NaN
,,,          NaN,,,,          NaN,         NaN
,,,          NaN,,,,          NaN,         NaN
,,,          NaN,,,,          NaN,         NaN
,,,          NaN,,,,          NaN,         NaN
,,,          NaN,,,,          NaN,         NaN
,,,          NaN,,,,          NaN,         NaN
,,,          NaN,,,,          NaN,         NaN
,,,          NaN,,,,          NaN,         NaN
,,,          NaN,,,,          NaN,         NaN
,,,          NaN,,,,          NaN,         NaN
,,,          NaN,,,,          NaN,         NaN
,,,          NaN,,,,          NaN,         NaN
,,,          NaN,,,,          NaN,         NaN
,,,          NaN,,,,          NaN,         NaN
,,,          NaN,,,,          NaN,         NaN
,,,          NaN,,,,          NaN,         NaN
,,,          NaN,,,,          NaN,         NaN
,,,          NaN,,,,          NaN,         NaN
,,,          NaN,,,,          NaN,         NaN
,,,          NaN,,,,          NaN,         NaN
,,,          NaN,,,,          NaN,         NaN
,,,          NaN,,,,          NaN,         NaN
,,,          NaN,,,,          NaN,         NaN
,,,          NaN,,,,          NaN,         NaN
,,,          NaN,,,,          NaN,         NaN
,,,          NaN,,,,          NaN,         NaN
,,,          NaN,,,,          NaN,         NaN
,,,          NaN,,,,          NaN,         NaN
,,,          NaN,,,,          NaN,         NaN
,,,          NaN,,,,          NaN,         NaN
,,,          NaN,,,,          NaN,         NaN
,,,          NaN,,,,          NaN,         NaN
,,,          NaN,,,,          NaN,         NaN
,,,          NaN,,,,          NaN,         NaN
,,,          NaN,,,,          NaN,         NaN
,,,          NaN,,,,          NaN,         NaN
,,,          NaN,,,,          NaN,         NaN
,,,          NaN,,,,          NaN,         NaN
,,,          NaN,,,,          NaN,         NaN
,,,          NaN,,,,          NaN,         NaN
,,,          NaN,,,,          NaN,         NaN
,,,          NaN,,,,          NaN,         NaN
,,,          NaN,,,,          NaN,         NaN
,,,          NaN,,,,          NaN,         NaN
,,,          NaN,,,,          NaN,         NaN
,,,          NaN,,,,          NaN,         NaN
,,,          NaN,,,,          NaN,         NaN
,,,          NaN,,,,          NaN,         NaN
,,,          NaN,,,,          NaN,         NaN
,,,          NaN,,,,          NaN,         NaN
,,,          NaN,,,,          NaN,         NaN
,,,          NaN,,,,          NaN,         NaN
,,,          NaN,,,,          NaN,         NaN
,,,          NaN,,,,          NaN,         NaN
,,,          NaN,,,,          NaN,         NaN
,,,          NaN,,,,          NaN,         NaN
,,,          NaN,,,,          NaN,         NaN
,,,          NaN,,,,          NaN,         NaN
,,,          NaN,,,,          NaN,         NaN
,,,          NaN,,,,          NaN,         NaN
,,,          NaN,,,,          NaN,         NaN
,,,          NaN,,,,          NaN,         NaN
,,,          NaN,,,,          NaN,         NaN
,,,          NaN,,,,          NaN,         NaN
,,,          NaN,,,,          NaN,         NaN
,,,          NaN,,,,          NaN,         NaN
,,,          NaN,,,,          NaN,         NaN
,,,          NaN,,,,          NaN,         NaN
,,,          NaN,,,,          NaN,         NaN
,,,          NaN,,,,          NaN,         NaN
,,,          NaN,,,,          NaN,         NaN
,,,          NaN,,,,          NaN,         NaN
,,,          NaN,,,,          NaN,         NaN
,,,          NaN,,,,          NaN,         NaN
,,,          NaN,,,,          NaN,         NaN
,,,          NaN,,,,          NaN,         NaN
,,,          NaN,,,,          NaN,         NaN
,,,          NaN,,,,          NaN,         NaN
,,,          NaN,,,,          NaN,         NaN
,,,          NaN,,,,          NaN,         NaN
,,,          NaN,,,,          NaN,         NaN
,,,          NaN,,,,          NaN,         NaN
,,,          NaN,,,,          NaN,         NaN
,,,          NaN,,,,          NaN,         NaN
,,,          NaN,,,,          NaN,         NaN
,,,          NaN,,,,          NaN,         NaN
,,,          NaN,,,,          NaN,         NaN
,,,          NaN,,,,          NaN,         NaN
,,,          NaN,,,,          NaN,         NaN
,,,          NaN,,,,          NaN,         NaN
,,,          NaN,,,,          NaN,         NaN
,,,          NaN,,,,          NaN,         NaN
,,,          NaN,,,,          NaN,         NaN
,,,          NaN,,,,          NaN,         NaN
,,,          NaN,,,,          NaN,         NaN
,,,          NaN,,,,          NaN,         NaN
,,,          NaN,,,,          NaN,         NaN
,,,          NaN,,,,          NaN,         NaN
,,,          NaN,,,,          NaN,         NaN
,,,          NaN,,,,          NaN,         NaN
,,,          NaN,,,,          NaN,         NaN
,,,          NaN,,,,          NaN,         NaN
,,,          NaN,,,,          NaN,         NaN
,,,          NaN,,,,          NaN,         NaN
,,,          NaN,,,,          NaN,         NaN
,,,          NaN,,,,          NaN,         NaN
,,,          NaN,,,,          NaN,         NaN
,,,          NaN,,,,          NaN,         NaN
,,,          NaN,,,,          NaN,         NaN
,,,          NaN,,,,          NaN,         NaN
,,,          NaN,,,,          NaN,         NaN
,,,          NaN,,,,          NaN,         NaN
,,,          NaN,,,,          NaN,         NaN
,,,          NaN,,,,          NaN,         NaN
,,,          NaN,,,,          NaN,         NaN
,,,          NaN,,,,          NaN,         NaN
,,,          NaN,,,,          NaN,         NaN
,,,          NaN,,,,          NaN,         NaN
,,,          NaN,,,,          NaN,         NaN
,,,          NaN,,,,          NaN,         NaN
,,,          NaN,,,,          NaN,         NaN
,,,          NaN,,,,          NaN,         NaN
,,,          NaN,,,,          NaN,         NaN
,,,          NaN,,,,          NaN,         NaN
,,,          NaN,,,,          NaN,         NaN
,,,          NaN,,,,          NaN,         NaN
,,,          NaN,,,,          NaN,         NaN
,,,          NaN,,,,          NaN,         NaN
,,,          NaN,,,,          NaN,         NaN
,,,          NaN,,,,          NaN,         NaN
,,,          NaN,,,,          NaN,         NaN
,,,          NaN,,,,          NaN,         NaN
,,,          NaN,,,,          NaN,         NaN
,,,          NaN,,,,          NaN,         NaN
,,,          NaN,,,,          NaN,         NaN
,,,          NaN,,,,          NaN,         NaN
,,,          NaN,,,,          NaN,         NaN
,,,          NaN,,,,          NaN,         NaN
,,,          NaN,,,,          NaN,         NaN
,,,          NaN,,,,          NaN,         NaN
,,,          NaN,,,,          NaN,         NaN
,,,          NaN,,,,          NaN,         NaN
,,,          NaN,,,,          NaN,         NaN
,,,          NaN,,,,          NaN,         NaN
,,,          NaN,,,,          NaN,         NaN
,,,          NaN,,,,          NaN,         NaN
,,,          NaN,,,,          NaN,         NaN
,,,          NaN,,,,          NaN,         NaN
,,,          NaN,,,,          NaN,         NaN
,,,          NaN,,,,          NaN,         NaN
,,,          NaN,,,,          NaN,         NaN
,,,          NaN,,,,          NaN,         NaN
,,,          NaN,,,,          NaN,         NaN
,,,          NaN,,,,          NaN,         NaN
,,,          NaN,,,,          NaN,         NaN
,,,          NaN,,,,          NaN,         NaN
,,,          NaN,,,,          NaN,         NaN
,,,          NaN,,,,          NaN,         NaN
,,,          NaN,,,,          NaN,         NaN
,,,          NaN,,,,          NaN,         NaN
,,,          NaN,,,,          NaN,         NaN
,,,          NaN,,,,          NaN,         NaN
,,,          NaN,,,,          NaN,         NaN
,,,          NaN,,,,          NaN,         NaN
,,,          NaN,,,,          NaN,         NaN
,,,          NaN,,,,          NaN,         NaN
,,,          NaN,,,,          NaN,         NaN
,,,          NaN,,,,          NaN,         NaN
,,,          NaN,,,,          NaN,         NaN
,,,          NaN,,,,          NaN,         NaN
,,,          NaN,,,,          NaN,         NaN
,,,          NaN,,,,          NaN,         NaN
,,,          NaN,,,,          NaN,         NaN
,,,          NaN,,,,          NaN,         NaN
,,,          NaN,,,,          NaN,         NaN
,,,          NaN,,,,          NaN,         NaN
,,,          NaN,,,,          NaN,         NaN
,,,          NaN,,,,          NaN,         NaN
,,,          NaN,,,,          NaN,         NaN
,,,          NaN,,,,          NaN,         NaN
,,,          NaN,,,,          NaN,         NaN
,,,          NaN,,,,          NaN,         NaN
,,,          NaN,,,,          NaN,         NaN
,,,          NaN,,,,          NaN,         NaN
,,,          NaN,,,,          NaN,         NaN
,,,          NaN,,,,          NaN,         NaN
,,,          NaN,,,,          NaN,         NaN
,,,          NaN,,,,          NaN,         NaN
,,,          NaN,,,,          NaN,         NaN
,,,          NaN,,,,          NaN,         NaN
,,,          NaN,,,,          NaN,         NaN
,,,          NaN,,,,          NaN,         NaN
,,,          NaN,,,,          NaN,         NaN
,,,          NaN,,,,          NaN,         NaN
,,,          NaN,,,,          NaN,         NaN
,,,          NaN,,,,          NaN,         NaN
,,,          NaN,,,,          NaN,         NaN
,,,          NaN,,,,          NaN,         NaN
,,,          NaN,,,,          NaN,         NaN
,,,          NaN,,,,          NaN,         NaN
,,,          NaN,,,,          NaN,         NaN
,,,          NaN,,,,          NaN,         NaN
,,,          NaN,,,,          NaN,         NaN
,,,          NaN,,,,          NaN,         NaN
,,,          NaN,,,,          NaN,         NaN
,,,          NaN,,,,          NaN,         NaN
,,,          NaN,,,,          NaN,         NaN
,,,          NaN,,,,          NaN,         NaN
,,,          NaN,,,,          NaN,         NaN
,,,          NaN,,,,          NaN,         NaN
,,,          NaN,,,,          NaN,         NaN
,,,          NaN,,,,          NaN,         NaN
,,,          NaN,,,,          NaN,         NaN
,,,          NaN,,,,          NaN,         NaN
,,,          NaN,,,,          NaN,         NaN
,,,          NaN,,,,          NaN,         NaN
,,,          NaN,,,,          NaN,         NaN
,,,          NaN,,,,          NaN,         NaN
,,,          NaN,,,,          NaN,         NaN
,,,          NaN,,,,          NaN,         NaN
,,,          NaN,,,,          NaN,         NaN
,,,          NaN,,,,          NaN,         NaN
,,,          NaN,,,,          NaN,         NaN
,,,          NaN,,,,          NaN,         NaN
,,,          NaN,,,,          NaN,         NaN
,,,          NaN,,,,          NaN,         NaN
,,,          NaN,,,,          NaN,         NaN
,,,          NaN,,,,          NaN,         NaN
,,,          NaN,,,,          NaN,         NaN
,,,          NaN,,,,          NaN,         NaN
,,,          NaN,,,,          NaN,         NaN
,,,          NaN,,,,          NaN,         NaN
,,,          NaN,,,,          NaN,         NaN
,,,          NaN,,,,          NaN,         NaN
,,,          NaN,,,,          NaN,         NaN
,,,          NaN,,,,          NaN,         NaN
,,,          NaN,,,,          NaN,         NaN
,,,          NaN,,,,          NaN,         NaN
,,,          NaN,,,,          NaN,         NaN
,,,          NaN,,,,          NaN,         NaN
,,,          NaN,,,,          NaN,         NaN
,,,          NaN,,,,          NaN,         NaN
,,,          NaN,,,,          NaN,         NaN
,,,          NaN,,,,          NaN,         NaN
,,,          NaN,,,,          NaN,         NaN
,,,          NaN,,,,          NaN,         NaN
,,,          NaN,,,,          NaN,         NaN
,,,          NaN,,,,          NaN,         NaN
,,,          NaN,,,,          NaN,         NaN
,,,          NaN,,,,          NaN,         NaN
,,,          NaN,,,,          NaN,         NaN
,,,          NaN,,,,          NaN,         NaN
,,,          NaN,,,,          NaN,         NaN
,,,          NaN,,,,          NaN,         NaN
,,,          NaN,,,,          NaN,         NaN
,,,          NaN,,,,          NaN,         NaN
,,,          NaN,,,,          NaN,         NaN
,,,          NaN,,,,          NaN,         NaN
,,,          NaN,,,,          NaN,         NaN
,,,          NaN,,,,          NaN,         NaN
,,,          NaN,,,,          NaN,         NaN
,,,          NaN,,,,          NaN,         NaN
,,,          NaN,,,,          NaN,         NaN
,,,          NaN,,,,          NaN,         NaN
,,,          NaN,,,,          NaN,         NaN
,,,          NaN,,,,          NaN,         NaN
,,,          NaN,,,,          NaN,         NaN
,,,          NaN,,,,          NaN,         NaN
,,,          NaN,,,,          NaN,         NaN
,,,          NaN,,,,          NaN,         NaN
,,,          NaN,,,,          NaN,         NaN
,,,          NaN,,,,          NaN,         NaN
,,,          NaN,,,,          NaN,         NaN
,,,          NaN,,,,          NaN,         NaN
,,,          NaN,,,,          NaN,         NaN
,,,          NaN,,,,          NaN,         NaN
,,,          NaN,,,,          NaN,         NaN
,,,          NaN,,,,          NaN,         NaN
,,,          NaN,,,,          NaN,         NaN
,,,          NaN,,,,          NaN,         NaN
,,,          NaN,,,,          NaN,         NaN
,,,          NaN,,,,          NaN,         NaN
,,,          NaN,,,,          NaN,         NaN
,,,          NaN,,,,          NaN,         NaN
,,,          NaN,,,,          NaN,         NaN
,,,          NaN,,,,          NaN,         NaN
,,,          NaN,,,,          NaN,         NaN
,,,          NaN,,,,          NaN,         NaN
,,,          NaN,,,,          NaN,         NaN
,,,          NaN,,,,          NaN,         NaN
,,,          NaN,,,,          NaN,         NaN
,,,          NaN,,,,          NaN,         NaN
,,,          NaN,,,,          NaN,         NaN
,,,          NaN,,,,          NaN,         NaN
,,,          NaN,,,,          NaN,         NaN
,,,          NaN,,,,          NaN,         NaN
,,,          NaN,,,,          NaN,         NaN
,,,          NaN,,,,          NaN,         NaN
,,,          NaN,,,,          NaN,         NaN
,,,          NaN,,,,          NaN,         NaN
,,,          NaN,,,,          NaN,         NaN
,,,          NaN,,,,          NaN,         NaN
,,,          NaN,,,,          NaN,         NaN
,,,          NaN,,,,          NaN,         NaN
,,,          NaN,,,,          NaN,         NaN
,,,          NaN,,,,          NaN,         NaN
,,,          NaN,,,,          NaN,         NaN
,,,          NaN,,,,          NaN,         NaN
,,,          NaN,,,,          NaN,         NaN
,,,          NaN,,,,          NaN,         NaN
,,,          NaN,,,,          NaN,         NaN
,,,          NaN,,,,          NaN,         NaN
,,,          NaN,,,,          NaN,         NaN
,,,          NaN,,,,          NaN,         NaN
,,,          NaN,,,,          NaN,         NaN
,,,          NaN,,,,          NaN,         NaN
,,,          NaN,,,,          NaN,         NaN
,,,          NaN,,,,          NaN,         NaN
,,,          NaN,,,,          NaN,         NaN
,,,          NaN,,,,          NaN,         NaN
,,,          NaN,,,,          NaN,         NaN
,,,          NaN,,,,          NaN,         NaN
,,,          NaN,,,,          NaN,         NaN
,,,          NaN,,,,          NaN,         NaN
,,,          NaN,,,,          NaN,         NaN
,,,          NaN,,,,          NaN,         NaN
,,,          NaN,,,,          NaN,         NaN
,,,          NaN,,,,          NaN,         NaN
,,,          NaN,,,,          NaN,         NaN
,,,          NaN,,,,          NaN,         NaN
,,,          NaN,,,,          NaN,         NaN
,,,          NaN,,,,          NaN,         NaN
,,,          NaN,,,,          NaN,         NaN
,,,          NaN,,,,          NaN,         NaN
,,,          NaN,,,,          NaN,         NaN
,,,          NaN,,,,          NaN,         NaN
,,,          NaN,,,,          NaN,         NaN
,,,          NaN,,,,          NaN,         NaN
,,,          NaN,,,,          NaN,         NaN
,,,          NaN,,,,          NaN,         NaN
,,,          NaN,,,,          NaN,         NaN
,,,          NaN,,,,          NaN,         NaN
,,,          NaN,,,,          NaN,         NaN
,,,          NaN,,,,          NaN,         NaN
,,,          NaN,,,,          NaN,         NaN
,,,          NaN,,,,          NaN,         NaN
,,,          NaN,,,,          NaN,         NaN
,,,          NaN,,,,          NaN,         NaN
,,,          NaN,,,,          NaN,         NaN
,,,          NaN,,,,          NaN,         NaN
,,,          NaN,,,,          NaN,         NaN
,,,          NaN,,,,          NaN,         NaN
,,,          NaN,,,,          NaN,         NaN
,,,          NaN,,,,          NaN,         NaN
,,,          NaN,,,,          NaN,         NaN
,,,          NaN,,,,          NaN,         NaN
,,,          NaN,,,,          NaN,         NaN
,,,          NaN,,,,          NaN,         NaN
,,,          NaN,,,,          NaN,         NaN
,,,          NaN,,,,          NaN,         NaN
,,,          NaN,,,,          NaN,         NaN
,,,          NaN,,,,          NaN,         NaN
,,,          NaN,,,,          NaN,         NaN
,,,          NaN,,,,          NaN,         NaN
,,,          NaN,,,,          NaN,         NaN
,,,          NaN,,,,          NaN,         NaN
,,,          NaN,,,,          NaN,         NaN
,,,          NaN,,,,          NaN,         NaN
,,,          NaN,,,,          NaN,         NaN
,,,          NaN,,,,          NaN,         NaN
,,,          NaN,,,,          NaN,         NaN
,,,          NaN,,,,          NaN,         NaN
,,,          NaN,,,,          NaN,         NaN
,,,          NaN,,,,          NaN,         NaN
,,,          NaN,,,,          NaN,         NaN
,,,          NaN,,,,          NaN,         NaN
,,,          NaN,,,,          NaN,         NaN
,,,          NaN,,,,          NaN,         NaN
,,,          NaN,,,,          NaN,         NaN
,,,          NaN,,,,          NaN,         NaN
,,,          NaN,,,,          NaN,         NaN
,,,          NaN,,,,          NaN,         NaN
,,,          NaN,,,,          NaN,         NaN
,,,          NaN,,,,          NaN,         NaN
,,,          NaN,,,,          NaN,         NaN
,,,          NaN,,,,          NaN,         NaN
,,,          NaN,,,,          NaN,         NaN
,,,          NaN,,,,          NaN,         NaN
,,,          NaN,,,,          NaN,         NaN
,,,          NaN,,,,          NaN,         NaN
,,,          NaN,,,,          NaN,         NaN
,,,          NaN,,,,          NaN,         NaN
,,,          NaN,,,,          NaN,         NaN
,,,          NaN,,,,          NaN,         NaN
,,,          NaN,,,,          NaN,         NaN
,,,          NaN,,,,          NaN,         NaN
,,,          NaN,,,,          NaN,         NaN
,,,          NaN,,,,          NaN,         NaN
,,,          NaN,,,,          NaN,         NaN
,,,          NaN,,,,          NaN,         NaN
,,,          NaN,,,,          NaN,         NaN
,,,          NaN,,,,          NaN,         NaN
,,,          NaN,,,,          NaN,         NaN
,,,          NaN,,,,          NaN,         NaN
,,,          NaN,,,,          NaN,         NaN
,,,          NaN,,,,          NaN,         NaN
,,,          NaN,,,,          NaN,         NaN
,,,          NaN,,,,          NaN,         NaN
,,,          NaN,,,,          NaN,         NaN
,,,          NaN,,,,          NaN,         NaN
,,,          NaN,,,,          NaN,         NaN
,,,          NaN,,,,          NaN,         NaN
,,,          NaN,,,,          NaN,         NaN
,,,          NaN,,,,          NaN,         NaN
,,,          NaN,,,,          NaN,         NaN
,,,          NaN,,,,          NaN,         NaN
,,,          NaN,,,,          NaN,         NaN
,,,          NaN,,,,          NaN,         NaN
,,,          NaN,,,,          NaN,         NaN
,,,          NaN,,,,          NaN,         NaN
,,,          NaN,,,,          NaN,         NaN
,,,          NaN,,,,          NaN,         NaN
,,,          NaN,,,,          NaN,         NaN
,,,          NaN,,,,          NaN,         NaN
,,,          NaN,,,,          NaN,         NaN
,,,          NaN,,,,          NaN,         NaN
,,,          NaN,,,,          NaN,         NaN
,,,          NaN,,,,          NaN,         NaN
,,,          NaN,,,,          NaN,         NaN
,,,          NaN,,,,          NaN,         NaN
,,,          NaN,,,,          NaN,         NaN
,,,          NaN,,,,          NaN,         NaN
,,,          NaN,,,,          NaN,         NaN
,,,          NaN,,,,          NaN,         NaN
,,,          NaN,,,,          NaN,         NaN
,,,          NaN,,,,          NaN,         NaN
,,,          NaN,,,,          NaN,         NaN
,,,          NaN,,,,          NaN,         NaN
,,,          NaN,,,,          NaN,         NaN
,,,          NaN,,,,          NaN,         NaN
,,,          NaN,,,,          NaN,         NaN
,,,          NaN,,,,          NaN,         NaN
,,,          NaN,,,,          NaN,         NaN
,,,          NaN,,,,          NaN,
,,,          NaN,,,,          NaN,
,,,          NaN,,,,          NaN,
,,,          NaN,,,,          NaN,
,,,          NaN,,,,          NaN,
,,,          NaN,,,,          NaN,
,,,          NaN,,,,          NaN,
,,,          NaN,,,,          NaN,
,,,          NaN,,,,          NaN,
,,,          NaN,,,,          NaN,
,,,          NaN,,,,          NaN,
,,,          NaN,,,,          NaN,
,,,          NaN,,,,          NaN,
,,,          NaN,,,,          NaN,
,,,          NaN,,,,          NaN,
,,,          NaN,,,,          NaN,
,,,          NaN,,,,          NaN,
,,,          NaN,,,,          NaN,
,,,          NaN,,,,          NaN,
,,,          NaN,,,,          NaN,
,,,          NaN,,,,          NaN,
,,,          NaN,,,,          NaN,
,,,          NaN,,,,          NaN,
,,,          NaN,,,,          NaN,
,,,          NaN,,,,          NaN,
,,,          NaN,,,,          NaN,
,,,          NaN,,,,          NaN,
,,,          NaN,,,,          NaN,
,,,          NaN,,,,          NaN,
,,,          NaN,,,,          NaN,
,,,          NaN,,,,          NaN,
,,,          NaN,,,,          NaN,
,,,          NaN,,,,          NaN,
,,,          NaN,,,,          NaN,
,,,          NaN,,,,          NaN,
,,,          NaN,,,,          NaN,
,,,          NaN,,,,          NaN,
,,,          NaN,,,,          NaN,
,,,          NaN,,,,          NaN,
,,,          NaN,,,,          NaN,
,,,          NaN,,,,          NaN,
,,,          NaN,,,,          NaN,
,,,          NaN,,,,          NaN,
,,,          NaN,,,,          NaN,
,,,          NaN,,,,          NaN,
,,,          NaN,,,,          NaN,
,,,          NaN,,,,          NaN,
,,,          NaN,,,,          NaN,
,,,          NaN,,,,          NaN,
,,,          NaN,,,,          NaN,
,,,          NaN,,,,          NaN,
,,,          NaN,,,,          NaN,
,,,          NaN,,,,          NaN,
,,,          NaN,,,,          NaN,
,,,          NaN,,,,          NaN,
,,,          NaN,,,,          NaN,
,,,          NaN,,,,          NaN,
,,,          NaN,,,,          NaN,
,,,          NaN,,,,          NaN,
,,,          NaN,,,,          NaN,
,,,          NaN,,,,          NaN,
,,,          NaN,,,,          NaN,
,,,          NaN,,,,          NaN,
,,,          NaN,,,,          NaN,
,,,          NaN,,,,          NaN,
,,,          NaN,,,,          NaN,
,,,          NaN,,,,          NaN,
,,,          NaN,,,,          NaN,
,,,          NaN,,,,          NaN,
,,,          NaN,,,,          NaN,
,,,          NaN,,,,          NaN,
,,,          NaN,,,,          NaN,
,,,          NaN,,,,          NaN,
,,,          NaN,,,,          NaN,
,,,          NaN,,,,          NaN,
,,,          NaN,,,,          NaN,
,,,          NaN,,,,          NaN,
,,,          NaN,,,,          NaN,
,,,          NaN,,,,          NaN,
,,,          NaN,,,,          NaN,
,,,          NaN,,,,          NaN,
,,,          NaN,,,,          NaN,
,,,          NaN,,,,          NaN,
,,,          NaN,,,,          NaN,
,,,          NaN,,,,          NaN,
,,,          NaN,,,,          NaN,
,,,          NaN,,,,          NaN,
,,,          NaN,,,,          NaN,
,,,          NaN,,,,          NaN,
,,,          NaN,,,,          NaN,
,,,          NaN,,,,          NaN,
,,,          NaN,,,,          NaN,
,,,          NaN,,,,          NaN,
,,,          NaN,,,,          NaN,
,,,          NaN,,,,          NaN,
,,,          NaN,,,,          NaN,
,,,          NaN,,,,          NaN,
,,,          NaN,,,,          NaN,
,,,          NaN,,,,          NaN,
,,,          NaN,,,,          NaN,
,,,          NaN,,,,          NaN,
,,,          NaN,,,,          NaN,
,,,          NaN,,,,          NaN,
,,,          NaN,,,,          NaN,
,,,          NaN,,,,          NaN,
,,,          NaN,,,,          NaN,
,,,          NaN,,,,          NaN,
,,,          NaN,,,,          NaN,
,,,          NaN,,,,          NaN,
,,,          NaN,,,,          NaN,
,,,          NaN,,,,          NaN,
,,,          NaN,,,,          NaN,
,,,          NaN,,,,          NaN,
,,,          NaN,,,,          NaN,
,,,          NaN,,,,          NaN,
,,,          NaN,,,,          NaN,
,,,          NaN,,,,          NaN,
,,,          NaN,,,,          NaN,
,,,          NaN,,,,          NaN,
,,,          NaN,,,,          NaN,
,,,          NaN,,,,          NaN,
,,,          NaN,,,,          NaN,
,,,          NaN,,,,          NaN,
,,,          NaN,,,,          NaN,
,,,          NaN,,,,          NaN,
,,,          NaN,,,,          NaN,
,,,          NaN,,,,          NaN,
,,,          NaN,,,,          NaN,
,,,          NaN,,,,          NaN,
,,,          NaN,,,,          NaN,
,,,          NaN,,,,          NaN,
,,,          NaN,,,,          NaN,
,,,          NaN,,,,          NaN,
,,,          NaN,,,,          NaN,
,,,          NaN,,,,          NaN,
,,,          NaN,,,,          NaN,
,,,          NaN,,,,          NaN,
,,,          NaN,,,,          NaN,
,,,          NaN,,,,          NaN,
,,,          NaN,,,,          NaN,
,,,          NaN,,,,          NaN,
,,,          NaN,,,,          NaN,
,,,          NaN,,,,          NaN,
,,,          NaN,,,,          NaN,
,,,          NaN,,,,          NaN,
,,,          NaN,,,,          NaN,
,,,          NaN,,,,          NaN,
,,,          NaN,,,,          NaN,
,,,          NaN,,,,          NaN,
,,,          NaN,,,,          NaN,
,,,          NaN,,,,          NaN,
,,,          NaN,,,,          NaN,
,,,          NaN,,,,          NaN,
,,,          NaN,,,,          NaN,
,,,          NaN,,,,          NaN,
,,,          NaN,,,,          NaN,
,,,          NaN,,,,          NaN,
,,,          NaN,,,,          NaN,
,,,          NaN,,,,          NaN,
,,,          NaN,,,,          NaN,
,,,          NaN,,,,          NaN,
,,,          NaN,,,,          NaN,
,,,          NaN,,,,          NaN,
,,,          NaN,,,,          NaN,
,,,          NaN,,,,          NaN,
,,,          NaN,,,,          NaN,
,,,          NaN,,,,          NaN,
,,,          NaN,,,,          NaN,
,,,          NaN,,,,          NaN,
,,,          NaN,,,,          NaN,
,,,          NaN,,,,          NaN,
,,,          NaN,,,,          NaN,
,,,          NaN,,,,          NaN,
,,,          NaN,,,,          NaN,
,,,          NaN,,,,          NaN,
,,,          NaN,,,,          NaN,
,,,          NaN,,,,          NaN,
,,,          NaN,,,,          NaN,
,,,          NaN,,,,          NaN,
,,,          NaN,,,,          NaN,
,,,          NaN,,,,          NaN,
,,,          NaN,,,,          NaN,
,,,          NaN,,,,          NaN,
,,,          NaN,,,,          NaN,
,,,          NaN,,,,          NaN,
,,,          NaN,,,,          NaN,
,,,          NaN,,,,          NaN,
,,,          NaN,,,,          NaN,
,,,          NaN,,,,          NaN,
,,,          NaN,,,,          NaN,
,,,          NaN,,,,          NaN,
,,,          NaN,,,,          NaN,
,,,          NaN,,,,          NaN,
,,,          NaN,,,,          NaN,
,,,          NaN,,,,          NaN,
,,,          NaN,,,,          NaN,
,,,          NaN,,,,          NaN,
,,,          NaN,,,,          NaN,
,,,          NaN,,,,          NaN,
,,,          NaN,,,,          NaN,
,,,          NaN,,,,          NaN,
,,,          NaN,,,,          NaN,
,,,          NaN,,,,          NaN,
,,,          NaN,,,,          NaN,
,,,          NaN,,,,          NaN,
,,,          NaN,,,,          NaN,
,,,          NaN,,,,          NaN,
,,,          NaN,,,,          NaN,
,,,          NaN,,,,          NaN,
,,,          NaN,,,,          NaN,
,,,          NaN,,,,          NaN,
,,,          NaN,,,,          NaN,
,,,          NaN,,,,          NaN,
,,,          NaN,,,,          NaN,
,,,          NaN,,,,          NaN,
,,,          NaN,,,,          NaN,
,,,          NaN,,,,          NaN,
,,,          NaN,,,,          NaN,
,,,          NaN,,,,          NaN,
,,,          NaN,,,,          NaN,
,,,          NaN,,,,          NaN,
,,,          NaN,,,,          NaN,
,,,          NaN,,,,          NaN,
,,,          NaN,,,,          NaN,
,,,          NaN,,,,          NaN,
,,,          NaN,,,,          NaN,
,,,          NaN,,,,          NaN,
,,,          NaN,,,,          NaN,
,,,          NaN,,,,          NaN,
,,,          NaN,,,,          NaN,
,,,          NaN,,,,          NaN,
,,,          NaN,,,,          NaN,
,,,          NaN,,,,          NaN,
,,,          NaN,,,,          NaN,
,,,          NaN,,,,          NaN,
,,,          NaN,,,,          NaN,
,,,          NaN,,,,          NaN,
,,,          NaN,,,,          NaN,
,,,          NaN,,,,          NaN,
,,,          NaN,,,,          NaN,
,,,          NaN,,,,          NaN,
,,,          NaN,,,,          NaN,
,,,          NaN,,,,          NaN,
,,,          NaN,,,,          NaN,
,,,          NaN,,,,          NaN,
,,,          NaN,,,,          NaN,
,,,          NaN,,,,          NaN,
,,,          NaN,,,,          NaN,
,,,          NaN,,,,          NaN,
,,,          NaN,,,,          NaN,
,,,          NaN,,,,          NaN,
,,,          NaN,,,,          NaN,
,,,          NaN,,,,          NaN,
,,,          NaN,,,,          NaN,
,,,          NaN,,,,          NaN,
,,,          NaN,,,,          NaN,
,,,          NaN,,,,          NaN,
,,,          NaN,,,,          NaN,
,,,          NaN,,,,          NaN,
,,,          NaN,,,,          NaN,
,,,          NaN,,,,          NaN,
,,,          NaN,,,,          NaN,
,,,          NaN,,,,          NaN,
,,,          NaN,,,,          NaN,
,,,          NaN,,,,          NaN,
,,,          NaN,,,,          NaN,
,,,          NaN,,,,          NaN,
,,,          NaN,,,,          NaN,
,,,          NaN,,,,          NaN,
,,,          NaN,,,,          NaN,
,,,          NaN,,,,          NaN,
,,,          NaN,,,,          NaN,
,,,          NaN,,,,          NaN,
,,,          NaN,,,,          NaN,
,,,          NaN,,,,          NaN,
,,,          NaN,,,,          NaN,
,,,          NaN,,,,          NaN,
,,,          NaN,,,,          NaN,
,,,          NaN,,,,          NaN,
,,,          NaN,,,,          NaN,
,,,          NaN,,,,          NaN,
,,,          NaN,,,,          NaN,
,,,          NaN,,,,          NaN,
,,,          NaN,,,,          NaN,
,,,          NaN,,,,          NaN,
,,,          NaN,,,,          NaN,
,,,          NaN,,,,          NaN,
,,,          NaN,,,,          NaN,
,,,          NaN,,,,          NaN,
,,,          NaN,,,,          NaN,
,,,          NaN,,,,          NaN,
,,,          NaN,,,,          NaN,
,,,          NaN,,,,          NaN,
,,,          NaN,,,,          NaN,
,,,          NaN,,,,          NaN,
,,,          NaN,,,,          NaN,
,,,          NaN,,,,          NaN,
,,,          NaN,,,,          NaN,
,,,          NaN,,,,          NaN,
,,,          NaN,,,,          NaN,
,,,          NaN,,,,          NaN,
,,,          NaN,,,,          NaN,
,,,          NaN,,,,          NaN,
,,,          NaN,,,,          NaN,
,,,          NaN,,,,          NaN,
,,,          NaN,,,,          NaN,
,,,          NaN,,,,          NaN,
,,,          NaN,,,,          NaN,
,,,          NaN,,,,          NaN,
,,,          NaN,,,,          NaN,
,,,          NaN,,,,          NaN,
,,,          NaN,,,,          NaN,
,,,          NaN,,,,          NaN,
,,,          NaN,,,,          NaN,
,,,          NaN,,,,          NaN,
,,,          NaN,,,,          NaN,
,,,          NaN,,,,          NaN,
,,,          NaN,,,,          NaN,
,,,          NaN,,,,          NaN,
,,,          NaN,,,,          NaN,
,,,          NaN,,,,          NaN,
,,,          NaN,,,,          NaN,
,,,          NaN,,,,          NaN,
,,,          NaN,,,,          NaN,
,,,          NaN,,,,          NaN,
,,,          NaN,,,,          NaN,
,,,          NaN,,,,          NaN,
,,,          NaN,,,,          NaN,
,,,          NaN,,,,          NaN,
,,,          NaN,,,,          NaN,
,,,          NaN,,,,          NaN,
,,,          NaN,,,,          NaN,
,,,          NaN,,,,          NaN,
,,,          NaN,,,,          NaN,
,,,          NaN,,,,          NaN,
,,,          NaN,,,,          NaN,
,,,          NaN,,,,          NaN,
,,,          NaN,,,,          NaN,
,,,          NaN,,,,          NaN,
,,,          NaN,,,,          NaN,
,,,          NaN,,,,          NaN,
,,,          NaN,,,,          NaN,
,,,          NaN,,,,          NaN,
,,,          NaN,,,,          NaN,
,,,          NaN,,,,          NaN,
,,,          NaN,,,,          NaN,
,,,          NaN,,,,          NaN,
,,,          NaN,,,,          NaN,
,,,          NaN,,,,          NaN,
,,,          NaN,,,,          NaN,
,,,          NaN,,,,          NaN,
,,,          NaN,,,,          NaN,
,,,          NaN,,,,          NaN,
,,,          NaN,,,,          NaN,
,,,          NaN,,,,          NaN,
,,,          NaN,,,,          NaN,
,,,          NaN,,,,          NaN,
,,,          NaN,,,,          NaN,
,,,          NaN,,,,          NaN,
,,,          NaN,,,,          NaN,
,,,          NaN,,,,          NaN,
,,,          NaN,,,,          NaN,
,,,          NaN,,,,          NaN,
,,,          NaN,,,,          NaN,
,,,          NaN,,,,          NaN,
,,,          NaN,,,,          NaN,
,,,          NaN,,,,          NaN,
,,,          NaN,,,,          NaN,
,,,          NaN,,,,          NaN,
,,,          NaN,,,,          NaN,
,,,          NaN,,,,          NaN,
,,,          NaN,,,,          NaN,
,,,          NaN,,,,          NaN,
,,,          NaN,,,,          NaN,
,,,          NaN,,,,          NaN,
,,,          NaN,,,,          NaN,
,,,          NaN,,,,          NaN,
,,,          NaN,,,,          NaN,
,,,          NaN,,,,          NaN,
,,,          NaN,,,,          NaN,
,,,          NaN,,,,          NaN,
,,,          NaN,,,,          NaN,
,,,          NaN,,,,          NaN,
,,,          NaN,,,,          NaN,
,,,          NaN,,,,          NaN,
,,,          NaN,,,,          NaN,
,,,          NaN,,,,          NaN,
,,,          NaN,,,,          NaN,
,,,          NaN,,,,          NaN,
,,,          NaN,,,,          NaN,
,,,          NaN,,,,          NaN,
,,,          NaN,,,,          NaN,
,,,          NaN,,,,          NaN,
,,,          NaN,,,,          NaN,
,,,          NaN,,,,          NaN,
,,,          NaN,,,,          NaN,
,,,          NaN,,,,          NaN,
,,,          NaN,,,,          NaN,
,,,          NaN,,,,          NaN,
,,,          NaN,,,,          NaN,
,,,          NaN,,,,          NaN,
,,,          NaN,,,,          NaN,
,,,          NaN,,,,          NaN,
,,,          NaN,,,,          NaN,
,,,          NaN,,,,          NaN,
,,,          NaN,,,,          NaN,
,,,          NaN,,,,          NaN,
,,,          NaN,,,,          NaN,
,,,          NaN,,,,          NaN,
,,,          NaN,,,,          NaN,
,,,          NaN,,,,          NaN,
,,,          NaN,,,,          NaN,
,,,          NaN,,,,          NaN,
,,,          NaN,,,,          NaN,
,,,          NaN,,,,          NaN,
,,,          NaN,,,,          NaN,
,,,          NaN,,,,          NaN,
,,,          NaN,,,,          NaN,
,,,          NaN,,,,          NaN,
,,,          NaN,,,,          NaN,
,,,          NaN,,,,          NaN,
,,,          NaN,,,,          NaN,
,,,          NaN,,,,          NaN,
,,,          NaN,,,,          NaN,
,,,          NaN,,,,          NaN,
,,,          NaN,,,,          NaN,
,,,          NaN,,,,          NaN,
,,,          NaN,,,,          NaN,
,,,          NaN,,,,          NaN,
,,,          NaN,,,,          NaN,
,,,          NaN,,,,          NaN,
,,,          NaN,,,,          NaN,
,,,          NaN,,,,          NaN,
,,,          NaN,,,,          NaN,
,,,          NaN,,,,          NaN,
,,,          NaN,,,,          NaN,
,,,          NaN,,,,          NaN,
,,,          NaN,,,,          NaN,
,,,          NaN,,,,          NaN,
,,,          NaN,,,,          NaN,
,,,          NaN,,,,          NaN,
,,,          NaN,,,,          NaN,
,,,          NaN,,,,          NaN,
,,,          NaN,,,,          NaN,
,,,          NaN,,,,          NaN,
,,,          NaN,,,,          NaN,
,,,          NaN,,,,          NaN,
,,,          NaN,,,,          NaN,
,,,          NaN,,,,          NaN,
,,,          NaN,,,,          NaN,
,,,          NaN,,,,          NaN,
,,,          NaN,,,,          NaN,
,,,          NaN,,,,          NaN,
,,,          NaN,,,,          NaN,
,,,          NaN,,,,          NaN,
,,,          NaN,,,,          NaN,
,,,          NaN,,,,          NaN,
,,,          NaN,,,,          NaN,
,,,          NaN,,,,          NaN,
,,,          NaN,,,,          NaN,
,,,          NaN,,,,          NaN,
,,,          NaN,,,,          NaN,
,,,          NaN,,,,          NaN,
,,,          NaN,,,,          NaN,
,,,          NaN,,,,          NaN,
,,,          NaN,,,,          NaN,
,,,          NaN,,,,          NaN,
,,,          NaN,,,,          NaN,
,,,          NaN,,,,          NaN,
,,,          NaN,,,,          NaN,
,,,          NaN,,,,          NaN,
,,,          NaN,,,,          NaN,
,,,          NaN,,,,          NaN,
,,,          NaN,,,,          NaN,
,,,          NaN,,,,          NaN,
,,,          NaN,,,,          NaN,
,,,          NaN,,,,          NaN,
,,,          NaN,,,,          NaN,
,,,          NaN,,,,          NaN,
,,,          NaN,,,,          NaN,
,,,          NaN,,,,          NaN,
,,,          NaN,,,,          NaN,
,,,          NaN,,,,          NaN,
,,,          NaN,,,,          NaN,
,,,          NaN,,,,          NaN,
,,,          NaN,,,,          NaN,
,,,          NaN,,,,          NaN,
,,,          NaN,,,,          NaN,
,,,          NaN,,,,          NaN,
,,,          NaN,,,,          NaN,
,,,          NaN,,,,          NaN,
,,,          NaN,,,,          NaN,
,,,          NaN,,,,          NaN,
,,,          NaN,,,,          NaN,
,,,          NaN,,,,          NaN,
,,,          NaN,,,,          NaN,
,,,          NaN,,,,          NaN,
,,,          NaN,,,,          NaN,
,,,          NaN,,,,          NaN,
,,,          NaN,,,,          NaN,
,,,          NaN,,,,          NaN,
,,,          NaN,,,,          NaN,
,,,          NaN,,,,          NaN,
,,,          NaN,,,,          NaN,
,,,          NaN,,,,          NaN,
,,,          NaN,,,,          NaN,
,,,          NaN,,,,          NaN,
,,,          NaN,,,,          NaN,
,,,          NaN,,,,          NaN,
,,,          NaN,,,,          NaN,
,,,          NaN,,,,          NaN,
,,,          NaN,,,,          NaN,
,,,          NaN,,,,          NaN,
,,,          NaN,,,,          NaN,
,,,          NaN,,,,          NaN,
,,,          NaN,,,,          NaN,
,,,          NaN,,,,          NaN,
,,,          NaN,,,,          NaN,
,,,          NaN,,,,          NaN,
,,,          NaN,,,,          NaN,
,,,          NaN,,,,          NaN,
,,,          NaN,,,,          NaN,
,,,          NaN,,,,          NaN,
,,,          NaN,,,,          NaN,
,,,          NaN,,,,          NaN,
,,,          NaN,,,,          NaN,
,,,          NaN,,,,          NaN,
,,,          NaN,,,,          NaN,
,,,          NaN,,,,          NaN,
,,,          NaN,,,,          NaN,
,,,          NaN,,,,          NaN,
,,,          NaN,,,,          NaN,
,,,          NaN,,,,          NaN,
,,,          NaN,,,,          NaN,
,,,          NaN,,,,          NaN,
,,,          NaN,,,,          NaN,
,,,          NaN,,,,          NaN,
,,,          NaN,,,,          NaN,
,,,          NaN,,,,          NaN,
,,,          NaN,,,,          NaN,
,,,          NaN,,,,          NaN,
,,,          NaN,,,,          NaN,
,,,          NaN,,,,          NaN,
,,,          NaN,,,,          NaN,
,,,          NaN,,,,          NaN,
,,,          NaN,,,,          NaN,
,,,          NaN,,,,          NaN,
,,,          NaN,,,,          NaN,
,,,          NaN,,,,          NaN,
,,,          NaN,,,,          NaN,
,,,          NaN,,,,          NaN,
,,,          NaN,,,,          NaN,
,,,          NaN,,,,          NaN,
,,,          NaN,,,,          NaN,
,,,          NaN,,,,          NaN,
,,,          NaN,,,,          NaN,
,,,          NaN,,,,          NaN,
,,,          NaN,,,,          NaN,
,,,          NaN,,,,          NaN,
,,,          NaN,,,,          NaN,
,,,          NaN,,,,          NaN,
,,,          NaN,,,,          NaN,
,,,          NaN,,,,          NaN,
,,,          NaN,,,,          NaN,
,,,          NaN,,,,          NaN,
,,,          NaN,,,,          NaN,
,,,          NaN,,,,          NaN,
,,,          NaN,,,,          NaN,
,,,          NaN,,,,          NaN,
,,,          NaN,,,,          NaN,
,,,          NaN,,,,          NaN,
,,,          NaN,,,,          NaN,
,,,          NaN,,,,          NaN,
,,,          NaN,,,,          NaN,
,,,          NaN,,,,          NaN,
,,,          NaN,,,,          NaN,
,,,          NaN,,,,          NaN,
,,,          NaN,,,,          NaN,
,,,          NaN,,,,          NaN,
,,,          NaN,,,,          NaN,
,,,          NaN,,,,          NaN,
,,,          NaN,,,,          NaN,
,,,          NaN,,,,          NaN,
,,,          NaN,,,,          NaN,
,,,          NaN,,,,          NaN,
,,,          NaN,,,,          NaN,
,,,          NaN,,,,          NaN,
,,,          NaN,,,,          NaN,
,,,          NaN,,,,          NaN,
,,,          NaN,,,,          NaN,
,,,          NaN,,,,          NaN,
,,,          NaN,,,,          NaN,
,,,          NaN,,,,          NaN,
,,,          NaN,,,,          NaN,
,,,          NaN,,,,          NaN,
,,,          NaN,,,,          NaN,
,,,          NaN,,,,          NaN,
,,,          NaN,,,,          NaN,
,,,          NaN,,,,          NaN,
,,,          NaN,,,,          NaN,
,,,          NaN,,,,          NaN,
,,,          NaN,,,,          NaN,
,,,          NaN,,,,          NaN,
,,,          NaN,,,,          NaN,
,,,          NaN,,,,          NaN,
,,,          NaN,,,,          NaN,
,,,          NaN,,,,          NaN,
,,,          NaN,,,,          NaN,
,,,          NaN,,,,          NaN,
,,,          NaN,,,,          NaN,
,,,          NaN,,,,          NaN,
,,,          NaN,,,,          NaN,
,,,          NaN,,,,          NaN,
,,,          NaN,,,,          NaN,
,,,          NaN,,,,          NaN,
,,,          NaN,,,,          NaN,
,,,          NaN,,,,          NaN,
,,,          NaN,,,,          NaN,
,,,          NaN,,,,          NaN,
,,,          NaN,,,,          NaN,
,,,          NaN,,,,          NaN,
,,,          NaN,,,,          NaN,
,,,          NaN,,,,          NaN,
,,,          NaN,,,,          NaN,
,,,          NaN,,,,          NaN,
,,,          NaN,,,,          NaN,
,,,          NaN,,,,          NaN,
,,,          NaN,,,,          NaN,
,,,          NaN,,,,          NaN,
,,,          NaN,,,,          NaN,
,,,          NaN,,,,          NaN,
,,,          NaN,,,,          NaN,
,,,          NaN,,,,          NaN,
,,,          NaN,,,,          NaN,
,,,          NaN,,,,          NaN,
,,,          NaN,,,,          NaN,
,,,          NaN,,,,          NaN,
,,,          NaN,,,,          NaN,
,,,          NaN,,,,          NaN,
,,,          NaN,,,,          NaN,
,,,          NaN,,,,          NaN,
,,,          NaN,,,,          NaN,
,,,          NaN,,,,          NaN,
,,,          NaN,,,,          NaN,
,,,          NaN,,,,          NaN,
,,,          NaN,,,,          NaN,
,,,          NaN,,,,          NaN,
,,,          NaN,,,,          NaN,
,,,          NaN,,,,          NaN,
,,,          NaN,,,,          NaN,
,,,          NaN,,,,          NaN,
,,,          NaN,,,,          NaN,
,,,          NaN,,,,          NaN,
,,,          NaN,,,,          NaN,
,,,          NaN,,,,          NaN,
,,,          NaN,,,,          NaN,
,,,          NaN,,,,          NaN,
,,,          NaN,,,,          NaN,
,,,          NaN,,,,          NaN,
,,,          NaN,,,,          NaN,
,,,          NaN,,,,          NaN,
,,,          NaN,,,,          NaN,
,,,          NaN,,,,          NaN,
,,,          NaN,,,,          NaN,
,,,          NaN,,,,          NaN,
,,,          NaN,,,,          NaN,
,,,          NaN,,,,          NaN,
,,,          NaN,,,,          NaN,
,,,          NaN,,,,          NaN,
,,,          NaN,,,,          NaN,
,,,          NaN,,,,          NaN,
,,,          NaN,,,,          NaN,
,,,          NaN,,,,          NaN,
,,,          NaN,,,,          NaN,
,,,          NaN,,,,          NaN,
,,,          NaN,,,,          NaN,
,,,          NaN,,,,          NaN,
,,,          NaN,,,,          NaN,
,,,          NaN,,,,          NaN,
,,,          NaN,,,,          NaN,
,,,          NaN,,,,          NaN,
,,,          NaN,,,,          NaN,
,,,          NaN,,,,          NaN,
,,,          NaN,,,,          NaN,
,,,          NaN,,,,          NaN,
,,,          NaN,,,,          NaN,
,,,          NaN,,,,          NaN,
,,,          NaN,,,,          NaN,
,,,          NaN,,,,          NaN,
,,,          NaN,,,,          NaN,
,,,          NaN,,,,          NaN,
,,,          NaN,,,,          NaN,
,,,          NaN,,,,          NaN,
,,,          NaN,,,,          NaN,
,,,          NaN,,,,          NaN,
,,,          NaN,,,,          NaN,
,,,          NaN,,,,          NaN,
,,,          NaN,,,,          NaN,
,,,          NaN,,,,          NaN,
,,,          NaN,,,,          NaN,
,,,          NaN,,,,          NaN,
,,,          NaN,,,,          NaN,
,,,          NaN,,,,          NaN,
,,,          NaN,,,,          NaN,
,,,          NaN,,,,          NaN,
,,,          NaN,,,,          NaN,
,,,          NaN,,,,          NaN,
,,,          NaN,,,,          NaN,
,,,          NaN,,,,          NaN,
,,,          NaN,,,,          NaN,
,,,          NaN,,,,          NaN,
,,,          NaN,,,,          NaN,
,,,          NaN,,,,          NaN,
,,,          NaN,,,,          NaN,
,,,          NaN,,,,          NaN,
,,,          NaN,,,,          NaN,
,,,          NaN,,,,          NaN,
,,,          NaN,,,,          NaN,
,,,          NaN,,,,          NaN,
,,,          NaN,,,,          NaN,
,,,          NaN,,,,          NaN,
,,,          NaN,,,,          NaN,
,,,          NaN,,,,          NaN,
,,,          NaN,,,,          NaN,
,,,          NaN,,,,          NaN,
,,,          NaN,,,,          NaN,
,,,          NaN,,,,          NaN,
,,,          NaN,,,,          NaN,
,,,          NaN,,,,          NaN,
,,,          NaN,,,,          NaN,
,,,          NaN,,,,          NaN,
,,,          NaN,,,,          NaN,
,,,          NaN,,,,          NaN,
,,,          NaN,,,,          NaN,
,,,          NaN,,,,          NaN,
,,,          NaN,,,,          NaN,
,,,          NaN,,,,          NaN,
,,,          NaN,,,,          NaN,
,,,          NaN,,,,          NaN,
,,,          NaN,,,,          NaN,
,,,          NaN,,,,          NaN,
,,,          NaN,,,,          NaN,
,,,          NaN,,,,          NaN,
,,,          NaN,,,,          NaN,
,,,          NaN,,,,          NaN,
,,,          NaN,,,,          NaN,
,,,          NaN,,,,          NaN,
,,,          NaN,,,,          NaN,
,,,          NaN,,,,          NaN,
,,,          NaN,,,,          NaN,
,,,          NaN,,,,          NaN,
,,,          NaN,,,,          NaN,
,,,          NaN,,,,          NaN,
,,,          NaN,,,,          NaN,
,,,          NaN,,,,          NaN,
,,,          NaN,,,,          NaN,
,,,          NaN,,,,          NaN,
,,,          NaN,,,,          NaN,
,,,          NaN,,,,          NaN,
,,,          NaN,,,,          NaN,
,,,          NaN,,,,          NaN,
,,,          NaN,,,,          NaN,
,,,          NaN,,,,          NaN,
,,,          NaN,,,,          NaN,
,,,          NaN,,,,          NaN,
,,,          NaN,,,,          NaN,
,,,          NaN,,,,          NaN,
,,,          NaN,,,,          NaN,
,,,          NaN,,,,          NaN,
,,,          NaN,,,,          NaN,
,,,          NaN,,,,          NaN,
,,,          NaN,,,,          NaN,
,,,          NaN,,,,          NaN,
,,,          NaN,,,,          NaN,
,,,          NaN,,,,          NaN,
,,,          NaN,,,,          NaN,
,,,          NaN,,,,          NaN,
,,,          NaN,,,,          NaN,
,,,          NaN,,,,          NaN,
,,,          NaN,,,,          NaN,
,,,          NaN,,,,          NaN,
,,,          NaN,,,,          NaN,
,,,          NaN,,,,          NaN,
,,,          NaN,,,,          NaN,
,,,          NaN,,,,          NaN,
,,,          NaN,,,,          NaN,
,,,          NaN,,,,          NaN,
,,,          NaN,,,,          NaN,
,,,          NaN,,,,          NaN,
,,,          NaN,,,,          NaN,
,,,          NaN,,,,          NaN,
,,,          NaN,,,,          NaN,
,,,          NaN,,,,          NaN,
,,,          NaN,,,,          NaN,
,,,          NaN,,,,          NaN,
,,,          NaN,,,,          NaN,
,,,          NaN,,,,          NaN,
,,,          NaN,,,,          NaN,
,,,          NaN,,,,          NaN,
,,,          NaN,,,,          NaN,
,,,          NaN,,,,          NaN,
,,,          NaN,,,,          NaN,
,,,          NaN,,,,          NaN,
,,,          NaN,,,,          NaN,
,,,          NaN,,,,          NaN,
,,,          NaN,,,,          NaN,
,,,          NaN,,,,          NaN,
,,,          NaN,,,,          NaN,
,,,          NaN,,,,          NaN,
,,,          NaN,,,,          NaN,
,,,          NaN,,,,          NaN,
,,,          NaN,,,,          NaN,
,,,          NaN,,,,          NaN,
,,,          NaN,,,,          NaN,
,,,          NaN,,,,          NaN,
,,,          NaN,,,,          NaN,
,,,          NaN,,,,          NaN,
,,,          NaN,,,,          NaN,
,,,          NaN,,,,          NaN,
,,,          NaN,,,,          NaN,
,,,          NaN,,,,          NaN,
,,,          NaN,,,,          NaN,
,,,          NaN,,,,          NaN,
,,,          NaN,,,,          NaN,
,,,          NaN,,,,          NaN,
,,,          NaN,,,,          NaN,
,,,          NaN,,,,          NaN,
,,,          NaN,,,,          NaN,
,,,          NaN,,,,          NaN,
,,,          NaN,,,,          NaN,
,,,          NaN,,,,          NaN,
,,,          NaN,,,,          NaN,
,,,          NaN,,,,          NaN,
,,,          NaN,,,,          NaN,
,,,          NaN,,,,          NaN,
,,,          NaN,,,,          NaN,
,,,          NaN,,,,          NaN,
,,,          NaN,,,,          NaN,
,,,          NaN,,,,          NaN,
,,,          NaN,,,,          NaN,
,,,          NaN,,,,          NaN,
,,,          NaN,,,,          NaN,
,,,          NaN,,,,          NaN,
,,,          NaN,,,,          NaN,
,,,          NaN,,,,          NaN,
,,,          NaN,,,,          NaN,
,,,          NaN,,,,          NaN,
,,,          NaN,,,,          NaN,
,,,          NaN,,,,          NaN,
,,,          NaN,,,,          NaN,
,,,          NaN,,,,          NaN,
,,,          NaN,,,,          NaN,
,,,          NaN,,,,          NaN,
,,,          NaN,,,,          NaN,
,,,          NaN,,,,          NaN,
,,,          NaN,,,,          NaN,
,,,          NaN,,,,          NaN,
,,,          NaN,,,,          NaN,
,,,          NaN,,,,          NaN,
,,,          NaN,,,,          NaN,
,,,          NaN,,,,          NaN,
,,,          NaN,,,,          NaN,
,,,          NaN,,,,          NaN,
,,,          NaN,,,,          NaN,
,,,          NaN,,,,          NaN,
,,,          NaN,,,,          NaN,
,,,          NaN,,,,          NaN,
,,,          NaN,,,,          NaN,
,,,          NaN,,,,          NaN,
,,,          NaN,,,,          NaN,
,,,          NaN,,,,          NaN,
,,,          NaN,,,,          NaN,
,,,          NaN,,,,          NaN,
,,,          NaN,,,,          NaN,
,,,          NaN,,,,          NaN,
,,,          NaN,,,,          NaN,
,,,          NaN,,,,          NaN,
,,,          NaN,,,,          NaN,
,,,          NaN,,,,          NaN,
,,,          NaN,,,,          NaN,
,,,          NaN,,,,          NaN,
,,,          NaN,,,,          NaN,
,,,          NaN,,,,          NaN,
,,,          NaN,,,,          NaN,
,,,          NaN,,,,          NaN,
,,,          NaN,,,,          NaN,
,,,          NaN,,,,          NaN,
,,,          NaN,,,,          NaN,
,,,          NaN,,,,          NaN,
,,,          NaN,,,,          NaN,
,,,          NaN,,,,          NaN,
,,,          NaN,,,,          NaN,
,,,          NaN,,,,          NaN,
,,,          NaN,,,,          NaN,
,,,          NaN,,,,          NaN,
,,,          NaN,,,,          NaN,
,,,          NaN,,,,          NaN,
,,,          NaN,,,,          NaN,
,,,          NaN,,,,          NaN,
,,,          NaN,,,,          NaN,
,,,          NaN,,,,          NaN,
,,,          NaN,,,,          NaN,
,,,          NaN,,,,          NaN,
,,,          NaN,,,,          NaN,
,,,          NaN,,,,          NaN,
,,,          NaN,,,,          NaN,
,,,          NaN,,,,          NaN,
,,,          NaN,,,,          NaN,
,,,          NaN,,,,          NaN,
,,,          NaN,,,,          NaN,
,,,          NaN,,,,          NaN,
,,,          NaN,,,,          NaN,
,,,          NaN,,,,          NaN,
,,,          NaN,,,,          NaN,
,,,          NaN,,,,          NaN,
,,,          NaN,,,,          NaN,
,,,          NaN,,,,          NaN,
,,,          NaN,,,,          NaN,
,,,          NaN,,,,          NaN,
,,,          NaN,,,,          NaN,
,,,          NaN,,,,          NaN,
,,,          NaN,,,,          NaN,
,,,          NaN,,,,          NaN,
,,,          NaN,,,,          NaN,
,,,          NaN,,,,          NaN,
,,,          NaN,,,,          NaN,
,,,          NaN,,,,          NaN,
,,,          NaN,,,,          NaN,
,,,          NaN,,,,          NaN,
,,,          NaN,,,,          NaN,
,,,          NaN,,,,          NaN,
,,,          NaN,,,,          NaN,
,,,          NaN,,,,          NaN,
,,,          NaN,,,,          NaN,
,,,          NaN,,,,          NaN,
,,,          NaN,,,,          NaN,
,,,          NaN,,,,          NaN,
,,,          NaN,,,,          NaN,
,,,          NaN,,,,          NaN,
,,,          NaN,,,,          NaN,
,,,          NaN,,,,          NaN,
,,,          NaN,,,,          NaN,
,,,          NaN,,,,          NaN,
,,,          NaN,,,,          NaN,
,,,          NaN,,,,          NaN,
,,,          NaN,,,,          NaN,
,,,          NaN,,,,          NaN,
,,,          NaN,,,,          NaN,
,,,          NaN,,,,          NaN,
,,,          NaN,,,,          NaN,
,,,          NaN,,,,          NaN,
,,,          NaN,,,,          NaN,
,,,          NaN,,,,          NaN,
,,,          NaN,,,,          NaN,
,,,          NaN,,,,          NaN,
,,,          NaN,,,,          NaN,
,,,          NaN,,,,          NaN,
,,,          NaN,,,,          NaN,
,,,          NaN,,,,          NaN,
,,,          NaN,,,,          NaN,
,,,          NaN,,,,          NaN,
,,,          NaN,,,,          NaN,
,,,          NaN,,,,          NaN,
,,,          NaN,,,,          NaN,
,,,          NaN,,,,          NaN,
,,,          NaN,,,,          NaN,
,,,          NaN,,,,          NaN,
,,,          NaN,,,,          NaN,
,,,          NaN,,,,          NaN,
,,,          NaN,,,,          NaN,
,,,          NaN,,,,          NaN,
,,,          NaN,,,,          NaN,
,,,          NaN,,,,          NaN,
,,,          NaN,,,,          NaN,
,,,          NaN,,,,          NaN,
,,,          NaN,,,,          NaN,
,,,          NaN,,,,          NaN,
,,,          NaN,,,,          NaN,
,,,          NaN,,,,          NaN,
,,,          NaN,,,,          NaN,
,,,          NaN,,,,          NaN,
,,,          NaN,,,,          NaN,
,,,          NaN,,,,          NaN,
,,,          NaN,,,,          NaN,
,,,          NaN,,,,          NaN,
,,,          NaN,,,,          NaN,
,,,          NaN,,,,          NaN,
,,,          NaN,,,,          NaN,
,,,          NaN,,,,          NaN,
,,,          NaN,,,,          NaN,
,,,          NaN,,,,          NaN,
,,,          NaN,,,,          NaN,
,,,          NaN,,,,          NaN,
,,,          NaN,,,,          NaN,
,,,          NaN,,,,          NaN,
,,,          NaN,,,,          NaN,
,,,          NaN,,,,          NaN,
,,,          NaN,,,,          NaN,
,,,          NaN,,,,          NaN,
,,,          NaN,,,,          NaN,
,,,          NaN,,,,          NaN,
,,,          NaN,,,,          NaN,
,,,          NaN,,,,          NaN,
,,,          NaN,,,,          NaN,
,,,          NaN,,,,          NaN,
,,,          NaN,,,,          NaN,
,,,          NaN,,,,          NaN,
,,,          NaN,,,,          NaN,
,,,          NaN,,,,          NaN,
,,,          NaN,,,,          NaN,
,,,          NaN,,,,          NaN,
,,,          NaN,,,,          NaN,
,,,          NaN,,,,          NaN,
,,,          NaN,,,,          NaN,
,,,          NaN,,,,          NaN,
,,,          NaN,,,,          NaN,
,,,          NaN,,,,          NaN,
,,,          NaN,,,,          NaN,
,,,          NaN,,,,          NaN,
,,,          NaN,,,,          NaN,
,,,          NaN,,,,          NaN,
,,,          NaN,,,,          NaN,
,,,          NaN,,,,          NaN,
,,,          NaN,,,,          NaN,
,,,          NaN,,,,          NaN,
,,,          NaN,,,,          NaN,
,,,          NaN,,,,          NaN,
,,,          NaN,,,,          NaN,
,,,          NaN,,,,          NaN,
,,,          NaN,,,,          NaN,
,,,          NaN,,,,          NaN,
,,,          NaN,,,,          NaN,
,,,          NaN,,,,          NaN,
,,,          NaN,,,,          NaN,
,,,          NaN,,,,          NaN,
,,,          NaN,,,,          NaN,
,,,          NaN,,,,          NaN,
,,,          NaN,,,,          NaN,
,,,          NaN,,,,          NaN,
,,,          NaN,,,,          NaN,
,,,          NaN,,,,          NaN,
,,,          NaN,,,,          NaN,
,,,          NaN,,,,          NaN,
,,,          NaN,,,,          NaN,
,,,          NaN,,,,          NaN,
,,,          NaN,,,,          NaN,
,,,          NaN,,,,          NaN,
,,,          NaN,,,,          NaN,
,,,          NaN,,,,          NaN,
,,,          NaN,,,,          NaN,
,,,          NaN,,,,          NaN,
,,,          NaN,,,,          NaN,
,,,          NaN,,,,          NaN,
,,,          NaN,,,,          NaN,
,,,          NaN,,,,          NaN,
,,,          NaN,,,,          NaN,
,,,          NaN,,,,          NaN,
,,,          NaN,,,,          NaN,
,,,          NaN,,,,          NaN,
,,,          NaN,,,,          NaN,
,,,          NaN,,,,          NaN,
,,,          NaN,,,,          NaN,
,,,          NaN,,,,          NaN,
,,,          NaN,,,,          NaN,
,,,          NaN,,,,          NaN,
,,,          NaN,,,,          NaN,
,,,          NaN,,,,          NaN,
,,,          NaN,,,,          NaN,
,,,          NaN,,,,          NaN,
,,,          NaN,,,,          NaN,
,,,          NaN,,,,          NaN,
,,,          NaN,,,,          NaN,
,,,          NaN,,,,          NaN,
,,,          NaN,,,,          NaN,
,,,          NaN,,,,          NaN,
,,,          NaN,,,,          NaN,
,,,          NaN,,,,          NaN,
,,,          NaN,,,,          NaN,
,,,          NaN,,,,          NaN,
,,,          NaN,,,,          NaN,
,,,          NaN,,,,          NaN,
,,,          NaN,,,,          NaN,
,,,          NaN,,,,          NaN,
,,,          NaN,,,,          NaN,
,,,          NaN,,,,          NaN,
,,,          NaN,,,,          NaN,
,,,          NaN,,,,          NaN,
,,,          NaN,,,,          NaN,
,,,          NaN,,,,          NaN,
,,,          NaN,,,,          NaN,
,,,          NaN,,,,          NaN,
,,,          NaN,,,,          NaN,
,,,          NaN,,,,          NaN,
,,,          NaN,,,,          NaN,
,,,          NaN,,,,          NaN,
,,,          NaN,,,,          NaN,
,,,          NaN,,,,          NaN,
,,,          NaN,,,,          NaN,
,,,          NaN,,,,          NaN,
,,,          NaN,,,,          NaN,
,,,          NaN,,,,          NaN,
,,,          NaN,,,,          NaN,
,,,          NaN,,,,          NaN,
,,,          NaN,,,,          NaN,
,,,          NaN,,,,          NaN,
,,,          NaN,,,,          NaN,
,,,          NaN,,,,          NaN,
,,,          NaN,,,,          NaN,
,,,          NaN,,,,          NaN,
,,,          NaN,,,,          NaN,
,,,          NaN,,,,          NaN,
,,,          NaN,,,,          NaN,
,,,          NaN,,,,          NaN,
,,,          NaN,,,,          NaN,
,,,          NaN,,,,          NaN,
,,,          NaN,,,,          NaN,
,,,          NaN,,,,          NaN,
,,,          NaN,,,,          NaN,
,,,          NaN,,,,          NaN,
,,,          NaN,,,,          NaN,
,,,          NaN,,,,          NaN,
,,,          NaN,,,,          NaN,
,,,          NaN,,,,          NaN,
,,,          NaN,,,,          NaN,
,,,          NaN,,,,          NaN,
,,,          NaN,,,,          NaN,
,,,          NaN,,,,          NaN,
,,,          NaN,,,,          NaN,
,,,          NaN,,,,          NaN,
,,,          NaN,,,,          NaN,
,,,          NaN,,,,          NaN,
,,,          NaN,,,,          NaN,
,,,          NaN,,,,          NaN,
,,,          NaN,,,,          NaN,
,,,          NaN,,,,          NaN,
,,,          NaN,,,,          NaN,
,,,          NaN,,,,          NaN,
,,,          NaN,,,,          NaN,
,,,          NaN,,,,          NaN,
,,,          NaN,,,,          NaN,
,,,          NaN,,,,          NaN,
,,,          NaN,,,,          NaN,
,,,          NaN,,,,          NaN,
,,,          NaN,,,,          NaN,
,,,          NaN,,,,          NaN,
,,,          NaN,,,,          NaN,
,,,          NaN,,,,          NaN,
,,,          NaN,,,,          NaN,
,,,          NaN,,,,          NaN,
,,,          NaN,,,,          NaN,
,,,          NaN,,,,          NaN,
,,,          NaN,,,,          NaN,
,,,          NaN,,,,          NaN,
,,,          NaN,,,,          NaN,
,,,          NaN,,,,          NaN,
,,,          NaN,,,,          NaN,
,,,          NaN,,,,          NaN,
,,,          NaN,,,,          NaN,
,,,          NaN,,,,          NaN,
,,,          NaN,,,,          NaN,
,,,          NaN,,,,          NaN,
,,,          NaN,,,,          NaN,
,,,          NaN,,,,          NaN,
,,,          NaN,,,,          NaN,
,,,          NaN,,,,          NaN,
,,,          NaN,,,,          NaN,
,,,          NaN,,,,          NaN,
,,,          NaN,,,,          NaN,
,,,          NaN,,,,          NaN,
,,,          NaN,,,,          NaN,
,,,          NaN,,,,          NaN,
,,,          NaN,,,,          NaN,
,,,          NaN,,,,          NaN,
,,,          NaN,,,,          NaN,
,,,          NaN,,,,          NaN,
,,,          NaN,,,,          NaN,
,,,          NaN,,,,          NaN,
,,,          NaN,,,,          NaN,
,,,          NaN,,,,          NaN,
,,,          NaN,,,,          NaN,
,,,          NaN,,,,          NaN,
,,,          NaN,,,,          NaN,
,,,          NaN,,,,          NaN,
,,,          NaN,,,,          NaN,
,,,          NaN,,,,          NaN,
,,,          NaN,,,,          NaN,
,,,          NaN,,,,          NaN,
,,,          NaN,,,,          NaN,
,,,          NaN,,,,          NaN,
,,,          NaN,,,,          NaN,
,,,          NaN,,,,          NaN,
,,,          NaN,,,,          NaN,
,,,          NaN,,,,          NaN,
,,,          NaN,,,,          NaN,
,,,          NaN,,,,          NaN,
,,,          NaN,,,,          NaN,
,,,          NaN,,,,          NaN,
,,,          NaN,,,,          NaN,
,,,          NaN,,,,          NaN,
,,,          NaN,,,,          NaN,
,,,          NaN,,,,          NaN,
,,,          NaN,,,,          NaN,
,,,          NaN,,,,          NaN,
,,,          NaN,,,,          NaN,
,,,          NaN,,,,          NaN,
,,,          NaN,,,,          NaN,
,,,          NaN,,,,          NaN,
,,,          NaN,,,,          NaN,
,,,          NaN,,,,          NaN,
,,,          NaN,,,,          NaN,
,,,          NaN,,,,          NaN,
,,,          NaN,,,,          NaN,
,,,          NaN,,,,          NaN,
,,,          NaN,,,,          NaN,
,,,          NaN,,,,          NaN,
,,,          NaN,,,,          NaN,
,,,          NaN,,,,          NaN,
,,,          NaN,,,,          NaN,
,,,          NaN,,,,          NaN,
,,,          NaN,,,,          NaN,
,,,          NaN,,,,          NaN,
,,,          NaN,,,,          NaN,
,,,          NaN,,,,          NaN,
,,,          NaN,,,,          NaN,
,,,          NaN,,,,          NaN,
,,,          NaN,,,,          NaN,
,,,          NaN,,,,          NaN,
,,,          NaN,,,,          NaN,
,,,          NaN,,,,          NaN,
,,,          NaN,,,,          NaN,
,,,          NaN,,,,          NaN,
,,,          NaN,,,,          NaN,
,,,          NaN,,,,          NaN,
,,,          NaN,,,,          NaN,
,,,          NaN,,,,          NaN,
,,,          NaN,,,,          NaN,
,,,          NaN,,,,          NaN,
,,,          NaN,,,,          NaN,
,,,          NaN,,,,          NaN,
,,,          NaN,,,,          NaN,
,,,          NaN,,,,          NaN,
,,,          NaN,,,,          NaN,
,,,          NaN,,,,          NaN,
,,,          NaN,,,,          NaN,
,,,          NaN,,,,          NaN,
,,,          NaN,,,,          NaN,
,,,          NaN,,,,          NaN,
,,,          NaN,,,,          NaN,
,,,          NaN,,,,          NaN,
,,,          NaN,,,,          NaN,
,,,          NaN,,,,          NaN,
,,,          NaN,,,,          NaN,
,,,          NaN,,,,          NaN,
,,,          NaN,,,,          NaN,
,,,          NaN,,,,          NaN,
,,,          NaN,,,,          NaN,
,,,          NaN,,,,          NaN,
,,,          NaN,,,,          NaN,
,,,          NaN,,,,          NaN,
,,,          NaN,,,,          NaN,
,,,          NaN,,,,          NaN,
,,,          NaN,,,,          NaN,
,,,          NaN,,,,          NaN,
,,,          NaN,,,,          NaN,
,,,          NaN,,,,          NaN,
,,,          NaN,,,,          NaN,
,,,          NaN,,,,          NaN,
,,,          NaN,,,,          NaN,
,,,          NaN,,,,          NaN,
,,,          NaN,,,,          NaN,
,,,          NaN,,,,          NaN,
,,,          NaN,,,,          NaN,
,,,          NaN,,,,          NaN,
,,,          NaN,,,,          NaN,
,,,          NaN,,,,          NaN,
,,,          NaN,,,,          NaN,
,,,          NaN,,,,          NaN,
,,,          NaN,,,,          NaN,
,,,          NaN,,,,          NaN,
,,,          NaN,,,,          NaN,
,,,          NaN,,,,          NaN,
,,,          NaN,,,,          NaN,
,,,          NaN,,,,          NaN,
,,,          NaN,,,,          NaN,
,,,          NaN,,,,          NaN,
,,,          NaN,,,,          NaN,
,,,          NaN,,,,          NaN,
,,,          NaN,,,,          NaN,
,,,          NaN,,,,          NaN,
,,,          NaN,,,,          NaN,
,,,          NaN,,,,          NaN,
,,,          NaN,,,,          NaN,
,,,          NaN,,,,          NaN,
,,,          NaN,,,,          NaN,
,,,          NaN,,,,          NaN,
,,,          NaN,,,,          NaN,
,,,          NaN,,,,          NaN,
,,,          NaN,,,,          NaN,
,,,          NaN,,,,          NaN,
,,,          NaN,,,,          NaN,
,,,          NaN,,,,          NaN,
,,,          NaN,,,,          NaN,
,,,          NaN,,,,          NaN,
,,,          NaN,,,,          NaN,
,,,          NaN,,,,          NaN,
,,,          NaN,,,,          NaN,
,,,          NaN,,,,          NaN,
,,,          NaN,,,,          NaN,
,,,          NaN,,,,          NaN,
,,,          NaN,,,,          NaN,
,,,          NaN,,,,          NaN,
,,,          NaN,,,,          NaN,
,,,          NaN,,,,          NaN,
,,,          NaN,,,,          NaN,
,,,          NaN,,,,          NaN,
,,,          NaN,,,,          NaN,
,,,          NaN,,,,          NaN,
,,,          NaN,,,,          NaN,
,,,          NaN,,,,          NaN,
,,,          NaN,,,,          NaN,
,,,          NaN,,,,          NaN,
,,,          NaN,,,,          NaN,
,,,          NaN,,,,          NaN,
,,,          NaN,,,,          NaN,
,,,          NaN,,,,          NaN,
,,,          NaN,,,,          NaN,
,,,          NaN,,,,          NaN,
,,,          NaN,,,,          NaN,
,,,          NaN,,,,          NaN,
,,,          NaN,,,,          NaN,
,,,          NaN,,,,          NaN,
,,,          NaN,,,,          NaN,
,,,          NaN,,,,          NaN,
,,,          NaN,,,,          NaN,
,,,          NaN,,,,          NaN,
,,,          NaN,,,,          NaN,
,,,          NaN,,,,          NaN,
,,,          NaN,,,,          NaN,
,,,          NaN,,,,          NaN,
,,,          NaN,,,,          NaN,
,,,          NaN,,,,          NaN,
,,,          NaN,,,,          NaN,
,,,          NaN,,,,          NaN,
,,,          NaN,,,,          NaN,
,,,          NaN,,,,          NaN,
,,,          NaN,,,,          NaN,
,,,          NaN,,,,          NaN,
,,,          NaN,,,,          NaN,
,,,          NaN,,,,          NaN,
,,,          NaN,,,,          NaN,
,,,          NaN,,,,          NaN,
,,,          NaN,,,,          NaN,
,,,          NaN,,,,          NaN,
,,,          NaN,,,,          NaN,
,,,          NaN,,,,          NaN,
,,,          NaN,,,,          NaN,
,,,          NaN,,,,          NaN,
,,,          NaN,,,,          NaN,
,,,          NaN,,,,          NaN,
,,,          NaN,,,,          NaN,
,,,          NaN,,,,          NaN,
,,,          NaN,,,,          NaN,
,,,          NaN,,,,          NaN,
,,,          NaN,,,,          NaN,
,,,          NaN,,,,          NaN,
,,,          NaN,,,,          NaN,
,,,          NaN,,,,          NaN,
,,,          NaN,,,,          NaN,
,,,          NaN,,,,          NaN,
,,,          NaN,,,,          NaN,
,,,          NaN,,,,          NaN,
,,,          NaN,,,,          NaN,
,,,          NaN,,,,          NaN,
,,,          NaN,,,,          NaN,
,,,          NaN,,,,          NaN,
,,,          NaN,,,,          NaN,
,,,          NaN,,,,          NaN,
,,,          NaN,,,,          NaN,
,,,          NaN,,,,          NaN,
,,,          NaN,,,,          NaN,
,,,          NaN,,,,          NaN,
,,,          NaN,,,,          NaN,
,,,          NaN,,,,          NaN,
,,,          NaN,,,,          NaN,
,,,          NaN,,,,          NaN,
,,,          NaN,,,,          NaN,
,,,          NaN,,,,          NaN,
,,,          NaN,,,,          NaN,
,,,          NaN,,,,          NaN,
,,,          NaN,,,,          NaN,
,,,          NaN,,,,          NaN,
,,,          NaN,,,,          NaN,
,,,          NaN,,,,          NaN,
,,,          NaN,,,,          NaN,
,,,          NaN,,,,          NaN,
,,,          NaN,,,,          NaN,
,,,          NaN,,,,          NaN,
,,,          NaN,,,,          NaN,
,,,          NaN,,,,          NaN,
,,,          NaN,,,,          NaN,
,,,          NaN,,,,          NaN,
,,,          NaN,,,,          NaN,
,,,          NaN,,,,          NaN,
,,,          NaN,,,,          NaN,
,,,          NaN,,,,          NaN,
,,,          NaN,,,,          NaN,
,,,          NaN,,,,          NaN,
,,,          NaN,,,,          NaN,
,,,          NaN,,,,          NaN,
,,,          NaN,,,,          NaN,
,,,          NaN,,,,          NaN,
,,,          NaN,,,,          NaN,
,,,          NaN,,,,          NaN,
,,,          NaN,,,,          NaN,
,,,          NaN,,,,          NaN,
,,,          NaN,,,,          NaN,
,,,          NaN,,,,          NaN,
,,,          NaN,,,,          NaN,
,,,          NaN,,,,          NaN,
,,,          NaN,,,,          NaN,
,,,          NaN,,,,          NaN,
,,,          NaN,,,,          NaN,
,,,          NaN,,,,          NaN,
,,,          NaN,,,,          NaN,
,,,          NaN,,,,          NaN,
,,,          NaN,,,,          NaN,
,,,          NaN,,,,          NaN,
,,,          NaN,,,,          NaN,
,,,          NaN,,,,          NaN,
,,,          NaN,,,,          NaN,
,,,          NaN,,,,          NaN,
,,,          NaN,,,,          NaN,
,,,          NaN,,,,          NaN,
,,,          NaN,,,,          NaN,
,,,          NaN,,,,          NaN,
,,,          NaN,,,,          NaN,
,,,          NaN,,,,          NaN,
,,,          NaN,,,,          NaN,
,,,          NaN,,,,          NaN,
,,,          NaN,,,,          NaN,
,,,          NaN,,,,          NaN,
,,,          NaN,,,,          NaN,
,,,          NaN,,,,          NaN,
,,,          NaN,,,,          NaN,
,,,          NaN,,,,          NaN,
,,,          NaN,,,,          NaN,
,,,          NaN,,,,          NaN,
,,,          NaN,,,,          NaN,
,,,          NaN,,,,          NaN,
,,,          NaN,,,,          NaN,
,,,          NaN,,,,          NaN,
,,,          NaN,,,,          NaN,
,,,          NaN,,,,          NaN,
,,,          NaN,,,,          NaN,
,,,          NaN,,,,          NaN,
,,,          NaN,,,,          NaN,
,,,          NaN,,,,          NaN,
,,,          NaN,,,,          NaN,
,,,          NaN,,,,          NaN,
,,,          NaN,,,,          NaN,
,,,          NaN,,,,          NaN,
,,,          NaN,,,,          NaN,
,,,          NaN,,,,          NaN,
,,,          NaN,,,,          NaN,
,,,          NaN,,,,          NaN,
,,,          NaN,,,,          NaN,
,,,          NaN,,,,          NaN,
,,,          NaN,,,,          NaN,
,,,          NaN,,,,          NaN,
,,,          NaN,,,,          NaN,
,,,          NaN,,,,          NaN,
,,,          NaN,,,,          NaN,
,,,          NaN,,,,          NaN,
,,,          NaN,,,,          NaN,
,,,          NaN,,,,          NaN,
,,,          NaN,,,,          NaN,
,,,          NaN,,,,          NaN,
,,,          NaN,,,,          NaN,
,,,          NaN,,,,          NaN,
,,,          NaN,,,,          NaN,
,,,          NaN,,,,          NaN,
,,,          NaN,,,,          NaN,
,,,          NaN,,,,          NaN,
,,,          NaN,,,,          NaN,
,,,          NaN,,,,          NaN,
,,,          NaN,,,,          NaN,
,,,          NaN,,,,          NaN,
,,,          NaN,,,,          NaN,
,,,          NaN,,,,          NaN,
,,,          NaN,,,,          NaN,
,,,          NaN,,,,          NaN,
,,,          NaN,,,,          NaN,
,,,          NaN,,,,          NaN,
,,,          NaN,,,,          NaN,
,,,          NaN,,,,          NaN,
,,,          NaN,,,,          NaN,
,,,          NaN,,,,          NaN,
,,,          NaN,,,,          NaN,
,,,          NaN,,,,          NaN,
,,,          NaN,,,,          NaN,
,,,          NaN,,,,          NaN,
,,,          NaN,,,,          NaN,
,,,          NaN,,,,          NaN,
,,,          NaN,,,,          NaN,
,,,          NaN,,,,          NaN,
,,,          NaN,,,,          NaN,
,,,          NaN,,,,          NaN,
,,,          NaN,,,,          NaN,
,,,          NaN,,,,          NaN,
,,,          NaN,,,,          NaN,
,,,          NaN,,,,          NaN,
,,,          NaN,,,,          NaN,
,,,          NaN,,,,          NaN,
,,,          NaN,,,,          NaN,
,,,          NaN,,,,          NaN,
,,,          NaN,,,,          NaN,
,,,          NaN,,,,          NaN,
,,,          NaN,,,,          NaN,
,,,          NaN,,,,          NaN,
,,,          NaN,,,,          NaN,
,,,          NaN,,,,          NaN,
,,,          NaN,,,,          NaN,
,,,          NaN,,,,          NaN,
,,,          NaN,,,,          NaN,
,,,          NaN,,,,          NaN,
,,,          NaN,,,,          NaN,
,,,          NaN,,,,          NaN,
,,,          NaN,,,,          NaN,
,,,          NaN,,,,          NaN,
,,,          NaN,,,,          NaN,
,,,          NaN,,,,          NaN,
,,,          NaN,,,,          NaN,
,,,          NaN,,,,          NaN,
,,,          NaN,,,,          NaN,
,,,          NaN,,,,          NaN,
,,,          NaN,,,,          NaN,
,,,          NaN,,,,          NaN,
,,,          NaN,,,,          NaN,
,,,          NaN,,,,          NaN,
,,,          NaN,,,,          NaN,
,,,          NaN,,,,          NaN,
,,,          NaN,,,,          NaN,
,,,          NaN,,,,          NaN,
,,,          NaN,,,,          NaN,
,,,          NaN,,,,          NaN,
,,,          NaN,,,,          NaN,
,,,          NaN,,,,          NaN,
,,,          NaN,,,,          NaN,
,,,          NaN,,,,          NaN,
,,,          NaN,,,,          NaN,
,,,          NaN,,,,          NaN,
,,,          NaN,,,,          NaN,
,,,          NaN,,,,          NaN,
,,,          NaN,,,,          NaN,
,,,          NaN,,,,          NaN,
,,,          NaN,,,,          NaN,
,,,          NaN,,,,          NaN,
,,,          NaN,,,,          NaN,
,,,          NaN,,,,          NaN,
,,,          NaN,,,,          NaN,
,,,          NaN,,,,          NaN,
,,,          NaN,,,,          NaN,
,,,          NaN,,,,          NaN,
,,,          NaN,,,,          NaN,
,,,          NaN,,,,          NaN,
,,,          NaN,,,,          NaN,
,,,          NaN,,,,          NaN,
,,,          NaN,,,,          NaN,
,,,          NaN,,,,          NaN,
,,,          NaN,,,,          NaN,
,,,          NaN,,,,          NaN,
,,,          NaN,,,,          NaN,
,,,          NaN,,,,          NaN,
,,,          NaN,,,,          NaN,
,,,          NaN,,,,          NaN,
,,,          NaN,,,,          NaN,
,,,          NaN,,,,          NaN,
,,,          NaN,,,,          NaN,
,,,          NaN,,,,          NaN,
,,,          NaN,,,,          NaN,
,,,          NaN,,,,          NaN,
,,,          NaN,,,,          NaN,
,,,          NaN,,,,          NaN,
,,,          NaN,,,,          NaN,
,,,          NaN,,,,          NaN,
,,,          NaN,,,,          NaN,
,,,          NaN,,,,          NaN,
,,,          NaN,,,,          NaN,
,,,          NaN,,,,          NaN,
,,,          NaN,,,,          NaN,
,,,          NaN,,,,          NaN,
,,,          NaN,,,,          NaN,
,,,          NaN,,,,          NaN,
,,,          NaN,,,,          NaN,
,,,          NaN,,,,          NaN,
,,,          NaN,,,,          NaN,
,,,          NaN,,,,          NaN,
,,,          NaN,,,,          NaN,
,,,          NaN,,,,          NaN,
,,,          NaN,,,,          NaN,
,,,          NaN,,,,          NaN,
,,,          NaN,,,,          NaN,
,,,          NaN,,,,          NaN,
,,,          NaN,,,,          NaN,
,,,          NaN,,,,          NaN,
,,,          NaN,,,,          NaN,
,,,          NaN,,,,          NaN,
,,,          NaN,,,,          NaN,
,,,          NaN,,,,          NaN,
,,,          NaN,,,,          NaN,
,,,          NaN,,,,          NaN,
,,,          NaN,,,,          NaN,
,,,          NaN,,,,          NaN,
,,,          NaN,,,,          NaN,
,,,          NaN,,,,          NaN,
,,,          NaN,,,,          NaN,
,,,          NaN,,,,          NaN,
,,,          NaN,,,,          NaN,
,,,          NaN,,,,          NaN,
,,,          NaN,,,,          NaN,
,,,          NaN,,,,          NaN,
,,,          NaN,,,,          NaN,
,,,          NaN,,,,          NaN,
,,,          NaN,,,,          NaN,
,,,          NaN,,,,          NaN,
,,,          NaN,,,,          NaN,
,,,          NaN,,,,          NaN,
,,,          NaN,,,,          NaN,
,,,          NaN,,,,          NaN,
,,,          NaN,,,,          NaN,
,,,          NaN,,,,          NaN,
,,,          NaN,,,,          NaN,
,,,          NaN,,,,          NaN,
,,,          NaN,,,,          NaN,
,,,          NaN,,,,          NaN,
,,,          NaN,,,,          NaN,
,,,          NaN,,,,          NaN,
,,,          NaN,,,,          NaN,
,,,          NaN,,,,          NaN,
,,,          NaN,,,,          NaN,
,,,          NaN,,,,          NaN,
,,,          NaN,,,,          NaN,
,,,          NaN,,,,          NaN,
,,,          NaN,,,,          NaN,
,,,          NaN,,,,          NaN,
,,,          NaN,,,,          NaN,
,,,          NaN,,,,          NaN,
,,,          NaN,,,,          NaN,
,,,          NaN,,,,          NaN,
,,,          NaN,,,,          NaN,
,,,          NaN,,,,          NaN,
,,,          NaN,,,,          NaN,
,,,          NaN,,,,          NaN,
,,,          NaN,,,,          NaN,
,,,          NaN,,,,          NaN,
,,,          NaN,,,,          NaN,
,,,          NaN,,,,          NaN,
,,,          NaN,,,,          NaN,
,,,          NaN,,,,          NaN,
,,,          NaN,,,,          NaN,
,,,          NaN,,,,          NaN,
,,,          NaN,,,,          NaN,
,,,          NaN,,,,          NaN,
,,,          NaN,,,,          NaN,
,,,          NaN,,,,          NaN,
,,,          NaN,,,,          NaN,
,,,          NaN,,,,          NaN,
,,,          NaN,,,,          NaN,
,,,          NaN,,,,          NaN,
,,,          NaN,,,,          NaN,
,,,          NaN,,,,          NaN,
,,,          NaN,,,,          NaN,
,,,          NaN,,,,          NaN,
,,,          NaN,,,,          NaN,
,,,          NaN,,,,          NaN,
,,,          NaN,,,,          NaN,
,,,          NaN,,,,          NaN,
,,,          NaN,,,,          NaN,
,,,          NaN,,,,          NaN,
,,,          NaN,,,,          NaN,
,,,          NaN,,,,          NaN,
,,,          NaN,,,,          NaN,
,,,          NaN,,,,          NaN,
,,,          NaN,,,,          NaN,
,,,          NaN,,,,          NaN,
,,,          NaN,,,,          NaN,
,,,          NaN,,,,          NaN,
,,,          NaN,,,,          NaN,
,,,          NaN,,,,          NaN,
,,,          NaN,,,,          NaN,
,,,          NaN,,,,          NaN,
,,,          NaN,,,,          NaN,
,,,          NaN,,,,          NaN,
,,,          NaN,,,,          NaN,
,,,          NaN,,,,          NaN,
,,,          NaN,,,,          NaN,
,,,          NaN,,,,          NaN,
,,,          NaN,,,,          NaN,
,,,          NaN,,,,          NaN,
,,,          NaN,,,,          NaN,
,,,          NaN,,,,          NaN,
,,,          NaN,,,,          NaN,
,,,          NaN,,,,          NaN,
,,,          NaN,,,,          NaN,
,,,          NaN,,,,          NaN,
,,,          NaN,,,,          NaN,
,,,          NaN,,,,          NaN,
,,,          NaN,,,,          NaN,
,,,          NaN,,,,          NaN,
,,,          NaN,,,,          NaN,
,,,          NaN,,,,          NaN,
,,,          NaN,,,,          NaN,
,,,          NaN,,,,          NaN,
,,,          NaN,,,,          NaN,
,,,          NaN,,,,          NaN,
,,,          NaN,,,,          NaN,
,,,          NaN,,,,          NaN,
,,,          NaN,,,,          NaN,
,,,          NaN,,,,          NaN,
,,,          NaN,,,,          NaN,
,,,          NaN,,,,          NaN,
,,,          NaN,,,,          NaN,
,,,          NaN,,,,          NaN,
,,,          NaN,,,,          NaN,
,,,          NaN,,,,          NaN,
,,,          NaN,,,,          NaN,
,,,          NaN,,,,          NaN,
,,,          NaN,,,,          NaN,
,,,          NaN,,,,          NaN,
,,,          NaN,,,,          NaN,
,,,          NaN,,,,          NaN,
,,,          NaN,,,,          NaN,
,,,          NaN,,,,          NaN,
,,,          NaN,,,,          NaN,
,,,          NaN,,,,          NaN,
,,,          NaN,,,,          NaN,
,,,          NaN,,,,          NaN,
,,,          NaN,,,,          NaN,
,,,          NaN,,,,          NaN,
,,,          NaN,,,,          NaN,
,,,          NaN,,,,          NaN,
,,,          NaN,,,,          NaN,
,,,          NaN,,,,          NaN,
,,,          NaN,,,,          NaN,
,,,          NaN,,,,          NaN,
,,,          NaN,,,,          NaN,
,,,          NaN,,,,          NaN,
,,,          NaN,,,,          NaN,
,,,          NaN,,,,          NaN,
,,,          NaN,,,,          NaN,
,,,          NaN,,,,          NaN,
,,,          NaN,,,,          NaN,
,,,          NaN,,,,          NaN,
,,,          NaN,,,,          NaN,
,,,          NaN,,,,          NaN,
,,,          NaN,,,,          NaN,
,,,          NaN,,,,          NaN,
,,,          NaN,,,,          NaN,
,,,          NaN,,,,          NaN,
,,,          NaN,,,,          NaN,
,,,          NaN,,,,          NaN,
,,,          NaN,,,,          NaN,
,,,          NaN,,,,          NaN,
,,,          NaN,,,,          NaN,
,,,          NaN,,,,          NaN,
,,,          NaN,,,,          NaN,
,,,          NaN,,,,          NaN,
,,,          NaN,,,,          NaN,
,,,          NaN,,,,          NaN,
,,,          NaN,,,,          NaN,
,,,          NaN,,,,          NaN,
,,,          NaN,,,,          NaN,
,,,          NaN,,,,          NaN,
,,,          NaN,,,,          NaN,
,,,          NaN,,,,          NaN,
,,,          NaN,,,,          NaN,
,,,          NaN,,,,          NaN,
,,,          NaN,,,,          NaN,
,,,          NaN,,,,          NaN,
,,,          NaN,,,,          NaN,
,,,          NaN,,,,          NaN,
,,,          NaN,,,,          NaN,
,,,          NaN,,,,          NaN,
,,,          NaN,,,,          NaN,
,,,          NaN,,,,          NaN,
,,,          NaN,,,,          NaN,
,,,          NaN,,,,          NaN,
,,,          NaN,,,,          NaN,
,,,          NaN,,,,          NaN,
,,,          NaN,,,,          NaN,
,,,          NaN,,,,          NaN,
,,,          NaN,,,,          NaN,
,,,          NaN,,,,          NaN,
,,,          NaN,,,,          NaN,
,,,          NaN,,,,          NaN,
,,,          NaN,,,,          NaN,
,,,          NaN,,,,          NaN,
,,,          NaN,,,,          NaN,
,,,          NaN,,,,          NaN,
,,,          NaN,,,,          NaN,
,,,          NaN,,,,          NaN,
,,,          NaN,,,,          NaN,
,,,          NaN,,,,          NaN,
,,,          NaN,,,,          NaN,
,,,          NaN,,,,          NaN,
,,,          NaN,,,,          NaN,
,,,          NaN,,,,          NaN,
,,,          NaN,,,,          NaN,
,,,          NaN,,,,          NaN,
,,,          NaN,,,,          NaN,
