Time_abs/ps, Signal 1/nA, Ref.signal 1/nA, Signal 2/nA, Ref.signal 2/nA
  1800.000,    -0.010177,    -0.005662,    -0.001142,
  1800.050,     0.004439,     0.002711,     0.007606,
  1800.100,     0.000529,    -0.003696,    -0.008388,
  1800.150,     0.000128,     0.005291,     0.000212,
  1800.200,     0.005081,     0.001357,     0.001712,
  1800.250,     0.014178,    -0.006462,    -0.003631,
  1800.300,    -0.001392,    -0.004209,     0.004111,
  1800.350,     0.004390,    -0.007790,    -0.003546,
  1800.400,     0.000794,    -0.021925,    -0.001015,
  1800.450,    -0.011079,    -0.026577,     0.001287,
  1800.500,    -0.010867,    -0.046789,    -0.002485,
  1800.550,    -0.020377,    -0.049631,     0.001642,
  1800.600,    -0.033692,    -0.065007,    -0.003288,
  1800.650,    -0.034666,    -0.084239,     0.001895,
  1800.700,    -0.036526,    -0.095961,    -0.009671,
  1800.750,    -0.047036,    -0.106868,     0.002048,
  1800.800,    -0.065731,    -0.124369,    -0.001987,
  1800.850,    -0.073585,    -0.132083,     0.001732,
  1800.900,    -0.078572,    -0.155776,     0.005569,
  1800.950,    -0.083680,    -0.159239,     0.010126,
  1801.000,    -0.108512,    -0.163054,    -0.008408,
  1801.050,    -0.104918,    -0.180160,     0.002774,
  1801.100,    -0.121124,    -0.186823,     0.002507,
  1801.150,    -0.130786,    -0.190235,     0.003555,
  1801.200,    -0.145124,    -0.191254,    -0.005764,
  1801.250,    -0.148092,    -0.189712,    -0.005368,
  1801.300,    -0.160624,    -0.187483,     0.002054,
  1801.350,    -0.168875,    -0.182780,    -0.004058,
  1801.400,    -0.170301,    -0.180658,    -0.002039,
  1801.450,    -0.164653,    -0.170917,    -0.000002,
  1801.500,    -0.171611,    -0.151699,    -0.001549,
  1801.550,    -0.173926,    -0.136470,     0.009116,
  1801.600,    -0.168571,    -0.119568,     0.001719,
  1801.650,    -0.158061,    -0.101421,     0.004333,
  1801.700,    -0.156735,    -0.090178,    -0.004373,
  1801.750,    -0.149582,    -0.077493,    -0.001290,
  1801.800,    -0.119610,    -0.043076,    -0.001084,
  1801.850,    -0.105706,    -0.017176,    -0.002452,
  1801.900,    -0.092523,     0.003511,     0.004699,
  1801.950,    -0.062795,     0.033962,    -0.002902,
  1802.000,    -0.030459,     0.069553,     0.004318,
  1802.050,    -0.000986,     0.101936,    -0.005614,
  1802.100,     0.029151,     0.136914,     0.002013,
  1802.150,     0.072177,     0.168138,    -0.000562,
  1802.200,     0.114575,     0.215509,     0.002245,
  1802.250,     0.150153,     0.247661,    -0.008020,
  1802.300,     0.201565,     0.284504,     0.003664,
  1802.350,     0.242355,     0.333405,    -0.002936,
  1802.400,     0.289704,     0.378664,    -0.002473,
  1802.450,     0.335191,     0.403755,    -0.000719,
  1802.500,     0.379027,     0.443093,     0.001168,
  1802.550,     0.424039,     0.489861,     0.005577,
  1802.600,     0.468539,     0.521073,    -0.001695,
  1802.650,     0.510523,     0.563434,    -0.008326,
  1802.700,     0.545123,     0.597866,    -0.001146,
  1802.750,     0.589043,     0.621309,    -0.000325,
  1802.800,     0.617152,     0.659273,     0.004610,
  1802.850,     0.650419,     0.696786,     0.001476,
  1802.900,     0.676826,     0.707934,     0.005061,
  1802.950,     0.713839,     0.733306,     0.001042,
  1803.000,     0.729641,     0.752432,     0.000706,
  1803.050,     0.756398,     0.764284,     0.001381,
  1803.100,     0.779681,     0.765543,    -0.001249,
  1803.150,     0.783761,     0.767074,     0.002016,
  1803.200,     0.787905,     0.769111,     0.004795,
  1803.250,     0.796440,     0.764646,    -0.004331,
  1803.300,     0.789310,     0.754315,     0.003354,
  1803.350,     0.776921,     0.737693,    -0.006360,
  1803.400,     0.775240,     0.717240,     0.000950,
  1803.450,     0.756064,     0.701155,     0.004109,
  1803.500,     0.722602,     0.672226,     0.001354,
  1803.550,     0.713460,     0.642911,    -0.003422,
  1803.600,     0.692387,     0.603133,    -0.003955,
  1803.650,     0.656974,     0.579841,     0.002692,
  1803.700,     0.622542,     0.539043,     0.000010,
  1803.750,     0.589459,     0.496209,    -0.000069,
  1803.800,     0.565618,     0.472595,    -0.002957,
  1803.850,     0.534229,     0.421975,     0.000442,
  1803.900,     0.497152,     0.380043,    -0.005213,
  1803.950,     0.451308,     0.339819,    -0.010324,
  1804.000,     0.422189,     0.305515,    -0.006389,
  1804.050,     0.381559,     0.265724,    -0.003642,
  1804.100,     0.354558,     0.223771,    -0.004013,
  1804.150,     0.304715,     0.192586,     0.000700,
  1804.200,     0.264847,     0.150262,     0.001068,
  1804.250,     0.230171,     0.111358,    -0.003699,
  1804.300,     0.207655,     0.081014,    -0.000167,
  1804.350,     0.155801,     0.035921,     0.002692,
  1804.400,     0.118582,     0.000522,     0.001746,
  1804.450,     0.089251,    -0.037825,    -0.011656,
  1804.500,     0.048839,    -0.068354,    -0.006644,
  1804.550,     0.011630,    -0.089506,     0.000640,
  1804.600,    -0.019519,    -0.127249,    -0.001763,
  1804.650,    -0.064179,    -0.141702,     0.002558,
  1804.700,    -0.088863,    -0.174298,     0.000856,
  1804.750,    -0.112979,    -0.206257,     0.005662,
  1804.800,    -0.142333,    -0.217056,     0.004087,
  1804.850,    -0.164755,    -0.228059,    -0.001233,
  1804.900,    -0.184572,    -0.247746,    -0.006588,
  1804.950,    -0.212295,    -0.260788,    -0.007479,
  1805.000,    -0.215100,    -0.265298,    -0.002483,
  1805.050,    -0.231174,    -0.270014,     0.001527,
  1805.100,    -0.234614,    -0.281026,     0.004710,
  1805.150,    -0.244737,    -0.300468,     0.001296,
  1805.200,    -0.249937,    -0.293880,    -0.000491,
  1805.250,    -0.268692,    -0.321298,    -0.003476,
  1805.300,    -0.275341,    -0.332671,     0.002303,
  1805.350,    -0.286445,    -0.355128,     0.004540,
  1805.400,    -0.291839,    -0.371654,     0.005480,
  1805.450,    -0.310904,    -0.394795,     0.001461,
  1805.500,    -0.330128,    -0.407150,    -0.000275,
  1805.550,    -0.367619,    -0.414103,     0.001563,
  1805.600,    -0.384086,    -0.395606,     0.000597,
  1805.650,    -0.393283,    -0.376798,     0.000940,
  1805.700,    -0.392105,    -0.328020,    -0.002097,
  1805.750,    -0.384502,    -0.233961,     0.003033,
  1805.800,    -0.340502,    -0.123587,     0.006145,
  1805.850,    -0.285070,     0.008187,     0.002956,
  1805.900,    -0.198600,     0.136565,     0.002135,
  1805.950,    -0.071599,     0.262365,    -0.008211,
  1806.000,     0.053124,     0.375268,    -0.005897,
  1806.050,     0.183046,     0.458865,    -0.003705,
  1806.100,     0.307137,     0.507516,    -0.004048,
  1806.150,     0.402144,     0.543929,    -0.000577,
  1806.200,     0.483528,     0.553592,    -0.003087,
  1806.250,     0.531772,     0.527005,    -0.000570,
  1806.300,     0.542706,     0.486865,    -0.005907,
  1806.350,     0.550038,     0.432154,     0.004632,
  1806.400,     0.535159,     0.371795,     0.003880,
  1806.450,     0.487705,     0.319449,    -0.002407,
  1806.500,     0.452232,     0.264188,    -0.005380,
  1806.550,     0.391109,     0.199117,    -0.000173,
  1806.600,     0.347789,     0.137966,    -0.003309,
  1806.650,     0.290516,     0.088463,    -0.001532,
  1806.700,     0.243737,     0.036088,    -0.000732,
  1806.750,     0.170754,     0.000069,    -0.006290,
  1806.800,     0.126247,    -0.031950,     0.001580,
  1806.850,     0.081119,    -0.081145,     0.002345,
  1806.900,     0.031930,    -0.109261,     0.001518,
  1806.950,    -0.008054,    -0.151498,     0.002851,
  1807.000,    -0.043365,    -0.189623,    -0.000767,
  1807.050,    -0.071329,    -0.231805,    -0.003155,
  1807.100,    -0.110799,    -0.259870,    -0.004042,
  1807.150,    -0.149822,    -0.272932,    -0.002510,
  1807.200,    -0.181915,    -0.292567,    -0.004306,
  1807.250,    -0.214858,    -0.304338,     0.000862,
  1807.300,    -0.240789,    -0.313152,     0.001095,
  1807.350,    -0.249781,    -0.325372,     0.000262,
  1807.400,    -0.279987,    -0.332154,    -0.010418,
  1807.450,    -0.298508,    -0.369858,    -0.002510,
  1807.500,    -0.303191,    -0.420443,     0.003282,
  1807.550,    -0.334069,    -0.467397,     0.004166,
  1807.600,    -0.370653,    -0.542196,     0.002111,
  1807.650,    -0.422455,    -0.614030,     0.010505,
  1807.700,    -0.480795,    -0.690147,     0.003485,
  1807.750,    -0.551161,    -0.746567,     0.000655,
  1807.800,    -0.611451,    -0.792618,     0.002504,
  1807.850,    -0.678022,    -0.834673,     0.004221,
  1807.900,    -0.742069,    -0.853542,     0.007082,
  1807.950,    -0.776234,    -0.858732,     0.001525,
  1808.000,    -0.820145,    -0.873631,     0.001838,
  1808.050,    -0.831223,    -0.864919,     0.004430,
  1808.100,    -0.838009,    -0.882160,    -0.001827,
  1808.150,    -0.846797,    -0.886863,     0.005283,
  1808.200,    -0.841959,    -0.911447,     0.008496,
  1808.250,    -0.851314,    -0.918635,     0.001758,
  1808.300,    -0.875342,    -0.939094,     0.002649,
  1808.350,    -0.896955,    -0.960075,     0.005800,
  1808.400,    -0.897484,    -0.975367,     0.001592,
  1808.450,    -0.921758,    -0.993256,     0.002330,
  1808.500,    -0.950095,    -1.015297,    -0.005882,
  1808.550,    -0.969435,    -1.021686,     0.000101,
  1808.600,    -0.996265,    -1.033194,     0.008228,
  1808.650,    -1.012206,    -1.042957,     0.000010,
  1808.700,    -1.021662,    -1.050437,     0.000898,
  1808.750,    -1.030648,    -1.058752,     0.000883,
  1808.800,    -1.035218,    -1.054038,     0.000081,
  1808.850,    -1.041593,    -1.047226,     0.001309,
  1808.900,    -1.049733,    -1.024128,     0.005166,
  1808.950,    -1.049194,    -1.016378,    -0.001859,
  1809.000,    -1.037136,    -0.999396,    -0.001574,
  1809.050,    -1.025312,    -0.997504,     0.005617,
  1809.100,    -1.008512,    -0.989860,     0.001503,
  1809.150,    -1.010047,    -0.988110,    -0.001009,
  1809.200,    -0.996530,    -1.002414,     0.000169,
  1809.250,    -1.000316,    -1.022468,    -0.007861,
  1809.300,    -1.023000,    -1.061335,    -0.001334,
  1809.350,    -1.035643,    -1.112362,     0.005064,
  1809.400,    -1.060194,    -1.173287,     0.001519,
  1809.450,    -1.101932,    -1.238764,     0.009386,
  1809.500,    -1.160166,    -1.328536,     0.002232,
  1809.550,    -1.231787,    -1.417769,     0.001744,
  1809.600,    -1.305570,    -1.512710,     0.001725,
  1809.650,    -1.392646,    -1.599588,     0.002936,
  1809.700,    -1.477306,    -1.680527,     0.000837,
  1809.750,    -1.555918,    -1.773491,    -0.001220,
  1809.800,    -1.646058,    -1.866358,     0.001008,
  1809.850,    -1.724525,    -1.963147,    -0.003420,
  1809.900,    -1.818423,    -2.064345,    -0.002367,
  1809.950,    -1.903865,    -2.193441,     0.003206,
  1810.000,    -2.000229,    -2.347814,     0.004316,
  1810.050,    -2.119647,    -2.512138,    -0.001690,
  1810.100,    -2.247824,    -2.693559,    -0.002233,
  1810.150,    -2.391557,    -2.891090,    -0.004277,
  1810.200,    -2.563314,    -3.104951,    -0.002060,
  1810.250,    -2.740981,    -3.324797,     0.008402,
  1810.300,    -2.939720,    -3.565288,     0.002488,
  1810.350,    -3.150214,    -3.838394,    -0.007105,
  1810.400,    -3.375629,    -4.119716,    -0.007286,
  1810.450,    -3.624314,    -4.407521,    -0.003547,
  1810.500,    -3.894301,    -4.717098,     0.002422,
  1810.550,    -4.185915,    -5.018770,    -0.006657,
  1810.600,    -4.481715,    -5.310915,     0.000049,
  1810.650,    -4.797703,    -5.547432,     0.000420,
  1810.700,    -5.087650,    -5.687892,     0.003610,
  1810.750,    -5.336112,    -5.651739,    -0.000005,
  1810.800,    -5.541418,    -5.395726,     0.003914,
  1810.850,    -5.607758,    -4.879625,     0.003446,
  1810.900,    -5.492730,    -4.003813,     0.007520,
  1810.950,    -5.156074,    -2.753586,    -0.002878,
  1811.000,    -4.505108,    -1.184418,    -0.000668,
  1811.050,    -3.523904,     0.641382,    -0.000254,
  1811.100,    -2.187079,     2.571726,     0.001679,
  1811.150,    -0.550099,     4.396691,    -0.002368,
  1811.200,     1.269794,     5.890880,    -0.003757,
  1811.250,     3.124100,     6.925469,     0.001148,
  1811.300,     4.814009,     7.361720,    -0.006994,
  1811.350,     6.138065,     7.204494,     0.001212,
  1811.400,     6.967376,     6.512017,     0.001805,
  1811.450,     7.225150,     5.362279,    -0.001732,
  1811.500,     6.923769,     3.879855,     0.003549,
  1811.550,     6.092210,     2.152146,     0.004038,
  1811.600,     4.847652,     0.309693,     0.006322,
  1811.650,     3.280948,    -1.561601,     0.004911,
  1811.700,     1.526961,    -3.425915,    -0.001871,
  1811.750,    -0.333214,    -5.255035,    -0.006916,
  1811.800,    -2.210988,    -7.046113,    -0.003316,
  1811.850,    -4.073371,    -8.759865,     0.004206,
  1811.900,    -5.903775,   -10.401140,     0.000342,
  1811.950,    -7.671215,   -11.990518,     0.004656,
  1812.000,    -9.351045,   -13.599207,     0.001576,
  1812.050,   -10.993682,   -15.241798,     0.000378,
  1812.100,   -12.600267,   -16.951510,    -0.004693,
  1812.150,   -14.222179,   -18.787921,     0.005018,
  1812.200,   -15.892592,   -20.800125,     0.001619,
  1812.250,   -17.649637,   -22.987162,     0.000415,
  1812.300,   -19.537292,   -25.309507,     0.005414,
  1812.350,   -21.594112,   -27.798266,     0.001516,
  1812.400,   -23.816735,   -30.473089,     0.006659,
  1812.450,   -26.203321,   -33.342491,     0.008414,
  1812.500,   -28.749290,   -36.443148,     0.005049,
  1812.550,   -31.485450,   -39.847350,     0.005842,
  1812.600,   -34.452491,   -43.605229,     0.014623,
  1812.650,   -37.672958,   -47.796240,     0.009541,
  1812.700,   -41.200925,   -52.519953,     0.007420,
  1812.750,   -45.121211,   -57.838137,     0.013291,
  1812.800,   -49.490781,   -63.744591,     0.010037,
  1812.850,   -54.426293,   -70.237015,     0.006414,
  1812.900,   -59.947361,   -77.263383,     0.002646,
  1812.950,   -66.049302,   -84.826072,     0.000795,
  1813.000,   -72.721502,   -92.995254,     0.011734,
  1813.050,   -79.933658,  -101.803223,     0.011700,
  1813.100,   -87.724900,  -111.338004,     0.013653,
  1813.150,   -96.158138,  -121.776452,     0.011661,
  1813.200,  -105.267036,  -133.356390,     0.016425,
  1813.250,  -115.152559,  -146.318311,     0.018243,
  1813.300,  -126.048663,  -160.827259,     0.024616,
  1813.350,  -138.164315,  -176.992362,     0.026118,
  1813.400,  -151.674433,  -194.801858,     0.023683,
  1813.450,  -166.756909,  -214.015425,     0.027213,
  1813.500,  -183.462329,  -234.111517,     0.027099,
  1813.550,  -201.716258,  -254.150094,     0.034963,
  1813.600,  -221.118181,  -272.629414,     0.034838,
  1813.650,  -240.992783,  -287.321405,     0.027304,
  1813.700,  -260.212128,  -295.182332,     0.030988,
  1813.750,  -276.985395,  -292.238748,     0.039654,
  1813.800,  -288.806328,  -274.009600,     0.038766,
  1813.850,  -292.321204,  -235.976360,     0.040070,
  1813.900,  -283.511582,  -174.391883,     0.040024,
  1813.950,  -257.992706,   -87.243081,     0.031562,
  1814.000,  -211.714296,    24.297500,     0.028622,
  1814.050,  -141.596323,   155.452584,     0.017048,
  1814.100,   -46.848080,   297.757307,     0.001735,
  1814.150,    70.009716,   439.676342,    -0.007778,
  1814.200,   203.125289,   568.966598,    -0.023571,
  1814.250,   343.515085,   675.041402,    -0.046917,
  1814.300,   479.889490,   750.886244,    -0.063368,
  1814.350,   600.972928,   793.996100,    -0.076913,
  1814.400,   697.342834,   805.592499,    -0.088381,
  1814.450,   763.288281,   789.423100,    -0.090531,
  1814.500,   797.210326,   750.378774,    -0.097293,
  1814.550,   800.714796,   693.846776,    -0.100321,
  1814.600,   777.697888,   625.138763,    -0.103699,
  1814.650,   733.213032,   549.091346,    -0.092720,
  1814.700,   672.784780,   469.557533,    -0.087365,
  1814.750,   601.444009,   389.548328,    -0.082961,
  1814.800,   523.788904,   311.685505,    -0.067619,
  1814.850,   443.665390,   238.525239,    -0.060923,
  1814.900,   364.045556,   172.119721,    -0.054677,
  1814.950,   287.567766,   113.600512,    -0.038906,
  1815.000,   216.415823,    62.887931,    -0.035897,
  1815.050,   152.252208,    18.863612,    -0.027088,
  1815.100,    95.869054,   -19.833424,    -0.018500,
  1815.150,    46.916322,   -53.919912,    -0.016469,
  1815.200,     4.375677,   -83.099688,    -0.009928,
  1815.250,   -32.762764,  -106.386950,    -0.000337,
  1815.300,   -64.908002,  -122.629533,    -0.000485,
  1815.350,   -91.686191,  -131.063409,     0.010299,
  1815.400,  -112.263081,  -131.594695,     0.022937,
  1815.450,  -125.720139,  -124.823057,     0.010879,
  1815.500,  -131.513524,  -112.328192,     0.007036,
  1815.550,  -129.731754,   -96.818980,     0.017657,
  1815.600,  -121.344441,   -82.215437,     0.020570,
  1815.650,  -108.338867,   -72.961625,     0.012759,
  1815.700,   -93.746762,   -72.757209,     0.013373,
  1815.750,   -81.470075,   -83.390954,     0.016096,
  1815.800,   -75.432023,  -104.056918,     0.015282,
  1815.850,   -78.484681,  -131.635674,     0.017897,
  1815.900,   -91.636382,  -161.625829,     0.019456,
  1815.950,  -113.555139,  -189.203070,     0.011970,
  1816.000,  -140.984652,  -209.923824,     0.018721,
  1816.050,  -169.450112,  -220.327466,     0.023797,
  1816.100,  -194.333063,  -218.770585,     0.021222,
  1816.150,  -211.539157,  -206.138546,     0.025030,
  1816.200,  -218.301371,  -185.858486,     0.025312,
  1816.250,  -213.849850,  -162.811616,     0.028972,
  1816.300,  -199.739446,  -141.551354,     0.028705,
  1816.350,  -179.482025,  -124.824267,     0.023715,
  1816.400,  -157.470456,  -113.248541,     0.024557,
  1816.450,  -137.525956,  -105.921652,     0.025102,
  1816.500,  -121.865346,  -101.650886,     0.018842,
  1816.550,  -111.010622,   -99.825683,     0.018663,
  1816.600,  -104.254305,  -100.199362,     0.017487,
  1816.650,  -100.673661,  -102.423925,     0.014479,
  1816.700,   -99.609351,  -105.819290,     0.013047,
  1816.750,  -100.604153,  -109.441387,     0.013486,
  1816.800,  -103.149682,  -112.560382,     0.016641,
  1816.850,  -106.509759,  -114.740218,     0.020104,
  1816.900,  -109.915037,  -115.483894,     0.015728,
  1816.950,  -112.759821,  -114.097775,     0.013895,
  1817.000,  -114.435463,  -109.989270,     0.013910,
  1817.050,  -114.387836,  -103.084951,     0.017954,
  1817.100,  -112.085968,   -93.759803,     0.016388,
  1817.150,  -107.160126,   -82.587975,     0.012461,
  1817.200,   -99.580847,   -69.875395,     0.008831,
  1817.250,   -89.754678,   -55.750529,     0.010803,
  1817.300,   -78.090291,   -40.626776,     0.014482,
  1817.350,   -64.865012,   -25.500906,     0.009852,
  1817.400,   -50.467277,   -12.063755,    -0.000516,
  1817.450,   -35.573412,    -2.064329,    -0.005936,
  1817.500,   -21.331368,     3.358786,     0.007490,
  1817.550,    -9.268154,     3.904008,     0.006107,
  1817.600,    -0.824182,    -0.194911,     0.004345,
  1817.650,     3.102356,    -8.355788,     0.005878,
  1817.700,     2.278890,   -19.666764,     0.000710,
  1817.750,    -2.992184,   -32.537591,    -0.005676,
  1817.800,   -11.994886,   -44.506649,    -0.003857,
  1817.850,   -23.517244,   -52.728515,     0.005853,
  1817.900,   -35.662733,   -54.982446,     0.013439,
  1817.950,   -46.005701,   -50.757075,     0.005279,
  1818.000,   -52.147822,   -41.530956,     0.009395,
  1818.050,   -52.595948,   -29.926001,     0.019501,
  1818.100,   -47.372344,   -18.827791,     0.008872,
  1818.150,   -38.054764,   -10.673570,     0.003081,
  1818.200,   -27.111292,    -7.107634,     0.001351,
  1818.250,   -17.185465,    -8.719231,    -0.004431,
  1818.300,   -10.495016,   -14.691013,     0.001174,
  1818.350,    -8.364120,   -22.735643,     0.000139,
  1818.400,   -10.911490,   -29.902614,     0.004313,
  1818.450,   -16.915093,   -33.748532,     0.010622,
  1818.500,   -24.101402,   -33.064699,     0.005148,
  1818.550,   -29.940213,   -27.956631,    -0.009680,
  1818.600,   -32.435267,   -19.457653,     0.000914,
  1818.650,   -30.679771,    -8.888660,     0.007624,
  1818.700,   -24.893399,     2.687330,     0.002464,
  1818.750,   -16.025828,    14.585208,     0.009998,
  1818.800,    -5.223589,    26.197199,     0.004868,
  1818.850,     6.493735,    36.655152,     0.003982,
  1818.900,    18.298148,    44.818269,     0.002479,
  1818.950,    29.431528,    49.700924,    -0.003787,
  1819.000,    39.001070,    50.739164,    -0.003225,
  1819.050,    45.996644,    47.948522,    -0.005781,
  1819.100,    49.614215,    41.911974,    -0.014258,
  1819.150,    49.506451,    33.761590,    -0.007430,
  1819.200,    45.857276,    25.076411,    -0.001769,
  1819.250,    39.389609,    17.365504,    -0.003093,
  1819.300,    31.305976,    11.279393,     0.000136,
  1819.350,    23.053342,     6.235070,     0.000201,
  1819.400,    15.755831,     0.827335,    -0.004203,
  1819.450,     9.623949,    -5.969816,    -0.000430,
  1819.500,     4.037738,   -13.875113,     0.009952,
  1819.550,    -1.980236,   -21.589180,     0.008439,
  1819.600,    -8.915831,   -28.068293,     0.002317,
  1819.650,   -16.392034,   -33.318531,     0.002713,
  1819.700,   -23.535088,   -38.057869,     0.006829,
  1819.750,   -29.746632,   -42.823772,     0.005550,
  1819.800,   -35.081977,   -47.325771,     0.005672,
  1819.850,   -39.930144,   -50.545087,     0.002093,
  1819.900,   -44.431268,   -51.040312,     0.001613,
  1819.950,   -48.165879,   -47.551165,     0.001299,
  1820.000,   -50.154506,   -39.541999,     0.006198,
  1820.050,   -49.141650,   -27.629887,     0.008556,
  1820.100,   -44.227143,   -13.466572,     0.007299,
  1820.150,   -35.221219,     0.961966,     0.006177,
  1820.200,   -22.969061,    13.856392,    -0.002990,
  1820.250,    -9.052819,    23.857149,     0.001048,
  1820.300,     4.700001,    29.966806,     0.005249,
  1820.350,    16.602282,    31.914658,    -0.003602,
  1820.400,    25.356004,    30.340413,    -0.000960,
  1820.450,    30.278403,    26.568911,    -0.001938,
  1820.500,    31.366664,    22.010771,    -0.007843,
  1820.550,    29.399483,    17.686353,    -0.005371,
  1820.600,    25.581591,    14.143856,    -0.004361,
  1820.650,    21.114558,    11.879765,    -0.004840,
  1820.700,    16.977875,    11.450171,    -0.002021,
  1820.750,    13.814126,    13.133857,    -0.000094,
  1820.800,    12.147157,    16.492376,     0.001519,
  1820.850,    12.344320,    20.144995,     0.003540,
  1820.900,    14.356299,    22.336953,     0.001649,
  1820.950,    17.442438,    22.008604,     0.001388,
  1821.000,    20.290731,    19.432976,     0.000268,
  1821.050,    21.628074,    15.920535,     0.001370,
  1821.100,    20.869917,    12.598082,     0.004646,
  1821.150,    18.402223,     9.577422,     0.003382,
  1821.200,    15.150820,     6.013521,    -0.004082,
  1821.250,    11.775391,     1.110915,     0.001990,
  1821.300,     8.245783,    -5.020101,     0.006846,
  1821.350,     4.065515,   -11.471752,     0.001682,
  1821.400,    -1.134762,   -17.258292,     0.002485,
  1821.450,    -7.101947,   -21.838603,     0.001430,
  1821.500,   -13.148524,   -24.921660,     0.001911,
  1821.550,   -18.515676,   -25.941291,     0.003276,
  1821.600,   -22.612922,   -24.000598,     0.001136,
  1821.650,   -24.925475,   -18.511733,     0.007060,
  1821.700,   -24.821730,    -9.828382,     0.012108,
  1821.750,   -21.672419,     0.816979,     0.003848,
  1821.800,   -15.306656,    11.798253,    -0.000756,
  1821.850,    -6.292337,    21.565213,    -0.000549,
  1821.900,     4.163070,    29.060831,     0.004063,
  1821.950,    14.567602,    33.885158,     0.009125,
  1822.000,    23.561786,    36.446398,    -0.002103,
  1822.050,    30.336057,    37.610314,    -0.006492,
  1822.100,    34.696023,    38.044155,    -0.003921,
  1822.150,    37.051824,    37.919079,    -0.009223,
  1822.200,    38.064118,    37.212411,    -0.007830,
  1822.250,    38.242389,    36.014516,    -0.005621,
  1822.300,    37.835658,    34.378677,    -0.005001,
  1822.350,    36.925909,    32.083874,    -0.006530,
  1822.400,    35.522763,    28.617621,    -0.009657,
  1822.450,    33.548701,    23.607423,    -0.002041,
  1822.500,    30.727395,    17.409491,    -0.000094,
  1822.550,    26.693240,    11.036946,    -0.001921,
  1822.600,    21.425264,     5.737103,    -0.002400,
  1822.650,    15.450513,     2.557861,    -0.001507,
  1822.700,     9.656321,     2.119882,    -0.000021,
  1822.750,     5.148713,     4.493383,    -0.002240,
  1822.800,     2.863801,     8.979303,    -0.006036,
  1822.850,     3.214747,    14.330800,    -0.001492,
  1822.900,     6.002179,    19.228665,    -0.001349,
  1822.950,    10.486634,    22.807569,    -0.005279,
  1823.000,    15.499242,    24.560384,    -0.009116,
  1823.050,    19.910650,    24.340384,    -0.009400,
  1823.100,    22.946464,    22.200071,    -0.003449,
  1823.150,    24.158306,    18.178544,     0.001932,
  1823.200,    23.390228,    12.012117,     0.003617,
  1823.250,    20.640124,     3.148203,    -0.001464,
  1823.300,    15.817291,    -8.790030,    -0.001900,
  1823.350,     8.601390,   -23.273387,    -0.002343,
  1823.400,    -1.314051,   -38.224647,     0.004184,
  1823.450,   -13.858123,   -50.544804,     0.001419,
  1823.500,   -27.979223,   -57.476213,     0.002369,
  1823.550,   -41.460416,   -57.810190,     0.002914,
  1823.600,   -51.671800,   -52.153457,     0.009357,
  1823.650,   -56.588219,   -42.338293,     0.011227,
  1823.700,   -55.426291,   -30.560950,     0.010479,
  1823.750,   -48.967315,   -18.794986,     0.010657,
  1823.800,   -38.952582,    -8.438627,     0.003826,
  1823.850,   -27.384417,     0.046412,    -0.001841,
  1823.900,   -16.027722,     6.946931,     0.004741,
  1823.950,    -6.040880,    12.932963,     0.006244,
  1824.000,     2.238844,    18.485968,    -0.000674,
  1824.050,     9.114896,    23.526939,    -0.005124,
  1824.100,    15.047906,    27.443639,    -0.004879,
  1824.150,    20.321415,    29.499239,    -0.002741,
  1824.200,    24.779142,    29.368003,     0.002178,
  1824.250,    27.927086,    27.465033,     0.007451,
  1824.300,    29.255565,    24.831567,     0.004292,
  1824.350,    28.713864,    22.533744,    -0.001395,
  1824.400,    26.829533,    20.957609,    -0.004185,
  1824.450,    24.460311,    19.665900,    -0.001206,
  1824.500,    22.306345,    17.787944,    -0.004078,
  1824.550,    20.560144,    14.753256,     0.002442,
  1824.600,    18.825425,    10.809370,    -0.001971,
  1824.650,    16.491809,     6.806507,    -0.004340,
  1824.700,    13.314077,     3.508478,     0.005362,
  1824.750,     9.593812,     1.024986,    -0.000547,
  1824.800,     5.930218,    -1.113423,    -0.004173,
  1824.850,     2.809669,    -3.522899,     0.004796,
  1824.900,     0.232026,    -6.488814,     0.000309,
  1824.950,    -2.140014,    -9.766122,    -0.002994,
  1825.000,    -4.727905,   -12.895345,     0.001004,
  1825.050,    -7.681634,   -15.593571,    -0.001424,
  1825.100,   -10.762365,   -17.772054,    -0.003438,
  1825.150,   -13.703792,   -19.659595,     0.001384,
  1825.200,   -16.283326,   -21.582581,     0.006815,
  1825.250,   -18.460146,   -23.698487,     0.005325,
  1825.300,   -20.423897,   -25.838786,    -0.001132,
  1825.350,   -22.412583,   -27.595023,     0.004416,
  1825.400,   -24.448982,   -28.383771,     0.005024,
  1825.450,   -26.323539,   -27.582037,     0.004075,
  1825.500,   -27.614561,   -24.726030,     0.002632,
  1825.550,   -27.776091,   -19.488644,    -0.000288,
  1825.600,   -26.242206,   -11.720658,     0.001042,
  1825.650,   -22.574624,    -1.547063,     0.004178,
  1825.700,   -16.528046,    10.306538,     0.005786,
  1825.750,    -8.032961,    22.414980,     0.007496,
  1825.800,     2.509354,    33.193964,     0.007006,
  1825.850,    14.158459,    41.507865,     0.002054,
  1825.900,    25.580330,    46.831145,    -0.003608,
  1825.950,    35.487656,    48.937871,    -0.002243,
  1826.000,    42.901832,    47.522046,    -0.002252,
  1826.050,    47.236244,    42.236162,    -0.005113,
  1826.100,    48.144063,    33.172148,    -0.000057,
  1826.150,    45.401286,    21.368506,    -0.007862,
  1826.200,    38.921870,     8.621139,    -0.018915,
  1826.250,    29.209307,    -3.201275,    -0.007097,
  1826.300,    17.434649,   -12.615916,    -0.000123,
  1826.350,     5.248673,   -18.565088,    -0.003075,
  1826.400,    -5.697562,   -20.289143,    -0.002418,
  1826.450,   -13.973106,   -17.466613,     0.004084,
  1826.500,   -18.566294,   -10.656425,    -0.003672,
  1826.550,   -18.903363,    -1.446020,    -0.005560,
  1826.600,   -15.018539,     8.104015,    -0.002695,
  1826.650,    -7.797860,    16.060518,     0.005431,
  1826.700,     1.166278,    21.001089,     0.005638,
  1826.750,     9.985814,    22.103391,    -0.000480,
  1826.800,    16.906618,    19.140922,    -0.011102,
  1826.850,    20.653324,    12.509408,    -0.009530,
  1826.900,    20.588937,     3.383193,    -0.003088,
  1826.950,    16.685425,    -6.424519,    -0.007380,
  1827.000,     9.567575,   -15.098267,    -0.005536,
  1827.050,     0.560656,   -21.370835,    -0.002276,
  1827.100,    -8.649735,   -24.753138,     0.000096,
  1827.150,   -16.516788,   -25.331093,    -0.002891,
  1827.200,   -21.980466,   -23.446933,    -0.000542,
  1827.250,   -24.642490,   -19.603019,     0.001503,
  1827.300,   -24.576816,   -14.476008,     0.001646,
  1827.350,   -22.165869,    -8.896198,     0.000849,
  1827.400,   -17.995071,    -3.506037,     0.004857,
  1827.450,   -12.804225,     1.404895,     0.003471,
  1827.500,    -7.310396,     5.806946,    -0.001425,
  1827.550,    -2.012086,     9.651922,     0.001008,
  1827.600,     2.827463,    12.871327,     0.006341,
  1827.650,     7.078919,    15.622055,    -0.002418,
  1827.700,    10.745345,    18.298622,     0.000072,
  1827.750,    13.889419,    21.028214,    -0.001613,
  1827.800,    16.687310,    23.315289,    -0.006509,
  1827.850,    19.340548,    24.323574,    -0.008098,
  1827.900,    21.757534,    23.517188,    -0.005863,
  1827.950,    23.446465,    21.072348,     0.001697,
  1828.000,    23.809671,    17.830313,    -0.001602,
  1828.050,    22.595580,    14.909751,    -0.004866,
  1828.100,    20.134610,    13.318846,    -0.006487,
  1828.150,    17.248993,    13.561351,     0.001414,
  1828.200,    14.885594,    15.597742,     0.002869,
  1828.250,    13.854364,    19.019671,    -0.003219,
  1828.300,    14.542288,    23.074328,    -0.006794,
  1828.350,    16.842507,    26.691907,    -0.005182,
  1828.400,    20.270811,    28.732947,    -0.002576,
  1828.450,    23.973398,    28.308832,     0.003361,
  1828.500,    26.916482,    24.969893,     0.005733,
  1828.550,    28.078204,    18.746219,     0.000719,
  1828.600,    26.719747,    10.088401,     0.001360,
  1828.650,    22.552668,    -0.166042,    -0.000112,
  1828.700,    15.702336,   -10.706810,    -0.006949,
  1828.750,     6.705259,   -19.837325,    -0.004656,
  1828.800,    -3.401740,   -25.967462,     0.004210,
  1828.850,   -13.214618,   -28.441284,    -0.001397,
  1828.900,   -21.205695,   -28.016863,    -0.000094,
  1828.950,   -26.275527,   -26.375105,     0.006377,
  1829.000,   -28.206083,   -24.882848,     0.000136,
  1829.050,   -27.808988,   -23.645158,    -0.002097,
  1829.100,   -26.383936,   -21.493756,    -0.002219,
  1829.150,   -24.752183,   -16.863523,     0.002610,
  1829.200,   -22.734365,    -8.770227,    -0.004706,
  1829.250,   -19.362630,     2.459363,    -0.005791,
  1829.300,   -13.485925,    15.126721,    -0.001585,
  1829.350,    -4.619533,    26.943765,     0.001892,
  1829.400,     6.605124,    35.773510,     0.000595,
  1829.450,    18.511535,    40.323462,    -0.001461,
  1829.500,    29.069555,    40.481459,     0.001288,
  1829.550,    36.504379,    37.141878,     0.002689,
  1829.600,    39.873406,    31.548608,     0.005717,
  1829.650,    39.244427,    24.674637,    -0.002981,
  1829.700,    35.436784,    17.162005,    -0.006466,
  1829.750,    29.516669,     9.742071,    -0.007742,
  1829.800,    22.413388,     3.500155,     0.001676,
  1829.850,    14.976609,    -0.371856,     0.006142,
  1829.900,     8.060777,    -1.256465,    -0.004361,
  1829.950,     2.701515,     0.514031,    -0.006191,
  1830.000,    -0.231349,     3.756627,     0.002783,
  1830.050,    -0.505269,     7.008654,     0.002387,
  1830.100,     1.391858,     9.133354,    -0.001301,
  1830.150,     4.358079,     9.572022,    -0.000089,
  1830.200,     7.145147,     8.138976,    -0.005185,
  1830.250,     8.784546,     4.566827,     0.005102,
  1830.300,     8.691634,    -1.509641,     0.009587,
  1830.350,     6.556442,   -10.182571,     0.008565,
  1830.400,     2.128182,   -20.677868,     0.003860,
  1830.450,    -4.767704,   -31.176236,    -0.002251,
  1830.500,   -13.808711,   -39.590321,    -0.002236,
  1830.550,   -23.902956,   -44.588319,     0.002798,
  1830.600,   -33.368604,   -46.066287,     0.001805,
  1830.650,   -40.608257,   -44.798886,     0.000767,
  1830.700,   -44.695057,   -41.525043,     0.005695,
  1830.750,   -45.594813,   -36.463603,     0.002489,
  1830.800,   -43.826728,   -29.261457,     0.003549,
  1830.850,   -39.897145,   -19.515307,     0.004883,
  1830.900,   -33.925773,    -7.410843,     0.006540,
  1830.950,   -25.717750,     5.966144,     0.008673,
  1831.000,   -15.237023,    18.663459,     0.006188,
  1831.050,    -3.002028,    28.576485,     0.000058,
  1831.100,     9.768678,    34.130373,     0.002954,
  1831.150,    21.235415,    34.825056,     0.003604,
  1831.200,    29.619758,    31.395595,     0.003911,
  1831.250,    33.754005,    25.503812,     0.003355,
  1831.300,    33.491422,    19.072067,    -0.002190,
  1831.350,    29.700716,    13.626013,    -0.005745,
  1831.400,    23.957254,    10.038850,    -0.003416,
  1831.450,    17.978227,     8.620103,     0.003579,
  1831.500,    13.081308,     9.216822,     0.003120,
  1831.550,    10.049365,    11.282793,     0.007589,
  1831.600,     9.085453,    13.958090,     0.002366,
  1831.650,     9.949361,    16.337135,    -0.003704,
  1831.700,    12.026657,    17.798266,     0.002601,
  1831.750,    14.464065,    18.226527,     0.007465,
  1831.800,    16.507584,    17.957131,    -0.004370,
  1831.850,    17.740299,    17.514414,    -0.007459,
  1831.900,    18.125883,    17.333253,     0.003164,
  1831.950,    17.959191,    17.685167,    -0.002654,
  1832.000,    17.680952,    18.590432,    -0.004307,
  1832.050,    17.676805,    19.813884,     0.001451,
  1832.100,    18.155837,    20.702458,     0.000709,
  1832.150,    19.053121,    20.280027,    -0.000696,
  1832.200,    19.977929,    17.627957,     0.007407,
  1832.250,    20.212777,    12.430193,     0.002719,
  1832.300,    18.928006,     5.305914,    -0.003504,
  1832.350,    15.512776,    -2.425484,    -0.005183,
  1832.400,     9.939067,    -9.343778,    -0.002224,
  1832.450,     2.937417,   -14.514660,    -0.002775,
  1832.500,    -4.295425,   -17.659391,    -0.001933,
  1832.550,   -10.602060,   -18.912878,    -0.002917,
  1832.600,   -15.230414,   -18.473313,     0.001968,
  1832.650,   -17.903650,   -16.437140,     0.000809,
  1832.700,   -18.686444,   -12.983658,    -0.001990,
  1832.750,   -17.733137,    -8.765824,    -0.003619,
  1832.800,   -15.277798,    -4.729339,    -0.001404,
  1832.850,   -11.692405,    -1.645913,     0.003923,
  1832.900,    -7.682829,     0.172079,     0.005648,
  1832.950,    -4.014818,     0.922725,    -0.001871,
  1833.000,    -1.283565,     1.060233,    -0.003629,
  1833.050,     0.346147,     1.039474,    -0.000176,
  1833.100,     1.063941,     1.092040,     0.007706,
  1833.150,     1.225884,     1.172209,     0.002980,
  1833.200,     1.219387,     1.173591,     0.003780,
  1833.250,     1.208168,     1.086310,     0.003206,
  1833.300,     1.213126,     1.071151,     0.002844,
  1833.350,     1.179916,     1.376512,     0.000360,
  1833.400,     1.164506,     2.242035,    -0.006331,
  1833.450,     1.307437,     3.737975,    -0.001005,
  1833.500,     1.817921,     5.601861,     0.004550,
  1833.550,     2.868564,     7.359070,     0.005414,
  1833.600,     4.399846,     8.509794,     0.003385,
  1833.650,     6.105214,     8.634863,    -0.000655,
  1833.700,     7.575287,     7.335897,    -0.001395,
  1833.750,     8.328879,     4.335501,    -0.008087,
  1833.800,     7.939298,    -0.226119,    -0.004635,
  1833.850,     6.091288,    -5.792646,     0.002825,
  1833.900,     2.668080,   -11.607007,     0.003032,
  1833.950,    -2.087472,   -16.969065,     0.003710,
  1834.000,    -7.588743,   -21.487820,     0.008475,
  1834.050,   -13.171320,   -25.112508,     0.008056,
  1834.100,   -18.292604,   -28.023002,     0.003440,
  1834.150,   -22.617881,   -30.390354,     0.003121,
  1834.200,   -26.107819,   -32.276162,     0.003558,
  1834.250,   -28.897445,   -33.581662,    -0.001370,
  1834.300,   -31.098394,   -34.147928,     0.003541,
  1834.350,   -32.744558,   -33.741809,     0.011916,
  1834.400,   -33.741307,   -32.114103,     0.008086,
  1834.450,   -33.905473,   -29.324063,     0.004543,
  1834.500,   -33.050570,   -25.778838,     0.005996,
  1834.550,   -31.077290,   -21.960049,     0.004185,
  1834.600,   -28.134170,   -18.232339,     0.008818,
  1834.650,   -24.587229,   -14.671257,     0.009149,
  1834.700,   -20.803909,   -11.319440,     0.002521,
  1834.750,   -17.080086,    -8.354693,     0.006499,
  1834.800,   -13.549073,    -6.007538,     0.003209,
  1834.850,   -10.335265,    -4.283326,    -0.001290,
  1834.900,    -7.600397,    -2.772708,    -0.004745,
  1834.950,    -5.417477,    -0.695326,     0.003269,
  1835.000,    -3.610167,     2.589626,     0.004164,
  1835.050,    -1.745705,     7.044022,     0.007933,
  1835.100,     0.789730,    11.902275,     0.008457,
  1835.150,     4.344325,    16.061801,    -0.004392,
  1835.200,     8.663444,    18.541295,    -0.000902,
  1835.250,    13.035564,    18.674839,     0.002381,
  1835.300,    16.478780,    16.189810,     0.002892,
  1835.350,    18.133849,    11.308176,    -0.006071,
  1835.400,    17.453398,     4.720207,    -0.002713,
  1835.450,    14.321955,    -2.760185,     0.000068,
  1835.500,     9.050676,   -10.354603,    -0.004377,
  1835.550,     2.279221,   -17.312602,    -0.001029,
  1835.600,    -5.144769,   -22.880859,     0.000058,
  1835.650,   -12.463492,   -26.370592,     0.006087,
  1835.700,   -18.905033,   -27.320176,    -0.002550,
  1835.750,   -23.738971,   -25.767002,    -0.005313,
  1835.800,   -26.389007,   -22.285282,     0.002270,
  1835.850,   -26.617830,   -17.950074,     0.005987,
  1835.900,   -24.619499,   -13.906127,     0.009964,
  1835.950,   -21.082889,   -11.020614,     0.011095,
  1836.000,   -17.019939,    -9.566670,     0.001861,
  1836.050,   -13.383579,    -9.170849,    -0.002501,
  1836.100,   -10.846552,    -9.110928,     0.003673,
  1836.150,    -9.510203,    -8.834826,     0.001098,
  1836.200,    -8.997636,    -8.082263,     0.002831,
  1836.250,    -8.775817,    -6.770215,    -0.001376,
  1836.300,    -8.357945,    -4.794789,    -0.002285,
  1836.350,    -7.451501,    -2.120573,    -0.001790,
  1836.400,    -5.941099,     1.010521,     0.000600,
  1836.450,    -3.755438,     3.956608,    -0.003930,
  1836.500,    -1.021425,     6.001863,    -0.007152,
  1836.550,     1.895981,     6.766794,    -0.007131,
  1836.600,     4.429856,     6.314743,    -0.009406,
  1836.650,     6.055944,     5.095053,    -0.003859,
  1836.700,     6.530508,     3.577547,     0.000128,
  1836.750,     5.972558,     2.134282,     0.002598,
  1836.800,     4.741392,     1.038021,    -0.002276,
  1836.850,     3.279261,     0.550528,     0.002318,
  1836.900,     1.954395,     0.947869,     0.002705,
  1836.950,     1.061310,     2.359920,    -0.000284,
  1837.000,     0.883634,     4.553098,    -0.002418,
  1837.050,     1.596434,     6.948263,    -0.008162,
  1837.100,     3.169151,     8.892498,    -0.000339,
  1837.150,     5.285838,     9.837238,     0.002808,
  1837.200,     7.397357,     9.396765,    -0.000498,
  1837.250,     8.941205,     7.442679,    -0.002409,
  1837.300,     9.433216,     4.124287,    -0.000708,
  1837.350,     8.532298,    -0.085949,     0.003352,
  1837.400,     6.219414,    -4.527440,     0.002580,
  1837.450,     2.728060,    -8.536529,     0.006256,
  1837.500,    -1.445104,   -11.583802,     0.001133,
  1837.550,    -5.674823,   -13.332849,    -0.002495,
  1837.600,    -9.324408,   -13.616903,     0.001494,
  1837.650,   -11.953600,   -12.487326,     0.003659,
  1837.700,   -13.259783,   -10.273675,     0.002325,
  1837.750,   -13.153760,    -7.475055,     0.000949,
  1837.800,   -11.773331,    -4.785458,     0.000288,
  1837.850,    -9.464709,    -2.909590,     0.003364,
  1837.900,    -6.823087,    -2.218793,     0.009637,
  1837.950,    -4.484595,    -2.614802,     0.008685,
  1838.000,    -2.974536,    -3.639390,    -0.006758,
  1838.050,    -2.508579,    -4.769226,    -0.007329,
  1838.100,    -2.943629,    -5.736246,     0.006027,
  1838.150,    -3.898121,    -6.530344,     0.004027,
  1838.200,    -4.955828,    -7.159048,     0.003085,
  1838.250,    -5.914371,    -7.461489,     0.002692,
  1838.300,    -6.690499,    -7.081237,     0.004680,
  1838.350,    -7.179318,    -5.736996,    -0.000890,
  1838.400,    -7.176726,    -3.490388,     0.002622,
  1838.450,    -6.455193,    -0.674466,    -0.004967,
  1838.500,    -4.870561,     2.402171,    -0.000814,
  1838.550,    -2.526018,     5.567027,     0.002357,
  1838.600,     0.333637,     8.874986,    -0.002067,
  1838.650,     3.467754,    12.406614,     0.002095,
  1838.700,     6.731190,    15.999260,     0.005030,
  1838.750,    10.158269,    19.294328,     0.006672,
  1838.800,    13.689131,    21.949170,     0.001495,
  1838.850,    17.102721,    23.771716,    -0.012448,
  1838.900,    20.129341,    24.616640,    -0.010175,
  1838.950,    22.505243,    24.196301,     0.002075,
  1839.000,    23.984340,    22.084998,    -0.001842,
  1839.050,    24.341422,    17.971682,    -0.008007,
  1839.100,    23.272325,    12.018982,    -0.005787,
  1839.150,    20.460075,     5.148176,    -0.003344,
  1839.200,    15.846775,    -1.261015,     0.003603,
  1839.250,     9.833795,    -5.995006,     0.013168,
  1839.300,     3.380066,    -8.540481,     0.010609,
  1839.350,    -2.347201,    -9.109692,    -0.001166,
  1839.400,    -6.436925,    -8.356678,     0.003711,
  1839.450,    -8.545704,    -7.074473,     0.003637,
  1839.500,    -8.910786,    -6.008832,     0.004331,
  1839.550,    -8.146788,    -5.856728,     0.003081,
  1839.600,    -7.037611,    -7.037387,     0.000396,
  1839.650,    -6.325142,    -9.423376,     0.001798,
  1839.700,    -6.575271,   -12.278701,     0.003605,
  1839.750,    -8.003967,   -14.498284,     0.006671,
  1839.800,   -10.293560,   -15.175023,    -0.000220,
  1839.850,   -12.693052,   -13.893635,    -0.010680,
  1839.900,   -14.292325,   -10.840310,    -0.000215,
  1839.950,   -14.358039,    -6.536802,     0.000545,
  1840.000,   -12.635210,    -1.659178,     0.001484,
  1840.050,    -9.346378,     3.205145,     0.008147,
  1840.100,    -4.990575,     7.701150,     0.001802,
  1840.150,    -0.176460,    11.693371,     0.001242,
  1840.200,     4.589495,    15.159853,    -0.006393,
  1840.250,     8.991407,    18.036238,    -0.005381,
  1840.300,    12.879764,    20.235699,    -0.004812,
  1840.350,    16.174927,    21.724131,    -0.001638,
  1840.400,    18.811782,    22.406723,     0.000427,
  1840.450,    20.767348,    22.240671,    -0.000007,
  1840.500,    21.980134,    21.176884,    -0.000889,
  1840.550,    22.366484,    19.151469,    -0.004900,
  1840.600,    21.882801,    16.137323,    -0.006389,
  1840.650,    20.468317,    12.263194,    -0.004610,
  1840.700,    18.116964,     7.955525,    -0.003800,
  1840.750,    14.862116,     3.781975,    -0.002531,
  1840.800,    10.925801,     0.246616,    -0.009063,
  1840.850,     6.747401,    -2.440321,    -0.000677,
  1840.900,     2.827586,    -4.559025,     0.002147,
  1840.950,    -0.486559,    -6.633739,     0.002531,
  1841.000,    -3.136522,    -9.011448,     0.006434,
  1841.050,    -5.378920,   -11.590681,     0.007586,
  1841.100,    -7.598823,   -13.828457,    -0.001687,
  1841.150,    -9.953806,   -15.010873,     0.000175,
  1841.200,   -12.240691,   -14.676166,    -0.001802,
  1841.250,   -13.968959,   -12.800198,    -0.009257,
  1841.300,   -14.612885,    -9.855753,    -0.000676,
  1841.350,   -13.834943,    -6.625488,     0.007058,
  1841.400,   -11.757417,    -3.939542,     0.007787,
  1841.450,    -8.908485,    -2.347668,     0.003240,
  1841.500,    -5.990052,    -2.047029,    -0.004942,
  1841.550,    -3.702557,    -2.857522,    -0.003014,
  1841.600,    -2.463846,    -4.240947,     0.000105,
  1841.650,    -2.393992,    -5.626539,    -0.001009,
  1841.700,    -3.242591,    -6.527280,    -0.002096,
  1841.750,    -4.514773,    -6.658142,     0.002901,
  1841.800,    -5.685465,    -6.060780,     0.002619,
  1841.850,    -6.346807,    -4.849599,    -0.000220,
  1841.900,    -6.307301,    -3.069412,     0.001062,
  1841.950,    -5.560559,    -0.730679,    -0.001456,
  1842.000,    -4.193406,     2.121130,     0.001695,
  1842.050,    -2.220659,     5.241307,     0.005903,
  1842.100,     0.287138,     8.192309,     0.006724,
  1842.150,     3.181522,    10.516145,     0.004506,
  1842.200,     6.150089,    11.876022,     0.008413,
  1842.250,     8.837982,    12.056004,     0.007945,
  1842.300,    10.818267,    11.123635,    -0.002118,
  1842.350,    11.794019,     9.337168,    -0.007512,
  1842.400,    11.668144,     7.020721,    -0.002726,
  1842.450,    10.527030,     4.426239,     0.002069,
  1842.500,     8.609954,     1.810179,     0.000069,
  1842.550,     6.233083,    -0.419926,     0.001458,
  1842.600,     3.663133,    -1.881463,     0.004158,
  1842.650,     1.211390,    -2.449169,    -0.002461,
  1842.700,    -0.735407,    -2.321405,     0.004009,
  1842.750,    -1.940599,    -1.894923,     0.012916,
  1842.800,    -2.374321,    -1.556517,     0.009608,
  1842.850,    -2.252860,    -1.541060,    -0.002246,
  1842.900,    -1.920497,    -1.892204,    -0.000397,
  1842.950,    -1.694961,    -2.615882,     0.011928,
  1843.000,    -1.756197,    -3.674414,     0.001488,
  1843.050,    -2.192791,    -4.904529,    -0.003717,
  1843.100,    -2.990068,    -5.979522,    -0.002517,
  1843.150,    -4.047501,    -6.606385,    -0.000790,
  1843.200,    -5.151699,    -6.797733,     0.005695,
  1843.250,    -6.053738,    -6.971862,     0.006990,
  1843.300,    -6.607553,    -7.645094,     0.006648,
  1843.350,    -6.928118,    -9.004244,     0.004728,
  1843.400,    -7.370812,   -10.757221,     0.001330,
  1843.450,    -8.255726,   -12.349775,     0.000391,
  1843.500,    -9.613095,   -13.306108,     0.001066,
  1843.550,   -11.159557,   -13.514618,     0.005420,
  1843.600,   -12.476327,   -13.019116,     0.005401,
  1843.650,   -13.219637,   -11.789950,    -0.003765,
  1843.700,   -13.239792,    -9.751784,    -0.008387,
  1843.750,   -12.499753,    -6.888776,     0.001220,
  1843.800,   -10.990784,    -3.436800,     0.007907,
  1843.850,    -8.700179,     0.146746,     0.002513,
  1843.900,    -5.694307,     3.314371,     0.002425,
  1843.950,    -2.297661,     5.728174,     0.001083,
  1844.000,     1.062982,     7.351941,     0.004193,
  1844.050,     3.976719,     8.387392,    -0.001696,
  1844.100,     6.200275,     9.206966,    -0.002117,
  1844.150,     7.742102,    10.141932,    -0.006995,
  1844.200,     8.798531,    11.421982,    -0.003051,
  1844.250,     9.705450,    13.018290,    -0.002565,
  1844.300,    10.751322,    14.586290,    -0.003049,
  1844.350,    12.064260,    15.541454,    -0.002415,
  1844.400,    13.525194,    15.221865,    -0.005462,
  1844.450,    14.734660,    13.212699,    -0.002437,
  1844.500,    15.142617,     9.581848,    -0.005349,
  1844.550,    14.250010,     4.737372,    -0.004060,
  1844.600,    11.797687,    -0.794157,     0.001345,
  1844.650,     7.891558,    -6.441892,     0.005820,
  1844.700,     2.917577,   -11.717930,     0.004851,
  1844.750,    -2.573694,   -16.111120,     0.003711,
  1844.800,    -8.055855,   -19.163292,     0.002586,
  1844.850,   -13.003807,   -20.585019,     0.005391,
  1844.900,   -16.922863,   -20.388264,     0.008131,
  1844.950,   -19.445035,   -18.851844,     0.005240,
  1845.000,   -20.389956,   -16.452334,     0.006873,
  1845.050,   -19.841677,   -13.703957,     0.004598,
  1845.100,   -18.130046,   -11.001507,     0.008831,
  1845.150,   -15.681393,    -8.523210,     0.011537,
  1845.200,   -12.958831,    -6.292389,     0.011579,
  1845.250,   -10.297276,    -4.194351,    -0.003224,
  1845.300,    -7.836020,    -2.082955,    -0.004528,
  1845.350,    -5.580814,     0.038873,    -0.001771,
  1845.400,    -3.438020,     2.047104,     0.001692,
  1845.450,    -1.332714,     3.799700,     0.001698,
  1845.500,     0.720784,     5.170210,     0.000345,
  1845.550,     2.626780,     6.131009,    -0.000294,
  1845.600,     4.227741,     6.713373,    -0.000193,
  1845.650,     5.464113,     6.918985,     0.001969,
  1845.700,     6.321207,     6.778448,     0.007565,
  1845.750,     6.789933,     6.423708,     0.002802,
  1845.800,     6.887323,     6.048871,     0.001574,
  1845.850,     6.698626,     5.917529,    -0.004583,
  1845.900,     6.376146,     6.145901,    -0.005608,
  1845.950,     6.120518,     6.669167,     0.003889,
  1846.000,     6.093100,     7.337131,     0.000028,
  1846.050,     6.375186,     7.943066,    -0.000281,
  1846.100,     6.892176,     8.219676,    -0.001965,
  1846.150,     7.483687,     7.929215,    -0.004139,
  1846.200,     7.933645,     6.869108,    -0.006261,
  1846.250,     7.986949,     4.926775,    -0.001112,
  1846.300,     7.417728,     2.032281,    -0.000598,
  1846.350,     6.053531,    -1.775281,    -0.006523,
  1846.400,     3.795828,    -6.182669,    -0.006216,
  1846.450,     0.626047,   -10.584673,    -0.001975,
  1846.500,    -3.298230,   -14.230741,     0.001816,
  1846.550,    -7.568024,   -16.446706,    -0.004756,
  1846.600,   -11.589739,   -16.905258,    -0.001127,
  1846.650,   -14.695360,   -15.769860,     0.005093,
  1846.700,   -16.356350,   -13.619428,    -0.000328,
  1846.750,   -16.417524,   -11.174045,     0.000432,
  1846.800,   -15.111671,    -8.935823,    -0.001646,
  1846.850,   -12.973522,    -7.117013,     0.003437,
  1846.900,   -10.623124,    -5.577254,     0.010619,
  1846.950,    -8.462901,    -3.997611,     0.006787,
  1847.000,    -6.615822,    -2.050077,    -0.001605,
  1847.050,    -4.938971,     0.346003,    -0.000318,
  1847.100,    -3.176296,     2.987028,    -0.000267,
  1847.150,    -1.102020,     5.356780,    -0.001802,
  1847.200,     1.297832,     6.840693,     0.005055,
  1847.250,     3.714968,     6.921687,     0.000993,
  1847.300,     5.654383,     5.357960,    -0.003332,
  1847.350,     6.623246,     2.370324,    -0.009075,
  1847.400,     6.184267,    -1.359246,    -0.002337,
  1847.450,     4.258236,    -4.952970,    -0.000476,
  1847.500,     1.205005,    -7.509523,    -0.005755,
  1847.550,    -2.289315,    -8.244350,    -0.001360,
  1847.600,    -5.401422,    -6.749687,     0.003260,
  1847.650,    -7.299888,    -3.169505,     0.006306,
  1847.700,    -7.329527,     1.762817,     0.004301,
  1847.750,    -5.287458,     6.920078,     0.001548,
  1847.800,    -1.502945,    11.125443,    -0.003312,
  1847.850,     3.262085,    13.557716,    -0.005693,
  1847.900,     7.941814,    13.902879,     0.001794,
  1847.950,    11.525689,    12.369581,     0.003558,
  1848.000,    13.357453,     9.551146,     0.002142,
  1848.050,    13.254063,     6.106045,    -0.000536,
  1848.100,    11.464328,     2.592117,     0.003282,
  1848.150,     8.542936,    -0.572925,     0.001564,
  1848.200,     5.130769,    -3.210858,     0.002644,
  1848.250,     1.716304,    -5.301479,     0.000744,
  1848.300,    -1.337418,    -6.841280,     0.005414,
  1848.350,    -3.858629,    -7.772628,     0.007738,
  1848.400,    -5.803895,    -7.985734,     0.001691,
  1848.450,    -7.133229,    -7.435414,     0.002245,
  1848.500,    -7.789907,    -6.264224,    -0.002103,
  1848.550,    -7.746956,    -4.854905,    -0.003537,
  1848.600,    -7.035777,    -3.699725,     0.000539,
  1848.650,    -5.876808,    -3.150278,     0.006632,
  1848.700,    -4.627123,    -3.277778,    -0.001151,
  1848.750,    -3.685711,    -3.881515,    -0.001188,
  1848.800,    -3.312927,    -4.583899,     0.003808,
  1848.850,    -3.504670,    -4.981927,     0.002859,
  1848.900,    -4.032379,    -4.948562,     0.006297,
  1848.950,    -4.576854,    -4.596796,     0.007063,
  1849.000,    -4.860246,    -4.173007,     0.004002,
  1849.050,    -4.785825,    -3.857958,    -0.002409,
  1849.100,    -4.479654,    -3.515009,     0.002942,
  1849.150,    -4.115750,    -2.782881,     0.003915,
  1849.200,    -3.719904,    -1.348774,    -0.001689,
  1849.250,    -3.130300,     0.943184,    -0.001515,
  1849.300,    -2.108806,     4.047712,     0.003352,
  1849.350,    -0.391170,     7.765733,     0.008325,
  1849.400,     2.129774,    11.811354,     0.002743,
  1849.450,     5.385327,    15.772410,     0.000575,
  1849.500,     9.145546,    19.084164,     0.004942,
  1849.550,    13.088895,    21.207289,    -0.003127,
  1849.600,    16.735786,    21.668925,    -0.009718,
  1849.650,    19.561708,    20.232717,    -0.004753,
  1849.700,    21.086842,    17.007581,    -0.001592,
  1849.750,    20.926830,    12.444392,     0.003929,
  1849.800,    18.976809,     7.230278,     0.003251,
  1849.850,    15.448527,     2.052378,    -0.000352,
  1849.900,    10.794303,    -2.579602,     0.001124,
  1849.950,     5.666710,    -6.324079,     0.005887,
  1850.000,     0.678760,    -8.936367,     0.008298,
  1850.050,    -3.670508,   -10.218876,     0.008658,
  1850.100,    -7.064158,   -10.096709,     0.006090,
  1850.150,    -9.249476,    -8.771948,    -0.003335,
  1850.200,   -10.072055,    -6.620129,    -0.001482,
  1850.250,    -9.612532,    -4.197776,     0.001287,
  1850.300,    -8.105472,    -2.025884,     0.002784,
  1850.350,    -5.954219,    -0.427307,     0.001096,
  1850.400,    -3.651161,     0.534709,     0.004185,
  1850.450,    -1.645100,     1.083331,     0.003126,
  1850.500,    -0.183865,     1.612156,     0.003798,
  1850.550,     0.758949,     2.600264,     0.003747,
  1850.600,     1.417348,     4.386053,     0.004833,
  1850.650,     2.189195,     6.972731,    -0.001725,
  1850.700,     3.477778,     9.985403,    -0.000440,
  1850.750,     5.468591,    12.825105,     0.000004,
  1850.800,     8.059022,    14.981104,    -0.002504,
  1850.850,    10.878505,    16.324588,     0.003249,
  1850.900,    13.436639,    17.119793,     0.003681,
  1850.950,    15.369971,    17.817882,    -0.005748,
  1851.000,    16.650377,    18.729194,    -0.011051,
  1851.050,    17.532817,    19.943722,    -0.006410,
  1851.100,    18.349855,    21.363958,    -0.000173,
  1851.150,    19.317678,    22.736145,     0.001381,
  1851.200,    20.517610,    23.708417,    -0.003586,
  1851.250,    21.836255,    23.927901,    -0.011087,
  1851.300,    22.986966,    23.138692,    -0.009674,
  1851.350,    23.639406,    21.233959,    -0.004317,
  1851.400,    23.506838,    18.302493,    -0.001255,
  1851.450,    22.358301,    14.562080,     0.002242,
  1851.500,    20.141338,    10.282741,     0.003343,
  1851.550,    17.001648,     5.812348,     0.000947,
  1851.600,    13.121350,     1.431548,    -0.003052,
  1851.650,     8.803412,    -2.585521,     0.003302,
  1851.700,     4.374252,    -5.977670,    -0.002465,
  1851.750,     0.127576,    -8.532875,    -0.004715,
  1851.800,    -3.667103,   -10.142345,    -0.001401,
  1851.850,    -6.776053,   -10.816427,     0.000154,
  1851.900,    -9.030338,   -10.659994,    -0.000544,
  1851.950,   -10.355915,    -9.842163,     0.002646,
  1852.000,   -10.773525,    -8.549576,    -0.004446,
  1852.050,   -10.433123,    -6.993186,    -0.003702,
  1852.100,    -9.476824,    -5.455373,     0.001794,
  1852.150,    -8.118445,    -4.291035,     0.001002,
  1852.200,    -6.608221,    -3.796353,     0.002598,
  1852.250,    -5.237040,    -4.007756,     0.000560,
  1852.300,    -4.304942,    -4.721003,    -0.002255,
  1852.350,    -3.999597,    -5.621544,     0.000864,
  1852.400,    -4.292515,    -6.447565,     0.006306,
  1852.450,    -4.995023,    -7.139810,     0.008873,
  1852.500,    -5.835284,    -7.725860,     0.005824,
  1852.550,    -6.640920,    -8.290538,     0.002552,
  1852.600,    -7.340038,    -8.896528,    -0.002371,
  1852.650,    -7.962991,    -9.530937,    -0.006651,
  1852.700,    -8.551803,   -10.082474,    -0.006056,
  1852.750,    -9.159963,   -10.360929,     0.002699,
  1852.800,    -9.726404,   -10.178443,     0.008846,
  1852.850,   -10.131185,    -9.432206,     0.008724,
  1852.900,   -10.220225,    -8.197519,     0.007499,
  1852.950,    -9.850235,    -6.620529,     0.005535,
  1853.000,    -8.975168,    -4.883636,     0.002391,
  1853.050,    -7.655780,    -3.178049,     0.004149,
  1853.100,    -6.062101,    -1.699040,     0.002376,
  1853.150,    -4.350160,    -0.653289,     0.000086,
  1853.200,    -2.731970,    -0.107128,    -0.002356,
  1853.250,    -1.408836,     0.062363,     0.001270,
  1853.300,    -0.496614,     0.158357,    -0.003398,
  1853.350,    -0.008863,     0.562238,     0.006294,
  1853.400,     0.238085,     1.382629,    -0.003245,
  1853.450,     0.504251,     2.408499,    -0.009034,
  1853.500,     1.015401,     3.228449,    -0.002209,
  1853.550,     1.796648,     3.498108,    -0.000927,
  1853.600,     2.647324,     3.078242,    -0.002364,
  1853.650,     3.225280,     2.047386,    -0.007573,
  1853.700,     3.271875,     0.646997,    -0.001377,
  1853.750,     2.689677,    -0.938127,     0.007581,
  1853.800,     1.594549,    -2.555151,     0.000645,
  1853.850,     0.175408,    -4.036234,    -0.003008,
  1853.900,    -1.419808,    -5.129095,     0.001633,
  1853.950,    -2.976845,    -5.549706,    -0.002356,
  1854.000,    -4.300363,    -5.191825,    -0.006483,
  1854.050,    -5.136235,    -4.183077,    -0.000343,
  1854.100,    -5.305123,    -2.840590,     0.003044,
  1854.150,    -4.807943,    -1.413179,     0.004018,
  1854.200,    -3.784412,     0.054861,    -0.000767,
  1854.250,    -2.430283,     1.740501,    -0.002459,
  1854.300,    -0.946954,     3.804769,     0.004765,
  1854.350,     0.659986,     6.234724,    -0.006931,
  1854.400,     2.519740,     8.787430,    -0.006422,
  1854.450,     4.704134,    11.151294,     0.001829,
  1854.500,     7.108194,    13.155851,     0.000055,
  1854.550,     9.534398,    14.892242,     0.001357,
  1854.600,    11.771777,    16.627490,     0.000366,
  1854.650,    13.762081,    18.497700,    -0.003766,
  1854.700,    15.575919,    20.477710,    -0.000522,
  1854.750,    17.377245,    22.353137,    -0.002923,
  1854.800,    19.244701,    23.860630,    -0.011148,
  1854.850,    21.118467,    24.924902,    -0.007231,
  1854.900,    22.817037,    25.746497,    -0.000305,
  1854.950,    24.202764,    26.533038,    -0.004133,
  1855.000,    25.258099,    27.383766,    -0.005954,
  1855.050,    26.114099,    28.182164,    -0.002057,
  1855.100,    26.908603,    28.659771,    -0.004008,
  1855.150,    27.675138,    28.545204,    -0.005657,
  1855.200,    28.282534,    27.703210,     0.000996,
  1855.250,    28.509337,    26.190372,    -0.006568,
  1855.300,    28.146212,    24.208141,    -0.001369,
  1855.350,    27.114950,    21.942206,    -0.009560,
  1855.400,    25.492249,    19.488060,    -0.008804,
  1855.450,    23.426293,    16.745023,     0.004275,
  1855.500,    21.075723,    13.530647,     0.005552,
  1855.550,    18.465053,     9.862385,     0.000244,
  1855.600,    15.502948,     6.033452,     0.001092,
  1855.650,    12.135050,     2.573394,     0.006499,
  1855.700,     8.500247,    -0.016914,     0.002638,
  1855.750,     4.906125,    -1.460675,    -0.002413,
  1855.800,     1.802503,    -1.678675,     0.004307,
  1855.850,    -0.396360,    -0.835189,    -0.011916,
  1855.900,    -1.466705,     0.816170,    -0.005203,
  1855.950,    -1.402321,     2.940685,     0.001467,
  1856.000,    -0.345811,     5.009044,    -0.003023,
  1856.050,     1.399697,     6.557727,     0.000879,
  1856.100,     3.428859,     7.419554,     0.003787,
  1856.150,     5.299102,     7.656430,    -0.002014,
  1856.200,     6.656240,     7.432804,    -0.008289,
  1856.250,     7.389486,     6.806978,    -0.003999,
  1856.300,     7.544677,     5.731568,    -0.003750,
  1856.350,     7.195534,     4.283170,    -0.005471,
  1856.400,     6.409723,     2.671120,    -0.005417,
  1856.450,     5.239156,     1.094954,    -0.002817,
  1856.500,     3.772892,    -0.357532,    -0.000717,
  1856.550,     2.180347,    -1.752371,    -0.002473,
  1856.600,     0.644320,    -3.173819,    -0.003301,
  1856.650,    -0.824605,    -4.673173,     0.001267,
  1856.700,    -2.264372,    -6.292688,     0.001342,
  1856.750,    -3.731158,    -8.012099,    -0.002120,
  1856.800,    -5.269349,    -9.831041,     0.000442,
  1856.850,    -6.917015,   -11.696666,    -0.000726,
  1856.900,    -8.668001,   -13.490272,    -0.002874,
  1856.950,   -10.484645,   -15.056750,    -0.004197,
  1857.000,   -12.292674,   -16.248127,     0.007703,
  1857.050,   -13.985527,   -17.079968,     0.000665,
  1857.100,   -15.407988,   -17.745028,    -0.001422,
  1857.150,   -16.507523,   -18.407900,     0.000354,
  1857.200,   -17.330377,   -19.188730,     0.006316,
  1857.250,   -18.020336,   -20.097470,    -0.003966,
  1857.300,   -18.717735,   -21.067047,    -0.000367,
  1857.350,   -19.512019,   -21.949952,     0.006207,
  1857.400,   -20.414697,   -22.482466,     0.004936,
  1857.450,   -21.308596,   -22.378416,     0.004386,
  1857.500,   -22.016315,   -21.498182,     0.006221,
  1857.550,   -22.281438,   -19.935458,     0.003151,
  1857.600,   -21.913683,   -18.012900,     0.005915,
  1857.650,   -20.852280,   -16.104666,     0.005592,
  1857.700,   -19.267403,   -14.491227,    -0.005819,
  1857.750,   -17.429775,   -13.315795,     0.000362,
  1857.800,   -15.636383,   -12.721782,     0.009764,
  1857.850,   -14.163795,   -12.738701,    -0.001296,
  1857.900,   -13.172516,   -13.352703,    -0.003984,
  1857.950,   -12.774858,   -14.409971,     0.003926,
  1858.000,   -12.973610,   -15.549948,     0.006604,
  1858.050,   -13.692068,   -16.310895,     0.000734,
  1858.100,   -14.696340,   -16.301529,     0.005112,
  1858.150,   -15.610376,   -15.301650,     0.014729,
  1858.200,   -16.073422,   -13.318511,     0.003060,
  1858.250,   -15.759522,   -10.567702,    -0.006533,
  1858.300,   -14.490952,    -7.341806,     0.000041,
  1858.350,   -12.310426,    -3.975334,     0.000792,
  1858.400,    -9.473428,    -0.890369,     0.000286,
  1858.450,    -6.269386,     1.529237,     0.001478,
  1858.500,    -3.050630,     3.003899,     0.002245,
  1858.550,    -0.214097,     3.422294,     0.001276,
  1858.600,     1.891674,     2.887886,    -0.002295,
  1858.650,     3.044164,     1.750267,    -0.007903,
  1858.700,     3.210224,     0.447810,    -0.003359,
  1858.750,     2.564372,    -0.657057,     0.002607,
  1858.800,     1.455449,    -1.429903,    -0.002072,
  1858.850,     0.243853,    -2.011674,     0.005112,
  1858.900,    -0.787568,    -2.645334,     0.001773,
  1858.950,    -1.587290,    -3.412951,    -0.001513,
  1859.000,    -2.257261,    -4.262763,     0.001856,
  1859.050,    -2.941333,    -5.020238,    -0.002559,
  1859.100,    -3.706451,    -5.576889,    -0.004304,
  1859.150,    -4.470800,    -5.981701,    -0.005575,
  1859.200,    -5.144070,    -6.297852,    -0.007180,
  1859.250,    -5.680381,    -6.654274,    -0.009256,
  1859.300,    -6.081313,    -7.122518,    -0.006344,
  1859.350,    -6.429446,    -7.692101,    -0.000524,
  1859.400,    -6.829271,    -8.249451,    -0.003794,
  1859.450,    -7.309698,    -8.579045,     0.002606,
  1859.500,    -7.831229,    -8.439353,     0.001890,
  1859.550,    -8.273081,    -7.789789,    -0.000512,
  1859.600,    -8.401603,    -6.912386,     0.008714,
  1859.650,    -8.131702,    -6.275676,     0.004871,
  1859.700,    -7.500590,    -6.276361,    -0.001628,
  1859.750,    -6.805588,    -6.990778,     0.004263,
  1859.800,    -6.433159,    -8.010442,     0.001795,
  1859.850,    -6.611785,    -8.598427,     0.004050,
  1859.900,    -7.278310,    -8.106808,    -0.000984,
  1859.950,    -7.980092,    -6.232851,    -0.003310,
  1860.000,    -8.108276,    -3.190156,     0.005035,
  1860.050,    -7.177103,     0.389191,     0.003081,
  1860.100,    -5.042043,     3.727264,     0.001270,
  1860.150,    -2.013478,     6.159498,    -0.000314,
  1860.200,     1.332796,     7.298314,    -0.005417,
  1860.250,     4.294372,     7.186774,    -0.005594,
  1860.300,     6.317733,     6.154884,     0.006242,
  1860.350,     7.141753,     4.607097,     0.000780,
  1860.400,     6.841363,     2.811587,    -0.003927,
  1860.450,     5.719484,     0.909278,     0.000640,
  1860.500,     4.110999,    -1.074303,     0.002145,
  1860.550,     2.246721,    -3.102464,    -0.000087,
  1860.600,     0.273266,    -5.059024,    -0.005314,
  1860.650,    -1.742968,    -6.804074,     0.005504,
  1860.700,    -3.744121,    -8.271419,     0.005243,
  1860.750,    -5.625042,    -9.489133,    -0.008432,
  1860.800,    -7.291472,   -10.540547,    -0.004700,
  1860.850,    -8.701234,   -11.484505,     0.005736,
  1860.900,    -9.885775,   -12.374703,     0.002860,
  1860.950,   -10.910964,   -13.300126,     0.003491,
  1861.000,   -11.840436,   -14.410598,     0.001667,
  1861.050,   -12.752593,   -15.639436,     0.000490,
  1861.100,   -13.749276,   -16.806454,     0.001965,
  1861.150,   -14.866413,   -17.524127,    -0.001491,
  1861.200,   -15.996580,   -17.381934,    -0.002790,
  1861.250,   -16.911016,   -16.194407,     0.003322,
  1861.300,   -17.269738,   -14.123409,     0.005268,
  1861.350,   -16.802762,   -11.588908,    -0.001228,
  1861.400,   -15.397394,    -9.052531,     0.001172,
  1861.450,   -13.269988,    -6.863990,     0.003462,
  1861.500,   -10.811520,    -5.182690,     0.007615,
  1861.550,    -8.416320,    -4.003474,     0.012858,
  1861.600,    -6.367818,    -3.211372,     0.002366,
  1861.650,    -4.792187,    -2.634417,     0.001145,
  1861.700,    -3.685434,    -2.135486,     0.009773,
  1861.750,    -2.920200,    -1.663900,     0.000916,
  1861.800,    -2.347817,    -1.276764,     0.001834,
  1861.850,    -1.855311,    -1.153908,     0.005257,
  1861.900,    -1.465641,    -1.440824,     0.001020,
  1861.950,    -1.217164,    -2.205994,     0.003489,
  1862.000,    -1.260248,    -3.297945,     0.004915,
  1862.050,    -1.697564,    -4.471236,     0.001805,
  1862.100,    -2.522285,    -5.479559,    -0.001081,
  1862.150,    -3.603105,    -6.069353,     0.003866,
  1862.200,    -4.679848,    -6.072866,     0.002233,
  1862.250,    -5.511937,    -5.455411,    -0.004419,
  1862.300,    -5.909561,    -4.310674,     0.005729,
  1862.350,    -5.723046,    -2.803611,     0.000584,
  1862.400,    -4.976097,    -1.112691,    -0.004106,
  1862.450,    -3.751725,     0.629824,    -0.001561,
  1862.500,    -2.211827,     2.304480,    -0.001974,
  1862.550,    -0.519666,     3.750285,     0.005413,
  1862.600,     1.191917,     4.826132,     0.002671,
  1862.650,     2.774321,     5.334776,    -0.000142,
  1862.700,     4.074951,     5.108637,     0.001110,
  1862.750,     4.935561,     4.131972,    -0.002385,
  1862.800,     5.181327,     2.545779,     0.003912,
  1862.850,     4.725140,     0.718225,     0.000224,
  1862.900,     3.587049,    -0.850678,    -0.005948,
  1862.950,     1.999396,    -1.671185,    -0.001327,
  1863.000,     0.356142,    -1.456780,     0.001044,
  1863.050,    -0.897774,    -0.231666,    -0.001321,
  1863.100,    -1.386566,     1.737470,     0.004920,
  1863.150,    -0.899158,     4.037193,     0.001910,
  1863.200,     0.484027,     6.258985,    -0.007488,
  1863.250,     2.467684,     8.154409,    -0.004404,
  1863.300,     4.699431,     9.603537,    -0.005073,
  1863.350,     6.822315,    10.622608,    -0.001160,
  1863.400,     8.585730,    11.287873,     0.002823,
  1863.450,     9.934443,    11.606463,     0.000634,
  1863.500,    10.866126,    11.539849,    -0.003267,
  1863.550,    11.428107,    11.121120,     0.006137,
  1863.600,    11.611347,    10.462763,     0.006946,
  1863.650,    11.437999,     9.727464,     0.002424,
  1863.700,    10.953932,     9.076036,     0.002139,
  1863.750,    10.305966,     8.650946,     0.003780,
  1863.800,     9.625216,     8.531778,    -0.002540,
  1863.850,     9.050943,     8.728763,     0.002045,
  1863.900,     8.719215,     9.174592,    -0.000813,
  1863.950,     8.675896,     9.812207,    -0.012649,
  1864.000,     8.933023,    10.601964,    -0.003310,
  1864.050,     9.435776,    11.472481,    -0.000857,
  1864.100,    10.128155,    12.369753,    -0.002367,
  1864.150,    10.949218,    13.217217,    -0.000629,
  1864.200,    11.826997,    13.905489,    -0.008050,
  1864.250,    12.693863,    14.331891,    -0.004782,
  1864.300,    13.469820,    14.390922,     0.000663,
  1864.350,    14.056182,    13.985728,    -0.004419,
  1864.400,    14.332700,    13.030172,    -0.000916,
  1864.450,    14.231291,    11.468587,    -0.003094,
  1864.500,    13.638331,     9.354883,     0.002196,
  1864.550,    12.470368,     6.837956,    -0.006655,
  1864.600,    10.736784,     4.113384,    -0.009569,
  1864.650,     8.514632,     1.431336,     0.006830,
  1864.700,     5.969100,    -0.900488,    -0.002297,
  1864.750,     3.282250,    -2.554559,    -0.000874,
  1864.800,     0.767231,    -3.289487,     0.003231,
  1864.850,    -1.307216,    -2.986320,    -0.002425,
  1864.900,    -2.636182,    -1.704783,    -0.004118,
  1864.950,    -3.035113,     0.278178,     0.004370,
  1865.000,    -2.443928,     2.550315,     0.008954,
  1865.050,    -1.017112,     4.774456,     0.004941,
  1865.100,     0.980279,     6.716274,    -0.002453,
  1865.150,     3.201257,     8.265438,     0.001411,
  1865.200,     5.326490,     9.373627,     0.008757,
  1865.250,     7.156368,    10.054745,     0.000713,
  1865.300,     8.582911,    10.428458,    -0.006524,
  1865.350,     9.582156,    10.630786,    -0.001848,
  1865.400,    10.200100,    10.748529,    -0.002206,
  1865.450,    10.531653,    10.862271,     0.003193,
  1865.500,    10.701659,    11.052330,     0.001452,
  1865.550,    10.821983,    11.367423,     0.000753,
  1865.600,    10.969128,    11.747122,    -0.000306,
  1865.650,    11.182106,    11.970580,    -0.000109,
  1865.700,    11.491784,    11.825465,     0.000917,
  1865.750,    11.749975,    11.328392,    -0.008850,
  1865.800,    11.816674,    10.735906,    -0.000966,
  1865.850,    11.593702,    10.294532,    -0.000845,
  1865.900,    11.133958,    10.050017,     0.000621,
  1865.950,    10.647158,     9.739695,    -0.000412,
  1866.000,    10.247432,     9.017997,    -0.000315,
  1866.050,     9.887005,     7.684488,    -0.009737,
  1866.100,     9.345651,     5.751752,    -0.007213,
  1866.150,     8.396718,     3.406339,     0.002874,
  1866.200,     6.912167,     0.899338,    -0.003331,
  1866.250,     4.901408,    -1.492935,    -0.010278,
  1866.300,     2.550508,    -3.447604,    -0.000233,
  1866.350,     0.122011,    -4.621173,     0.000581,
  1866.400,    -2.057369,    -4.804024,     0.006186,
  1866.450,    -3.712866,    -3.994117,    -0.004215,
  1866.500,    -4.555225,    -2.404819,     0.002516,
  1866.550,    -4.439321,    -0.367319,     0.003665,
  1866.600,    -3.438511,     1.804969,     0.000861,
  1866.650,    -1.766914,     3.852198,    -0.003075,
  1866.700,     0.276999,     5.586525,     0.001080,
  1866.750,     2.389459,     6.869764,     0.002491,
  1866.800,     4.348142,     7.629428,    -0.002088,
  1866.850,     5.944188,     7.823288,    -0.002358,
  1866.900,     7.059886,     7.462519,     0.000710,
  1866.950,     7.643571,     6.577771,     0.001482,
  1867.000,     7.656080,     5.283169,     0.000005,
  1867.050,     7.133220,     3.791610,     0.001728,
  1867.100,     6.128208,     2.423625,    -0.003569,
  1867.150,     4.808125,     1.484636,     0.002756,
  1867.200,     3.416853,     1.164179,     0.000832,
  1867.250,     2.227817,     1.433510,    -0.000483,
  1867.300,     1.495200,     2.149653,     0.002045,
  1867.350,     1.326114,     3.090190,     0.006289,
  1867.400,     1.686300,     3.997447,    -0.000762,
  1867.450,     2.434446,     4.712721,    -0.001547,
  1867.500,     3.321679,     5.120388,    -0.008481,
  1867.550,     4.156168,     5.140040,     0.001764,
  1867.600,     4.771808,     4.700345,     0.008809,
  1867.650,     5.060229,     3.821919,    -0.003192,
  1867.700,     4.933716,     2.570126,     0.004057,
  1867.750,     4.363041,     1.011180,     0.006450,
  1867.800,     3.370807,    -0.753377,    -0.000695,
  1867.850,     2.025995,    -2.635657,     0.001028,
  1867.900,     0.417565,    -4.578208,     0.000266,
  1867.950,    -1.394646,    -6.389772,     0.000139,
  1868.000,    -3.286791,    -7.839877,     0.003582,
  1868.050,    -5.153073,    -8.699245,     0.002078,
  1868.100,    -6.811824,    -8.812113,    -0.000774,
  1868.150,    -8.029185,    -8.150876,    -0.000203,
  1868.200,    -8.625513,    -6.854449,    -0.001187,
  1868.250,    -8.502097,    -5.114057,    -0.005107,
  1868.300,    -7.677890,    -3.158219,    -0.003413,
  1868.350,    -6.266384,    -1.217523,    -0.000151,
  1868.400,    -4.479195,     0.473971,     0.002510,
  1868.450,    -2.555980,     1.684550,     0.000883,
  1868.500,    -0.715135,     2.215328,    -0.006532,
  1868.550,     0.784405,     2.033067,    -0.003262,
  1868.600,     1.756683,     1.211779,     0.004815,
  1868.650,     2.073918,    -0.062917,    -0.001611,
  1868.700,     1.706262,    -1.477700,     0.002156,
  1868.750,     0.794436,    -2.745044,     0.000867,
  1868.800,    -0.457528,    -3.587937,    -0.001079,
  1868.850,    -1.791470,    -3.819917,     0.004616,
  1868.900,    -2.892767,    -3.423131,     0.002205,
  1868.950,    -3.540857,    -2.582850,    -0.001182,
  1869.000,    -3.607222,    -1.557589,     0.000943,
  1869.050,    -3.121762,    -0.473838,     0.005245,
  1869.100,    -2.282554,     0.688796,     0.015093,
  1869.150,    -1.227845,     2.068397,     0.008563,
  1869.200,    -0.066163,     3.730147,    -0.001158,
  1869.250,     1.223154,     5.553708,     0.005896,
  1869.300,     2.706654,     7.296388,     0.002720,
  1869.350,     4.385173,     8.624244,     0.003307,
  1869.400,     6.119119,     9.261735,     0.008028,
  1869.450,     7.665449,     9.019000,    -0.000609,
  1869.500,     8.717547,     7.954494,     0.000734,
  1869.550,     9.056361,     6.291663,     0.005254,
  1869.600,     8.592905,     4.419889,    -0.002798,
  1869.650,     7.402936,     2.647499,    -0.003802,
  1869.700,     5.739444,     1.094740,    -0.000449,
  1869.750,     3.920038,    -0.269743,    -0.001343,
  1869.800,     2.195986,    -1.573723,    -0.000278,
  1869.850,     0.641383,    -2.868619,     0.001826,
  1869.900,    -0.751990,    -4.059685,     0.000545,
  1869.950,    -2.062507,    -4.996129,     0.000266,
  1870.000,    -3.301094,    -5.553269,     0.006019,
  1870.050,    -4.369123,    -5.745412,     0.006186,
  1870.100,    -5.169344,    -5.645973,    -0.004814,
  1870.150,    -5.618723,    -5.305257,     0.000224,
  1870.200,    -5.727972,    -4.782909,    -0.002249,
  1870.250,    -5.559789,    -4.148104,     0.000299,
  1870.300,    -5.152686,    -3.562582,    -0.001683,
  1870.350,    -4.596119,    -3.165002,     0.005102,
  1870.400,    -4.008697,    -2.964386,     0.002680,
  1870.450,    -3.496476,    -2.888294,     0.003060,
  1870.500,    -3.136979,    -2.786430,     0.007036,
  1870.550,    -2.935418,    -2.488946,    -0.000422,
  1870.600,    -2.812161,    -1.898199,    -0.005229,
  1870.650,    -2.614596,    -0.889660,     0.000671,
  1870.700,    -2.206641,     0.497155,    -0.001372,
  1870.750,    -1.464202,     2.173985,    -0.001117,
  1870.800,    -0.338967,     3.886225,     0.005175,
  1870.850,     1.104926,     5.367908,     0.006994,
  1870.900,     2.741945,     6.470489,     0.000424,
  1870.950,     4.339328,     7.215049,    -0.002425,
  1871.000,     5.690104,     7.620219,     0.001726,
  1871.050,     6.701840,     7.653909,     0.006811,
  1871.100,     7.345138,     7.208472,     0.009800,
  1871.150,     7.613346,     6.211766,     0.002850,
  1871.200,     7.460354,     4.701207,    -0.008564,
  1871.250,     6.805904,     2.949167,    -0.000880,
  1871.300,     5.657086,     1.330583,     0.003559,
  1871.350,     4.148260,     0.108307,     0.001549,
  1871.400,     2.482355,    -0.630324,     0.006110,
  1871.450,     1.005691,    -0.922343,     0.002197,
  1871.500,    -0.074077,    -0.919252,    -0.001188,
  1871.550,    -0.729571,    -0.811557,     0.001999,
  1871.600,    -0.977230,    -0.772657,     0.001990,
  1871.650,    -0.976583,    -0.893305,     0.002729,
  1871.700,    -0.925185,    -1.154084,    -0.001513,
  1871.750,    -0.945882,    -1.460598,     0.009934,
  1871.800,    -1.080231,    -1.698021,     0.009561,
  1871.850,    -1.320919,    -1.852244,    -0.003332,
  1871.900,    -1.583619,    -1.985739,    -0.008762,
  1871.950,    -1.788878,    -2.113015,    -0.002498,
  1872.000,    -1.957569,    -2.271442,    -0.001813,
  1872.050,    -2.103747,    -2.354283,     0.005341,
  1872.100,    -2.245918,    -2.252261,     0.007149,
  1872.150,    -2.340721,    -1.950028,     0.007039,
  1872.200,    -2.331126,    -1.552882,     0.002981,
  1872.250,    -2.162336,    -1.200252,     0.001609,
  1872.300,    -1.859875,    -0.909715,     0.001700,
  1872.350,    -1.499875,    -0.581842,    -0.004820,
  1872.400,    -1.146100,    -0.086131,    -0.000622,
  1872.450,    -0.799322,     0.595174,     0.000642,
  1872.500,    -0.380321,     1.314445,    -0.005402,
  1872.550,     0.164635,     1.916510,    -0.001802,
  1872.600,     0.818211,     2.320777,     0.002044,
  1872.650,     1.481956,     2.604256,     0.000747,
  1872.700,     2.013603,     2.798173,    -0.007810,
  1872.750,     2.408952,     2.920552,    -0.005846,
  1872.800,     2.684227,     2.879334,     0.000309,
  1872.850,     2.841894,     2.570229,    -0.004382,
  1872.900,     2.895971,     1.948529,    -0.005372,
  1872.950,     2.743717,     1.074242,     0.001208,
  1873.000,     2.331524,     0.149781,    -0.006988,
  1873.050,     1.658638,    -0.657200,    -0.001714,
  1873.100,     0.814936,    -1.281613,     0.005362,
  1873.150,    -0.040737,    -1.685191,    -0.001069,
  1873.200,    -0.787485,    -1.890239,    -0.003575,
  1873.250,    -1.340997,    -1.836977,    -0.002711,
  1873.300,    -1.681988,    -1.534476,    -0.003316,
  1873.350,    -1.798755,    -1.041313,     0.009271,
  1873.400,    -1.668532,    -0.463998,    -0.000537,
  1873.450,    -1.309544,     0.026638,    -0.004440,
  1873.500,    -0.801931,     0.282296,     0.007507,
  1873.550,    -0.286312,     0.289295,     0.009447,
  1873.600,     0.113916,     0.140852,    -0.004322,
  1873.650,     0.311133,    -0.098767,    -0.010081,
  1873.700,     0.301002,    -0.349183,    -0.000263,
  1873.750,     0.141148,    -0.621811,     0.003929,
  1873.800,    -0.094436,    -0.983984,     0.005422,
  1873.850,    -0.376092,    -1.491475,     0.004644,
  1873.900,    -0.713494,    -2.228246,    -0.004548,
  1873.950,    -1.162194,    -3.179542,    -0.004431,
  1874.000,    -1.760229,    -4.233287,     0.007648,
  1874.050,    -2.556686,    -5.274553,     0.002682,
  1874.100,    -3.533666,    -6.117394,     0.007755,
  1874.150,    -4.544419,    -6.704643,    -0.003817,
  1874.200,    -5.510563,    -6.963466,    -0.006511,
  1874.250,    -6.279668,    -6.834338,     0.004091,
  1874.300,    -6.750487,    -6.306145,     0.003302,
  1874.350,    -6.884147,    -5.362631,     0.006899,
  1874.400,    -6.640880,    -4.132537,     0.006528,
  1874.450,    -5.987202,    -2.789975,     0.000180,
  1874.500,    -4.982279,    -1.513904,     0.003702,
  1874.550,    -3.746599,    -0.479724,     0.004424,
  1874.600,    -2.468358,     0.212801,    -0.002553,
  1874.650,    -1.280390,     0.514310,     0.000698,
  1874.700,    -0.361359,     0.428422,     0.003848,
  1874.750,     0.196886,    -0.011509,     0.007213,
  1874.800,     0.378121,    -0.782775,     0.002646,
  1874.850,     0.179298,    -1.782284,    -0.006256,
  1874.900,    -0.354661,    -2.869176,    -0.001687,
  1874.950,    -1.189642,    -3.887376,     0.000315,
  1875.000,    -2.204479,    -4.748183,    -0.003327,
  1875.050,    -3.234674,    -5.463829,    -0.002342,
  1875.100,    -4.206017,    -6.069233,    -0.001376,
  1875.150,    -5.051896,    -6.613515,    -0.008077,
  1875.200,    -5.731735,    -7.107798,     0.001983,
  1875.250,    -6.335910,    -7.569713,     0.005979,
  1875.300,    -6.861384,    -8.008640,    -0.004195,
  1875.350,    -7.332113,    -8.517850,     0.005622,
  1875.400,    -7.790242,    -9.054885,     0.007530,
  1875.450,    -8.261953,    -9.427833,    -0.003525,
  1875.500,    -8.747920,    -9.399497,     0.004316,
  1875.550,    -9.168866,    -8.826437,     0.000628,
  1875.600,    -9.340081,    -7.777787,    -0.001421,
  1875.650,    -9.102237,    -6.478767,     0.007696,
  1875.700,    -8.410481,    -5.181392,     0.006545,
  1875.750,    -7.331170,    -4.113122,     0.003200,
  1875.800,    -6.071573,    -3.442998,    -0.000698,
  1875.850,    -4.863189,    -3.209675,     0.000165,
  1875.900,    -3.931080,    -3.299336,    -0.001944,
  1875.950,    -3.372301,    -3.476500,     0.001411,
  1876.000,    -3.191316,    -3.470000,    -0.001442,
  1876.050,    -3.244722,    -3.065475,     0.002087,
  1876.100,    -3.303240,    -2.246978,     0.009325,
  1876.150,    -3.147514,    -1.169395,     0.001707,
  1876.200,    -2.627927,    -0.065724,    -0.000194,
  1876.250,    -1.776394,     0.851480,     0.008423,
  1876.300,    -0.729166,     1.462412,     0.001040,
  1876.350,     0.286430,     1.811369,    -0.000303,
  1876.400,     1.105772,     1.953875,     0.000615,
  1876.450,     1.662713,     2.015645,    -0.004055,
  1876.500,     1.977809,     1.982619,     0.000366,
  1876.550,     2.110690,     1.770971,    -0.001060,
  1876.600,     2.131702,     1.332528,    -0.006539,
  1876.650,     2.007665,     0.621428,     0.000598,
  1876.700,     1.697040,    -0.396814,     0.011241,
  1876.750,     1.147461,    -1.693655,     0.006271,
  1876.800,     0.332028,    -3.196760,    -0.001848,
  1876.850,    -0.784719,    -4.812015,    -0.005845,
  1876.900,    -2.131902,    -6.396388,    -0.000242,
  1876.950,    -3.657323,    -7.747493,     0.001884,
  1877.000,    -5.251083,    -8.691036,     0.000041,
  1877.050,    -6.728244,    -9.064973,     0.001621,
  1877.100,    -7.922493,    -8.841462,     0.002418,
  1877.150,    -8.658412,    -8.106534,     0.007612,
  1877.200,    -8.854082,    -7.058676,     0.004808,
  1877.250,    -8.496507,    -5.948872,    -0.000798,
  1877.300,    -7.709673,    -4.939332,     0.004739,
  1877.350,    -6.689093,    -4.084218,    -0.001130,
  1877.400,    -5.631094,    -3.365053,     0.001914,
  1877.450,    -4.653004,    -2.764002,     0.004073,
  1877.500,    -3.818101,    -2.354128,    -0.002596,
  1877.550,    -3.134714,    -2.188263,     0.003746,
  1877.600,    -2.624728,    -2.292413,     0.002165,
  1877.650,    -2.305153,    -2.635069,    -0.004234,
  1877.700,    -2.232936,    -3.073613,    -0.006241,
  1877.750,    -2.399273,    -3.414323,     0.000779,
  1877.800,    -2.753662,    -3.481267,     0.003853,
  1877.850,    -3.125705,    -3.207778,    -0.002574,
  1877.900,    -3.354834,    -2.705545,    -0.003008,
  1877.950,    -3.322951,    -2.090953,    -0.000373,
  1878.000,    -3.018497,    -1.560479,     0.002443,
  1878.050,    -2.520262,    -1.160198,     0.001869,
  1878.100,    -1.961596,    -0.875973,    -0.006001,
  1878.150,    -1.462500,    -0.709129,     0.002849,
  1878.200,    -1.093122,    -0.664794,     0.005325,
  1878.250,    -0.837736,    -0.719423,    -0.002050,
  1878.300,    -0.697282,    -0.766344,     0.001720,
  1878.350,    -0.682896,    -0.683128,    -0.010363,
  1878.400,    -0.703187,    -0.454799,    -0.008809,
  1878.450,    -0.680161,    -0.191470,    -0.001561,
  1878.500,    -0.565079,    -0.013042,     0.005170,
  1878.550,    -0.360383,    -0.008307,     0.003677,
  1878.600,    -0.152172,    -0.176976,     0.000519,
  1878.650,    -0.053780,    -0.402748,    -0.004078,
  1878.700,    -0.086501,    -0.552619,     0.000560,
  1878.750,    -0.226009,    -0.592833,     0.006830,
  1878.800,    -0.405286,    -0.503811,    -0.002802,
  1878.850,    -0.526498,    -0.271971,    -0.001762,
  1878.900,    -0.528230,     0.040119,     0.002019,
  1878.950,    -0.393620,     0.369092,    -0.004501,
  1879.000,    -0.161591,     0.629941,    -0.008777,
  1879.050,     0.141315,     0.751322,    -0.003590,
  1879.100,     0.426166,     0.622178,     0.000880,
  1879.150,     0.626779,     0.128265,     0.006656,
  1879.200,     0.645778,    -0.682188,     0.003455,
  1879.250,     0.389440,    -1.583622,     0.001928,
  1879.300,    -0.186417,    -2.265509,    -0.003869,
  1879.350,    -0.966936,    -2.470339,    -0.007736,
  1879.400,    -1.717572,    -2.186648,    -0.008429,
  1879.450,    -2.200583,    -1.673510,     0.007448,
  1879.500,    -2.281167,    -1.217234,     0.004136,
  1879.550,    -2.003227,    -0.965022,     0.000196,
  1879.600,    -1.579507,    -0.862228,     0.000736,
  1879.650,    -1.185846,    -0.772735,     0.001130,
  1879.700,    -0.930679,    -0.561024,     0.005321,
  1879.750,    -0.767298,    -0.195118,    -0.003116,
  1879.800,    -0.593615,     0.285979,    -0.001278,
  1879.850,    -0.338382,     0.792362,     0.000533,
  1879.900,     0.037748,     1.284391,     0.002425,
  1879.950,     0.510158,     1.789126,     0.006571,
  1880.000,     1.015426,     2.338607,     0.003413,
  1880.050,     1.527171,     2.947462,     0.005750,
  1880.100,     2.063033,     3.544739,     0.001379,
  1880.150,     2.628225,     4.093907,    -0.000889,
  1880.200,     3.214908,     4.493365,    -0.000798,
  1880.250,     3.784820,     4.633138,    -0.000811,
  1880.300,     4.267071,     4.407964,     0.009155,
  1880.350,     4.556684,     3.773629,    -0.000577,
  1880.400,     4.556304,     2.787856,     0.000141,
  1880.450,     4.180200,     1.607362,     0.008028,
  1880.500,     3.462325,     0.386623,     0.002661,
  1880.550,     2.439494,    -0.683389,     0.010098,
  1880.600,     1.262182,    -1.439028,     0.002007,
  1880.650,     0.126851,    -1.797117,     0.004030,
  1880.700,    -0.826403,    -1.779384,     0.008550,
  1880.750,    -1.462656,    -1.503825,     0.002832,
  1880.800,    -1.723558,    -1.178787,    -0.009467,
  1880.850,    -1.660222,    -0.994188,     0.001725,
  1880.900,    -1.417647,    -1.018746,     0.005917,
  1880.950,    -1.165155,    -1.209221,    -0.005141,
  1881.000,    -1.041597,    -1.451302,    -0.005088,
  1881.050,    -1.093276,    -1.604877,     0.008188,
  1881.100,    -1.263995,    -1.602201,     0.000718,
  1881.150,    -1.444596,    -1.408563,    -0.003383,
  1881.200,    -1.551849,    -1.042476,    -0.000923,
  1881.250,    -1.485106,    -0.557394,    -0.002942,
  1881.300,    -1.250662,     0.032339,     0.003507,
  1881.350,    -0.863969,     0.741506,     0.000025,
  1881.400,    -0.346161,     1.527353,     0.001200,
  1881.450,     0.293209,     2.371094,     0.002668,
  1881.500,     1.017152,     3.232957,     0.006377,
  1881.550,     1.809750,     4.072020,    -0.000784,
  1881.600,     2.654327,     4.839795,     0.001267,
  1881.650,     3.506970,     5.422465,    -0.002599,
  1881.700,     4.308923,     5.746987,    -0.004647,
  1881.750,     4.991479,     5.824206,    -0.002204,
  1881.800,     5.467537,     5.772931,    -0.000342,
  1881.850,     5.718562,     5.715031,    -0.003917,
  1881.900,     5.787769,     5.615770,    -0.001766,
  1881.950,     5.745904,     5.380345,     0.004243,
  1882.000,     5.648233,     4.904397,    -0.002239,
  1882.050,     5.460668,     4.179630,     0.005966,
  1882.100,     5.121145,     3.277404,     0.001191,
  1882.150,     4.567645,     2.242345,    -0.000752,
  1882.200,     3.801320,     1.148919,     0.002270,
  1882.250,     2.873796,     0.015975,    -0.002516,
  1882.300,     1.816900,    -1.036874,    -0.008461,
  1882.350,     0.718081,    -1.784105,    -0.005685,
  1882.400,    -0.357263,    -2.046117,    -0.005197,
  1882.450,    -1.254414,    -1.785232,    -0.000698,
  1882.500,    -1.816864,    -1.119425,     0.007119,
  1882.550,    -1.908143,    -0.245895,     0.007657,
  1882.600,    -1.548806,     0.641096,     0.003941,
  1882.650,    -0.846797,     1.435497,    -0.002614,
  1882.700,     0.000747,     2.082292,     0.000224,
  1882.750,     0.860742,     2.509004,     0.002044,
  1882.800,     1.634680,     2.729773,     0.002850,
  1882.850,     2.220838,     2.799957,     0.007229,
  1882.900,     2.594441,     2.764425,    -0.004267,
  1882.950,     2.792327,     2.637436,    -0.009382,
  1883.000,     2.844207,     2.357904,     0.001022,
  1883.050,     2.766089,     1.829455,     0.002704,
  1883.100,     2.566288,     1.019350,     0.001157,
  1883.150,     2.178232,    -0.004419,    -0.003037,
  1883.200,     1.559936,    -1.080030,    -0.003324,
  1883.250,     0.696944,    -1.987923,     0.003167,
  1883.300,    -0.316557,    -2.613918,     0.004102,
  1883.350,    -1.295052,    -2.854686,     0.003801,
  1883.400,    -2.100146,    -2.701443,     0.000201,
  1883.450,    -2.592979,    -2.200764,    -0.004739,
  1883.500,    -2.717386,    -1.376595,    -0.002395,
  1883.550,    -2.479801,    -0.333228,    -0.000290,
  1883.600,    -1.875493,     0.769745,     0.006303,
  1883.650,    -0.998543,     1.815771,    -0.001307,
  1883.700,     0.038989,     2.736372,    -0.000658,
  1883.750,     1.129030,     3.478855,    -0.000759,
  1883.800,     2.134077,     4.019678,    -0.003604,
  1883.850,     3.009000,     4.283149,     0.003224,
  1883.900,     3.686622,     4.134055,     0.005848,
  1883.950,     4.116245,     3.466890,    -0.008800,
  1884.000,     4.210007,     2.357747,    -0.000355,
  1884.050,     3.881349,     1.031402,     0.009582,
  1884.100,     3.110348,    -0.210627,    -0.003368,
  1884.150,     1.979180,    -1.079869,    -0.004668,
  1884.200,     0.735949,    -1.439122,    -0.001653,
  1884.250,    -0.359683,    -1.286287,    -0.004084,
  1884.300,    -1.064494,    -0.750702,    -0.003811,
  1884.350,    -1.278648,    -0.004623,    -0.004151,
  1884.400,    -1.051849,     0.763958,     0.003030,
  1884.450,    -0.488286,     1.378543,     0.001385,
  1884.500,     0.226067,     1.743498,     0.005726,
  1884.550,     0.923255,     1.818339,     0.000096,
  1884.600,     1.456390,     1.650584,    -0.008520,
  1884.650,     1.728554,     1.385852,     0.002442,
  1884.700,     1.756512,     1.158833,     0.005197,
  1884.750,     1.601605,     1.026157,    -0.005848,
  1884.800,     1.363692,     0.928395,    -0.008359,
  1884.850,     1.162834,     0.780328,    -0.000927,
  1884.900,     1.006718,     0.528747,    -0.000372,
  1884.950,     0.868471,     0.145303,    -0.002346,
  1885.000,     0.677618,    -0.353008,    -0.005797,
  1885.050,     0.380114,    -0.815166,    -0.002894,
  1885.100,    -0.025474,    -1.095361,     0.006119,
  1885.150,    -0.468227,    -1.045524,     0.005799,
  1885.200,    -0.839494,    -0.642141,     0.006678,
  1885.250,    -0.998364,     0.005299,     0.003464,
  1885.300,    -0.841159,     0.735868,    -0.009002,
  1885.350,    -0.394350,     1.420048,    -0.003318,
  1885.400,     0.252886,     2.007276,     0.002445,
  1885.450,     0.945048,     2.501038,     0.003155,
  1885.500,     1.595987,     2.867173,     0.004604,
  1885.550,     2.165951,     3.076713,     0.004905,
  1885.600,     2.617469,     3.079191,    -0.001568,
  1885.650,     2.925590,     2.863642,    -0.006898,
  1885.700,     3.049795,     2.454833,    -0.001655,
  1885.750,     2.976741,     1.887857,     0.003337,
  1885.800,     2.697848,     1.125377,     0.000235,
  1885.850,     2.227525,     0.185159,     0.001677,
  1885.900,     1.581296,    -0.928124,    -0.004316,
  1885.950,     0.757785,    -2.115125,     0.002296,
  1886.000,    -0.253667,    -3.230962,    -0.003939,
  1886.050,    -1.376392,    -4.155506,     0.001861,
  1886.100,    -2.511738,    -4.825787,    -0.004535,
  1886.150,    -3.562088,    -5.239790,    -0.002954,
  1886.200,    -4.412431,    -5.382315,     0.003443,
  1886.250,    -4.999867,    -5.209581,    -0.003999,
  1886.300,    -5.316557,    -4.709592,     0.000756,
  1886.350,    -5.347559,    -3.888212,     0.003258,
  1886.400,    -5.059621,    -2.826116,    -0.002307,
  1886.450,    -4.446816,    -1.666694,     0.000965,
  1886.500,    -3.567480,    -0.583888,     0.007289,
  1886.550,    -2.496411,     0.290481,     0.002871,
  1886.600,    -1.384495,     0.839604,     0.001104,
  1886.650,    -0.382099,     1.011038,     0.008714,
  1886.700,     0.380909,     0.830457,     0.003082,
  1886.750,     0.827426,     0.429364,    -0.006059,
  1886.800,     0.908720,    -0.020338,    -0.007301,
  1886.850,     0.686580,    -0.411139,    -0.004000,
  1886.900,     0.300187,    -0.704596,    -0.001674,
  1886.950,    -0.120045,    -0.866123,    -0.004864,
  1887.000,    -0.483486,    -0.872807,     0.002059,
  1887.050,    -0.732571,    -0.738862,     0.002159,
  1887.100,    -0.846972,    -0.590130,     0.001627,
  1887.150,    -0.821795,    -0.575408,    -0.000422,
  1887.200,    -0.720344,    -0.828044,     0.001026,
  1887.250,    -0.637078,    -1.389856,    -0.002805,
  1887.300,    -0.729723,    -2.184054,     0.006998,
  1887.350,    -1.079091,    -3.092136,     0.013056,
  1887.400,    -1.690964,    -3.997297,     0.004018,
  1887.450,    -2.497496,    -4.865454,    -0.001965,
  1887.500,    -3.398670,    -5.673117,     0.003050,
  1887.550,    -4.305322,    -6.363889,    -0.001455,
  1887.600,    -5.165195,    -6.861321,    -0.000178,
  1887.650,    -5.933167,    -7.129180,     0.004005,
  1887.700,    -6.549115,    -7.200717,     0.004714,
  1887.750,    -6.969178,    -7.013355,     0.005590,
  1887.800,    -7.186827,    -6.499957,     0.000375,
  1887.850,    -7.147154,    -5.607464,    -0.002033,
  1887.900,    -6.839402,    -4.389662,    -0.003203,
  1887.950,    -6.186894,    -2.963268,     0.001145,
  1888.000,    -5.187283,    -1.494410,    -0.004282,
  1888.050,    -3.928684,    -0.202010,    -0.001898,
  1888.100,    -2.526277,     0.787773,     0.006432,
  1888.150,    -1.135089,     1.419604,     0.005543,
  1888.200,     0.056060,     1.677658,     0.008596,
  1888.250,     0.928284,     1.690800,     0.011110,
  1888.300,     1.469213,     1.589442,    -0.000498,
  1888.350,     1.687978,     1.468126,     0.005771,
  1888.400,     1.689200,     1.375221,     0.003196,
  1888.450,     1.593551,     1.325814,    -0.005057,
  1888.500,     1.491888,     1.311167,     0.003431,
  1888.550,     1.404446,     1.357423,    -0.001447,
  1888.600,     1.363292,     1.497354,    -0.004888,
  1888.650,     1.366977,     1.776949,     0.000211,
  1888.700,     1.464003,     2.183855,    -0.001749,
  1888.750,     1.662679,     2.698568,     0.000384,
  1888.800,     1.972079,     3.194591,     0.001400,
  1888.850,     2.403040,     3.648547,     0.000408,
  1888.900,     2.898315,     4.095090,    -0.001789,
  1888.950,     3.390792,     4.570763,     0.001974,
  1889.000,     3.869431,     5.098707,     0.002843,
  1889.050,     4.327741,     5.634280,     0.001753,
  1889.100,     4.822108,     6.177255,    -0.003784,
  1889.150,     5.354904,     6.734412,    -0.002622,
  1889.200,     5.894698,     7.317287,     0.004432,
  1889.250,     6.444311,     7.893213,     0.001269,
  1889.300,     7.009761,     8.334947,     0.001503,
  1889.350,     7.572912,     8.511310,    -0.003946,
  1889.400,     8.083233,     8.347275,    -0.002082,
  1889.450,     8.399355,     7.889264,     0.001585,
  1889.500,     8.464129,     7.279970,     0.006839,
  1889.550,     8.227748,     6.685432,     0.004146,
  1889.600,     7.767004,     6.145074,    -0.004711,
  1889.650,     7.186763,     5.698617,     0.000663,
  1889.700,     6.606597,     5.354354,    -0.001032,
  1889.750,     6.094564,     5.092013,     0.001506,
  1889.800,     5.662307,     4.963062,    -0.002319,
  1889.850,     5.336054,     4.948420,    -0.003572,
  1889.900,     5.137211,     4.985728,    -0.002333,
  1889.950,     5.043882,     4.996677,    -0.000476,
  1890.000,     5.029625,     4.939190,    -0.005039,
  1890.050,     5.040576,     4.812900,    -0.007582,
  1890.100,     5.033240,     4.637623,    -0.000798,
  1890.150,     4.954584,     4.383480,     0.006116,
  1890.200,     4.811378,     4.027951,     0.003279,
  1890.250,     4.591875,     3.497786,     0.000134,
  1890.300,     4.295157,     2.721283,     0.002339,
  1890.350,     3.862411,     1.772106,    -0.005186,
  1890.400,     3.241397,     0.852404,    -0.008356,
  1890.450,     2.419898,     0.224081,    -0.001252,
  1890.500,     1.531106,     0.060382,     0.004056,
  1890.550,     0.745232,     0.410160,    -0.000810,
  1890.600,     0.272961,     1.250490,    -0.001816,
  1890.650,     0.263615,     2.442763,    -0.004332,
  1890.700,     0.740117,     3.806374,    -0.000209,
  1890.750,     1.656237,     5.127968,    -0.002617,
  1890.800,     2.872483,     6.275851,    -0.003246,
  1890.850,     4.189810,     7.110336,    -0.002230,
  1890.900,     5.430827,     7.543117,     0.004438,
  1890.950,     6.453426,     7.546346,     0.003017,
  1891.000,     7.165039,     7.147611,    -0.005688,
  1891.050,     7.464325,     6.425609,    -0.000683,
  1891.100,     7.328252,     5.503838,    -0.002923,
  1891.150,     6.850100,     4.449839,     0.001381,
  1891.200,     6.069967,     3.276823,    -0.001646,
  1891.250,     5.093467,     2.050610,    -0.005404,
  1891.300,     3.984512,     0.877467,     0.006775,
  1891.350,     2.785315,    -0.086679,     0.003263,
  1891.400,     1.603432,    -0.728320,     0.000105,
  1891.450,     0.531131,    -0.994129,    -0.003921,
  1891.500,    -0.312924,    -0.882030,    -0.004613,
  1891.550,    -0.843535,    -0.412225,     0.001242,
  1891.600,    -0.981486,     0.288419,    -0.004505,
  1891.650,    -0.757821,     1.150668,     0.008086,
  1891.700,    -0.232109,     2.081393,     0.007305,
  1891.750,     0.537686,     2.924424,    -0.008302,
  1891.800,     1.413713,     3.552823,    -0.002449,
  1891.850,     2.289772,     3.923368,     0.006985,
  1891.900,     3.065889,     4.035441,     0.001230,
  1891.950,     3.619771,     3.991312,    -0.000008,
  1892.000,     3.936452,     3.883726,    -0.002006,
  1892.050,     4.032597,     3.756171,    -0.011008,
  1892.100,     3.987633,     3.626861,    -0.003970,
  1892.150,     3.871015,     3.491381,    -0.001164,
  1892.200,     3.746286,     3.298608,    -0.005888,
  1892.250,     3.608720,     3.073736,    -0.008086,
  1892.300,     3.432994,     2.908049,    -0.003911,
  1892.350,     3.239958,     2.839541,    -0.002412,
  1892.400,     3.060883,     2.898528,    -0.004449,
  1892.450,     2.926718,     3.008649,    -0.000173,
  1892.500,     2.899481,     3.085392,     0.001224,
  1892.550,     2.948564,     3.071042,     0.000122,
  1892.600,     3.029259,     2.956947,     0.006911,
  1892.650,     3.068931,     2.756481,     0.003375,
  1892.700,     3.034888,     2.527860,    -0.001307,
  1892.750,     2.905266,     2.376864,    -0.003079,
  1892.800,     2.705646,     2.300354,    -0.001354,
  1892.850,     2.517813,     2.262694,     0.001467,
  1892.900,     2.390169,     2.177424,    -0.003133,
  1892.950,     2.312163,     1.860579,     0.002710,
  1893.000,     2.230999,     1.259263,     0.007368,
  1893.050,     2.037250,     0.395913,     0.001923,
  1893.100,     1.627551,    -0.630837,    -0.004401,
  1893.150,     0.957124,    -1.652113,     0.004199,
  1893.200,     0.071822,    -2.480721,     0.000394,
  1893.250,    -0.916588,    -2.985314,     0.004257,
  1893.300,    -1.847440,    -3.102429,     0.010032,
  1893.350,    -2.553065,    -2.873505,     0.003808,
  1893.400,    -2.943568,    -2.430462,     0.002561,
  1893.450,    -2.966976,    -1.917979,     0.000679,
  1893.500,    -2.711628,    -1.473311,    -0.002540,
  1893.550,    -2.275065,    -1.119738,    -0.000761,
  1893.600,    -1.791279,    -0.851136,    -0.003987,
  1893.650,    -1.368715,    -0.677716,    -0.007302,
  1893.700,    -1.043791,    -0.591879,     0.002284,
  1893.750,    -0.796524,    -0.634769,     0.007711,
  1893.800,    -0.645433,    -0.764068,     0.000309,
  1893.850,    -0.620466,    -0.984226,    -0.001602,
  1893.900,    -0.687228,    -1.305161,     0.003234,
  1893.950,    -0.853784,    -1.731401,     0.000291,
  1894.000,    -1.118101,    -2.254849,    -0.004538,
  1894.050,    -1.483779,    -2.810409,     0.003302,
  1894.100,    -1.940118,    -3.302387,    -0.001947,
  1894.150,    -2.463098,    -3.576935,    -0.001982,
  1894.200,    -2.962767,    -3.592060,     0.000308,
  1894.250,    -3.357615,    -3.368697,    -0.001167,
  1894.300,    -3.542908,    -2.961073,    -0.003195,
  1894.350,    -3.485264,    -2.532568,     0.001267,
  1894.400,    -3.221829,    -2.185332,     0.005538,
  1894.450,    -2.833526,    -1.967540,    -0.000284,
  1894.500,    -2.414331,    -1.870793,     0.003087,
  1894.550,    -2.108750,    -1.831310,     0.006522,
  1894.600,    -1.901591,    -1.799067,     0.000585,
  1894.650,    -1.794671,    -1.737311,    -0.005440,
  1894.700,    -1.749517,    -1.653723,    -0.004589,
  1894.750,    -1.693350,    -1.621764,     0.001604,
  1894.800,    -1.629323,    -1.710586,    -0.002519,
  1894.850,    -1.594163,    -2.005092,    -0.006979,
  1894.900,    -1.625828,    -2.524931,     0.001262,
  1894.950,    -1.793356,    -3.254800,     0.006417,
  1895.000,    -2.158010,    -4.085279,    -0.004884,
  1895.050,    -2.735324,    -4.920577,    -0.006195,
  1895.100,    -3.482559,    -5.700561,    -0.005225,
  1895.150,    -4.303789,    -6.398519,    -0.004827,
  1895.200,    -5.102986,    -7.033677,     0.002804,
  1895.250,    -5.878241,    -7.598201,     0.004023,
  1895.300,    -6.575504,    -8.016136,    -0.003352,
  1895.350,    -7.180923,    -8.190898,    -0.000564,
  1895.400,    -7.679255,    -8.094900,     0.013430,
  1895.450,    -7.993235,    -7.742008,     0.011365,
  1895.500,    -8.080404,    -7.189284,     0.001309,
  1895.550,    -7.895231,    -6.519219,     0.003445,
  1895.600,    -7.481810,    -5.833883,     0.002194,
  1895.650,    -6.917636,    -5.162244,     0.001610,
  1895.700,    -6.259136,    -4.519784,     0.003670,
  1895.750,    -5.573158,    -3.890158,     0.006000,
  1895.800,    -4.883438,    -3.282907,     0.004400,
  1895.850,    -4.236563,    -2.709594,     0.001139,
  1895.900,    -3.623751,    -2.229390,    -0.003283,
  1895.950,    -3.026976,    -1.917348,    -0.004514,
  1896.000,    -2.502455,    -1.879630,    -0.002550,
  1896.050,    -2.101907,    -2.088484,    -0.004347,
  1896.100,    -1.892081,    -2.442908,    -0.001884,
  1896.150,    -1.913095,    -2.786716,    -0.005957,
  1896.200,    -2.144004,    -2.974893,    -0.003121,
  1896.250,    -2.449656,    -2.991892,    -0.000804,
  1896.300,    -2.728881,    -2.846546,     0.006538,
  1896.350,    -2.873644,    -2.554631,     0.004717,
  1896.400,    -2.856025,    -2.122798,     0.001153,
  1896.450,    -2.668776,    -1.636114,     0.000163,
  1896.500,    -2.335928,    -1.236811,    -0.000665,
  1896.550,    -1.899804,    -1.080459,    -0.001330,
  1896.600,    -1.484551,    -1.267012,     0.010068,
  1896.650,    -1.194000,    -1.828412,     0.002027,
  1896.700,    -1.158142,    -2.723199,    -0.008189,
  1896.750,    -1.480998,    -3.793643,    -0.002024,
  1896.800,    -2.135509,    -4.880937,     0.003877,
  1896.850,    -3.051101,    -5.841921,    -0.002142,
  1896.900,    -4.105403,    -6.541420,     0.001846,
  1896.950,    -5.155006,    -6.875270,     0.006106,
  1897.000,    -6.014624,    -6.789475,     0.004291,
  1897.050,    -6.594262,    -6.388963,     0.004054,
  1897.100,    -6.806970,    -5.852486,    -0.000603,
  1897.150,    -6.652699,    -5.303975,     0.004742,
  1897.200,    -6.263052,    -4.809108,     0.000409,
  1897.250,    -5.735578,    -4.422394,    -0.000217,
  1897.300,    -5.198067,    -4.100741,    -0.000516,
  1897.350,    -4.724029,    -3.827595,     0.000421,
  1897.400,    -4.330689,    -3.571168,     0.003163,
  1897.450,    -4.020649,    -3.300055,     0.007876,
  1897.500,    -3.748843,    -2.978147,    -0.000515,
  1897.550,    -3.473325,    -2.623651,    -0.005344,
  1897.600,    -3.183468,    -2.208807,    -0.005542,
  1897.650,    -2.851725,    -1.842217,     0.005596,
  1897.700,    -2.465729,    -1.609191,     0.003653,
  1897.750,    -2.097920,    -1.514971,    -0.003252,
  1897.800,    -1.783058,    -1.546625,    -0.001009,
  1897.850,    -1.575011,    -1.680816,    -0.003973,
  1897.900,    -1.518185,    -1.841257,     0.000205,
  1897.950,    -1.584044,    -1.995381,    -0.002142,
  1898.000,    -1.700386,    -2.099031,    -0.000047,
  1898.050,    -1.847903,    -2.093343,     0.002905,
  1898.100,    -1.982108,    -1.894739,     0.003665,
  1898.150,    -2.032700,    -1.495243,     0.001090,
  1898.200,    -1.947370,    -0.878800,    -0.002970,
  1898.250,    -1.695342,    -0.194625,     0.000226,
  1898.300,    -1.232240,     0.402454,     0.007603,
  1898.350,    -0.633700,     0.775082,     0.001558,
  1898.400,    -0.010735,     0.854877,     0.003048,
  1898.450,     0.493905,     0.644309,     0.000437,
  1898.500,     0.768267,     0.267782,     0.008563,
  1898.550,     0.774904,    -0.143171,     0.006079,
  1898.600,     0.540693,    -0.500307,     0.002780,
  1898.650,     0.169004,    -0.727422,     0.005403,
  1898.700,    -0.223580,    -0.791218,     0.001527,
  1898.750,    -0.532810,    -0.685408,     0.000792,
  1898.800,    -0.718254,    -0.386892,    -0.000823,
  1898.850,    -0.733559,     0.057637,    -0.000956,
  1898.900,    -0.567426,     0.588492,     0.000752,
  1898.950,    -0.232643,     1.108209,    -0.001334,
  1899.000,     0.227581,     1.549174,    -0.001450,
  1899.050,     0.751708,     1.887262,    -0.003286,
  1899.100,     1.238944,     2.184621,     0.001633,
  1899.150,     1.652539,     2.529187,    -0.000352,
  1899.200,     2.016188,     2.905010,    -0.005793,
  1899.250,     2.342334,     3.253793,    -0.002872,
  1899.300,     2.683933,     3.466344,     0.002218,
  1899.350,     3.039812,     3.466645,     0.004599,
  1899.400,     3.315811,     3.192692,     0.003756,
  1899.450,     3.444064,     2.705694,     0.000034,
  1899.500,     3.353915,     2.120546,    -0.002905,
  1899.550,     3.037910,     1.529903,    -0.006392,
  1899.600,     2.535798,     1.030155,     0.002652,
  1899.650,     1.955061,     0.712525,     0.001121,
  1899.700,     1.406483,     0.594986,     0.002793,
  1899.750,     0.973369,     0.737750,    -0.000482,
  1899.800,     0.720707,     1.165973,    -0.002361,
  1899.850,     0.681856,     1.857535,    -0.001726,
  1899.900,     0.918515,     2.693411,    -0.001647,
  1899.950,     1.417401,     3.532285,    -0.004532,
  1900.000,     2.135120,     4.215187,    -0.002763,
  1900.050,     2.938855,     4.635528,     0.004713,
  1900.100,     3.701463,     4.707060,    -0.004665,
  1900.150,     4.283465,     4.341850,    -0.006231,
  1900.200,     4.584478,     3.526609,    -0.001382,
  1900.250,     4.507495,     2.330274,    -0.004240,
  1900.300,     3.996557,     0.963632,    -0.007432,
  1900.350,     3.085181,    -0.296807,    -0.000758,
  1900.400,     1.872674,    -1.220294,    -0.000516,
  1900.450,     0.591649,    -1.654530,     0.003720,
  1900.500,    -0.526425,    -1.571407,     0.001667,
  1900.550,    -1.278652,    -1.045137,    -0.002021,
  1900.600,    -1.562439,    -0.168767,     0.002679,
  1900.650,    -1.348101,     0.992299,     0.005757,
  1900.700,    -0.719661,     2.360705,     0.000105,
  1900.750,     0.245950,     3.846546,    -0.000881,
  1900.800,     1.486343,     5.331797,     0.002357,
  1900.850,     2.894117,     6.654981,     0.007381,
  1900.900,     4.376699,     7.646587,    -0.002012,
  1900.950,     5.791681,     8.277549,    -0.012047,
  1901.000,     6.988327,     8.546682,    -0.001594,
  1901.050,     7.873923,     8.544633,     0.002314,
  1901.100,     8.403884,     8.350272,     0.000814,
  1901.150,     8.609250,     7.966678,    -0.002403,
  1901.200,     8.545750,     7.364905,     0.005099,
  1901.250,     8.275226,     6.520823,     0.001324,
  1901.300,     7.796805,     5.439185,    -0.006046,
  1901.350,     7.095151,     4.208410,    -0.001573,
  1901.400,     6.170158,     2.913151,    -0.007216,
  1901.450,     5.052155,     1.679689,     0.003567,
  1901.500,     3.818758,     0.605207,     0.003918,
  1901.550,     2.543740,    -0.232386,    -0.001751,
  1901.600,     1.359585,    -0.776411,    -0.000939,
  1901.650,     0.368552,    -1.060983,    -0.004268,
  1901.700,    -0.367466,    -1.185800,     0.000281,
  1901.750,    -0.852919,    -1.260587,     0.003403,
  1901.800,    -1.121439,    -1.331700,     0.003939,
  1901.850,    -1.248503,    -1.419752,     0.003339,
  1901.900,    -1.316527,    -1.569345,    -0.003394,
  1901.950,    -1.382563,    -1.816439,    -0.002644,
  1902.000,    -1.495321,    -2.159707,    -0.005524,
  1902.050,    -1.675843,    -2.581362,     0.000187,
  1902.100,    -1.950733,    -2.968381,    -0.001921,
  1902.150,    -2.310236,    -3.187473,    -0.004843,
  1902.200,    -2.689558,    -3.143148,    -0.002331,
  1902.250,    -2.995688,    -2.850073,    -0.007339,
  1902.300,    -3.110740,    -2.374505,    -0.007858,
  1902.350,    -2.994177,    -1.778310,     0.002768,
  1902.400,    -2.673945,    -1.089337,     0.010736,
  1902.450,    -2.172545,    -0.301913,    -0.002429,
  1902.500,    -1.539697,     0.549362,    -0.006518,
  1902.550,    -0.805984,     1.421324,    -0.002514,
  1902.600,    -0.004636,     2.240486,    -0.001838,
  1902.650,     0.849578,     2.970672,    -0.000154,
  1902.700,     1.688932,     3.545635,    -0.010357,
  1902.750,     2.468057,     3.980065,    -0.004064,
  1902.800,     3.159024,     4.309857,     0.003769,
  1902.850,     3.693756,     4.579215,     0.005675,
  1902.900,     4.095061,     4.779292,     0.004328,
  1902.950,     4.413690,     4.933218,     0.004517,
  1903.000,     4.652756,     5.009734,     0.003360,
  1903.050,     4.833722,     5.001209,    -0.000775,
  1903.100,     4.956949,     4.952792,    -0.000086,
  1903.150,     5.000772,     4.871582,     0.001332,
  1903.200,     4.981472,     4.843878,    -0.004292,
  1903.250,     4.936446,     4.847308,    -0.004332,
  1903.300,     4.891105,     4.873334,     0.003148,
  1903.350,     4.861163,     4.888064,     0.005239,
  1903.400,     4.867561,     4.883731,     0.004763,
  1903.450,     4.883023,     4.887380,    -0.002890,
  1903.500,     4.894693,     4.908106,    -0.000853,
  1903.550,     4.901613,     4.923872,     0.007013,
  1903.600,     4.909429,     4.831242,    -0.000524,
  1903.650,     4.919097,     4.558723,    -0.002775,
  1903.700,     4.875593,     4.084860,    -0.000524,
  1903.750,     4.716890,     3.437855,    -0.001638,
  1903.800,     4.380853,     2.713718,     0.001218,
  1903.850,     3.865454,     2.040311,     0.006291,
  1903.900,     3.214726,     1.498406,    -0.001641,
  1903.950,     2.524529,     1.129145,    -0.002277,
  1904.000,     1.902449,     0.949030,     0.000756,
  1904.050,     1.414396,     0.956640,    -0.003945,
  1904.100,     1.096161,     1.164754,     0.009408,
  1904.150,     0.983807,     1.522290,     0.003038,
  1904.200,     1.047313,     1.939776,     0.001253,
  1904.250,     1.285084,     2.250204,    -0.002880,
  1904.300,     1.639822,     2.351906,    -0.005949,
  1904.350,     1.991318,     2.227042,    -0.003867,
  1904.400,     2.222285,     2.001875,     0.009457,
  1904.450,     2.267554,     1.810896,     0.004066,
  1904.500,     2.152000,     1.744989,    -0.008123,
  1904.550,     1.969115,     1.794237,    -0.006758,
  1904.600,     1.823220,     1.870026,    -0.002652,
  1904.650,     1.766762,     1.922295,     0.002320,
  1904.700,     1.807195,     1.971612,    -0.003304,
  1904.750,     1.868059,     2.069532,     0.001694,
  1904.800,     1.936917,     2.228839,     0.004035,
  1904.850,     2.031401,     2.410819,     0.004158,
  1904.900,     2.149078,     2.536327,     0.003501,
  1904.950,     2.308004,     2.546020,    -0.002033,
  1905.000,     2.454321,     2.465819,     0.003194,
  1905.050,     2.535269,     2.378297,    -0.001006,
  1905.100,     2.534387,     2.363717,    -0.000752,
  1905.150,     2.480854,     2.482243,     0.000165,
  1905.200,     2.435412,     2.717804,    -0.008166,
  1905.250,     2.465875,     2.978045,    -0.006515,
  1905.300,     2.599566,     3.150188,    -0.006889,
  1905.350,     2.819455,     3.214777,    -0.005353,
  1905.400,     3.036512,     3.142663,     0.000545,
  1905.450,     3.168751,     2.972362,     0.002220,
  1905.500,     3.196383,     2.729492,    -0.002351,
  1905.550,     3.094104,     2.441057,     0.000639,
  1905.600,     2.909590,     2.105183,    -0.004686,
  1905.650,     2.648798,     1.728906,    -0.002462,
  1905.700,     2.331607,     1.303372,     0.003044,
  1905.750,     1.982173,     0.840214,     0.004435,
  1905.800,     1.584637,     0.380101,    -0.000875,
  1905.850,     1.145460,    -0.034038,    -0.006587,
  1905.900,     0.702989,    -0.446177,    -0.004459,
  1905.950,     0.258183,    -0.842521,     0.001162,
  1906.000,    -0.170943,    -1.248617,     0.001810,
  1906.050,    -0.572181,    -1.602211,     0.006016,
  1906.100,    -0.976099,    -1.796401,     0.003652,
  1906.150,    -1.345575,    -1.785129,    -0.002833,
  1906.200,    -1.621854,    -1.593105,    -0.004961,
  1906.250,    -1.746249,    -1.261521,     0.001113,
  1906.300,    -1.682769,    -0.905275,     0.003482,
  1906.350,    -1.444966,    -0.574037,     0.001566,
  1906.400,    -1.132587,    -0.248843,    -0.002859,
  1906.450,    -0.790145,     0.029985,    -0.000926,
  1906.500,    -0.451061,     0.247075,    -0.005091,
  1906.550,    -0.144458,     0.392455,     0.000157,
  1906.600,     0.112712,     0.482208,     0.000345,
  1906.650,     0.301848,     0.580069,    -0.009658,
  1906.700,     0.439516,     0.740295,    -0.002364,
  1906.750,     0.554398,     0.947957,    -0.000208,
  1906.800,     0.670725,     1.167696,    -0.003531,
  1906.850,     0.831981,     1.404617,     0.004458,
  1906.900,     1.027745,     1.611011,     0.001887,
  1906.950,     1.271334,     1.785957,     0.002021,
  1907.000,     1.484372,     1.917641,    -0.000416,
  1907.050,     1.682957,     1.973656,    -0.002935,
  1907.100,     1.846755,     1.898310,     0.002235,
  1907.150,     1.940967,     1.701552,    -0.007205,
  1907.200,     1.955397,     1.418506,    -0.003686,
  1907.250,     1.848887,     1.056395,     0.001478,
  1907.300,     1.627713,     0.642928,     0.005283,
  1907.350,     1.315287,     0.171435,    -0.001090,
  1907.400,     0.939085,    -0.351583,     0.000756,
  1907.450,     0.514401,    -0.843162,     0.006243,
  1907.500,     0.027049,    -1.250372,    -0.000410,
  1907.550,    -0.476201,    -1.515810,    -0.006427,
  1907.600,    -0.923909,    -1.604293,    -0.000556,
  1907.650,    -1.272240,    -1.563994,    -0.000163,
  1907.700,    -1.480199,    -1.441311,    -0.008606,
  1907.750,    -1.536186,    -1.268386,    -0.001807,
  1907.800,    -1.488854,    -1.026520,     0.004191,
  1907.850,    -1.358588,    -0.712279,    -0.002218,
  1907.900,    -1.146258,    -0.364455,    -0.000027,
  1907.950,    -0.888461,    -0.075991,     0.004179,
  1908.000,    -0.583103,     0.081669,     0.003375,
  1908.050,    -0.271516,     0.086122,     0.002674,
  1908.100,    -0.054014,    -0.063289,     0.004286,
  1908.150,     0.055592,    -0.317062,    -0.004413,
  1908.200,     0.022516,    -0.635491,    -0.005858,
  1908.250,    -0.159535,    -0.920715,    -0.001336,
  1908.300,    -0.410441,    -1.147833,     0.000889,
  1908.350,    -0.712365,    -1.309785,     0.003242,
  1908.400,    -0.997527,    -1.440611,     0.000058,
  1908.450,    -1.210317,    -1.572665,    -0.005364,
  1908.500,    -1.371361,    -1.707732,    -0.009014,
  1908.550,    -1.507337,    -1.886881,    -0.006930,
  1908.600,    -1.649579,    -2.095876,    -0.005751,
  1908.650,    -1.804577,    -2.264386,    -0.001564,
  1908.700,    -1.988642,    -2.352410,     0.001782,
  1908.750,    -2.166969,    -2.324195,    -0.004735,
  1908.800,    -2.297319,    -2.163331,    -0.000689,
  1908.850,    -2.348354,    -1.897355,     0.002083,
  1908.900,    -2.278824,    -1.572447,     0.000233,
  1908.950,    -2.076988,    -1.255948,    -0.002111,
  1909.000,    -1.807527,    -1.014163,    -0.001945,
  1909.050,    -1.496248,    -0.876665,     0.003029,
  1909.100,    -1.211008,    -0.832724,     0.004064,
  1909.150,    -0.998668,    -0.844633,     0.004805,
  1909.200,    -0.868039,    -0.887375,     0.005528,
  1909.250,    -0.833340,    -0.912362,    -0.002741,
  1909.300,    -0.855134,    -0.997020,    -0.008788,
  1909.350,    -0.902168,    -1.189415,    -0.002450,
  1909.400,    -0.967993,    -1.464374,     0.004221,
  1909.450,    -1.103334,    -1.802849,     0.000421,
  1909.500,    -1.319829,    -2.145060,     0.001309,
  1909.550,    -1.609090,    -2.405387,     0.009569,
  1909.600,    -1.923537,    -2.584712,     0.008539,
  1909.650,    -2.226542,    -2.632984,     0.002378,
  1909.700,    -2.463368,    -2.564681,     0.001273,
  1909.750,    -2.595939,    -2.358205,     0.003845,
  1909.800,    -2.608870,    -2.074710,    -0.000823,
  1909.850,    -2.485792,    -1.818480,    -0.000883,
  1909.900,    -2.258490,    -1.671686,     0.002472,
  1909.950,    -2.012858,    -1.671840,    -0.002470,
  1910.000,    -1.789248,    -1.785288,     0.000989,
  1910.050,    -1.693264,    -1.937004,     0.001588,
  1910.100,    -1.702170,    -2.078056,     0.004836,
  1910.150,    -1.799883,    -2.199891,     0.003135,
  1910.200,    -1.946157,    -2.310350,    -0.008509,
  1910.250,    -2.078645,    -2.457164,    -0.004973,
  1910.300,    -2.214557,    -2.632114,     0.003018,
  1910.350,    -2.345870,    -2.758513,    -0.004179,
  1910.400,    -2.491434,    -2.737396,    -0.001385,
  1910.450,    -2.615122,    -2.524974,     0.009080,
  1910.500,    -2.674770,    -2.104844,     0.004747,
  1910.550,    -2.591625,    -1.584774,    -0.000474,
  1910.600,    -2.312666,    -1.079258,    -0.001075,
  1910.650,    -1.883820,    -0.708024,     0.001379,
  1910.700,    -1.393522,    -0.529466,     0.001379,
  1910.750,    -0.954905,    -0.478994,     0.003431,
  1910.800,    -0.644040,    -0.499980,    -0.002093,
  1910.850,    -0.479075,    -0.533705,    -0.000422,
  1910.900,    -0.448287,    -0.565776,     0.005943,
  1910.950,    -0.476962,    -0.612394,     0.002269,
  1911.000,    -0.510897,    -0.722540,     0.000636,
  1911.050,    -0.562996,    -0.922351,    -0.000649,
  1911.100,    -0.653192,    -1.201806,     0.003160,
  1911.150,    -0.806031,    -1.548188,     0.004525,
  1911.200,    -1.025417,    -1.928278,    -0.004440,
  1911.250,    -1.323561,    -2.349111,    -0.003002,
  1911.300,    -1.690602,    -2.759128,     0.004392,
  1911.350,    -2.084945,    -3.101277,     0.004497,
  1911.400,    -2.491024,    -3.338809,    -0.001699,
  1911.450,    -2.872391,    -3.433668,     0.002013,
  1911.500,    -3.171590,    -3.437150,     0.004367,
  1911.550,    -3.349186,    -3.413931,    -0.005058,
  1911.600,    -3.445375,    -3.407741,    -0.004368,
  1911.650,    -3.452341,    -3.421777,     0.010947,
  1911.700,    -3.440407,    -3.426824,     0.004395,
  1911.750,    -3.428996,    -3.353653,    -0.002415,
  1911.800,    -3.424516,    -3.124749,     0.006380,
  1911.850,    -3.376709,    -2.736858,     0.007347,
  1911.900,    -3.229269,    -2.194680,     0.001189,
  1911.950,    -2.946328,    -1.567159,     0.003208,
  1912.000,    -2.508867,    -0.922280,     0.002489,
  1912.050,    -1.957557,    -0.348089,     0.005367,
  1912.100,    -1.352248,     0.118292,    -0.000319,
  1912.150,    -0.728531,     0.416464,    -0.008770,
  1912.200,    -0.192863,     0.471762,     0.002048,
  1912.250,     0.219274,     0.287566,     0.002585,
  1912.300,     0.439078,    -0.084867,     0.001345,
  1912.350,     0.424336,    -0.595199,    -0.000814,
  1912.400,     0.185761,    -1.125250,    -0.001900,
  1912.450,    -0.215696,    -1.593643,     0.007712,
  1912.500,    -0.708084,    -1.955735,     0.002355,
  1912.550,    -1.213141,    -2.196386,     0.005635,
  1912.600,    -1.647739,    -2.270585,     0.004665,
  1912.650,    -1.963550,    -2.184010,    -0.005665,
  1912.700,    -2.144328,    -1.977768,    -0.004571,
  1912.750,    -2.169797,    -1.743611,    -0.010501,
  1912.800,    -2.059449,    -1.519890,     0.003100,
  1912.850,    -1.855147,    -1.382538,     0.004410,
  1912.900,    -1.628314,    -1.359052,    -0.002142,
  1912.950,    -1.438619,    -1.374800,    -0.003361,
  1913.000,    -1.335593,    -1.372939,     0.003802,
  1913.050,    -1.300231,    -1.313336,     0.000063,
  1913.100,    -1.291446,    -1.231312,     0.004137,
  1913.150,    -1.272376,    -1.164154,     0.008731,
  1913.200,    -1.212737,    -1.159590,     0.005002,
  1913.250,    -1.149651,    -1.221273,    -0.005994,
  1913.300,    -1.105896,    -1.302935,    -0.006775,
  1913.350,    -1.128381,    -1.387219,     0.002811,
  1913.400,    -1.183571,    -1.463363,     0.002048,
  1913.450,    -1.270647,    -1.527535,     0.003750,
  1913.500,    -1.361372,    -1.536500,     0.002020,
  1913.550,    -1.439558,    -1.489271,    -0.004368,
  1913.600,    -1.486738,    -1.353487,     0.004011,
  1913.650,    -1.490591,    -1.161695,     0.005116,
  1913.700,    -1.420742,    -0.915217,    -0.008587,
  1913.750,    -1.275817,    -0.660681,    -0.005013,
  1913.800,    -1.078855,    -0.467958,    -0.001011,
  1913.850,    -0.853375,    -0.353917,    -0.001670,
  1913.900,    -0.633885,    -0.361670,     0.001162,
  1913.950,    -0.466277,    -0.462643,    -0.001880,
  1914.000,    -0.411515,    -0.579036,    -0.003422,
  1914.050,    -0.444646,    -0.660428,     0.001267,
  1914.100,    -0.546080,    -0.664892,     0.000786,
  1914.150,    -0.642222,    -0.608801,    -0.002967,
  1914.200,    -0.708167,    -0.481504,    -0.002714,
  1914.250,    -0.701036,    -0.302690,     0.003628,
  1914.300,    -0.616831,    -0.091843,     0.002913,
  1914.350,    -0.472237,     0.107331,     0.003644,
  1914.400,    -0.279747,     0.264967,     0.001953,
  1914.450,    -0.076491,     0.394038,     0.001038,
  1914.500,     0.103451,     0.574314,    -0.005046,
  1914.550,     0.272806,     0.885673,    -0.000890,
  1914.600,     0.444561,     1.360177,     0.002016,
  1914.650,     0.689080,     1.947353,    -0.008901,
  1914.700,     1.060165,     2.509800,     0.001759,
  1914.750,     1.546691,     2.938679,     0.011770,
  1914.800,     2.110715,     3.189391,     0.010496,
  1914.850,     2.610469,     3.252471,     0.001579,
  1914.900,     2.983840,     3.199681,     0.003895,
  1914.950,     3.187235,     3.066156,     0.007188,
  1915.000,     3.223540,     2.847514,     0.002396,
  1915.050,     3.155713,     2.549625,    -0.002033,
  1915.100,     2.984874,     2.167647,    -0.002267,
  1915.150,     2.728964,     1.732867,     0.001475,
  1915.200,     2.386095,     1.318463,     0.006003,
  1915.250,     2.004062,     0.976746,     0.005093,
  1915.300,     1.597266,     0.730731,     0.001884,
  1915.350,     1.218082,     0.538353,    -0.000834,
  1915.400,     0.908320,     0.338635,     0.001080,
  1915.450,     0.665474,     0.101980,     0.004367,
  1915.500,     0.462475,    -0.197751,     0.006806,
  1915.550,     0.242697,    -0.525167,     0.009284,
  1915.600,    -0.025758,    -0.864902,     0.001320,
  1915.650,    -0.310725,    -1.212347,    -0.000466,
  1915.700,    -0.647309,    -1.569940,     0.003540,
  1915.750,    -0.996938,    -1.971532,    -0.003474,
  1915.800,    -1.343673,    -2.420893,     0.001966,
  1915.850,    -1.718117,    -2.858042,     0.003287,
  1915.900,    -2.138034,    -3.161616,     0.003735,
  1915.950,    -2.568734,    -3.312671,     0.000159,
  1916.000,    -2.936044,    -3.279060,    -0.001591,
  1916.050,    -3.184406,    -3.055810,    -0.001863,
  1916.100,    -3.275830,    -2.664919,     0.003336,
  1916.150,    -3.181705,    -2.118013,     0.002655,
  1916.200,    -2.913170,    -1.437902,     0.004103,
  1916.250,    -2.464443,    -0.684045,     0.002451,
  1916.300,    -1.872861,     0.037365,    -0.000165,
  1916.350,    -1.178981,     0.696397,     0.002750,
  1916.400,    -0.451599,     1.235994,    -0.003496,
  1916.450,     0.259870,     1.615492,    -0.003099,
  1916.500,     0.872236,     1.838363,     0.001995,
  1916.550,     1.359716,     1.909561,     0.001029,
  1916.600,     1.707798,     1.836986,     0.002427,
  1916.650,     1.876806,     1.677108,    -0.000629,
  1916.700,     1.904678,     1.464372,     0.000719,
  1916.750,     1.809010,     1.250314,     0.000707,
  1916.800,     1.635441,     1.116311,     0.002187,
  1916.850,     1.431489,     1.124269,     0.000370,
  1916.900,     1.260895,     1.294163,    -0.004402,
  1916.950,     1.174134,     1.617122,    -0.006141,
  1917.000,     1.234972,     2.062703,    -0.001996,
  1917.050,     1.442276,     2.567098,    -0.000468,
  1917.100,     1.791853,     3.072496,     0.002331,
  1917.150,     2.240759,     3.509737,    -0.002121,
  1917.200,     2.744409,     3.831843,     0.001934,
  1917.250,     3.230117,     3.994774,     0.011092,
  1917.300,     3.616823,     3.980120,     0.003570,
  1917.350,     3.885078,     3.843916,     0.000896,
  1917.400,     3.998013,     3.577911,     0.000098,
  1917.450,     3.948964,     3.207832,    -0.000835,
  1917.500,     3.771015,     2.752102,    -0.004691,
  1917.550,     3.463009,     2.271625,     0.001390,
  1917.600,     3.069329,     1.798258,     0.000820,
  1917.650,     2.614607,     1.386028,    -0.000109,
  1917.700,     2.131061,     0.999910,    -0.006424,
  1917.750,     1.692511,     0.631998,    -0.001421,
  1917.800,     1.276466,     0.254660,     0.000478,
  1917.850,     0.879280,    -0.100277,    -0.002601,
  1917.900,     0.505079,    -0.386989,     0.000497,
  1917.950,     0.140622,    -0.570036,    -0.006912,
  1918.000,    -0.173829,    -0.618155,    -0.002505,
  1918.050,    -0.422175,    -0.535154,     0.007219,
  1918.100,    -0.558048,    -0.387535,     0.002363,
  1918.150,    -0.565511,    -0.224830,    -0.009744,
  1918.200,    -0.494450,    -0.132474,    -0.008786,
  1918.250,    -0.352661,    -0.113564,    -0.001182,
  1918.300,    -0.218748,    -0.181868,    -0.000799,
  1918.350,    -0.144647,    -0.298161,     0.001767,
  1918.400,    -0.147010,    -0.416692,     0.003184,
  1918.450,    -0.214593,    -0.559762,     0.000578,
  1918.500,    -0.327255,    -0.778326,     0.001674,
  1918.550,    -0.475742,    -1.070053,     0.004681,
  1918.600,    -0.655453,    -1.364426,     0.010757,
  1918.650,    -0.882220,    -1.583875,    -0.000191,
  1918.700,    -1.148318,    -1.685099,    -0.001562,
  1918.750,    -1.398236,    -1.680163,    -0.000781,
  1918.800,    -1.578920,    -1.589289,    -0.002581,
  1918.850,    -1.661396,    -1.433862,    -0.004927,
  1918.900,    -1.628402,    -1.229576,    -0.002136,
  1918.950,    -1.506001,    -0.960090,     0.003574,
  1919.000,    -1.318179,    -0.655972,    -0.002640,
  1919.050,    -1.086326,    -0.355097,    -0.006062,
  1919.100,    -0.809017,    -0.164368,    -0.007187,
  1919.150,    -0.514559,    -0.111028,    -0.007785,
  1919.200,    -0.280096,    -0.202634,    -0.002544,
  1919.250,    -0.136307,    -0.410418,     0.009392,
  1919.300,    -0.111958,    -0.715711,     0.004109,
  1919.350,    -0.241446,    -1.071187,    -0.003005,
  1919.400,    -0.486644,    -1.431225,    -0.002526,
  1919.450,    -0.792329,    -1.754690,     0.001929,
  1919.500,    -1.144521,    -2.017699,    -0.001065,
  1919.550,    -1.490094,    -2.220962,    -0.000242,
  1919.600,    -1.792209,    -2.361163,    -0.001567,
  1919.650,    -2.053688,    -2.424444,    -0.007173,
  1919.700,    -2.236706,    -2.371285,    -0.001713,
  1919.750,    -2.355741,    -2.193295,    -0.001112,
  1919.800,    -2.369268,    -1.925781,    -0.003343,
  1919.850,    -2.277075,    -1.620918,    -0.003157,
  1919.900,    -2.090636,    -1.324702,     0.002765,
  1919.950,    -1.820332,    -1.106212,    -0.001793,
  1920.000,    -1.514840,    -1.010092,    -0.012129,
  1920.050,    -1.262873,    -1.063069,    -0.000352,
  1920.100,    -1.091662,    -1.271262,     0.007094,
  1920.150,    -1.044886,    -1.554314,     0.002252,
  1920.200,    -1.147451,    -1.835821,     0.006249,
  1920.250,    -1.352188,    -2.044260,     0.002325,
  1920.300,    -1.619712,    -2.107262,     0.006765,
  1920.350,    -1.875815,    -2.073603,     0.013983,
  1920.400,    -2.034338,    -1.971404,     0.000029,
  1920.450,    -2.074410,    -1.867608,    -0.002157,
  1920.500,    -2.030294,    -1.787590,     0.003494,
  1920.550,    -1.927845,    -1.672160,     0.003744,
  1920.600,    -1.825850,    -1.499718,     0.001418,
  1920.650,    -1.733972,    -1.268984,    -0.004173,
  1920.700,    -1.586798,    -1.014014,    -0.006876,
  1920.750,    -1.397288,    -0.755931,    -0.001397,
  1920.800,    -1.166621,    -0.480605,     0.003109,
  1920.850,    -0.911576,    -0.133103,     0.000022,
  1920.900,    -0.628971,     0.350187,    -0.002336,
  1920.950,    -0.315247,     0.950723,    -0.001929,
  1921.000,     0.093071,     1.638283,    -0.005298,
  1921.050,     0.611465,     2.332506,     0.002798,
  1921.100,     1.241021,     2.985585,     0.008195,
  1921.150,     1.916602,     3.520895,    -0.000899,
  1921.200,     2.594894,     3.894365,    -0.006419,
  1921.250,     3.182803,     4.036938,    -0.000704,
  1921.300,     3.652099,     3.925600,     0.005964,
  1921.350,     3.950569,     3.552278,     0.004163,
  1921.400,     4.003783,     2.926963,    -0.005176,
  1921.450,     3.792623,     2.058380,    -0.004089,
  1921.500,     3.334190,     0.946564,     0.000129,
  1921.550,     2.621186,    -0.376607,     0.004660,
  1921.600,     1.665342,    -1.826301,    -0.002583,
  1921.650,     0.487545,    -3.340814,    -0.007135,
  1921.700,    -0.868376,    -4.849970,     0.003118,
  1921.750,    -2.342507,    -6.287361,     0.005948,
  1921.800,    -3.857838,    -7.595141,    -0.001756,
  1921.850,    -5.339889,    -8.710573,    -0.005140,
  1921.900,    -6.730714,    -9.549236,     0.001422,
  1921.950,    -7.970810,   -10.085877,     0.003203,
  1922.000,    -8.987467,   -10.350853,     0.004660,
  1922.050,    -9.726298,   -10.406401,     0.006817,
  1922.100,   -10.169211,   -10.321053,     0.001086,
  1922.150,   -10.381396,   -10.095477,     0.001491,
  1922.200,   -10.397284,    -9.738735,     0.004552,
  1922.250,   -10.258219,    -9.243777,     0.002393,
  1922.300,    -9.985690,    -8.654017,     0.004243,
  1922.350,    -9.564666,    -8.040594,     0.005827,
  1922.400,    -9.051681,    -7.410567,    -0.003583,
  1922.450,    -8.468716,    -6.756614,     0.002056,
  1922.500,    -7.841295,    -6.058160,     0.008249,
  1922.550,    -7.201310,    -5.303375,    -0.001807,
  1922.600,    -6.513681,    -4.570683,    -0.001349,
  1922.650,    -5.801868,    -3.936648,     0.004492,
  1922.700,    -5.074887,    -3.462713,     0.003380,
  1922.750,    -4.380488,    -3.168052,     0.001932,
  1922.800,    -3.813136,    -3.007711,     0.003093,
  1922.850,    -3.394887,    -2.925828,     0.008997,
  1922.900,    -3.119139,    -2.831245,    -0.004517,
  1922.950,    -2.964570,    -2.675738,    -0.004197,
  1923.000,    -2.860749,    -2.390730,     0.005175,
  1923.050,    -2.740379,    -1.979069,     0.005690,
  1923.100,    -2.521090,    -1.470293,    -0.000002,
  1923.150,    -2.200794,    -0.881734,     0.002913,
  1923.200,    -1.762314,    -0.189521,     0.003020,
  1923.250,    -1.225074,     0.614994,     0.004623,
  1923.300,    -0.592229,     1.530465,     0.005753,
  1923.350,     0.136966,     2.538252,     0.001415,
  1923.400,     0.987715,     3.610410,    -0.003224,
  1923.450,     1.931860,     4.645183,    -0.002593,
  1923.500,     2.960353,     5.583108,    -0.009040,
  1923.550,     3.991732,     6.430732,    -0.011749,
  1923.600,     4.984511,     7.150943,     0.000211,
  1923.650,     5.910252,     7.738756,     0.001926,
  1923.700,     6.717452,     8.197418,     0.000442,
  1923.750,     7.373539,     8.561861,     0.005690,
  1923.800,     7.926624,     8.905557,     0.004900,
  1923.850,     8.365551,     9.300459,     0.007028,
  1923.900,     8.736916,     9.829021,     0.001002,
  1923.950,     9.110004,    10.446735,     0.000806,
  1924.000,     9.547867,    11.075344,     0.000047,
  1924.050,    10.073727,    11.581204,     0.001908,
  1924.100,    10.665472,    11.945171,     0.000312,
  1924.150,    11.236249,    12.175377,     0.001238,
  1924.200,    11.705035,    12.313158,    -0.003952,
  1924.250,    12.028737,    12.388826,     0.001285,
  1924.300,    12.232925,    12.384871,     0.002407,
  1924.350,    12.356050,    12.270392,    -0.006089,
  1924.400,    12.393156,    12.015357,    -0.001591,
  1924.450,    12.342292,    11.605214,    -0.000281,
  1924.500,    12.183286,    11.019555,    -0.003605,
  1924.550,    11.862794,    10.311400,    -0.000986,
  1924.600,    11.384556,     9.531734,    -0.000495,
  1924.650,    10.771735,     8.732314,     0.000844,
  1924.700,    10.054372,     7.958532,     0.004051,
  1924.750,     9.265959,     7.249004,    -0.000527,
  1924.800,     8.478184,     6.587676,    -0.005086,
  1924.850,     7.725289,     5.939389,     0.004267,
  1924.900,     7.023016,     5.296815,     0.003816,
  1924.950,     6.340688,     4.660299,    -0.003322,
  1925.000,     5.703162,     4.029659,     0.001104,
  1925.050,     5.065687,     3.385741,     0.007878,
  1925.100,     4.429445,     2.715476,    -0.000464,
  1925.150,     3.786904,     2.026700,    -0.001591,
  1925.200,     3.128582,     1.344959,     0.003619,
  1925.250,     2.452897,     0.679969,     0.004082,
  1925.300,     1.766594,     0.005484,     0.003541,
  1925.350,     1.093072,    -0.643598,     0.005994,
  1925.400,     0.430283,    -1.290684,     0.007675,
  1925.450,    -0.231753,    -1.877586,     0.006407,
  1925.500,    -0.883375,    -2.406747,     0.005599,
  1925.550,    -1.488513,    -2.891646,     0.002263,
  1925.600,    -2.055684,    -3.344797,    -0.002869,
  1925.650,    -2.581339,    -3.822834,     0.002683,
  1925.700,    -3.060217,    -4.329048,     0.004453,
  1925.750,    -3.530842,    -4.827283,     0.002697,
  1925.800,    -4.011625,    -5.273440,     0.002373,
  1925.850,    -4.504615,    -5.603410,     0.004771,
  1925.900,    -4.971829,    -5.790811,     0.002254,
  1925.950,    -5.370986,    -5.806320,    -0.001790,
  1926.000,    -5.642803,    -5.712924,    -0.002872,
  1926.050,    -5.771567,    -5.581450,    -0.001786,
  1926.100,    -5.755876,    -5.487781,     0.004357,
  1926.150,    -5.665292,    -5.466219,     0.009059,
  1926.200,    -5.553934,    -5.518284,    -0.000454,
  1926.250,    -5.471562,    -5.584266,    -0.004051,
  1926.300,    -5.457661,    -5.597802,     0.000558,
  1926.350,    -5.500583,    -5.500836,    -0.002823,
  1926.400,    -5.539134,    -5.281945,     0.000250,
  1926.450,    -5.508378,    -4.922625,     0.005419,
  1926.500,    -5.371320,    -4.415652,     0.007556,
  1926.550,    -5.107191,    -3.753818,     0.000791,
  1926.600,    -4.697423,    -2.959734,    -0.002127,
  1926.650,    -4.132651,    -2.010701,     0.004227,
  1926.700,    -3.421678,    -0.975543,     0.011998,
  1926.750,    -2.582689,     0.093666,     0.007234,
  1926.800,    -1.613832,     1.144969,     0.001333,
  1926.850,    -0.567596,     2.125128,    -0.001200,
  1926.900,     0.478403,     3.010923,    -0.001781,
  1926.950,     1.514129,     3.759874,     0.002609,
  1927.000,     2.464169,     4.399709,     0.005879,
  1927.050,     3.318742,     4.951725,     0.003555,
  1927.100,     4.043382,     5.456223,     0.000095,
  1927.150,     4.657398,     5.918338,    -0.002982,
  1927.200,     5.186655,     6.336131,    -0.000649,
  1927.250,     5.665570,     6.683584,     0.000335,
  1927.300,     6.106587,     6.958351,    -0.005222,
  1927.350,     6.506017,     7.133814,     0.003640,
  1927.400,     6.825964,     7.217803,    -0.000449,
  1927.450,     7.050130,     7.217208,    -0.001181,
  1927.500,     7.207404,     7.190288,     0.002993,
  1927.550,     7.258961,     7.167024,     0.001457,
  1927.600,     7.255805,     7.130767,     0.001679,
  1927.650,     7.229519,     7.088981,    -0.001170,
  1927.700,     7.181925,     7.033168,     0.004090,
  1927.750,     7.136349,     6.924840,     0.001767,
  1927.800,     7.072979,     6.785121,     0.000695,
  1927.850,     6.995496,     6.609254,     0.004719,
  1927.900,     6.867032,     6.424323,     0.002123,
  1927.950,     6.705949,     6.236867,     0.003290,
  1928.000,     6.528297,     6.043745,     0.005061,
  1928.050,     6.337236,     5.860864,     0.003100,
  1928.100,     6.138785,     5.708215,     0.001290,
  1928.150,     5.942559,     5.591708,     0.006072,
  1928.200,     5.763049,     5.537758,     0.001093,
  1928.250,     5.617027,     5.528439,     0.000484,
  1928.300,     5.532707,     5.498888,     0.002801,
  1928.350,     5.475730,     5.411023,    -0.007389,
  1928.400,     5.430494,     5.244019,    -0.007293,
  1928.450,     5.382122,     5.006201,    -0.007885,
  1928.500,     5.253042,     4.749394,    -0.006523,
  1928.550,     5.060333,     4.472620,    -0.002680,
  1928.600,     4.823758,     4.173221,     0.005336,
  1928.650,     4.564300,     3.801481,     0.000136,
  1928.700,     4.268450,     3.402068,     0.003206,
  1928.750,     3.934838,     2.984118,     0.005076,
  1928.800,     3.580703,     2.586756,    -0.003847,
  1928.850,     3.176521,     2.226481,    -0.001619,
  1928.900,     2.772442,     1.899627,     0.007036,
  1928.950,     2.390768,     1.611083,    -0.006252,
  1929.000,     2.046752,     1.330910,    -0.003172,
  1929.050,     1.731518,     1.086446,    -0.001106,
  1929.100,     1.443395,     0.871242,    -0.002532,
  1929.150,     1.192001,     0.679146,     0.002942,
  1929.200,     0.967893,     0.504436,    -0.003094,
  1929.250,     0.767808,     0.299368,     0.000567,
  1929.300,     0.585698,     0.040049,     0.000496,
  1929.350,     0.396273,    -0.281551,     0.001504,
  1929.400,     0.176641,    -0.670178,    -0.006155,
  1929.450,    -0.090006,    -1.099230,    -0.005815,
  1929.500,    -0.424723,    -1.516911,     0.004400,
  1929.550,    -0.817494,    -1.858472,    -0.000898,
  1929.600,    -1.224224,    -2.169065,     0.002606,
  1929.650,    -1.595454,    -2.399766,     0.000205,
  1929.700,    -1.927200,    -2.590522,    -0.001109,
  1929.750,    -2.210459,    -2.760964,     0.004228,
  1929.800,    -2.424520,    -2.901419,     0.001567,
  1929.850,    -2.599250,    -3.008070,    -0.003927,
  1929.900,    -2.756807,    -3.070095,    -0.000807,
  1929.950,    -2.875908,    -3.076900,     0.000949,
  1930.000,    -2.963161,    -3.004720,     0.003065,
  1930.050,    -2.993460,    -2.901910,    -0.003212,
  1930.100,    -2.978782,    -2.748422,     0.001285,
  1930.150,    -2.899963,    -2.545185,    -0.002964,
  1930.200,    -2.772692,    -2.311308,     0.005707,
  1930.250,    -2.599886,    -2.073262,     0.002033,
  1930.300,    -2.401112,    -1.864053,     0.004887,
  1930.350,    -2.156924,    -1.681648,    -0.000597,
  1930.400,    -1.939079,    -1.541229,    -0.000822,
  1930.450,    -1.751311,    -1.424242,     0.002770,
  1930.500,    -1.581904,    -1.374867,    -0.000771,
  1930.550,    -1.451623,    -1.449097,    -0.004082,
  1930.600,    -1.383142,    -1.645214,    -0.005425,
  1930.650,    -1.375440,    -1.958359,     0.000406,
  1930.700,    -1.485854,    -2.327041,     0.000120,
  1930.750,    -1.725961,    -2.679078,    -0.001097,
  1930.800,    -2.051567,    -2.922850,     0.003738,
  1930.850,    -2.407505,    -3.023219,     0.006347,
  1930.900,    -2.705511,    -2.968618,     0.009630,
  1930.950,    -2.900702,    -2.823132,    -0.001814,
  1931.000,    -2.959211,    -2.689450,    -0.008907,
  1931.050,    -2.891664,    -2.648650,    -0.007949,
  1931.100,    -2.765915,    -2.710750,     0.002370,
  1931.150,    -2.686787,    -2.833284,     0.000421,
  1931.200,    -2.676897,    -2.969027,     0.001327,
  1931.250,    -2.735107,    -3.055861,     0.003205,
  1931.300,    -2.835251,    -3.092189,     0.002436,
  1931.350,    -2.951869,    -3.110226,     0.006031,
  1931.400,    -3.033789,    -3.150436,    -0.009800,
  1931.450,    -3.077008,    -3.187835,    -0.008323,
  1931.500,    -3.107126,    -3.226673,     0.001136,
  1931.550,    -3.150499,    -3.224564,    -0.003048,
  1931.600,    -3.193641,    -3.136806,     0.004665,
  1931.650,    -3.195989,    -2.958461,     0.001726,
  1931.700,    -3.158090,    -2.705015,     0.002445,
  1931.750,    -3.036134,    -2.397188,     0.011020,
  1931.800,    -2.840531,    -2.086387,     0.003407,
  1931.850,    -2.580363,    -1.799206,     0.004658,
  1931.900,    -2.284192,    -1.560775,    -0.001419,
  1931.950,    -1.981249,    -1.388627,    -0.001729,
  1932.000,    -1.704530,    -1.305940,    -0.002047,
  1932.050,    -1.500447,    -1.323528,     0.000563,
  1932.100,    -1.361139,    -1.470841,     0.002145,
  1932.150,    -1.302758,    -1.700617,     0.002720,
  1932.200,    -1.370633,    -1.973605,     0.006247,
  1932.250,    -1.541065,    -2.281106,     0.002884,
  1932.300,    -1.777786,    -2.582824,    -0.001586,
  1932.350,    -2.064358,    -2.911691,    -0.000105,
  1932.400,    -2.378041,    -3.288550,     0.000645,
  1932.450,    -2.703129,    -3.677192,     0.003068,
  1932.500,    -3.055365,    -4.050668,     0.003632,
  1932.550,    -3.423917,    -4.373371,     0.009347,
  1932.600,    -3.804319,    -4.631608,     0.002491,
  1932.650,    -4.148962,    -4.815627,     0.000251,
  1932.700,    -4.456748,    -4.925621,     0.000689,
  1932.750,    -4.695559,    -4.975782,     0.004117,
  1932.800,    -4.855351,    -4.945099,     0.006896,
  1932.850,    -4.940906,    -4.860642,    -0.009151,
  1932.900,    -4.957032,    -4.747563,    -0.007190,
  1932.950,    -4.896325,    -4.617485,     0.002278,
  1933.000,    -4.799101,    -4.471273,     0.004523,
  1933.050,    -4.668853,    -4.295396,     0.002631,
  1933.100,    -4.520470,    -4.086486,    -0.007025,
  1933.150,    -4.356448,    -3.846010,    -0.004385,
  1933.200,    -4.163310,    -3.562357,     0.001814,
  1933.250,    -3.934100,    -3.275546,     0.004188,
  1933.300,    -3.664355,    -3.017347,     0.008642,
  1933.350,    -3.380951,    -2.861225,     0.003003,
  1933.400,    -3.117888,    -2.797156,    -0.000029,
  1933.450,    -2.908812,    -2.880631,     0.003924,
  1933.500,    -2.779219,    -3.031888,     0.005729,
  1933.550,    -2.758522,    -3.250817,     0.002127,
  1933.600,    -2.853014,    -3.542716,     0.008824,
  1933.650,    -3.028226,    -3.823214,     0.004614,
  1933.700,    -3.276163,    -4.083765,    -0.005621,
  1933.750,    -3.546079,    -4.280690,    -0.002985,
  1933.800,    -3.817783,    -4.358653,     0.004252,
  1933.850,    -4.052702,    -4.303155,     0.002331,
  1933.900,    -4.207811,    -4.127032,     0.001630,
  1933.950,    -4.248326,    -3.846438,     0.008618,
  1934.000,    -4.154211,    -3.509154,     0.003489,
  1934.050,    -3.954807,    -3.169718,    -0.005229,
  1934.100,    -3.674522,    -2.830892,    -0.002897,
  1934.150,    -3.342661,    -2.514620,     0.001242,
  1934.200,    -3.002135,    -2.270382,     0.001126,
  1934.250,    -2.691765,    -2.127416,     0.005577,
  1934.300,    -2.415459,    -2.079878,    -0.002139,
  1934.350,    -2.206227,    -2.064236,     0.003628,
  1934.400,    -2.082659,    -1.997142,     0.002522,
  1934.450,    -2.036126,    -1.843547,     0.000394,
  1934.500,    -1.997916,    -1.583406,    -0.004520,
  1934.550,    -1.901403,    -1.278632,    -0.002932,
  1934.600,    -1.726866,    -0.976781,     0.000123,
  1934.650,    -1.460764,    -0.708499,    -0.001222,
  1934.700,    -1.177727,    -0.487877,    -0.002723,
  1934.750,    -0.897118,    -0.338947,    -0.001900,
  1934.800,    -0.651498,    -0.284157,     0.005318,
  1934.850,    -0.454162,    -0.314298,     0.002142,
  1934.900,    -0.340541,    -0.446312,     0.001557,
  1934.950,    -0.321853,    -0.648398,     0.000737,
  1935.000,    -0.387046,    -0.900593,    -0.006186,
  1935.050,    -0.547586,    -1.171114,    -0.001994,
  1935.100,    -0.764842,    -1.485660,     0.005623,
  1935.150,    -1.021506,    -1.792079,     0.008682,
  1935.200,    -1.315001,    -2.100513,     0.002591,
  1935.250,    -1.622269,    -2.398924,     0.001901,
  1935.300,    -1.938719,    -2.639402,    -0.003373,
  1935.350,    -2.236643,    -2.819386,     0.004371,
  1935.400,    -2.514750,    -2.933388,     0.002740,
  1935.450,    -2.728726,    -2.992407,    -0.002103,
  1935.500,    -2.893659,    -3.024481,    -0.000378,
  1935.550,    -2.997221,    -3.064434,     0.005391,
  1935.600,    -3.053017,    -3.104117,    -0.001999,
  1935.650,    -3.071691,    -3.140942,    -0.005854,
  1935.700,    -3.110723,    -3.121937,    -0.005706,
  1935.750,    -3.132820,    -3.042493,    -0.003030,
  1935.800,    -3.129533,    -2.891991,     0.008289,
  1935.850,    -3.085813,    -2.689202,     0.000807,
  1935.900,    -2.967218,    -2.431851,     0.010813,
  1935.950,    -2.803946,    -2.128131,     0.006115,
  1936.000,    -2.570580,    -1.749898,    -0.005513,
  1936.050,    -2.296221,    -1.344929,     0.001335,
  1936.100,    -1.953916,    -0.901836,     0.005270,
  1936.150,    -1.582696,    -0.478172,    -0.001917,
  1936.200,    -1.166512,    -0.102747,    -0.004426,
  1936.250,    -0.731044,     0.201603,     0.004859,
  1936.300,    -0.327525,     0.431817,     0.009986,
  1936.350,     0.022344,     0.603916,    -0.000607,
  1936.400,     0.303738,     0.663335,     0.000202,
  1936.450,     0.512747,     0.610254,     0.005300,
  1936.500,     0.642741,     0.453541,     0.004297,
  1936.550,     0.675060,     0.201071,    -0.000845,
  1936.600,     0.586124,    -0.139324,    -0.001400,
  1936.650,     0.385873,    -0.521948,     0.002036,
  1936.700,     0.100790,    -0.921794,     0.002834,
  1936.750,    -0.241959,    -1.296803,    -0.002172,
  1936.800,    -0.620724,    -1.621730,    -0.004054,
  1936.850,    -0.997420,    -1.838157,     0.005808,
  1936.900,    -1.351985,    -1.955500,     0.003687,
  1936.950,    -1.628731,    -1.998360,     0.000612,
  1937.000,    -1.819289,    -1.986360,     0.006291,
  1937.050,    -1.929790,    -1.945473,    -0.000041,
  1937.100,    -1.959243,    -1.911124,    -0.000610,
  1937.150,    -1.937705,    -1.856270,     0.003887,
  1937.200,    -1.894961,    -1.809509,    -0.006453,
  1937.250,    -1.846819,    -1.799780,     0.000683,
  1937.300,    -1.814947,    -1.790334,     0.001732,
  1937.350,    -1.776768,    -1.798277,    -0.001857,
  1937.400,    -1.766562,    -1.818832,    -0.006848,
  1937.450,    -1.764354,    -1.836728,    -0.002716,
  1937.500,    -1.777874,    -1.815114,     0.004923,
  1937.550,    -1.799688,    -1.749305,     0.003148,
  1937.600,    -1.796725,    -1.634247,     0.005693,
  1937.650,    -1.768450,    -1.453155,     0.007372,
  1937.700,    -1.667802,    -1.171465,     0.005909,
  1937.750,    -1.530254,    -0.758062,     0.001983,
  1937.800,    -1.303034,    -0.211451,     0.001060,
  1937.850,    -0.971380,     0.461281,     0.002773,
  1937.900,    -0.524326,     1.290185,     0.006404,
  1937.950,     0.078279,     2.282261,     0.003413,
  1938.000,     0.826330,     3.412015,    -0.004653,
  1938.050,     1.707865,     4.683056,    -0.000467,
  1938.100,     2.746530,     6.024635,    -0.000868,
  1938.150,     3.930338,     7.408417,     0.000616,
  1938.200,     5.214559,     8.806320,    -0.008323,
  1938.250,     6.560400,    10.132446,    -0.006241,
  1938.300,     7.959272,    11.365712,     0.003959,
  1938.350,     9.321781,    12.457947,     0.001883,
  1938.400,    10.609652,    13.393885,    -0.001605,
  1938.450,    11.792229,    14.208066,    -0.007709,
  1938.500,    12.832704,    14.909906,    -0.002221,
  1938.550,    13.729911,    15.518043,    -0.005437,
  1938.600,    14.507465,    16.006877,    -0.003659,
  1938.650,    15.160774,    16.337735,    -0.005322,
  1938.700,    15.718436,    16.469969,    -0.004197,
  1938.750,    16.137542,    16.399523,     0.000445,
  1938.800,    16.378684,    16.056629,    -0.001842,
  1938.850,    16.434842,    15.446003,     0.000080,
  1938.900,    16.265549,    14.560050,    -0.001597,
  1938.950,    15.827018,    13.417668,    -0.008458,
  1939.000,    15.120263,    12.078074,    -0.007746,
  1939.050,    14.149836,    10.637025,     0.000469,
  1939.100,    12.941562,     9.168064,     0.004415,
  1939.150,    11.574546,     7.754428,    -0.000467,
  1939.200,    10.139292,     6.378541,    -0.001506,
  1939.250,     8.683328,     5.064388,     0.000978,
  1939.300,     7.261865,     3.841121,    -0.006405,
  1939.350,     5.912226,     2.693190,    -0.002549,
  1939.400,     4.622297,     1.648541,     0.006861,
  1939.450,     3.417180,     0.693165,     0.012847,
  1939.500,     2.313614,    -0.155213,     0.001273,
  1939.550,     1.291940,    -0.911228,     0.002184,
  1939.600,     0.384015,    -1.570363,     0.000998,
  1939.650,    -0.438580,    -2.108861,     0.005121,
  1939.700,    -1.153502,    -2.528409,     0.008436,
  1939.750,    -1.769197,    -2.821098,    -0.004382,
  1939.800,    -2.262607,    -2.970668,     0.001063,
  1939.850,    -2.629469,    -3.001011,    -0.002769,
  1939.900,    -2.876747,    -2.923983,    -0.000619,
  1939.950,    -2.981707,    -2.776767,    -0.002556,
  1940.000,    -2.981989,    -2.598817,    -0.002421,
  1940.050,    -2.888595,    -2.396629,    -0.001373,
  1940.100,    -2.737905,    -2.172061,    -0.002146,
  1940.150,    -2.547577,    -1.906801,    -0.003347,
  1940.200,    -2.328123,    -1.583991,    -0.000361,
  1940.250,    -2.077846,    -1.209467,     0.009038,
  1940.300,    -1.792482,    -0.769774,     0.001945,
  1940.350,    -1.442163,    -0.285525,    -0.002549,
  1940.400,    -1.058538,     0.250450,     0.005759,
  1940.450,    -0.596063,     0.800732,    -0.000083,
  1940.500,    -0.095296,     1.366521,    -0.004459,
  1940.550,     0.443447,     1.917157,     0.005446,
  1940.600,     0.998573,     2.433208,     0.007602,
  1940.650,     1.551509,     2.883874,     0.000603,
  1940.700,     2.092503,     3.250550,    -0.003404,
  1940.750,     2.569894,     3.521617,    -0.001534,
  1940.800,     3.011875,     3.715459,     0.003321,
  1940.850,     3.353685,     3.844926,     0.008946,
  1940.900,     3.587949,     3.956909,     0.000353,
  1940.950,     3.771044,     4.102018,    -0.003127,
  1941.000,     3.901318,     4.263315,    -0.004835,
  1941.050,     4.032399,     4.398744,    -0.008007,
  1941.100,     4.172939,     4.447114,    -0.002064,
  1941.150,     4.309982,     4.365519,    -0.000761,
  1941.200,     4.407705,     4.108023,    -0.010831,
  1941.250,     4.407960,     3.706872,    -0.000875,
  1941.300,     4.277506,     3.193273,    -0.000574,
  1941.350,     3.967668,     2.590721,    -0.003383,
  1941.400,     3.524151,     1.907224,    -0.000655,
  1941.450,     2.989605,     1.146713,    -0.001424,
  1941.500,     2.350408,     0.305308,     0.006201,
  1941.550,     1.634814,    -0.619245,     0.006452,
  1941.600,     0.838913,    -1.635682,    -0.005191,
  1941.650,    -0.035924,    -2.741584,    -0.001036,
  1941.700,    -1.005872,    -3.903105,     0.001232,
  1941.750,    -2.055554,    -5.115988,     0.006018,
  1941.800,    -3.166047,    -6.380784,    -0.001816,
  1941.850,    -4.354866,    -7.640893,     0.008869,
  1941.900,    -5.584578,    -8.879436,    -0.002567,
  1941.950,    -6.847396,   -10.008391,     0.006732,
  1942.000,    -8.097000,   -10.923558,     0.001655,
  1942.050,    -9.273767,   -11.560976,    -0.001269,
  1942.100,   -10.301462,   -11.808869,     0.002777,
  1942.150,   -11.107066,   -11.657592,     0.003047,
  1942.200,   -11.598150,   -11.034972,     0.008991,
  1942.250,   -11.706816,    -9.897227,     0.000487,
  1942.300,   -11.387555,    -8.202338,     0.001765,
  1942.350,   -10.559036,    -5.902960,     0.006906,
  1942.400,    -9.218904,    -3.014166,     0.000236,
  1942.450,    -7.300228,     0.412271,     0.001963,
  1942.500,    -4.782495,     4.281299,    -0.003665,
  1942.550,    -1.696424,     8.437113,     0.001415,
  1942.600,     1.871732,    12.703284,    -0.003017,
  1942.650,     5.819948,    16.862879,     0.000543,
  1942.700,     9.999630,    20.665695,    -0.008171,
  1942.750,    14.219791,    23.896048,    -0.001757,
  1942.800,    18.221930,    26.391458,    -0.009464,
  1942.850,    21.801214,    28.000779,    -0.007594,
  1942.900,    24.776764,    28.697964,    -0.001796,
  1942.950,    26.944062,    28.496630,    -0.008147,
  1943.000,    28.234079,    27.553271,    -0.004417,
  1943.050,    28.625932,    26.044337,     0.001399,
  1943.100,    28.193857,    24.161627,    -0.003748,
  1943.150,    27.057843,    22.064591,    -0.003076,
  1943.200,    25.410424,    19.835020,    -0.002151,
  1943.250,    23.445863,    17.555790,    -0.002832,
  1943.300,    21.281815,    15.191162,     0.001864,
  1943.350,    19.009607,    12.799058,     0.000624,
  1943.400,    16.666923,    10.392982,     0.003009,
  1943.450,    14.288719,     8.028970,    -0.005958,
  1943.500,    11.884362,     5.729712,    -0.002470,
  1943.550,     9.485015,     3.514907,     0.002153,
  1943.600,     7.139520,     1.397075,     0.000378,
  1943.650,     4.862516,    -0.583679,     0.005905,
  1943.700,     2.669351,    -2.346977,     0.004857,
  1943.750,     0.613961,    -3.841225,     0.006469,
  1943.800,    -1.269940,    -5.027954,     0.001886,
  1943.850,    -2.920555,    -5.900801,     0.008371,
  1943.900,    -4.310174,    -6.468830,     0.006391,
  1943.950,    -5.377884,    -6.754991,     0.003635,
  1944.000,    -6.153554,    -6.840261,     0.003990,
  1944.050,    -6.626378,    -6.737396,     0.003002,
  1944.100,    -6.838256,    -6.614616,     0.000029,
  1944.150,    -6.854512,    -6.516910,     0.005532,
  1944.200,    -6.743740,    -6.527033,    -0.002309,
  1944.250,    -6.628358,    -6.661035,    -0.005559,
  1944.300,    -6.570870,    -6.907550,     0.004130,
  1944.350,    -6.607980,    -7.197403,    -0.000120,
  1944.400,    -6.746696,    -7.462008,     0.004334,
  1944.450,    -6.991059,    -7.620607,     0.000946,
  1944.500,    -7.256502,    -7.574459,     0.005796,
  1944.550,    -7.454257,    -7.290708,     0.003918,
  1944.600,    -7.534146,    -6.689779,    -0.001480,
  1944.650,    -7.394800,    -5.782657,     0.000539,
  1944.700,    -6.987908,    -4.681521,    -0.000443,
  1944.750,    -6.297278,    -3.493976,     0.000204,
  1944.800,    -5.338094,    -2.372983,    -0.002456,
  1944.850,    -4.233374,    -1.439463,     0.003203,
  1944.900,    -3.089121,    -0.786808,     0.000557,
  1944.950,    -2.039370,    -0.439107,     0.001333,
  1945.000,    -1.213191,    -0.385750,     0.000184,
  1945.050,    -0.653082,    -0.556863,    -0.007570,
  1945.100,    -0.389953,    -0.882360,     0.000035,
  1945.150,    -0.406548,    -1.311254,    -0.001072,
  1945.200,    -0.614715,    -1.804624,     0.002929,
  1945.250,    -0.974880,    -2.333195,    -0.000302,
  1945.300,    -1.427951,    -2.871604,    -0.001392,
  1945.350,    -1.950112,    -3.408072,     0.002095,
  1945.400,    -2.483906,    -3.910700,    -0.000099,
  1945.450,    -3.020474,    -4.398904,     0.001233,
  1945.500,    -3.556387,    -4.870831,     0.003947,
  1945.550,    -4.060611,    -5.334812,    -0.002792,
  1945.600,    -4.544820,    -5.778537,    -0.006234,
  1945.650,    -5.017209,    -6.200770,    -0.002842,
  1945.700,    -5.476624,    -6.593510,    -0.002114,
  1945.750,    -5.918084,    -6.952845,     0.001501,
  1945.800,    -6.336921,    -7.268404,     0.004225,
  1945.850,    -6.717536,    -7.561370,     0.002634,
  1945.900,    -7.072574,    -7.818853,    -0.005428,
  1945.950,    -7.378779,    -8.013249,    -0.004009,
  1946.000,    -7.660677,    -8.154508,     0.004383,
  1946.050,    -7.895710,    -8.266326,    -0.003489,
  1946.100,    -8.092646,    -8.326813,    -0.009159,
  1946.150,    -8.231419,    -8.312044,    -0.001382,
  1946.200,    -8.313331,    -8.144821,    -0.001063,
  1946.250,    -8.344670,    -7.787306,     0.003734,
  1946.300,    -8.254015,    -7.176075,     0.009442,
  1946.350,    -7.997647,    -6.319107,    -0.000816,
  1946.400,    -7.537757,    -5.231080,    -0.013057,
  1946.450,    -6.848697,    -3.965680,    -0.001398,
  1946.500,    -5.917969,    -2.623344,    -0.005668,
  1946.550,    -4.761049,    -1.349705,    -0.004522,
  1946.600,    -3.486790,    -0.282961,     0.003200,
  1946.650,    -2.197464,     0.445609,     0.008925,
  1946.700,    -1.001099,     0.800150,    -0.000609,
  1946.750,    -0.053836,     0.751369,     0.003577,
  1946.800,     0.557421,     0.349913,    -0.002303,
  1946.850,     0.778492,    -0.307448,    -0.001397,
  1946.900,     0.622790,    -1.163923,     0.000859,
  1946.950,     0.151300,    -2.137103,    -0.000150,
  1947.000,    -0.582713,    -3.159902,     0.006177,
  1947.050,    -1.468875,    -4.210898,     0.002136,
  1947.100,    -2.462102,    -5.248005,     0.005102,
  1947.150,    -3.511427,    -6.290586,     0.007662,
  1947.200,    -4.561149,    -7.348033,     0.004014,
  1947.250,    -5.614819,    -8.424787,    -0.000384,
  1947.300,    -6.670031,    -9.540270,    -0.004499,
  1947.350,    -7.748593,   -10.657600,    -0.000531,
  1947.400,    -8.829552,   -11.773906,     0.001335,
  1947.450,    -9.930137,   -12.817704,     0.002668,
  1947.500,   -11.050454,   -13.782025,     0.003090,
  1947.550,   -12.136595,   -14.561957,     0.005635,
  1947.600,   -13.135521,   -15.128984,     0.007517,
  1947.650,   -14.014076,   -15.443009,    -0.000769,
  1947.700,   -14.713773,   -15.492899,     0.006279,
  1947.750,   -15.186667,   -15.266892,     0.006016,
  1947.800,   -15.417384,   -14.814370,     0.006206,
  1947.850,   -15.374872,   -14.150226,     0.006075,
  1947.900,   -15.072566,   -13.358771,     0.000664,
  1947.950,   -14.550266,   -12.507735,     0.002156,
  1948.000,   -13.863640,   -11.610206,     0.009004,
  1948.050,   -13.046643,   -10.712584,     0.002729,
  1948.100,   -12.167795,    -9.866444,     0.002978,
  1948.150,   -11.282450,    -9.081374,     0.004450,
  1948.200,   -10.397942,    -8.383789,    -0.000406,
  1948.250,    -9.578918,    -7.735027,    -0.002559,
  1948.300,    -8.820017,    -7.107166,    -0.005314,
  1948.350,    -8.131541,    -6.486788,    -0.004268,
  1948.400,    -7.467639,    -5.867287,    -0.006585,
  1948.450,    -6.860226,    -5.233576,     0.000309,
  1948.500,    -6.243584,    -4.615846,    -0.002066,
  1948.550,    -5.611375,    -4.041419,     0.007504,
  1948.600,    -5.000813,    -3.540979,     0.002889,
  1948.650,    -4.397713,    -3.154502,     0.004267,
  1948.700,    -3.856075,    -2.873739,    -0.004472,
  1948.750,    -3.396447,    -2.701115,    -0.000167,
  1948.800,    -3.035004,    -2.559451,    -0.003943,
  1948.850,    -2.795158,    -2.439160,    -0.003009,
  1948.900,    -2.625072,    -2.288179,    -0.001267,
  1948.950,    -2.500929,    -2.084614,     0.001366,
  1949.000,    -2.358775,    -1.837006,    -0.003960,
  1949.050,    -2.199642,    -1.506385,     0.004307,
  1949.100,    -1.976778,    -1.091267,    -0.000145,
  1949.150,    -1.694371,    -0.633644,    -0.001984,
  1949.200,    -1.338410,    -0.085279,    -0.000917,
  1949.250,    -0.921136,     0.495735,    -0.000358,
  1949.300,    -0.429651,     1.094817,    -0.000243,
  1949.350,     0.111155,     1.697672,     0.000147,
  1949.400,     0.701506,     2.274198,    -0.002060,
  1949.450,     1.296952,     2.795144,    -0.004733,
  1949.500,     1.890285,     3.220812,    -0.006615,
  1949.550,     2.447981,     3.523511,    -0.001704,
  1949.600,     2.938975,     3.738946,     0.000372,
  1949.650,     3.331394,     3.915300,     0.004303,
  1949.700,     3.611591,     4.066174,     0.001925,
  1949.750,     3.829166,     4.211258,    -0.002936,
  1949.800,     3.998823,     4.354320,     0.003567,
  1949.850,     4.153901,     4.480529,    -0.006390,
  1949.900,     4.286970,     4.564451,    -0.001459,
  1949.950,     4.422897,     4.614442,    -0.011775,
  1950.000,     4.532649,     4.628917,    -0.005954,
  1950.050,     4.610409,     4.586441,    -0.002979,
  1950.100,     4.658657,     4.520128,    -0.004390,
  1950.150,     4.654694,     4.466656,     0.002111,
  1950.200,     4.612947,     4.478951,     0.004327,
  1950.250,     4.550199,     4.564047,     0.002768,
  1950.300,     4.535064,     4.697706,    -0.002659,
  1950.350,     4.565211,     4.843239,    -0.006126,
  1950.400,     4.660943,     4.940485,     0.000759,
  1950.450,     4.791099,     4.976647,     0.005289,
  1950.500,     4.911658,     4.894885,     0.005912,
  1950.550,     4.993208,     4.740699,     0.000628,
  1950.600,     4.980630,     4.545640,    -0.001407,
  1950.650,     4.885300,     4.351844,     0.001834,
  1950.700,     4.721959,     4.212788,    -0.000252,
  1950.750,     4.530388,     4.148007,    -0.003304,
  1950.800,     4.364572,     4.150862,     0.003440,
  1950.850,     4.251474,     4.191547,     0.001262,
  1950.900,     4.196338,     4.249748,     0.004224,
  1950.950,     4.202470,     4.326049,    -0.006326,
  1951.000,     4.247883,     4.420047,    -0.006493,
  1951.050,     4.314896,     4.540286,     0.004543,
  1951.100,     4.393059,     4.699967,     0.004117,
  1951.150,     4.496254,     4.850007,     0.001147,
  1951.200,     4.630674,     4.986551,     0.003951,
  1951.250,     4.756558,     5.066053,     0.002440,
  1951.300,     4.895873,     5.095937,     0.002814,
  1951.350,     5.004567,     5.118353,     0.001214,
  1951.400,     5.071719,     5.129599,     0.000379,
  1951.450,     5.110770,     5.132747,    -0.004025,
  1951.500,     5.129674,     5.131503,    -0.005098,
  1951.550,     5.133346,     5.105164,     0.000625,
  1951.600,     5.129935,     5.027931,     0.002036,
  1951.650,     5.111976,     4.849807,     0.004519,
  1951.700,     5.049083,     4.588888,     0.000116,
  1951.750,     4.932533,     4.234669,    -0.001650,
  1951.800,     4.726721,     3.807678,    -0.009242,
  1951.850,     4.442985,     3.387759,     0.004109,
  1951.900,     4.070403,     2.991307,     0.004185,
  1951.950,     3.661673,     2.642130,    -0.008251,
  1952.000,     3.245564,     2.332971,    -0.005307,
  1952.050,     2.862784,     2.140029,     0.001843,
  1952.100,     2.533059,     2.063229,     0.008274,
  1952.150,     2.273978,     2.084335,     0.004432,
  1952.200,     2.108714,     2.206247,     0.002482,
  1952.250,     2.070473,     2.354421,    -0.007161,
  1952.300,     2.120054,     2.513649,    -0.005335,
  1952.350,     2.237153,     2.631543,    -0.001146,
  1952.400,     2.393410,     2.701799,    -0.001872,
  1952.450,     2.548194,     2.726561,    -0.004946,
  1952.500,     2.658512,     2.735901,     0.002384,
  1952.550,     2.715193,     2.749190,    -0.005612,
  1952.600,     2.745222,     2.790493,    -0.001661,
  1952.650,     2.771370,     2.846641,    -0.012237,
  1952.700,     2.789564,     2.914276,    -0.006366,
  1952.750,     2.839084,     2.976516,     0.001326,
  1952.800,     2.883311,     2.998640,    -0.002437,
  1952.850,     2.955560,     2.956555,    -0.000035,
  1952.900,     2.989423,     2.853574,    -0.003705,
  1952.950,     2.987753,     2.673029,    -0.003359,
  1953.000,     2.940901,     2.457639,     0.004085,
  1953.050,     2.816370,     2.226739,    -0.002881,
  1953.100,     2.635808,     2.003925,     0.001826,
  1953.150,     2.426878,     1.810945,     0.001965,
  1953.200,     2.196263,     1.650556,    -0.000741,
  1953.250,     1.986437,     1.507021,     0.001199,
  1953.300,     1.808904,     1.342716,     0.000290,
  1953.350,     1.642793,     1.149728,     0.000852,
  1953.400,     1.484206,     0.915318,     0.005747,
  1953.450,     1.300672,     0.624948,    -0.003093,
  1953.500,     1.095563,     0.272315,    -0.001757,
  1953.550,     0.834127,    -0.126691,     0.004419,
  1953.600,     0.519888,    -0.521182,    -0.003395,
  1953.650,     0.156325,    -0.909000,     0.000883,
  1953.700,    -0.243255,    -1.236402,    -0.006033,
  1953.750,    -0.628926,    -1.481899,     0.001609,
  1953.800,    -1.000978,    -1.636594,     0.001606,
  1953.850,    -1.299478,    -1.719885,    -0.000547,
  1953.900,    -1.518345,    -1.724624,     0.006018,
  1953.950,    -1.652935,    -1.657090,    -0.003185,
  1954.000,    -1.716773,    -1.497086,    -0.000589,
  1954.050,    -1.698589,    -1.233725,    -0.002026,
  1954.100,    -1.602626,    -0.873961,     0.000841,
  1954.150,    -1.401831,    -0.456397,     0.002066,
  1954.200,    -1.106931,     0.011641,     0.003591,
  1954.250,    -0.728913,     0.511312,    -0.002123,
  1954.300,    -0.309524,     0.998852,     0.005023,
  1954.350,     0.176258,     1.442347,     0.000183,
  1954.400,     0.671448,     1.804790,     0.004419,
  1954.450,     1.142870,     2.011173,    -0.004510,
  1954.500,     1.539436,     2.102575,     0.001308,
  1954.550,     1.846655,     2.090565,    -0.004358,
  1954.600,     2.022262,     1.976324,     0.008484,
  1954.650,     2.082989,     1.809699,     0.000527,
  1954.700,     2.040751,     1.585188,     0.000250,
  1954.750,     1.911262,     1.360147,     0.000978,
  1954.800,     1.720886,     1.161956,    -0.004940,
  1954.850,     1.505215,     1.019745,    -0.007363,
  1954.900,     1.295607,     0.983945,    -0.004228,
  1954.950,     1.124640,     1.021881,    -0.001552,
  1955.000,     1.019073,     1.113430,    -0.000249,
  1955.050,     1.007199,     1.215904,     0.001673,
  1955.100,     1.052894,     1.307984,     0.000658,
  1955.150,     1.145822,     1.357838,    -0.003924,
  1955.200,     1.242989,     1.332628,     0.006605,
  1955.250,     1.305427,     1.235544,    -0.002158,
  1955.300,     1.343878,     1.032547,     0.000347,
  1955.350,     1.287974,     0.744419,    -0.003696,
  1955.400,     1.140699,     0.407757,    -0.003060,
  1955.450,     0.925724,     0.064524,    -0.005819,
  1955.500,     0.631928,    -0.257958,    -0.004860,
  1955.550,     0.288379,    -0.528061,    -0.005203,
  1955.600,    -0.048433,    -0.740291,     0.001934,
  1955.650,    -0.336601,    -0.891773,     0.002282,
  1955.700,    -0.586729,    -0.975306,    -0.001036,
  1955.750,    -0.785661,    -1.008435,     0.003760,
  1955.800,    -0.916187,    -1.000022,     0.009409,
  1955.850,    -0.978863,    -0.974768,     0.002735,
  1955.900,    -0.984848,    -0.946275,    -0.001680,
  1955.950,    -0.973938,    -0.889138,     0.012473,
  1956.000,    -0.929937,    -0.820058,     0.006402,
  1956.050,    -0.893335,    -0.740475,    -0.000820,
  1956.100,    -0.825040,    -0.647424,     0.001765,
  1956.150,    -0.742346,    -0.544176,     0.003586,
  1956.200,    -0.657031,    -0.437062,     0.000759,
  1956.250,    -0.559974,    -0.341063,    -0.004911,
  1956.300,    -0.455570,    -0.298575,    -0.000674,
  1956.350,    -0.351916,    -0.286890,    -0.001287,
  1956.400,    -0.270213,    -0.335933,     0.004541,
  1956.450,    -0.230815,    -0.430454,     0.003097,
  1956.500,    -0.252500,    -0.586417,    -0.007618,
  1956.550,    -0.319214,    -0.755147,     0.004880,
  1956.600,    -0.428101,    -0.942775,    -0.000370,
  1956.650,    -0.598478,    -1.149986,    -0.000238,
  1956.700,    -0.767553,    -1.347485,    -0.003021,
  1956.750,    -0.970846,    -1.573443,    -0.007220,
  1956.800,    -1.189107,    -1.793344,    -0.007852,
  1956.850,    -1.407056,    -2.046592,    -0.004522,
  1956.900,    -1.623641,    -2.321918,    -0.000503,
  1956.950,    -1.867177,    -2.622277,     0.001728,
  1957.000,    -2.142830,    -2.955993,     0.005267,
  1957.050,    -2.427973,    -3.299398,     0.002378,
  1957.100,    -2.746418,    -3.610123,     0.004345,
  1957.150,    -3.073382,    -3.840610,     0.000297,
  1957.200,    -3.399444,    -3.944651,    -0.001011,
  1957.250,    -3.692050,    -3.946240,    -0.004368,
  1957.300,    -3.878537,    -3.837574,     0.001943,
  1957.350,    -3.946459,    -3.649426,     0.004839,
  1957.400,    -3.916153,    -3.406660,    -0.004511,
  1957.450,    -3.786759,    -3.133433,    -0.002967,
  1957.500,    -3.581820,    -2.860796,    -0.009531,
  1957.550,    -3.327002,    -2.591472,    -0.002288,
  1957.600,    -3.053714,    -2.335721,    -0.002766,
  1957.650,    -2.789818,    -2.054507,    -0.005422,
  1957.700,    -2.518241,    -1.741038,    -0.001813,
  1957.750,    -2.248289,    -1.377606,     0.003556,
  1957.800,    -1.955901,    -0.946335,     0.000892,
  1957.850,    -1.620176,    -0.439323,    -0.004352,
  1957.900,    -1.220484,     0.081751,    -0.005964,
  1957.950,    -0.766747,     0.566680,    -0.000626,
  1958.000,    -0.275409,     0.954988,     0.006930,
  1958.050,     0.225402,     1.187994,    -0.005620,
  1958.100,     0.676630,     1.239311,    -0.000862,
  1958.150,     0.990561,     1.154703,     0.000607,
  1958.200,     1.162657,     0.967305,    -0.006270,
  1958.250,     1.186927,     0.754841,     0.000756,
  1958.300,     1.075104,     0.585220,    -0.000628,
  1958.350,     0.893040,     0.414077,     0.002981,
  1958.400,     0.703377,     0.243463,    -0.000857,
  1958.450,     0.521982,     0.069959,     0.001981,
  1958.500,     0.348181,    -0.141942,    -0.001012,
  1958.550,     0.174311,    -0.345191,     0.004793,
  1958.600,    -0.013003,    -0.531119,     0.006118,
  1958.650,    -0.208072,    -0.662195,    -0.001111,
  1958.700,    -0.406562,    -0.751033,    -0.002286,
  1958.750,    -0.568053,    -0.759783,    -0.008157,
  1958.800,    -0.682081,    -0.732222,     0.003728,
  1958.850,    -0.738204,    -0.659608,    -0.002915,
  1958.900,    -0.735861,    -0.555452,     0.003407,
  1958.950,    -0.681746,    -0.444465,    -0.001419,
  1959.000,    -0.604284,    -0.295063,    -0.004054,
  1959.050,    -0.501360,    -0.127714,     0.003825,
  1959.100,    -0.368531,     0.078177,    -0.006477,
  1959.150,    -0.207646,     0.293248,    -0.002695,
  1959.200,    -0.028102,     0.515393,     0.005048,
  1959.250,     0.176708,     0.749013,    -0.004952,
  1959.300,     0.410256,     0.935609,    -0.000322,
  1959.350,     0.632133,     1.104126,    -0.000902,
  1959.400,     0.844437,     1.215110,    -0.001373,
  1959.450,     1.034656,     1.233923,     0.002458,
  1959.500,     1.175982,     1.209128,     0.005450,
  1959.550,     1.264100,     1.161710,    -0.000588,
  1959.600,     1.265231,     1.114286,    -0.004110,
  1959.650,     1.247528,     1.073525,    -0.004720,
  1959.700,     1.206172,     0.984280,    -0.000094,
  1959.750,     1.151419,     0.858412,     0.005359,
  1959.800,     1.085748,     0.667409,    -0.005571,
  1959.850,     0.997157,     0.461098,    -0.000376,
  1959.900,     0.840414,     0.321644,     0.007448,
  1959.950,     0.661488,     0.287800,    -0.008759,
  1960.000,     0.492392,     0.390556,    -0.004413,
  1960.050,     0.395466,     0.666969,     0.003108,
  1960.100,     0.410694,     1.082495,    -0.005060,
  1960.150,     0.570932,     1.629769,     0.004765,
  1960.200,     0.878957,     2.320697,    -0.000556,
  1960.250,     1.343001,     3.128526,     0.006376,
  1960.300,     1.943502,     3.997210,     0.004005,
  1960.350,     2.668893,     4.931836,     0.007961,
  1960.400,     3.490247,     5.925814,    -0.000172,
  1960.450,     4.386444,     6.959503,    -0.000433,
  1960.500,     5.347873,     8.042797,    -0.001279,
  1960.550,     6.350046,     9.099784,    -0.005796,
  1960.600,     7.404548,    10.071365,    -0.000178,
  1960.650,     8.449207,    10.899085,    -0.001851,
  1960.700,     9.465212,    11.530154,    -0.010019,
  1960.750,    10.369620,    11.921652,     0.000712,
  1960.800,    11.127122,    12.078126,     0.002954,
  1960.850,    11.653167,    12.024692,    -0.008359,
  1960.900,    11.970057,    11.816337,    -0.004119,
  1960.950,    12.047464,    11.474868,    -0.002331,
  1961.000,    11.943597,    11.107161,     0.002129,
  1961.050,    11.697069,    10.702627,    -0.001920,
  1961.100,    11.343700,    10.350440,    -0.001692,
  1961.150,    10.956730,    10.034481,    -0.002085,
  1961.200,    10.566346,     9.768287,     0.007267,
  1961.250,    10.205491,     9.599820,     0.005985,
  1961.300,     9.913254,     9.475735,     0.004827,
  1961.350,     9.682646,     9.411440,     0.001002,
  1961.400,     9.512512,     9.353841,     0.004261,
  1961.450,     9.416229,     9.291885,     0.001196,
  1961.500,     9.340484,     9.219762,    -0.001735,
  1961.550,     9.285960,     9.091955,    -0.007064,
  1961.600,     9.230186,     8.892672,    -0.003517,
  1961.650,     9.138696,     8.572895,     0.002078,
  1961.700,     8.977251,     8.150276,     0.000609,
  1961.750,     8.738016,     7.621042,    -0.004534,
  1961.800,     8.378761,     7.003192,    -0.007301,
  1961.850,     7.927133,     6.338733,    -0.003477,
  1961.900,     7.371114,     5.619732,     0.005002,
  1961.950,     6.746650,     4.889630,    -0.005422,
  1962.000,     6.064971,     4.158632,    -0.005369,
  1962.050,     5.345531,     3.445313,     0.005596,
  1962.100,     4.621401,     2.770177,    -0.001729,
  1962.150,     3.894623,     2.131521,    -0.002985,
  1962.200,     3.205615,     1.523211,    -0.001637,
  1962.250,     2.529441,     0.921609,     0.000543,
  1962.300,     1.908508,     0.336351,     0.004954,
  1962.350,     1.291586,    -0.268241,    -0.007204,
  1962.400,     0.704935,    -0.874175,    -0.000430,
  1962.450,     0.103274,    -1.485675,     0.005105,
  1962.500,    -0.487180,    -2.081799,    -0.005943,
  1962.550,    -1.097977,    -2.686622,    -0.002865,
  1962.600,    -1.707421,    -3.286817,     0.004935,
  1962.650,    -2.302879,    -3.857399,    -0.004992,
  1962.700,    -2.899277,    -4.417787,     0.001345,
  1962.750,    -3.480478,    -4.958532,     0.001217,
  1962.800,    -4.048830,    -5.490070,    -0.002066,
  1962.850,    -4.608050,    -5.972832,     0.005745,
  1962.900,    -5.144876,    -6.362010,     0.009722,
  1962.950,    -5.661419,    -6.617054,     0.000163,
  1963.000,    -6.109339,    -6.757068,     0.001998,
  1963.050,    -6.435584,    -6.733758,     0.002516,
  1963.100,    -6.660557,    -6.575155,     0.002534,
  1963.150,    -6.738785,    -6.286999,     0.002151,
  1963.200,    -6.672363,    -5.888014,     0.000511,
  1963.250,    -6.467865,    -5.408382,     0.003743,
  1963.300,    -6.152028,    -4.914593,     0.008779,
  1963.350,    -5.738020,    -4.421315,     0.004887,
  1963.400,    -5.255212,    -4.011775,     0.003377,
  1963.450,    -4.765517,    -3.718452,     0.000016,
  1963.500,    -4.315402,    -3.512440,     0.003433,
  1963.550,    -3.940003,    -3.411756,    -0.003490,
  1963.600,    -3.676492,    -3.377614,     0.001543,
  1963.650,    -3.501187,    -3.396318,     0.002643,
  1963.700,    -3.418119,    -3.483995,     0.002379,
  1963.750,    -3.392319,    -3.626722,    -0.000574,
  1963.800,    -3.450280,    -3.840945,     0.006769,
  1963.850,    -3.556000,    -4.126036,     0.002887,
  1963.900,    -3.734811,    -4.499599,    -0.003818,
  1963.950,    -3.966571,    -4.908192,     0.003796,
  1964.000,    -4.283978,    -5.311760,     0.002126,
  1964.050,    -4.650427,    -5.676534,    -0.001337,
  1964.100,    -5.038805,    -5.989572,    -0.001245,
  1964.150,    -5.430865,    -6.238257,     0.001121,
  1964.200,    -5.764800,    -6.427650,    -0.006942,
  1964.250,    -6.061554,    -6.547824,     0.001116,
  1964.300,    -6.284271,    -6.628271,     0.002983,
  1964.350,    -6.438550,    -6.668959,     0.000370,
  1964.400,    -6.558251,    -6.718499,    -0.002467,
  1964.450,    -6.621324,    -6.767840,     0.005565,
  1964.500,    -6.662707,    -6.827014,    -0.002717,
  1964.550,    -6.709099,    -6.833337,    -0.003042,
  1964.600,    -6.747551,    -6.774841,     0.003978,
  1964.650,    -6.772812,    -6.637863,     0.000655,
  1964.700,    -6.764467,    -6.418292,    -0.003802,
  1964.750,    -6.672654,    -6.108200,    -0.005586,
  1964.800,    -6.521857,    -5.711105,     0.005593,
  1964.850,    -6.266411,    -5.246694,    -0.005763,
  1964.900,    -5.934578,    -4.762133,     0.002336,
  1964.950,    -5.528633,    -4.269902,    -0.003522,
  1965.000,    -5.065842,    -3.811217,     0.001084,
  1965.050,    -4.572918,    -3.407962,     0.001631,
  1965.100,    -4.107599,    -3.059856,     0.004732,
  1965.150,    -3.671236,    -2.824962,     0.003330,
  1965.200,    -3.291917,    -2.682019,     0.004972,
  1965.250,    -2.987595,    -2.656528,     0.004374,
  1965.300,    -2.798527,    -2.700818,    -0.005101,
  1965.350,    -2.690075,    -2.814042,     0.003211,
  1965.400,    -2.694006,    -2.942469,     0.008883,
  1965.450,    -2.750528,    -3.088825,    -0.002523,
  1965.500,    -2.874759,    -3.207479,    -0.002304,
  1965.550,    -2.998987,    -3.292730,     0.002461,
  1965.600,    -3.142557,    -3.380401,    -0.004368,
  1965.650,    -3.248902,    -3.478534,     0.000755,
  1965.700,    -3.341657,    -3.643661,    -0.004501,
  1965.750,    -3.449593,    -3.806765,     0.000814,
  1965.800,    -3.563254,    -3.994826,     0.000062,
  1965.850,    -3.717352,    -4.155415,     0.006139,
  1965.900,    -3.889821,    -4.228640,     0.003342,
  1965.950,    -4.046300,    -4.225471,    -0.002741,
  1966.000,    -4.157352,    -4.142720,     0.006753,
  1966.050,    -4.211591,    -4.024305,    -0.001747,
  1966.100,    -4.176223,    -3.872346,     0.000865,
  1966.150,    -4.083803,    -3.733102,     0.003853,
  1966.200,    -3.955503,    -3.605125,     0.006325,
  1966.250,    -3.808202,    -3.457450,     0.006021,
  1966.300,    -3.653127,    -3.267918,     0.000563,
  1966.350,    -3.491707,    -3.062090,    -0.000559,
  1966.400,    -3.312421,    -2.849320,     0.001604,
  1966.450,    -3.124481,    -2.595887,    -0.002532,
  1966.500,    -2.913001,    -2.288107,     0.005480,
  1966.550,    -2.662596,    -1.945337,     0.007513,
  1966.600,    -2.389903,    -1.564575,    -0.008244,
  1966.650,    -2.060743,    -1.163627,     0.000677,
  1966.700,    -1.697448,    -0.766652,     0.001069,
  1966.750,    -1.299438,    -0.367940,     0.000831,
  1966.800,    -0.900605,     0.027118,     0.001194,
  1966.850,    -0.509734,     0.427756,     0.003754,
  1966.900,    -0.123930,     0.798567,    -0.000872,
  1966.950,     0.284636,     1.121627,    -0.005292,
  1967.000,     0.661874,     1.412212,    -0.001392,
  1967.050,     1.010425,     1.638359,     0.002257,
  1967.100,     1.320766,     1.808149,    -0.000498,
  1967.150,     1.580197,     1.947252,     0.001892,
  1967.200,     1.777782,     2.019527,    -0.001206,
  1967.250,     1.939222,     2.060316,     0.003616,
  1967.300,     2.039520,     2.013635,    -0.007070,
  1967.350,     2.085121,     1.916190,     0.000263,
  1967.400,     2.074064,     1.761591,    -0.000366,
  1967.450,     2.005936,     1.557661,     0.006247,
  1967.500,     1.885971,     1.312055,    -0.002006,
  1967.550,     1.695071,     1.009386,     0.006091,
  1967.600,     1.465693,     0.668513,    -0.008104,
  1967.650,     1.186238,     0.290841,    -0.003832,
  1967.700,     0.875518,    -0.114354,    -0.001185,
  1967.750,     0.498629,    -0.538669,    -0.009125,
  1967.800,     0.105861,    -0.942569,    -0.008053,
  1967.850,    -0.305922,    -1.307484,     0.006976,
  1967.900,    -0.731179,    -1.643301,     0.001796,
  1967.950,    -1.123719,    -1.981881,    -0.003812,
  1968.000,    -1.494128,    -2.337112,     0.004033,
  1968.050,    -1.833831,    -2.675652,     0.002787,
  1968.100,    -2.190848,    -2.974602,     0.007338,
  1968.150,    -2.509680,    -3.221981,     0.008258,
  1968.200,    -2.840266,    -3.402319,     0.005604,
  1968.250,    -3.116652,    -3.541952,    -0.000510,
  1968.300,    -3.357019,    -3.585906,    -0.000090,
  1968.350,    -3.507003,    -3.541061,    -0.001073,
  1968.400,    -3.598031,    -3.439050,    -0.000889,
  1968.450,    -3.627156,    -3.256735,     0.000516,
  1968.500,    -3.558075,    -3.032985,     0.000309,
  1968.550,    -3.411987,    -2.783340,     0.002251,
  1968.600,    -3.216739,    -2.545164,     0.001339,
  1968.650,    -2.979998,    -2.319933,     0.001133,
  1968.700,    -2.732646,    -2.138934,     0.003008,
  1968.750,    -2.477063,    -1.954167,    -0.002955,
  1968.800,    -2.270141,    -1.768697,     0.009037,
  1968.850,    -2.055638,    -1.559507,    -0.001032,
  1968.900,    -1.859725,    -1.344956,     0.002451,
  1968.950,    -1.670544,    -1.071429,     0.005596,
  1969.000,    -1.457119,    -0.777861,     0.000341,
  1969.050,    -1.204097,    -0.444297,    -0.000178,
  1969.100,    -0.919542,    -0.082035,     0.005549,
  1969.150,    -0.601326,     0.282848,     0.003389,
  1969.200,    -0.262481,     0.640196,     0.009445,
  1969.250,     0.094371,     0.993570,    -0.001592,
  1969.300,     0.459470,     1.335997,     0.002565,
  1969.350,     0.819087,     1.664001,    -0.002155,
  1969.400,     1.167090,     1.982639,    -0.002503,
  1969.450,     1.517059,     2.285827,    -0.000179,
  1969.500,     1.844095,     2.564912,     0.001831,
  1969.550,     2.151094,     2.840269,     0.001209,
  1969.600,     2.441971,     3.082720,     0.000835,
  1969.650,     2.740799,     3.296745,    -0.005194,
  1969.700,     2.999292,     3.460944,    -0.003438,
  1969.750,     3.217979,     3.609881,     0.001260,
  1969.800,     3.417730,     3.701267,     0.000814,
  1969.850,     3.578357,     3.770315,     0.001871,
  1969.900,     3.702997,     3.820491,     0.006139,
  1969.950,     3.796303,     3.891825,     0.001075,
  1970.000,     3.866626,     3.994094,    -0.005709,
  1970.050,     3.932452,     4.128114,    -0.001024,
  1970.100,     4.000206,     4.282648,    -0.001650,
  1970.150,     4.105531,     4.444045,    -0.008888,
  1970.200,     4.239854,     4.593115,     0.001320,
  1970.250,     4.381487,     4.726555,    -0.001597,
  1970.300,     4.532197,     4.838345,     0.006103,
  1970.350,     4.672918,     4.931366,    -0.000008,
  1970.400,     4.793286,     4.971243,     0.008419,
  1970.450,     4.888810,     4.945025,    -0.001972,
  1970.500,     4.954849,     4.856440,    -0.006341,
  1970.550,     4.965569,     4.695203,    -0.002933,
  1970.600,     4.908748,     4.473754,     0.001804,
  1970.650,     4.796328,     4.191796,     0.000423,
  1970.700,     4.607603,     3.848011,     0.001022,
  1970.750,     4.370831,     3.464935,    -0.002248,
  1970.800,     4.043530,     3.051310,     0.001841,
  1970.850,     3.682737,     2.627224,     0.004656,
  1970.900,     3.288271,     2.229444,    -0.006773,
  1970.950,     2.889466,     1.867411,     0.008876,
  1971.000,     2.473414,     1.526890,    -0.001023,
  1971.050,     2.069987,     1.210908,    -0.001388,
  1971.100,     1.718165,     0.915869,     0.002048,
  1971.150,     1.384333,     0.620165,     0.005033,
  1971.200,     1.064108,     0.349256,     0.000460,
  1971.250,     0.783411,     0.094139,    -0.003705,
  1971.300,     0.496550,    -0.146973,    -0.000369,
  1971.350,     0.214754,    -0.375017,     0.005555,
  1971.400,    -0.049980,    -0.565898,    -0.005228,
  1971.450,    -0.259210,    -0.755865,    -0.004456,
  1971.500,    -0.471373,    -0.948487,     0.004134,
  1971.550,    -0.677639,    -1.145306,     0.004573,
  1971.600,    -0.864795,    -1.315183,    -0.002924,
  1971.650,    -1.066373,    -1.469530,     0.000305,
  1971.700,    -1.238500,    -1.582397,    -0.000202,
  1971.750,    -1.399787,    -1.675930,    -0.007693,
  1971.800,    -1.535375,    -1.746995,     0.002030,
  1971.850,    -1.650199,    -1.785707,    -0.001145,
  1971.900,    -1.732482,    -1.806484,     0.008270,
  1971.950,    -1.790541,    -1.811335,     0.000037,
  1972.000,    -1.818156,    -1.857583,     0.001425,
  1972.050,    -1.826955,    -1.943963,    -0.004456,
  1972.100,    -1.858737,    -2.076026,     0.006529,
  1972.150,    -1.921064,    -2.238851,    -0.000610,
  1972.200,    -1.990335,    -2.421043,    -0.003437,
  1972.250,    -2.117677,    -2.591462,    -0.002435,
  1972.300,    -2.282669,    -2.784028,     0.001336,
  1972.350,    -2.462569,    -2.972370,    -0.001865,
  1972.400,    -2.645285,    -3.160163,    -0.001246,
  1972.450,    -2.832058,    -3.345772,     0.002863,
  1972.500,    -3.010692,    -3.495992,    -0.000221,
  1972.550,    -3.193904,    -3.592337,    -0.004611,
  1972.600,    -3.341377,    -3.612588,     0.000658,
  1972.650,    -3.462352,    -3.584785,     0.001153,
  1972.700,    -3.522502,    -3.499795,    -0.000212,
  1972.750,    -3.521596,    -3.394347,     0.006461,
  1972.800,    -3.472400,    -3.306087,    -0.000264,
  1972.850,    -3.377157,    -3.244721,    -0.000504,
  1972.900,    -3.283769,    -3.220011,     0.005993,
  1972.950,    -3.203399,    -3.237828,    -0.007147,
  1973.000,    -3.139016,    -3.322744,     0.003027,
  1973.050,    -3.132127,    -3.421038,     0.002489,
  1973.100,    -3.169970,    -3.540934,    -0.003143,
  1973.150,    -3.245488,    -3.593839,     0.004677,
  1973.200,    -3.348690,    -3.588037,     0.003442,
  1973.250,    -3.423899,    -3.460879,     0.004427,
  1973.300,    -3.462839,    -3.255039,    -0.001813,
  1973.350,    -3.418069,    -2.942025,    -0.009354,
  1973.400,    -3.282605,    -2.581038,     0.002346,
  1973.450,    -3.033274,    -2.177341,     0.001253,
  1973.500,    -2.721715,    -1.784494,    -0.000086,
  1973.550,    -2.355264,    -1.408120,     0.005061,
  1973.600,    -1.960872,    -1.064774,     0.003456,
  1973.650,    -1.577798,    -0.779306,    -0.004686,
  1973.700,    -1.225425,    -0.539865,     0.002157,
  1973.750,    -0.907408,    -0.324618,     0.002786,
  1973.800,    -0.636438,    -0.152505,    -0.001146,
  1973.850,    -0.422600,     0.017055,    -0.002133,
  1973.900,    -0.215052,     0.192205,     0.001686,
  1973.950,    -0.049801,     0.362096,     0.003284,
  1974.000,     0.105387,     0.540421,     0.002422,
  1974.050,     0.264986,     0.746187,    -0.001626,
  1974.100,     0.435758,     1.008469,    -0.002047,
  1974.150,     0.615677,     1.298765,    -0.000993,
  1974.200,     0.835101,     1.578041,    -0.004194,
  1974.250,     1.081523,     1.878590,     0.004623,
  1974.300,     1.354741,     2.144531,     0.009620,
  1974.350,     1.639970,     2.390959,    -0.001068,
  1974.400,     1.914060,     2.616732,    -0.000345,
  1974.450,     2.167669,     2.832632,     0.001478,
  1974.500,     2.416086,     3.002218,    -0.000136,
  1974.550,     2.625282,     3.122195,    -0.006825,
  1974.600,     2.816971,     3.160146,     0.004048,
  1974.650,     2.974355,     3.136041,    -0.000343,
  1974.700,     3.061873,     3.017478,     0.008068,
  1974.750,     3.070188,     2.811310,     0.000490,
  1974.800,     3.008229,     2.544101,     0.003392,
  1974.850,     2.861321,     2.188215,     0.003404,
  1974.900,     2.635810,     1.831389,    -0.003015,
  1974.950,     2.339472,     1.448241,     0.000354,
  1975.000,     1.989515,     1.043571,    -0.001294,
  1975.050,     1.626649,     0.671180,     0.001990,
  1975.100,     1.240495,     0.315153,    -0.002994,
  1975.150,     0.870579,     0.037836,    -0.001953,
  1975.200,     0.512083,    -0.222128,     0.000293,
  1975.250,     0.186472,    -0.412261,     0.000804,
  1975.300,    -0.093757,    -0.545814,    -0.003487,
  1975.350,    -0.304540,    -0.651521,     0.011254,
  1975.400,    -0.470161,    -0.687894,     0.002998,
  1975.450,    -0.593266,    -0.673207,     0.001816,
  1975.500,    -0.646055,    -0.622920,    -0.001576,
  1975.550,    -0.671272,    -0.576434,     0.004686,
  1975.600,    -0.643812,    -0.519870,    -0.002373,
  1975.650,    -0.587597,    -0.480721,     0.009632,
  1975.700,    -0.526758,    -0.432139,    -0.002823,
  1975.750,    -0.474593,    -0.398093,    -0.003806,
  1975.800,    -0.432281,    -0.386552,    -0.004185,
  1975.850,    -0.377877,    -0.377881,     0.001589,
  1975.900,    -0.360049,    -0.342893,    -0.003473,
  1975.950,    -0.339058,    -0.279483,     0.006851,
  1976.000,    -0.321281,    -0.163631,     0.000841,
  1976.050,    -0.278620,     0.041538,    -0.003154,
  1976.100,    -0.183587,     0.307765,    -0.006256,
  1976.150,    -0.039634,     0.623255,     0.005508,
  1976.200,     0.182319,     0.945917,    -0.003479,
  1976.250,     0.460325,     1.241597,     0.000683,
  1976.300,     0.770219,     1.524327,    -0.004219,
  1976.350,     1.078391,     1.713694,     0.005090,
  1976.400,     1.373127,     1.880026,     0.001835,
  1976.450,     1.623513,     1.989553,    -0.002856,
  1976.500,     1.822306,     2.066437,    -0.002422,
  1976.550,     1.965687,     2.114836,     0.000825,
  1976.600,     2.063686,     2.162374,    -0.000075,
  1976.650,     2.118964,     2.201018,    -0.001278,
  1976.700,     2.156955,     2.226449,     0.002616,
  1976.750,     2.194476,     2.244622,     0.003617,
  1976.800,     2.230100,     2.269623,    -0.001482,
  1976.850,     2.256927,     2.285356,    -0.005498,
  1976.900,     2.285132,     2.265259,     0.001180,
  1976.950,     2.295467,     2.232332,     0.006694,
  1977.000,     2.292116,     2.217153,    -0.006480,
  1977.050,     2.294426,     2.215784,     0.003337,
  1977.100,     2.267818,     2.234477,    -0.000038,
  1977.150,     2.248099,     2.309164,    -0.007062,
  1977.200,     2.260740,     2.408048,     0.000844,
  1977.250,     2.310978,     2.538428,    -0.000804,
  1977.300,     2.378508,     2.682447,     0.002197,
  1977.350,     2.487662,     2.844081,     0.001120,
  1977.400,     2.626143,     3.023710,    -0.003057,
  1977.450,     2.777602,     3.201379,     0.003129,
  1977.500,     2.940604,     3.379518,     0.004246,
  1977.550,     3.113216,     3.552583,    -0.003572,
  1977.600,     3.287275,     3.743658,    -0.001182,
  1977.650,     3.478549,     3.944007,    -0.000442,
  1977.700,     3.658120,     4.142738,     0.011041,
  1977.750,     3.844681,     4.347855,     0.003527,
  1977.800,     4.036579,     4.512191,     0.001065,
  1977.850,     4.236384,     4.660644,     0.000318,
  1977.900,     4.424077,     4.766659,    -0.004641,
  1977.950,     4.589777,     4.797918,    -0.000308,
  1978.000,     4.699638,     4.743122,    -0.004143,
  1978.050,     4.789770,     4.573593,     0.004920,
  1978.100,     4.773751,     4.309792,    -0.003563,
  1978.150,     4.673366,     3.961951,     0.003795,
  1978.200,     4.471058,     3.566717,    -0.005080,
  1978.250,     4.188144,     3.179689,    -0.000185,
  1978.300,     3.830780,     2.817228,    -0.004419,
  1978.350,     3.436908,     2.484266,     0.002774,
  1978.400,     3.064756,     2.208076,     0.001183,
  1978.450,     2.708460,     1.990830,    -0.001261,
  1978.500,     2.391906,     1.821933,     0.002443,
  1978.550,     2.134100,     1.723506,     0.001551,
  1978.600,     1.933534,     1.678569,    -0.007672,
  1978.650,     1.791050,     1.685271,     0.004172,
  1978.700,     1.702644,     1.702323,    -0.002918,
  1978.750,     1.671657,     1.724047,    -0.010510,
  1978.800,     1.675268,     1.750379,     0.003273,
  1978.850,     1.694436,     1.752854,    -0.001786,
  1978.900,     1.725727,     1.745578,    -0.000151,
  1978.950,     1.739754,     1.717601,    -0.001762,
  1979.000,     1.741976,     1.666467,    -0.001138,
  1979.050,     1.724757,     1.583009,     0.004133,
  1979.100,     1.691285,     1.484356,    -0.004627,
  1979.150,     1.633039,     1.355947,     0.003492,
  1979.200,     1.542695,     1.216598,    -0.002382,
  1979.250,     1.431571,     1.057551,     0.002051,
  1979.300,     1.307896,     0.877834,     0.000935,
  1979.350,     1.155056,     0.707009,    -0.000561,
  1979.400,     0.999632,     0.493456,     0.001446,
  1979.450,     0.818208,     0.255234,    -0.003324,
  1979.500,     0.623272,     0.034930,     0.000260,
  1979.550,     0.411375,    -0.198808,    -0.005966,
  1979.600,     0.181475,    -0.404304,    -0.008061,
  1979.650,    -0.047526,    -0.593739,     0.000159,
  1979.700,    -0.257070,    -0.756649,    -0.001692,
  1979.750,    -0.459598,    -0.955450,     0.003650,
  1979.800,    -0.644727,    -1.164106,     0.003981,
  1979.850,    -0.837432,    -1.425529,    -0.002272,
  1979.900,    -1.023857,    -1.752300,    -0.002295,
  1979.950,    -1.260133,    -2.126128,    -0.000653,
  1980.000,    -1.544043,    -2.566942,    -0.000883,
  1980.050,    -1.879421,    -3.031475,     0.002998,
  1980.100,    -2.279243,    -3.510771,     0.001691,
  1980.150,    -2.727248,    -3.954434,     0.003041,
  1980.200,    -3.188100,    -4.358753,    -0.005217,
  1980.250,    -3.645882,    -4.713876,     0.006152,
  1980.300,    -4.083763,    -4.979993,     0.002673,
  1980.350,    -4.485095,    -5.156843,     0.001296,
  1980.400,    -4.808345,    -5.238650,    -0.005568,
  1980.450,    -5.033334,    -5.224069,     0.005090,
  1980.500,    -5.192401,    -5.154208,    -0.001507,
  1980.550,    -5.248319,    -5.036505,    -0.005907,
  1980.600,    -5.215688,    -4.923804,     0.004547,
  1980.650,    -5.140989,    -4.850605,    -0.002124,
  1980.700,    -5.022751,    -4.808479,    -0.001169,
  1980.750,    -4.935226,    -4.830254,    -0.008199,
  1980.800,    -4.864894,    -4.874715,     0.004084,
  1980.850,    -4.848075,    -4.944284,     0.000288,
  1980.900,    -4.874843,    -5.036030,     0.001084,
  1980.950,    -4.920468,    -5.113212,     0.000108,
  1981.000,    -5.003859,    -5.200093,    -0.002398,
  1981.050,    -5.092494,    -5.237871,     0.008696,
  1981.100,    -5.168484,    -5.245880,    -0.003571,
  1981.150,    -5.225559,    -5.243021,    -0.002154,
  1981.200,    -5.260149,    -5.224399,    -0.001500,
  1981.250,    -5.269852,    -5.175352,     0.002792,
  1981.300,    -5.249940,    -5.132353,     0.006928,
  1981.350,    -5.223309,    -5.074877,    -0.002365,
  1981.400,    -5.176680,    -4.981361,     0.011496,
  1981.450,    -5.120666,    -4.891259,    -0.007506,
  1981.500,    -5.044766,    -4.768739,     0.000210,
  1981.550,    -4.950044,    -4.663765,     0.005654,
  1981.600,    -4.843004,    -4.560579,     0.001799,
  1981.650,    -4.745948,    -4.480150,    -0.003721,
  1981.700,    -4.629262,    -4.417873,    -0.000930,
  1981.750,    -4.534581,    -4.362450,    -0.009265,
  1981.800,    -4.448694,    -4.314157,     0.010391,
  1981.850,    -4.391427,    -4.255702,    -0.002109,
  1981.900,    -4.323810,    -4.170796,     0.001108,
  1981.950,    -4.259551,    -4.075446,     0.001551,
  1982.000,    -4.189886,    -3.973686,     0.000643,
  1982.050,    -4.112855,    -3.867104,     0.004888,
  1982.100,    -4.014321,    -3.729285,     0.004188,
  1982.150,    -3.909074,    -3.584884,    -0.004189,
  1982.200,    -3.784318,    -3.423300,     0.004443,
  1982.250,    -3.654546,    -3.208939,     0.003605,
  1982.300,    -3.492010,    -2.959415,     0.003911,
  1982.350,    -3.301673,    -2.685208,    -0.004921,
  1982.400,    -3.065215,    -2.400897,     0.003139,
  1982.450,    -2.826193,    -2.098566,    -0.001133,
  1982.500,    -2.541275,    -1.800721,     0.000099,
  1982.550,    -2.245183,    -1.514905,     0.000153,
  1982.600,    -1.949516,    -1.230017,     0.001665,
  1982.650,    -1.655890,    -0.907324,     0.000107,
  1982.700,    -1.350687,    -0.540237,    -0.005890,
  1982.750,    -1.048474,    -0.142979,    -0.001181,
  1982.800,    -0.703286,     0.337259,     0.007469,
  1982.850,    -0.326028,     0.860535,    -0.006141,
  1982.900,     0.108080,     1.417703,     0.000387,
  1982.950,     0.592642,     2.009944,     0.000949,
  1983.000,     1.125461,     2.639354,     0.002488,
  1983.050,     1.703461,     3.293194,    -0.002222,
  1983.100,     2.303556,     3.954585,     0.000390,
  1983.150,     2.946809,     4.582510,     0.003002,
  1983.200,     3.605855,     5.211993,     0.002168,
  1983.250,     4.258096,     5.782663,    -0.005465,
  1983.300,     4.881442,     6.318308,    -0.004550,
  1983.350,     5.491236,     6.808890,    -0.003870,
  1983.400,     6.045561,     7.246850,    -0.008064,
  1983.450,     6.562203,     7.689362,    -0.002587,
  1983.500,     7.033525,     8.072118,    -0.001975,
  1983.550,     7.470924,     8.432527,     0.002482,
  1983.600,     7.883428,     8.754121,     0.000327,
  1983.650,     8.260496,     9.023816,     0.002312,
  1983.700,     8.600166,     9.255031,    -0.004733,
  1983.750,     8.894250,     9.425781,     0.005645,
  1983.800,     9.137350,     9.588203,    -0.004319,
  1983.850,     9.353837,     9.712582,    -0.003367,
  1983.900,     9.531598,     9.833310,    -0.003116,
  1983.950,     9.664047,     9.905279,     0.007474,
  1984.000,     9.781882,     9.955726,    -0.002950,
  1984.050,     9.879495,     9.983442,    -0.002604,
  1984.100,     9.941702,     9.957167,     0.002208,
  1984.150,     9.982814,     9.885336,    -0.001713,
  1984.200,     9.974924,     9.752499,    -0.002643,
  1984.250,     9.922697,     9.567166,     0.002537,
  1984.300,     9.832023,     9.335015,     0.009901,
  1984.350,     9.673493,     9.054803,    -0.005654,
  1984.400,     9.478751,     8.758183,     0.002269,
  1984.450,     9.215778,     8.446070,    -0.010111,
  1984.500,     8.936059,     8.130496,     0.001183,
  1984.550,     8.630516,     7.844890,    -0.001217,
  1984.600,     8.322529,     7.538832,    -0.002096,
  1984.650,     8.014688,     7.240713,     0.000169,
  1984.700,     7.709812,     6.906242,    -0.001732,
  1984.750,     7.407279,     6.551079,     0.003480,
  1984.800,     7.096483,     6.168272,     0.003690,
  1984.850,     6.750624,     5.731613,    -0.003128,
  1984.900,     6.391495,     5.249821,     0.002212,
  1984.950,     5.985059,     4.730800,    -0.008169,
  1985.000,     5.535798,     4.185838,    -0.004671,
  1985.050,     5.043788,     3.622026,    -0.003441,
  1985.100,     4.524426,     3.078606,     0.009760,
  1985.150,     3.980416,     2.512980,    -0.000616,
  1985.200,     3.425118,     1.979520,    -0.005250,
  1985.250,     2.876648,     1.475819,     0.007827,
  1985.300,     2.312608,     0.999621,    -0.008660,
  1985.350,     1.804942,     0.557104,     0.006560,
  1985.400,     1.314199,     0.141582,    -0.002358,
  1985.450,     0.845364,    -0.238808,     0.002466,
  1985.500,     0.415580,    -0.543956,    -0.001851,
  1985.550,     0.032172,    -0.789993,     0.003784,
  1985.600,    -0.318506,    -0.971266,    -0.002818,
  1985.650,    -0.615108,    -1.080582,    -0.002181,
  1985.700,    -0.825085,    -1.135958,     0.000907,
  1985.750,    -0.972617,    -1.120792,    -0.006489,
  1985.800,    -1.054351,    -1.054973,     0.000001,
  1985.850,    -1.084241,    -0.942395,     0.002325,
  1985.900,    -1.051491,    -0.788667,     0.004967,
  1985.950,    -0.966819,    -0.603987,     0.001819,
  1986.000,    -0.843108,    -0.374738,    -0.000263,
  1986.050,    -0.679742,    -0.095768,    -0.000305,
  1986.100,    -0.470237,     0.266465,    -0.000589,
  1986.150,    -0.208092,     0.691674,     0.002266,
  1986.200,     0.104859,     1.173321,    -0.000416,
  1986.250,     0.494276,     1.718858,     0.004023,
  1986.300,     0.932828,     2.295684,     0.004897,
  1986.350,     1.434463,     2.930913,     0.000557,
  1986.400,     1.991454,     3.567503,     0.003257,
  1986.450,     2.596253,     4.223771,     0.001758,
  1986.500,     3.220722,     4.877967,    -0.008400,
  1986.550,     3.875630,     5.542598,     0.002050,
  1986.600,     4.523845,     6.206133,     0.006979,
  1986.650,     5.194058,     6.855360,    -0.000409,
  1986.700,     5.849499,     7.457793,     0.000490,
  1986.750,     6.495571,     8.010585,    -0.002829,
  1986.800,     7.111754,     8.495400,    -0.005627,
  1986.850,     7.699557,     8.914711,     0.000768,
  1986.900,     8.230099,     9.236536,    -0.005070,
  1986.950,     8.669603,     9.462980,    -0.005957,
  1987.000,     9.061694,     9.596624,    -0.002991,
  1987.050,     9.333856,     9.634850,     0.004947,
  1987.100,     9.516720,     9.613631,    -0.001105,
  1987.150,     9.623559,     9.544317,    -0.002365,
  1987.200,     9.631245,     9.435589,    -0.004127,
  1987.250,     9.584899,     9.298508,    -0.001641,
  1987.300,     9.491609,     9.202798,     0.006456,
  1987.350,     9.361231,     9.087210,    -0.005630,
  1987.400,     9.258412,     9.001525,     0.006551,
  1987.450,     9.137771,     8.916461,    -0.002424,
  1987.500,     9.036715,     8.812014,    -0.001649,
  1987.550,     8.937454,     8.672394,     0.003796,
  1987.600,     8.829467,     8.513719,     0.007079,
  1987.650,     8.706844,     8.331772,     0.003321,
  1987.700,     8.568533,     8.128223,    -0.001146,
  1987.750,     8.393626,     7.909199,     0.007444,
  1987.800,     8.211473,     7.651552,     0.001563,
  1987.850,     8.004802,     7.354802,    -0.006374,
  1987.900,     7.762760,     7.025752,    -0.002045,
  1987.950,     7.490240,     6.698456,     0.003589,
  1988.000,     7.179262,     6.358182,    -0.002967,
  1988.050,     6.853779,     6.023571,     0.002230,
  1988.100,     6.528214,     5.688553,    -0.002392,
  1988.150,     6.185545,     5.339221,     0.002275,
  1988.200,     5.854356,     4.955882,    -0.005323,
  1988.250,     5.500659,     4.514424,    -0.001453,
  1988.300,     5.139451,     3.976556,    -0.000704,
  1988.350,     4.731089,     3.343954,     0.000093,
  1988.400,     4.247026,     2.568558,    -0.002656,
  1988.450,     3.678955,     1.707711,    -0.003355,
  1988.500,     3.007461,     0.760225,     0.001332,
  1988.550,     2.210529,    -0.264422,    -0.004846,
  1988.600,     1.327211,    -1.350697,     0.002199,
  1988.650,     0.343546,    -2.486851,     0.005213,
  1988.700,    -0.704812,    -3.650809,    -0.004762,
  1988.750,    -1.807830,    -4.847343,     0.008623,
  1988.800,    -2.943002,    -6.055618,     0.000652,
  1988.850,    -4.109147,    -7.238532,    -0.002154,
  1988.900,    -5.297095,    -8.427776,     0.000685,
  1988.950,    -6.481983,    -9.574776,    -0.002301,
  1989.000,    -7.663150,   -10.680694,    -0.000215,
  1989.050,    -8.819661,   -11.765107,     0.005851,
  1989.100,    -9.946862,   -12.821391,     0.000800,
  1989.150,   -11.054829,   -13.872314,     0.005273,
  1989.200,   -12.127391,   -14.933508,    -0.002230,
  1989.250,   -13.173322,   -15.969073,     0.002626,
  1989.300,   -14.233559,   -16.961541,     0.003562,
  1989.350,   -15.265733,   -17.904171,    -0.000957,
  1989.400,   -16.278954,   -18.765027,     0.005790,
  1989.450,   -17.254746,   -19.544440,     0.001200,
  1989.500,   -18.148178,   -20.216634,     0.004075,
  1989.550,   -18.973120,   -20.783224,     0.003658,
  1989.600,   -19.713134,   -21.244142,     0.004088,
  1989.650,   -20.346478,   -21.607184,    -0.000464,
  1989.700,   -20.883209,   -21.859995,    -0.000051,
  1989.750,   -21.317212,   -21.995037,     0.014917,
  1989.800,   -21.642353,   -22.000849,     0.004750,
  1989.850,   -21.842407,   -21.900029,     0.004535,
  1989.900,   -21.916854,   -21.678244,     0.005976,
  1989.950,   -21.896815,   -21.424251,     0.009852,
  1990.000,   -21.770157,   -21.095040,    -0.001930,
  1990.050,   -21.548107,   -20.745985,     0.009657,
  1990.100,   -21.261682,   -20.368271,    -0.005432,
  1990.150,   -20.935990,   -19.984547,     0.004985,
  1990.200,   -20.581529,   -19.585178,     0.006447,
  1990.250,   -20.207669,   -19.181920,     0.006189,
  1990.300,   -19.824640,   -18.763074,     0.004026,
  1990.350,   -19.426133,   -18.295136,     0.000063,
  1990.400,   -19.017352,   -17.771346,     0.001953,
  1990.450,   -18.567184,   -17.205279,    -0.001696,
  1990.500,   -18.097422,   -16.555741,     0.003579,
  1990.550,   -17.552008,   -15.876492,     0.003008,
  1990.600,   -16.949113,   -15.148277,    -0.002722,
  1990.650,   -16.310415,   -14.397628,     0.002600,
  1990.700,   -15.617083,   -13.586763,     0.004374,
  1990.750,   -14.886811,   -12.754596,     0.002296,
  1990.800,   -14.113021,   -11.905567,     0.003260,
  1990.850,   -13.297153,   -11.037647,     0.000736,
  1990.900,   -12.463488,   -10.152037,    -0.001781,
  1990.950,   -11.590445,    -9.260713,     0.003744,
  1991.000,   -10.731421,    -8.382853,     0.007297,
  1991.050,    -9.851675,    -7.479736,    -0.004776,
  1991.100,    -8.953564,    -6.582118,    -0.000255,
  1991.150,    -8.054526,    -5.690222,    -0.001187,
  1991.200,    -7.155542,    -4.822069,     0.004152,
  1991.250,    -6.263678,    -3.995974,    -0.000598,
  1991.300,    -5.380812,    -3.189799,     0.002302,
  1991.350,    -4.517859,    -2.441446,     0.001715,
  1991.400,    -3.696127,    -1.720201,     0.004659,
  1991.450,    -2.922213,    -1.043867,    -0.014347,
  1991.500,    -2.179433,    -0.383101,     0.002051,
  1991.550,    -1.468374,     0.248582,    -0.001954,
  1991.600,    -0.795172,     0.865427,    -0.002221,
  1991.650,    -0.132409,     1.423514,     0.000108,
  1991.700,     0.492302,     1.923346,    -0.005700,
  1991.750,     1.080047,     2.377937,     0.005692,
  1991.800,     1.633208,     2.762615,    -0.000041,
  1991.850,     2.113879,     3.087523,     0.002753,
  1991.900,     2.543277,     3.351945,     0.002974,
  1991.950,     2.923214,     3.569608,     0.002334,
  1992.000,     3.219788,     3.767935,     0.008168,
  1992.050,     3.466219,     3.985294,    -0.006696,
  1992.100,     3.684993,     4.194691,    -0.000191,
  1992.150,     3.904241,     4.405395,     0.005757,
  1992.200,     4.101910,     4.589588,     0.000013,
  1992.250,     4.315108,     4.753461,    -0.003389,
  1992.300,     4.518953,     4.896536,     0.006261,
  1992.350,     4.707102,     5.017496,     0.002291,
  1992.400,     4.854576,     5.129897,     0.005489,
  1992.450,     4.983003,     5.238301,     0.002334,
  1992.500,     5.103429,     5.364939,     0.001181,
  1992.550,     5.220114,     5.473969,    -0.004565,
  1992.600,     5.341117,     5.545882,    -0.000832,
  1992.650,     5.440310,     5.589104,     0.005473,
  1992.700,     5.538334,     5.586288,    -0.004615,
  1992.750,     5.601594,     5.509654,    -0.002075,
  1992.800,     5.619955,     5.409264,    -0.003569,
  1992.850,     5.577873,     5.243619,     0.001887,
  1992.900,     5.493000,     5.062645,    -0.002306,
  1992.950,     5.365577,     4.845682,    -0.001045,
  1993.000,     5.195215,     4.606489,     0.006094,
  1993.050,     4.992972,     4.358893,     0.001805,
  1993.100,     4.775891,     4.136746,     0.000364,
  1993.150,     4.535060,     3.897955,    -0.004340,
  1993.200,     4.298313,     3.682839,     0.005881,
  1993.250,     4.067880,     3.449105,    -0.004623,
  1993.300,     3.843902,     3.236031,     0.006207,
  1993.350,     3.608535,     3.049063,     0.002342,
  1993.400,     3.378385,     2.911412,     0.002141,
  1993.450,     3.187428,     2.811605,     0.006869,
  1993.500,     3.024259,     2.705463,    -0.003689,
  1993.550,     2.895284,     2.592473,     0.007098,
  1993.600,     2.793576,     2.463720,     0.003789,
  1993.650,     2.669409,     2.294429,    -0.013583,
  1993.700,     2.559330,     2.119680,     0.009423,
  1993.750,     2.415134,     1.923591,     0.004051,
  1993.800,     2.248609,     1.755912,     0.003461,
  1993.850,     2.080305,     1.594157,     0.001422,
  1993.900,     1.901445,     1.449392,     0.001811,
  1993.950,     1.720087,     1.329868,    -0.001367,
  1994.000,     1.583688,     1.197124,    -0.001315,
  1994.050,     1.437332,     1.035947,    -0.003577,
  1994.100,     1.291840,     0.879337,    -0.001546,
  1994.150,     1.159857,     0.705520,    -0.001249,
  1994.200,     1.008002,     0.504161,    -0.011968,
  1994.250,     0.840943,     0.279366,    -0.001859,
  1994.300,     0.651361,     0.045084,     0.003252,
  1994.350,     0.442134,    -0.204820,     0.000482,
  1994.400,     0.216049,    -0.466535,    -0.000531,
  1994.450,    -0.024308,    -0.738251,    -0.005402,
  1994.500,    -0.285210,    -1.010827,    -0.001178,
  1994.550,    -0.557514,    -1.270370,    -0.003653,
  1994.600,    -0.826502,    -1.513555,     0.003260,
  1994.650,    -1.102224,    -1.700350,     0.004285,
  1994.700,    -1.352055,    -1.846972,    -0.007730,
  1994.750,    -1.578775,    -1.943093,    -0.000032,
  1994.800,    -1.758759,    -2.010919,     0.014926,
  1994.850,    -1.884146,    -2.042081,     0.000370,
  1994.900,    -1.983315,    -2.046108,     0.004355,
  1994.950,    -2.038431,    -2.000738,    -0.000699,
  1995.000,    -2.059148,    -1.909787,    -0.001392,
  1995.050,    -2.046572,    -1.797485,     0.004272,
  1995.100,    -1.990819,    -1.637001,     0.003971,
  1995.150,    -1.891123,    -1.450469,    -0.005441,
  1995.200,    -1.753174,    -1.219791,     0.006358,
  1995.250,    -1.590081,    -0.983790,     0.003054,
  1995.300,    -1.383026,    -0.721421,     0.006091,
  1995.350,    -1.156047,    -0.450433,     0.000059,
  1995.400,    -0.902501,    -0.162887,    -0.003482,
  1995.450,    -0.639015,     0.118198,    -0.000528,
  1995.500,    -0.352125,     0.396398,     0.003410,
  1995.550,    -0.076720,     0.654899,    -0.005444,
  1995.600,     0.205883,     0.922329,     0.002142,
  1995.650,     0.474352,     1.188943,    -0.001759,
  1995.700,     0.739294,     1.457309,     0.001330,
  1995.750,     1.005121,     1.722192,    -0.002671,
  1995.800,     1.280841,     2.005494,     0.005906,
  1995.850,     1.552883,     2.267130,     0.004704,
  1995.900,     1.815087,     2.596743,    -0.001398,
  1995.950,     2.090663,     2.941187,     0.000175,
  1996.000,     2.380334,     3.289423,     0.000323,
  1996.050,     2.707939,     3.627325,     0.002580,
  1996.100,     3.043059,     3.923265,    -0.007006,
  1996.150,     3.389584,     4.184105,    -0.000145,
  1996.200,     3.710692,     4.380005,     0.003933,
  1996.250,     4.001318,     4.556086,    -0.003781,
  1996.300,     4.237291,     4.650356,     0.005043,
  1996.350,     4.441489,     4.749485,    -0.000941,
  1996.400,     4.593948,     4.826737,    -0.007506,
  1996.450,     4.681116,     4.918504,    -0.000996,
  1996.500,     4.786429,     4.986802,    -0.001985,
  1996.550,     4.871660,     5.064783,     0.000499,
  1996.600,     4.957780,     5.137458,    -0.002508,
  1996.650,     5.053692,     5.241740,    -0.002069,
  1996.700,     5.124973,     5.352966,     0.006157,
  1996.750,     5.215199,     5.498279,    -0.005572,
  1996.800,     5.329484,     5.657372,     0.000105,
  1996.850,     5.461584,     5.850588,    -0.005036,
  1996.900,     5.609535,     6.020749,     0.000437,
  1996.950,     5.792660,     6.178003,     0.007462,
  1997.000,     5.974022,     6.297456,    -0.003707,
  1997.050,     6.128287,     6.355601,    -0.002972,
  1997.100,     6.265105,     6.382529,    -0.000671,
  1997.150,     6.365070,     6.365075,    -0.001144,
  1997.200,     6.427996,     6.298862,     0.003181,
  1997.250,     6.414932,     6.176925,     0.003918,
  1997.300,     6.383589,     6.023625,    -0.004891,
  1997.350,     6.286918,     5.841861,     0.006791,
  1997.400,     6.145246,     5.631108,    -0.000004,
  1997.450,     5.967654,     5.444599,     0.003291,
  1997.500,     5.776694,     5.262504,     0.008420,
  1997.550,     5.560113,     5.093505,     0.008898,
  1997.600,     5.376641,     4.952607,     0.002397,
  1997.650,     5.191834,     4.812262,     0.005689,
  1997.700,     5.022785,     4.690284,    -0.000004,
  1997.750,     4.867162,     4.566423,    -0.001328,
  1997.800,     4.733081,     4.441311,     0.002607,
  1997.850,     4.606946,     4.330084,    -0.002322,
  1997.900,     4.491688,     4.185132,     0.005365,
  1997.950,     4.356804,     4.035122,    -0.000968,
  1998.000,     4.231301,     3.846279,     0.004242,
  1998.050,     4.096618,     3.642944,    -0.006337,
  1998.100,     3.930594,     3.387789,     0.001937,
  1998.150,     3.739728,     3.133348,     0.008332,
  1998.200,     3.506504,     2.851506,    -0.003863,
  1998.250,     3.266577,     2.530790,    -0.001261,
  1998.300,     3.000139,     2.250356,     0.003623,
  1998.350,     2.703397,     1.980740,     0.000892,
  1998.400,     2.409631,     1.773909,     0.004799,
  1998.450,     2.142438,     1.602241,    -0.003349,
  1998.500,     1.903902,     1.443792,     0.000134,
  1998.550,     1.698655,     1.314623,    -0.000412,
  1998.600,     1.535438,     1.216141,     0.001518,
  1998.650,     1.405706,     1.169216,    -0.000521,
  1998.700,     1.285712,     1.171429,    -0.005715,
  1998.750,     1.219538,     1.245288,    -0.001450,
  1998.800,     1.207264,     1.390526,     0.000332,
  1998.850,     1.240617,     1.598834,     0.002978,
  1998.900,     1.347378,     1.838330,    -0.002476,
  1998.950,     1.517414,     2.108066,     0.002540,
  1999.000,     1.740976,     2.381613,    -0.001188,
  1999.050,     1.997109,     2.661449,    -0.002692,
  1999.100,     2.271007,     2.910157,    -0.002491,
  1999.150,     2.543668,     3.141367,     0.003924,
  1999.200,     2.832796,     3.357465,     0.009962,
  1999.250,     3.086060,     3.532102,     0.000286,
  1999.300,     3.314319,     3.696895,     0.002328,
  1999.350,     3.516008,     3.868312,    -0.002772,
  1999.400,     3.692813,     4.018589,     0.003410,
  1999.450,     3.870416,     4.174920,     0.004222,
  1999.500,     4.014389,     4.310425,    -0.007970,
  1999.550,     4.168651,     4.432983,     0.007140,
  1999.600,     4.315689,     4.545425,     0.003912,
  1999.650,     4.446587,     4.652954,     0.005371,
  1999.700,     4.547279,     4.744797,    -0.005279,
  1999.750,     4.663306,     4.804971,     0.004584,
  1999.800,     4.747856,     4.850171,     0.003617,
  1999.850,     4.826576,     4.852562,     0.002002,
  1999.900,     4.873766,     4.796452,     0.005273,
  1999.950,     4.878071,     4.696549,    -0.001278,
  2000.000,     4.844210,     4.566858,    -0.000102,

