Time_abs/ps, Signal 1/nA, Ref.signal 1/nA, Signal 2/nA, Ref.signal 2/nA
  1800.000,     0.015655,    -0.018364,    -0.003556,
  1800.050,     0.001662,    -0.006898,     0.003026,
  1800.100,    -0.004195,     0.002015,    -0.002910,
  1800.150,    -0.000406,     0.011292,    -0.000458,
  1800.200,    -0.012716,     0.011955,     0.003899,
  1800.250,    -0.006965,     0.014092,    -0.007161,
  1800.300,    -0.002108,     0.020857,    -0.004024,
  1800.350,     0.000470,     0.015728,     0.003921,
  1800.400,    -0.000018,     0.007720,     0.005644,
  1800.450,     0.009524,     0.007467,    -0.006516,
  1800.500,     0.004582,    -0.003254,     0.003626,
  1800.550,     0.024109,    -0.018200,    -0.003763,
  1800.600,     0.033037,    -0.027797,    -0.004660,
  1800.650,     0.036604,    -0.036277,     0.004195,
  1800.700,     0.035080,    -0.067133,    -0.001539,
  1800.750,     0.044242,    -0.069235,     0.003161,
  1800.800,     0.060285,    -0.096606,     0.002331,
  1800.850,     0.038972,    -0.113316,     0.001030,
  1800.900,     0.029951,    -0.128375,     0.000425,
  1800.950,     0.044396,    -0.142162,    -0.002375,
  1801.000,     0.045941,    -0.163510,     0.004149,
  1801.050,     0.035914,    -0.164875,    -0.005844,
  1801.100,     0.028431,    -0.190482,     0.005361,
  1801.150,     0.026984,    -0.209717,     0.006170,
  1801.200,     0.024075,    -0.209281,    -0.002625,
  1801.250,     0.019970,    -0.232404,     0.003547,
  1801.300,     0.014239,    -0.222772,     0.015668,
  1801.350,     0.015883,    -0.224632,     0.000707,
  1801.400,    -0.003429,    -0.235461,    -0.002357,
  1801.450,     0.005406,    -0.234364,     0.005411,
  1801.500,    -0.004601,    -0.213112,    -0.003509,
  1801.550,    -0.004599,    -0.221434,     0.000901,
  1801.600,    -0.011433,    -0.205477,    -0.001905,
  1801.650,    -0.012933,    -0.183211,     0.007414,
  1801.700,    -0.012334,    -0.180827,     0.003890,
  1801.750,    -0.007059,    -0.162461,     0.001337,
  1801.800,    -0.003556,    -0.148530,    -0.005955,
  1801.850,    -0.003274,    -0.123799,     0.004063,
  1801.900,     0.001513,    -0.106731,    -0.003304,
  1801.950,     0.019085,    -0.080860,     0.000252,
  1802.000,     0.035299,    -0.047608,    -0.001995,
  1802.050,     0.034932,    -0.026298,     0.001425,
  1802.100,     0.053021,     0.002244,     0.000790,
  1802.150,     0.064144,     0.029732,     0.005466,
  1802.200,     0.083520,     0.059070,    -0.000527,
  1802.250,     0.101400,     0.107946,     0.000203,
  1802.300,     0.123208,     0.138295,     0.004654,
  1802.350,     0.134073,     0.173970,     0.000112,
  1802.400,     0.145485,     0.210765,     0.008487,
  1802.450,     0.167944,     0.255005,    -0.001981,
  1802.500,     0.176648,     0.296322,    -0.002849,
  1802.550,     0.203154,     0.342648,     0.000232,
  1802.600,     0.208075,     0.377326,     0.003881,
  1802.650,     0.226277,     0.425296,     0.001082,
  1802.700,     0.242042,     0.455786,     0.003228,
  1802.750,     0.253920,     0.506045,    -0.002339,
  1802.800,     0.262729,     0.537945,     0.003382,
  1802.850,     0.271858,     0.575781,     0.002604,
  1802.900,     0.270225,     0.607857,     0.008909,
  1802.950,     0.271913,     0.638512,     0.006986,
  1803.000,     0.275298,     0.674200,     0.005256,
  1803.050,     0.273790,     0.695565,     0.003449,
  1803.100,     0.277629,     0.703496,     0.004230,
  1803.150,     0.268044,     0.726087,     0.005830,
  1803.200,     0.267395,     0.751553,    -0.003410,
  1803.250,     0.248363,     0.750382,     0.004100,
  1803.300,     0.246268,     0.752887,    -0.003814,
  1803.350,     0.228014,     0.753139,     0.005615,
  1803.400,     0.224758,     0.750010,     0.006225,
  1803.450,     0.209776,     0.737570,     0.000789,
  1803.500,     0.196438,     0.722478,     0.000334,
  1803.550,     0.177580,     0.702372,    -0.000642,
  1803.600,     0.154597,     0.679661,    -0.002354,
  1803.650,     0.151307,     0.651368,     0.004902,
  1803.700,     0.128866,     0.626604,    -0.001285,
  1803.750,     0.121451,     0.585444,     0.003665,
  1803.800,     0.111058,     0.566728,     0.004934,
  1803.850,     0.103610,     0.516196,     0.007138,
  1803.900,     0.077319,     0.484790,     0.010902,
  1803.950,     0.059434,     0.456233,     0.003301,
  1804.000,     0.062636,     0.414421,    -0.001038,
  1804.050,     0.052808,     0.377421,     0.000734,
  1804.100,     0.035849,     0.341380,     0.003671,
  1804.150,     0.031509,     0.285894,    -0.007954,
  1804.200,     0.034995,     0.256111,    -0.001889,
  1804.250,     0.034452,     0.213599,     0.009108,
  1804.300,     0.029723,     0.186482,     0.001141,
  1804.350,     0.031688,     0.146970,    -0.002138,
  1804.400,     0.032086,     0.106241,     0.005291,
  1804.450,     0.030939,     0.075124,     0.002081,
  1804.500,     0.056144,     0.031316,    -0.001120,
  1804.550,     0.058747,     0.008868,    -0.000867,
  1804.600,     0.070841,    -0.030519,    -0.005137,
  1804.650,     0.098031,    -0.063927,     0.002832,
  1804.700,     0.111970,    -0.082487,     0.002035,
  1804.750,     0.125545,    -0.123359,     0.000166,
  1804.800,     0.164377,    -0.159003,     0.002853,
  1804.850,     0.183457,    -0.177930,     0.010114,
  1804.900,     0.220423,    -0.207227,     0.000257,
  1804.950,     0.243841,    -0.224936,    -0.002151,
  1805.000,     0.283464,    -0.252600,     0.006408,
  1805.050,     0.318086,    -0.269614,     0.008046,
  1805.100,     0.355036,    -0.283284,     0.003730,
  1805.150,     0.380940,    -0.295249,    -0.000567,
  1805.200,     0.439634,    -0.307745,    -0.000755,
  1805.250,     0.477786,    -0.321347,     0.004268,
  1805.300,     0.516098,    -0.332189,    -0.002713,
  1805.350,     0.567354,    -0.343475,     0.002055,
  1805.400,     0.603920,    -0.357975,    -0.002965,
  1805.450,     0.644837,    -0.380622,    -0.000585,
  1805.500,     0.687964,    -0.401030,     0.002677,
  1805.550,     0.728903,    -0.430530,     0.004416,
  1805.600,     0.765836,    -0.434673,     0.005796,
  1805.650,     0.802434,    -0.457203,    -0.004188,
  1805.700,     0.842130,    -0.460435,     0.001175,
  1805.750,     0.872965,    -0.442505,     0.007460,
  1805.800,     0.909683,    -0.398496,    -0.000490,
  1805.850,     0.930914,    -0.344895,    -0.004616,
  1805.900,     0.963239,    -0.242071,     0.001236,
  1805.950,     0.984147,    -0.118388,     0.001746,
  1806.000,     0.987762,     0.007337,     0.001310,
  1806.050,     1.004129,     0.155173,     0.001492,
  1806.100,     1.010341,     0.283487,     0.000750,
  1806.150,     1.006720,     0.375590,     0.008900,
  1806.200,     1.006124,     0.461526,     0.008284,
  1806.250,     1.004467,     0.508167,     0.001048,
  1806.300,     0.994844,     0.519003,    -0.004961,
  1806.350,     0.984804,     0.508571,     0.001349,
  1806.400,     0.961175,     0.490952,     0.004335,
  1806.450,     0.933104,     0.446776,    -0.007682,
  1806.500,     0.915069,     0.400394,     0.004550,
  1806.550,     0.890886,     0.338922,     0.012126,
  1806.600,     0.858896,     0.280842,     0.002276,
  1806.650,     0.823806,     0.229330,    -0.000582,
  1806.700,     0.788682,     0.168726,    -0.000134,
  1806.750,     0.749684,     0.109857,    -0.001037,
  1806.800,     0.717036,     0.062056,     0.003464,
  1806.850,     0.676980,     0.013095,    -0.002059,
  1806.900,     0.637385,    -0.036179,    -0.001419,
  1806.950,     0.601400,    -0.063361,     0.007153,
  1807.000,     0.560587,    -0.110196,     0.001416,
  1807.050,     0.521577,    -0.149521,     0.006620,
  1807.100,     0.482898,    -0.185212,    -0.005474,
  1807.150,     0.446110,    -0.213641,    -0.001381,
  1807.200,     0.417414,    -0.252284,     0.005396,
  1807.250,     0.375611,    -0.282975,     0.001194,
  1807.300,     0.340866,    -0.301126,    -0.002095,
  1807.350,     0.314138,    -0.306332,     0.001979,
  1807.400,     0.275845,    -0.316498,    -0.000475,
  1807.450,     0.255262,    -0.328659,     0.003528,
  1807.500,     0.220668,    -0.342780,     0.006545,
  1807.550,     0.191523,    -0.353853,     0.002662,
  1807.600,     0.175803,    -0.397043,     0.000270,
  1807.650,     0.152316,    -0.441514,     0.007319,
  1807.700,     0.121392,    -0.510496,     0.001467,
  1807.750,     0.100016,    -0.572667,    -0.005333,
  1807.800,     0.081860,    -0.635947,    -0.003002,
  1807.850,     0.064283,    -0.716473,     0.007389,
  1807.900,     0.054886,    -0.777997,     0.004319,
  1807.950,     0.029458,    -0.807422,    -0.006316,
  1808.000,     0.021834,    -0.849308,     0.002389,
  1808.050,     0.002258,    -0.871079,     0.006338,
  1808.100,    -0.005672,    -0.872268,     0.010212,
  1808.150,    -0.005857,    -0.880067,     0.007965,
  1808.200,    -0.019967,    -0.885268,     0.008128,
  1808.250,    -0.026726,    -0.896579,    -0.000020,
  1808.300,    -0.038803,    -0.915824,    -0.002273,
  1808.350,    -0.041502,    -0.934079,    -0.004060,
  1808.400,    -0.049298,    -0.941168,    -0.001951,
  1808.450,    -0.041679,    -0.945000,    -0.001475,
  1808.500,    -0.045537,    -0.965057,     0.001340,
  1808.550,    -0.038164,    -0.989081,     0.002190,
  1808.600,    -0.025501,    -1.003380,     0.003276,
  1808.650,    -0.000308,    -1.018140,     0.003218,
  1808.700,     0.030933,    -1.033303,     0.000632,
  1808.750,     0.072459,    -1.040380,     0.000916,
  1808.800,     0.120426,    -1.060700,    -0.000512,
  1808.850,     0.178795,    -1.062894,    -0.000204,
  1808.900,     0.249580,    -1.063983,     0.006439,
  1808.950,     0.322942,    -1.055604,    -0.001914,
  1809.000,     0.394022,    -1.039359,    -0.000654,
  1809.050,     0.466796,    -1.026985,     0.002850,
  1809.100,     0.520451,    -1.022574,     0.002672,
  1809.150,     0.572349,    -1.010582,    -0.003024,
  1809.200,     0.621545,    -0.996450,    -0.000186,
  1809.250,     0.665534,    -0.997819,     0.004998,
  1809.300,     0.689667,    -1.003021,     0.000466,
  1809.350,     0.687760,    -1.014771,     0.002421,
  1809.400,     0.675985,    -1.042165,     0.007193,
  1809.450,     0.646380,    -1.079378,     0.002520,
  1809.500,     0.621338,    -1.128446,    -0.001902,
  1809.550,     0.588907,    -1.197088,     0.004784,
  1809.600,     0.545981,    -1.273543,     0.006717,
  1809.650,     0.490258,    -1.363669,     0.003373,
  1809.700,     0.426261,    -1.455247,     0.006433,
  1809.750,     0.378788,    -1.543811,     0.004244,
  1809.800,     0.328563,    -1.632464,     0.000677,
  1809.850,     0.272837,    -1.721767,    -0.005499,
  1809.900,     0.227668,    -1.821053,    -0.006422,
  1809.950,     0.186708,    -1.912473,     0.001702,
  1810.000,     0.147141,    -2.011202,    -0.001516,
  1810.050,     0.103010,    -2.122596,    -0.001506,
  1810.100,     0.068326,    -2.260174,     0.001595,
  1810.150,     0.045451,    -2.402759,    -0.000265,
  1810.200,     0.012409,    -2.574630,     0.005429,
  1810.250,    -0.016408,    -2.759400,     0.003006,
  1810.300,    -0.042776,    -2.969752,    -0.002549,
  1810.350,    -0.069683,    -3.182514,     0.008385,
  1810.400,    -0.104590,    -3.414795,     0.006278,
  1810.450,    -0.133296,    -3.681567,     0.006635,
  1810.500,    -0.174033,    -3.954379,    -0.002920,
  1810.550,    -0.200394,    -4.247344,    -0.009296,
  1810.600,    -0.241012,    -4.553857,     0.005879,
  1810.650,    -0.284103,    -4.857564,     0.005945,
  1810.700,    -0.309852,    -5.162282,    -0.008760,
  1810.750,    -0.355603,    -5.428243,    -0.005131,
  1810.800,    -0.395045,    -5.622275,     0.007327,
  1810.850,    -0.430546,    -5.715257,     0.003911,
  1810.900,    -0.461150,    -5.620658,     0.005857,
  1810.950,    -0.497507,    -5.279489,     0.002148,
  1811.000,    -0.524374,    -4.630622,     0.000537,
  1811.050,    -0.551086,    -3.632893,    -0.003446,
  1811.100,    -0.570986,    -2.279644,     0.000510,
  1811.150,    -0.581714,    -0.617512,     0.005407,
  1811.200,    -0.592641,     1.236627,     0.002130,
  1811.250,    -0.608326,     3.129783,     0.009852,
  1811.300,    -0.615863,     4.848036,     0.011376,
  1811.350,    -0.622118,     6.202792,    -0.001402,
  1811.400,    -0.628697,     7.022107,    -0.005683,
  1811.450,    -0.642093,     7.248886,     0.001297,
  1811.500,    -0.647888,     6.899136,     0.003842,
  1811.550,    -0.658115,     6.028752,     0.003338,
  1811.600,    -0.674581,     4.738887,    -0.000816,
  1811.650,    -0.680301,     3.160362,     0.000738,
  1811.700,    -0.680297,     1.397242,     0.004571,
  1811.750,    -0.688871,    -0.452861,     0.007105,
  1811.800,    -0.694380,    -2.343982,     0.004396,
  1811.850,    -0.708371,    -4.214475,     0.002307,
  1811.900,    -0.710393,    -6.032638,     0.004584,
  1811.950,    -0.712275,    -7.781972,     0.005749,
  1812.000,    -0.723820,    -9.468904,     0.005106,
  1812.050,    -0.735751,   -11.095116,     0.002304,
  1812.100,    -0.738851,   -12.692408,     0.003286,
  1812.150,    -0.756813,   -14.296561,     0.002161,
  1812.200,    -0.777288,   -15.943722,     0.004916,
  1812.250,    -0.805264,   -17.701538,    -0.003287,
  1812.300,    -0.843841,   -19.614092,    -0.002106,
  1812.350,    -0.871547,   -21.686135,     0.004642,
  1812.400,    -0.912841,   -23.909059,     0.005429,
  1812.450,    -0.979600,   -26.298551,     0.003946,
  1812.500,    -1.034845,   -28.859304,     0.002206,
  1812.550,    -1.113237,   -31.603636,    -0.005257,
  1812.600,    -1.197062,   -34.554201,     0.000673,
  1812.650,    -1.280058,   -37.769948,    -0.000852,
  1812.700,    -1.379783,   -41.292903,     0.000160,
  1812.750,    -1.471560,   -45.221025,     0.006480,
  1812.800,    -1.577257,   -49.617060,     0.000834,
  1812.850,    -1.700211,   -54.536244,    -0.000457,
  1812.900,    -1.827707,   -60.056262,    -0.003293,
  1812.950,    -1.962111,   -66.190019,    -0.001189,
  1813.000,    -2.087096,   -72.909120,     0.001813,
  1813.050,    -2.230760,   -80.148104,     0.002440,
  1813.100,    -2.397538,   -87.920503,     0.005040,
  1813.150,    -2.572284,   -96.307832,     0.002416,
  1813.200,    -2.749989,  -105.383839,     0.009259,
  1813.250,    -2.937963,  -115.234618,    -0.000551,
  1813.300,    -3.153079,  -126.042529,     0.005629,
  1813.350,    -3.361582,  -138.090859,     0.001956,
  1813.400,    -3.570939,  -151.594445,     0.003228,
  1813.450,    -3.770869,  -166.691327,     0.003690,
  1813.500,    -3.941969,  -183.434391,     0.002252,
  1813.550,    -4.083916,  -201.749390,    -0.000341,
  1813.600,    -4.183153,  -221.319640,     0.000883,
  1813.650,    -4.223112,  -241.482273,     0.007544,
  1813.700,    -4.175433,  -261.072578,    -0.000972,
  1813.750,    -4.036582,  -278.414449,    -0.005355,
  1813.800,    -3.778463,  -290.967476,    -0.003470,
  1813.850,    -3.397185,  -295.364516,     0.001315,
  1813.900,    -2.900650,  -287.513483,     0.006799,
  1813.950,    -2.277908,  -262.813912,     0.010738,
  1814.000,    -1.536848,  -216.991006,    -0.002223,
  1814.050,    -0.715532,  -146.760263,     0.002637,
  1814.100,     0.169914,   -51.023094,     0.004848,
  1814.150,     1.067584,    67.776167,     0.003142,
  1814.200,     1.921847,   203.660791,    -0.000667,
  1814.250,     2.679516,   347.037706,     0.006290,
  1814.300,     3.290751,   485.961098,     0.009046,
  1814.350,     3.716261,   608.609170,     0.001087,
  1814.400,     3.904703,   705.346966,     0.001166,
  1814.450,     3.816145,   770.633807,    -0.002573,
  1814.500,     3.440187,   803.233004,     0.002111,
  1814.550,     2.782343,   805.235397,    -0.002008,
  1814.600,     1.839563,   780.852591,     0.003969,
  1814.650,     0.647145,   735.285463,     0.002461,
  1814.700,    -0.754503,   673.989095,     0.000774,
  1814.750,    -2.345697,   602.049187,     0.001954,
  1814.800,    -4.089369,   524.006069,     0.007173,
  1814.850,    -5.921867,   443.564579,     0.004949,
  1814.900,    -7.800700,   363.644546,     0.002812,
  1814.950,    -9.720904,   286.859101,    -0.001397,
  1815.000,   -11.673974,   215.441798,     0.004538,
  1815.050,   -13.644426,   151.237373,     0.007015,
  1815.100,   -15.637157,    95.107816,     0.013839,
  1815.150,   -17.657368,    46.583404,     0.013890,
  1815.200,   -19.763110,     4.353260,     0.010075,
  1815.250,   -21.955152,   -32.851675,     0.009001,
  1815.300,   -24.227496,   -65.383321,     0.015613,
  1815.350,   -26.656308,   -92.684543,     0.013793,
  1815.400,   -29.290698,  -113.696604,     0.005423,
  1815.450,   -32.148275,  -127.315809,     0.008783,
  1815.500,   -35.265574,  -133.030109,     0.009782,
  1815.550,   -38.671491,  -130.952157,     0.005016,
  1815.600,   -42.406701,  -122.013636,    -0.005338,
  1815.650,   -46.514999,  -108.125322,     0.000850,
  1815.700,   -51.030033,   -92.391710,     0.011594,
  1815.750,   -55.991416,   -79.059729,     0.012370,
  1815.800,   -61.460227,   -72.421305,     0.011935,
  1815.850,   -67.490142,   -75.682572,     0.007655,
  1815.900,   -74.104676,   -89.818440,     0.017000,
  1815.950,   -81.318549,  -113.217333,     0.015581,
  1816.000,   -89.199323,  -142.176978,     0.012661,
  1816.050,   -97.830159,  -171.968523,     0.018843,
  1816.100,  -107.207157,  -197.872767,     0.016283,
  1816.150,  -117.315637,  -215.639713,     0.017132,
  1816.200,  -128.177079,  -222.265954,     0.021251,
  1816.250,  -139.718638,  -216.918656,     0.025657,
  1816.300,  -151.762169,  -201.331927,     0.018915,
  1816.350,  -164.107951,  -179.527125,     0.017985,
  1816.400,  -176.353764,  -156.439044,     0.029280,
  1816.450,  -187.956118,  -136.225106,     0.032537,
  1816.500,  -198.292649,  -120.967148,     0.029483,
  1816.550,  -206.473481,  -110.696664,     0.028998,
  1816.600,  -211.421031,  -104.291867,     0.025403,
  1816.650,  -211.958804,  -100.762139,     0.035358,
  1816.700,  -206.723588,   -99.639243,     0.027888,
  1816.750,  -194.452926,  -100.699337,     0.021491,
  1816.800,  -173.917109,  -103.451762,     0.026827,
  1816.850,  -144.038815,  -107.069959,     0.020788,
  1816.900,  -104.191918,  -110.679488,     0.008618,
  1816.950,   -54.266744,  -113.617054,     0.003011,
  1817.000,     5.370788,  -115.453573,    -0.004570,
  1817.050,    73.616661,  -115.606134,    -0.013562,
  1817.100,   148.694913,  -113.340183,    -0.014117,
  1817.150,   228.210863,  -108.233410,    -0.019216,
  1817.200,   309.152613,  -100.375658,    -0.028805,
  1817.250,   388.089315,   -90.300652,    -0.051680,
  1817.300,   461.556898,   -78.486092,    -0.056727,
  1817.350,   526.094952,   -65.154912,    -0.065968,
  1817.400,   578.583242,   -50.585414,    -0.076861,
  1817.450,   616.627562,   -35.293469,    -0.081470,
  1817.500,   638.676123,   -20.493922,    -0.081682,
  1817.550,   643.999803,    -7.985479,    -0.082407,
  1817.600,   632.707153,     0.615495,    -0.080408,
  1817.650,   606.045425,     4.473147,    -0.077104,
  1817.700,   565.861807,     3.477679,    -0.077149,
  1817.750,   514.542144,    -2.003415,    -0.064755,
  1817.800,   454.930637,   -11.320296,    -0.061067,
  1817.850,   389.991101,   -23.360720,    -0.056263,
  1817.900,   322.656738,   -36.260527,    -0.042763,
  1817.950,   255.586873,   -47.411796,    -0.036430,
  1818.000,   191.024066,   -53.978135,    -0.025844,
  1818.050,   130.828142,   -54.227707,    -0.023494,
  1818.100,    76.391418,   -48.309895,    -0.016903,
  1818.150,    28.668512,   -38.098106,    -0.006164,
  1818.200,   -11.924403,   -26.435104,    -0.004665,
  1818.250,   -45.330588,   -16.080233,     0.003121,
  1818.300,   -71.708067,    -9.240788,     0.013866,
  1818.350,   -91.576650,    -7.288338,     0.007068,
  1818.400,  -105.700008,   -10.399023,     0.004751,
  1818.450,  -114.915342,   -17.245097,     0.013370,
  1818.500,  -120.210468,   -25.290301,     0.014111,
  1818.550,  -122.611277,   -31.601401,     0.021823,
  1818.600,  -123.152278,   -34.073465,     0.018363,
  1818.650,  -122.796302,   -31.936683,     0.020569,
  1818.700,  -122.419845,   -25.607181,     0.021302,
  1818.750,  -122.710425,   -16.248786,     0.014632,
  1818.800,  -124.186862,    -5.171940,     0.020797,
  1818.850,  -127.089537,     6.662607,     0.024951,
  1818.900,  -131.378520,    18.625622,     0.027983,
  1818.950,  -136.823039,    30.089541,     0.019840,
  1819.000,  -142.940295,    40.016526,     0.023631,
  1819.050,  -149.124563,    47.218074,     0.025584,
  1819.100,  -154.681987,    50.884722,     0.026401,
  1819.150,  -158.975098,    50.642647,     0.023574,
  1819.200,  -161.472755,    46.713945,     0.023780,
  1819.250,  -161.841706,    39.804740,     0.032521,
  1819.300,  -159.956706,    31.197356,     0.027849,
  1819.350,  -155.945647,    22.521628,     0.022676,
  1819.400,  -150.163964,    15.135679,     0.022822,
  1819.450,  -143.135913,     9.380475,     0.021391,
  1819.500,  -135.430374,     4.309309,     0.015310,
  1819.550,  -127.673925,    -1.506703,     0.015972,
  1819.600,  -120.410228,    -8.729488,     0.026709,
  1819.650,  -114.072273,   -16.688928,     0.024276,
  1819.700,  -108.880002,   -24.067432,     0.019834,
  1819.750,  -104.887054,   -30.155011,     0.013875,
  1819.800,  -101.979435,   -35.245989,     0.017410,
  1819.850,   -99.899190,   -40.070255,     0.014890,
  1819.900,   -98.278766,   -44.905187,     0.021735,
  1819.950,   -96.674322,   -49.190533,     0.014721,
  1820.000,   -94.690784,   -51.715785,     0.008478,
  1820.050,   -91.949894,   -51.018582,     0.013006,
  1820.100,   -88.204583,   -46.005538,     0.010953,
  1820.150,   -83.305702,   -36.497234,     0.008067,
  1820.200,   -77.232215,   -23.524219,     0.010136,
  1820.250,   -70.090229,    -8.900383,     0.011971,
  1820.300,   -62.181169,     5.395241,     0.006775,
  1820.350,   -53.894431,    17.647432,     0.009232,
  1820.400,   -45.606167,    26.606990,     0.008667,
  1820.450,   -37.729768,    31.467152,     0.005118,
  1820.500,   -30.696104,    32.195146,     0.011956,
  1820.550,   -24.877313,    29.733697,     0.015343,
  1820.600,   -20.522687,    25.536276,     0.008700,
  1820.650,   -17.721350,    20.906493,    -0.002512,
  1820.700,   -16.482218,    16.698664,     0.005533,
  1820.750,   -16.643099,    13.471968,     0.009879,
  1820.800,   -17.935315,    11.727144,     0.010382,
  1820.850,   -20.022044,    11.913331,     0.001376,
  1820.900,   -22.488948,    14.158019,     0.002827,
  1820.950,   -24.934534,    17.764564,     0.007979,
  1821.000,   -27.051549,    21.122868,     0.004678,
  1821.050,   -28.574005,    22.572170,     0.006085,
  1821.100,   -29.353776,    21.440215,     0.004908,
  1821.150,   -29.364063,    18.387659,     0.004721,
  1821.200,   -28.623681,    14.814197,     0.007675,
  1821.250,   -27.279850,    11.601655,     0.004249,
  1821.300,   -25.486871,     8.453622,     0.004890,
  1821.350,   -23.386974,     4.448721,     0.009415,
  1821.400,   -21.082847,    -0.943460,     0.002064,
  1821.450,   -18.599427,    -7.309549,     0.002705,
  1821.500,   -15.955245,   -13.613041,     0.000048,
  1821.550,   -13.098421,   -19.058338,     0.006846,
  1821.600,    -9.913971,   -23.233679,     0.009227,
  1821.650,    -6.324484,   -25.772591,    -0.003690,
  1821.700,    -2.297055,   -25.958897,    -0.000983,
  1821.750,     2.161125,   -22.915390,     0.003647,
  1821.800,     6.957638,   -16.313390,     0.000589,
  1821.850,    11.870749,    -6.798868,    -0.004890,
  1821.900,    16.694554,     4.184364,    -0.006104,
  1821.950,    21.149717,    14.956796,    -0.003483,
  1822.000,    24.906633,    24.143744,     0.004823,
  1822.050,    27.670064,    30.869086,     0.003195,
  1822.100,    29.237751,    34.955047,    -0.005181,
  1822.150,    29.426635,    37.029061,    -0.007200,
  1822.200,    28.157120,    37.960231,    -0.010874,
  1822.250,    25.496932,    38.243248,    -0.008492,
  1822.300,    21.560741,    37.926894,    -0.007618,
  1822.350,    16.545395,    37.014289,     0.000163,
  1822.400,    10.730017,    35.662943,     0.003569,
  1822.450,     4.384276,    33.849123,     0.004227,
  1822.500,    -2.234080,    31.213674,     0.002538,
  1822.550,    -8.806144,    27.239238,     0.003622,
  1822.600,   -15.059278,    21.755897,     0.008615,
  1822.650,   -20.756993,    15.363608,     0.009981,
  1822.700,   -25.693022,     9.228489,     0.007068,
  1822.750,   -29.674341,     4.518488,     0.004840,
  1822.800,   -32.526948,     2.146155,     0.006250,
  1822.850,   -34.167955,     2.615345,     0.003401,
  1822.900,   -34.500114,     5.752394,     0.004626,
  1822.950,   -33.496854,    10.636127,     0.008283,
  1823.000,   -31.204020,    15.960726,     0.008320,
  1823.050,   -27.670465,    20.560004,     0.003459,
  1823.100,   -23.050267,    23.630860,     0.005380,
  1823.150,   -17.606709,    24.774320,     0.002467,
  1823.200,   -11.610896,    23.898730,     0.004048,
  1823.250,    -5.349407,    21.106473,     0.008555,
  1823.300,     0.835466,    16.377747,     0.007743,
  1823.350,     6.605039,     9.384574,     0.001798,
  1823.400,    11.687941,    -0.470310,    -0.010475,
  1823.450,    15.882317,   -13.390756,    -0.003707,
  1823.500,    19.069096,   -28.369758,     0.003081,
  1823.550,    21.241260,   -42.905107,     0.007214,
  1823.600,    22.415926,   -53.842904,     0.002890,
  1823.650,    22.709569,   -58.794135,    -0.003577,
  1823.700,    22.307294,   -57.183075,     0.002556,
  1823.750,    21.389830,   -50.035989,     0.011132,
  1823.800,    20.136846,   -39.321920,     0.003265,
  1823.850,    18.711696,   -27.238584,     0.002447,
  1823.900,    17.226220,   -15.657242,     0.003319,
  1823.950,    15.703315,    -5.722021,    -0.003896,
  1824.000,    14.159433,     2.360721,     0.000282,
  1824.050,    12.583096,     9.009339,    -0.001346,
  1824.100,    10.878150,    14.881176,    -0.002680,
  1824.150,     9.001955,    20.368077,    -0.000072,
  1824.200,     6.920878,    25.181553,    -0.002305,
  1824.250,     4.619613,    28.623991,     0.000147,
  1824.300,     2.166877,    30.019361,     0.005337,
  1824.350,    -0.330334,    29.259712,     0.007837,
  1824.400,    -2.745025,    27.003075,    -0.000098,
  1824.450,    -4.898520,    24.354970,    -0.002944,
  1824.500,    -6.596639,    22.215539,     0.008853,
  1824.550,    -7.625425,    20.739442,     0.008004,
  1824.600,    -7.846198,    19.273795,    -0.001034,
  1824.650,    -7.141917,    16.975346,    -0.001177,
  1824.700,    -5.450792,    13.554838,    -0.004796,
  1824.750,    -2.802684,     9.493411,    -0.004216,
  1824.800,     0.697265,     5.637835,     0.006879,
  1824.850,     4.894658,     2.558856,     0.006077,
  1824.900,     9.511482,     0.206053,    -0.001631,
  1824.950,    14.283727,    -2.001680,    -0.003041,
  1825.000,    18.978048,    -4.621124,    -0.005161,
  1825.050,    23.311172,    -7.718672,    -0.004179,
  1825.100,    27.025480,   -10.981745,     0.000069,
  1825.150,    29.940891,   -13.991036,    -0.004343,
  1825.200,    31.915354,   -16.494289,    -0.008159,
  1825.250,    32.892696,   -18.546325,    -0.004924,
  1825.300,    32.901593,   -20.437276,     0.000117,
  1825.350,    31.996305,   -22.406864,    -0.001887,
  1825.400,    30.337181,   -24.542585,    -0.002525,
  1825.450,    28.104273,   -26.619081,    -0.008207,
  1825.500,    25.470918,   -28.165798,    -0.001196,
  1825.550,    22.656701,   -28.542258,    -0.000576,
  1825.600,    19.859664,   -27.153598,    -0.008691,
  1825.650,    17.279194,   -23.569110,    -0.002072,
  1825.700,    15.046083,   -17.475958,     0.000424,
  1825.750,    13.264220,    -8.794241,     0.001941,
  1825.800,    11.951194,     2.127111,     0.000747,
  1825.850,    11.059465,    14.314707,     0.005678,
  1825.900,    10.497239,    26.255405,     0.000738,
  1825.950,    10.129196,    36.424233,     0.003973,
  1826.000,     9.739687,    43.846124,     0.010966,
  1826.050,     9.104519,    48.150831,    -0.000691,
  1826.100,     8.036023,    49.184527,    -0.000299,
  1826.150,     6.359307,    46.580397,     0.008298,
  1826.200,     3.944760,    40.031388,     0.006036,
  1826.250,     0.760321,    29.892030,     0.002604,
  1826.300,    -3.109438,    17.505366,     0.001202,
  1826.350,    -7.502589,     4.810406,     0.000367,
  1826.400,   -12.167715,    -6.439686,     0.003155,
  1826.450,   -16.775004,   -14.923169,     0.011060,
  1826.500,   -20.985555,   -19.682913,     0.016595,
  1826.550,   -24.390717,   -20.023660,     0.009153,
  1826.600,   -26.693741,   -15.880512,     0.004423,
  1826.650,   -27.643978,    -8.129811,     0.002905,
  1826.700,   -27.091376,     1.413687,    -0.001145,
  1826.750,   -25.027958,    10.644974,    -0.004121,
  1826.800,   -21.522561,    17.810538,     0.001233,
  1826.850,   -16.809096,    21.698540,     0.000059,
  1826.900,   -11.213960,    21.583451,     0.003377,
  1826.950,    -5.084454,    17.412497,     0.007763,
  1827.000,     1.193979,     9.877072,    -0.006450,
  1827.050,     7.237686,     0.338659,    -0.007462,
  1827.100,    12.695555,    -9.320569,    -0.000414,
  1827.150,    17.302963,   -17.373961,    -0.004084,
  1827.200,    20.912976,   -22.821943,    -0.003582,
  1827.250,    23.420284,   -25.346719,    -0.002615,
  1827.300,    24.789209,   -25.154796,    -0.002403,
  1827.350,    25.062477,   -22.626357,     0.002094,
  1827.400,    24.372440,   -18.270032,    -0.000739,
  1827.450,    22.864569,   -12.902460,    -0.006537,
  1827.500,    20.681743,    -7.296602,    -0.006911,
  1827.550,    17.993628,    -1.999554,     0.000585,
  1827.600,    14.980487,     2.808927,    -0.001650,
  1827.650,    11.787700,     7.121435,    -0.002176,
  1827.700,     8.479779,    10.811810,     0.007539,
  1827.750,     5.148517,    13.864547,     0.006787,
  1827.800,     1.876930,    16.572116,     0.006766,
  1827.850,    -1.281474,    19.290018,     0.000346,
  1827.900,    -4.305052,    21.949321,     0.004261,
  1827.950,    -7.158077,    23.915553,    -0.000952,
  1828.000,    -9.808280,    24.400622,    -0.005163,
  1828.050,   -12.256417,    23.071611,    -0.003802,
  1828.100,   -14.452617,    20.309989,     0.003221,
  1828.150,   -16.361452,    17.074712,     0.005454,
  1828.200,   -17.927158,    14.496528,     0.005286,
  1828.250,   -19.087847,    13.430294,     0.012993,
  1828.300,   -19.757571,    14.212646,     0.005931,
  1828.350,   -19.841724,    16.701347,    -0.000607,
  1828.400,   -19.253566,    20.376886,     0.008087,
  1828.450,   -17.939814,    24.366324,     0.007313,
  1828.500,   -15.829091,    27.545805,     0.003040,
  1828.550,   -12.920231,    28.823932,     0.001631,
  1828.600,    -9.222599,    27.466472,     0.005587,
  1828.650,    -4.850010,    23.175573,     0.003765,
  1828.700,     0.060401,    16.102786,    -0.001056,
  1828.750,     5.294102,     6.848523,     0.003286,
  1828.800,    10.562111,    -3.646359,     0.006511,
  1828.850,    15.555499,   -13.930541,    -0.006475,
  1828.900,    19.998852,   -22.274885,     0.000458,
  1828.950,    23.560026,   -27.303562,     0.007235,
  1829.000,    26.019596,   -28.786883,     0.004107,
  1829.050,    27.175721,   -27.843338,     0.001833,
  1829.100,    26.971082,   -26.169775,     0.003799,
  1829.150,    25.453071,   -24.785277,    -0.001679,
  1829.200,    22.765301,   -23.356174,     0.000317,
  1829.250,    19.173589,   -20.493186,     0.002027,
  1829.300,    15.038375,   -14.745359,     0.005647,
  1829.350,    10.732260,    -5.519369,    -0.001825,
  1829.400,     6.599728,     6.385469,    -0.003956,
  1829.450,     2.972908,    19.054222,     0.002108,
  1829.500,     0.128349,    30.165201,     0.002693,
  1829.550,    -1.813195,    37.778556,    -0.000049,
  1829.600,    -2.842810,    40.931050,     0.001562,
  1829.650,    -3.046498,    39.870353,     0.003161,
  1829.700,    -2.640363,    35.684155,     0.003747,
  1829.750,    -1.894089,    29.593968,     0.000759,
  1829.800,    -1.072986,    22.430070,    -0.001554,
  1829.850,    -0.468132,    14.839649,     0.003982,
  1829.900,    -0.271166,     7.686338,    -0.001329,
  1829.950,    -0.580717,     2.120058,    -0.002163,
  1830.000,    -1.434443,    -0.827524,     0.009968,
  1830.050,    -2.761031,    -0.826250,     0.007809,
  1830.100,    -4.367644,     1.479806,     0.001377,
  1830.150,    -6.005446,     4.793537,     0.004615,
  1830.200,    -7.460228,     7.696071,     0.001823,
  1830.250,    -8.459770,     9.241536,     0.000473,
  1830.300,    -8.816609,     9.027049,     0.001470,
  1830.350,    -8.425122,     6.892917,    -0.004713,
  1830.400,    -7.215340,     2.550808,    -0.000940,
  1830.450,    -5.212504,    -4.339850,     0.002084,
  1830.500,    -2.535387,   -13.670012,    -0.000189,
  1830.550,     0.620447,   -24.337272,    -0.000923,
  1830.600,     4.082231,   -34.349163,    -0.000458,
  1830.650,     7.622174,   -41.759676,     0.001544,
  1830.700,    11.015133,   -45.636727,    -0.001928,
  1830.750,    14.080847,   -46.191119,    -0.005875,
  1830.800,    16.736553,   -44.235000,    -0.000977,
  1830.850,    18.873420,   -40.385462,    -0.003115,
  1830.900,    20.449870,   -34.659830,    -0.006729,
  1830.950,    21.480233,   -26.630637,     0.001048,
  1831.000,    22.038523,   -16.019507,     0.004258,
  1831.050,    22.188410,    -3.309846,     0.002742,
  1831.100,    22.025859,    10.095456,    -0.004766,
  1831.150,    21.640333,    22.170833,    -0.000739,
  1831.200,    21.106031,    30.908181,     0.000658,
  1831.250,    20.452265,    34.996890,    -0.004015,
  1831.300,    19.685561,    34.316866,    -0.004453,
  1831.350,    18.783447,    29.929617,    -0.002615,
  1831.400,    17.673212,    23.643760,     0.000702,
  1831.450,    16.284724,    17.323245,     0.003078,
  1831.500,    14.515317,    12.362319,     0.005685,
  1831.550,    12.322483,     9.449853,     0.003140,
  1831.600,     9.677605,     8.706103,    -0.005383,
  1831.650,     6.567837,     9.835544,     0.000714,
  1831.700,     3.086943,    12.154603,     0.005913,
  1831.750,    -0.609831,    14.808099,     0.005657,
  1831.800,    -4.349286,    16.963601,     0.006208,
  1831.850,    -7.880478,    18.102004,     0.009584,
  1831.900,   -10.942503,    18.270308,     0.008076,
  1831.950,   -13.298481,    17.887835,     0.008540,
  1832.000,   -14.733622,    17.434062,     0.007268,
  1832.050,   -15.117534,    17.309275,     0.005258,
  1832.100,   -14.352939,    17.753355,     0.001240,
  1832.150,   -12.431694,    18.762599,     0.009558,
  1832.200,    -9.457665,    19.972678,     0.004718,
  1832.250,    -5.596884,    20.598847,     0.003094,
  1832.300,    -1.113138,    19.603358,     0.002476,
  1832.350,     3.699107,    16.195257,     0.002774,
  1832.400,     8.508492,    10.365067,    -0.002276,
  1832.450,    12.967534,     2.934492,    -0.001916,
  1832.500,    16.807253,    -4.680504,    -0.001166,
  1832.550,    19.800026,   -11.147414,    -0.005784,
  1832.600,    21.777105,   -15.715106,    -0.004668,
  1832.650,    22.635021,   -18.287008,     0.002927,
  1832.700,    22.412380,   -19.066708,     0.002814,
  1832.750,    21.212373,   -18.159480,     0.002020,
  1832.800,    19.218091,   -15.650961,     0.002874,
  1832.850,    16.647186,   -11.875030,     0.002035,
  1832.900,    13.736539,    -7.618771,    -0.001624,
  1832.950,    10.705363,    -3.788100,    -0.008299,
  1833.000,     7.694342,    -1.054551,    -0.003284,
  1833.050,     4.819334,     0.428979,     0.008676,
  1833.100,     2.139118,     0.972264,     0.005264,
  1833.150,    -0.360078,     1.038879,    -0.002486,
  1833.200,    -2.760119,     1.040809,     0.003590,
  1833.250,    -5.169555,     1.132363,     0.010095,
  1833.300,    -7.648020,     1.242845,     0.001176,
  1833.350,   -10.258602,     1.253694,     0.001306,
  1833.400,   -13.030702,     1.205574,     0.003698,
  1833.450,   -15.889292,     1.294826,     0.002823,
  1833.500,   -18.731015,     1.770382,    -0.000995,
  1833.550,   -21.336781,     2.848950,     0.010071,
  1833.600,   -23.472749,     4.495342,     0.017873,
  1833.650,   -24.911459,     6.355070,     0.007564,
  1833.700,   -25.435001,     7.917961,     0.000202,
  1833.750,   -24.875071,     8.745816,     0.002431,
  1833.800,   -23.136749,     8.423668,     0.003228,
  1833.850,   -20.225415,     6.551987,     0.004686,
  1833.900,   -16.239517,     2.986065,    -0.001530,
  1833.950,   -11.423618,    -2.013625,     0.001282,
  1834.000,    -6.041048,    -7.789469,     0.005960,
  1834.050,    -0.419210,   -13.542660,     0.003115,
  1834.100,     5.085199,   -18.673389,     0.004638,
  1834.150,    10.116219,   -22.883913,    -0.000615,
  1834.200,    14.399689,   -26.223843,    -0.008156,
  1834.250,    17.776341,   -28.929891,    -0.009336,
  1834.300,    20.151568,   -31.124258,    -0.005426,
  1834.350,    21.525056,   -32.828370,    -0.004953,
  1834.400,    21.965184,   -33.948314,    -0.000251,
  1834.450,    21.671789,   -34.273891,    -0.001349,
  1834.500,    20.863187,   -33.545463,    -0.003503,
  1834.550,    19.755564,   -31.567945,    -0.006039,
  1834.600,    18.587666,   -28.476617,     0.000960,
  1834.650,    17.544743,   -24.777645,     0.005229,
  1834.700,    16.730119,   -20.945579,    -0.007919,
  1834.750,    16.222801,   -17.237508,    -0.002936,
  1834.800,    16.031812,   -13.726920,     0.003867,
  1834.850,    16.101725,   -10.450062,    -0.000847,
  1834.900,    16.305850,    -7.601820,     0.000215,
  1834.950,    16.538953,    -5.382621,    -0.001068,
  1835.000,    16.679035,    -3.716514,    -0.004608,
  1835.050,    16.574224,    -2.055115,    -0.009442,
  1835.100,    16.124047,     0.372992,    -0.007542,
  1835.150,    15.242625,     4.044364,     0.000030,
  1835.200,    13.881042,     8.685644,     0.004145,
  1835.250,    12.034815,    13.400398,     0.001948,
  1835.300,     9.747804,    17.124581,     0.004592,
  1835.350,     7.082740,    18.949199,     0.004529,
  1835.400,     4.153762,    18.258166,    -0.005088,
  1835.450,     1.137435,    14.967138,    -0.001329,
  1835.500,    -1.829832,     9.497772,     0.003236,
  1835.550,    -4.580539,     2.529657,    -0.005492,
  1835.600,    -6.940227,    -5.102040,    -0.004111,
  1835.650,    -8.772801,   -12.626079,     0.006483,
  1835.700,   -10.016862,   -19.273077,     0.005329,
  1835.750,   -10.628917,   -24.306475,     0.002881,
  1835.800,   -10.637187,   -27.096729,    -0.005359,
  1835.850,   -10.082548,   -27.308543,    -0.000823,
  1835.900,    -9.062297,   -25.123480,     0.005673,
  1835.950,    -7.719260,   -21.276596,     0.001602,
  1836.000,    -6.168989,   -16.877191,     0.002681,
  1836.050,    -4.541058,   -13.073376,    -0.000147,
  1836.100,    -2.931776,   -10.568535,     0.003417,
  1836.150,    -1.444086,    -9.405902,     0.001889,
  1836.200,    -0.141629,    -9.113601,    -0.001397,
  1836.250,     0.957214,    -9.014866,     0.002482,
  1836.300,     1.855265,    -8.593678,     0.002891,
  1836.350,     2.559554,    -7.688710,     0.000449,
  1836.400,     3.062263,    -6.225395,     0.001102,
  1836.450,     3.397297,    -4.062696,    -0.001214,
  1836.500,     3.555557,    -1.217239,     0.001048,
  1836.550,     3.523299,     1.902860,     0.008900,
  1836.600,     3.250123,     4.634582,     0.001838,
  1836.650,     2.705515,     6.325258,    -0.002756,
  1836.700,     1.851479,     6.709753,     0.000075,
  1836.750,     0.626021,     6.004670,     0.004726,
  1836.800,    -0.988687,     4.666850,     0.001664,
  1836.850,    -2.992289,     3.161776,     0.002707,
  1836.900,    -5.360395,     1.818213,    -0.002601,
  1836.950,    -8.035143,     0.861980,    -0.004997,
  1837.000,   -10.937419,     0.593168,    -0.002863,
  1837.050,   -13.940211,     1.277000,     0.001070,
  1837.100,   -16.907998,     2.940926,     0.003929,
  1837.150,   -19.714453,     5.231026,     0.006892,
  1837.200,   -22.211742,     7.560085,     0.010315,
  1837.250,   -24.275430,     9.258550,     0.005670,
  1837.300,   -25.834835,     9.807661,     0.000035,
  1837.350,   -26.791867,     8.927444,     0.007286,
  1837.400,   -27.109288,     6.535065,     0.004079,
  1837.450,   -26.806303,     2.887549,     0.009470,
  1837.500,   -25.894145,    -1.479222,     0.006001,
  1837.550,   -24.421049,    -5.892420,    -0.001811,
  1837.600,   -22.466192,    -9.695342,    -0.004458,
  1837.650,   -20.122409,   -12.421443,     0.000440,
  1837.700,   -17.497978,   -13.774207,     0.003465,
  1837.750,   -14.674838,   -13.638550,     0.005815,
  1837.800,   -11.755281,   -12.142919,     0.006594,
  1837.850,    -8.829007,    -9.669620,     0.000416,
  1837.900,    -5.986043,    -6.815378,    -0.006632,
  1837.950,    -3.282385,    -4.284287,    -0.000692,
  1838.000,    -0.811373,    -2.708839,     0.002246,
  1838.050,     1.362413,    -2.333458,    -0.000998,
  1838.100,     3.184224,    -2.948490,     0.000036,
  1838.150,     4.579529,    -4.046196,     0.003940,
  1838.200,     5.455312,    -5.155060,     0.002105,
  1838.250,     5.771455,    -6.085958,    -0.002425,
  1838.300,     5.476425,    -6.850928,     0.000424,
  1838.350,     4.540291,    -7.416637,     0.002877,
  1838.400,     3.006839,    -7.539068,    -0.003124,
  1838.450,     0.950509,    -6.875545,    -0.004205,
  1838.500,    -1.557243,    -5.232683,     0.003785,
  1838.550,    -4.352841,    -2.754679,     0.007597,
  1838.600,    -7.257791,     0.212857,    -0.000031,
  1838.650,   -10.069138,     3.342214,     0.002075,
  1838.700,   -12.629156,     6.548403,     0.002243,
  1838.750,   -14.747041,     9.921266,    -0.003300,
  1838.800,   -16.268300,    13.470922,     0.001291,
  1838.850,   -17.147743,    17.020932,     0.009834,
  1838.900,   -17.326986,    20.180668,     0.006174,
  1838.950,   -16.851667,    22.606575,     0.001945,
  1839.000,   -15.785967,    24.152963,     0.011880,
  1839.050,   -14.242794,    24.654262,     0.004365,
  1839.100,   -12.344929,    23.772274,     0.003668,
  1839.150,   -10.237513,    21.068594,     0.008980,
  1839.200,    -8.056431,    16.362663,     0.002282,
  1839.250,    -5.909561,    10.047798,    -0.002075,
  1839.300,    -3.854548,     3.168999,     0.002480,
  1839.350,    -1.983362,    -2.862830,     0.000518,
  1839.400,    -0.352358,    -7.018881,     0.003170,
  1839.450,     1.041151,    -9.012127,     0.008257,
  1839.500,     2.193313,    -9.196138,    -0.000397,
  1839.550,     3.106668,    -8.287767,    -0.005994,
  1839.600,     3.784496,    -7.039502,    -0.007076,
  1839.650,     4.264849,    -6.180736,    -0.003465,
  1839.700,     4.554004,    -6.378561,     0.001880,
  1839.750,     4.704804,    -7.886012,     0.004632,
  1839.800,     4.729263,   -10.430582,     0.008695,
  1839.850,     4.666994,   -13.137804,    -0.001530,
  1839.900,     4.556913,   -14.906125,    -0.002835,
  1839.950,     4.403410,   -14.977846,    -0.000044,
  1840.000,     4.220113,   -13.119039,     0.003432,
  1840.050,     4.019224,    -9.629823,     0.000091,
  1840.100,     3.778268,    -5.099669,     0.000090,
  1840.150,     3.452670,    -0.190960,     0.001287,
  1840.200,     3.037057,     4.591724,     0.005155,
  1840.250,     2.494892,     8.967002,     0.010168,
  1840.300,     1.778155,    12.832525,     0.004645,
  1840.350,     0.894597,    16.177179,     0.001556,
  1840.400,    -0.141127,    18.912986,    -0.003540,
  1840.450,    -1.299759,    20.945725,    -0.009049,
  1840.500,    -2.526661,    22.193469,    -0.008289,
  1840.550,    -3.749015,    22.603968,     0.002669,
  1840.600,    -4.873349,    22.148889,     0.004098,
  1840.650,    -5.833017,    20.747100,    -0.000899,
  1840.700,    -6.573086,    18.367706,     0.000696,
  1840.750,    -7.048827,    15.040705,     0.008013,
  1840.800,    -7.269052,    10.986960,     0.001723,
  1840.850,    -7.250454,     6.643407,    -0.002145,
  1840.900,    -7.010106,     2.595833,     0.006302,
  1840.950,    -6.625324,    -0.685501,     0.009284,
  1841.000,    -6.160229,    -3.160790,     0.007794,
  1841.050,    -5.649493,    -5.188166,     0.012082,
  1841.100,    -5.151524,    -7.310320,    -0.001232,
  1841.150,    -4.676280,    -9.767771,     0.002443,
  1841.200,    -4.207533,   -12.319902,     0.012446,
  1841.250,    -3.735403,   -14.342621,     0.010910,
  1841.300,    -3.179771,   -15.174875,     0.009120,
  1841.350,    -2.504925,   -14.421974,     0.001184,
  1841.400,    -1.653018,   -12.207803,     0.005894,
  1841.450,    -0.593109,    -9.096450,     0.003957,
  1841.500,     0.722335,    -5.933867,     0.004653,
  1841.550,     2.275442,    -3.488544,     0.007703,
  1841.600,     4.055838,    -2.209701,     0.011717,
  1841.650,     5.985048,    -2.219227,    -0.003006,
  1841.700,     7.957935,    -3.223136,    -0.007714,
  1841.750,     9.882029,    -4.650551,     0.003417,
  1841.800,    11.625794,    -5.909492,     0.004903,
  1841.850,    13.038058,    -6.580509,     0.002899,
  1841.900,    14.047732,    -6.505670,     0.001398,
  1841.950,    14.546666,    -5.727857,     0.002573,
  1842.000,    14.479973,    -4.340541,     0.003745,
  1842.050,    13.832692,    -2.381000,     0.001020,
  1842.100,    12.614770,     0.128892,    -0.003628,
  1842.150,    10.881857,     3.086905,     0.005529,
  1842.200,     8.743704,     6.179403,     0.012212,
  1842.250,     6.309407,     8.970831,     0.004426,
  1842.300,     3.722630,    11.004391,    -0.006285,
  1842.350,     1.135426,    11.985797,    -0.008033,
  1842.400,    -1.312496,    11.791395,    -0.001883,
  1842.450,    -3.519968,    10.556936,    -0.001393,
  1842.500,    -5.419739,     8.599715,     0.005678,
  1842.550,    -6.912853,     6.203096,     0.009765,
  1842.600,    -7.991082,     3.598477,     0.006453,
  1842.650,    -8.658535,     1.105709,     0.007855,
  1842.700,    -8.898719,    -0.878130,    -0.000499,
  1842.750,    -8.755555,    -2.053943,    -0.006435,
  1842.800,    -8.236720,    -2.379483,     0.003406,
  1842.850,    -7.326621,    -2.132514,     0.008914,
  1842.900,    -6.054704,    -1.728743,    -0.001118,
  1842.950,    -4.443466,    -1.527020,    -0.005465,
  1843.000,    -2.512338,    -1.665021,    -0.000709,
  1843.050,    -0.300372,    -2.159595,     0.002173,
  1843.100,     2.118286,    -3.038913,    -0.001330,
  1843.150,     4.686818,    -4.236992,    -0.000481,
  1843.200,     7.303504,    -5.492914,    -0.001779,
  1843.250,     9.836593,    -6.465915,    -0.001948,
  1843.300,    12.164974,    -6.935075,    -0.000414,
  1843.350,    14.176604,    -7.040925,    -0.003902,
  1843.400,    15.773050,    -7.251765,    -0.010463,
  1843.450,    16.837848,    -8.044642,    -0.002179,
  1843.500,    17.313824,    -9.502663,    -0.005717,
  1843.550,    17.173229,   -11.226137,    -0.011916,
  1843.600,    16.407145,   -12.648252,    -0.002878,
  1843.650,    15.051308,   -13.405406,     0.000317,
  1843.700,    13.194170,   -13.419615,     0.000178,
  1843.750,    10.926221,   -12.725028,    -0.000773,
  1843.800,     8.333083,   -11.284068,    -0.009664,
  1843.850,     5.540431,    -9.010743,    -0.006753,
  1843.900,     2.691049,    -5.952154,     0.005043,
  1843.950,    -0.081657,    -2.392469,     0.005182,
  1844.000,    -2.676687,     1.106331,     0.001558,
  1844.050,    -4.983408,     4.069439,    -0.000525,
  1844.100,    -6.915506,     6.261043,     0.001757,
  1844.150,    -8.435490,     7.699110,     0.007670,
  1844.200,    -9.511610,     8.670996,     0.007508,
  1844.250,   -10.137252,     9.521972,     0.005685,
  1844.300,   -10.340924,    10.580347,     0.001366,
  1844.350,   -10.180840,    11.991470,     0.007208,
  1844.400,    -9.705760,    13.627960,     0.003337,
  1844.450,    -9.006790,    15.098220,    -0.003424,
  1844.500,    -8.145458,    15.745676,    -0.008863,
  1844.550,    -7.209378,    14.927225,    -0.003942,
  1844.600,    -6.248479,    12.404573,     0.001094,
  1844.650,    -5.303440,     8.354715,     0.004718,
  1844.700,    -4.401892,     3.221813,     0.002978,
  1844.750,    -3.529032,    -2.446723,     0.006290,
  1844.800,    -2.666666,    -8.099583,     0.007930,
  1844.850,    -1.816610,   -13.216332,     0.003411,
  1844.900,    -0.934078,   -17.300390,    -0.000934,
  1844.950,     0.006692,   -19.924685,    -0.000296,
  1845.000,     1.011080,   -20.905241,     0.002708,
  1845.050,     2.055421,   -20.267452,     0.006329,
  1845.100,     3.117848,   -18.381175,    -0.000765,
  1845.150,     4.147426,   -15.814351,    -0.003658,
  1845.200,     5.099557,   -13.007881,     0.000321,
  1845.250,     5.889455,   -10.277124,    -0.003200,
  1845.300,     6.459449,    -7.804084,    -0.001260,
  1845.350,     6.743788,    -5.559058,    -0.001247,
  1845.400,     6.726440,    -3.419265,    -0.002542,
  1845.450,     6.414179,    -1.254676,    -0.000537,
  1845.500,     5.808862,     0.873810,     0.000698,
  1845.550,     4.959662,     2.809654,     0.007077,
  1845.600,     3.905676,     4.416458,    -0.000400,
  1845.650,     2.727059,     5.604070,     0.002228,
  1845.700,     1.523612,     6.398402,     0.000117,
  1845.750,     0.334805,     6.817099,     0.001467,
  1845.800,    -0.798102,     6.869681,     0.000783,
  1845.850,    -1.833115,     6.626958,    -0.000071,
  1845.900,    -2.756569,     6.215476,     0.002427,
  1845.950,    -3.583332,     5.905667,     0.003315,
  1846.000,    -4.300552,     5.901691,     0.000151,
  1846.050,    -4.933817,     6.253532,    -0.000497,
  1846.100,    -5.502563,     6.879269,     0.000705,
  1846.150,    -6.045643,     7.593919,    -0.000384,
  1846.200,    -6.561708,     8.155805,    -0.001813,
  1846.250,    -7.063015,     8.301571,     0.006173,
  1846.300,    -7.548477,     7.784790,     0.007262,
  1846.350,    -7.979160,     6.458673,     0.004575,
  1846.400,    -8.350649,     4.198347,     0.004522,
  1846.450,    -8.609525,     0.971426,     0.001811,
  1846.500,    -8.725744,    -3.094834,     0.001488,
  1846.550,    -8.664702,    -7.616596,    -0.001110,
  1846.600,    -8.354149,   -11.922444,     0.001382,
  1846.650,    -7.780518,   -15.239929,     0.003309,
  1846.700,    -6.929774,   -16.990636,     0.001594,
  1846.750,    -5.792350,   -16.974762,     0.000598,
  1846.800,    -4.387490,   -15.470278,    -0.001406,
  1846.850,    -2.740251,   -13.146777,    -0.005030,
  1846.900,    -0.906464,   -10.660577,    -0.004570,
  1846.950,     1.036661,    -8.465053,    -0.003759,
  1847.000,     3.008875,    -6.689420,    -0.004310,
  1847.050,     4.947587,    -5.116925,    -0.001893,
  1847.100,     6.763638,    -3.402247,    -0.003366,
  1847.150,     8.348522,    -1.286565,    -0.003327,
  1847.200,     9.627506,     1.233135,     0.003097,
  1847.250,    10.553501,     3.832988,     0.005782,
  1847.300,    11.067432,     5.973296,     0.000857,
  1847.350,    11.112087,     7.048106,    -0.002035,
  1847.400,    10.646310,     6.594504,    -0.002491,
  1847.450,     9.689241,     4.526363,    -0.005531,
  1847.500,     8.265486,     1.203202,     0.003498,
  1847.550,     6.378918,    -2.595378,     0.009247,
  1847.600,     4.112067,    -5.957587,     0.002780,
  1847.650,     1.555012,    -8.022149,     0.002428,
  1847.700,    -1.169417,    -8.101769,    -0.002576,
  1847.750,    -3.935564,    -5.932908,    -0.003699,
  1847.800,    -6.593894,    -1.843804,     0.002897,
  1847.850,    -8.999478,     3.295714,     0.007608,
  1847.900,   -11.030421,     8.288756,     0.006347,
  1847.950,   -12.581330,    12.039769,     0.007603,
  1848.000,   -13.562617,    13.858739,     0.008722,
  1848.050,   -13.953707,    13.626806,     0.002067,
  1848.100,   -13.759909,    11.683270,     0.009199,
  1848.150,   -13.019094,     8.600633,     0.005766,
  1848.200,   -11.797201,     5.065112,    -0.003501,
  1848.250,   -10.197400,     1.602128,     0.001729,
  1848.300,    -8.325498,    -1.441510,     0.011260,
  1848.350,    -6.309386,    -3.956260,     0.011427,
  1848.400,    -4.255301,    -5.915576,     0.004364,
  1848.450,    -2.263779,    -7.295862,     0.002637,
  1848.500,    -0.412149,    -8.022371,     0.002932,
  1848.550,     1.239164,    -8.004522,    -0.004511,
  1848.600,     2.671551,    -7.253450,    -0.003054,
  1848.650,     3.861318,    -5.977958,     0.000366,
  1848.700,     4.815795,    -4.593864,    -0.001378,
  1848.750,     5.539882,    -3.550717,    -0.003173,
  1848.800,     6.057841,    -3.180318,    -0.004182,
  1848.850,     6.393103,    -3.464481,     0.004182,
  1848.900,     6.573322,    -4.117155,     0.001661,
  1848.950,     6.606681,    -4.736251,    -0.000300,
  1849.000,     6.505627,    -5.012935,    -0.006450,
  1849.050,     6.242905,    -4.882742,    -0.010423,
  1849.100,     5.813446,    -4.484956,     0.004566,
  1849.150,     5.203828,    -4.124944,     0.010993,
  1849.200,     4.392446,    -3.857434,     0.003885,
  1849.250,     3.371319,    -3.423801,    -0.000865,
  1849.300,     2.130114,    -2.524978,    -0.000426,
  1849.350,     0.714954,    -0.862104,     0.000825,
  1849.400,    -0.859233,     1.676878,    -0.006700,
  1849.450,    -2.530449,     5.003081,    -0.002033,
  1849.500,    -4.198042,     8.887604,     0.000518,
  1849.550,    -5.782083,    12.975404,    -0.003603,
  1849.600,    -7.174934,    16.820081,    -0.004307,
  1849.650,    -8.280163,    19.871670,    -0.008831,
  1849.700,    -9.028461,    21.577370,     0.001681,
  1849.750,    -9.377170,    21.476255,     0.008831,
  1849.800,    -9.290925,    19.444501,     0.012424,
  1849.850,    -8.778042,    15.730730,     0.004529,
  1849.900,    -7.874288,    10.907538,    -0.004091,
  1849.950,    -6.681328,     5.642387,     0.006620,
  1850.000,    -5.262046,     0.534667,     0.005621,
  1850.050,    -3.721613,    -3.896430,    -0.004269,
  1850.100,    -2.189622,    -7.344522,    -0.005079,
  1850.150,    -0.755866,    -9.598626,     0.004605,
  1850.200,     0.482949,   -10.471715,     0.005186,
  1850.250,     1.469656,    -9.970255,    -0.000728,
  1850.300,     2.173742,    -8.354235,     0.006074,
  1850.350,     2.592499,    -6.057970,     0.006220,
  1850.400,     2.759742,    -3.632042,    -0.002631,
  1850.450,     2.716274,    -1.569992,    -0.002434,
  1850.500,     2.558907,    -0.133771,    -0.004154,
  1850.550,     2.359801,     0.704281,    -0.001814,
  1850.600,     2.212080,     1.230328,     0.000093,
  1850.650,     2.184966,     1.876925,     0.004580,
  1850.700,     2.296379,     3.090481,     0.004015,
  1850.750,     2.565823,     5.123112,     0.004542,
  1850.800,     2.967528,     7.870318,     0.007988,
  1850.850,     3.446666,    10.854387,     0.008228,
  1850.900,     3.906333,    13.480794,    -0.003830,
  1850.950,     4.265086,    15.380520,    -0.002677,
  1851.000,     4.426230,    16.532485,     0.008727,
  1851.050,     4.313032,    17.283341,     0.001850,
  1851.100,     3.896348,    18.060923,    -0.004295,
  1851.150,     3.163573,    19.119804,     0.002422,
  1851.200,     2.142397,    20.471972,     0.003105,
  1851.250,     0.903487,    21.942312,    -0.004477,
  1851.300,    -0.464373,    23.249543,    -0.001116,
  1851.350,    -1.848764,    24.034278,     0.002978,
  1851.400,    -3.175282,    23.973203,     0.000312,
  1851.450,    -4.346154,    22.821793,     0.003350,
  1851.500,    -5.272885,    20.522627,     0.000427,
  1851.550,    -5.915458,    17.233481,     0.001133,
  1851.600,    -6.273459,    13.257046,     0.006852,
  1851.650,    -6.361344,     8.883281,     0.010838,
  1851.700,    -6.208017,     4.405476,     0.004858,
  1851.750,    -5.872152,     0.126725,     0.000500,
  1851.800,    -5.383877,    -3.700390,     0.001786,
  1851.850,    -4.784045,    -6.843498,     0.003888,
  1851.900,    -4.113849,    -9.103134,     0.007907,
  1851.950,    -3.379079,   -10.410270,     0.004604,
  1852.000,    -2.582503,   -10.839012,     0.007436,
  1852.050,    -1.726962,   -10.492933,     0.001073,
  1852.100,    -0.762892,    -9.538227,    -0.005701,
  1852.150,     0.334273,    -8.159852,     0.002519,
  1852.200,     1.560915,    -6.593387,     0.009785,
  1852.250,     2.940113,    -5.137087,     0.001047,
  1852.300,     4.469558,    -4.137254,    -0.003833,
  1852.350,     6.092950,    -3.836262,     0.002280,
  1852.400,     7.731889,    -4.218851,     0.002106,
  1852.450,     9.326411,    -5.001400,    -0.001758,
  1852.500,    10.760845,    -5.887428,    -0.011581,
  1852.550,    11.931283,    -6.674108,    -0.002549,
  1852.600,    12.718990,    -7.308239,     0.000741,
  1852.650,    13.051375,    -7.890269,    -0.001647,
  1852.700,    12.874847,    -8.491047,    -0.001153,
  1852.750,    12.179981,    -9.129229,    -0.006638,
  1852.800,    10.957507,    -9.757710,    -0.006279,
  1852.850,     9.275047,   -10.249385,    -0.003971,
  1852.900,     7.245322,   -10.419987,     0.000315,
  1852.950,     4.988621,   -10.065120,     0.000157,
  1853.000,     2.677102,    -9.162062,     0.003559,
  1853.050,     0.468565,    -7.799105,     0.004873,
  1853.100,    -1.502178,    -6.154467,    -0.003243,
  1853.150,    -3.110386,    -4.396521,    -0.003069,
  1853.200,    -4.247204,    -2.726126,    -0.000542,
  1853.250,    -4.869861,    -1.351909,    -0.000283,
  1853.300,    -4.957121,    -0.443141,     0.000115,
  1853.350,    -4.553138,    -0.025059,    -0.002877,
  1853.400,    -3.693259,     0.081638,    -0.002515,
  1853.450,    -2.448688,     0.230983,    -0.000761,
  1853.500,    -0.922610,     0.765857,    -0.005222,
  1853.550,     0.814315,     1.682262,     0.006129,
  1853.600,     2.685588,     2.689950,     0.007208,
  1853.650,     4.631644,     3.377864,    -0.002029,
  1853.700,     6.607033,     3.452535,     0.000227,
  1853.750,     8.542503,     2.856727,     0.003596,
  1853.800,    10.414436,     1.708694,    -0.002366,
  1853.850,    12.204779,     0.239262,    -0.007063,
  1853.900,    13.885266,    -1.369309,    -0.004503,
  1853.950,    15.440346,    -2.998677,     0.000317,
  1854.000,    16.850317,    -4.418938,     0.004544,
  1854.050,    18.046958,    -5.347192,     0.007733,
  1854.100,    19.017170,    -5.582199,     0.000552,
  1854.150,    19.725288,    -5.043772,    -0.001034,
  1854.200,    20.101746,    -3.912109,     0.001896,
  1854.250,    20.106674,    -2.508400,     0.004557,
  1854.300,    19.708977,    -1.043077,     0.004270,
  1854.350,    18.901766,     0.483739,    -0.002652,
  1854.400,    17.668075,     2.253588,    -0.001008,
  1854.450,    16.007050,     4.432657,    -0.004650,
  1854.500,    13.966126,     6.934416,    -0.002010,
  1854.550,    11.629961,     9.456621,     0.009077,
  1854.600,     9.049938,    11.712138,    -0.000667,
  1854.650,     6.314515,    13.618833,    -0.008146,
  1854.700,     3.564500,    15.341410,     0.001641,
  1854.750,     0.908897,    17.132847,     0.001762,
  1854.800,    -1.561726,    19.090307,     0.002181,
  1854.850,    -3.741237,    21.106002,     0.006083,
  1854.900,    -5.552626,    22.899343,    -0.003945,
  1854.950,    -6.938296,    24.262118,    -0.006618,
  1855.000,    -7.902061,    25.209470,    -0.004354,
  1855.050,    -8.478086,    25.952837,    -0.000551,
  1855.100,    -8.683551,    26.709835,    -0.005119,
  1855.150,    -8.613502,    27.508676,    -0.004482,
  1855.200,    -8.345204,    28.211787,     0.007786,
  1855.250,    -7.955509,    28.539002,     0.006766,
  1855.300,    -7.544086,    28.244382,     0.003748,
  1855.350,    -7.159994,    27.227937,     0.007998,
  1855.400,    -6.861792,    25.595091,     0.005553,
  1855.450,    -6.683246,    23.546648,     0.003707,
  1855.500,    -6.616036,    21.231890,     0.002519,
  1855.550,    -6.652900,    18.687348,     0.000702,
  1855.600,    -6.781282,    15.793185,     0.010022,
  1855.650,    -6.938573,    12.437126,     0.014066,
  1855.700,    -7.078726,     8.681849,     0.001000,
  1855.750,    -7.169404,     4.867890,    -0.001524,
  1855.800,    -7.151440,     1.550876,    -0.002142,
  1855.850,    -6.985079,    -0.773720,    -0.003914,
  1855.900,    -6.671300,    -1.881631,     0.001130,
  1855.950,    -6.193179,    -1.779899,     0.003173,
  1856.000,    -5.547265,    -0.664943,     0.002419,
  1856.050,    -4.776019,     1.183909,    -0.004821,
  1856.100,    -3.898501,     3.364228,    -0.010557,
  1856.150,    -2.929453,     5.348599,    -0.007742,
  1856.200,    -1.960488,     6.733629,     0.002438,
  1856.250,    -1.014685,     7.390696,     0.005799,
  1856.300,    -0.116635,     7.484032,     0.002681,
  1856.350,     0.664040,     7.158946,    -0.004039,
  1856.400,     1.312622,     6.402332,     0.000120,
  1856.450,     1.798859,     5.217986,     0.005872,
  1856.500,     2.124147,     3.701709,     0.005296,
  1856.550,     2.259804,     2.088982,     0.005130,
  1856.600,     2.212946,     0.545006,     0.001139,
  1856.650,     2.000120,    -0.891383,    -0.004273,
  1856.700,     1.647438,    -2.296105,    -0.004686,
  1856.750,     1.181113,    -3.769979,     0.000106,
  1856.800,     0.636237,    -5.329180,    -0.002182,
  1856.850,     0.077137,    -6.992322,    -0.003537,
  1856.900,    -0.447584,    -8.758532,    -0.005490,
  1856.950,    -0.873227,   -10.614382,    -0.004465,
  1857.000,    -1.167729,   -12.479506,    -0.000508,
  1857.050,    -1.263255,   -14.216712,     0.001692,
  1857.100,    -1.110054,   -15.670282,     0.007804,
  1857.150,    -0.694392,   -16.732514,     0.004438,
  1857.200,     0.010217,   -17.484988,    -0.001342,
  1857.250,     0.988480,   -18.117921,     0.002076,
  1857.300,     2.216967,   -18.787499,    -0.000397,
  1857.350,     3.704380,   -19.581769,     0.003896,
  1857.400,     5.408738,   -20.499623,     0.001762,
  1857.450,     7.239919,   -21.433046,    -0.007490,
  1857.500,     9.175756,   -22.215083,    -0.000898,
  1857.550,    11.148428,   -22.566058,     0.003341,
  1857.600,    13.111489,   -22.251688,     0.000534,
  1857.650,    15.054884,   -21.162993,     0.004061,
  1857.700,    16.916358,   -19.465768,    -0.001643,
  1857.750,    18.664142,   -17.541915,    -0.003006,
  1857.800,    20.278690,   -15.716705,    -0.000572,
  1857.850,    21.713407,   -14.237551,    -0.001194,
  1857.900,    22.954179,   -13.238694,     0.000276,
  1857.950,    23.992042,   -12.804799,    -0.002035,
  1858.000,    24.776595,   -12.994877,    -0.010174,
  1858.050,    25.289001,   -13.742733,    -0.010596,
  1858.100,    25.526298,   -14.821298,    -0.009955,
  1858.150,    25.459007,   -15.863912,    -0.006762,
  1858.200,    25.094181,   -16.398209,    -0.009944,
  1858.250,    24.387557,   -16.085704,    -0.007374,
  1858.300,    23.347337,   -14.789036,    -0.004883,
  1858.350,    21.998372,   -12.569691,     0.005073,
  1858.400,    20.358198,    -9.655859,     0.002999,
  1858.450,    18.450696,    -6.361637,     0.002458,
  1858.500,    16.378146,    -3.046578,    -0.000640,
  1858.550,    14.183333,    -0.116995,    -0.003263,
  1858.600,    11.950719,     2.035636,    -0.000721,
  1858.650,     9.750741,     3.175032,     0.002729,
  1858.700,     7.686659,     3.292209,    -0.000668,
  1858.750,     5.826668,     2.563640,    -0.003431,
  1858.800,     4.253637,     1.338853,    -0.001518,
  1858.850,     3.016185,     0.065647,    -0.001864,
  1858.900,     2.135817,    -0.942014,     0.006699,
  1858.950,     1.631292,    -1.652072,     0.005939,
  1859.000,     1.443597,    -2.216983,     0.003566,
  1859.050,     1.548240,    -2.863942,    -0.004382,
  1859.100,     1.840363,    -3.663000,    -0.001311,
  1859.150,     2.238562,    -4.491600,     0.002613,
  1859.200,     2.664171,    -5.178460,     0.003891,
  1859.250,     3.018075,    -5.681618,    -0.001107,
  1859.300,     3.242592,    -6.059903,     0.000121,
  1859.350,     3.247825,    -6.397200,     0.000467,
  1859.400,     3.001746,    -6.795886,     0.001896,
  1859.450,     2.499516,    -7.320142,     0.008219,
  1859.500,     1.748058,    -7.929353,     0.000746,
  1859.550,     0.757485,    -8.474343,     0.006787,
  1859.600,    -0.442933,    -8.706753,     0.002085,
  1859.650,    -1.807733,    -8.423933,    -0.000734,
  1859.700,    -3.294445,    -7.672000,     0.006050,
  1859.750,    -4.845964,    -6.780462,     0.010375,
  1859.800,    -6.442147,    -6.264970,     0.003130,
  1859.850,    -8.017162,    -6.450117,     0.002856,
  1859.900,    -9.545294,    -7.273951,    -0.002388,
  1859.950,   -11.034084,    -8.224331,    -0.003932,
  1860.000,   -12.442932,    -8.550896,     0.004396,
  1860.050,   -13.734463,    -7.676496,     0.012768,
  1860.100,   -14.928409,    -5.437678,     0.014467,
  1860.150,   -15.997948,    -2.190414,     0.008299,
  1860.200,   -16.931525,     1.377501,     0.014151,
  1860.250,   -17.725522,     4.519972,     0.010825,
  1860.300,   -18.366913,     6.615870,     0.004081,
  1860.350,   -18.839940,     7.403623,     0.001379,
  1860.400,   -19.138623,     7.007214,    -0.001753,
  1860.450,   -19.264861,     5.785723,     0.000941,
  1860.500,   -19.235904,     4.122531,     0.007444,
  1860.550,   -19.018835,     2.277339,     0.003216,
  1860.600,   -18.653046,     0.337997,    -0.003547,
  1860.650,   -18.174573,    -1.680385,     0.007399,
  1860.700,   -17.594444,    -3.717430,     0.001354,
  1860.750,   -16.946860,    -5.629213,    -0.003428,
  1860.800,   -16.261975,    -7.292260,    -0.002428,
  1860.850,   -15.560879,    -8.690377,    -0.000493,
  1860.900,   -14.858269,    -9.866858,     0.003774,
  1860.950,   -14.188512,   -10.876396,     0.000392,
  1861.000,   -13.517346,   -11.766821,    -0.001840,
  1861.050,   -12.836709,   -12.626335,     0.000211,
  1861.100,   -12.136378,   -13.565125,     0.002333,
  1861.150,   -11.352751,   -14.688705,    -0.001598,
  1861.200,   -10.493850,   -15.933606,    -0.005504,
  1861.250,    -9.521317,   -17.032044,     0.000755,
  1861.300,    -8.441873,   -17.559269,     0.007558,
  1861.350,    -7.256027,   -17.156528,     0.005580,
  1861.400,    -5.998168,   -15.714513,    -0.001749,
  1861.450,    -4.715323,   -13.487884,    -0.004877,
  1861.500,    -3.469958,   -10.897705,    -0.000429,
  1861.550,    -2.319673,    -8.411013,     0.002275,
  1861.600,    -1.360559,    -6.337585,     0.008478,
  1861.650,    -0.612844,    -4.750989,     0.003200,
  1861.700,    -0.116471,    -3.645867,     0.003668,
  1861.750,     0.091816,    -2.887528,    -0.000499,
  1861.800,     0.025689,    -2.324949,    -0.007468,
  1861.850,    -0.278757,    -1.824234,     0.001635,
  1861.900,    -0.810552,    -1.381867,     0.003325,
  1861.950,    -1.516559,    -1.079713,     0.002136,
  1862.000,    -2.318551,    -1.069352,     0.001987,
  1862.050,    -3.194364,    -1.510833,     0.002081,
  1862.100,    -4.076090,    -2.396432,     0.002181,
  1862.150,    -4.910514,    -3.569998,     0.002169,
  1862.200,    -5.673037,    -4.747079,     0.002798,
  1862.250,    -6.354616,    -5.648947,     0.001489,
  1862.300,    -6.913108,    -6.072186,     0.001349,
  1862.350,    -7.369635,    -5.897716,     0.004660,
  1862.400,    -7.695869,    -5.125770,     0.001892,
  1862.450,    -7.897801,    -3.845665,     0.003708,
  1862.500,    -8.003373,    -2.241229,     0.007704,
  1862.550,    -7.999391,    -0.511330,     0.001392,
  1862.600,    -7.887631,     1.229191,     0.004362,
  1862.650,    -7.660871,     2.857229,     0.005104,
  1862.700,    -7.308612,     4.213412,     0.004691,
  1862.750,    -6.862559,     5.150646,     0.007177,
  1862.800,    -6.282254,     5.465855,     0.002747,
  1862.850,    -5.583588,     5.036692,    -0.008915,
  1862.900,    -4.751997,     3.869385,    -0.000694,
  1862.950,    -3.817651,     2.176867,     0.003891,
  1863.000,    -2.780988,     0.377381,    -0.006031,
  1863.050,    -1.680567,    -1.032037,     0.000463,
  1863.100,    -0.588924,    -1.616232,    -0.005037,
  1863.150,     0.467668,    -1.122439,    -0.009839,
  1863.200,     1.433943,     0.350821,    -0.001123,
  1863.250,     2.230898,     2.448542,    -0.002121,
  1863.300,     2.811267,     4.771642,     0.002693,
  1863.350,     3.104504,     6.966096,     0.000184,
  1863.400,     3.073611,     8.764473,     0.001236,
  1863.450,     2.721437,    10.078491,     0.000086,
  1863.500,     2.047260,    10.986678,     0.002094,
  1863.550,     1.062393,    11.545512,     0.008193,
  1863.600,    -0.177411,    11.743373,     0.004109,
  1863.650,    -1.599236,    11.567597,     0.000269,
  1863.700,    -3.161841,    11.077628,     0.006214,
  1863.750,    -4.786529,    10.388523,     0.000942,
  1863.800,    -6.385445,     9.652597,     0.000403,
  1863.850,    -7.921380,     9.049851,    -0.000983,
  1863.900,    -9.332510,     8.691390,    -0.002096,
  1863.950,   -10.568575,     8.672713,     0.000938,
  1864.000,   -11.632896,     8.938764,     0.002136,
  1864.050,   -12.459939,     9.443925,     0.000261,
  1864.100,   -13.041500,    10.130328,     0.002979,
  1864.150,   -13.382929,    10.929932,     0.006132,
  1864.200,   -13.462501,    11.803274,     0.004312,
  1864.250,   -13.267650,    12.651338,     0.004703,
  1864.300,   -12.834211,    13.422288,     0.002017,
  1864.350,   -12.171658,    14.023162,    -0.005614,
  1864.400,   -11.306643,    14.346120,    -0.003228,
  1864.450,   -10.261565,    14.287663,     0.003599,
  1864.500,    -9.102128,    13.739611,    -0.001317,
  1864.550,    -7.891571,    12.640601,     0.000071,
  1864.600,    -6.680996,    10.948186,     0.011916,
  1864.650,    -5.521791,     8.735102,     0.010421,
  1864.700,    -4.477668,     6.160147,     0.005627,
  1864.750,    -3.589519,     3.419676,    -0.001677,
  1864.800,    -2.880170,     0.806776,    -0.001966,
  1864.850,    -2.377913,    -1.362678,    -0.002987,
  1864.900,    -2.088880,    -2.803482,    -0.003801,
  1864.950,    -1.994269,    -3.284551,    -0.000888,
  1865.000,    -2.045410,    -2.714607,    -0.001488,
  1865.050,    -2.210098,    -1.220706,    -0.001284,
  1865.100,    -2.430259,     0.867565,    -0.002495,
  1865.150,    -2.668036,     3.154448,     0.005527,
  1865.200,    -2.856029,     5.328937,     0.008587,
  1865.250,    -2.970802,     7.202491,     0.001690,
  1865.300,    -2.964113,     8.653148,     0.002592,
  1865.350,    -2.821682,     9.648219,    -0.005221,
  1865.400,    -2.518994,    10.249746,     0.000328,
  1865.450,    -2.087731,    10.562372,     0.001929,
  1865.500,    -1.570076,    10.733825,     0.008228,
  1865.550,    -0.973297,    10.840188,     0.006033,
  1865.600,    -0.367144,    10.957907,     0.013614,
  1865.650,     0.224751,    11.189209,     0.006520,
  1865.700,     0.760409,    11.538143,    -0.002939,
  1865.750,     1.196059,    11.906217,     0.005594,
  1865.800,     1.545412,    12.044492,     0.007813,
  1865.850,     1.803308,    11.776552,     0.004876,
  1865.900,     1.987510,    11.216795,    -0.000828,
  1865.950,     2.155566,    10.638326,     0.001607,
  1866.000,     2.329732,    10.246861,    -0.003744,
  1866.050,     2.550259,    10.001111,     0.001675,
  1866.100,     2.892716,     9.588008,     0.004861,
  1866.150,     3.362871,     8.688983,    -0.002530,
  1866.200,     3.972756,     7.187295,    -0.000879,
  1866.250,     4.711848,     5.126271,     0.001991,
  1866.300,     5.565598,     2.710056,    -0.007851,
  1866.350,     6.500776,     0.215541,    -0.000667,
  1866.400,     7.453139,    -2.070341,     0.006287,
  1866.450,     8.366398,    -3.844127,    -0.003752,
  1866.500,     9.212055,    -4.781686,    -0.009103,
  1866.550,     9.938122,    -4.668511,     0.002280,
  1866.600,    10.499903,    -3.603442,     0.002817,
  1866.650,    10.921347,    -1.845737,     0.005629,
  1866.700,    11.204948,     0.264646,     0.002453,
  1866.750,    11.350153,     2.423085,     0.001100,
  1866.800,    11.412514,     4.419473,    -0.001664,
  1866.850,    11.421008,     6.036800,     0.001570,
  1866.900,    11.418911,     7.167670,    -0.004056,
  1866.950,    11.427669,     7.758075,    -0.001227,
  1867.000,    11.471645,     7.776584,    -0.000977,
  1867.050,    11.561401,     7.231271,    -0.000186,
  1867.100,    11.695296,     6.204824,    -0.000333,
  1867.150,    11.842331,     4.814599,    -0.008045,
  1867.200,    11.968013,     3.331581,     0.002102,
  1867.250,    12.042349,     2.078454,     0.007596,
  1867.300,    12.013521,     1.300268,     0.000682,
  1867.350,    11.845460,     1.164789,    -0.000086,
  1867.400,    11.507682,     1.590079,     0.001427,
  1867.450,    10.966168,     2.400072,    -0.002925,
  1867.500,    10.237498,     3.357948,    -0.006064,
  1867.550,     9.350235,     4.249710,    -0.001442,
  1867.600,     8.304737,     4.911900,    -0.004406,
  1867.650,     7.182371,     5.219193,    -0.003170,
  1867.700,     6.050531,     5.094250,     0.003654,
  1867.750,     4.958513,     4.504287,     0.000948,
  1867.800,     4.025101,     3.488880,    -0.011566,
  1867.850,     3.297267,     2.117312,    -0.004999,
  1867.900,     2.825733,     0.493361,     0.003511,
  1867.950,     2.646142,    -1.330927,    -0.004398,
  1868.000,     2.796848,    -3.260207,     0.001601,
  1868.050,     3.238823,    -5.177966,     0.006007,
  1868.100,     3.939944,    -6.889439,     0.006548,
  1868.150,     4.851001,    -8.179037,     0.005755,
  1868.200,     5.909426,    -8.813810,     0.003605,
  1868.250,     7.034990,    -8.686139,     0.006259,
  1868.300,     8.148766,    -7.804054,    -0.001214,
  1868.350,     9.185859,    -6.343992,    -0.001336,
  1868.400,    10.108651,    -4.505022,     0.003051,
  1868.450,    10.871469,    -2.522378,    -0.010377,
  1868.500,    11.456793,    -0.642340,    -0.009043,
  1868.550,    11.845679,     0.917880,    -0.001510,
  1868.600,    12.049513,     1.937273,    -0.002282,
  1868.650,    12.060771,     2.267411,    -0.003287,
  1868.700,    11.914692,     1.882710,     0.002199,
  1868.750,    11.594845,     0.913644,     0.002139,
  1868.800,    11.131738,    -0.426902,    -0.004680,
  1868.850,    10.542647,    -1.822893,    -0.002670,
  1868.900,     9.821411,    -2.998579,    -0.000482,
  1868.950,     8.981697,    -3.692107,    -0.001998,
  1869.000,     8.039876,    -3.748533,     0.001506,
  1869.050,     6.992332,    -3.197700,     0.009046,
  1869.100,     5.867376,    -2.270833,    -0.000031,
  1869.150,     4.696284,    -1.216333,    -0.001943,
  1869.200,     3.506028,    -0.107843,     0.000978,
  1869.250,     2.377848,     1.108494,    -0.000053,
  1869.300,     1.341980,     2.565013,    -0.001712,
  1869.350,     0.444026,     4.288810,    -0.009556,
  1869.400,    -0.246363,     6.124897,    -0.004933,
  1869.450,    -0.702379,     7.779601,     0.009780,
  1869.500,    -0.897039,     8.925247,     0.009882,
  1869.550,    -0.819703,     9.299023,     0.001421,
  1869.600,    -0.476258,     8.819607,    -0.004158,
  1869.650,     0.096857,     7.566856,     0.004571,
  1869.700,     0.830787,     5.798945,     0.004894,
  1869.750,     1.698556,     3.901301,     0.001105,
  1869.800,     2.605083,     2.184890,    -0.002007,
  1869.850,     3.461547,     0.705831,     0.002853,
  1869.900,     4.237745,    -0.645860,     0.005462,
  1869.950,     4.869295,    -1.941875,    -0.004795,
  1870.000,     5.330827,    -3.216590,    -0.006745,
  1870.050,     5.583372,    -4.351917,     0.003084,
  1870.100,     5.660724,    -5.184951,     0.003218,
  1870.150,     5.591751,    -5.638465,     0.001793,
  1870.200,     5.389086,    -5.741477,    -0.000002,
  1870.250,     5.135738,    -5.574818,     0.000559,
  1870.300,     4.818057,    -5.187434,    -0.001381,
  1870.350,     4.488691,    -4.629673,     0.004307,
  1870.400,     4.196041,    -3.995235,     0.000126,
  1870.450,     3.914780,    -3.443758,    -0.005179,
  1870.500,     3.635205,    -3.095967,     0.003060,
  1870.550,     3.340671,    -2.945895,     0.000296,
  1870.600,     3.000377,    -2.878402,    -0.007475,
  1870.650,     2.591051,    -2.748504,    -0.001898,
  1870.700,     2.085766,    -2.402624,     0.010320,
  1870.750,     1.472571,    -1.715066,     0.006492,
  1870.800,     0.745169,    -0.629361,    -0.005656,
  1870.850,    -0.061119,     0.875498,     0.004010,
  1870.900,    -0.928835,     2.605022,     0.003838,
  1870.950,    -1.830158,     4.281776,     0.006678,
  1871.000,    -2.676201,     5.710524,    -0.001890,
  1871.050,    -3.419230,     6.733270,    -0.002720,
  1871.100,    -4.032715,     7.365890,     0.000503,
  1871.150,    -4.433060,     7.660441,     0.003349,
  1871.200,    -4.598314,     7.560334,    -0.002813,
  1871.250,    -4.547826,     6.949079,     0.001881,
  1871.300,    -4.281368,     5.758043,     0.001796,
  1871.350,    -3.824966,     4.136260,     0.004286,
  1871.400,    -3.220606,     2.378628,     0.000463,
  1871.450,    -2.528675,     0.821243,     0.000768,
  1871.500,    -1.832758,    -0.290389,     0.004773,
  1871.550,    -1.181920,    -0.898159,     0.001453,
  1871.600,    -0.615320,    -1.096959,     0.000348,
  1871.650,    -0.169773,    -1.034231,     0.001309,
  1871.700,     0.149157,    -0.920784,    -0.001333,
  1871.750,     0.335226,    -0.909203,     0.004529,
  1871.800,     0.410936,    -1.065612,     0.004712,
  1871.850,     0.435927,    -1.335400,     0.004298,
  1871.900,     0.443926,    -1.620822,     0.001670,
  1871.950,     0.486223,    -1.844874,    -0.004841,
  1872.000,     0.599793,    -1.986153,     0.004542,
  1872.050,     0.804386,    -2.114446,     0.001467,
  1872.100,     1.135438,    -2.266125,    -0.003281,
  1872.150,     1.586125,    -2.410594,     0.002778,
  1872.200,     2.143120,    -2.463266,     0.003817,
  1872.250,     2.750942,    -2.306968,     0.002654,
  1872.300,     3.361460,    -1.979963,     0.002903,
  1872.350,     3.936734,    -1.614848,     0.005460,
  1872.400,     4.415118,    -1.297031,    -0.002008,
  1872.450,     4.725411,    -1.017667,    -0.009477,
  1872.500,     4.836811,    -0.649382,    -0.003863,
  1872.550,     4.718010,    -0.089794,    -0.001630,
  1872.600,     4.354077,     0.629827,    -0.001031,
  1872.650,     3.768280,     1.346114,     0.006344,
  1872.700,     2.978329,     1.909074,     0.004586,
  1872.750,     2.036687,     2.286032,    -0.004708,
  1872.800,     0.983625,     2.527252,    -0.006203,
  1872.850,    -0.121990,     2.679336,     0.002503,
  1872.900,    -1.217519,     2.752858,     0.004887,
  1872.950,    -2.236346,     2.640378,     0.003537,
  1873.000,    -3.126263,     2.247037,     0.003960,
  1873.050,    -3.870938,     1.544365,     0.003344,
  1873.100,    -4.414264,     0.657266,     0.002629,
  1873.150,    -4.763474,    -0.234869,     0.005882,
  1873.200,    -4.924064,    -0.996412,     0.008661,
  1873.250,    -4.890414,    -1.548350,     0.005222,
  1873.300,    -4.676010,    -1.890562,    -0.000828,
  1873.350,    -4.342414,    -2.038150,    -0.000756,
  1873.400,    -3.861516,    -1.949985,    -0.004850,
  1873.450,    -3.273614,    -1.595202,    -0.001472,
  1873.500,    -2.620319,    -1.067844,     0.003262,
  1873.550,    -1.901252,    -0.498646,     0.005317,
  1873.600,    -1.135386,    -0.048628,     0.000793,
  1873.650,    -0.332419,     0.164565,     0.003638,
  1873.700,     0.487577,     0.147074,    -0.004948,
  1873.750,     1.317006,    -0.009733,    -0.005973,
  1873.800,     2.141041,    -0.235030,     0.001808,
  1873.850,     2.923022,    -0.487614,    -0.001539,
  1873.900,     3.679601,    -0.784168,    -0.005756,
  1873.950,     4.334159,    -1.181760,    -0.002433,
  1874.000,     4.867412,    -1.778680,     0.005316,
  1874.050,     5.257691,    -2.599820,     0.003394,
  1874.100,     5.465325,    -3.620006,    -0.000280,
  1874.150,     5.491967,    -4.720496,     0.002345,
  1874.200,     5.332058,    -5.727153,    -0.001028,
  1874.250,     4.982526,    -6.524000,    -0.004602,
  1874.300,     4.468214,    -7.037348,    -0.005166,
  1874.350,     3.831918,    -7.196836,    -0.000400,
  1874.400,     3.113452,    -6.946605,     0.000457,
  1874.450,     2.352912,    -6.286643,    -0.002628,
  1874.500,     1.590947,    -5.242917,     0.002571,
  1874.550,     0.869797,    -3.940345,     0.003209,
  1874.600,     0.224956,    -2.569975,    -0.001732,
  1874.650,    -0.349463,    -1.353408,    -0.008886,
  1874.700,    -0.831688,    -0.398797,     0.001926,
  1874.750,    -1.201153,     0.177003,     0.005001,
  1874.800,    -1.469580,     0.361247,    -0.003945,
  1874.850,    -1.669451,     0.167695,    -0.000795,
  1874.900,    -1.777691,    -0.367969,     0.000336,
  1874.950,    -1.842605,    -1.206401,     0.003885,
  1875.000,    -1.850072,    -2.234392,     0.003540,
  1875.050,    -1.811833,    -3.325242,    -0.004844,
  1875.100,    -1.740622,    -4.321329,    -0.007845,
  1875.150,    -1.622707,    -5.132806,     0.002678,
  1875.200,    -1.464129,    -5.819024,     0.011126,
  1875.250,    -1.276637,    -6.413782,     0.003800,
  1875.300,    -1.024294,    -6.956221,     0.002833,
  1875.350,    -0.737896,    -7.449245,     0.002583,
  1875.400,    -0.417720,    -7.888824,     0.008293,
  1875.450,    -0.079807,    -8.327772,     0.001464,
  1875.500,     0.278681,    -8.831584,    -0.007837,
  1875.550,     0.634315,    -9.326136,    -0.008955,
  1875.600,     0.969782,    -9.600271,    -0.000229,
  1875.650,     1.259262,    -9.414431,     0.004162,
  1875.700,     1.504467,    -8.687516,    -0.001600,
  1875.750,     1.676799,    -7.565533,     0.003023,
  1875.800,     1.753765,    -6.244570,    -0.005192,
  1875.850,     1.742954,    -4.997331,    -0.002726,
  1875.900,     1.655234,    -4.040296,     0.002468,
  1875.950,     1.477029,    -3.492863,     0.002342,
  1876.000,     1.211513,    -3.353001,    -0.000750,
  1876.050,     0.916039,    -3.495850,    -0.008578,
  1876.100,     0.587846,    -3.638315,    -0.004747,
  1876.150,     0.252875,    -3.532131,     0.013307,
  1876.200,    -0.058161,    -3.002623,     0.001711,
  1876.250,    -0.335864,    -2.083416,    -0.000055,
  1876.300,    -0.549208,    -0.956652,     0.005903,
  1876.350,    -0.700908,     0.120917,    -0.002168,
  1876.400,    -0.786383,     0.952281,     0.002000,
  1876.450,    -0.804178,     1.474282,     0.002564,
  1876.500,    -0.785713,     1.721570,     0.004526,
  1876.550,    -0.753019,     1.838239,     0.009643,
  1876.600,    -0.712354,     1.887970,     0.003547,
  1876.650,    -0.698653,     1.808904,     0.002392,
  1876.700,    -0.749174,     1.571620,    -0.001481,
  1876.750,    -0.864593,     1.096340,     0.000631,
  1876.800,    -1.056819,     0.311030,     0.002936,
  1876.850,    -1.341884,    -0.774118,     0.005457,
  1876.900,    -1.725861,    -2.141617,    -0.002609,
  1876.950,    -2.165037,    -3.706501,    -0.002506,
  1877.000,    -2.646123,    -5.350089,     0.003833,
  1877.050,    -3.157895,    -6.911631,    -0.002433,
  1877.100,    -3.660365,    -8.170842,    -0.003418,
  1877.150,    -4.108756,    -8.962308,     0.003306,
  1877.200,    -4.466627,    -9.168148,     0.003093,
  1877.250,    -4.727831,    -8.769412,     0.002683,
  1877.300,    -4.867073,    -7.911968,     0.000041,
  1877.350,    -4.860908,    -6.791434,    -0.009666,
  1877.400,    -4.726628,    -5.663092,    -0.002731,
  1877.450,    -4.483043,    -4.673174,    -0.001291,
  1877.500,    -4.135471,    -3.839833,     0.005352,
  1877.550,    -3.712072,    -3.146222,     0.006484,
  1877.600,    -3.260385,    -2.608700,     0.004146,
  1877.650,    -2.844562,    -2.260226,    -0.004202,
  1877.700,    -2.501187,    -2.190197,    -0.005508,
  1877.750,    -2.231926,    -2.384733,     0.005168,
  1877.800,    -2.089932,    -2.786963,    -0.000567,
  1877.850,    -2.091887,    -3.228176,    -0.001604,
  1877.900,    -2.225796,    -3.506251,     0.009034,
  1877.950,    -2.498423,    -3.460589,     0.010425,
  1878.000,    -2.902605,    -3.101191,     0.002628,
  1878.050,    -3.403748,    -2.536674,    -0.003126,
  1878.100,    -3.962906,    -1.936971,     0.002526,
  1878.150,    -4.539855,    -1.444924,     0.008292,
  1878.200,    -5.127968,    -1.081982,     0.006171,
  1878.250,    -5.688647,    -0.832941,     0.004119,
  1878.300,    -6.174288,    -0.713380,    -0.000569,
  1878.350,    -6.581236,    -0.713891,    -0.001954,
  1878.400,    -6.892619,    -0.781585,    -0.005051,
  1878.450,    -7.074342,    -0.795245,    -0.000648,
  1878.500,    -7.127140,    -0.645541,     0.000321,
  1878.550,    -7.066535,    -0.385436,     0.000172,
  1878.600,    -6.878907,    -0.118567,     0.006016,
  1878.650,    -6.581560,     0.016451,    -0.002030,
  1878.700,    -6.193275,    -0.035553,    -0.002232,
  1878.750,    -5.724197,    -0.220546,     0.002307,
  1878.800,    -5.200907,    -0.441779,     0.003788,
  1878.850,    -4.651400,    -0.588644,     0.002738,
  1878.900,    -4.090539,    -0.607592,     0.000546,
  1878.950,    -3.516405,    -0.468895,     0.002918,
  1879.000,    -2.956752,    -0.206850,     0.003534,
  1879.050,    -2.428334,     0.114149,     0.002309,
  1879.100,    -1.937856,     0.443511,     0.001684,
  1879.150,    -1.476341,     0.695056,    -0.006027,
  1879.200,    -1.047455,     0.756493,     0.004073,
  1879.250,    -0.664256,     0.536875,     0.006864,
  1879.300,    -0.317212,    -0.025767,     0.000914,
  1879.350,    -0.037109,    -0.879514,     0.000704,
  1879.400,     0.182348,    -1.754777,     0.002330,
  1879.450,     0.314253,    -2.308267,     0.003958,
  1879.500,     0.360996,    -2.381988,    -0.001871,
  1879.550,     0.298267,    -2.046321,     0.007715,
  1879.600,     0.110359,    -1.519701,     0.012865,
  1879.650,    -0.196656,    -1.110844,     0.002188,
  1879.700,    -0.620843,    -0.900738,    -0.002588,
  1879.750,    -1.171622,    -0.805859,    -0.004194,
  1879.800,    -1.786328,    -0.681348,    -0.000351,
  1879.850,    -2.483188,    -0.422388,    -0.002282,
  1879.900,    -3.206716,    -0.026657,    -0.001788,
  1879.950,    -3.938994,     0.445162,     0.005605,
  1880.000,    -4.593365,     0.935939,    -0.001771,
  1880.050,    -5.155545,     1.438338,     0.000749,
  1880.100,    -5.604549,     1.957676,     0.003772,
  1880.150,    -5.897363,     2.533518,     0.004405,
  1880.200,    -6.033546,     3.134473,     0.003714,
  1880.250,    -6.010551,     3.735617,    -0.002688,
  1880.300,    -5.843919,     4.278016,     0.003903,
  1880.350,    -5.548438,     4.644756,     0.001404,
  1880.400,    -5.156074,     4.698335,    -0.000886,
  1880.450,    -4.711541,     4.357040,    -0.000274,
  1880.500,    -4.264597,     3.608601,     0.005139,
  1880.550,    -3.812269,     2.551509,     0.002659,
  1880.600,    -3.386441,     1.325962,    -0.001062,
  1880.650,    -3.032740,     0.105366,     0.000571,
  1880.700,    -2.754652,    -0.900863,    -0.002112,
  1880.750,    -2.553455,    -1.566139,    -0.002936,
  1880.800,    -2.393687,    -1.812094,     0.000731,
  1880.850,    -2.274486,    -1.693115,     0.004440,
  1880.900,    -2.180896,    -1.368850,    -0.002568,
  1880.950,    -2.074215,    -1.048698,    -0.005887,
  1881.000,    -1.970401,    -0.896443,     0.003230,
  1881.050,    -1.849738,    -0.949182,     0.009944,
  1881.100,    -1.690759,    -1.144527,     0.007152,
  1881.150,    -1.492112,    -1.368077,     0.007444,
  1881.200,    -1.294102,    -1.513486,     0.006818,
  1881.250,    -1.069566,    -1.480748,    -0.005054,
  1881.300,    -0.846139,    -1.256026,     0.005742,
  1881.350,    -0.637602,    -0.868548,     0.006661,
  1881.400,    -0.432668,    -0.384063,    -0.002124,
  1881.450,    -0.251552,     0.223711,    -0.009128,
  1881.500,    -0.103181,     0.958496,    -0.005553,
  1881.550,     0.020313,     1.761113,    -0.001190,
  1881.600,     0.122252,     2.604677,    -0.003313,
  1881.650,     0.183734,     3.457880,    -0.002808,
  1881.700,     0.235055,     4.285865,     0.001744,
  1881.750,     0.280372,     5.011308,     0.002495,
  1881.800,     0.301107,     5.526759,     0.000413,
  1881.850,     0.322268,     5.775002,     0.004298,
  1881.900,     0.317174,     5.805215,     0.003623,
  1881.950,     0.302188,     5.742832,    -0.000207,
  1882.000,     0.271055,     5.690345,     0.004654,
  1882.050,     0.218027,     5.575578,     0.006657,
  1882.100,     0.123645,     5.287746,    -0.000999,
  1882.150,     0.018252,     4.748577,     0.001763,
  1882.200,    -0.098070,     3.947738,     0.000914,
  1882.250,    -0.249453,     3.000382,     0.004528,
  1882.300,    -0.389325,     1.944567,     0.005741,
  1882.350,    -0.540811,     0.832544,    -0.002972,
  1882.400,    -0.676373,    -0.310324,    -0.002202,
  1882.450,    -0.779941,    -1.319419,     0.002832,
  1882.500,    -0.830450,    -1.945508,     0.000834,
  1882.550,    -0.830506,    -2.066977,    -0.006796,
  1882.600,    -0.763137,    -1.667239,     0.001723,
  1882.650,    -0.630136,    -0.923143,     0.003400,
  1882.700,    -0.434954,    -0.027005,     0.002544,
  1882.750,    -0.179358,     0.865430,    -0.004984,
  1882.800,     0.135770,     1.652344,    -0.008271,
  1882.850,     0.491392,     2.263150,     0.003426,
  1882.900,     0.883443,     2.641733,     0.001057,
  1882.950,     1.300038,     2.806100,    -0.000066,
  1883.000,     1.708674,     2.840598,     0.002689,
  1883.050,     2.100014,     2.778706,     0.003936,
  1883.100,     2.463701,     2.619746,    -0.001954,
  1883.150,     2.773973,     2.275006,     0.002765,
  1883.200,     3.013241,     1.658642,     0.003841,
  1883.250,     3.167024,     0.753535,    -0.001156,
  1883.300,     3.203567,    -0.315256,    -0.002279,
  1883.350,     3.146271,    -1.370993,     0.000679,
  1883.400,     2.982963,    -2.216673,     0.000542,
  1883.450,     2.708320,    -2.725674,     0.000765,
  1883.500,     2.356494,    -2.873917,    -0.001962,
  1883.550,     1.936748,    -2.631353,     0.000020,
  1883.600,     1.473407,    -2.024120,     0.005593,
  1883.650,     0.999961,    -1.132268,     0.005758,
  1883.700,     0.545151,    -0.044596,    -0.004120,
  1883.750,     0.123594,     1.083072,    -0.001652,
  1883.800,    -0.227079,     2.106501,    -0.002747,
  1883.850,    -0.517256,     2.974173,     0.004915,
  1883.900,    -0.711747,     3.688453,     0.006112,
  1883.950,    -0.815458,     4.168612,     0.002465,
  1884.000,    -0.828513,     4.319514,     0.005417,
  1884.050,    -0.755446,     4.019426,    -0.000366,
  1884.100,    -0.611486,     3.221798,    -0.005175,
  1884.150,    -0.395546,     1.999001,    -0.003027,
  1884.200,    -0.117052,     0.650503,     0.005672,
  1884.250,     0.214806,    -0.514102,     0.011591,
  1884.300,     0.596000,    -1.259422,     0.006745,
  1884.350,     1.001945,    -1.463337,     0.002625,
  1884.400,     1.454211,    -1.190330,    -0.000159,
  1884.450,     1.937791,    -0.568379,     0.001993,
  1884.500,     2.429543,     0.205117,     0.000078,
  1884.550,     2.912816,     0.938335,     0.004091,
  1884.600,     3.378355,     1.504076,     0.003915,
  1884.650,     3.794307,     1.795840,    -0.005476,
  1884.700,     4.168812,     1.805042,    -0.000513,
  1884.750,     4.480226,     1.598147,     0.011841,
  1884.800,     4.703359,     1.341289,     0.007649,
  1884.850,     4.822569,     1.112071,    -0.001922,
  1884.900,     4.822833,     0.972657,     0.005890,
  1884.950,     4.715950,     0.845656,     0.007843,
  1885.000,     4.486188,     0.668636,     0.004532,
  1885.050,     4.159335,     0.374238,    -0.005297,
  1885.100,     3.742948,    -0.046369,    -0.005905,
  1885.150,     3.261481,    -0.553474,    -0.006797,
  1885.200,     2.741116,    -0.979297,    -0.000031,
  1885.250,     2.201904,    -1.194634,    -0.002720,
  1885.300,     1.683163,    -1.083064,     0.001918,
  1885.350,     1.218578,    -0.612350,     0.000352,
  1885.400,     0.823987,     0.080146,     0.003963,
  1885.450,     0.532215,     0.799803,    -0.002297,
  1885.500,     0.343622,     1.473460,     0.000941,
  1885.550,     0.280289,     2.034189,     0.003498,
  1885.600,     0.326535,     2.485351,    -0.004817,
  1885.650,     0.474969,     2.796046,    -0.005865,
  1885.700,     0.706574,     2.934329,    -0.003944,
  1885.750,     0.983662,     2.890104,     0.005569,
  1885.800,     1.279364,     2.633789,     0.004413,
  1885.850,     1.544776,     2.174425,     0.005463,
  1885.900,     1.772402,     1.557925,    -0.001037,
  1885.950,     1.923632,     0.744796,    -0.003850,
  1886.000,     1.964180,    -0.239909,     0.004386,
  1886.050,     1.912704,    -1.377535,     0.006514,
  1886.100,     1.773427,    -2.553837,     0.002044,
  1886.150,     1.535984,    -3.631258,    -0.002184,
  1886.200,     1.231777,    -4.492474,     0.000045,
  1886.250,     0.922121,    -5.078030,     0.000634,
  1886.300,     0.609518,    -5.414572,     0.002950,
  1886.350,     0.318595,    -5.466813,     0.002011,
  1886.400,     0.117443,    -5.197977,     0.001874,
  1886.450,     0.000274,    -4.604110,     0.006264,
  1886.500,    -0.006277,    -3.686149,     0.009004,
  1886.550,     0.099435,    -2.578212,     0.002443,
  1886.600,     0.304917,    -1.436122,     0.008111,
  1886.650,     0.597391,    -0.393298,    -0.000275,
  1886.700,     0.942502,     0.408366,    -0.000937,
  1886.750,     1.308628,     0.850067,     0.001228,
  1886.800,     1.654828,     0.919397,     0.004683,
  1886.850,     1.955673,     0.664732,     0.004990,
  1886.900,     2.178002,     0.229432,     0.000360,
  1886.950,     2.297685,    -0.222211,     0.002745,
  1887.000,     2.302895,    -0.585538,     0.005556,
  1887.050,     2.199089,    -0.835022,     0.001231,
  1887.100,     2.016062,    -0.953346,     0.003872,
  1887.150,     1.742434,    -0.927381,     0.004852,
  1887.200,     1.432037,    -0.775933,     0.001154,
  1887.250,     1.107454,    -0.641161,     0.001561,
  1887.300,     0.821296,    -0.679186,     0.001856,
  1887.350,     0.583822,    -1.011448,     0.003474,
  1887.400,     0.420910,    -1.657508,     0.004590,
  1887.450,     0.325797,    -2.499267,    -0.001791,
  1887.500,     0.303786,    -3.416617,    -0.011500,
  1887.550,     0.349099,    -4.339501,    -0.000674,
  1887.600,     0.423894,    -5.206798,     0.006474,
  1887.650,     0.534656,    -5.986029,     0.002109,
  1887.700,     0.645293,    -6.624764,     0.000969,
  1887.750,     0.744758,    -7.065953,    -0.001911,
  1887.800,     0.819374,    -7.290737,    -0.002242,
  1887.850,     0.845724,    -7.298929,    -0.002749,
  1887.900,     0.853738,    -7.016975,     0.001555,
  1887.950,     0.832992,    -6.409325,     0.008062,
  1888.000,     0.794076,    -5.410591,     0.005636,
  1888.050,     0.765593,    -4.107273,     0.003563,
  1888.100,     0.743639,    -2.632612,     0.003261,
  1888.150,     0.755719,    -1.175922,     0.004385,
  1888.200,     0.814042,     0.045557,     0.004267,
  1888.250,     0.918684,     0.941221,     0.004671,
  1888.300,     1.082228,     1.460606,    -0.001998,
  1888.350,     1.281125,     1.630490,     0.003705,
  1888.400,     1.513023,     1.596001,    -0.000779,
  1888.450,     1.747423,     1.467651,    -0.003451,
  1888.500,     1.965603,     1.328179,     0.000030,
  1888.550,     2.151437,     1.232786,    -0.001183,
  1888.600,     2.271836,     1.177722,     0.004373,
  1888.650,     2.304996,     1.169986,    -0.002601,
  1888.700,     2.216277,     1.250739,    -0.001014,
  1888.750,     2.007485,     1.436180,    -0.002872,
  1888.800,     1.687943,     1.755986,     0.001048,
  1888.850,     1.238194,     2.206552,    -0.001554,
  1888.900,     0.690831,     2.712125,    -0.006370,
  1888.950,     0.062896,     3.188713,    -0.009387,
  1889.000,    -0.609942,     3.641702,    -0.001521,
  1889.050,    -1.286954,     4.089464,    -0.000743,
  1889.100,    -1.944762,     4.582660,     0.004429,
  1889.150,    -2.525706,     5.111185,     0.009096,
  1889.200,    -2.993166,     5.649380,    -0.003294,
  1889.250,    -3.349433,     6.200244,     0.000275,
  1889.300,    -3.562989,     6.762549,     0.000348,
  1889.350,    -3.605794,     7.352228,     0.002391,
  1889.400,    -3.501465,     7.911061,     0.007024,
  1889.450,    -3.252535,     8.315404,     0.001804,
  1889.500,    -2.918321,     8.410631,     0.007527,
  1889.550,    -2.503288,     8.172663,    -0.002111,
  1889.600,    -2.029905,     7.675827,    -0.003622,
  1889.650,    -1.581230,     7.058854,    -0.004331,
  1889.700,    -1.156133,     6.469370,    -0.003231,
  1889.750,    -0.785567,     5.952621,     0.000623,
  1889.800,    -0.503718,     5.527718,     0.002096,
  1889.850,    -0.296455,     5.196542,     0.005800,
  1889.900,    -0.189348,     4.983996,     0.001152,
  1889.950,    -0.179440,     4.890582,    -0.001756,
  1890.000,    -0.239228,     4.907264,    -0.003948,
  1890.050,    -0.369608,     4.948135,    -0.005124,
  1890.100,    -0.562852,     4.940629,     0.002087,
  1890.150,    -0.803385,     4.874524,     0.006311,
  1890.200,    -1.089875,     4.707919,    -0.005343,
  1890.250,    -1.410989,     4.495591,    -0.001737,
  1890.300,    -1.765061,     4.211041,     0.002833,
  1890.350,    -2.144236,     3.806897,     0.000999,
  1890.400,    -2.536236,     3.216076,    -0.007384,
  1890.450,    -2.935658,     2.398169,    -0.000269,
  1890.500,    -3.341017,     1.462111,    -0.000150,
  1890.550,    -3.712692,     0.595653,     0.004657,
  1890.600,    -4.022679,     0.067253,     0.005274,
  1890.650,    -4.262515,     0.036389,     0.003525,
  1890.700,    -4.417451,     0.510660,     0.001784,
  1890.750,    -4.456239,     1.440120,     0.000527,
  1890.800,    -4.376446,     2.684943,    -0.001932,
  1890.850,    -4.174846,     4.043667,     0.005064,
  1890.900,    -3.836550,     5.338763,     0.007065,
  1890.950,    -3.372594,     6.414428,     0.001699,
  1891.000,    -2.828345,     7.146268,    -0.000467,
  1891.050,    -2.226987,     7.454753,    -0.004155,
  1891.100,    -1.591525,     7.352020,     0.000528,
  1891.150,    -0.944976,     6.856814,     0.004136,
  1891.200,    -0.340184,     6.099240,     0.000749,
  1891.250,     0.204579,     5.143011,     0.004675,
  1891.300,     0.665232,     4.054628,     0.004832,
  1891.350,     1.045028,     2.874431,    -0.001218,
  1891.400,     1.349694,     1.655619,     0.002131,
  1891.450,     1.566062,     0.531937,    -0.002691,
  1891.500,     1.718322,    -0.347005,    -0.006343,
  1891.550,     1.833762,    -0.894524,     0.001042,
  1891.600,     1.931573,    -1.060899,     0.003733,
  1891.650,     2.033647,    -0.844860,    -0.000266,
  1891.700,     2.170176,    -0.306322,    -0.002863,
  1891.750,     2.348484,     0.450720,    -0.006227,
  1891.800,     2.570764,     1.347168,    -0.002972,
  1891.850,     2.858202,     2.267070,     0.001872,
  1891.900,     3.212295,     3.060712,     0.001833,
  1891.950,     3.619529,     3.618036,     0.002756,
  1892.000,     4.061193,     3.916280,     0.001719,
  1892.050,     4.531709,     3.981858,    -0.000367,
  1892.100,     5.022120,     3.917873,    -0.003762,
  1892.150,     5.491374,     3.788307,    -0.003236,
  1892.200,     5.923780,     3.666472,     0.002370,
  1892.250,     6.329236,     3.554125,     0.003861,
  1892.300,     6.661818,     3.403325,     0.000758,
  1892.350,     6.930430,     3.211942,     0.001176,
  1892.400,     7.112376,     2.998710,     0.006728,
  1892.450,     7.208000,     2.841891,     0.000989,
  1892.500,     7.216069,     2.803607,    -0.004041,
  1892.550,     7.140833,     2.876066,    -0.003875,
  1892.600,     6.990703,     2.972873,     0.001816,
  1892.650,     6.787826,     3.018737,     0.008159,
  1892.700,     6.532108,     2.974086,     0.001513,
  1892.750,     6.250701,     2.824858,    -0.000016,
  1892.800,     5.959582,     2.609247,     0.000428,
  1892.850,     5.663746,     2.413911,     0.001076,
  1892.900,     5.373631,     2.280796,    -0.002850,
  1892.950,     5.100177,     2.221654,     0.002529,
  1893.000,     4.838082,     2.196245,     0.002614,
  1893.050,     4.597984,     2.062115,     0.000980,
  1893.100,     4.361723,     1.688391,     0.001522,
  1893.150,     4.135905,     1.021536,    -0.002805,
  1893.200,     3.902278,     0.107628,     0.008236,
  1893.250,     3.664730,    -0.940099,     0.008067,
  1893.300,     3.434611,    -1.933084,    -0.001506,
  1893.350,     3.208266,    -2.693941,     0.000932,
  1893.400,     2.984927,    -3.108773,    -0.000156,
  1893.450,     2.813520,    -3.142071,     0.004234,
  1893.500,     2.701941,    -2.853063,     0.008135,
  1893.550,     2.663588,    -2.384029,     0.010434,
  1893.600,     2.697335,    -1.889986,     0.008010,
  1893.650,     2.833624,    -1.450026,    -0.007304,
  1893.700,     3.054396,    -1.113763,     0.000111,
  1893.750,     3.352408,    -0.865124,     0.002972,
  1893.800,     3.704164,    -0.701348,    -0.009159,
  1893.850,     4.082791,    -0.668603,    -0.011393,
  1893.900,     4.439718,    -0.719166,    -0.001655,
  1893.950,     4.748198,    -0.879979,     0.006998,
  1894.000,     4.967865,    -1.108283,     0.007578,
  1894.050,     5.069936,    -1.442853,    -0.000004,
  1894.100,     5.025242,    -1.893410,    -0.004678,
  1894.150,     4.851199,    -2.432396,    -0.004166,
  1894.200,     4.533357,    -2.984698,     0.005080,
  1894.250,     4.109196,    -3.422336,    -0.002597,
  1894.300,     3.607906,    -3.657916,    -0.003330,
  1894.350,     3.074371,    -3.605738,     0.005900,
  1894.400,     2.551497,    -3.315054,     0.001978,
  1894.450,     2.066340,    -2.908635,    -0.004084,
  1894.500,     1.695980,    -2.492052,     0.003186,
  1894.550,     1.424749,    -2.175932,     0.000747,
  1894.600,     1.267476,    -1.986012,     0.000033,
  1894.650,     1.266546,    -1.908813,    -0.002665,
  1894.700,     1.389939,    -1.883285,    -0.002802,
  1894.750,     1.619268,    -1.821233,     0.001962,
  1894.800,     1.937991,    -1.739125,     0.005906,
  1894.850,     2.285770,    -1.661403,     0.006618,
  1894.900,     2.664828,    -1.636820,     0.003303,
  1894.950,     3.031864,    -1.773983,     0.002941,
  1895.000,     3.348819,    -2.115010,     0.009166,
  1895.050,     3.617024,    -2.690956,     0.004161,
  1895.100,     3.805065,    -3.471500,     0.005420,
  1895.150,     3.933875,    -4.337028,     0.001304,
  1895.200,     3.982211,    -5.171974,    -0.004444,
  1895.250,     3.957156,    -5.915453,     0.002093,
  1895.300,     3.891084,    -6.598002,     0.000059,
  1895.350,     3.786267,    -7.222289,    -0.004380,
  1895.400,     3.661110,    -7.754837,     0.004387,
  1895.450,     3.537438,    -8.107045,    -0.002546,
  1895.500,     3.418023,    -8.217281,    -0.003717,
  1895.550,     3.295200,    -8.039795,     0.006311,
  1895.600,     3.177092,    -7.607503,     0.012087,
  1895.650,     3.051890,    -7.003151,     0.003616,
  1895.700,     2.924229,    -6.333771,    -0.004273,
  1895.750,     2.788303,    -5.652407,    -0.000326,
  1895.800,     2.612687,    -4.981968,     0.002279,
  1895.850,     2.401263,    -4.343253,    -0.001004,
  1895.900,     2.160419,    -3.720501,    -0.002460,
  1895.950,     1.867845,    -3.111900,     0.001981,
  1896.000,     1.519428,    -2.546094,     0.000108,
  1896.050,     1.131893,    -2.092299,     0.005960,
  1896.100,     0.726945,    -1.851274,     0.000534,
  1896.150,     0.300288,    -1.885340,    -0.007031,
  1896.200,    -0.135768,    -2.149810,     0.003206,
  1896.250,    -0.543391,    -2.515580,     0.005571,
  1896.300,    -0.924780,    -2.817470,    -0.002647,
  1896.350,    -1.253972,    -2.976981,    -0.004076,
  1896.400,    -1.514501,    -2.948488,     0.006997,
  1896.450,    -1.704001,    -2.760282,     0.004222,
  1896.500,    -1.829851,    -2.414742,    -0.002901,
  1896.550,    -1.884200,    -1.954220,     0.003307,
  1896.600,    -1.879849,    -1.479137,     0.005103,
  1896.650,    -1.831791,    -1.117830,     0.010880,
  1896.700,    -1.765362,    -1.029405,     0.004484,
  1896.750,    -1.690847,    -1.316503,    -0.007936,
  1896.800,    -1.638742,    -1.978889,    -0.005456,
  1896.850,    -1.604476,    -2.935193,    -0.001191,
  1896.900,    -1.610216,    -4.034205,    -0.001412,
  1896.950,    -1.659835,    -5.112214,     0.000446,
  1897.000,    -1.753237,    -6.005760,     0.006293,
  1897.050,    -1.868603,    -6.610733,     0.002093,
  1897.100,    -2.005648,    -6.841405,     0.015632,
  1897.150,    -2.142740,    -6.675746,     0.010567,
  1897.200,    -2.261933,    -6.232412,    -0.000372,
  1897.250,    -2.364509,    -5.676906,    -0.002378,
  1897.300,    -2.428856,    -5.130070,     0.002596,
  1897.350,    -2.452210,    -4.674540,     0.004450,
  1897.400,    -2.428491,    -4.293738,     0.009308,
  1897.450,    -2.373325,    -3.995246,     0.007991,
  1897.500,    -2.297739,    -3.720580,    -0.002707,
  1897.550,    -2.205855,    -3.453666,     0.003258,
  1897.600,    -2.122588,    -3.176843,     0.005282,
  1897.650,    -2.059749,    -2.854358,     0.002370,
  1897.700,    -2.053232,    -2.460803,    -0.003239,
  1897.750,    -2.084220,    -2.061900,     0.000667,
  1897.800,    -2.181899,    -1.722881,    -0.004306,
  1897.850,    -2.348862,    -1.515672,     0.001661,
  1897.900,    -2.595282,    -1.473147,     0.006945,
  1897.950,    -2.906763,    -1.549907,     0.002987,
  1898.000,    -3.273783,    -1.687551,    -0.001203,
  1898.050,    -3.707107,    -1.845905,     0.001510,
  1898.100,    -4.166037,    -1.982936,     0.004267,
  1898.150,    -4.615841,    -2.052076,     0.001447,
  1898.200,    -5.061952,    -2.008802,    -0.002360,
  1898.250,    -5.477858,    -1.767156,     0.000944,
  1898.300,    -5.814213,    -1.298521,     0.002897,
  1898.350,    -6.084303,    -0.665620,     0.005921,
  1898.400,    -6.258135,     0.015810,     0.007730,
  1898.450,    -6.321315,     0.579734,     0.001824,
  1898.500,    -6.275020,     0.875595,    -0.002051,
  1898.550,    -6.129924,     0.871605,    -0.001811,
  1898.600,    -5.883091,     0.617369,     0.005606,
  1898.650,    -5.540056,     0.226057,     0.001957,
  1898.700,    -5.134021,    -0.186057,    -0.002819,
  1898.750,    -4.681890,    -0.500277,     0.005776,
  1898.800,    -4.210626,    -0.683975,     0.004209,
  1898.850,    -3.752162,    -0.687692,    -0.002702,
  1898.900,    -3.312158,    -0.530837,     0.001954,
  1898.950,    -2.918301,    -0.197968,     0.001570,
  1899.000,    -2.591462,     0.288516,     0.001298,
  1899.050,    -2.323385,     0.808077,    -0.002436,
  1899.100,    -2.141089,     1.306257,    -0.003059,
  1899.150,    -2.015740,     1.723689,     0.002532,
  1899.200,    -1.935563,     2.043904,     0.005466,
  1899.250,    -1.912076,     2.352220,    -0.002913,
  1899.300,    -1.921234,     2.711155,    -0.003625,
  1899.350,    -1.957717,     3.074636,     0.001848,
  1899.400,    -2.009567,     3.390391,     0.003057,
  1899.450,    -2.075963,     3.556144,     0.003410,
  1899.500,    -2.154939,     3.466257,     0.001895,
  1899.550,    -2.264028,     3.132327,     0.004668,
  1899.600,    -2.396230,     2.612163,     0.006378,
  1899.650,    -2.573276,     2.011324,    -0.002986,
  1899.700,    -2.771854,     1.443981,    -0.006325,
  1899.750,    -3.022169,     0.988451,    -0.001330,
  1899.800,    -3.323459,     0.700209,     0.005234,
  1899.850,    -3.628727,     0.651073,     0.004115,
  1899.900,    -3.933488,     0.854576,     0.004130,
  1899.950,    -4.235674,     1.348759,     0.004946,
  1900.000,    -4.487303,     2.085117,    -0.000530,
  1900.050,    -4.695395,     2.919781,    -0.004131,
  1900.100,    -4.829872,     3.723484,     0.000090,
  1900.150,    -4.867902,     4.351212,     0.006144,
  1900.200,    -4.815633,     4.704395,     0.004589,
  1900.250,    -4.677401,     4.658996,    -0.003670,
  1900.300,    -4.465643,     4.165603,     0.000829,
  1900.350,    -4.188140,     3.245427,     0.006988,
  1900.400,    -3.867578,     1.998404,    -0.005137,
  1900.450,    -3.495345,     0.642563,    -0.002580,
  1900.500,    -3.116462,    -0.539857,     0.007088,
  1900.550,    -2.760807,    -1.341097,     0.006056,
  1900.600,    -2.431514,    -1.649067,     0.000801,
  1900.650,    -2.136718,    -1.445772,     0.005958,
  1900.700,    -1.877861,    -0.818816,     0.005049,
  1900.750,    -1.656516,     0.116193,     0.001902,
  1900.800,    -1.469985,     1.313165,     0.004010,
  1900.850,    -1.335560,     2.700578,     0.004374,
  1900.900,    -1.221164,     4.198761,    -0.000245,
  1900.950,    -1.123213,     5.657893,     0.000342,
  1901.000,    -1.046840,     6.915243,     0.006693,
  1901.050,    -0.951253,     7.832183,     0.008239,
  1901.100,    -0.856278,     8.373250,     0.006079,
  1901.150,    -0.756463,     8.567703,     0.000159,
  1901.200,    -0.630680,     8.503154,    -0.007595,
  1901.250,    -0.485498,     8.247922,     0.002318,
  1901.300,    -0.353334,     7.799993,     0.004593,
  1901.350,    -0.203220,     7.132734,     0.005736,
  1901.400,    -0.054166,     6.218885,     0.008335,
  1901.450,     0.079554,     5.091524,     0.004228,
  1901.500,     0.193974,     3.839704,     0.002526,
  1901.550,     0.298175,     2.562512,     0.003398,
  1901.600,     0.386340,     1.366082,     0.001217,
  1901.650,     0.453421,     0.345019,    -0.001683,
  1901.700,     0.516416,    -0.425977,    -0.003458,
  1901.750,     0.586897,    -0.912566,    -0.000741,
  1901.800,     0.667281,    -1.161139,     0.006728,
  1901.850,     0.773240,    -1.281056,    -0.000859,
  1901.900,     0.903355,    -1.336104,    -0.005294,
  1901.950,     1.067525,    -1.406153,    -0.000677,
  1902.000,     1.262630,    -1.526229,    -0.001451,
  1902.050,     1.489852,    -1.689486,    -0.005054,
  1902.100,     1.728679,    -1.946837,     0.000938,
  1902.150,     1.982304,    -2.316596,     0.005596,
  1902.200,     2.187746,    -2.716497,    -0.001805,
  1902.250,     2.395585,    -3.053071,     0.005484,
  1902.300,     2.551123,    -3.190131,     0.005592,
  1902.350,     2.645850,    -3.071356,    -0.004485,
  1902.400,     2.686096,    -2.717993,     0.001999,
  1902.450,     2.666386,    -2.211244,     0.003790,
  1902.500,     2.591158,    -1.590121,    -0.002246,
  1902.550,     2.487230,    -0.881028,     0.000089,
  1902.600,     2.347017,    -0.080809,    -0.002340,
  1902.650,     2.204714,     0.778508,    -0.004076,
  1902.700,     2.089990,     1.638132,     0.008509,
  1902.750,     1.998920,     2.449691,     0.005782,
  1902.800,     1.937232,     3.132503,    -0.001552,
  1902.850,     1.945941,     3.668046,     0.008596,
  1902.900,     1.988534,     4.068990,     0.006004,
  1902.950,     2.071830,     4.376054,     0.012233,
  1903.000,     2.184344,     4.629651,     0.000185,
  1903.050,     2.310040,     4.829815,    -0.010816,
  1903.100,     2.416866,     4.971273,     0.003526,
  1903.150,     2.485346,     5.015326,    -0.001783,
  1903.200,     2.495221,     4.996331,    -0.002625,
  1903.250,     2.458023,     4.926115,     0.009397,
  1903.300,     2.358510,     4.871619,     0.004110,
  1903.350,     2.227137,     4.837424,    -0.003874,
  1903.400,     2.076847,     4.868986,    -0.000592,
  1903.450,     1.931659,     4.901743,    -0.000362,
  1903.500,     1.842105,     4.909185,    -0.001749,
  1903.550,     1.835288,     4.906335,    -0.002200,
  1903.600,     1.942397,     4.913704,     0.009138,
  1903.650,     2.160809,     4.939426,    -0.006928,
  1903.700,     2.537955,     4.932065,    -0.004941,
  1903.750,     3.036694,     4.807362,    -0.002960,
  1903.800,     3.633037,     4.492217,    -0.005854,
  1903.850,     4.308584,     3.958267,    -0.002485,
  1903.900,     5.007219,     3.286608,    -0.000867,
  1903.950,     5.688141,     2.579479,     0.004335,
  1904.000,     6.293566,     1.937720,     0.008716,
  1904.050,     6.780822,     1.459292,    -0.003556,
  1904.100,     7.115502,     1.133947,     0.003029,
  1904.150,     7.265490,     0.990945,    -0.006791,
  1904.200,     7.230342,     1.042573,    -0.009935,
  1904.250,     6.991965,     1.293053,    -0.000320,
  1904.300,     6.576491,     1.667754,     0.009034,
  1904.350,     6.003953,     2.075619,     0.002999,
  1904.400,     5.302652,     2.356689,    -0.003144,
  1904.450,     4.504695,     2.403910,    -0.001685,
  1904.500,     3.677882,     2.244911,     0.002136,
  1904.550,     2.846273,     2.015489,     0.002394,
  1904.600,     2.035969,     1.850076,    -0.000493,
  1904.650,     1.280507,     1.820661,     0.002090,
  1904.700,     0.612565,     1.873462,     0.003599,
  1904.750,     0.038599,     1.940198,    -0.002883,
  1904.800,    -0.439197,     1.983491,     0.006350,
  1904.850,    -0.818381,     2.041428,     0.004112,
  1904.900,    -1.121456,     2.151568,    -0.001926,
  1904.950,    -1.348855,     2.317171,     0.003531,
  1905.000,    -1.516908,     2.494754,    -0.002917,
  1905.050,    -1.627060,     2.604720,    -0.005148,
  1905.100,    -1.693504,     2.595948,     0.000461,
  1905.150,    -1.709717,     2.510300,    -0.005087,
  1905.200,    -1.678323,     2.413309,    -0.007884,
  1905.250,    -1.619815,     2.443491,    -0.003902,
  1905.300,    -1.493218,     2.597879,     0.000248,
  1905.350,    -1.298975,     2.817981,     0.001580,
  1905.400,    -1.040261,     3.047286,     0.002598,
  1905.450,    -0.713204,     3.191814,    -0.004734,
  1905.500,    -0.330876,     3.212023,    -0.001598,
  1905.550,     0.113987,     3.114016,     0.002532,
  1905.600,     0.604343,     2.934121,     0.001850,
  1905.650,     1.130688,     2.675049,    -0.004692,
  1905.700,     1.670478,     2.374935,     0.005758,
  1905.750,     2.199105,     2.039124,     0.003343,
  1905.800,     2.700567,     1.662695,    -0.006078,
  1905.850,     3.172056,     1.216458,     0.002544,
  1905.900,     3.600102,     0.756115,     0.002435,
  1905.950,     3.964279,     0.307116,     0.004282,
  1906.000,     4.257053,    -0.108388,     0.003338,
  1906.050,     4.503920,    -0.499700,    -0.003558,
  1906.100,     4.696638,    -0.882131,     0.001734,
  1906.150,     4.821401,    -1.279491,     0.003625,
  1906.200,     4.906108,    -1.598537,    -0.002767,
  1906.250,     4.951593,    -1.755278,     0.005347,
  1906.300,     4.953952,    -1.697502,     0.004711,
  1906.350,     4.935963,    -1.462013,     0.000880,
  1906.400,     4.887576,    -1.136979,    -0.004908,
  1906.450,     4.806013,    -0.791231,    -0.000920,
  1906.500,     4.711966,    -0.471838,     0.005717,
  1906.550,     4.609869,    -0.155380,     0.004006,
  1906.600,     4.465220,     0.099270,    -0.000376,
  1906.650,     4.303182,     0.291279,     0.002610,
  1906.700,     4.114212,     0.398348,     0.002669,
  1906.750,     3.895035,     0.483285,    -0.001251,
  1906.800,     3.669786,     0.604147,    -0.002863,
  1906.850,     3.412972,     0.785215,    -0.005556,
  1906.900,     3.152510,     1.023784,    -0.008612,
  1906.950,     2.908605,     1.262274,     0.000884,
  1907.000,     2.673467,     1.477246,     0.001607,
  1907.050,     2.468585,     1.671647,    -0.006511,
  1907.100,     2.298045,     1.840848,     0.000409,
  1907.150,     2.164472,     1.957263,    -0.004713,
  1907.200,     2.079726,     1.978381,    -0.002622,
  1907.250,     2.029323,     1.873283,     0.002972,
  1907.300,     2.018511,     1.639986,    -0.004443,
  1907.350,     2.033537,     1.306222,     0.003218,
  1907.400,     2.073423,     0.936513,     0.004326,
  1907.450,     2.130304,     0.517891,    -0.004866,
  1907.500,     2.179027,     0.029962,     0.000041,
  1907.550,     2.225996,    -0.483865,     0.005378,
  1907.600,     2.269662,    -0.951359,     0.003070,
  1907.650,     2.316118,    -1.314500,    -0.004731,
  1907.700,     2.347735,    -1.529528,     0.006088,
  1907.750,     2.380269,    -1.587844,    -0.003302,
  1907.800,     2.425999,    -1.517546,    -0.005604,
  1907.850,     2.464362,    -1.385385,     0.002732,
  1907.900,     2.509027,    -1.193354,     0.002978,
  1907.950,     2.565283,    -0.931692,    -0.003813,
  1908.000,     2.639096,    -0.620316,    -0.001318,
  1908.050,     2.711017,    -0.303783,     0.002902,
  1908.100,     2.769927,    -0.041731,     0.005687,
  1908.150,     2.824985,     0.069982,     0.003787,
  1908.200,     2.884998,     0.023718,    -0.004234,
  1908.250,     2.929077,    -0.158516,    -0.006474,
  1908.300,     2.955657,    -0.456163,    -0.005467,
  1908.350,     2.959445,    -0.762609,    -0.002078,
  1908.400,     2.930325,    -1.057975,     0.003289,
  1908.450,     2.869290,    -1.269078,     0.006188,
  1908.500,     2.768494,    -1.423801,     0.005030,
  1908.550,     2.627570,    -1.552723,     0.003063,
  1908.600,     2.451528,    -1.684661,     0.006968,
  1908.650,     2.234725,    -1.839527,     0.007280,
  1908.700,     1.977342,    -2.016357,     0.000813,
  1908.750,     1.696582,    -2.214281,    -0.005212,
  1908.800,     1.387481,    -2.368677,     0.007076,
  1908.850,     1.064480,    -2.431357,     0.006469,
  1908.900,     0.770339,    -2.382728,    -0.001422,
  1908.950,     0.455981,    -2.209388,     0.006229,
  1909.000,     0.180528,    -1.921181,     0.000926,
  1909.050,    -0.071125,    -1.600082,     0.000993,
  1909.100,    -0.265989,    -1.310802,     0.002458,
  1909.150,    -0.407266,    -1.085807,    -0.004283,
  1909.200,    -0.512805,    -0.957261,    -0.004476,
  1909.250,    -0.534294,    -0.939877,    -0.003398,
  1909.300,    -0.502416,    -0.960964,    -0.001859,
  1909.350,    -0.423645,    -0.983612,    -0.005474,
  1909.400,    -0.320577,    -1.020065,    -0.001746,
  1909.450,    -0.158264,    -1.114583,     0.010199,
  1909.500,     0.014896,    -1.308578,    -0.000698,
  1909.550,     0.200042,    -1.607943,    -0.002293,
  1909.600,     0.393359,    -1.955462,     0.003631,
  1909.650,     0.583182,    -2.276553,     0.001585,
  1909.700,     0.765254,    -2.530056,     0.000767,
  1909.750,     0.926805,    -2.684030,     0.005794,
  1909.800,     1.058863,    -2.708922,    -0.001010,
  1909.850,     1.186691,    -2.599210,    -0.002613,
  1909.900,     1.284606,    -2.362183,    -0.001875,
  1909.950,     1.352396,    -2.078317,    -0.003057,
  1910.000,     1.401445,    -1.847136,     0.001026,
  1910.050,     1.406691,    -1.750056,     0.008005,
  1910.100,     1.376205,    -1.784961,     0.007050,
  1910.150,     1.317007,    -1.920457,     0.003596,
  1910.200,     1.214963,    -2.078983,    -0.003173,
  1910.250,     1.074018,    -2.205449,    -0.008004,
  1910.300,     0.906279,    -2.299359,     0.000202,
  1910.350,     0.713024,    -2.423511,    -0.002598,
  1910.400,     0.488410,    -2.586178,     0.004657,
  1910.450,     0.249075,    -2.739567,     0.008342,
  1910.500,     0.015433,    -2.830054,     0.007704,
  1910.550,    -0.202369,    -2.780956,     0.003178,
  1910.600,    -0.385991,    -2.522467,     0.005128,
  1910.650,    -0.550220,    -2.073932,     0.008040,
  1910.700,    -0.660825,    -1.531957,     0.003002,
  1910.750,    -0.726638,    -1.057957,     0.005946,
  1910.800,    -0.752584,    -0.731176,     0.000023,
  1910.850,    -0.728964,    -0.581415,    -0.001050,
  1910.900,    -0.671445,    -0.565353,     0.005437,
  1910.950,    -0.590250,    -0.595509,    -0.001914,
  1911.000,    -0.510927,    -0.612497,     0.000428,
  1911.050,    -0.425253,    -0.645514,    -0.004216,
  1911.100,    -0.366605,    -0.697844,    -0.001627,
  1911.150,    -0.328315,    -0.816040,     0.006228,
  1911.200,    -0.319379,    -1.029748,     0.004505,
  1911.250,    -0.351738,    -1.309440,    -0.000849,
  1911.300,    -0.418433,    -1.655218,    -0.001452,
  1911.350,    -0.516418,    -2.061377,    -0.001831,
  1911.400,    -0.638874,    -2.486458,    -0.005563,
  1911.450,    -0.777268,    -2.884547,    -0.001726,
  1911.500,    -0.924694,    -3.210157,    -0.006961,
  1911.550,    -1.066281,    -3.419365,    -0.003316,
  1911.600,    -1.199701,    -3.491901,    -0.000570,
  1911.650,    -1.310981,    -3.490810,    -0.002860,
  1911.700,    -1.393468,    -3.477505,     0.009581,
  1911.750,    -1.443723,    -3.478482,     0.008669,
  1911.800,    -1.467883,    -3.497024,    -0.001904,
  1911.850,    -1.448905,    -3.487541,     0.004310,
  1911.900,    -1.417429,    -3.368084,     0.001726,
  1911.950,    -1.369058,    -3.104568,     0.006058,
  1912.000,    -1.285893,    -2.685696,     0.006329,
  1912.050,    -1.212657,    -2.117513,     0.002936,
  1912.100,    -1.135019,    -1.494037,     0.001211,
  1912.150,    -1.058742,    -0.861350,     0.002343,
  1912.200,    -1.023208,    -0.295430,    -0.009621,
  1912.250,    -0.999483,     0.133452,     0.005821,
  1912.300,    -1.010267,     0.357547,     0.008220,
  1912.350,    -1.045186,     0.357988,     0.006626,
  1912.400,    -1.115910,     0.133248,     0.001707,
  1912.450,    -1.223510,    -0.284503,     0.002351,
  1912.500,    -1.344213,    -0.791688,    -0.001785,
  1912.550,    -1.470139,    -1.303072,    -0.002321,
  1912.600,    -1.609950,    -1.755548,     0.004484,
  1912.650,    -1.735415,    -2.100168,     0.000002,
  1912.700,    -1.866378,    -2.311827,    -0.003839,
  1912.750,    -1.974543,    -2.343822,    -0.004216,
  1912.800,    -2.063095,    -2.225442,     0.002811,
  1912.850,    -2.129287,    -2.000701,    -0.001664,
  1912.900,    -2.174494,    -1.750770,    -0.000655,
  1912.950,    -2.207022,    -1.550953,     0.000035,
  1913.000,    -2.220609,    -1.442875,     0.000851,
  1913.050,    -2.218353,    -1.409864,     0.006147,
  1913.100,    -2.209148,    -1.416567,     0.006743,
  1913.150,    -2.212993,    -1.402806,    -0.000789,
  1913.200,    -2.209840,    -1.338378,     0.000968,
  1913.250,    -2.198783,    -1.253456,     0.004773,
  1913.300,    -2.183952,    -1.205908,     0.005983,
  1913.350,    -2.156261,    -1.228137,     0.003912,
  1913.400,    -2.118762,    -1.298828,     0.002082,
  1913.450,    -2.055127,    -1.394874,     0.006569,
  1913.500,    -1.971140,    -1.489507,     0.000938,
  1913.550,    -1.867746,    -1.570885,     0.004963,
  1913.600,    -1.744065,    -1.624471,    -0.000661,
  1913.650,    -1.605911,    -1.629557,     0.006606,
  1913.700,    -1.454698,    -1.561674,     0.009730,
  1913.750,    -1.309148,    -1.412982,    -0.001011,
  1913.800,    -1.189082,    -1.195908,     0.000792,
  1913.850,    -1.072606,    -0.943382,    -0.004497,
  1913.900,    -0.983635,    -0.709462,    -0.002589,
  1913.950,    -0.943246,    -0.528926,    -0.008366,
  1914.000,    -0.956661,    -0.462720,     0.000179,
  1914.050,    -1.020885,    -0.507240,    -0.003231,
  1914.100,    -1.128290,    -0.591326,    -0.009210,
  1914.150,    -1.278040,    -0.711522,    -0.000537,
  1914.200,    -1.462424,    -0.781219,     0.004236,
  1914.250,    -1.670480,    -0.757906,     0.012427,
  1914.300,    -1.895182,    -0.669090,     0.009908,
  1914.350,    -2.103209,    -0.520666,    -0.004410,
  1914.400,    -2.329186,    -0.326352,     0.000854,
  1914.450,    -2.531978,    -0.101514,     0.004633,
  1914.500,    -2.697403,     0.105463,     0.008956,
  1914.550,    -2.814377,     0.262885,     0.002473,
  1914.600,    -2.871825,     0.373101,     0.005803,
  1914.650,    -2.884825,     0.568211,     0.000226,
  1914.700,    -2.837816,     0.925665,    -0.001607,
  1914.750,    -2.733315,     1.441902,     0.003216,
  1914.800,    -2.571041,     2.030227,    -0.004713,
  1914.850,    -2.343347,     2.569254,    -0.007489,
  1914.900,    -2.078142,     2.969019,     0.003000,
  1914.950,    -1.786529,     3.162012,     0.007332,
  1915.000,    -1.475347,     3.191932,     0.002361,
  1915.050,    -1.161133,     3.129874,     0.008877,
  1915.100,    -0.856253,     2.975756,     0.012653,
  1915.150,    -0.583761,     2.744910,     0.001923,
  1915.200,    -0.366514,     2.423963,    -0.002533,
  1915.250,    -0.187567,     2.036023,     0.005176,
  1915.300,    -0.088028,     1.604839,     0.002896,
  1915.350,    -0.050398,     1.207931,     0.005162,
  1915.400,    -0.074199,     0.885354,    -0.001209,
  1915.450,    -0.164372,     0.663492,     0.000272,
  1915.500,    -0.299590,     0.476579,     0.008907,
  1915.550,    -0.478115,     0.274186,    -0.000896,
  1915.600,    -0.655386,     0.022361,    -0.000396,
  1915.650,    -0.835272,    -0.302303,     0.003282,
  1915.700,    -1.009159,    -0.647323,     0.004216,
  1915.750,    -1.151951,    -1.003741,     0.006986,
  1915.800,    -1.248228,    -1.351611,     0.000515,
  1915.850,    -1.329238,    -1.721743,    -0.001823,
  1915.900,    -1.363358,    -2.146433,    -0.002181,
  1915.950,    -1.378494,    -2.603425,     0.005605,
  1916.000,    -1.350318,    -3.005747,     0.001687,
  1916.050,    -1.320226,    -3.274186,    -0.000974,
  1916.100,    -1.282918,    -3.365476,    -0.000953,
  1916.150,    -1.225149,    -3.280216,    -0.002443,
  1916.200,    -1.186427,    -3.020011,    -0.004321,
  1916.250,    -1.154552,    -2.584231,     0.001661,
  1916.300,    -1.133828,    -1.994540,    -0.003494,
  1916.350,    -1.111831,    -1.297745,    -0.006632,
  1916.400,    -1.085446,    -0.559817,     0.000650,
  1916.450,    -1.073900,     0.141238,     0.002452,
  1916.500,    -1.064751,     0.763081,     0.003718,
  1916.550,    -1.037683,     1.275708,    -0.002257,
  1916.600,    -1.013402,     1.628372,     0.002282,
  1916.650,    -0.962124,     1.820800,     0.000127,
  1916.700,    -0.908334,     1.880234,     0.007225,
  1916.750,    -0.847024,     1.804067,     0.010130,
  1916.800,    -0.771891,     1.634169,     0.007660,
  1916.850,    -0.684149,     1.422118,     0.002532,
  1916.900,    -0.590718,     1.231138,     0.004285,
  1916.950,    -0.502207,     1.127826,    -0.000539,
  1917.000,    -0.423766,     1.167816,    -0.005464,
  1917.050,    -0.324339,     1.369908,     0.001409,
  1917.100,    -0.242760,     1.714164,     0.002857,
  1917.150,    -0.167002,     2.160977,     0.006778,
  1917.200,    -0.080953,     2.667326,     0.003221,
  1917.250,     0.008758,     3.167886,    -0.005206,
  1917.300,     0.118154,     3.581478,     0.008950,
  1917.350,     0.253035,     3.861398,     0.003406,
  1917.400,     0.391173,     3.964719,     0.011753,
  1917.450,     0.561323,     3.924221,     0.009384,
  1917.500,     0.759798,     3.747787,     0.000646,
  1917.550,     0.985880,     3.449196,    -0.004795,
  1917.600,     1.224559,     3.055118,    -0.012117,
  1917.650,     1.467515,     2.589358,    -0.002337,
  1917.700,     1.712019,     2.112396,     0.009011,
  1917.750,     1.956172,     1.663315,     0.003081,
  1917.800,     2.172467,     1.254308,    -0.003540,
  1917.850,     2.340795,     0.873977,    -0.001932,
  1917.900,     2.482227,     0.523788,     0.000720,
  1917.950,     2.564193,     0.146177,     0.003231,
  1918.000,     2.575004,    -0.191838,    -0.001180,
  1918.050,     2.529986,    -0.465991,    -0.001928,
  1918.100,     2.413867,    -0.623070,     0.004672,
  1918.150,     2.242933,    -0.658272,     0.001680,
  1918.200,     2.026092,    -0.581604,     0.004294,
  1918.250,     1.772993,    -0.432491,     0.008253,
  1918.300,     1.483689,    -0.284509,     0.008281,
  1918.350,     1.165835,    -0.206922,    -0.001747,
  1918.400,     0.856801,    -0.201946,     0.002969,
  1918.450,     0.538712,    -0.272822,     0.004693,
  1918.500,     0.221682,    -0.376657,    -0.000198,
  1918.550,    -0.094432,    -0.490856,    -0.002539,
  1918.600,    -0.379308,    -0.640032,    -0.000694,
  1918.650,    -0.642799,    -0.870889,     0.008418,
  1918.700,    -0.884766,    -1.147237,    -0.000689,
  1918.750,    -1.099255,    -1.424168,     0.005368,
  1918.800,    -1.278121,    -1.627344,     0.005995,
  1918.850,    -1.421624,    -1.708087,    -0.002892,
  1918.900,    -1.524026,    -1.676716,     0.007029,
  1918.950,    -1.587043,    -1.562987,     0.006213,
  1919.000,    -1.583681,    -1.393633,     0.004906,
  1919.050,    -1.530736,    -1.163892,     0.001063,
  1919.100,    -1.415200,    -0.885843,    -0.007331,
  1919.150,    -1.230381,    -0.580432,     0.000530,
  1919.200,    -0.989245,    -0.314799,    -0.001406,
  1919.250,    -0.708525,    -0.153834,    -0.004558,
  1919.300,    -0.400137,    -0.142252,    -0.001123,
  1919.350,    -0.071109,    -0.267522,    -0.003054,
  1919.400,     0.280937,    -0.509872,    -0.000060,
  1919.450,     0.598345,    -0.832662,    -0.003804,
  1919.500,     0.908885,    -1.181096,    -0.000223,
  1919.550,     1.183070,    -1.538266,     0.008037,
  1919.600,     1.417273,    -1.845473,     0.003899,
  1919.650,     1.603206,    -2.084479,     0.000546,
  1919.700,     1.757076,    -2.264999,     0.007223,
  1919.750,     1.864705,    -2.394061,    -0.001390,
  1919.800,     1.953543,    -2.440476,    -0.000247,
  1919.850,     2.029457,    -2.354993,     0.002300,
  1919.900,     2.108792,    -2.174498,    -0.005139,
  1919.950,     2.189595,    -1.898411,    -0.008371,
  1920.000,     2.279826,    -1.586932,    -0.001029,
  1920.050,     2.387165,    -1.317556,     0.003903,
  1920.100,     2.509260,    -1.123746,    -0.001440,
  1920.150,     2.639789,    -1.053086,    -0.003997,
  1920.200,     2.777986,    -1.138946,     0.001079,
  1920.250,     2.910588,    -1.362725,     0.000349,
  1920.300,     3.007613,    -1.652071,    -0.000250,
  1920.350,     3.066837,    -1.911773,    -0.001688,
  1920.400,     3.082746,    -2.078009,    -0.000634,
  1920.450,     3.049518,    -2.125558,     0.000071,
  1920.500,     2.967457,    -2.054588,    -0.003704,
  1920.550,     2.827720,    -1.943690,     0.004386,
  1920.600,     2.621836,    -1.853889,     0.001225,
  1920.650,     2.381828,    -1.759355,    -0.000373,
  1920.700,     2.119363,    -1.639234,    -0.004415,
  1920.750,     1.835337,    -1.448224,     0.000290,
  1920.800,     1.538255,    -1.204330,     0.000011,
  1920.850,     1.235197,    -0.952233,     0.005171,
  1920.900,     0.962048,    -0.701164,     0.004644,
  1920.950,     0.722347,    -0.416738,     0.000537,
  1921.000,     0.509028,    -0.023992,    -0.003157,
  1921.050,     0.319327,     0.484814,    -0.002734,
  1921.100,     0.162248,     1.110865,     0.002638,
  1921.150,     0.038783,     1.810268,     0.003458,
  1921.200,    -0.057844,     2.493715,     0.001316,
  1921.250,    -0.156429,     3.099366,     0.002522,
  1921.300,    -0.249023,     3.598280,    -0.000671,
  1921.350,    -0.320961,     3.916648,     0.001908,
  1921.400,    -0.418367,     4.014584,    -0.001189,
  1921.450,    -0.510249,     3.837930,     0.005115,
  1921.500,    -0.608238,     3.402101,     0.000276,
  1921.550,    -0.719070,     2.733274,    -0.006978,
  1921.600,    -0.833972,     1.807420,    -0.004802,
  1921.650,    -0.937836,     0.646211,     0.001209,
  1921.700,    -1.020526,    -0.708833,    -0.000581,
  1921.750,    -1.076313,    -2.201451,    -0.000052,
  1921.800,    -1.128300,    -3.722547,     0.000136,
  1921.850,    -1.146885,    -5.227591,     0.003315,
  1921.900,    -1.127633,    -6.639162,     0.005299,
  1921.950,    -1.090266,    -7.904489,     0.001376,
  1922.000,    -1.029008,    -8.953804,    -0.004942,
  1922.050,    -0.945768,    -9.692225,    -0.007818,
  1922.100,    -0.882206,   -10.154313,     0.004332,
  1922.150,    -0.810402,   -10.361148,     0.005909,
  1922.200,    -0.749477,   -10.388196,    -0.005647,
  1922.250,    -0.718549,   -10.274030,     0.004683,
  1922.300,    -0.712592,   -10.024427,     0.004824,
  1922.350,    -0.748870,    -9.641279,    -0.004979,
  1922.400,    -0.814802,    -9.122792,     0.003163,
  1922.450,    -0.911929,    -8.515690,    -0.001871,
  1922.500,    -1.024795,    -7.893567,    -0.000528,
  1922.550,    -1.150536,    -7.278557,    -0.000879,
  1922.600,    -1.288568,    -6.634021,     0.004487,
  1922.650,    -1.424571,    -5.919230,    -0.000648,
  1922.700,    -1.531889,    -5.176614,     0.003918,
  1922.750,    -1.629441,    -4.464848,     0.004611,
  1922.800,    -1.694160,    -3.869011,    -0.003385,
  1922.850,    -1.726734,    -3.434955,     0.005226,
  1922.900,    -1.741259,    -3.181307,     0.010209,
  1922.950,    -1.745090,    -3.057121,     0.008330,
  1923.000,    -1.726416,    -2.972563,     0.004896,
  1923.050,    -1.702999,    -2.867940,     0.001348,
  1923.100,    -1.683505,    -2.670906,     0.003663,
  1923.150,    -1.649590,    -2.349129,    -0.005264,
  1923.200,    -1.644251,    -1.903886,     0.003373,
  1923.250,    -1.641542,    -1.363660,     0.010782,
  1923.300,    -1.636306,    -0.735913,    -0.001659,
  1923.350,    -1.632061,    -0.014634,    -0.001794,
  1923.400,    -1.612418,     0.809078,     0.006740,
  1923.450,    -1.572526,     1.751928,    -0.001388,
  1923.500,    -1.505158,     2.779339,     0.001597,
  1923.550,    -1.387153,     3.834799,     0.003020,
  1923.600,    -1.242346,     4.859278,    -0.003853,
  1923.650,    -1.050965,     5.797143,    -0.001549,
  1923.700,    -0.813589,     6.599505,     0.001802,
  1923.750,    -0.530999,     7.306337,    -0.002187,
  1923.800,    -0.222263,     7.867594,    -0.001534,
  1923.850,     0.106327,     8.302790,     0.006624,
  1923.900,     0.474093,     8.654824,     0.003882,
  1923.950,     0.826842,     8.983395,     0.000223,
  1924.000,     1.186789,     9.392700,     0.001297,
  1924.050,     1.540994,     9.936035,     0.004368,
  1924.100,     1.845846,    10.547099,     0.010259,
  1924.150,     2.100859,    11.139856,     0.000890,
  1924.200,     2.314832,    11.616553,     0.000315,
  1924.250,     2.417117,    11.958101,    -0.002467,
  1924.300,     2.424140,    12.156765,    -0.003679,
  1924.350,     2.325566,    12.288862,     0.000525,
  1924.400,     2.093037,    12.349947,     0.000467,
  1924.450,     1.728883,    12.346682,     0.001507,
  1924.500,     1.220884,    12.211508,     0.002665,
  1924.550,     0.575746,    11.909887,     0.000080,
  1924.600,    -0.190734,    11.448587,    -0.002451,
  1924.650,    -1.074090,    10.841012,    -0.000193,
  1924.700,    -2.044844,    10.120372,    -0.002260,
  1924.750,    -3.067592,     9.323990,    -0.001114,
  1924.800,    -4.123305,     8.531082,     0.000780,
  1924.850,    -5.152967,     7.774289,     0.003373,
  1924.900,    -6.104017,     7.067457,     0.006070,
  1924.950,    -6.983312,     6.394571,     0.005493,
  1925.000,    -7.745800,     5.746670,     0.002052,
  1925.050,    -8.361878,     5.117169,    -0.004060,
  1925.100,    -8.811053,     4.467833,     0.004982,
  1925.150,    -9.084333,     3.818443,     0.008116,
  1925.200,    -9.178952,     3.159890,     0.001544,
  1925.250,    -9.120465,     2.480000,    -0.001425,
  1925.300,    -8.904467,     1.784499,     0.004832,
  1925.350,    -8.562039,     1.098368,     0.002210,
  1925.400,    -8.099838,     0.416395,     0.004221,
  1925.450,    -7.542994,    -0.254658,     0.006140,
  1925.500,    -6.916489,    -0.912888,    -0.005949,
  1925.550,    -6.250780,    -1.551905,    -0.001102,
  1925.600,    -5.567851,    -2.131033,     0.006472,
  1925.650,    -4.885021,    -2.655126,     0.002652,
  1925.700,    -4.217347,    -3.132349,    -0.000801,
  1925.750,    -3.583438,    -3.602277,    -0.007812,
  1925.800,    -2.979965,    -4.107387,    -0.004704,
  1925.850,    -2.426866,    -4.611693,     0.003948,
  1925.900,    -1.919903,    -5.109660,     0.009624,
  1925.950,    -1.438878,    -5.535166,     0.004313,
  1926.000,    -0.987884,    -5.830425,     0.005438,
  1926.050,    -0.545554,    -5.952115,     0.000615,
  1926.100,    -0.101710,    -5.938809,    -0.000952,
  1926.150,     0.352588,    -5.826148,    -0.005634,
  1926.200,     0.851507,    -5.691387,    -0.001750,
  1926.250,     1.371243,    -5.614668,     0.005112,
  1926.300,     1.945502,    -5.606046,     0.008990,
  1926.350,     2.565939,    -5.660801,     0.006883,
  1926.400,     3.216054,    -5.727942,    -0.000207,
  1926.450,     3.920510,    -5.726960,     0.004475,
  1926.500,     4.621624,    -5.606899,     0.002897,
  1926.550,     5.339145,    -5.347353,    -0.002166,
  1926.600,     6.042879,    -4.939128,     0.001069,
  1926.650,     6.725142,    -4.395592,    -0.001281,
  1926.700,     7.358671,    -3.683503,     0.001962,
  1926.750,     7.944026,    -2.828673,     0.004058,
  1926.800,     8.469682,    -1.856466,     0.001903,
  1926.850,     8.938307,    -0.806743,    -0.000773,
  1926.900,     9.335479,     0.267059,    -0.005090,
  1926.950,     9.693951,     1.295978,     0.000184,
  1927.000,     9.987649,     2.269332,     0.007611,
  1927.050,    10.230651,     3.123802,     0.008748,
  1927.100,    10.431070,     3.844109,    -0.001399,
  1927.150,    10.583792,     4.469100,    -0.002537,
  1927.200,    10.694643,     5.021697,    -0.001875,
  1927.250,    10.762971,     5.502905,    -0.004660,
  1927.300,    10.782842,     5.971994,    -0.000066,
  1927.350,    10.752220,     6.380500,    -0.001016,
  1927.400,    10.678626,     6.723909,     0.007617,
  1927.450,    10.536818,     6.976217,     0.002254,
  1927.500,    10.334850,     7.137372,    -0.001223,
  1927.550,    10.073690,     7.208677,     0.013331,
  1927.600,     9.738548,     7.202862,     0.013382,
  1927.650,     9.350804,     7.155597,     0.002742,
  1927.700,     8.918903,     7.115218,     0.001388,
  1927.750,     8.412042,     7.082221,     0.001602,
  1927.800,     7.851357,     7.030478,     0.005904,
  1927.850,     7.246933,     6.943280,     0.003227,
  1927.900,     6.596894,     6.826580,     0.004140,
  1927.950,     5.915872,     6.678276,     0.005927,
  1928.000,     5.205175,     6.507641,     0.001261,
  1928.050,     4.462441,     6.322566,    -0.002385,
  1928.100,     3.715361,     6.135486,     0.002665,
  1928.150,     2.979151,     5.948979,     0.000740,
  1928.200,     2.232561,     5.766422,    -0.001437,
  1928.250,     1.504208,     5.605662,    -0.002214,
  1928.300,     0.811004,     5.513833,     0.002012,
  1928.350,     0.138404,     5.468751,     0.004435,
  1928.400,    -0.508407,     5.444053,    -0.000966,
  1928.450,    -1.106103,     5.402060,     0.005283,
  1928.500,    -1.651385,     5.283026,     0.002811,
  1928.550,    -2.151560,     5.090256,     0.000808,
  1928.600,    -2.604563,     4.844433,     0.001427,
  1928.650,    -2.999539,     4.567088,     0.003580,
  1928.700,    -3.358296,     4.285805,     0.001766,
  1928.750,    -3.661837,     3.955314,     0.009530,
  1928.800,    -3.899825,     3.589506,    -0.002509,
  1928.850,    -4.095349,     3.191684,     0.003876,
  1928.900,    -4.245449,     2.792488,     0.008417,
  1928.950,    -4.342791,     2.414572,     0.004870,
  1929.000,    -4.393681,     2.060458,     0.000238,
  1929.050,    -4.418487,     1.753204,    -0.000807,
  1929.100,    -4.397788,     1.456968,     0.004511,
  1929.150,    -4.347885,     1.191577,    -0.006174,
  1929.200,    -4.269909,     0.952280,    -0.001065,
  1929.250,    -4.161503,     0.752176,     0.001859,
  1929.300,    -4.040713,     0.581011,     0.003049,
  1929.350,    -3.881844,     0.397059,     0.002097,
  1929.400,    -3.666017,     0.182758,     0.000768,
  1929.450,    -3.427990,    -0.084110,     0.006675,
  1929.500,    -3.122888,    -0.427137,    -0.004508,
  1929.550,    -2.779538,    -0.844286,    -0.002394,
  1929.600,    -2.384185,    -1.253024,    -0.001887,
  1929.650,    -1.922520,    -1.648898,     0.004249,
  1929.700,    -1.403873,    -1.999080,     0.002236,
  1929.750,    -0.821855,    -2.266926,     0.000421,
  1929.800,    -0.189736,    -2.496737,    -0.000040,
  1929.850,     0.469855,    -2.682161,     0.001497,
  1929.900,     1.143766,    -2.843101,    -0.004269,
  1929.950,     1.825386,    -2.975497,    -0.000217,
  1930.000,     2.517110,    -3.072245,     0.008233,
  1930.050,     3.165860,    -3.113848,     0.000786,
  1930.100,     3.790609,    -3.097881,    -0.001588,
  1930.150,     4.363886,    -3.030464,    -0.000665,
  1930.200,     4.885692,    -2.913225,    -0.003491,
  1930.250,     5.355866,    -2.755149,    -0.008301,
  1930.300,     5.760928,    -2.542411,    -0.001272,
  1930.350,     6.094990,    -2.297705,    -0.001621,
  1930.400,     6.381492,    -2.073899,     0.003224,
  1930.450,     6.614062,    -1.866351,     0.007129,
  1930.500,     6.799007,    -1.691125,     0.000489,
  1930.550,     6.915289,    -1.544379,     0.000789,
  1930.600,     7.011884,    -1.424620,     0.001374,
  1930.650,     7.060328,    -1.397029,    -0.002033,
  1930.700,     7.062756,    -1.494123,     0.001915,
  1930.750,     7.044425,    -1.720741,     0.009458,
  1930.800,     6.993412,    -2.048473,     0.009691,
  1930.850,     6.913381,    -2.412619,     0.002862,
  1930.900,     6.804340,    -2.742095,    -0.004823,
  1930.950,     6.664048,    -2.965200,    -0.008623,
  1931.000,     6.508459,    -3.021409,     0.003893,
  1931.050,     6.347924,    -2.936356,     0.001082,
  1931.100,     6.176608,    -2.787021,     0.004513,
  1931.150,     6.003226,    -2.676775,     0.004866,
  1931.200,     5.830496,    -2.660042,     0.000524,
  1931.250,     5.662029,    -2.734300,    -0.002567,
  1931.300,     5.501234,    -2.867022,     0.003902,
  1931.350,     5.328573,    -2.992341,     0.000255,
  1931.400,     5.162088,    -3.062196,     0.000941,
  1931.450,     4.997451,    -3.105590,    -0.001455,
  1931.500,     4.810483,    -3.130169,     0.001644,
  1931.550,     4.613006,    -3.164463,    -0.002692,
  1931.600,     4.406855,    -3.206573,    -0.003240,
  1931.650,     4.190435,    -3.233710,     0.003349,
  1931.700,     3.961565,    -3.204384,     0.011321,
  1931.750,     3.721216,    -3.089260,     0.004803,
  1931.800,     3.457491,    -2.900811,    -0.000184,
  1931.850,     3.183057,    -2.645662,     0.003262,
  1931.900,     2.911861,    -2.325679,    -0.000761,
  1931.950,     2.630135,    -2.024670,     0.001614,
  1932.000,     2.345631,    -1.754464,     0.000886,
  1932.050,     2.086740,    -1.551747,    -0.002138,
  1932.100,     1.820453,    -1.403953,     0.004081,
  1932.150,     1.546065,    -1.351546,     0.013562,
  1932.200,     1.271657,    -1.404366,     0.001287,
  1932.250,     0.995439,    -1.565708,     0.000050,
  1932.300,     0.734925,    -1.812494,     0.001319,
  1932.350,     0.451765,    -2.091721,     0.002838,
  1932.400,     0.151467,    -2.386376,     0.000492,
  1932.450,    -0.156785,    -2.694233,     0.005693,
  1932.500,    -0.462068,    -3.029114,     0.002982,
  1932.550,    -0.776749,    -3.407028,     0.001036,
  1932.600,    -1.097502,    -3.820954,     0.005404,
  1932.650,    -1.412094,    -4.192697,    -0.006681,
  1932.700,    -1.702710,    -4.505429,    -0.000406,
  1932.750,    -1.980004,    -4.754184,     0.005828,
  1932.800,    -2.223927,    -4.934861,     0.006399,
  1932.850,    -2.433339,    -5.033885,    -0.000449,
  1932.900,    -2.591278,    -5.053324,     0.002012,
  1932.950,    -2.705479,    -5.005085,     0.002990,
  1933.000,    -2.773770,    -4.915085,     0.006697,
  1933.050,    -2.799395,    -4.789084,     0.002064,
  1933.100,    -2.784305,    -4.646686,     0.006700,
  1933.150,    -2.713402,    -4.499847,     0.001261,
  1933.200,    -2.621911,    -4.317296,     0.003796,
  1933.250,    -2.502053,    -4.103202,     0.002924,
  1933.300,    -2.367217,    -3.839979,     0.002355,
  1933.350,    -2.229299,    -3.529756,     0.002681,
  1933.400,    -2.100032,    -3.235115,    -0.002278,
  1933.450,    -1.982974,    -3.006732,     0.001826,
  1933.500,    -1.897245,    -2.864198,     0.004964,
  1933.550,    -1.840056,    -2.829340,     0.017001,
  1933.600,    -1.810769,    -2.919288,     0.006456,
  1933.650,    -1.824795,    -3.104709,     0.000816,
  1933.700,    -1.869593,    -3.355135,     0.005641,
  1933.750,    -1.949162,    -3.657416,     0.000074,
  1933.800,    -2.038728,    -3.955124,     0.001343,
  1933.850,    -2.145950,    -4.196887,    -0.002880,
  1933.900,    -2.251860,    -4.377840,     0.002292,
  1933.950,    -2.346549,    -4.444771,     0.003894,
  1934.000,    -2.450643,    -4.354319,     0.001544,
  1934.050,    -2.540029,    -4.140244,     0.003824,
  1934.100,    -2.604136,    -3.826702,     0.000920,
  1934.150,    -2.652848,    -3.477542,     0.002735,
  1934.200,    -2.699644,    -3.129736,     0.009178,
  1934.250,    -2.724477,    -2.779031,     0.002452,
  1934.300,    -2.746447,    -2.466710,    -0.002601,
  1934.350,    -2.756552,    -2.237675,     0.000954,
  1934.400,    -2.763500,    -2.101479,     0.007110,
  1934.450,    -2.765547,    -2.061565,     0.000482,
  1934.500,    -2.762750,    -2.038445,    -0.007593,
  1934.550,    -2.728791,    -1.961687,    -0.001728,
  1934.600,    -2.681995,    -1.771216,     0.004431,
  1934.650,    -2.625523,    -1.503043,     0.004750,
  1934.700,    -2.544691,    -1.197426,     0.000996,
  1934.750,    -2.448011,    -0.912173,    -0.002059,
  1934.800,    -2.322187,    -0.656006,    -0.000263,
  1934.850,    -2.192851,    -0.438109,    -0.003802,
  1934.900,    -2.068329,    -0.308757,     0.001865,
  1934.950,    -1.939379,    -0.264403,     0.003787,
  1935.000,    -1.829433,    -0.316419,     0.005912,
  1935.050,    -1.754322,    -0.467235,     0.002616,
  1935.100,    -1.702054,    -0.682092,     0.002987,
  1935.150,    -1.702259,    -0.927882,     0.012424,
  1935.200,    -1.742009,    -1.209097,     0.003236,
  1935.250,    -1.826600,    -1.520906,     0.002784,
  1935.300,    -1.959719,    -1.845343,     0.005784,
  1935.350,    -2.137857,    -2.161713,     0.004542,
  1935.400,    -2.350169,    -2.450466,    -0.000201,
  1935.450,    -2.576058,    -2.682447,    -0.003662,
  1935.500,    -2.824923,    -2.868798,     0.002343,
  1935.550,    -3.080264,    -2.970122,     0.003407,
  1935.600,    -3.322487,    -3.026967,     0.000342,
  1935.650,    -3.552826,    -3.072935,     0.003583,
  1935.700,    -3.756725,    -3.106730,     0.002374,
  1935.750,    -3.918547,    -3.137718,    -0.003568,
  1935.800,    -4.042443,    -3.159097,     0.008454,
  1935.850,    -4.124447,    -3.127140,    -0.000075,
  1935.900,    -4.160604,    -3.025539,    -0.002877,
  1935.950,    -4.159408,    -2.854854,     0.006024,
  1936.000,    -4.119750,    -2.637716,    -0.002598,
  1936.050,    -4.035912,    -2.372007,     0.005389,
  1936.100,    -3.946953,    -2.044536,     0.001170,
  1936.150,    -3.825099,    -1.659000,     0.000917,
  1936.200,    -3.699695,    -1.221277,    -0.006173,
  1936.250,    -3.567458,    -0.795569,    -0.005410,
  1936.300,    -3.433650,    -0.380942,     0.000816,
  1936.350,    -3.318638,    -0.026217,     0.007655,
  1936.400,    -3.223603,     0.260711,    -0.004966,
  1936.450,    -3.150403,     0.482613,    -0.005566,
  1936.500,    -3.114839,     0.633681,     0.001316,
  1936.550,    -3.103519,     0.688769,     0.008470,
  1936.600,    -3.092555,     0.611819,     0.003575,
  1936.650,    -3.124117,     0.434643,     0.003975,
  1936.700,    -3.173359,     0.150795,     0.006725,
  1936.750,    -3.199839,    -0.195187,     0.000767,
  1936.800,    -3.228847,    -0.591457,    -0.002016,
  1936.850,    -3.244605,    -0.985190,     0.002091,
  1936.900,    -3.228348,    -1.351339,    -0.003065,
  1936.950,    -3.177439,    -1.659630,     0.000094,
  1937.000,    -3.092020,    -1.862051,    -0.003129,
  1937.050,    -2.966884,    -1.959443,     0.001227,
  1937.100,    -2.813063,    -2.000436,     0.000835,
  1937.150,    -2.632045,    -1.978950,    -0.003734,
  1937.200,    -2.451657,    -1.929292,     0.001205,
  1937.250,    -2.252898,    -1.888031,    -0.000777,
  1937.300,    -2.040139,    -1.843196,    -0.006653,
  1937.350,    -1.840556,    -1.808986,    -0.000013,
  1937.400,    -1.653454,    -1.787196,    -0.000561,
  1937.450,    -1.470487,    -1.793195,    -0.006994,
  1937.500,    -1.297923,    -1.809992,     0.000410,
  1937.550,    -1.137677,    -1.824863,     0.004238,
  1937.600,    -0.995884,    -1.818629,     0.002349,
  1937.650,    -0.873267,    -1.779339,     0.003154,
  1937.700,    -0.759213,    -1.686315,     0.005237,
  1937.750,    -0.672486,    -1.536319,     0.002786,
  1937.800,    -0.615970,    -1.311600,     0.006672,
  1937.850,    -0.574683,    -0.995398,     0.006995,
  1937.900,    -0.578096,    -0.548135,     0.000632,
  1937.950,    -0.621372,     0.029445,    -0.000946,
  1938.000,    -0.696891,     0.760838,     0.004297,
  1938.050,    -0.810673,     1.618816,    -0.007088,
  1938.100,    -0.954942,     2.638392,    -0.001773,
  1938.150,    -1.132678,     3.801344,     0.012039,
  1938.200,    -1.325450,     5.083151,     0.005639,
  1938.250,    -1.528441,     6.437950,    -0.000513,
  1938.300,    -1.729094,     7.833794,     0.008152,
  1938.350,    -1.933376,     9.206817,    -0.000750,
  1938.400,    -2.108853,    10.507743,     0.001072,
  1938.450,    -2.274845,    11.700313,    -0.003884,
  1938.500,    -2.412479,    12.720783,    -0.007726,
  1938.550,    -2.523286,    13.624614,     0.002057,
  1938.600,    -2.591612,    14.406294,     0.000829,
  1938.650,    -2.624162,    15.076856,    -0.002276,
  1938.700,    -2.616867,    15.643515,     0.001786,
  1938.750,    -2.573287,    16.102998,     0.002950,
  1938.800,    -2.493254,    16.389029,    -0.002719,
  1938.850,    -2.370439,    16.485035,     0.006599,
  1938.900,    -2.207082,    16.339883,     0.005244,
  1938.950,    -2.018515,    15.948901,    -0.001452,
  1939.000,    -1.800703,    15.269563,    -0.004044,
  1939.050,    -1.565326,    14.290833,     0.004319,
  1939.100,    -1.308931,    13.099279,     0.000167,
  1939.150,    -1.063763,    11.748713,     0.004323,
  1939.200,    -0.830179,    10.304308,    -0.005341,
  1939.250,    -0.600081,     8.865647,    -0.004523,
  1939.300,    -0.400231,     7.452771,     0.006196,
  1939.350,    -0.246597,     6.086332,     0.000850,
  1939.400,    -0.137248,     4.797301,     0.006110,
  1939.450,    -0.059189,     3.569251,     0.002446,
  1939.500,    -0.037961,     2.448097,    -0.001612,
  1939.550,    -0.067716,     1.436652,     0.010223,
  1939.600,    -0.146993,     0.506166,     0.004905,
  1939.650,    -0.260489,    -0.334504,     0.002789,
  1939.700,    -0.408240,    -1.072188,    -0.000177,
  1939.750,    -0.567404,    -1.711015,    -0.000437,
  1939.800,    -0.754735,    -2.229130,     0.001956,
  1939.850,    -0.937799,    -2.635713,    -0.001367,
  1939.900,    -1.108431,    -2.889824,     0.001260,
  1939.950,    -1.270560,    -3.019589,     0.009649,
  1940.000,    -1.396415,    -3.018548,     0.005004,
  1940.050,    -1.507453,    -2.917464,    -0.003014,
  1940.100,    -1.570483,    -2.769490,     0.003806,
  1940.150,    -1.596612,    -2.585582,     0.003809,
  1940.200,    -1.621828,    -2.381143,     0.000527,
  1940.250,    -1.593270,    -2.146865,     0.005445,
  1940.300,    -1.530327,    -1.867047,     0.003228,
  1940.350,    -1.456564,    -1.524362,     0.000471,
  1940.400,    -1.351444,    -1.140377,     0.001051,
  1940.450,    -1.207710,    -0.710027,     0.002860,
  1940.500,    -1.043188,    -0.216784,     0.001827,
  1940.550,    -0.835638,     0.323434,     0.006059,
  1940.600,    -0.588704,     0.881507,    -0.003433,
  1940.650,    -0.276767,     1.442149,    -0.002615,
  1940.700,     0.086529,     1.976159,     0.003221,
  1940.750,     0.524265,     2.464147,     0.000026,
  1940.800,     1.061567,     2.906919,     0.002149,
  1940.850,     1.687760,     3.248762,     0.001169,
  1940.900,     2.421209,     3.501000,     0.001737,
  1940.950,     3.236365,     3.688483,    -0.003445,
  1941.000,     4.165629,     3.804372,    -0.000622,
  1941.050,     5.185320,     3.931995,    -0.001637,
  1941.100,     6.263972,     4.078250,     0.006343,
  1941.150,     7.389743,     4.238905,     0.003915,
  1941.200,     8.532750,     4.375713,    -0.006355,
  1941.250,     9.676372,     4.388832,    -0.007092,
  1941.300,    10.790923,     4.262054,     0.000026,
  1941.350,    11.843772,     3.977464,     0.001643,
  1941.400,    12.776029,     3.534633,    -0.000247,
  1941.450,    13.579083,     3.013059,    -0.001500,
  1941.500,    14.254318,     2.401175,     0.005383,
  1941.550,    14.767457,     1.701711,    -0.001898,
  1941.600,    15.094032,     0.931488,    -0.002695,
  1941.650,    15.223288,     0.080632,    -0.003327,
  1941.700,    15.152475,    -0.854641,    -0.000809,
  1941.750,    14.901517,    -1.890761,    -0.006724,
  1941.800,    14.464588,    -2.998567,    -0.007033,
  1941.850,    13.836473,    -4.173143,    -0.002951,
  1941.900,    13.061475,    -5.392203,     0.000422,
  1941.950,    12.154666,    -6.641831,    -0.000621,
  1942.000,    11.114399,    -7.894708,    -0.002357,
  1942.050,     9.973964,    -9.102990,     0.004022,
  1942.100,     8.765552,   -10.174763,     0.001522,
  1942.150,     7.530590,   -11.043096,    -0.000542,
  1942.200,     6.277428,   -11.593825,    -0.000829,
  1942.250,     5.036885,   -11.767262,     0.004936,
  1942.300,     3.835317,   -11.494206,     0.008156,
  1942.350,     2.716807,   -10.766348,    -0.001889,
  1942.400,     1.695774,    -9.507319,    -0.007402,
  1942.450,     0.783038,    -7.672997,    -0.002948,
  1942.500,    -0.010327,    -5.242454,     0.000717,
  1942.550,    -0.680683,    -2.236494,     0.000212,
  1942.600,    -1.222851,     1.286715,     0.003708,
  1942.650,    -1.650563,     5.219196,    -0.004467,
  1942.700,    -1.947955,     9.417884,     0.002073,
  1942.750,    -2.145026,    13.664719,     0.000804,
  1942.800,    -2.231685,    17.769377,    -0.000660,
  1942.850,    -2.231356,    21.488348,     0.002623,
  1942.900,    -2.160541,    24.585757,     0.006329,
  1942.950,    -2.017193,    26.900584,     0.006772,
  1943.000,    -1.811648,    28.325534,     0.004055,
  1943.050,    -1.549566,    28.814653,     0.003695,
  1943.100,    -1.243753,    28.428634,     0.008710,
  1943.150,    -0.915820,    27.359481,     0.007718,
  1943.200,    -0.542059,    25.747377,     0.005261,
  1943.250,    -0.140976,    23.796837,     0.008412,
  1943.300,     0.265067,    21.647733,     0.005192,
  1943.350,     0.703914,    19.379878,    -0.004286,
  1943.400,     1.153661,    17.037514,     0.003075,
  1943.450,     1.600491,    14.647691,     0.006149,
  1943.500,     2.041067,    12.258443,     0.003365,
  1943.550,     2.480764,     9.886356,    -0.009772,
  1943.600,     2.884898,     7.521869,    -0.004702,
  1943.650,     3.267004,     5.220185,     0.002431,
  1943.700,     3.614039,     3.006440,    -0.003871,
  1943.750,     3.933322,     0.908917,     0.001060,
  1943.800,     4.178963,    -1.032428,    -0.004124,
  1943.850,     4.384577,    -2.756205,     0.003975,
  1943.900,     4.531446,    -4.223394,     0.002275,
  1943.950,     4.616767,    -5.348872,     0.001388,
  1944.000,     4.659986,    -6.163526,     0.002331,
  1944.050,     4.635454,    -6.686136,     0.000251,
  1944.100,     4.546625,    -6.932057,     0.002273,
  1944.150,     4.414127,    -6.960393,     0.000597,
  1944.200,     4.219750,    -6.872085,     0.000249,
  1944.250,     3.951606,    -6.735830,    -0.003184,
  1944.300,     3.626656,    -6.639820,    -0.001589,
  1944.350,     3.236085,    -6.683855,     0.000053,
  1944.400,     2.760299,    -6.834440,     0.001513,
  1944.450,     2.208010,    -7.092039,     0.002641,
  1944.500,     1.566591,    -7.368951,     0.003920,
  1944.550,     0.840018,    -7.617953,    -0.004540,
  1944.600,     0.037874,    -7.739945,     0.000416,
  1944.650,    -0.839486,    -7.644489,     0.004621,
  1944.700,    -1.785550,    -7.298468,     0.005349,
  1944.750,    -2.777652,    -6.632970,    -0.000160,
  1944.800,    -3.821314,    -5.693509,    -0.002369,
  1944.850,    -4.853191,    -4.570842,    -0.000665,
  1944.900,    -5.846206,    -3.372440,     0.004700,
  1944.950,    -6.762970,    -2.275486,    -0.002394,
  1945.000,    -7.556438,    -1.392956,     0.004888,
  1945.050,    -8.181173,    -0.789092,     0.001646,
  1945.100,    -8.570080,    -0.476973,     0.001108,
  1945.150,    -8.687524,    -0.453456,    -0.006772,
  1945.200,    -8.464470,    -0.639415,     0.000086,
  1945.250,    -7.887771,    -0.973143,     0.007420,
  1945.300,    -6.916758,    -1.403864,     0.004624,
  1945.350,    -5.530327,    -1.886603,    -0.001670,
  1945.400,    -3.718790,    -2.415547,    -0.005917,
  1945.450,    -1.520178,    -2.948633,    -0.004383,
  1945.500,     0.995796,    -3.472339,     0.001608,
  1945.550,     3.815261,    -3.995359,     0.001342,
  1945.600,     6.811654,    -4.476297,    -0.001914,
  1945.650,     9.896024,    -4.945225,    -0.003632,
  1945.700,    12.945479,    -5.419461,    -0.002203,
  1945.750,    15.841303,    -5.866709,    -0.009170,
  1945.800,    18.488535,    -6.300749,    -0.003470,
  1945.850,    20.775660,    -6.689775,    -0.000032,
  1945.900,    22.602644,    -7.049420,    -0.002759,
  1945.950,    23.881578,    -7.373244,    -0.001116,
  1946.000,    24.588705,    -7.667349,     0.008649,
  1946.050,    24.704873,    -7.920845,     0.002617,
  1946.100,    24.259956,    -8.114891,    -0.006762,
  1946.150,    23.259402,    -8.263479,    -0.000859,
  1946.200,    21.810693,    -8.383588,     0.005298,
  1946.250,    19.954802,    -8.428892,     0.001363,
  1946.300,    17.794224,    -8.383818,    -0.001981,
  1946.350,    15.430022,    -8.178627,    -0.005631,
  1946.400,    12.972250,    -7.779849,     0.003943,
  1946.450,    10.476303,    -7.119153,     0.005021,
  1946.500,     8.019699,    -6.210384,    -0.002702,
  1946.550,     5.668185,    -5.081622,     0.002179,
  1946.600,     3.468817,    -3.796296,    -0.002777,
  1946.650,     1.469160,    -2.455868,    -0.001823,
  1946.700,    -0.310876,    -1.213270,     0.003259,
  1946.750,    -1.849920,    -0.203201,     0.007521,
  1946.800,    -3.150568,     0.467210,     0.003765,
  1946.850,    -4.235130,     0.745222,     0.001626,
  1946.900,    -5.068705,     0.636390,     0.003985,
  1946.950,    -5.684667,     0.197023,    -0.000777,
  1947.000,    -6.134236,    -0.501814,    -0.002415,
  1947.050,    -6.415110,    -1.372378,     0.004513,
  1947.100,    -6.566194,    -2.349457,     0.004972,
  1947.150,    -6.612984,    -3.378753,     0.000303,
  1947.200,    -6.578243,    -4.431687,     0.001774,
  1947.250,    -6.486014,    -5.480297,     0.003954,
  1947.300,    -6.363048,    -6.521107,    -0.003051,
  1947.350,    -6.212126,    -7.579069,    -0.005789,
  1947.400,    -6.045254,    -8.677460,    -0.005453,
  1947.450,    -5.847823,    -9.798744,     0.000132,
  1947.500,    -5.628521,   -10.930757,     0.004136,
  1947.550,    -5.353419,   -12.029310,     0.000603,
  1947.600,    -5.059378,   -13.074912,     0.000132,
  1947.650,    -4.686884,   -13.988435,    -0.001756,
  1947.700,    -4.260527,   -14.748251,    -0.008483,
  1947.750,    -3.784738,   -15.257175,    -0.000527,
  1947.800,    -3.263423,   -15.525189,     0.006208,
  1947.850,    -2.727882,   -15.536386,     0.009569,
  1947.900,    -2.204718,   -15.265042,     0.003352,
  1947.950,    -1.710778,   -14.764564,     0.006103,
  1948.000,    -1.294089,   -14.087012,     0.001225,
  1948.050,    -0.975505,   -13.278565,     0.008077,
  1948.100,    -0.764485,   -12.399098,    -0.000223,
  1948.150,    -0.683013,   -11.482172,     0.002781,
  1948.200,    -0.743792,   -10.576689,    -0.000698,
  1948.250,    -0.920226,    -9.729455,    -0.000175,
  1948.300,    -1.204451,    -8.949165,    -0.004012,
  1948.350,    -1.597827,    -8.264908,     0.000404,
  1948.400,    -2.065366,    -7.616854,    -0.000092,
  1948.450,    -2.570169,    -6.988963,     0.000190,
  1948.500,    -3.098420,    -6.365660,     0.006982,
  1948.550,    -3.637733,    -5.733936,     0.004441,
  1948.600,    -4.160552,    -5.107819,     0.007688,
  1948.650,    -4.641116,    -4.485446,     0.006486,
  1948.700,    -5.095569,    -3.903340,    -0.003240,
  1948.750,    -5.475298,    -3.416280,     0.005408,
  1948.800,    -5.846546,    -3.041944,    -0.000335,
  1948.850,    -6.139318,    -2.776392,     0.005437,
  1948.900,    -6.389367,    -2.606185,    -0.001013,
  1948.950,    -6.595955,    -2.486044,     0.006052,
  1949.000,    -6.736082,    -2.362548,     0.008797,
  1949.050,    -6.824370,    -2.203493,     0.001883,
  1949.100,    -6.849467,    -2.001685,     0.006478,
  1949.150,    -6.805786,    -1.742320,     0.002955,
  1949.200,    -6.666284,    -1.385257,     0.004076,
  1949.250,    -6.459684,    -0.977896,     0.008327,
  1949.300,    -6.161623,    -0.493693,     0.007037,
  1949.350,    -5.773506,     0.054026,     0.004414,
  1949.400,    -5.325162,     0.636855,     0.000990,
  1949.450,    -4.814019,     1.249763,    -0.001124,
  1949.500,    -4.271368,     1.848969,     0.000604,
  1949.550,    -3.713228,     2.397223,     0.006950,
  1949.600,    -3.174586,     2.888270,    -0.000470,
  1949.650,    -2.695989,     3.275344,     0.004821,
  1949.700,    -2.298742,     3.568456,    -0.001415,
  1949.750,    -2.031917,     3.766477,    -0.002601,
  1949.800,    -1.887267,     3.926066,    -0.003485,
  1949.850,    -1.909802,     4.067518,     0.002774,
  1949.900,    -2.076151,     4.212539,     0.009613,
  1949.950,    -2.411816,     4.363407,    -0.005382,
  1950.000,    -2.887400,     4.483372,    -0.005160,
  1950.050,    -3.505658,     4.560423,    -0.002057,
  1950.100,    -4.243515,     4.614720,    -0.000928,
  1950.150,    -5.067117,     4.614615,    -0.003774,
  1950.200,    -5.952535,     4.549919,     0.005375,
  1950.250,    -6.858196,     4.484971,    -0.001461,
  1950.300,    -7.766912,     4.443419,     0.001978,
  1950.350,    -8.682974,     4.453538,     0.006892,
  1950.400,    -9.563226,     4.555900,     0.002020,
  1950.450,   -10.375718,     4.711467,     0.002511,
  1950.500,   -11.118337,     4.852052,    -0.000953,
  1950.550,   -11.776499,     4.937296,    -0.004905,
  1950.600,   -12.328941,     4.948603,     0.004081,
  1950.650,   -12.749683,     4.855445,     0.006562,
  1950.700,   -13.064978,     4.694811,     0.003359,
  1950.750,   -13.243954,     4.488643,     0.010376,
  1950.800,   -13.270718,     4.287553,     0.005894,
  1950.850,   -13.179997,     4.165183,     0.004306,
  1950.900,   -12.944990,     4.108416,     0.005429,
  1950.950,   -12.601017,     4.119465,     0.006955,
  1951.000,   -12.144906,     4.158501,     0.000723,
  1951.050,   -11.592597,     4.225336,     0.008813,
  1951.100,   -10.979795,     4.303092,     0.008307,
  1951.150,   -10.321573,     4.397170,     0.002044,
  1951.200,    -9.640284,     4.517764,     0.004696,
  1951.250,    -8.958838,     4.671077,     0.006173,
  1951.300,    -8.281017,     4.825772,     0.003513,
  1951.350,    -7.615547,     4.955149,     0.002459,
  1951.400,    -6.989226,     5.017504,    -0.000895,
  1951.450,    -6.403067,     5.055971,     0.007584,
  1951.500,    -5.857000,     5.065702,    -0.002741,
  1951.550,    -5.363016,     5.075361,     0.000787,
  1951.600,    -4.902970,     5.090420,    -0.004310,
  1951.650,    -4.488460,     5.090696,    -0.001744,
  1951.700,    -4.108640,     5.038875,     0.010318,
  1951.750,    -3.773341,     4.934743,     0.003900,
  1951.800,    -3.455817,     4.734543,    -0.000640,
  1951.850,    -3.143141,     4.423173,    -0.002618,
  1951.900,    -2.850772,     4.039481,    -0.000063,
  1951.950,    -2.562926,     3.611584,    -0.002816,
  1952.000,    -2.258057,     3.161713,     0.000786,
  1952.050,    -1.923469,     2.778290,     0.003341,
  1952.100,    -1.548350,     2.426040,    -0.002008,
  1952.150,    -1.136910,     2.150708,     0.001865,
  1952.200,    -0.687500,     1.983532,     0.002978,
  1952.250,    -0.186736,     1.935473,     0.006408,
  1952.300,     0.347231,     1.993558,    -0.006455,
  1952.350,     0.909893,     2.109188,    -0.000114,
  1952.400,     1.493990,     2.288193,     0.000398,
  1952.450,     2.071839,     2.442932,    -0.005707,
  1952.500,     2.648822,     2.557620,     0.008947,
  1952.550,     3.186210,     2.625348,     0.003142,
  1952.600,     3.679919,     2.654678,     0.002337,
  1952.650,     4.110790,     2.668802,     0.002763,
  1952.700,     4.489534,     2.677459,     0.002081,
  1952.750,     4.804521,     2.726868,     0.000942,
  1952.800,     5.050538,     2.774398,     0.003690,
  1952.850,     5.224166,     2.855143,    -0.002631,
  1952.900,     5.335868,     2.907577,     0.006036,
  1952.950,     5.398015,     2.925676,     0.002115,
  1953.000,     5.415335,     2.880946,     0.002601,
  1953.050,     5.404876,     2.772109,     0.000844,
  1953.100,     5.374956,     2.594709,     0.006854,
  1953.150,     5.334810,     2.383929,    -0.002711,
  1953.200,     5.287554,     2.156848,    -0.000639,
  1953.250,     5.237007,     1.940240,    -0.001725,
  1953.300,     5.197225,     1.751508,     0.003601,
  1953.350,     5.151237,     1.583579,     0.003169,
  1953.400,     5.122913,     1.442441,     0.000662,
  1953.450,     5.089598,     1.274209,     0.000720,
  1953.500,     5.052696,     1.072717,     0.005489,
  1953.550,     5.022033,     0.821114,     0.004437,
  1953.600,     4.974603,     0.510931,     0.001543,
  1953.650,     4.921768,     0.158612,    -0.001777,
  1953.700,     4.867969,    -0.249529,    -0.003436,
  1953.750,     4.805798,    -0.648506,     0.004206,
  1953.800,     4.748988,    -1.014684,     0.002435,
  1953.850,     4.672312,    -1.332775,    -0.001594,
  1953.900,     4.615659,    -1.571174,     0.003844,
  1953.950,     4.562783,    -1.706924,     0.004769,
  1954.000,     4.545771,    -1.771045,    -0.003930,
  1954.050,     4.530140,    -1.762140,     0.008581,
  1954.100,     4.546478,    -1.677203,     0.010329,
  1954.150,     4.569032,    -1.488304,    -0.001302,
  1954.200,     4.611720,    -1.190813,     0.000539,
  1954.250,     4.668657,    -0.819023,    -0.002011,
  1954.300,     4.756086,    -0.370955,    -0.003288,
  1954.350,     4.824566,     0.118643,    -0.001734,
  1954.400,     4.918987,     0.611810,     0.001719,
  1954.450,     4.971481,     1.112214,     0.004088,
  1954.500,     5.016682,     1.540217,     0.005358,
  1954.550,     5.027797,     1.856732,     0.002157,
  1954.600,     5.004946,     2.056497,     0.002839,
  1954.650,     4.944996,     2.109869,     0.000926,
  1954.700,     4.845060,     2.077028,     0.002231,
  1954.750,     4.702302,     1.951291,     0.002529,
  1954.800,     4.523278,     1.767144,    -0.003689,
  1954.850,     4.325814,     1.534122,    -0.002416,
  1954.900,     4.093007,     1.312937,     0.003522,
  1954.950,     3.873298,     1.115131,     0.001234,
  1955.000,     3.639484,     1.001005,     0.000479,
  1955.050,     3.428581,     0.977540,    -0.002226,
  1955.100,     3.247599,     1.027152,    -0.005793,
  1955.150,     3.099426,     1.122035,    -0.004377,
  1955.200,     2.998314,     1.226623,    -0.002275,
  1955.250,     2.928480,     1.313454,     0.002184,
  1955.300,     2.896097,     1.350547,     0.000674,
  1955.350,     2.908168,     1.309583,    -0.005437,
  1955.400,     2.941387,     1.175797,     0.004562,
  1955.450,     2.987325,     0.953409,     0.002191,
  1955.500,     3.040623,     0.662051,     0.001298,
  1955.550,     3.088089,     0.315751,    -0.006914,
  1955.600,     3.126290,    -0.033991,    -0.000461,
  1955.650,     3.151756,    -0.338383,    -0.001361,
  1955.700,     3.145806,    -0.609688,     0.002903,
  1955.750,     3.114111,    -0.795260,    -0.006553,
  1955.800,     3.065493,    -0.933550,     0.001495,
  1955.850,     2.988926,    -1.005241,     0.003999,
  1955.900,     2.888059,    -1.024631,     0.004416,
  1955.950,     2.777020,    -1.009656,     0.000591,
  1956.000,     2.623695,    -0.973810,    -0.003084,
  1956.050,     2.478562,    -0.931297,     0.001665,
  1956.100,     2.310041,    -0.873318,    -0.000917,
  1956.150,     2.151678,    -0.809465,     0.002231,
  1956.200,     1.978410,    -0.712627,     0.007240,
  1956.250,     1.778553,    -0.633892,    -0.002002,
  1956.300,     1.602178,    -0.521529,     0.004699,
  1956.350,     1.406377,    -0.410190,     0.005970,
  1956.400,     1.205362,    -0.325452,     0.008669,
  1956.450,     0.998712,    -0.275594,     0.003288,
  1956.500,     0.782814,    -0.282641,     0.002964,
  1956.550,     0.552935,    -0.334814,    -0.002817,
  1956.600,     0.328512,    -0.454287,     0.004246,
  1956.650,     0.100564,    -0.599311,     0.006201,
  1956.700,    -0.107898,    -0.789481,    -0.002670,
  1956.750,    -0.306297,    -0.977899,     0.001215,
  1956.800,    -0.479994,    -1.189438,     0.005250,
  1956.850,    -0.607889,    -1.387906,     0.004840,
  1956.900,    -0.708429,    -1.623105,    -0.000817,
  1956.950,    -0.753214,    -1.864997,    -0.003947,
  1957.000,    -0.740067,    -2.125844,     0.003729,
  1957.050,    -0.689196,    -2.411893,     0.003525,
  1957.100,    -0.553163,    -2.717282,    -0.004313,
  1957.150,    -0.375234,    -3.060691,     0.001214,
  1957.200,    -0.160610,    -3.388622,     0.000474,
  1957.250,     0.080257,    -3.698102,    -0.006425,
  1957.300,     0.364753,    -3.922017,     0.002660,
  1957.350,     0.645737,    -4.002744,    -0.004322,
  1957.400,     0.908335,    -3.982379,     0.001293,
  1957.450,     1.155374,    -3.872052,     0.003555,
  1957.500,     1.363092,    -3.643990,     0.000777,
  1957.550,     1.523816,    -3.395665,    -0.000573,
  1957.600,     1.647283,    -3.124473,     0.006968,
  1957.650,     1.702558,    -2.851811,     0.005296,
  1957.700,     1.720127,    -2.576472,     0.005669,
  1957.750,     1.691588,    -2.313283,     0.002513,
  1957.800,     1.620413,    -2.017340,     0.003304,
  1957.850,     1.527079,    -1.691952,     0.002684,
  1957.900,     1.434682,    -1.297003,     0.004154,
  1957.950,     1.319634,    -0.841698,     0.002848,
  1958.000,     1.221585,    -0.335935,    -0.000877,
  1958.050,     1.134332,     0.197160,    -0.006033,
  1958.100,     1.054917,     0.665767,     0.009701,
  1958.150,     0.975520,     1.027420,    -0.001142,
  1958.200,     0.910560,     1.227017,    -0.002980,
  1958.250,     0.842405,     1.263861,     0.003605,
  1958.300,     0.757580,     1.135761,     0.001287,
  1958.350,     0.678813,     0.945735,    -0.002448,
  1958.400,     0.563444,     0.741573,     0.000211,
  1958.450,     0.437414,     0.556056,     0.007849,
  1958.500,     0.304342,     0.372577,     0.006156,
  1958.550,     0.151286,     0.202991,    -0.001659,
  1958.600,    -0.007392,     0.005831,    -0.004573,
  1958.650,    -0.156186,    -0.213021,     0.000609,
  1958.700,    -0.280308,    -0.415552,     0.010415,
  1958.750,    -0.396500,    -0.605430,     0.001278,
  1958.800,    -0.478927,    -0.741850,    -0.000548,
  1958.850,    -0.540813,    -0.811394,    -0.002330,
  1958.900,    -0.553752,    -0.808668,    -0.000110,
  1958.950,    -0.543579,    -0.769728,     0.006529,
  1959.000,    -0.515009,    -0.699940,     0.010701,
  1959.050,    -0.466812,    -0.599489,     0.007026,
  1959.100,    -0.391779,    -0.465299,     0.005103,
  1959.150,    -0.330495,    -0.310525,    -0.005642,
  1959.200,    -0.257537,    -0.135882,     0.005049,
  1959.250,    -0.215550,     0.058565,     0.000132,
  1959.300,    -0.173906,     0.287056,    -0.006514,
  1959.350,    -0.162656,     0.502956,    -0.003231,
  1959.400,    -0.184067,     0.727208,     0.009838,
  1959.450,    -0.237494,     0.920562,    -0.004577,
  1959.500,    -0.318511,     1.062688,     0.005049,
  1959.550,    -0.423477,     1.159266,    -0.003507,
  1959.600,    -0.573724,     1.169413,    -0.004680,
  1959.650,    -0.748113,     1.132274,     0.000963,
  1959.700,    -0.926924,     1.103470,     0.001722,
  1959.750,    -1.148412,     1.055904,    -0.001352,
  1959.800,    -1.364674,     1.015253,    -0.000551,
  1959.850,    -1.590413,     0.933060,     0.009181,
  1959.900,    -1.825183,     0.802009,     0.002151,
  1959.950,    -2.050798,     0.617158,     0.001076,
  1960.000,    -2.274825,     0.427036,    -0.004562,
  1960.050,    -2.479351,     0.295119,    -0.002784,
  1960.100,    -2.664748,     0.305991,     0.012714,
  1960.150,    -2.819691,     0.455311,    -0.001412,
  1960.200,    -2.959274,     0.752091,     0.013121,
  1960.250,    -3.037687,     1.205114,     0.003811,
  1960.300,    -3.089843,     1.787785,     0.004133,
  1960.350,    -3.094140,     2.495845,    -0.000758,
  1960.400,    -3.050659,     3.297885,     0.006183,
  1960.450,    -2.948785,     4.187474,    -0.009883,
  1960.500,    -2.795578,     5.146219,     0.006495,
  1960.550,    -2.594670,     6.159374,    -0.001609,
  1960.600,    -2.353784,     7.215431,     0.000959,
  1960.650,    -2.072625,     8.281831,     0.005757,
  1960.700,    -1.768239,     9.332015,    -0.006514,
  1960.750,    -1.427636,    10.278575,    -0.000710,
  1960.800,    -1.089500,    11.061962,     0.002894,
  1960.850,    -0.734036,    11.620298,    -0.001576,
  1960.900,    -0.391552,    11.965013,    -0.000971,
  1960.950,    -0.072405,    12.071458,     0.002649,
  1961.000,     0.238379,    11.977158,     0.001078,
  1961.050,     0.476792,    11.706671,     0.000233,
  1961.100,     0.698007,    11.341305,     0.002833,
  1961.150,     0.844637,    10.946640,    -0.002938,
  1961.200,     0.942072,    10.549916,    -0.006988,
  1961.250,     0.986927,    10.190123,    -0.003321,
  1961.300,     0.960214,     9.877515,     0.004970,
  1961.350,     0.880251,     9.631020,    -0.002381,
  1961.400,     0.767525,     9.463628,    -0.001086,
  1961.450,     0.622889,     9.361371,     0.004952,
  1961.500,     0.446696,     9.308790,    -0.005483,
  1961.550,     0.255365,     9.261368,    -0.004728,
  1961.600,     0.058521,     9.208697,    -0.005857,
  1961.650,    -0.135789,     9.120460,    -0.001321,
  1961.700,    -0.289861,     8.989614,    -0.000935,
  1961.750,    -0.423417,     8.764741,    -0.006167,
  1961.800,    -0.515248,     8.436522,     0.004884,
  1961.850,    -0.564232,     7.993393,     0.005776,
  1961.900,    -0.589319,     7.437931,     0.006773,
  1961.950,    -0.553874,     6.811024,    -0.000481,
  1962.000,    -0.496290,     6.130527,     0.006875,
  1962.050,    -0.380116,     5.405502,    -0.002598,
  1962.100,    -0.245503,     4.672797,     0.007372,
  1962.150,    -0.073527,     3.926142,     0.003590,
  1962.200,     0.130414,     3.221010,    -0.000284,
  1962.250,     0.342638,     2.570993,     0.003106,
  1962.300,     0.552542,     1.948187,     0.007664,
  1962.350,     0.770792,     1.341493,     0.001962,
  1962.400,     0.966827,     0.737140,     0.000100,
  1962.450,     1.164735,     0.149104,     0.000741,
  1962.500,     1.338143,    -0.442536,     0.003861,
  1962.550,     1.472750,    -1.030518,    -0.001794,
  1962.600,     1.589770,    -1.645818,    -0.000952,
  1962.650,     1.669622,    -2.247663,    -0.000534,
  1962.700,     1.730188,    -2.846934,     0.006481,
  1962.750,     1.775948,    -3.435107,     0.002714,
  1962.800,     1.812948,    -4.014796,     0.004553,
  1962.850,     1.822155,    -4.580960,     0.005332,
  1962.900,     1.865684,    -5.117075,     0.004492,
  1962.950,     1.933015,    -5.640469,     0.009408,
  1963.000,     2.027957,    -6.109121,     0.011042,
  1963.050,     2.177408,    -6.465827,     0.003334,
  1963.100,     2.409510,    -6.710348,    -0.000785,
  1963.150,     2.703903,    -6.812303,     0.003589,
  1963.200,     3.093242,    -6.766811,     0.003319,
  1963.250,     3.570748,    -6.575017,     0.001522,
  1963.300,     4.126681,    -6.255218,     0.002023,
  1963.350,     4.768890,    -5.841297,     0.004285,
  1963.400,     5.466383,    -5.349420,     0.006816,
  1963.450,     6.217870,    -4.831927,     0.001720,
  1963.500,     7.002325,    -4.359375,     0.003079,
  1963.550,     7.782544,    -3.976060,     0.002494,
  1963.600,     8.551613,    -3.677337,     0.008558,
  1963.650,     9.264093,    -3.487208,    -0.002235,
  1963.700,     9.921023,    -3.397341,    -0.003808,
  1963.750,    10.488305,    -3.376614,     0.001091,
  1963.800,    10.953113,    -3.419578,    -0.004032,
  1963.850,    11.298563,    -3.514519,     0.007970,
  1963.900,    11.523510,    -3.672370,     0.000826,
  1963.950,    11.623124,    -3.907026,     0.004283,
  1964.000,    11.602774,    -4.220775,     0.002505,
  1964.050,    11.473551,    -4.601201,     0.002675,
  1964.100,    11.290512,    -5.009894,     0.009765,
  1964.150,    11.019363,    -5.405429,     0.003788,
  1964.200,    10.715833,    -5.757353,     0.000972,
  1964.250,    10.391014,    -6.056933,    -0.009901,
  1964.300,    10.068395,    -6.297757,    -0.004291,
  1964.350,     9.750720,    -6.454529,    -0.000989,
  1964.400,     9.461751,    -6.575957,    -0.003488,
  1964.450,     9.191904,    -6.652978,     0.000318,
  1964.500,     8.954885,    -6.687978,    -0.005891,
  1964.550,     8.719409,    -6.748620,     0.004836,
  1964.600,     8.506770,    -6.810188,    -0.002741,
  1964.650,     8.254185,    -6.851201,    -0.005729,
  1964.700,     7.998613,    -6.858544,     0.006068,
  1964.750,     7.697291,    -6.791566,     0.004461,
  1964.800,     7.363288,    -6.630579,    -0.005948,
  1964.850,     6.955927,    -6.411235,     0.005346,
  1964.900,     6.513613,    -6.075722,     0.001862,
  1964.950,     5.982494,    -5.665125,     0.004347,
  1965.000,     5.423571,    -5.193491,    -0.001774,
  1965.050,     4.799708,    -4.690029,     0.006275,
  1965.100,     4.142519,    -4.207513,    -0.001093,
  1965.150,     3.470028,    -3.743637,    -0.001037,
  1965.200,     2.773889,    -3.339387,     0.001647,
  1965.250,     2.072346,    -3.023408,    -0.003237,
  1965.300,     1.385790,    -2.800696,    -0.000817,
  1965.350,     0.695978,    -2.696927,    -0.009508,
  1965.400,     0.041602,    -2.675098,    -0.009782,
  1965.450,    -0.615268,    -2.742663,    -0.005356,
  1965.500,    -1.237693,    -2.873699,     0.003759,
  1965.550,    -1.835698,    -3.018041,    -0.000689,
  1965.600,    -2.407440,    -3.146403,    -0.000710,
  1965.650,    -2.943051,    -3.261477,     0.004201,
  1965.700,    -3.443546,    -3.351322,     0.003596,
  1965.750,    -3.925862,    -3.447367,     0.003458,
  1965.800,    -4.340882,    -3.547654,     0.000038,
  1965.850,    -4.723409,    -3.717849,    -0.009269,
  1965.900,    -5.043018,    -3.912859,    -0.002613,
  1965.950,    -5.307665,    -4.095213,     0.010028,
  1966.000,    -5.499393,    -4.232761,     0.008932,
  1966.050,    -5.638467,    -4.295743,     0.001000,
  1966.100,    -5.698017,    -4.252981,     0.003516,
  1966.150,    -5.693500,    -4.162265,     0.002264,
  1966.200,    -5.615655,    -4.031894,     0.009657,
  1966.250,    -5.490509,    -3.874820,     0.002607,
  1966.300,    -5.314443,    -3.725208,    -0.007855,
  1966.350,    -5.106973,    -3.593548,     0.006126,
  1966.400,    -4.864625,    -3.429955,     0.006788,
  1966.450,    -4.639055,    -3.255311,     0.003957,
  1966.500,    -4.401376,    -3.040327,     0.003566,
  1966.550,    -4.200067,    -2.820611,     0.004207,
  1966.600,    -4.047505,    -2.540225,     0.006809,
  1966.650,    -3.928780,    -2.230115,     0.005712,
  1966.700,    -3.865734,    -1.867178,    -0.000989,
  1966.750,    -3.862557,    -1.484016,     0.000910,
  1966.800,    -3.925169,    -1.079084,     0.010807,
  1966.850,    -4.023153,    -0.681689,     0.002596,
  1966.900,    -4.168007,    -0.278558,     0.004539,
  1966.950,    -4.360848,     0.109543,    -0.002339,
  1967.000,    -4.589250,     0.521980,     0.000212,
  1967.050,    -4.817719,     0.883546,    -0.002154,
  1967.100,    -5.060794,     1.209721,    -0.006623,
  1967.150,    -5.299102,     1.471312,     0.001057,
  1967.200,    -5.524414,     1.703134,     0.002225,
  1967.250,    -5.723099,     1.862401,     0.002771,
  1967.300,    -5.894516,     1.997128,     0.000983,
  1967.350,    -6.021459,     2.071600,    -0.000347,
  1967.400,    -6.116720,     2.089486,     0.007877,
  1967.450,    -6.178156,     2.039142,     0.002073,
  1967.500,    -6.189488,     1.912861,     0.002501,
  1967.550,    -6.159840,     1.745024,     0.001611,
  1967.600,    -6.108888,     1.536348,     0.006810,
  1967.650,    -5.994513,     1.281406,    -0.001363,
  1967.700,    -5.861457,     0.960062,     0.005530,
  1967.750,    -5.687230,     0.624697,     0.004952,
  1967.800,    -5.471755,     0.227386,     0.009379,
  1967.850,    -5.229848,    -0.191869,    -0.001384,
  1967.900,    -4.964021,    -0.616692,     0.003859,
  1967.950,    -4.676951,    -1.005149,     0.002279,
  1968.000,    -4.378154,    -1.375881,    -0.002725,
  1968.050,    -4.092180,    -1.720060,    -0.000485,
  1968.100,    -3.807453,    -2.058293,    -0.000294,
  1968.150,    -3.534806,    -2.412188,     0.000391,
  1968.200,    -3.283392,    -2.750115,    -0.004824,
  1968.250,    -3.094210,    -3.039099,    -0.003890,
  1968.300,    -2.923114,    -3.280850,     0.001318,
  1968.350,    -2.821881,    -3.451298,     0.006174,
  1968.400,    -2.763959,    -3.566439,     0.001523,
  1968.450,    -2.736939,    -3.598282,     0.003808,
  1968.500,    -2.756936,    -3.558180,     0.000282,
  1968.550,    -2.816566,    -3.422001,     0.006267,
  1968.600,    -2.904079,    -3.223321,     0.002108,
  1968.650,    -3.003564,    -2.991731,     0.002507,
  1968.700,    -3.113567,    -2.732635,    -0.003893,
  1968.750,    -3.229517,    -2.506395,     0.005678,
  1968.800,    -3.339951,    -2.290420,    -0.004795,
  1968.850,    -3.443689,    -2.099013,     0.008472,
  1968.900,    -3.520269,    -1.928890,    -0.004587,
  1968.950,    -3.568732,    -1.744767,     0.003690,
  1969.000,    -3.588623,    -1.530185,     0.010171,
  1969.050,    -3.586127,    -1.293944,    -0.000174,
  1969.100,    -3.537468,    -1.028837,    -0.001716,
  1969.150,    -3.463504,    -0.730038,     0.000416,
  1969.200,    -3.348540,    -0.393286,     0.010048,
  1969.250,    -3.193930,    -0.035749,     0.002264,
  1969.300,    -3.024391,     0.323358,     0.004110,
  1969.350,    -2.812200,     0.689572,     0.005599,
  1969.400,    -2.569625,     1.038051,    -0.004842,
  1969.450,    -2.315476,     1.373067,    -0.000210,
  1969.500,    -2.033374,     1.706886,    -0.000193,
  1969.550,    -1.744898,     1.996680,     0.001149,
  1969.600,    -1.414617,     2.312100,     0.002748,
  1969.650,    -1.113271,     2.585074,     0.002824,
  1969.700,    -0.778218,     2.837661,     0.003425,
  1969.750,    -0.455920,     3.080797,     0.013829,
  1969.800,    -0.129367,     3.290282,    -0.001761,
  1969.850,     0.175908,     3.460522,     0.000656,
  1969.900,     0.490029,     3.591424,    -0.009806,
  1969.950,     0.774627,     3.684583,     0.008253,
  1970.000,     1.013111,     3.741881,     0.001571,
  1970.050,     1.257380,     3.796582,     0.004860,
  1970.100,     1.436646,     3.876078,    -0.005738,
  1970.150,     1.588757,     3.980899,     0.002163,
  1970.200,     1.698218,     4.117945,     0.000632,
  1970.250,     1.762807,     4.272625,     0.003751,
  1970.300,     1.785470,     4.442224,     0.003473,
  1970.350,     1.737026,     4.581171,     0.000351,
  1970.400,     1.680664,     4.710439,    -0.003871,
  1970.450,     1.573705,     4.829578,    -0.001183,
  1970.500,     1.413887,     4.919678,     0.003926,
  1970.550,     1.207698,     4.940113,     0.002218,
  1970.600,     0.983704,     4.916881,     0.003781,
  1970.650,     0.707800,     4.809432,     0.006618,
  1970.700,     0.421614,     4.637624,     0.004355,
  1970.750,     0.099413,     4.391086,    -0.001004,
  1970.800,    -0.231806,     4.079425,    -0.003419,
  1970.850,    -0.583189,     3.738864,    -0.000770,
  1970.900,    -0.928479,     3.340060,     0.002353,
  1970.950,    -1.256647,     2.923217,    -0.001862,
  1971.000,    -1.591205,     2.509968,     0.000387,
  1971.050,    -1.903248,     2.110343,     0.001880,
  1971.100,    -2.184655,     1.757620,     0.008080,
  1971.150,    -2.434344,     1.443020,     0.001410,
  1971.200,    -2.644355,     1.121378,    -0.000633,
  1971.250,    -2.806220,     0.838152,     0.010127,
  1971.300,    -2.931761,     0.539790,     0.005563,
  1971.350,    -2.984726,     0.277813,    -0.005067,
  1971.400,    -3.012258,     0.016816,     0.001602,
  1971.450,    -2.993777,    -0.218315,    -0.001288,
  1971.500,    -2.924680,    -0.443728,     0.003048,
  1971.550,    -2.807828,    -0.622353,    -0.000293,
  1971.600,    -2.665225,    -0.821996,     0.005673,
  1971.650,    -2.484985,    -1.012525,     0.001348,
  1971.700,    -2.267588,    -1.204059,     0.000807,
  1971.750,    -2.042163,    -1.381192,     0.005340,
  1971.800,    -1.812883,    -1.517843,     0.002130,
  1971.850,    -1.565610,    -1.642957,    -0.001604,
  1971.900,    -1.308784,    -1.743951,    -0.004681,
  1971.950,    -1.041383,    -1.799919,     0.001400,
  1972.000,    -0.765886,    -1.826632,     0.000120,
  1972.050,    -0.495826,    -1.850064,     0.004899,
  1972.100,    -0.217303,    -1.872054,    -0.005614,
  1972.150,     0.092112,    -1.905991,     0.004596,
  1972.200,     0.382560,    -1.990308,     0.002890,
  1972.250,     0.676865,    -2.125897,     0.003631,
  1972.300,     0.991922,    -2.286111,     0.004614,
  1972.350,     1.302039,    -2.461332,     0.005001,
  1972.400,     1.613978,    -2.650192,    -0.000178,
  1972.450,     1.922777,    -2.833822,     0.006179,
  1972.500,     2.231888,    -3.020296,     0.001865,
  1972.550,     2.535532,    -3.205207,     0.002717,
  1972.600,     2.814991,    -3.380851,     0.000887,
  1972.650,     3.077405,    -3.522968,    -0.004009,
  1972.700,     3.334182,    -3.596765,     0.006664,
  1972.750,     3.566680,    -3.605720,     0.000610,
  1972.800,     3.775218,    -3.563729,    -0.001285,
  1972.850,     3.981520,    -3.470419,     0.001564,
  1972.900,     4.158888,    -3.368266,    -0.002913,
  1972.950,     4.324376,    -3.269625,    -0.001406,
  1973.000,     4.469898,    -3.217980,     0.010764,
  1973.050,     4.595537,    -3.210276,    -0.002740,
  1973.100,     4.715357,    -3.242728,     0.002021,
  1973.150,     4.824581,    -3.329313,     0.001310,
  1973.200,     4.913261,    -3.438750,    -0.003878,
  1973.250,     4.984451,    -3.556396,     0.004997,
  1973.300,     5.037449,    -3.616311,     0.001844,
  1973.350,     5.079834,    -3.590778,    -0.003552,
  1973.400,     5.080883,    -3.458953,    -0.007364,
  1973.450,     5.068747,    -3.223445,     0.004350,
  1973.500,     5.010129,    -2.907079,     0.000418,
  1973.550,     4.920510,    -2.533770,    -0.001229,
  1973.600,     4.782394,    -2.134776,     0.001772,
  1973.650,     4.612482,    -1.732920,    -0.005550,
  1973.700,     4.394066,    -1.366672,     0.004402,
  1973.750,     4.138864,    -1.037939,    -0.005422,
  1973.800,     3.832964,    -0.758862,     0.002140,
  1973.850,     3.492826,    -0.516398,     0.002455,
  1973.900,     3.140410,    -0.306734,     0.001540,
  1973.950,     2.762615,    -0.128987,    -0.001695,
  1974.000,     2.374155,     0.049435,    -0.003956,
  1974.050,     1.987500,     0.208247,     0.000403,
  1974.100,     1.603412,     0.383164,    -0.001478,
  1974.150,     1.221306,     0.569195,     0.001832,
  1974.200,     0.879765,     0.785886,     0.002340,
  1974.250,     0.542157,     1.039173,     0.004009,
  1974.300,     0.241996,     1.323938,     0.003128,
  1974.350,    -0.034886,     1.629415,     0.003055,
  1974.400,    -0.297787,     1.904239,     0.000834,
  1974.450,    -0.521353,     2.172308,    -0.003600,
  1974.500,    -0.731280,     2.405825,     0.001898,
  1974.550,    -0.926960,     2.639295,     0.001391,
  1974.600,    -1.092937,     2.823991,    -0.003430,
  1974.650,    -1.259974,     2.990030,     0.003110,
  1974.700,    -1.384877,     3.097034,     0.001191,
  1974.750,    -1.516152,     3.125715,    -0.005757,
  1974.800,    -1.621628,     3.075467,    -0.002466,
  1974.850,    -1.715606,     2.936475,     0.007962,
  1974.900,    -1.796364,     2.718587,     0.005723,
  1974.950,    -1.873963,     2.442917,    -0.004140,
  1975.000,    -1.947192,     2.096082,     0.004101,
  1975.050,    -2.028071,     1.719992,     0.000033,
  1975.100,    -2.107010,     1.322506,     0.002932,
  1975.150,    -2.183553,     0.935778,     0.002853,
  1975.200,    -2.258082,     0.550112,    -0.000359,
  1975.250,    -2.351386,     0.225027,    -0.002187,
  1975.300,    -2.438334,    -0.072679,    -0.003823,
  1975.350,    -2.541520,    -0.304365,    -0.005981,
  1975.400,    -2.644401,    -0.483869,     0.001546,
  1975.450,    -2.740366,    -0.617196,     0.000452,
  1975.500,    -2.821813,    -0.689207,    -0.000803,
  1975.550,    -2.896473,    -0.714388,     0.003309,
  1975.600,    -2.964457,    -0.694263,    -0.000725,
  1975.650,    -3.018448,    -0.630958,     0.003081,
  1975.700,    -3.041748,    -0.590636,    -0.000534,
  1975.750,    -3.068081,    -0.530066,    -0.000880,
  1975.800,    -3.062830,    -0.494121,    -0.005829,
  1975.850,    -3.051979,    -0.429918,     0.002289,
  1975.900,    -3.043154,    -0.399402,     0.008856,
  1975.950,    -3.011618,    -0.391540,    -0.006198,
  1976.000,    -2.983168,    -0.370593,     0.005097,
  1976.050,    -2.954759,    -0.357822,    -0.003302,
  1976.100,    -2.903425,    -0.274305,     0.000924,
  1976.150,    -2.857346,    -0.146817,     0.001631,
  1976.200,    -2.809689,     0.079964,     0.006663,
  1976.250,    -2.727867,     0.350274,     0.005451,
  1976.300,    -2.647883,     0.674762,     0.002225,
  1976.350,    -2.517719,     0.997502,    -0.006405,
  1976.400,    -2.360337,     1.299691,     0.000449,
  1976.450,    -2.185609,     1.548651,     0.006047,
  1976.500,    -1.961622,     1.760226,    -0.001047,
  1976.550,    -1.720276,     1.900074,     0.001749,
  1976.600,    -1.463418,     1.998833,    -0.008530,
  1976.650,    -1.174690,     2.051349,     0.005207,
  1976.700,    -0.885031,     2.102721,     0.005264,
  1976.750,    -0.593120,     2.133501,    -0.000998,
  1976.800,    -0.301919,     2.168819,     0.000576,
  1976.850,    -0.012826,     2.185345,     0.002503,
  1976.900,     0.264288,     2.220635,     0.002312,
  1976.950,     0.530293,     2.245317,     0.001355,
  1977.000,     0.778727,     2.251434,     0.005510,
  1977.050,     1.031526,     2.246593,    -0.009399,
  1977.100,     1.261345,     2.211472,    -0.000743,
  1977.150,     1.509037,     2.192263,     0.002881,
  1977.200,     1.744049,     2.178869,     0.000252,
  1977.250,     1.968443,     2.227353,     0.001030,
  1977.300,     2.191270,     2.294008,     0.005599,
  1977.350,     2.407079,     2.401231,    -0.003376,
  1977.400,     2.613857,     2.527127,     0.003127,
  1977.450,     2.804355,     2.663626,    -0.001428,
  1977.500,     2.965974,     2.842249,    -0.000132,
  1977.550,     3.099526,     3.016616,     0.006535,
  1977.600,     3.174634,     3.200683,     0.003903,
  1977.650,     3.232446,     3.376679,     0.004899,
  1977.700,     3.220505,     3.574347,    -0.001160,
  1977.750,     3.158774,     3.753662,     0.006416,
  1977.800,     3.047548,     3.971320,     0.000390,
  1977.850,     2.893774,     4.169704,     0.003474,
  1977.900,     2.676106,     4.375236,     0.000221,
  1977.950,     2.413643,     4.554427,     0.005626,
  1978.000,     2.148868,     4.706252,     0.003884,
  1978.050,     1.844578,     4.789881,    -0.004655,
  1978.100,     1.517842,     4.812163,     0.005563,
  1978.150,     1.205846,     4.735336,     0.001303,
  1978.200,     0.913135,     4.542635,     0.000311,
  1978.250,     0.621653,     4.255728,     0.001851,
  1978.300,     0.356319,     3.884065,    -0.005167,
  1978.350,     0.130368,     3.499882,     0.000658,
  1978.400,    -0.076137,     3.103761,     0.002874,
  1978.450,    -0.226026,     2.736995,    -0.000248,
  1978.500,    -0.362556,     2.424163,    -0.000688,
  1978.550,    -0.457328,     2.156624,    -0.004240,
  1978.600,    -0.505391,     1.942916,     0.002014,
  1978.650,    -0.538159,     1.785357,    -0.002871,
  1978.700,    -0.546998,     1.693396,    -0.000929,
  1978.750,    -0.528266,     1.637051,    -0.000075,
  1978.800,    -0.478446,     1.647907,     0.004228,
  1978.850,    -0.400003,     1.675728,     0.003310,
  1978.900,    -0.319650,     1.702812,    -0.007250,
  1978.950,    -0.191564,     1.716131,    -0.001178,
  1979.000,    -0.061754,     1.716805,     0.001078,
  1979.050,     0.100415,     1.702219,    -0.004616,
  1979.100,     0.282537,     1.657377,     0.002003,
  1979.150,     0.474107,     1.607740,     0.001771,
  1979.200,     0.691562,     1.522714,     0.003011,
  1979.250,     0.913944,     1.420684,    -0.000178,
  1979.300,     1.146632,     1.288952,     0.003371,
  1979.350,     1.360368,     1.143014,     0.001008,
  1979.400,     1.574247,     0.988431,    -0.006423,
  1979.450,     1.791213,     0.823189,     0.000978,
  1979.500,     1.971858,     0.633962,    -0.005426,
  1979.550,     2.157373,     0.424792,    -0.002099,
  1979.600,     2.290369,     0.201142,     0.000384,
  1979.650,     2.420943,    -0.045358,     0.000293,
  1979.700,     2.525021,    -0.262308,     0.003981,
  1979.750,     2.599288,    -0.467376,     0.006198,
  1979.800,     2.666194,    -0.646064,     0.004966,
  1979.850,     2.717496,    -0.825265,     0.003601,
  1979.900,     2.763959,    -1.008531,    -0.001372,
  1979.950,     2.776491,    -1.235880,     0.000868,
  1980.000,     2.792702,    -1.502535,     0.002121,
  1980.050,     2.827510,    -1.833805,     0.008478,
  1980.100,     2.858374,    -2.241491,    -0.002553,
  1980.150,     2.901507,    -2.677086,     0.003087,
  1980.200,     2.929945,    -3.150184,     0.003090,
  1980.250,     3.008110,    -3.618890,     0.005717,
  1980.300,     3.092624,    -4.081981,     0.002763,
  1980.350,     3.180819,    -4.476170,    -0.007411,
  1980.400,     3.297373,    -4.818980,     0.005316,
  1980.450,     3.416135,    -5.068710,     0.003443,
  1980.500,     3.555792,    -5.235529,     0.010205,
  1980.550,     3.700037,    -5.294894,     0.005569,
  1980.600,     3.854286,    -5.275449,    -0.000288,
  1980.650,     4.004266,    -5.185278,    -0.000886,
  1980.700,     4.146110,    -5.066969,    -0.000582,
  1980.750,     4.274013,    -4.963990,    -0.001521,
  1980.800,     4.393415,    -4.879420,     0.006003,
  1980.850,     4.490855,    -4.862058,     0.001996,
  1980.900,     4.572889,    -4.889224,     0.006924,
  1980.950,     4.605674,    -4.953542,    -0.005543,
  1981.000,     4.620681,    -5.028820,    -0.002166,
  1981.050,     4.586888,    -5.116311,     0.001202,
  1981.100,     4.520319,    -5.197124,     0.003008,
  1981.150,     4.411718,    -5.260120,     0.003765,
  1981.200,     4.272039,    -5.305074,    -0.001181,
  1981.250,     4.084113,    -5.309455,     0.001030,
  1981.300,     3.884124,    -5.296665,     0.005508,
  1981.350,     3.652034,    -5.263704,     0.007594,
  1981.400,     3.413015,    -5.235064,    -0.003853,
  1981.450,     3.165581,    -5.178107,     0.004079,
  1981.500,     2.927966,    -5.105843,     0.001215,
  1981.550,     2.719055,    -5.030443,     0.001807,
  1981.600,     2.515880,    -4.923181,     0.000911,
  1981.650,     2.321493,    -4.785834,    -0.000336,
  1981.700,     2.178019,    -4.684095,    -0.002369,
  1981.750,     2.045959,    -4.585649,     0.005109,
  1981.800,     1.932027,    -4.505464,     0.000972,
  1981.850,     1.849517,    -4.448734,    -0.000716,
  1981.900,     1.757773,    -4.395324,     0.003459,
  1981.950,     1.694755,    -4.328616,     0.000336,
  1982.000,     1.607881,    -4.256660,    -0.000399,
  1982.050,     1.538768,    -4.188232,    -0.002890,
  1982.100,     1.454140,    -4.089612,     0.002368,
  1982.150,     1.364101,    -3.980884,    -0.002877,
  1982.200,     1.238848,    -3.856693,     0.006906,
  1982.250,     1.121254,    -3.715537,     0.000115,
  1982.300,     0.968423,    -3.560212,     0.003203,
  1982.350,     0.832034,    -3.366274,     0.005602,
  1982.400,     0.654627,    -3.148809,     0.003781,
  1982.450,     0.467972,    -2.904333,    -0.000204,
  1982.500,     0.278085,    -2.627783,     0.010609,
  1982.550,     0.069905,    -2.321540,     0.002233,
  1982.600,    -0.148468,    -2.014594,     0.001553,
  1982.650,    -0.365946,    -1.720281,    -0.004120,
  1982.700,    -0.601389,    -1.424390,     0.001585,
  1982.750,    -0.820360,    -1.137196,    -0.000385,
  1982.800,    -1.070361,    -0.810240,     0.012664,
  1982.850,    -1.321410,    -0.433479,    -0.000500,
  1982.900,    -1.572398,    -0.005437,    -0.001832,
  1982.950,    -1.851398,     0.468878,    -0.005587,
  1983.000,    -2.106383,     0.993691,     0.008047,
  1983.050,    -2.417094,     1.571874,     0.006155,
  1983.100,    -2.691763,     2.161878,    -0.003926,
  1983.150,    -2.988175,     2.800898,     0.000731,
  1983.200,    -3.279317,     3.446276,     0.002255,
  1983.250,    -3.576629,     4.098973,     0.002336,
  1983.300,    -3.844530,     4.764596,    -0.001777,
  1983.350,    -4.090943,     5.375233,     0.003586,
  1983.400,    -4.300523,     5.943905,     0.007713,
  1983.450,    -4.490734,     6.469631,    -0.005026,
  1983.500,    -4.639592,     6.944819,     0.001661,
  1983.550,    -4.744679,     7.398717,    -0.000478,
  1983.600,    -4.837503,     7.813659,    -0.000649,
  1983.650,    -4.872068,     8.203931,     0.002096,
  1983.700,    -4.905011,     8.556199,    -0.002376,
  1983.750,    -4.891056,     8.843818,     0.007101,
  1983.800,    -4.888262,     9.107333,    -0.006180,
  1983.850,    -4.854265,     9.315933,     0.000667,
  1983.900,    -4.834790,     9.485646,     0.003432,
  1983.950,    -4.801873,     9.642799,    -0.001037,
  1984.000,    -4.779442,     9.766723,    -0.005961,
  1984.050,    -4.752340,     9.872137,     0.004241,
  1984.100,    -4.728428,     9.940700,    -0.005212,
  1984.150,    -4.708951,     9.984970,    -0.000670,
  1984.200,    -4.693349,     9.995453,     0.001149,
  1984.250,    -4.659314,     9.951559,     0.002033,
  1984.300,    -4.619079,     9.877199,     0.005082,
  1984.350,    -4.572598,     9.727086,     0.005307,
  1984.400,    -4.506012,     9.533370,    -0.000291,
  1984.450,    -4.442862,     9.278083,     0.011367,
  1984.500,    -4.372168,     8.999577,    -0.005136,
  1984.550,    -4.294517,     8.697514,     0.005736,
  1984.600,    -4.193353,     8.390552,    -0.003634,
  1984.650,    -4.106872,     8.082326,     0.005323,
  1984.700,    -4.023751,     7.791187,     0.002137,
  1984.750,    -3.938923,     7.493924,     0.003033,
  1984.800,    -3.832904,     7.190646,     0.002942,
  1984.850,    -3.739152,     6.854962,     0.001243,
  1984.900,    -3.650107,     6.502807,    -0.002093,
  1984.950,    -3.565562,     6.095420,     0.001073,
  1985.000,    -3.462270,     5.652894,     0.000440,
  1985.050,    -3.357509,     5.161282,    -0.006297,
  1985.100,    -3.249092,     4.642656,    -0.001145,
  1985.150,    -3.137926,     4.088902,     0.008011,
  1985.200,    -2.997909,     3.530648,     0.002966,
  1985.250,    -2.854834,     2.979048,     0.005836,
  1985.300,    -2.691697,     2.421898,    -0.002345,
  1985.350,    -2.505328,     1.906067,    -0.003684,
  1985.400,    -2.292286,     1.417285,     0.006039,
  1985.450,    -2.058466,     0.947358,     0.003876,
  1985.500,    -1.805255,     0.502509,     0.002848,
  1985.550,    -1.530959,     0.101522,     0.002006,
  1985.600,    -1.228682,    -0.268595,     0.004008,
  1985.650,    -0.909597,    -0.557883,    -0.001318,
  1985.700,    -0.564674,    -0.792623,     0.011773,
  1985.750,    -0.190928,    -0.947133,     0.001366,
  1985.800,     0.215725,    -1.040445,     0.001576,
  1985.850,     0.632914,    -1.070711,    -0.000545,
  1985.900,     1.072005,    -1.054025,     0.006362,
  1985.950,     1.542001,    -0.977948,    -0.002588,
  1986.000,     2.042633,    -0.844488,    -0.000424,
  1986.050,     2.567991,    -0.698212,     0.005212,
  1986.100,     3.093667,    -0.496440,    -0.002729,
  1986.150,     3.641657,    -0.264470,    -0.002370,
  1986.200,     4.176302,     0.041443,    -0.004030,
  1986.250,     4.742199,     0.415699,    -0.001284,
  1986.300,     5.293233,     0.830686,     0.002008,
  1986.350,     5.819968,     1.329692,    -0.000560,
  1986.400,     6.324559,     1.869635,    -0.003360,
  1986.450,     6.785583,     2.465490,     0.004216,
  1986.500,     7.234078,     3.083798,     0.002231,
  1986.550,     7.642507,     3.723119,     0.000013,
  1986.600,     8.005301,     4.374819,     0.003973,
  1986.650,     8.345185,     5.035938,    -0.000971,
  1986.700,     8.621840,     5.708443,    -0.000692,
  1986.750,     8.870750,     6.347619,    -0.005231,
  1986.800,     9.089130,     6.997119,     0.003563,
  1986.850,     9.262189,     7.586330,    -0.000864,
  1986.900,     9.402100,     8.130759,     0.004590,
  1986.950,     9.523115,     8.607797,    -0.006055,
  1987.000,     9.599462,     9.007661,     0.002434,
  1987.050,     9.635767,     9.310013,    -0.010433,
  1987.100,     9.658521,     9.518337,     0.002970,
  1987.150,     9.641073,     9.619617,     0.003511,
  1987.200,     9.598295,     9.653267,     0.001154,
  1987.250,     9.516945,     9.603529,    -0.003321,
  1987.300,     9.413552,     9.517360,    -0.004912,
  1987.350,     9.287188,     9.412159,     0.010136,
  1987.400,     9.111921,     9.278592,    -0.002412,
  1987.450,     8.920016,     9.181425,    -0.003816,
  1987.500,     8.700020,     9.070507,    -0.002448,
  1987.550,     8.453398,     8.980802,    -0.000505,
  1987.600,     8.176450,     8.877595,     0.000685,
  1987.650,     7.890935,     8.758600,    -0.002492,
  1987.700,     7.561951,     8.627301,     0.001766,
  1987.750,     7.228189,     8.443260,     0.001892,
  1987.800,     6.873042,     8.257972,     0.005927,
  1987.850,     6.477706,     8.042504,     0.000291,
  1987.900,     6.074415,     7.802615,    -0.006256,
  1987.950,     5.653415,     7.537740,    -0.002115,
  1988.000,     5.214203,     7.220818,     0.000750,
  1988.050,     4.751115,     6.887704,     0.000807,
  1988.100,     4.274262,     6.547217,     0.007426,
  1988.150,     3.799068,     6.208102,    -0.002486,
  1988.200,     3.319141,     5.883363,     0.008375,
  1988.250,     2.848441,     5.534992,    -0.001233,
  1988.300,     2.384203,     5.177060,    -0.002802,
  1988.350,     1.949253,     4.780030,     0.004154,
  1988.400,     1.545499,     4.303236,     0.003543,
  1988.450,     1.155233,     3.759113,     0.004256,
  1988.500,     0.812692,     3.080890,    -0.004885,
  1988.550,     0.530907,     2.313361,    -0.004951,
  1988.600,     0.294171,     1.434442,    -0.002373,
  1988.650,     0.107656,     0.462127,     0.007366,
  1988.700,    -0.036227,    -0.571151,    -0.000733,
  1988.750,    -0.115048,    -1.682438,    -0.003336,
  1988.800,    -0.140313,    -2.817231,     0.001777,
  1988.850,    -0.116510,    -4.011385,    -0.001412,
  1988.900,    -0.036929,    -5.195212,     0.000641,
  1988.950,     0.092674,    -6.392126,     0.004963,
  1989.000,     0.289060,    -7.588157,    -0.004123,
  1989.050,     0.508858,    -8.760172,     0.006360,
  1989.100,     0.800190,    -9.904455,     0.007269,
  1989.150,     1.136977,   -11.027806,    -0.004053,
  1989.200,     1.503617,   -12.098004,     0.001044,
  1989.250,     1.922218,   -13.146074,    -0.002246,
  1989.300,     2.365279,   -14.196381,    -0.001753,
  1989.350,     2.850174,   -15.255150,     0.006945,
  1989.400,     3.371047,   -16.281970,    -0.008101,
  1989.450,     3.886444,   -17.267011,    -0.001940,
  1989.500,     4.445448,   -18.207110,     0.002732,
  1989.550,     5.021008,   -19.059899,     0.000847,
  1989.600,     5.574282,   -19.819278,     0.001628,
  1989.650,     6.114239,   -20.483688,     0.000375,
  1989.700,     6.645449,   -21.048333,     0.002546,
  1989.750,     7.150311,   -21.486735,     0.000688,
  1989.800,     7.624892,   -21.821870,     0.002516,
  1989.850,     8.044788,   -22.033529,     0.003000,
  1989.900,     8.435237,   -22.146870,     0.001236,
  1989.950,     8.757162,   -22.130983,     0.006171,
  1990.000,     9.030830,   -21.992219,    -0.001417,
  1990.050,     9.243610,   -21.777643,    -0.000923,
  1990.100,     9.384378,   -21.494210,     0.001133,
  1990.150,     9.500077,   -21.164484,     0.009731,
  1990.200,     9.543429,   -20.794655,     0.005293,
  1990.250,     9.539042,   -20.410399,    -0.003725,
  1990.300,     9.495009,   -20.001237,     0.003014,
  1990.350,     9.403087,   -19.603542,     0.005904,
  1990.400,     9.298381,   -19.173321,     0.003304,
  1990.450,     9.159171,   -18.745065,    -0.003518,
  1990.500,     9.003007,   -18.255930,     0.004539,
  1990.550,     8.836486,   -17.719440,    -0.004893,
  1990.600,     8.637832,   -17.125724,    -0.007243,
  1990.650,     8.449186,   -16.469745,     0.001321,
  1990.700,     8.241122,   -15.772186,     0.003066,
  1990.750,     8.023485,   -15.054649,     0.003698,
  1990.800,     7.788060,   -14.287339,     0.001072,
  1990.850,     7.546204,   -13.482589,     0.001194,
  1990.900,     7.280450,   -12.656078,    -0.000698,
  1990.950,     6.991763,   -11.790919,     0.002824,
  1991.000,     6.686125,   -10.915002,    -0.001999,
  1991.050,     6.345277,   -10.023023,     0.002051,
  1991.100,     5.986206,    -9.131177,    -0.002221,
  1991.150,     5.596631,    -8.238298,     0.009189,
  1991.200,     5.155537,    -7.332687,    -0.004376,
  1991.250,     4.656579,    -6.440949,    -0.001545,
  1991.300,     4.149278,    -5.560139,     0.000397,
  1991.350,     3.558675,    -4.681912,     0.004230,
  1991.400,     2.924145,    -3.849195,    -0.000452,
  1991.450,     2.241484,    -3.043194,     0.002298,
  1991.500,     1.492425,    -2.306233,    -0.004948,
  1991.550,     0.685681,    -1.586546,    -0.002631,
  1991.600,    -0.173124,    -0.908767,    -0.000686,
  1991.650,    -1.090198,    -0.233191,    -0.003027,
  1991.700,    -2.080887,     0.400308,    -0.000594,
  1991.750,    -3.094914,     1.004067,     0.004514,
  1991.800,    -4.170651,     1.561140,     0.001816,
  1991.850,    -5.263195,     2.050765,     0.004253,
  1991.900,    -6.371217,     2.483055,    -0.001855,
  1991.950,    -7.497743,     2.856433,     0.000062,
  1992.000,    -8.608993,     3.148782,    -0.000934,
  1992.050,    -9.730612,     3.405195,     0.004833,
  1992.100,   -10.816132,     3.619884,    -0.000466,
  1992.150,   -11.899934,     3.816338,     0.001757,
  1992.200,   -12.934687,     4.024702,     0.002608,
  1992.250,   -13.956759,     4.231544,    -0.000716,
  1992.300,   -14.916728,     4.448599,     0.000132,
  1992.350,   -15.833499,     4.652613,     0.009315,
  1992.400,   -16.676783,     4.805025,     0.004236,
  1992.450,   -17.490624,     4.935546,    -0.002013,
  1992.500,   -18.203802,     5.052717,     0.006839,
  1992.550,   -18.869515,     5.175459,     0.002409,
  1992.600,   -19.453167,     5.287364,     0.009189,
  1992.650,   -19.955630,     5.396320,     0.000606,
  1992.700,   -20.367085,     5.504183,     0.009211,
  1992.750,   -20.679832,     5.575033,     0.003563,
  1992.800,   -20.907106,     5.608593,     0.008245,
  1992.850,   -21.027679,     5.588229,     0.004146,
  1992.900,   -21.057657,     5.514647,     0.001358,
  1992.950,   -21.002310,     5.393192,     0.001774,
  1993.000,   -20.875452,     5.228893,     0.009180,
  1993.050,   -20.670388,     5.023085,    -0.004252,
  1993.100,   -20.398401,     4.795696,    -0.001957,
  1993.150,   -20.069320,     4.557832,     0.000601,
  1993.200,   -19.677690,     4.316634,     0.009749,
  1993.250,   -19.253415,     4.090841,     0.001178,
  1993.300,   -18.797260,     3.859973,    -0.000646,
  1993.350,   -18.318716,     3.636765,     0.008777,
  1993.400,   -17.794523,     3.401284,     0.001030,
  1993.450,   -17.252997,     3.187412,     0.001841,
  1993.500,   -16.675051,     3.011794,     0.004250,
  1993.550,   -16.082420,     2.877522,     0.012312,
  1993.600,   -15.450848,     2.767229,    -0.000172,
  1993.650,   -14.792632,     2.673401,     0.002383,
  1993.700,   -14.104704,     2.568693,     0.005258,
  1993.750,   -13.394139,     2.431412,     0.006982,
  1993.800,   -12.646884,     2.269159,     0.003413,
  1993.850,   -11.858087,     2.091038,     0.009752,
  1993.900,   -11.050018,     1.920445,     0.002637,
  1993.950,   -10.242189,     1.740141,    -0.001890,
  1994.000,    -9.412210,     1.578143,     0.001629,
  1994.050,    -8.584026,     1.454780,     0.007983,
  1994.100,    -7.747718,     1.309466,     0.010089,
  1994.150,    -6.927515,     1.179506,    -0.006943,
  1994.200,    -6.104795,     1.036008,    -0.001378,
  1994.250,    -5.296372,     0.862679,     0.000670,
  1994.300,    -4.515496,     0.675170,     0.006234,
  1994.350,    -3.749051,     0.460029,     0.008534,
  1994.400,    -2.993808,     0.233540,    -0.000181,
  1994.450,    -2.267413,    -0.012401,    -0.003054,
  1994.500,    -1.591208,    -0.270487,     0.006337,
  1994.550,    -0.926729,    -0.550580,     0.001403,
  1994.600,    -0.294760,    -0.808637,     0.003976,
  1994.650,     0.303523,    -1.087627,     0.000464,
  1994.700,     0.876024,    -1.352522,     0.004604,
  1994.750,     1.395751,    -1.571386,     0.004474,
  1994.800,     1.890879,    -1.773965,    -0.001825,
  1994.850,     2.334059,    -1.918387,     0.005101,
  1994.900,     2.738882,    -2.009873,     0.004948,
  1994.950,     3.113289,    -2.077866,    -0.006970,
  1995.000,     3.438727,    -2.096130,    -0.000901,
  1995.050,     3.726169,    -2.100071,     0.003340,
  1995.100,     3.989997,    -2.045055,     0.007807,
  1995.150,     4.215104,    -1.961268,    -0.004094,
  1995.200,     4.416018,    -1.832540,    -0.000946,
  1995.250,     4.608353,    -1.662868,     0.000604,
  1995.300,     4.765731,    -1.468739,    -0.004279,
  1995.350,     4.926060,    -1.241679,     0.011659,
  1995.400,     5.051264,    -0.995974,    -0.001627,
  1995.450,     5.175399,    -0.741152,     0.006337,
  1995.500,     5.275426,    -0.446917,     0.003750,
  1995.550,     5.345658,    -0.172217,     0.002997,
  1995.600,     5.424007,     0.112233,     0.002546,
  1995.650,     5.466839,     0.388357,    -0.001191,
  1995.700,     5.478976,     0.642374,     0.002082,
  1995.750,     5.469435,     0.915435,    -0.002439,
  1995.800,     5.434659,     1.187637,    -0.009997,
  1995.850,     5.377860,     1.456393,    -0.006478,
  1995.900,     5.286745,     1.723151,     0.003370,
  1995.950,     5.164912,     1.995608,    -0.000864,
  1996.000,     5.039322,     2.274573,    -0.000139,
  1996.050,     4.872243,     2.593848,    -0.000800,
  1996.100,     4.713360,     2.926944,     0.014172,
  1996.150,     4.529550,     3.271230,    -0.000981,
  1996.200,     4.348854,     3.622790,    -0.002628,
  1996.250,     4.144816,     3.915256,    -0.002632,
  1996.300,     3.964467,     4.171902,    -0.009077,
  1996.350,     3.783701,     4.369433,     0.001595,
  1996.400,     3.596354,     4.520078,     0.006699,
  1996.450,     3.416761,     4.627462,    -0.001701,
  1996.500,     3.246797,     4.724276,    -0.003215,
  1996.550,     3.086233,     4.812333,    -0.005605,
  1996.600,     2.954515,     4.897377,     0.004025,
  1996.650,     2.810948,     4.978521,     0.002061,
  1996.700,     2.657534,     5.054326,     0.008011,
  1996.750,     2.527438,     5.138040,     0.003590,
  1996.800,     2.375037,     5.234212,    -0.005298,
  1996.850,     2.249337,     5.358835,    -0.005450,
  1996.900,     2.104055,     5.508839,    -0.006088,
  1996.950,     1.970131,     5.673720,     0.000732,
  1997.000,     1.821337,     5.862381,     0.006171,
  1997.050,     1.669472,     6.032494,     0.005006,
  1997.100,     1.510664,     6.176478,     0.001629,
  1997.150,     1.347611,     6.286173,    -0.000759,
  1997.200,     1.161612,     6.336282,     0.004615,
  1997.250,     0.983582,     6.356922,     0.003794,
  1997.300,     0.783310,     6.336895,    -0.000248,
  1997.350,     0.577835,     6.264000,     0.006614,
  1997.400,     0.358514,     6.144235,     0.002033,
  1997.450,     0.162246,     5.974713,    -0.004370,
  1997.500,    -0.070654,     5.780029,    -0.002373,
  1997.550,    -0.280934,     5.578275,     0.007426,
  1997.600,    -0.499641,     5.383612,    -0.006094,
  1997.650,    -0.692990,     5.207579,     0.006284,
  1997.700,    -0.878829,     5.033983,     0.007859,
  1997.750,    -1.039778,     4.884319,     0.003838,
  1997.800,    -1.185194,     4.745410,     0.000112,
  1997.850,    -1.295199,     4.603261,    -0.010305,
  1997.900,    -1.367675,     4.477336,    -0.001519,
  1997.950,    -1.406564,     4.355332,     0.002501,
  1998.000,    -1.410069,     4.219757,     0.002736,
  1998.050,    -1.364442,     4.095125,    -0.000552,
  1998.100,    -1.271056,     3.922576,     0.004589,
  1998.150,    -1.162767,     3.729890,     0.006961,
  1998.200,    -1.008128,     3.506011,     0.005566,
  1998.250,    -0.835521,     3.256780,    -0.001215,
  1998.300,    -0.622815,     2.991726,     0.000598,
  1998.350,    -0.399642,     2.702300,     0.005614,
  1998.400,    -0.152825,     2.392824,     0.012182,
  1998.450,     0.093376,     2.109024,     0.001321,
  1998.500,     0.366514,     1.868236,     0.009683,
  1998.550,     0.627586,     1.650718,     0.005575,
  1998.600,     0.891454,     1.473592,     0.000392,
  1998.650,     1.163095,     1.324449,     0.001304,
  1998.700,     1.430748,     1.193763,    -0.001354,
  1998.750,     1.701404,     1.100498,    -0.001086,
  1998.800,     1.965141,     1.054870,    -0.004039,
  1998.850,     2.232122,     1.067387,     0.006182,
  1998.900,     2.485515,     1.168250,    -0.009123,
  1998.950,     2.755598,     1.307857,    -0.003120,
  1999.000,     3.005728,     1.529129,     0.006788,
  1999.050,     3.258412,     1.773019,     0.001033,
  1999.100,     3.506670,     2.047731,     0.006438,
  1999.150,     3.756303,     2.323741,     0.001741,
  1999.200,     3.977082,     2.608147,     0.000562,
  1999.250,     4.197131,     2.848840,     0.003254,
  1999.300,     4.402793,     3.083767,    -0.003376,
  1999.350,     4.609519,     3.279287,     0.006532,
  1999.400,     4.788388,     3.472058,     0.006287,
  1999.450,     4.957346,     3.636023,    -0.000998,
  1999.500,     5.138733,     3.799966,     0.000550,
  1999.550,     5.287869,     3.954975,     0.002711,
  1999.600,     5.443048,     4.102263,    -0.001573,
  1999.650,     5.588936,     4.250522,    -0.002428,
  1999.700,     5.710793,     4.375905,    -0.006687,
  1999.750,     5.849386,     4.495949,     0.000916,
  1999.800,     5.984058,     4.584458,     0.005179,
  1999.850,     6.106626,     4.674420,    -0.004029,
  1999.900,     6.230163,     4.756561,     0.000993,
  1999.950,     6.349000,     4.784834,     0.003420,
  2000.000,     6.438134,     4.773538,    -0.005675,

