Frequency/GHz, Amplitude rel. 1, Phase 1, Ref.Amplitude rel. 1, Ref.Phase 1, Amplitude rel. 2, Phase 2, Ref.Amplitude rel. 2, Ref.Phase 2
     0.0,  1.055410E-2,    -3.14159,  1.101483E-2,    -3.14159, 7.035910E-13,    -0.15889,          NaN,         NaN
     5.0,  2.191050E-2,    -3.01988,  2.084661E-2,    -3.02683, 7.269979E-12,    -0.70158,          NaN,         NaN
    10.0,  1.256520E-2,    -2.82074,  1.229251E-2,    -2.81493, 1.438714E-11,    -2.04909,          NaN,         NaN
    15.0,  7.882821E-3,    -2.91310,  7.721119E-3,    -2.89115, 7.673786E-12,    -1.68883,          NaN,         NaN
    20.0,  5.640740E-3,    -5.33944,  6.903771E-3,    -5.58600, 6.056864E-12,    -1.68691,          NaN,         NaN
    25.0,  4.139851E-2,    -3.77086,  4.216311E-2,    -3.77044, 8.468630E-12,    -2.43009,          NaN,         NaN
    30.0,  1.500132E-2,    -0.92555,  1.624351E-2,    -0.83686, 9.996475E-12,    -1.35584,          NaN,         NaN
    35.0,  4.987745E-2,     1.48348,  4.982161E-2,     1.42902, 5.780491E-12,    -0.21336,          NaN,         NaN
    40.0,  9.135834E-2,     1.26497,  9.082860E-2,     1.20117, 9.348489E-12,    -0.02001,          NaN,         NaN
    45.0,  1.327905E-1,     1.32260,  1.326091E-1,     1.24659, 2.003982E-11,    -0.15133,          NaN,         NaN
    50.0,  1.356225E-1,     2.36314,  1.351114E-1,     2.25812, 5.583178E-12,     0.46070,          NaN,         NaN
    55.0,  2.923696E-1,     4.39596,  2.950991E-1,     4.29932, 6.253856E-12,     1.24055,          NaN,         NaN
    60.0,  5.426129E-2,     4.91985,  5.589267E-2,     4.85794, 1.119577E-11,     0.37652,          NaN,         NaN
    65.0,  1.364335E-1,     5.50799,  1.357649E-1,     5.40870, 7.468984E-12,    -0.26515,          NaN,         NaN
    70.0,  3.630699E-1,     5.46918,  3.640708E-1,     5.34881, 1.241044E-11,    -0.49531,          NaN,         NaN
    75.0,  3.320609E-1,     5.99227,  3.341933E-1,     5.86828, 1.676251E-11,     0.17962,          NaN,         NaN
    80.0,  3.861881E-1,     7.25638,  3.851661E-1,     7.12499, 1.377403E-11,     1.49347,          NaN,         NaN
    85.0,  6.841347E-2,     6.34753,  7.031307E-2,     6.20001, 6.017597E-12,     1.64071,          NaN,         NaN
    90.0,  1.685121E-1,     8.51310,  1.671228E-1,     8.36536, 8.740446E-12,     2.44511,          NaN,         NaN
    95.0,  3.047202E-1,     8.44019,  3.035762E-1,     8.28377, 1.741947E-11,     2.25635,          NaN,         NaN
   100.0,  3.961370E-1,     8.72541,  3.963530E-1,     8.55926, 1.586423E-11,     2.66091,          NaN,         NaN
   105.0,  4.210844E-1,     9.56158,  4.221938E-1,     9.38779, 9.936721E-12,     4.37049,          NaN,         NaN
   110.0,  4.382381E-1,     9.78496,  4.385230E-1,     9.60771, 2.126796E-11,     3.35558,          NaN,         NaN
   115.0,  6.266257E-1,     9.83598,  6.284243E-1,     9.64550, 3.089812E-11,     3.78235,          NaN,         NaN
   120.0,  4.326620E-1,    10.80473,  4.333149E-1,    10.59801, 1.584929E-11,     4.63780,          NaN,         NaN
   125.0,  4.816180E-1,    11.78420,  4.785744E-1,    11.57273, 1.816310E-11,     5.51986,          NaN,         NaN
   130.0,  5.599775E-1,    12.14856,  5.597242E-1,    11.93325, 2.218654E-11,     5.45441,          NaN,         NaN
   135.0,  5.263959E-1,    12.45311,  5.262441E-1,    12.22751, 1.153241E-11,     6.73200,          NaN,         NaN
   140.0,  6.392859E-1,    12.90624,  6.418464E-1,    12.67429, 3.309018E-11,     6.25226,          NaN,         NaN
   145.0,  6.663316E-1,    13.37331,  6.664258E-1,    13.12990, 3.014715E-11,     6.89792,          NaN,         NaN
   150.0,  5.680887E-1,    13.88824,  5.684927E-1,    13.63782, 1.761337E-11,     7.73579,          NaN,         NaN
   155.0,  6.613543E-1,    14.32987,  6.647825E-1,    14.06879, 2.277739E-11,     7.67275,          NaN,         NaN
   160.0,  5.790697E-1,    14.80770,  5.798448E-1,    14.53674, 2.444189E-11,     8.13682,          NaN,         NaN
   165.0,  6.565761E-1,    15.43510,  6.585444E-1,    15.15813, 2.621933E-11,     8.82616,          NaN,         NaN
   170.0,  7.923546E-1,    15.88395,  7.923048E-1,    15.60377, 2.751561E-11,     8.85093,          NaN,         NaN
   175.0,  7.741419E-1,    16.45984,  7.746705E-1,    16.16595, 3.423708E-11,     9.62338,          NaN,         NaN
   180.0,  7.139133E-1,    17.11434,  7.159403E-1,    16.81238, 2.417533E-11,    10.19187,          NaN,         NaN
   185.0,  7.802505E-1,    17.40508,  7.820817E-1,    17.09633, 3.082312E-11,    10.93269,          NaN,         NaN
   190.0,  7.361121E-1,    17.60102,  7.418661E-1,    17.28391, 2.769341E-11,    11.44948,          NaN,         NaN
   195.0,  7.641128E-1,    18.18914,  7.663733E-1,    17.86325, 3.543108E-11,    11.49474,          NaN,         NaN
   200.0,  8.246308E-1,    18.72874,  8.266257E-1,    18.39303, 3.513153E-11,    11.97964,          NaN,         NaN
   204.9,  6.448387E-1,    19.39490,  6.437345E-1,    19.04732, 2.403503E-11,    13.06142,          NaN,         NaN
   209.9,  7.098815E-1,    19.64257,  7.123318E-1,    19.29029, 2.887272E-11,    13.01302,          NaN,         NaN
   214.9,  7.441842E-1,    20.08831,  7.452888E-1,    19.72535, 2.948170E-11,    13.50045,          NaN,         NaN
   219.9,  1.070521E+0,    20.68225,  1.071466E+0,    20.31832, 4.105313E-11,    13.94788,          NaN,         NaN
   224.9,  1.123930E+0,    21.11334,  1.126957E+0,    20.74033, 4.883324E-11,    14.52381,          NaN,         NaN
   229.9,  9.162453E-1,    21.65844,  9.227048E-1,    21.27212, 4.253834E-11,    14.88082,          NaN,         NaN
   234.9,  8.225975E-1,    21.98220,  8.313153E-1,    21.58524, 3.453723E-11,    15.29219,          NaN,         NaN
   239.9,  8.645624E-1,    22.48702,  8.694313E-1,    22.08125, 3.373824E-11,    15.92595,          NaN,         NaN
   244.9,  9.726424E-1,    23.08966,  9.740928E-1,    22.67799, 4.059071E-11,    16.53260,          NaN,         NaN
   249.9,  1.000559E+0,    23.68827,  1.000147E+0,    23.27234, 3.270691E-11,    17.09396,          NaN,         NaN
   254.9,  9.366938E-1,    24.05192,  9.381354E-1,    23.62452, 4.271675E-11,    17.42720,          NaN,         NaN
   259.9,  8.502739E-1,    24.53002,  8.520168E-1,    24.09443, 3.502390E-11,    17.88212,          NaN,         NaN
   264.9,  1.123776E+0,    24.81229,  1.131303E+0,    24.37232, 4.577769E-11,    18.40974,          NaN,         NaN
   269.9,  1.031348E+0,    25.28738,  1.038397E+0,    24.83549, 2.891420E-11,    18.56205,          NaN,         NaN
   274.9,  1.072772E+0,    25.98035,  1.075847E+0,    25.52121, 4.320166E-11,    19.43919,          NaN,         NaN
   279.9,  1.015332E+0,    26.31671,  1.023546E+0,    25.84522, 3.847865E-11,    19.68150,          NaN,         NaN
   284.9,  9.327375E-1,    26.95818,  9.339980E-1,    26.47444, 3.915300E-11,    20.64596,          NaN,         NaN
   289.9,  1.082430E+0,    27.35333,  1.089034E+0,    26.86736, 4.741598E-11,    20.92719,          NaN,         NaN
   294.9,  1.084936E+0,    27.90502,  1.088791E+0,    27.41353, 4.524840E-11,    21.43367,          NaN,         NaN
   299.9,  1.034100E+0,    28.32192,  1.038960E+0,    27.82429, 3.664984E-11,    21.89164,          NaN,         NaN
   304.9,  9.234601E-1,    28.80824,  9.293607E-1,    28.29452, 3.783739E-11,    22.20239,          NaN,         NaN
   309.9,  9.403223E-1,    29.22971,  9.473432E-1,    28.70692, 2.713217E-11,    22.48857,          NaN,         NaN
   314.9,  8.411086E-1,    29.73294,  8.451952E-1,    29.20264, 3.832777E-11,    23.27068,          NaN,         NaN
   319.9,  9.939705E-1,    30.14764,  9.996674E-1,    29.61465, 4.325333E-11,    23.54281,          NaN,         NaN
   324.9,  9.230829E-1,    30.54664,  9.298768E-1,    30.00323, 2.930830E-11,    23.95723,          NaN,         NaN
   329.9,  9.202600E-1,    31.13999,  9.229655E-1,    30.58582, 4.028263E-11,    24.71913,          NaN,         NaN
   334.9,  9.705698E-1,    31.53485,  9.759357E-1,    30.97261, 2.677632E-11,    25.05901,          NaN,         NaN
   339.9,  9.592990E-1,    31.96847,  9.680495E-1,    31.39790, 4.237422E-11,    25.10029,          NaN,         NaN
   344.9,  9.128134E-1,    32.40866,  9.210392E-1,    31.83072, 2.972800E-11,    26.00493,          NaN,         NaN
   349.9,  9.553645E-1,    32.98264,  9.608601E-1,    32.39870, 3.587923E-11,    26.39732,          NaN,         NaN
   354.9,  9.661570E-1,    33.35725,  9.711319E-1,    32.76252, 3.783168E-11,    26.77999,          NaN,         NaN
   359.9,  9.090947E-1,    33.87236,  9.157438E-1,    33.26524, 3.164992E-11,    27.33029,          NaN,         NaN
   364.9,  9.306215E-1,    34.33564,  9.380856E-1,    33.72396, 3.548450E-11,    27.77252,          NaN,         NaN
   369.9,  8.804449E-1,    34.76284,  8.898408E-1,    34.14154, 3.291049E-11,    28.32042,          NaN,         NaN
   374.9,  8.864934E-1,    35.28925,  8.912587E-1,    34.66208, 2.450265E-11,    28.78582,          NaN,         NaN
   379.9,  9.044624E-1,    35.63778,  9.115390E-1,    35.00213, 3.652076E-11,    28.95543,          NaN,         NaN
   384.9,  8.842250E-1,    36.10745,  8.912075E-1,    35.45948, 3.331300E-11,    29.64602,          NaN,         NaN
   389.9,  9.329319E-1,    36.65638,  9.409367E-1,    36.00174, 3.493470E-11,    30.18126,          NaN,         NaN
   394.9,  9.109812E-1,    37.06469,  9.200991E-1,    36.40287, 3.014096E-11,    30.42322,          NaN,         NaN
   399.9,  8.637831E-1,    37.48724,  8.726415E-1,    36.81583, 2.657457E-11,    31.24333,          NaN,         NaN
   404.9,  9.308837E-1,    38.01781,  9.365562E-1,    37.33881, 2.517227E-11,    31.36296,          NaN,         NaN
   409.9,  9.012320E-1,    38.44411,  9.102924E-1,    37.75362, 3.216763E-11,    31.84368,          NaN,         NaN
   414.9,  8.617829E-1,    38.99900,  8.684239E-1,    38.29772, 2.487227E-11,    32.52408,          NaN,         NaN
   419.9,  9.170149E-1,    39.48919,  9.251073E-1,    38.78593, 3.628348E-11,    33.19664,          NaN,         NaN
   424.9,  8.121235E-1,    39.84781,  8.222764E-1,    39.13391, 1.945926E-11,    33.32126,          NaN,         NaN
   429.9,  8.527680E-1,    40.39270,  8.586668E-1,    39.67286, 3.468809E-11,    33.75207,          NaN,         NaN
   434.9,  8.410887E-1,    40.73278,  8.502992E-1,    40.00118, 2.428411E-11,    34.18197,          NaN,         NaN
   439.9,  7.887590E-1,    41.26762,  7.968445E-1,    40.52245, 2.686086E-11,    34.90061,          NaN,         NaN
   444.9,  7.947966E-1,    41.81906,  8.011222E-1,    41.06935, 2.586155E-11,    35.31313,          NaN,         NaN
   449.9,  8.224287E-1,    42.06978,  8.347088E-1,    41.31521, 1.848946E-11,    35.79999,          NaN,         NaN
   454.9,  7.376995E-1,    42.61551,  7.445749E-1,    41.84663, 2.447722E-11,    36.24270,          NaN,         NaN
   459.9,  8.794108E-1,    43.11601,  8.857839E-1,    42.34241, 3.308821E-11,    36.26090,          NaN,         NaN
   464.9,  8.002156E-1,    43.49877,  8.117685E-1,    42.71312, 2.586527E-11,    36.80358,          NaN,         NaN
   469.9,  7.863607E-1,    44.08585,  7.952912E-1,    43.29060, 3.113493E-11,    37.28990,          NaN,         NaN
   474.9,  8.504357E-1,    44.47436,  8.635198E-1,    43.67888, 2.585964E-11,    37.83392,          NaN,         NaN
   479.9,  6.972217E-1,    44.92031,  7.070075E-1,    44.10715, 2.435711E-11,    38.12089,          NaN,         NaN
   484.9,  7.764752E-1,    45.44835,  7.820445E-1,    44.63089, 2.901015E-11,    38.60042,          NaN,         NaN
   489.9,  8.269233E-1,    45.83222,  8.394401E-1,    45.00658, 3.268804E-11,    39.06154,          NaN,         NaN
   494.9,  7.286321E-1,    46.26308,  7.408428E-1,    45.42141, 3.273057E-11,    39.59380,          NaN,         NaN
   499.9,  8.149564E-1,    46.89536,  8.239428E-1,    46.05463, 3.164423E-11,    40.48483,          NaN,         NaN
   504.9,  8.143217E-1,    47.15794,  8.294216E-1,    46.30876, 2.458305E-11,    40.33040,          NaN,         NaN
   509.9,  7.504926E-1,    47.74476,  7.592701E-1,    46.88039, 3.637347E-11,    40.85180,          NaN,         NaN
   514.9,  8.562179E-1,    48.23220,  8.671704E-1,    47.36339, 2.330777E-11,    41.78558,          NaN,         NaN
   519.9,  8.024146E-1,    48.67902,  8.182740E-1,    47.79820, 2.724556E-11,    41.83741,          NaN,         NaN
   524.9,  7.596105E-1,    49.25656,  7.712996E-1,    48.36551, 1.936358E-11,    43.11008,          NaN,         NaN
   529.9,  8.307634E-1,    49.73817,  8.438574E-1,    48.84808, 2.219712E-11,    42.82635,          NaN,         NaN
   534.9,  7.410323E-1,    50.19633,  7.546335E-1,    49.29174, 2.508777E-11,    43.78442,          NaN,         NaN
   539.9,  7.162915E-1,    50.80042,  7.249227E-1,    49.88504, 2.235716E-11,    44.39806,          NaN,         NaN
   544.9,  7.379492E-1,    51.33472,  7.503309E-1,    50.41758, 2.614868E-11,    45.01408,          NaN,         NaN
   549.9,  5.462121E-1,    51.95007,  5.559364E-1,    51.01988, 2.230624E-11,    45.14213,          NaN,         NaN
   554.9,  2.606117E-1,    52.69256,  2.570244E-1,    51.74923, 8.486919E-12,    46.09013,          NaN,         NaN
   559.9,  3.111404E-1,    51.51315,  3.230824E-1,    50.56304, 1.548015E-11,    44.38449,          NaN,         NaN
   564.9,  5.727161E-1,    52.18998,  5.862597E-1,    51.23240, 2.028571E-11,    46.22297,          NaN,         NaN
   569.9,  6.644361E-1,    52.91407,  6.762495E-1,    51.94655, 1.981666E-11,    46.57139,          NaN,         NaN
   574.9,  7.337295E-1,    53.41627,  7.513131E-1,    52.44494, 2.013843E-11,    46.66123,          NaN,         NaN
   579.9,  6.726399E-1,    53.92630,  6.897214E-1,    52.94152, 2.226622E-11,    47.23467,          NaN,         NaN
   584.9,  6.958484E-1,    54.47364,  7.090364E-1,    53.48239, 3.084880E-11,    47.83477,          NaN,         NaN
   589.9,  7.187281E-1,    54.92151,  7.338595E-1,    53.92260, 2.134662E-11,    48.40330,          NaN,         NaN
   594.9,  6.605933E-1,    55.37310,  6.769047E-1,    54.35733, 3.294762E-11,    48.74435,          NaN,         NaN
   599.9,  7.109801E-1,    55.91805,  7.269239E-1,    54.89832, 2.404048E-11,    49.29830,          NaN,         NaN
   604.8,  7.042381E-1,    56.33406,  7.237820E-1,    55.30817, 2.517575E-11,    49.50321,          NaN,         NaN
   609.8,  6.873466E-1,    56.82595,  7.042791E-1,    55.78970, 3.360895E-11,    49.95193,          NaN,         NaN
   614.8,  6.980579E-1,    57.34230,  7.125929E-1,    56.29815, 2.252377E-11,    50.62256,          NaN,         NaN
   619.8,  6.929704E-1,    57.71868,  7.120608E-1,    56.66406, 2.519726E-11,    51.16941,          NaN,         NaN
   624.8,  6.656316E-1,    58.24197,  6.839785E-1,    57.17546, 2.618153E-11,    51.44420,          NaN,         NaN
   629.8,  6.989254E-1,    58.72398,  7.173095E-1,    57.65351, 2.326309E-11,    52.37242,          NaN,         NaN
   634.8,  7.032523E-1,    59.13977,  7.239813E-1,    58.06345, 2.517662E-11,    52.44137,          NaN,         NaN
   639.8,  6.602878E-1,    59.69721,  6.762224E-1,    58.60573, 2.906855E-11,    53.00983,          NaN,         NaN
   644.8,  6.777827E-1,    60.11068,  6.954744E-1,    59.01199, 1.959100E-11,    53.49446,          NaN,         NaN
   649.8,  6.590281E-1,    60.62386,  6.774010E-1,    59.51405, 2.073878E-11,    53.74690,          NaN,         NaN
   654.8,  6.899071E-1,    61.04224,  7.122700E-1,    59.92864, 2.952910E-11,    54.09245,          NaN,         NaN
   659.8,  6.501349E-1,    61.51836,  6.712131E-1,    60.39357, 2.121198E-11,    54.77563,          NaN,         NaN
   664.8,  6.578682E-1,    62.05670,  6.761798E-1,    60.92392, 2.550231E-11,    55.78368,          NaN,         NaN
   669.8,  6.342426E-1,    62.51940,  6.525501E-1,    61.37552, 1.773973E-11,    55.20151,          NaN,         NaN
   674.8,  6.084410E-1,    62.95762,  6.281654E-1,    61.80367, 2.981672E-11,    56.30767,          NaN,         NaN
   679.8,  6.002211E-1,    63.44762,  6.208019E-1,    62.28649, 2.576207E-11,    57.07064,          NaN,         NaN
   684.8,  6.230424E-1,    63.93170,  6.431085E-1,    62.76724, 2.280059E-11,    57.30816,          NaN,         NaN
   689.8,  5.759894E-1,    64.34344,  5.963289E-1,    63.16639, 1.517898E-11,    56.86878,          NaN,         NaN
   694.8,  5.681916E-1,    64.89707,  5.851937E-1,    63.70976, 2.412785E-11,    58.62444,          NaN,         NaN
   699.8,  5.437302E-1,    65.27473,  5.639376E-1,    64.07647, 1.796701E-11,    58.76264,          NaN,         NaN
   704.8,  5.299231E-1,    65.77800,  5.491662E-1,    64.57052, 2.827281E-11,    58.84456,          NaN,         NaN
   709.8,  5.420091E-1,    66.23536,  5.616702E-1,    65.02426, 1.612242E-11,    59.44055,          NaN,         NaN
   714.8,  5.337372E-1,    66.62411,  5.556695E-1,    65.40394, 1.384522E-11,    60.10624,          NaN,         NaN
   719.8,  4.946322E-1,    67.20656,  5.103960E-1,    65.97035, 2.605802E-11,    60.84462,          NaN,         NaN
   724.8,  5.257110E-1,    67.66417,  5.443383E-1,    66.42608, 1.493377E-11,    61.09934,          NaN,         NaN
   729.8,  4.979842E-1,    68.06239,  5.200114E-1,    66.81222, 2.147098E-11,    61.15835,          NaN,         NaN
   734.8,  4.604926E-1,    68.62784,  4.784193E-1,    67.36648, 9.217461E-12,    61.86842,          NaN,         NaN
   739.8,  5.003053E-1,    69.14011,  5.197631E-1,    67.87998, 2.114801E-11,    62.25939,          NaN,         NaN
   744.8,  4.040262E-1,    69.70025,  4.193297E-1,    68.42452, 2.033045E-11,    62.84648,          NaN,         NaN
   749.8,  2.380681E-1,    70.37303,  2.406823E-1,    69.07843, 1.640173E-11,    63.17305,          NaN,         NaN
   754.8,  2.727191E-1,    69.69114,  2.908206E-1,    68.39372, 7.932936E-12,    62.60057,          NaN,         NaN
   759.8,  4.001143E-1,    70.30513,  4.209076E-1,    69.00170, 1.402631E-11,    63.20503,          NaN,         NaN
   764.8,  4.531014E-1,    70.93887,  4.726730E-1,    69.62909, 1.783130E-11,    63.59017,          NaN,         NaN
   769.8,  4.776802E-1,    71.40525,  5.005960E-1,    70.08714, 2.191693E-11,    64.32428,          NaN,         NaN
   774.8,  4.551310E-1,    71.96039,  4.759277E-1,    70.62486, 7.306357E-12,    63.11402,          NaN,         NaN
   779.8,  4.620749E-1,    72.46580,  4.838928E-1,    71.12379, 8.514314E-12,    64.42454,          NaN,         NaN
   784.8,  4.840920E-1,    72.87982,  5.109400E-1,    71.53378, 2.251051E-11,    64.44886,          NaN,         NaN
   789.8,  4.437395E-1,    73.42952,  4.656974E-1,    72.06821, 1.645261E-11,    64.97676,          NaN,         NaN
   794.8,  4.740101E-1,    73.90592,  4.972386E-1,    72.54155, 2.254282E-11,    66.49941,          NaN,         NaN
   799.8,  4.569913E-1,    74.36812,  4.814064E-1,    72.99015, 1.874629E-11,    66.06059,          NaN,         NaN
   804.8,  4.377766E-1,    74.85776,  4.617077E-1,    73.46848, 1.304306E-11,    66.41613,          NaN,         NaN
   809.8,  4.411189E-1,    75.34811,  4.658333E-1,    73.95439, 1.764304E-11,    66.71600,          NaN,         NaN
   814.8,  4.306629E-1,    75.79964,  4.558363E-1,    74.39695, 8.498384E-12,    67.75098,          NaN,         NaN
   819.8,  4.147459E-1,    76.29052,  4.376118E-1,    74.87777, 1.497486E-11,    68.08980,          NaN,         NaN
   824.8,  4.145376E-1,    76.76256,  4.375736E-1,    75.34186, 1.401604E-11,    68.13934,          NaN,         NaN
   829.8,  3.966276E-1,    77.17863,  4.211555E-1,    75.74572, 1.508650E-11,    69.14037,          NaN,         NaN
   834.8,  3.917894E-1,    77.69428,  4.148744E-1,    76.25353, 1.316369E-11,    68.80866,          NaN,         NaN
   839.8,  3.956909E-1,    78.07278,  4.215089E-1,    76.62598, 1.596434E-11,    69.87354,          NaN,         NaN
   844.8,  3.792054E-1,    78.59226,  4.023064E-1,    77.13298, 1.800024E-11,    69.96773,          NaN,         NaN
   849.8,  3.900442E-1,    79.03260,  4.145357E-1,    77.56534, 1.246103E-11,    70.64582,          NaN,         NaN
   854.8,  3.831351E-1,    79.49905,  4.080932E-1,    78.02187, 1.165007E-11,    71.82514,          NaN,         NaN
   859.8,  3.693190E-1,    79.95238,  3.946122E-1,    78.46319, 8.808945E-12,    71.18129,          NaN,         NaN
   864.8,  3.797459E-1,    80.43816,  4.049950E-1,    78.94503, 8.604948E-12,    70.97759,          NaN,         NaN
   869.8,  3.791199E-1,    80.88531,  4.051383E-1,    79.38381, 2.018052E-11,    71.85547,          NaN,         NaN
   874.8,  3.673475E-1,    81.33789,  3.932927E-1,    79.82315, 1.141776E-11,    72.94753,          NaN,         NaN
   879.8,  3.803213E-1,    81.83270,  4.069663E-1,    80.31086, 2.060740E-11,    73.38186,          NaN,         NaN
   884.8,  3.598432E-1,    82.25533,  3.877427E-1,    80.72138, 1.622126E-11,    72.65204,          NaN,         NaN
   889.8,  3.694176E-1,    82.78645,  3.961305E-1,    81.24607, 1.292557E-11,    74.21350,          NaN,         NaN
   894.8,  3.738891E-1,    83.19978,  4.028123E-1,    81.65288, 2.035518E-11,    74.42287,          NaN,         NaN
   899.8,  3.623817E-1,    83.71010,  3.899098E-1,    82.15007, 6.243956E-12,    74.54922,          NaN,         NaN
   904.8,  3.661361E-1,    84.20310,  3.940420E-1,    82.63503, 9.452601E-12,    74.52624,          NaN,         NaN
   909.8,  3.722953E-1,    84.67312,  4.027880E-1,    83.09850, 7.835187E-12,    74.08846,          NaN,         NaN
   914.8,  3.318042E-1,    85.16240,  3.592212E-1,    83.57293, 1.171869E-11,    75.90642,          NaN,         NaN
   919.8,  3.416271E-1,    85.60833,  3.699849E-1,    84.01517, 2.123748E-11,    74.53539,          NaN,         NaN
   924.8,  3.472015E-1,    86.08197,  3.763140E-1,    84.48078, 9.325062E-12,    75.57988,          NaN,         NaN
   929.8,  3.235809E-1,    86.57387,  3.510665E-1,    84.95620, 1.336710E-11,    76.04428,          NaN,         NaN
   934.8,  3.401256E-1,    87.05771,  3.701982E-1,    85.43836, 1.149694E-11,    77.24033,          NaN,         NaN
   939.8,  3.063929E-1,    87.49414,  3.355908E-1,    85.86089, 9.978107E-12,    77.86189,          NaN,         NaN
   944.8,  3.063567E-1,    88.04030,  3.325823E-1,    86.40160, 1.029786E-11,    77.78776,          NaN,         NaN
   949.8,  3.087465E-1,    88.43764,  3.372686E-1,    86.79340, 9.327130E-12,    78.53873,          NaN,         NaN
   954.8,  2.927335E-1,    88.92479,  3.202269E-1,    87.26576, 1.614388E-11,    78.86525,          NaN,         NaN
   959.8,  2.900535E-1,    89.44190,  3.167851E-1,    87.77434, 1.203640E-11,    79.42764,          NaN,         NaN
   964.8,  2.814399E-1,    89.90725,  3.089354E-1,    88.23435, 1.018757E-11,    80.88264,          NaN,         NaN
   969.8,  2.521011E-1,    90.36451,  2.773767E-1,    88.67741, 1.316608E-11,    79.36643,          NaN,         NaN
   974.8,  2.542867E-1,    90.88472,  2.781345E-1,    89.19295, 8.445211E-12,    80.54190,          NaN,         NaN
   979.8,  2.494372E-1,    91.39295,  2.737562E-1,    89.69771, 1.475610E-11,    79.14743,          NaN,         NaN
   984.8,  1.631928E-1,    91.99576,  1.762967E-1,    90.27631, 2.035648E-11,    80.01965,          NaN,         NaN
   989.8,  1.549751E-1,    91.70618,  1.746033E-1,    89.97608, 1.015470E-11,    79.34553,          NaN,         NaN
   994.8,  2.187387E-1,    92.21373,  2.432618E-1,    90.48493, 8.394155E-12,    80.20055,          NaN,         NaN
   999.8,  2.398632E-1,    92.77474,  2.659175E-1,    91.03680, 1.506567E-11,    80.93783,          NaN,         NaN
  1004.7,  2.547343E-1,    93.28920,  2.820150E-1,    91.54359, 1.192056E-11,    81.47565,          NaN,         NaN
  1009.7,  2.543668E-1,    93.76658,  2.829838E-1,    92.00886, 1.362225E-11,    81.44447,          NaN,         NaN
  1014.7,  2.520878E-1,    94.29287,  2.806967E-1,    92.52312, 8.413555E-12,    82.30715,          NaN,         NaN
  1019.7,  2.682877E-1,    94.81710,  2.987896E-1,    93.04525, 1.031005E-11,    82.47791,          NaN,         NaN
  1024.7,  2.463627E-1,    95.28126,  2.757709E-1,    93.49555, 1.274513E-11,    83.10945,          NaN,         NaN
  1029.7,  2.475425E-1,    95.82120,  2.758668E-1,    94.02625, 1.183929E-11,    82.65310,          NaN,         NaN
  1034.7,  2.569048E-1,    96.28343,  2.882290E-1,    94.48295, 1.372888E-11,    83.48848,          NaN,         NaN
  1039.7,  2.394188E-1,    96.81341,  2.687430E-1,    95.00056, 1.210401E-11,    84.61755,          NaN,         NaN
  1044.7,  2.443714E-1,    97.32675,  2.747136E-1,    95.50839, 1.705506E-11,    84.73724,          NaN,         NaN
  1049.7,  2.354218E-1,    97.83478,  2.650940E-1,    96.00704, 1.398389E-11,    85.95316,          NaN,         NaN
  1054.7,  2.236126E-1,    98.34298,  2.523187E-1,    96.50442, 7.739175E-12,    86.34510,          NaN,         NaN
  1059.7,  2.327259E-1,    98.92183,  2.618748E-1,    97.07950, 9.781428E-12,    87.58927,          NaN,         NaN
  1064.7,  2.186643E-1,    99.41733,  2.480531E-1,    97.56348, 1.506737E-11,    85.97963,          NaN,         NaN
  1069.7,  2.091895E-1,   100.05225,  2.364301E-1,    98.18975, 1.973581E-11,    87.78034,          NaN,         NaN
  1074.7,  2.026307E-1,   100.68763,  2.291290E-1,    98.82251, 1.430626E-11,    88.01556,          NaN,         NaN
  1079.7,  1.784044E-1,   101.32314,  2.024625E-1,    99.44906, 7.884495E-12,    88.75853,          NaN,         NaN
  1084.7,  1.533852E-1,   102.18648,  1.729704E-1,   100.31013, 1.701854E-11,    89.76088,          NaN,         NaN
  1089.7,  9.531357E-2,   103.35954,  1.052439E-1,   101.49110, 7.360115E-12,    90.27599,          NaN,         NaN
  1094.7,  9.974440E-3,   104.65140,  9.585280E-3,   102.74571, 6.218913E-12,    90.80432,          NaN,         NaN
  1099.7,  1.000892E-2,   106.09986,  1.264355E-2,   104.20275, 8.783136E-12,    89.56244,          NaN,         NaN
  1104.7,  7.368204E-2,   107.63784,  8.590909E-2,   105.74311, 1.460150E-11,    87.87017,          NaN,         NaN
  1109.7,  6.374766E-2,   109.00538,  7.099071E-2,   107.07750, 7.775121E-12,    89.61460,          NaN,         NaN
  1114.7,  4.522469E-2,   108.40905,  5.476899E-2,   106.43560, 9.169102E-12,    89.99789,          NaN,         NaN
  1119.7,  1.266324E-1,   109.14623,  1.477444E-1,   107.20542, 8.532639E-12,    89.70862,          NaN,         NaN
  1124.7,  1.522833E-1,   110.00767,  1.768215E-1,   108.05110, 1.222237E-11,    89.29486,          NaN,         NaN
  1129.7,  1.590259E-1,   110.81370,  1.834913E-1,   108.84794, 8.129888E-12,    89.80963,          NaN,         NaN
  1134.7,  1.606480E-1,   111.49013,  1.863309E-1,   109.51738, 8.935880E-12,    91.21233,          NaN,         NaN
  1139.7,  1.526976E-1,   112.23996,  1.769824E-1,   110.25648, 1.042556E-11,    91.12646,          NaN,         NaN
  1144.7,  1.366098E-1,   113.12017,  1.571576E-1,   111.13619, 1.055478E-11,    91.62396,          NaN,         NaN
  1149.7,  8.829265E-2,   114.10684,  9.971733E-2,   112.11584, 1.083879E-11,    93.03121,          NaN,         NaN
  1154.7,  4.579743E-2,   114.54614,  5.293991E-2,   112.54545, 6.688535E-12,    92.96741,          NaN,         NaN
  1159.7,  7.926828E-3,   116.16372,  7.822894E-3,   114.17898, 8.028359E-12,    93.20974,          NaN,         NaN
  1164.7,  3.291198E-3,   116.99208,  4.763828E-3,   114.96005, 1.540067E-11,    94.53491,          NaN,         NaN
  1169.7,  6.843245E-2,   118.45518,  8.312410E-2,   116.44169, 5.220071E-12,    94.54275,          NaN,         NaN
  1174.7,  1.213382E-1,   119.73650,  1.442914E-1,   117.69764, 9.953948E-12,    93.94601,          NaN,         NaN
  1179.7,  1.389812E-1,   120.73838,  1.635895E-1,   118.68091, 4.155446E-12,    94.68066,          NaN,         NaN
  1184.7,  1.467525E-1,   121.51669,  1.727835E-1,   119.45033, 9.250617E-12,    95.16021,          NaN,         NaN
  1189.7,  1.423827E-1,   122.20429,  1.682601E-1,   120.12667, 6.687533E-12,    93.84860,          NaN,         NaN
  1194.7,  1.371227E-1,   122.92703,  1.618620E-1,   120.84284, 9.122188E-12,    95.56150,          NaN,         NaN
  1199.7,  1.203978E-1,   123.71154,  1.413670E-1,   121.62559, 1.840922E-11,    95.79063,          NaN,         NaN
  1204.7,  5.545454E-2,   124.58754,  6.220655E-2,   122.47648, 7.911956E-12,    93.97423,          NaN,         NaN
  1209.7,  4.344344E-2,   123.40120,  5.474201E-2,   121.26910, 1.116063E-11,    92.96428,          NaN,         NaN
  1214.7,  1.007846E-1,   124.18793,  1.213179E-1,   122.07231, 9.983555E-12,    92.71627,          NaN,         NaN
  1219.7,  1.043117E-1,   125.03917,  1.244449E-1,   122.91113, 9.554468E-12,    92.33487,          NaN,         NaN
  1224.7,  7.204216E-2,   125.95812,  8.310229E-2,   123.82331, 9.114618E-12,    94.26527,          NaN,         NaN
  1229.7,  3.550952E-2,   125.15970,  4.512553E-2,   122.95854, 6.876121E-12,    93.93521,          NaN,         NaN
  1234.7,  9.655385E-2,   125.65909,  1.176660E-1,   123.50324, 1.102891E-11,    94.76701,          NaN,         NaN
  1239.7,  1.141020E-1,   126.37217,  1.376592E-1,   124.19979, 4.348134E-12,    95.69662,          NaN,         NaN
  1244.7,  1.222947E-1,   126.96482,  1.475934E-1,   124.78179, 8.052884E-12,    97.17749,          NaN,         NaN
  1249.7,  1.237763E-1,   127.51077,  1.497927E-1,   125.31303, 5.269961E-12,    97.48613,          NaN,         NaN
  1254.7,  1.288159E-1,   128.08315,  1.555900E-1,   125.88165, 8.434653E-12,    97.69743,          NaN,         NaN
  1259.7,  1.276057E-1,   128.55396,  1.555592E-1,   126.34068, 6.033399E-12,    96.57666,          NaN,         NaN
  1264.7,  1.223698E-1,   129.10451,  1.487238E-1,   126.87643, 6.900724E-12,    97.24042,          NaN,         NaN
  1269.7,  1.289009E-1,   129.61924,  1.567882E-1,   127.39033, 5.646881E-12,    96.94144,          NaN,         NaN
  1274.7,  1.213722E-1,   130.04582,  1.491757E-1,   127.80288, 6.206866E-12,    96.35095,          NaN,         NaN
  1279.7,  1.228079E-1,   130.58527,  1.499193E-1,   128.33395, 8.815356E-12,    96.74167,          NaN,         NaN
  1284.7,  1.288458E-1,   131.04842,  1.583218E-1,   128.79299, 1.157744E-11,    98.66959,          NaN,         NaN
  1289.7,  1.227739E-1,   131.53554,  1.517103E-1,   129.26447, 5.798312E-12,    98.78502,          NaN,         NaN
  1294.7,  1.174366E-1,   132.10144,  1.439643E-1,   129.81905, 5.526780E-12,    98.70448,          NaN,         NaN
  1299.7,  1.238481E-1,   132.50298,  1.533491E-1,   130.22096, 1.435433E-11,    99.40257,          NaN,         NaN
  1304.7,  1.183951E-1,   133.00566,  1.469996E-1,   130.70724, 7.582806E-12,   100.50385,          NaN,         NaN
  1309.7,  1.200874E-1,   133.55411,  1.483637E-1,   131.25071, 1.016445E-11,    98.68226,          NaN,         NaN
  1314.7,  1.195033E-1,   134.03509,  1.485631E-1,   131.72578, 8.629247E-12,   100.38584,          NaN,         NaN
  1319.7,  9.788841E-2,   134.56499,  1.211054E-1,   132.23099, 1.142993E-11,   100.77508,          NaN,         NaN
  1324.7,  1.027925E-1,   134.86367,  1.290056E-1,   132.52839, 6.123169E-12,    99.84358,          NaN,         NaN
  1329.7,  1.101875E-1,   135.33307,  1.386821E-1,   132.99251, 2.023707E-11,   101.38980,          NaN,         NaN
  1334.7,  1.087868E-1,   135.88639,  1.364773E-1,   133.53376, 1.282760E-11,   102.87241,          NaN,         NaN
  1339.7,  1.089508E-1,   136.39243,  1.366792E-1,   134.03337, 9.300746E-12,   102.27604,          NaN,         NaN
  1344.7,  1.069101E-1,   136.85559,  1.351872E-1,   134.48791, 1.471208E-11,   103.98408,          NaN,         NaN
  1349.7,  1.002826E-1,   137.36943,  1.265804E-1,   134.98738, 1.102953E-11,   105.73015,          NaN,         NaN
  1354.7,  1.031164E-1,   137.83127,  1.307897E-1,   135.44781, 1.455353E-11,   105.36472,          NaN,         NaN
  1359.7,  9.945674E-2,   138.30297,  1.267975E-1,   135.90743, 1.395962E-11,   103.95283,          NaN,         NaN
  1364.7,  9.511711E-2,   138.83652,  1.207447E-1,   136.42780, 7.960149E-12,   106.04790,          NaN,         NaN
  1369.7,  1.013166E-1,   139.33194,  1.291914E-1,   136.92432, 6.670459E-12,   105.93816,          NaN,         NaN
  1374.7,  9.158823E-2,   139.84253,  1.172134E-1,   137.41726, 1.225601E-11,   107.13484,          NaN,         NaN
  1379.7,  9.067038E-2,   140.36791,  1.159802E-1,   137.93504, 1.103869E-11,   108.78045,          NaN,         NaN
  1384.7,  9.332637E-2,   140.91249,  1.200390E-1,   138.47814, 1.000377E-11,   109.78484,          NaN,         NaN
  1389.7,  8.463655E-2,   141.49709,  1.090689E-1,   139.04975, 7.617888E-12,   108.84723,          NaN,         NaN
  1394.7,  8.361451E-2,   142.19996,  1.071958E-1,   139.75492, 9.951288E-12,   109.74554,          NaN,         NaN
  1399.7,  6.818277E-2,   142.98140,  8.748775E-2,   140.53276, 8.064319E-12,   111.22209,          NaN,         NaN
  1404.6,  3.344424E-2,   144.21443,  4.082041E-2,   141.77456, 8.446519E-12,   111.12943,          NaN,         NaN
  1409.6,  1.285708E-3,   143.71083,  1.576806E-3,   140.87876, 8.705458E-12,   109.84267,          NaN,         NaN
  1414.6,  2.018477E-2,   140.98765,  2.894673E-2,   138.52552, 1.060106E-11,   108.70602,          NaN,         NaN
  1419.6,  5.925516E-2,   142.37805,  7.866988E-2,   139.89260, 5.653689E-12,   109.02822,          NaN,         NaN
  1424.6,  7.490697E-2,   143.29243,  9.860193E-2,   140.78853, 7.506974E-12,   109.04253,          NaN,         NaN
  1429.6,  7.852078E-2,   143.99310,  1.034859E-1,   141.47293, 1.054918E-11,   109.10955,          NaN,         NaN
  1434.6,  7.967408E-2,   144.61743,  1.048169E-1,   142.08574, 1.066596E-11,   109.18371,          NaN,         NaN
  1439.6,  8.020076E-2,   145.20071,  1.055916E-1,   142.65877, 1.468596E-11,   110.01239,          NaN,         NaN
  1444.6,  8.010054E-2,   145.69066,  1.063412E-1,   143.13769, 1.061975E-11,   109.54926,          NaN,         NaN
  1449.6,  8.178933E-2,   146.29713,  1.080685E-1,   143.73629, 1.066503E-11,   109.97712,          NaN,         NaN
  1454.6,  7.904433E-2,   146.79853,  1.051457E-1,   144.22757, 4.930226E-12,   111.30311,          NaN,         NaN
  1459.6,  7.640646E-2,   147.30543,  1.017659E-1,   144.72149, 5.556946E-12,   111.89068,          NaN,         NaN
  1464.6,  7.594238E-2,   147.81922,  1.014549E-1,   145.22814, 6.530939E-12,   112.04199,          NaN,         NaN
  1469.6,  7.582047E-2,   148.31272,  1.018300E-1,   145.71297, 8.646809E-12,   112.86649,          NaN,         NaN
  1474.6,  7.263183E-2,   148.84053,  9.752534E-2,   146.22736, 1.079482E-11,   114.73080,          NaN,         NaN
  1479.6,  7.188006E-2,   149.35762,  9.655687E-2,   146.74051, 1.222158E-11,   115.84843,          NaN,         NaN
  1484.6,  6.791086E-2,   149.82204,  9.186707E-2,   147.19154, 5.077120E-12,   115.60407,          NaN,         NaN
  1489.6,  6.414045E-2,   150.31828,  8.673125E-2,   147.67338, 7.438150E-12,   116.19294,          NaN,         NaN
  1494.6,  6.806097E-2,   150.78372,  9.265478E-2,   148.14010, 8.210870E-12,   117.60924,          NaN,         NaN
  1499.6,  6.347166E-2,   151.25616,  8.721589E-2,   148.59665, 7.909470E-12,   116.39866,          NaN,         NaN
  1504.6,  6.209857E-2,   151.79900,  8.477987E-2,   149.13072, 1.023552E-11,   116.42174,          NaN,         NaN
  1509.6,  6.312291E-2,   152.23723,  8.693953E-2,   149.56678, 1.029018E-11,   116.64699,          NaN,         NaN
  1514.6,  5.963845E-2,   152.71957,  8.238304E-2,   150.03148, 1.755248E-11,   115.46942,          NaN,         NaN
  1519.6,  6.161257E-2,   153.24285,  8.490836E-2,   150.55300, 1.112282E-11,   116.60030,          NaN,         NaN
  1524.6,  6.175828E-2,   153.69816,  8.594316E-2,   151.00201, 8.222418E-12,   117.46639,          NaN,         NaN
  1529.6,  5.866870E-2,   154.23911,  8.155728E-2,   151.52482, 9.070521E-12,   117.57621,          NaN,         NaN
  1534.6,  5.954724E-2,   154.77852,  8.256886E-2,   152.06365, 9.839457E-12,   118.65726,          NaN,         NaN
  1539.6,  5.628863E-2,   155.22060,  7.892505E-2,   152.49461, 1.082336E-11,   119.07184,          NaN,         NaN
  1544.6,  5.430633E-2,   155.70462,  7.639197E-2,   152.96649, 8.203305E-12,   119.56060,          NaN,         NaN
  1549.6,  5.823191E-2,   156.22609,  8.190898E-2,   153.48640, 1.201096E-11,   120.85303,          NaN,         NaN
  1554.6,  5.515066E-2,   156.72498,  7.812210E-2,   153.97051, 1.498731E-11,   122.20202,          NaN,         NaN
  1559.6,  5.311310E-2,   157.30671,  7.465976E-2,   154.53983, 8.456210E-12,   123.29728,          NaN,         NaN
  1564.6,  5.565615E-2,   157.80309,  7.883954E-2,   155.03843, 6.910786E-12,   123.53976,          NaN,         NaN
  1569.6,  5.264821E-2,   158.31160,  7.521386E-2,   155.53238, 9.162007E-12,   121.94118,          NaN,         NaN
  1574.6,  5.154628E-2,   158.90737,  7.347481E-2,   156.12012, 8.021293E-12,   123.25091,          NaN,         NaN
  1579.6,  5.118243E-2,   159.47793,  7.305943E-2,   156.68830, 7.072343E-12,   122.42590,          NaN,         NaN
  1584.6,  4.732450E-2,   160.07550,  6.792797E-2,   157.27358, 6.549190E-12,   122.73664,          NaN,         NaN
  1589.6,  4.343081E-2,   160.80790,  6.180045E-2,   158.00325, 9.925526E-12,   120.99226,          NaN,         NaN
  1594.6,  3.535856E-2,   161.55453,  5.018728E-2,   158.75590, 5.890468E-12,   120.87789,          NaN,         NaN
  1599.6,  1.095777E-2,   162.42802,  1.417020E-2,   159.57162, 1.095194E-11,   121.28577,          NaN,         NaN
  1604.6,  1.261243E-2,   160.75879,  1.991556E-2,   157.90736, 6.954931E-12,   119.14755,          NaN,         NaN
  1609.6,  3.266339E-2,   161.63089,  4.833092E-2,   158.79970, 8.199894E-12,   118.98203,          NaN,         NaN
  1614.6,  3.648341E-2,   162.47469,  5.353658E-2,   159.62413, 1.340318E-11,   119.36246,          NaN,         NaN
  1619.6,  3.906764E-2,   163.23037,  5.707653E-2,   160.37443, 5.675900E-12,   121.11257,          NaN,         NaN
  1624.6,  3.900415E-2,   163.90710,  5.735936E-2,   161.04242, 8.079810E-12,   121.64675,          NaN,         NaN
  1629.6,  3.640284E-2,   164.67701,  5.360066E-2,   161.79697, 1.444422E-11,   120.53602,          NaN,         NaN
  1634.6,  3.582980E-2,   165.46860,  5.286491E-2,   162.59072, 8.619541E-12,   122.52481,          NaN,         NaN
  1639.6,  3.241468E-2,   166.32139,  4.811951E-2,   163.44076, 1.150852E-11,   121.34771,          NaN,         NaN
  1644.6,  2.674011E-2,   167.40140,  3.939843E-2,   164.51800, 7.944704E-12,   122.61652,          NaN,         NaN
  1649.6,  1.995981E-2,   168.70998,  2.920403E-2,   165.84380, 9.821497E-12,   121.98680,          NaN,         NaN
  1654.6,  6.610287E-3,   170.70963,  8.893685E-3,   167.86211, 8.242428E-12,   123.32332,          NaN,         NaN
  1659.6,  3.701126E-4,   170.51380,  5.781779E-4,   167.27703, 1.190722E-11,   123.38032,          NaN,         NaN
  1664.6,  3.427451E-4,   171.50093,  4.499069E-4,   168.11947, 8.673666E-12,   124.33584,          NaN,         NaN
  1669.6,  4.016830E-4,   172.43892,  5.109054E-4,   169.06939, 6.683793E-12,   124.81118,          NaN,         NaN
  1674.6,  1.041467E-3,   173.34478,  1.482997E-3,   170.39692, 9.012795E-12,   126.35977,          NaN,         NaN
  1679.6,  8.732803E-3,   176.16792,  1.411067E-2,   173.28704, 1.339137E-11,   124.29098,          NaN,         NaN
  1684.6,  1.695390E-2,   178.21991,  2.661737E-2,   175.27256, 7.512168E-12,   124.99897,          NaN,         NaN
  1689.6,  2.217172E-2,   179.73460,  3.425517E-2,   176.76896, 9.153486E-12,   125.35282,          NaN,         NaN
  1694.6,  2.287617E-2,   181.01835,  3.527762E-2,   178.03911, 7.658463E-12,   126.14850,          NaN,         NaN
  1699.6,  1.989920E-2,   182.39357,  3.019453E-2,   179.41677, 1.204563E-11,   125.72606,          NaN,         NaN
  1704.6,  1.370051E-2,   184.00505,  2.049208E-2,   181.05459, 1.026541E-11,   123.99978,          NaN,         NaN
  1709.6,  2.956050E-3,   186.40109,  4.235214E-3,   183.49264, 7.544567E-12,   125.86374,          NaN,         NaN
  1714.6,  3.143914E-4,   185.94377,  5.305149E-4,   183.43157, 6.458256E-12,   125.78009,          NaN,         NaN
  1719.6,  3.687337E-4,   188.40003,  6.984511E-4,   185.41470, 9.733143E-12,   125.96370,          NaN,         NaN
  1724.6,  6.715268E-3,   191.35944,  1.121655E-2,   188.37081, 5.246915E-12,   126.64231,          NaN,         NaN
  1729.6,  1.595935E-2,   193.41866,  2.581054E-2,   190.37083, 1.317559E-11,   126.80425,          NaN,         NaN
  1734.6,  2.115435E-2,   194.72675,  3.401071E-2,   191.64710, 9.341870E-12,   127.96817,          NaN,         NaN
  1739.6,  2.282126E-2,   195.74297,  3.661170E-2,   192.63877, 9.058332E-12,   129.38119,          NaN,         NaN
  1744.6,  2.477403E-2,   196.63417,  3.950184E-2,   193.52111, 6.324271E-12,   131.06147,          NaN,         NaN
  1749.6,  2.403030E-2,   197.41933,  3.864269E-2,   194.29387, 9.391379E-12,   131.68707,          NaN,         NaN
  1754.6,  2.160330E-2,   198.25997,  3.429874E-2,   195.12400, 7.950625E-12,   131.67689,          NaN,         NaN
  1759.6,  1.323412E-2,   199.07545,  1.992130E-2,   195.91074, 1.099605E-11,   132.90669,          NaN,         NaN
  1764.6,  1.379521E-2,   198.64487,  2.344416E-2,   195.47532, 8.074114E-12,   133.15866,          NaN,         NaN
  1769.6,  2.065870E-2,   199.44481,  3.383954E-2,   196.27615, 7.256864E-12,   133.76465,          NaN,         NaN
  1774.6,  2.242059E-2,   200.19050,  3.643966E-2,   197.01501, 5.290303E-12,   133.34663,          NaN,         NaN
  1779.6,  2.155407E-2,   200.88526,  3.515710E-2,   197.69852, 1.169173E-11,   132.39722,          NaN,         NaN
  1784.6,  1.967959E-2,   201.70674,  3.178151E-2,   198.51313, 4.661783E-12,   133.74884,          NaN,         NaN
  1789.6,  1.454475E-2,   202.65280,  2.281515E-2,   199.47362, 6.890079E-12,   133.23479,          NaN,         NaN
  1794.6,  2.712505E-3,   202.90615,  3.957841E-3,   199.53515, 6.745446E-12,   133.26115,          NaN,         NaN
  1799.6,  6.773611E-3,   201.33024,  1.260725E-2,   198.09223, 9.866654E-12,   133.58905,          NaN,         NaN
  1804.5,  1.696454E-2,   202.31865,  2.905908E-2,   199.09696, 5.358422E-12,   134.36004,          NaN,         NaN
  1809.5,  1.945730E-2,   203.14413,  3.290211E-2,   199.90054, 6.224488E-12,   135.12338,          NaN,         NaN
  1814.5,  2.093148E-2,   203.84870,  3.519407E-2,   200.59500, 6.360714E-12,   134.34745,          NaN,         NaN
  1819.5,  2.165476E-2,   204.45834,  3.650586E-2,   201.19829, 9.423048E-12,   133.87648,          NaN,         NaN
  1824.5,  2.095289E-2,   205.08901,  3.549486E-2,   201.81096, 1.384912E-11,   132.70372,          NaN,         NaN
  1829.5,  2.103905E-2,   205.71183,  3.559329E-2,   202.43203, 8.983606E-12,   134.18527,          NaN,         NaN
  1834.5,  2.027254E-2,   206.27065,  3.470191E-2,   202.97931, 6.210220E-12,   134.09419,          NaN,         NaN
  1839.5,  1.909431E-2,   206.90670,  3.249490E-2,   203.60685, 9.907030E-12,   134.60544,          NaN,         NaN
  1844.5,  1.923722E-2,   207.53665,  3.286623E-2,   204.23868, 1.042515E-11,   135.30326,          NaN,         NaN
  1849.5,  1.761280E-2,   208.21350,  3.014146E-2,   204.90667, 1.519374E-11,   136.76712,          NaN,         NaN
  1854.5,  1.532693E-2,   209.07115,  2.591960E-2,   205.76934, 8.267186E-12,   136.75158,          NaN,         NaN
  1859.5,  1.059152E-2,   210.16064,  1.748636E-2,   206.87954, 1.572251E-11,   136.75065,          NaN,         NaN
  1864.5,  1.374935E-3,   211.33944,  1.863270E-3,   208.08835, 1.181683E-11,   135.31562,          NaN,         NaN
  1869.5,  7.516101E-4,   212.47103,  1.848913E-3,   209.33044, 1.011268E-11,   137.20465,          NaN,         NaN
  1874.5,  8.707726E-3,   214.39713,  1.621127E-2,   211.08048, 1.500876E-11,   139.03196,          NaN,         NaN
  1879.5,  1.255879E-2,   215.56958,  2.256570E-2,   212.20403, 7.260308E-12,   139.13022,          NaN,         NaN
  1884.5,  1.387632E-2,   216.42447,  2.470635E-2,   213.03967, 5.464298E-12,   139.18116,          NaN,         NaN
  1889.5,  1.519757E-2,   217.10163,  2.720154E-2,   213.70997, 8.155039E-12,   138.74655,          NaN,         NaN
  1894.5,  1.487946E-2,   217.78820,  2.672858E-2,   214.38090, 1.233327E-11,   139.73361,          NaN,         NaN
  1899.5,  1.538269E-2,   218.49179,  2.739919E-2,   215.08764, 4.496555E-12,   140.43340,          NaN,         NaN
  1904.5,  1.437103E-2,   219.20152,  2.586787E-2,   215.79655, 8.947746E-12,   141.33392,          NaN,         NaN
  1909.5,  1.157464E-2,   220.11276,  2.038635E-2,   216.71062, 7.259356E-12,   140.74986,          NaN,         NaN
  1914.5,  4.874072E-3,   221.31033,  7.698250E-3,   217.93763, 1.833643E-11,   141.17779,          NaN,         NaN
  1919.5,  2.765418E-4,   220.66733,  1.826534E-4,   215.65620, 9.340058E-12,   141.95429,          NaN,         NaN
  1924.5,  6.795332E-3,   218.81657,  1.365160E-2,   215.41374, 8.170072E-12,   141.93535,          NaN,         NaN
  1929.5,  1.259271E-2,   219.98043,  2.364198E-2,   216.54169, 1.534176E-11,   140.64440,          NaN,         NaN
  1934.5,  1.455207E-2,   220.76701,  2.725382E-2,   217.30473, 7.125168E-12,   141.00586,          NaN,         NaN
  1939.5,  1.538643E-2,   221.46907,  2.860571E-2,   217.99137, 6.264558E-12,   141.11401,          NaN,         NaN
  1944.5,  1.594692E-2,   222.06981,  2.984769E-2,   218.58367, 1.267087E-11,   139.63061,          NaN,         NaN
  1949.5,  1.597937E-2,   222.65443,  2.995365E-2,   219.15315, 1.140108E-11,   140.99908,          NaN,         NaN
  1954.5,  1.615368E-2,   223.23047,  3.029647E-2,   219.72130, 6.781799E-12,   141.58776,          NaN,         NaN
  1959.5,  1.602143E-2,   223.75157,  3.046338E-2,   220.23662, 5.244185E-12,   141.62738,          NaN,         NaN
  1964.5,  1.577716E-2,   224.30124,  2.988546E-2,   220.77398, 8.327289E-12,   141.87782,          NaN,         NaN
  1969.5,  1.566525E-2,   224.85248,  2.964245E-2,   221.31893, 5.179603E-12,   142.38040,          NaN,         NaN
  1974.5,  1.547954E-2,   225.35204,  2.968365E-2,   221.81103, 1.422167E-11,   143.83468,          NaN,         NaN
  1979.5,  1.485875E-2,   225.90393,  2.846621E-2,   222.34265, 7.172695E-12,   144.73639,          NaN,         NaN
  1984.5,  1.494187E-2,   226.42899,  2.869400E-2,   222.87052, 6.477167E-12,   146.39046,          NaN,         NaN
  1989.5,  1.428301E-2,   226.92520,  2.768972E-2,   223.35410, 8.492384E-12,   146.18951,          NaN,         NaN
  1994.5,  1.405278E-2,   227.46274,  2.715070E-2,   223.88738, 9.795276E-12,   145.75049,          NaN,         NaN
  1999.5,  1.383107E-2,   227.97726,  2.693665E-2,   224.39507, 8.844985E-12,   145.57384,          NaN,         NaN
  2004.5,  1.328055E-2,   228.50399,  2.606176E-2,   224.91520, 9.517585E-12,   145.58163,          NaN,         NaN
  2009.5,  1.275451E-2,   229.08949,  2.466284E-2,   225.49689, 1.112624E-11,   146.24327,          NaN,         NaN
  2014.5,  1.044902E-2,   229.61451,  2.012508E-2,   225.98609, 7.278776E-12,   146.89485,          NaN,         NaN
  2019.5,  1.134256E-2,   229.94344,  2.256512E-2,   226.32702, 8.642803E-12,   146.31391,          NaN,         NaN
  2024.5,  1.167077E-2,   230.62469,  2.295207E-2,   227.00425, 1.164068E-11,   145.61186,          NaN,         NaN
  2029.5,  1.105693E-2,   231.30854,  2.169661E-2,   227.69507, 8.431848E-12,   144.54558,          NaN,         NaN
  2034.5,  7.664230E-3,   232.24360,  1.442182E-2,   228.63959, 5.605678E-12,   144.58634,          NaN,         NaN
  2039.5,  1.157033E-3,   232.46281,  1.817931E-3,   228.54651, 1.023934E-11,   144.71846,          NaN,         NaN
  2044.5,  5.697455E-3,   231.11488,  1.236880E-2,   227.45399, 1.038607E-11,   145.63651,          NaN,         NaN
  2049.5,  9.494893E-3,   232.12173,  1.942975E-2,   228.44075, 1.467692E-11,   146.64615,          NaN,         NaN
  2054.5,  1.075269E-2,   232.87432,  2.200242E-2,   229.19268, 4.945646E-12,   147.06726,          NaN,         NaN
  2059.5,  1.085290E-2,   233.56288,  2.228234E-2,   229.86911, 8.177774E-12,   146.82378,          NaN,         NaN
  2064.5,  9.954703E-3,   234.33541,  2.030835E-2,   230.64416, 1.089670E-11,   147.05040,          NaN,         NaN
  2069.5,  6.982041E-3,   235.20433,  1.363766E-2,   231.51717, 5.498258E-12,   146.17644,          NaN,         NaN
  2074.5,  2.149185E-3,   234.61128,  4.925823E-3,   230.69610, 1.801782E-11,   146.31116,          NaN,         NaN
  2079.5,  7.503578E-3,   234.83476,  1.622281E-2,   231.11514, 5.541644E-12,   145.09842,          NaN,         NaN
  2084.5,  9.691489E-3,   235.59716,  2.061517E-2,   231.86562, 4.752121E-12,   145.03686,          NaN,         NaN
  2089.5,  9.764383E-3,   236.27375,  2.071797E-2,   232.51938, 1.172302E-11,   144.30898,          NaN,         NaN
  2094.5,  9.877613E-3,   236.91651,  2.098409E-2,   233.15867, 1.147641E-11,   142.31983,          NaN,         NaN
  2099.5,  9.815374E-3,   237.48399,  2.096866E-2,   233.72228, 1.126411E-11,   142.23423,          NaN,         NaN
  2104.5,  9.174704E-3,   238.04785,  1.972634E-2,   234.26975, 8.057538E-12,   142.73141,          NaN,         NaN
  2109.5,  9.230797E-3,   238.64337,  1.974680E-2,   234.86536, 4.946074E-12,   142.69191,          NaN,         NaN
  2114.5,  9.175363E-3,   239.18301,  1.980331E-2,   235.40020, 7.637724E-12,   142.79464,          NaN,         NaN
  2119.5,  8.483623E-3,   239.78260,  1.843623E-2,   235.98532, 9.824939E-12,   143.56270,          NaN,         NaN
  2124.5,  8.512254E-3,   240.40892,  1.836931E-2,   236.60426, 4.904743E-12,   142.89200,          NaN,         NaN
  2129.5,  8.199613E-3,   240.96581,  1.789483E-2,   237.16691, 1.003717E-11,   142.04476,          NaN,         NaN
  2134.5,  7.539104E-3,   241.65304,  1.663100E-2,   237.84322, 7.269780E-12,   140.87117,          NaN,         NaN
  2139.5,  7.436491E-3,   242.37269,  1.634012E-2,   238.56982, 1.512989E-11,   141.71863,          NaN,         NaN
  2144.5,  6.633155E-3,   243.13482,  1.473232E-2,   239.33538, 8.272457E-12,   141.61474,          NaN,         NaN
  2149.5,  5.470616E-3,   244.13099,  1.207881E-2,   240.34438, 9.933554E-12,   140.82149,          NaN,         NaN
  2154.5,  3.392196E-3,   245.47590,  7.379376E-3,   241.73111, 1.400811E-11,   141.62138,          NaN,         NaN
  2159.5,  3.675550E-4,   247.54555,  6.484219E-4,   243.66698, 1.009349E-11,   140.59326,          NaN,         NaN
  2164.5,  6.399723E-5,   246.03998,  1.562035E-4,   242.46311, 7.979148E-12,   141.25159,          NaN,         NaN
  2169.5,  9.901341E-4,   247.56940,  2.872465E-3,   243.67785, 9.429775E-12,   143.33718,          NaN,         NaN
  2174.5,  3.545059E-3,   249.56052,  8.390365E-3,   245.64711, 9.534428E-12,   144.10909,          NaN,         NaN
  2179.5,  4.578649E-3,   251.06191,  1.051879E-2,   247.15212, 7.114888E-12,   143.79572,          NaN,         NaN
  2184.5,  4.172592E-3,   252.46079,  9.415333E-3,   248.57554, 1.124718E-11,   145.41988,          NaN,         NaN
  2189.5,  1.857870E-3,   254.30706,  4.016008E-3,   250.45469, 1.019454E-11,   147.05186,          NaN,         NaN
  2194.5,  1.574210E-4,   253.39744,  2.660441E-4,   249.87167, 6.067855E-12,   148.40044,          NaN,         NaN
  2199.5,  4.993784E-4,   255.77183,  1.489045E-3,   252.08719, 6.124783E-12,   149.69556,          NaN,         NaN
  2204.4,  2.781824E-3,   258.20399,  7.063809E-3,   254.28392, 1.163462E-11,   151.48005,          NaN,         NaN
  2209.4,  3.514177E-3,   260.03825,  8.183775E-3,   256.10438, 9.837604E-12,   152.55259,          NaN,         NaN
  2214.4,  1.986717E-3,   261.90985,  4.247307E-3,   258.05872, 1.120422E-11,   151.71035,          NaN,         NaN
  2219.4,  1.878355E-4,   261.43329,  2.793752E-4,   257.44636, 6.396166E-12,   150.45359,          NaN,         NaN
  2224.4,  5.499465E-4,   263.12057,  1.284371E-3,   259.46209, 8.746122E-12,   151.35159,          NaN,         NaN
  2229.4,  2.762990E-3,   265.56859,  7.215612E-3,   261.62514, 7.102945E-12,   151.48516,          NaN,         NaN
  2234.4,  4.044805E-3,   267.16104,  1.034740E-2,   263.14652, 7.102186E-12,   151.14800,          NaN,         NaN
  2239.4,  4.567564E-3,   268.35357,  1.140508E-2,   264.32778, 9.007702E-12,   151.42156,          NaN,         NaN
  2244.4,  4.131168E-3,   269.36779,  1.021152E-2,   265.31329, 1.006520E-11,   152.40164,          NaN,         NaN
  2249.4,  3.969164E-3,   270.57056,  9.714138E-3,   266.54776, 6.443065E-12,   152.29100,          NaN,         NaN
  2254.4,  2.487326E-3,   272.10571,  5.880526E-3,   268.16867, 4.749119E-12,   152.60848,          NaN,         NaN
  2259.4,  1.966624E-4,   274.32747,  4.460017E-4,   270.68959, 8.501071E-12,   153.22349,          NaN,         NaN
  2264.4,  1.154350E-4,   272.62893,  1.140384E-4,   269.73634, 1.232647E-11,   151.43571,          NaN,         NaN
  2269.4,  8.565978E-4,   273.10516,  2.419116E-3,   269.24180, 1.393040E-11,   149.47618,          NaN,         NaN
  2274.4,  2.834393E-3,   275.25977,  7.844470E-3,   271.27853, 6.046564E-12,   148.02302,          NaN,         NaN
  2279.4,  4.005425E-3,   276.60282,  1.084250E-2,   272.57659, 5.626390E-12,   148.66818,          NaN,         NaN
  2284.4,  4.568249E-3,   277.60462,  1.215147E-2,   273.53462, 8.962211E-12,   147.98144,          NaN,         NaN
  2289.4,  4.721512E-3,   278.44036,  1.264358E-2,   274.35930, 9.858754E-12,   147.71931,          NaN,         NaN
  2294.4,  4.894743E-3,   279.19400,  1.310169E-2,   275.10127, 6.007876E-12,   146.92942,          NaN,         NaN
  2299.4,  4.953457E-3,   279.88046,  1.321313E-2,   275.78239, 1.492093E-11,   148.06301,          NaN,         NaN
  2304.4,  4.986238E-3,   280.59726,  1.308997E-2,   276.48336, 9.708172E-12,   146.31968,          NaN,         NaN
  2309.4,  4.832317E-3,   281.28563,  1.277383E-2,   277.16078, 8.443639E-12,   146.31838,          NaN,         NaN
  2314.4,  4.259374E-3,   281.99894,  1.103176E-2,   277.86079, 8.771093E-12,   147.99813,          NaN,         NaN
  2319.4,  3.789047E-3,   282.36779,  1.040078E-2,   278.20658, 9.998737E-12,   147.96767,          NaN,         NaN
  2324.4,  4.407169E-3,   283.06329,  1.181846E-2,   278.91526, 6.082610E-12,   149.28057,          NaN,         NaN
  2329.4,  4.174889E-3,   283.82191,  1.124599E-2,   279.67561, 1.045145E-11,   148.62865,          NaN,         NaN
  2334.4,  3.704634E-3,   284.71311,  9.819703E-3,   280.58876, 5.065514E-12,   149.90892,          NaN,         NaN
  2339.4,  2.066548E-3,   285.84042,  5.081357E-3,   281.75560, 9.806185E-12,   149.93525,          NaN,         NaN
  2344.4,  2.339106E-4,   284.93558,  7.742320E-4,   279.94946, 7.133530E-12,   148.69714,          NaN,         NaN
  2349.4,  2.270627E-3,   284.86987,  6.566954E-3,   280.69037, 3.435056E-12,   149.01185,          NaN,         NaN
  2354.4,  2.901021E-3,   286.08731,  8.006491E-3,   281.92848, 1.020344E-11,   148.69752,          NaN,         NaN
  2359.4,  2.229386E-3,   287.35178,  5.756046E-3,   283.22726, 1.189587E-11,   147.55948,          NaN,         NaN
  2364.4,  3.609889E-4,   288.01500,  6.160995E-4,   283.61263, 8.583276E-12,   148.58951,          NaN,         NaN
  2369.4,  1.296111E-3,   286.64776,  3.964615E-3,   282.43968, 1.377805E-11,   147.07769,          NaN,         NaN
  2374.4,  2.300457E-3,   288.11778,  6.416137E-3,   283.93505, 1.347493E-11,   144.91271,          NaN,         NaN
  2379.4,  1.906763E-3,   289.54010,  5.361489E-3,   285.41944, 5.209674E-12,   145.18488,          NaN,         NaN
  2384.4,  6.191291E-4,   291.46298,  1.532302E-3,   287.44624, 9.752783E-12,   145.71741,          NaN,         NaN
  2389.4,  1.793287E-4,   290.07797,  2.253213E-4,   286.16975, 9.843635E-12,   147.91281,          NaN,         NaN
  2394.4,  1.761317E-4,   290.17998,  4.545705E-4,   286.27026, 8.370475E-12,   147.92771,          NaN,         NaN
  2399.4,  1.131995E-3,   292.63159,  3.684008E-3,   288.54137, 8.994425E-12,   149.39225,          NaN,         NaN
  2404.4,  1.989798E-3,   294.36578,  6.194914E-3,   290.12119, 7.546895E-12,   148.16496,          NaN,         NaN
  2409.4,  2.468239E-3,   295.47193,  7.493341E-3,   291.20000, 8.613748E-12,   147.20560,          NaN,         NaN
  2414.4,  2.558080E-3,   296.39693,  7.842612E-3,   292.10227, 1.181626E-11,   148.38697,          NaN,         NaN
  2419.4,  2.640963E-3,   297.24047,  7.964169E-3,   292.92862, 7.233875E-12,   148.03908,          NaN,         NaN
  2424.4,  2.428309E-3,   298.09321,  7.157276E-3,   293.75080, 6.047606E-12,   146.99692,          NaN,         NaN
  2429.4,  1.986939E-3,   298.41848,  6.246536E-3,   294.06387, 1.692343E-11,   147.95599,          NaN,         NaN
  2434.4,  2.549522E-3,   299.21496,  7.918273E-3,   294.89334, 1.194936E-11,   149.85254,          NaN,         NaN
  2439.4,  2.570846E-3,   300.05245,  7.692042E-3,   295.73196, 6.734227E-12,   151.67377,          NaN,         NaN
  2444.4,  2.111210E-3,   300.98380,  6.068582E-3,   296.66404, 4.565161E-12,   151.55031,          NaN,         NaN
  2449.4,  1.922299E-3,   301.81156,  5.595651E-3,   297.54666, 7.185420E-12,   151.86115,          NaN,         NaN
  2454.4,  1.002745E-3,   303.42365,  2.908028E-3,   299.25917, 7.398778E-12,   150.61892,          NaN,         NaN
  2459.4,  3.078151E-5,   302.80051,  1.173191E-4,   296.66515, 7.038012E-12,   149.80711,          NaN,         NaN
  2464.4,  5.169260E-5,   302.31122,  9.762977E-5,   297.25069, 7.110750E-12,   149.66875,          NaN,         NaN
  2469.4,  7.879795E-4,   302.41191,  2.685919E-3,   294.42962, 7.132577E-12,   148.12526,          NaN,         NaN
  2474.4,  1.691216E-3,   304.27745,  5.785706E-3,   296.21710, 5.647926E-12,   147.15017,          NaN,         NaN
  2479.4,  2.181655E-3,   305.49117,  7.318943E-3,   297.35105, 7.252368E-12,   146.20185,          NaN,         NaN
  2484.4,  2.392485E-3,   306.37521,  7.981357E-3,   298.21850, 8.124631E-12,   145.04924,          NaN,         NaN
  2489.4,  2.633321E-3,   307.17948,  8.457477E-3,   299.01165, 6.673627E-12,   145.27160,          NaN,         NaN
  2494.4,  2.652998E-3,   307.86894,  8.798411E-3,   299.69665, 7.733749E-12,   145.96972,          NaN,         NaN
  2499.4,  2.628634E-3,   308.55847,  8.616658E-3,   300.35881, 1.240617E-11,   144.07031,          NaN,         NaN
  2504.4,  2.686688E-3,   309.17912,  8.737936E-3,   300.99523, 7.207349E-12,   143.96566,          NaN,         NaN
  2509.4,  2.669583E-3,   309.77231,  8.783879E-3,   301.58429, 8.497121E-12,   145.48172,          NaN,         NaN
  2514.4,  2.606178E-3,   310.40815,  8.665417E-3,   302.18750, 9.915465E-12,   146.05259,          NaN,         NaN
  2519.4,  2.605456E-3,   311.01921,  8.645139E-3,   302.78356, 1.086992E-11,   148.22209,          NaN,         NaN
  2524.4,  2.583357E-3,   311.59497,  8.526260E-3,   303.36486, 1.034991E-11,   149.51984,          NaN,         NaN
  2529.4,  2.484069E-3,   312.17792,  8.285564E-3,   303.94305, 7.257069E-12,   149.47295,          NaN,         NaN
  2534.4,  2.465904E-3,   312.75728,  8.331606E-3,   304.50663, 8.671369E-12,   148.55664,          NaN,         NaN
  2539.4,  2.399848E-3,   313.32351,  8.153217E-3,   305.08910, 1.563972E-11,   146.84881,          NaN,         NaN
  2544.4,  2.338507E-3,   313.93846,  8.032938E-3,   305.68680, 9.365715E-12,   147.72968,          NaN,         NaN
  2549.4,  2.328986E-3,   314.50274,  7.989188E-3,   306.25134, 6.550948E-12,   148.06185,          NaN,         NaN
  2554.4,  2.259910E-3,   315.12012,  7.770776E-3,   306.86113, 7.860898E-12,   148.11826,          NaN,         NaN
  2559.4,  2.209471E-3,   315.77034,  7.550919E-3,   307.51894, 1.091263E-11,   147.17927,          NaN,         NaN
  2564.4,  1.817340E-3,   316.39530,  6.153049E-3,   308.16165, 1.143142E-11,   145.61536,          NaN,         NaN
  2569.4,  1.813369E-3,   316.70671,  6.513261E-3,   308.44204, 7.330849E-12,   146.06939,          NaN,         NaN
  2574.4,  2.062840E-3,   317.40867,  7.233002E-3,   309.14951, 8.429087E-12,   146.84071,          NaN,         NaN
  2579.4,  2.067622E-3,   318.08316,  7.380613E-3,   309.84141, 1.020012E-11,   148.50261,          NaN,         NaN
  2584.4,  1.917321E-3,   318.82689,  7.158052E-3,   310.56716, 7.821445E-12,   147.53139,          NaN,         NaN
  2589.4,  1.866321E-3,   319.56310,  7.073705E-3,   311.31975, 1.046833E-11,   147.35766,          NaN,         NaN
  2594.4,  1.860484E-3,   320.34331,  6.858762E-3,   312.09086, 7.423288E-12,   146.77852,          NaN,         NaN
  2599.4,  1.681898E-3,   321.19539,  6.418667E-3,   312.97600, 7.455428E-12,   148.37301,          NaN,         NaN
  2604.3,  1.563442E-3,   322.22526,  6.025723E-3,   313.95646, 9.050241E-12,   148.85091,          NaN,         NaN
  2609.3,  1.323784E-3,   323.41617,  5.238679E-3,   315.08245, 1.225665E-11,   147.45041,          NaN,         NaN
  2614.3,  1.095737E-3,   324.85824,  4.265407E-3,   316.50676, 4.322852E-12,   146.75483,          NaN,         NaN
  2619.3,  8.073613E-4,   326.61570,  2.837225E-3,   318.32057, 9.917734E-12,   146.73469,          NaN,         NaN
  2624.3,  2.387932E-4,   328.90925,  8.976281E-4,   320.94599, 5.554227E-12,   148.10977,          NaN,         NaN
  2629.3,  6.954416E-5,   327.79035,  1.748968E-4,   319.25812, 6.092900E-12,   148.73303,          NaN,         NaN
  2634.3,  1.071591E-4,   328.55152,  7.643448E-5,   320.43850, 8.648040E-12,   147.78942,          NaN,         NaN
  2639.3,  8.607900E-5,   329.03343,  6.624414E-5,   321.56785, 8.471046E-12,   147.61032,          NaN,         NaN
  2644.3,  1.244072E-4,   329.27330,  6.843934E-5,   321.59069, 5.042310E-12,   148.11803,          NaN,         NaN
  2649.3,  1.520924E-4,   330.66030,  2.489289E-4,   323.10502, 9.311632E-12,   148.75110,          NaN,         NaN
  2654.3,  2.725136E-4,   329.26663,  1.149402E-3,   320.71688, 9.392823E-12,   150.57954,          NaN,         NaN
  2659.3,  3.980563E-4,   331.77594,  1.428520E-3,   323.47668, 1.423582E-11,   151.42191,          NaN,         NaN
  2664.3,  1.299722E-4,   332.04327,  6.709165E-4,   323.55120, 4.719480E-12,   152.05877,          NaN,         NaN
  2669.3,  6.002249E-4,   333.39961,  2.717186E-3,   325.03214, 5.981764E-12,   152.92447,          NaN,         NaN
  2674.3,  7.690946E-4,   335.19936,  3.282287E-3,   326.71373, 7.055718E-12,   153.41108,          NaN,         NaN
  2679.3,  6.250817E-4,   336.89336,  2.358311E-3,   328.35229, 7.553600E-12,   153.00596,          NaN,         NaN
  2684.3,  1.040537E-4,   338.25339,  1.100015E-4,   329.44320, 8.712402E-12,   152.69641,          NaN,         NaN
  2689.3,  3.752149E-4,   335.71560,  2.133195E-3,   327.24575, 1.469905E-11,   152.54712,          NaN,         NaN
  2694.3,  8.852949E-4,   337.26864,  3.945169E-3,   328.66925, 6.739650E-12,   151.75644,          NaN,         NaN
  2699.3,  1.065229E-3,   338.43858,  4.568101E-3,   329.74183, 4.373944E-12,   151.61718,          NaN,         NaN
  2704.3,  1.182916E-3,   339.34836,  4.996794E-3,   330.62505, 9.137160E-12,   152.62096,          NaN,         NaN
  2709.3,  1.206753E-3,   340.11124,  5.084285E-3,   331.43589, 1.066879E-11,   153.84809,          NaN,         NaN
  2714.3,  1.212335E-3,   340.98221,  5.202552E-3,   332.24834, 9.824653E-12,   153.30604,          NaN,         NaN
  2719.3,  1.269665E-3,   341.74016,  5.319631E-3,   333.04623, 6.690736E-12,   151.57032,          NaN,         NaN
  2724.3,  1.243224E-3,   342.53713,  5.185081E-3,   333.86066, 9.196339E-12,   149.80376,          NaN,         NaN
  2729.3,  1.179741E-3,   343.41286,  5.079540E-3,   334.71019, 1.154743E-11,   150.23985,          NaN,         NaN
  2734.3,  1.126266E-3,   344.27740,  4.867450E-3,   335.57952, 1.917093E-11,   148.97907,          NaN,         NaN
  2739.3,  9.319040E-4,   345.17314,  4.313495E-3,   336.51090, 1.217935E-11,   148.91805,          NaN,         NaN
  2744.3,  8.609457E-4,   346.20076,  4.036963E-3,   337.54996, 8.233075E-12,   150.88033,          NaN,         NaN
  2749.3,  7.223029E-4,   347.44941,  3.438166E-3,   338.83143, 5.243903E-12,   151.71226,          NaN,         NaN
  2754.3,  4.950820E-4,   349.25501,  2.330359E-3,   340.48342, 6.532367E-12,   151.16726,          NaN,         NaN
  2759.3,  2.918834E-4,   351.52248,  1.116362E-3,   342.83309, 5.915271E-12,   150.97458,          NaN,         NaN
  2764.3,  7.581676E-5,   352.07410,  1.197279E-4,   340.41103, 9.669842E-12,   151.73563,          NaN,         NaN
  2769.3,  1.179527E-4,   352.66352,  8.163083E-5,   337.99823, 4.559297E-12,   152.66190,          NaN,         NaN
  2774.3,  9.206662E-5,   353.19529,  9.910798E-5,   338.71642, 9.702483E-12,   154.17684,          NaN,         NaN
  2779.3,  6.669115E-5,   353.56049,  6.464253E-5,   338.97231, 9.754775E-12,   152.68412,          NaN,         NaN
  2784.3,  8.784290E-5,   351.75661,  4.855445E-4,   336.87561, 1.073482E-11,   153.90084,          NaN,         NaN
  2789.3,  4.037323E-4,   354.02091,  1.850269E-3,   339.49014, 1.359631E-11,   154.03299,          NaN,         NaN
  2794.3,  5.987036E-4,   355.60379,  2.753119E-3,   341.28247, 8.033215E-12,   154.99907,          NaN,         NaN
  2799.3,  6.722049E-4,   357.11742,  3.357589E-3,   342.68513, 1.439165E-11,   155.54813,          NaN,         NaN
  2804.3,  7.308694E-4,   358.26558,  3.783492E-3,   343.78499, 1.026761E-11,   156.69917,          NaN,         NaN
  2809.3,  7.329836E-4,   359.36816,  4.053326E-3,   344.77015, 6.684550E-12,   157.78309,          NaN,         NaN
  2814.3,  8.706529E-4,   360.25375,  4.374788E-3,   345.66957, 8.213092E-12,   157.51629,          NaN,         NaN
  2819.3,  9.060072E-4,   361.08178,  4.536509E-3,   346.47081, 1.104272E-11,   156.41453,          NaN,         NaN
  2824.3,  9.568896E-4,   361.87767,  4.636414E-3,   347.25733, 1.626053E-11,   157.04309,          NaN,         NaN
  2829.3,  1.028715E-3,   362.64386,  4.833877E-3,   348.02714, 8.218716E-12,   158.93467,          NaN,         NaN
  2834.3,  9.919707E-4,   363.37653,  4.864614E-3,   348.73690, 6.137741E-12,   157.69212,          NaN,         NaN
  2839.3,  1.006961E-3,   364.17273,  4.920445E-3,   349.49134, 1.069493E-11,   157.86119,          NaN,         NaN
  2844.3,  9.499135E-4,   364.87772,  4.908071E-3,   350.22023, 4.443314E-12,   159.07922,          NaN,         NaN
  2849.3,  9.724083E-4,   365.53278,  4.839551E-3,   350.94828, 7.492330E-12,   159.66271,          NaN,         NaN
  2854.3,  9.583742E-4,   366.31443,  4.779217E-3,   351.75597, 9.973077E-12,   158.68626,          NaN,         NaN
  2859.3,  9.186825E-4,   367.16690,  4.646601E-3,   352.62110, 7.303930E-12,   158.44022,          NaN,         NaN
  2864.3,  8.271206E-4,   368.04500,  4.256791E-3,   353.59614, 9.874828E-12,   157.13068,          NaN,         NaN
  2869.3,  5.936124E-4,   369.37177,  3.123591E-3,   354.89667, 9.271483E-12,   155.90677,          NaN,         NaN
  2874.3,  1.552861E-4,   371.51131,  8.487232E-4,   356.91775, 9.969075E-12,   155.45213,          NaN,         NaN
  2879.3,  9.601549E-5,   369.43306,  1.681666E-4,   355.63156, 9.487576E-12,   153.83483,          NaN,         NaN
  2884.3,  9.890256E-5,   369.70740,  1.183861E-4,   355.70096, 6.105919E-12,   151.97619,          NaN,         NaN
  2889.3,  2.259921E-4,   367.14899,  1.745735E-3,   358.41391, 1.100104E-11,   150.08695,          NaN,         NaN
  2894.3,  5.551281E-4,   368.84547,  3.112219E-3,   360.14164, 5.246202E-12,   149.14502,          NaN,         NaN
  2899.3,  7.245118E-4,   369.94852,  3.741817E-3,   361.26861, 7.099068E-12,   148.99855,          NaN,         NaN
  2904.3,  7.382139E-4,   370.82247,  3.993813E-3,   362.18340, 7.946456E-12,   149.59249,          NaN,         NaN
  2909.3,  7.350483E-4,   371.70966,  3.997295E-3,   363.06184, 4.960266E-12,   148.87866,          NaN,         NaN
  2914.3,  7.144166E-4,   372.53445,  4.111886E-3,   363.87977, 5.638666E-12,   149.33592,          NaN,         NaN
  2919.3,  7.156139E-4,   373.23719,  3.886528E-3,   364.66460, 6.484437E-12,   149.20078,          NaN,         NaN
  2924.3,  6.885425E-4,   374.06410,  3.758200E-3,   365.50447, 1.085795E-11,   150.49294,          NaN,         NaN
  2929.3,  6.307533E-4,   374.91012,  3.742988E-3,   366.35302, 6.073381E-12,   151.01900,          NaN,         NaN
  2934.3,  5.805206E-4,   375.78581,  3.487216E-3,   367.23121, 9.513353E-12,   151.67587,          NaN,         NaN
  2939.3,  4.852716E-4,   376.75310,  3.105494E-3,   368.23442, 5.069170E-12,   151.27887,          NaN,         NaN
  2944.3,  5.064846E-4,   377.87352,  2.892591E-3,   369.36540, 1.207611E-11,   152.31867,          NaN,         NaN
  2949.3,  3.249087E-4,   379.54327,  2.238267E-3,   370.77936, 6.879537E-12,   151.39248,          NaN,         NaN
  2954.3,  2.211056E-4,   381.26642,  1.325691E-3,   372.76460, 1.135129E-11,   152.00819,          NaN,         NaN
  2959.3,  7.067654E-5,   383.10326,  2.595286E-4,   375.46595, 1.232428E-11,   152.73310,          NaN,         NaN
  2964.3,  4.382885E-5,   382.23341,  4.753218E-5,   374.42070, 6.845844E-12,   152.18733,          NaN,         NaN
  2969.3,  8.772159E-5,   383.40616,  3.496593E-5,   375.22441, 8.531816E-12,   150.91283,          NaN,         NaN
  2974.3,  6.647606E-5,   383.61886,  2.221742E-5,   373.91582, 4.648110E-12,   150.42299,          NaN,         NaN
  2979.3,  3.876947E-5,   381.67640,  5.052103E-4,   372.63365, 6.802321E-12,   151.90538,          NaN,         NaN
  2984.3,  2.028342E-4,   383.91940,  1.183496E-3,   375.63918, 1.015026E-11,   151.30981,          NaN,         NaN
  2989.3,  2.436045E-4,   385.87487,  1.262478E-3,   378.09688, 6.914967E-12,   151.30718,          NaN,         NaN
  2994.3,  9.973385E-5,   383.64159,  7.608410E-4,   380.94039, 8.959856E-12,   151.76389,          NaN,         NaN
  2999.3,  9.595613E-5,   385.50209,  3.158379E-4,   383.91461, 1.100663E-11,   153.32340,          NaN,         NaN
  3004.2,  5.232647E-5,   386.03824,  6.427877E-5,   382.51325, 1.592152E-11,   155.31118,          NaN,         NaN
  3009.2,  6.580250E-5,   386.45114,  5.832290E-5,   384.02556, 7.093493E-12,   154.95757,          NaN,         NaN
  3014.2,  8.299373E-5,   387.34029,  4.762180E-5,   384.61220, 5.627068E-12,   154.67080,          NaN,         NaN
  3019.2,  5.066507E-5,   387.30871,  1.989511E-5,   387.03223, 8.538783E-12,   154.38528,          NaN,         NaN
  3024.2,  9.192673E-5,   389.05877,  3.632770E-4,   387.40764, 5.401236E-12,   154.85871,          NaN,         NaN
  3029.2,  1.608931E-4,   387.57874,  1.013961E-3,   384.79676, 7.041761E-12,   154.30921,          NaN,         NaN
  3034.2,  1.557019E-4,   389.71279,  1.089523E-3,   387.56530, 9.608599E-12,   155.19007,          NaN,         NaN
  3039.2,  5.794192E-5,   388.44070,  2.371313E-4,   390.31427, 8.620241E-12,   154.46991,          NaN,         NaN
  3044.2,  6.639576E-5,   389.01038,  7.744138E-5,   391.71542, 7.427455E-12,   155.99948,          NaN,         NaN
  3049.2,  2.396501E-4,   390.25345,  1.222219E-3,   393.69535, 6.035806E-12,   157.51020,          NaN,         NaN
  3054.2,  2.971489E-4,   391.86422,  2.104791E-3,   395.49678, 1.204724E-11,   157.56234,          NaN,         NaN
  3059.2,  3.051021E-4,   393.03946,  2.526632E-3,   396.74943, 7.030379E-12,   157.13723,          NaN,         NaN
  3064.2,  2.831882E-4,   394.33345,  2.623783E-3,   397.80971, 7.516921E-12,   156.63128,          NaN,         NaN
  3069.2,  3.176810E-4,   395.23073,  2.815713E-3,   398.78017, 7.898047E-12,   157.71177,          NaN,         NaN
  3074.2,  3.397261E-4,   396.21877,  2.872664E-3,   399.65818, 6.791202E-12,   157.71310,          NaN,         NaN
  3079.2,  3.261467E-4,   397.21681,  2.859599E-3,   400.50150, 9.513947E-12,   157.36650,          NaN,         NaN
  3084.2,  4.229932E-4,   397.94511,  2.973495E-3,   401.33750, 6.743762E-12,   158.55530,          NaN,         NaN
  3089.2,  4.380252E-4,   398.85611,  3.014320E-3,   402.15010, 1.046664E-11,   160.26649,          NaN,         NaN
  3094.2,  4.103946E-4,   399.69959,  3.034869E-3,   402.99498, 8.297449E-12,   159.10569,          NaN,         NaN
  3099.2,  4.478699E-4,   400.59453,  2.983731E-3,   403.85600, 7.375217E-12,   160.04769,          NaN,         NaN
  3104.2,  3.802205E-4,   401.45731,  2.915023E-3,   404.78288, 1.252051E-11,   158.68263,          NaN,         NaN
  3109.2,  4.139325E-4,   402.50646,  2.688835E-3,   405.83811, 7.612663E-12,   157.75936,          NaN,         NaN
  3114.2,  3.276465E-4,   403.61128,  2.199760E-3,   407.11501, 6.373972E-12,   157.04432,          NaN,         NaN
  3119.2,  1.408571E-4,   405.26693,  1.320973E-3,   408.75280, 5.690796E-12,   156.58805,          NaN,         NaN
  3124.2,  6.214051E-5,   403.23834,  6.175147E-5,   411.66948, 4.706111E-12,   156.85691,          NaN,         NaN
  3129.2,  5.367869E-5,   404.12956,  2.065085E-5,   413.37996, 9.238466E-12,   157.08072,          NaN,         NaN
  3134.2,  6.758175E-5,   404.66643,  7.987883E-5,   414.23355, 7.591302E-12,   155.59761,          NaN,         NaN
  3139.2,  9.678739E-5,   405.19100,  8.325784E-5,   414.32949, 5.913526E-12,   157.87796,          NaN,         NaN
  3144.2,  1.247119E-4,   407.07461,  8.808338E-4,   416.93345, 5.382895E-12,   158.13614,          NaN,         NaN
  3149.2,  1.376405E-4,   407.89548,  1.206272E-3,   419.33084, 9.344355E-12,   157.27030,          NaN,         NaN
  3154.2,  2.043432E-4,   409.89323,  1.110390E-3,   421.55744, 7.059023E-12,   158.69803,          NaN,         NaN
  3159.2,  6.785092E-5,   411.42361,  2.300961E-4,   424.60425, 1.205896E-11,   159.91305,          NaN,         NaN
  3164.2,  1.668938E-4,   411.13173,  7.105465E-5,   423.21803, 7.986881E-12,   158.94373,          NaN,         NaN
  3169.2,  1.021539E-4,   412.61152,  4.814350E-5,   425.34426, 6.218149E-12,   160.15146,          NaN,         NaN
  3174.2,  1.766448E-4,   412.68237,  6.393901E-4,   424.41194, 9.796868E-12,   159.55908,          NaN,         NaN
  3179.2,  4.289532E-5,   414.30211,  3.641532E-4,   426.94605, 8.475043E-12,   159.34824,          NaN,         NaN
  3184.2,  1.026090E-4,   414.08709,  8.908493E-4,   425.75631, 1.021344E-11,   160.16982,          NaN,         NaN
  3189.2,  2.177487E-4,   415.51247,  1.875265E-3,   427.36435, 8.607513E-12,   160.98730,          NaN,         NaN
  3194.2,  2.327139E-4,   417.25239,  2.088688E-3,   428.59396, 5.079362E-12,   161.45832,          NaN,         NaN
  3199.2,  2.675526E-4,   418.35274,  2.222403E-3,   429.63543, 1.093913E-11,   161.72888,          NaN,         NaN
  3204.2,  2.601126E-4,   419.78845,  1.890809E-3,   430.78410, 5.846972E-12,   161.13626,          NaN,         NaN
  3209.2,  1.012465E-4,   421.05109,  4.241553E-4,   431.24876, 7.385677E-12,   160.60298,          NaN,         NaN
  3214.2,  1.412931E-4,   420.41065,  1.713017E-3,   431.37977, 5.346045E-12,   161.37631,          NaN,         NaN
  3219.2,  2.052474E-4,   421.38233,  1.806725E-3,   432.70766, 8.022313E-12,   162.02910,          NaN,         NaN
  3224.2,  1.510823E-4,   423.03965,  8.782871E-4,   434.29485, 1.185500E-11,   163.97749,          NaN,         NaN
  3229.2,  4.959067E-5,   422.94152,  1.092173E-4,   434.02208, 5.505514E-12,   163.84007,          NaN,         NaN
  3234.2,  7.140767E-5,   425.28416,  1.015164E-3,   431.29007, 1.291153E-11,   163.45243,          NaN,         NaN
  3239.2,  1.644262E-4,   427.32276,  1.901254E-3,   432.87582, 8.791321E-12,   165.64023,          NaN,         NaN
  3244.2,  1.770143E-4,   428.35851,  2.157605E-3,   433.82417, 7.151822E-12,   164.84691,          NaN,         NaN
  3249.2,  2.124975E-4,   429.17094,  2.362332E-3,   434.65158, 5.816045E-12,   165.66919,          NaN,         NaN
  3254.2,  2.425023E-4,   429.71899,  2.419689E-3,   435.34563, 4.898836E-12,   165.46375,          NaN,         NaN
  3259.2,  2.411750E-4,   430.62807,  2.438125E-3,   436.04265, 6.231249E-12,   165.23110,          NaN,         NaN
  3264.2,  2.569602E-4,   431.34865,  2.441964E-3,   436.71549, 6.264854E-12,   164.88381,          NaN,         NaN
  3269.2,  2.392750E-4,   431.93410,  2.402967E-3,   437.33474, 9.111332E-12,   165.82553,          NaN,         NaN
  3274.2,  2.905902E-4,   432.28079,  2.381435E-3,   437.97047, 8.037787E-12,   166.72440,          NaN,         NaN
  3279.2,  2.819187E-4,   433.13153,  2.376064E-3,   438.59356, 1.182554E-11,   165.37109,          NaN,         NaN
  3284.2,  3.092876E-4,   433.81074,  2.391052E-3,   439.24162, 1.170628E-11,   166.65418,          NaN,         NaN
  3289.2,  3.148828E-4,   434.48098,  2.267701E-3,   439.91620, 9.733383E-12,   168.15423,          NaN,         NaN
  3294.2,  2.408023E-4,   434.97305,  2.130851E-3,   440.57496, 6.655310E-12,   169.05756,          NaN,         NaN
  3299.2,  2.905317E-4,   435.68435,  2.132784E-3,   441.23497, 7.694575E-12,   169.82746,          NaN,         NaN
  3304.2,  2.647769E-4,   436.47296,  2.040694E-3,   442.00032, 9.269500E-12,   170.77702,          NaN,         NaN
  3309.2,  2.418604E-4,   437.17362,  1.812909E-3,   442.90924, 6.645291E-12,   170.73489,          NaN,         NaN
  3314.2,  1.878514E-4,   438.01153,  1.498302E-3,   443.98205, 8.581842E-12,   171.98264,          NaN,         NaN
  3319.2,  5.785902E-5,   439.12906,  8.043993E-4,   445.46353, 1.532812E-11,   173.78702,          NaN,         NaN
  3324.2,  7.198401E-5,   438.34600,  8.851959E-5,   448.46665, 6.845739E-12,   173.53879,          NaN,         NaN
  3329.2,  6.848449E-5,   438.78363,  1.067343E-5,   451.00655, 1.284387E-11,   174.14060,          NaN,         NaN
  3334.2,  6.086887E-5,   439.24316,  7.267165E-5,   450.06395, 1.058414E-11,   173.14439,          NaN,         NaN
  3339.2,  1.223401E-4,   440.22639,  6.006328E-4,   452.24132, 1.072755E-11,   171.83053,          NaN,         NaN
  3344.2,  1.123206E-4,   441.91984,  1.245540E-3,   454.02159, 1.401414E-11,   172.04234,          NaN,         NaN
  3349.2,  1.723411E-4,   443.44697,  1.641088E-3,   455.27995, 1.033891E-11,   170.80853,          NaN,         NaN
  3354.2,  1.695867E-4,   444.37336,  1.910235E-3,   456.24047, 1.232221E-11,   172.42626,          NaN,         NaN
  3359.2,  1.709703E-4,   445.62869,  2.066984E-3,   457.10338, 8.203310E-12,   172.08399,          NaN,         NaN
  3364.2,  1.746912E-4,   446.12147,  2.202355E-3,   457.81817, 1.269286E-11,   172.32468,          NaN,         NaN
  3369.2,  1.701231E-4,   446.82147,  2.222295E-3,   458.51362, 6.092334E-12,   171.35376,          NaN,         NaN
  3374.2,  2.501602E-4,   447.42037,  2.296960E-3,   459.16400, 8.902532E-12,   172.08016,          NaN,         NaN
  3379.2,  2.144940E-4,   447.84559,  2.374739E-3,   459.77828, 9.187257E-12,   170.41053,          NaN,         NaN
  3384.2,  2.443881E-4,   448.83709,  2.311641E-3,   460.39651, 9.132002E-12,   169.98966,          NaN,         NaN
  3389.2,  2.325789E-4,   449.24700,  2.340611E-3,   460.98290, 1.292800E-11,   171.04718,          NaN,         NaN
  3394.2,  2.678052E-4,   449.76282,  2.416420E-3,   461.55904, 1.260869E-11,   172.04258,          NaN,         NaN
  3399.2,  2.500457E-4,   450.43687,  2.401517E-3,   462.15729, 1.362063E-11,   174.17839,          NaN,         NaN
  3404.1,  2.950933E-4,   450.98213,  2.343997E-3,   462.73173, 7.150997E-12,   175.01363,          NaN,         NaN
  3409.1,  2.550836E-4,   451.64817,  2.318257E-3,   463.29026, 7.297178E-12,   175.70542,          NaN,         NaN
  3414.1,  2.671093E-4,   451.99912,  2.257547E-3,   463.85205, 8.407747E-12,   177.20216,          NaN,         NaN
  3419.1,  2.470741E-4,   452.69432,  2.198116E-3,   464.40990, 6.730446E-12,   177.24303,          NaN,         NaN
  3424.1,  1.657960E-4,   453.26579,  2.137182E-3,   464.96953, 9.222619E-12,   175.89190,          NaN,         NaN
  3429.1,  1.947765E-4,   453.66999,  2.115403E-3,   465.46187, 6.553232E-12,   176.08954,          NaN,         NaN
  3434.1,  2.415795E-4,   454.15650,  2.043725E-3,   466.02669, 9.246773E-12,   177.32637,          NaN,         NaN
  3439.1,  2.347867E-4,   454.84257,  2.006899E-3,   466.59081, 9.547533E-12,   177.68375,          NaN,         NaN
  3444.1,  1.864878E-4,   455.30683,  2.001099E-3,   467.10683, 6.827902E-12,   177.99111,          NaN,         NaN
  3449.1,  1.903951E-4,   455.70937,  1.966580E-3,   467.62212, 4.843989E-12,   177.83992,          NaN,         NaN
  3454.1,  2.265394E-4,   456.47961,  2.015023E-3,   468.19568, 1.193228E-11,   177.93968,          NaN,         NaN
  3459.1,  2.255195E-4,   456.81371,  2.057282E-3,   468.74165, 1.037952E-11,   176.97220,          NaN,         NaN
  3464.1,  1.790128E-4,   457.53508,  1.925751E-3,   469.34173, 4.460161E-12,   177.40469,          NaN,         NaN
  3469.1,  1.799480E-4,   458.03098,  1.913155E-3,   469.90760, 6.738045E-12,   177.65957,          NaN,         NaN
  3474.1,  2.213202E-4,   458.45118,  1.924874E-3,   470.49176, 6.917526E-12,   178.27341,          NaN,         NaN
  3479.1,  1.983561E-4,   459.00066,  1.859769E-3,   471.10917, 7.583094E-12,   178.83967,          NaN,         NaN
  3484.1,  2.688168E-4,   459.65229,  1.827362E-3,   471.77056, 7.137219E-12,   178.23348,          NaN,         NaN
  3489.1,  1.547734E-4,   460.72663,  1.573212E-3,   472.67122, 6.390682E-12,   178.08678,          NaN,         NaN
  3494.1,  9.247522E-5,   461.37920,  2.910641E-4,   472.94507, 8.813280E-12,   177.86833,          NaN,         NaN
  3499.1,  9.521022E-5,   460.86348,  1.316912E-3,   472.65954, 1.054656E-11,   179.63115,          NaN,         NaN
  3504.1,  9.931622E-5,   461.41504,  1.444818E-3,   473.61908, 1.700485E-11,   178.40282,          NaN,         NaN
  3509.1,  9.241665E-5,   462.01265,  1.305631E-3,   474.10245, 1.239571E-11,   178.89411,          NaN,         NaN
  3514.1,  1.259322E-4,   462.84226,  1.581721E-3,   474.84019, 1.658768E-11,   180.82890,          NaN,         NaN
  3519.1,  6.637766E-5,   463.74713,  1.548122E-3,   475.71387, 6.194459E-12,   180.06686,          NaN,         NaN
  3524.1,  6.157379E-5,   464.41745,  1.348210E-3,   476.67831, 7.949721E-12,   180.14346,          NaN,         NaN
  3529.1,  2.093317E-5,   464.38047,  7.829426E-4,   478.07611, 8.597549E-12,   179.60118,          NaN,         NaN
  3534.1,  7.929762E-5,   464.02302,  2.543130E-5,   480.82840, 1.016990E-11,   178.20862,          NaN,         NaN
  3539.1,  6.435253E-5,   464.02129,  4.423956E-4,   481.25028, 9.105513E-12,   180.05879,          NaN,         NaN
  3544.1,  1.201896E-4,   464.71694,  1.113354E-3,   482.88253, 1.319272E-11,   180.87466,          NaN,         NaN
  3549.1,  1.112974E-4,   465.90030,  1.303024E-3,   484.00770, 1.215715E-11,   181.97567,          NaN,         NaN
  3554.1,  1.368864E-4,   466.53637,  1.342600E-3,   484.88188, 7.732538E-12,   180.42098,          NaN,         NaN
  3559.1,  1.247292E-4,   467.55981,  1.342544E-3,   485.76859, 1.012615E-11,   179.98128,          NaN,         NaN
  3564.1,  1.288648E-4,   468.11264,  1.291409E-3,   486.59662, 1.127044E-11,   178.68629,          NaN,         NaN
  3569.1,  8.515434E-5,   469.46863,  1.256733E-3,   487.48338, 8.103034E-12,   178.91781,          NaN,         NaN
  3574.1,  1.062031E-4,   470.33195,  1.197034E-3,   488.44494, 5.668026E-12,   177.71566,          NaN,         NaN
  3579.1,  7.107377E-5,   471.62678,  1.025832E-3,   489.60194, 5.783707E-12,   176.59523,          NaN,         NaN
  3584.1,  4.828885E-5,   472.90254,  8.589849E-4,   491.00770, 8.411784E-12,   174.77794,          NaN,         NaN
  3589.1,  4.878205E-5,   473.27594,  3.841647E-4,   493.07313, 5.847634E-12,   175.20187,          NaN,         NaN
  3594.1,  4.661572E-5,   474.47420,  6.938543E-5,   491.68787, 5.961769E-12,   175.20432,          NaN,         NaN
  3599.1,  7.555769E-5,   474.99379,  6.840822E-6,   493.84520, 6.873780E-12,   173.75510,          NaN,         NaN
  3604.1,  5.416184E-5,   476.04118,  7.002823E-5,   491.84890, 9.330988E-12,   173.04004,          NaN,         NaN
  3609.1,  7.455258E-5,   477.01093,  1.831281E-4,   489.07817, 5.526215E-12,   173.08463,          NaN,         NaN
  3614.1,  7.225305E-5,   476.84934,  3.310412E-4,   488.47179, 8.600621E-12,   172.20662,          NaN,         NaN
  3619.1,  9.949303E-5,   477.47293,  7.472747E-4,   490.79078, 5.181292E-12,   172.73128,          NaN,         NaN
  3624.1,  4.343293E-5,   478.69812,  7.952013E-4,   492.70909, 1.711445E-11,   173.15015,          NaN,         NaN
  3629.1,  7.135045E-5,   480.83063,  7.236273E-4,   494.64424, 1.118622E-11,   174.43357,          NaN,         NaN
  3634.1,  8.988865E-5,   480.67478,  4.778544E-4,   496.79519, 1.055135E-11,   172.48355,          NaN,         NaN
  3639.1,  7.770075E-5,   482.27025,  2.339592E-4,   499.69363, 8.986244E-12,   174.12378,          NaN,         NaN
  3644.1,  6.404327E-5,   480.50717,  4.452310E-5,   496.87452, 7.211381E-12,   175.30993,          NaN,         NaN
  3649.1,  9.718459E-5,   482.30717,  3.186088E-5,   497.32811, 8.840254E-12,   175.06139,          NaN,         NaN
  3654.1,  8.027236E-5,   483.07844,  3.484721E-5,   498.54025, 6.967225E-12,   175.92657,          NaN,         NaN
  3659.1,  3.757745E-5,   484.62258,  4.979342E-5,   500.34879, 1.220935E-11,   177.30841,          NaN,         NaN
  3664.1,  6.411501E-5,   483.09970,  7.404884E-5,   500.71869, 6.918086E-12,   175.76448,          NaN,         NaN
  3669.1,  5.029171E-5,   484.51474,  2.950324E-4,   498.63165, 1.167511E-11,   177.36341,          NaN,         NaN
  3674.1,  6.917099E-5,   484.91484,  5.082140E-4,   501.15796, 7.615542E-12,   177.41495,          NaN,         NaN
  3679.1,  4.909053E-5,   486.49531,  3.901298E-4,   503.36397, 4.749366E-12,   177.89324,          NaN,         NaN
  3684.1,  5.592701E-5,   487.32797,  4.634588E-4,   503.94501, 8.790476E-12,   178.95401,          NaN,         NaN
  3689.1,  5.674259E-5,   488.55534,  1.430666E-4,   505.90768, 1.650556E-11,   177.55858,          NaN,         NaN
  3694.1,  6.333104E-5,   486.46072,  5.817548E-4,   504.97182, 9.348234E-12,   175.34133,          NaN,         NaN
  3699.1,  2.257942E-5,   487.14551,  9.065346E-4,   506.44360, 9.377629E-12,   176.64264,          NaN,         NaN
  3704.1,  6.353209E-5,   488.20289,  1.020270E-3,   507.53744, 1.179867E-11,   174.71385,          NaN,         NaN
  3709.1,  8.203057E-5,   488.83077,  1.048032E-3,   508.52381, 9.636430E-12,   176.49408,          NaN,         NaN
  3714.1,  6.726055E-5,   490.16813,  1.047532E-3,   509.35886, 7.924848E-12,   175.63697,          NaN,         NaN
  3719.1,  6.115190E-5,   490.80545,  8.182186E-4,   510.13735, 7.940022E-12,   175.16401,          NaN,         NaN
  3724.1,  6.006822E-5,   490.54961,  1.091941E-3,   510.75365, 9.762001E-12,   174.66873,          NaN,         NaN
  3729.1,  6.765585E-5,   492.13351,  1.081082E-3,   511.63987, 5.223194E-12,   175.18696,          NaN,         NaN
  3734.1,  1.020061E-4,   492.28472,  9.242318E-4,   512.50387, 6.846523E-12,   174.51842,          NaN,         NaN
  3739.1,  1.024764E-4,   493.06118,  1.039278E-3,   513.02668, 1.013938E-11,   173.72363,          NaN,         NaN
  3744.1,  5.812793E-5,   493.70691,  1.028350E-3,   513.86716, 6.920531E-12,   173.84907,          NaN,         NaN
  3749.1,  6.219460E-5,   494.33312,  9.962402E-4,   514.67739, 1.099191E-11,   173.79315,          NaN,         NaN
  3754.1,  4.422815E-5,   495.37358,  9.748318E-4,   515.54424, 5.397101E-12,   173.20625,          NaN,         NaN
  3759.1,  8.527745E-5,   496.18567,  9.260222E-4,   516.43339, 9.392020E-12,   173.31612,          NaN,         NaN
  3764.1,  6.895272E-5,   496.16621,  8.556965E-4,   517.37527, 6.337837E-12,   174.58301,          NaN,         NaN
  3769.1,  3.716151E-5,   497.46120,  7.702615E-4,   518.41544, 7.388877E-12,   175.12960,          NaN,         NaN
  3774.1,  7.526376E-5,   498.19593,  6.755622E-4,   519.70106, 6.769955E-12,   175.45923,          NaN,         NaN
  3779.1,  6.284939E-5,   497.85473,  5.484284E-4,   521.18828, 8.625845E-12,   175.81673,          NaN,         NaN
  3784.1,  6.614160E-5,   498.24173,  4.196375E-4,   523.10138, 5.623025E-12,   175.36300,          NaN,         NaN
  3789.1,  4.543748E-5,   499.80896,  1.506490E-4,   525.72823, 8.273488E-12,   175.91800,          NaN,         NaN
  3794.1,  4.366804E-5,   500.38678,  3.256837E-5,   524.41996, 1.140379E-11,   174.57733,          NaN,         NaN
  3799.1,  2.414331E-5,   502.02510,  3.726688E-5,   525.55989, 1.042733E-11,   176.50701,          NaN,         NaN
  3804.0,  4.097255E-5,   502.66805,  1.993854E-5,   527.65091, 6.801786E-12,   176.13883,          NaN,         NaN
  3809.0,  4.122940E-5,   504.65859,  2.040976E-5,   530.08980, 9.942296E-12,   175.51576,          NaN,         NaN
  3814.0,  3.292955E-5,   505.31987,  2.712934E-5,   531.36660, 6.564151E-12,   177.18745,          NaN,         NaN
  3819.0,  3.391582E-5,   505.83792,  9.152393E-5,   529.23564, 8.542010E-12,   176.13769,          NaN,         NaN
  3824.0,  8.129878E-5,   506.96796,  3.416366E-4,   532.17547, 9.111345E-12,   175.86897,          NaN,         NaN
  3829.0,  4.828758E-5,   507.52582,  4.053546E-4,   534.28987, 1.456326E-11,   176.30177,          NaN,         NaN
  3834.0,  4.743096E-5,   507.37938,  4.871211E-4,   535.70791, 5.430107E-12,   174.55755,          NaN,         NaN
  3839.0,  7.175373E-5,   507.19739,  5.400207E-4,   537.06427, 5.086261E-12,   174.86634,          NaN,         NaN
  3844.0,  8.498510E-5,   507.95011,  5.820506E-4,   538.37295, 1.473167E-11,   175.68764,          NaN,         NaN
  3849.0,  7.388334E-5,   508.70768,  4.291001E-4,   539.70419, 6.511893E-12,   176.59347,          NaN,         NaN
  3854.0,  5.753589E-5,   510.40297,  4.760992E-5,   540.06856, 1.456574E-11,   176.43412,          NaN,         NaN
  3859.0,  4.817339E-5,   509.62791,  4.458794E-4,   539.78032, 7.017241E-12,   177.34029,          NaN,         NaN
  3864.0,  6.630997E-5,   509.94647,  6.295126E-4,   540.89570, 8.490365E-12,   178.95673,          NaN,         NaN
  3869.0,  5.671096E-5,   510.73021,  6.736796E-4,   541.78720, 7.962833E-12,   180.81260,          NaN,         NaN
  3874.0,  7.510322E-5,   511.36809,  7.170095E-4,   542.54692, 7.313378E-12,   179.42284,          NaN,         NaN
  3879.0,  5.190586E-5,   512.56555,  7.963433E-4,   543.33617, 8.159372E-12,   179.20858,          NaN,         NaN
  3884.0,  7.262398E-5,   513.05218,  7.541094E-4,   544.12112, 8.101785E-12,   179.47282,          NaN,         NaN
  3889.0,  8.291631E-5,   512.88852,  7.625837E-4,   544.78836, 8.795305E-12,   179.10796,          NaN,         NaN
  3894.0,  3.896441E-5,   514.12737,  8.090085E-4,   545.51926, 8.267466E-12,   177.25347,          NaN,         NaN
  3899.0,  8.208151E-5,   513.64097,  7.813475E-4,   546.26285, 4.083545E-12,   176.25658,          NaN,         NaN
  3904.0,  6.259562E-5,   515.36065,  7.874199E-4,   547.02473, 9.816949E-12,   174.77381,          NaN,         NaN
  3909.0,  4.742914E-5,   515.50519,  7.424794E-4,   547.82146, 9.702328E-12,   173.34867,          NaN,         NaN
  3914.0,  4.061449E-5,   514.84121,  6.634601E-4,   548.77325, 1.096011E-11,   172.54984,          NaN,         NaN
  3919.0,  4.178175E-5,   516.73485,  4.080176E-4,   549.79967, 7.335093E-12,   171.20543,          NaN,         NaN
  3924.0,  2.859042E-5,   516.33370,  4.555806E-4,   549.54347, 7.752586E-12,   171.93220,          NaN,         NaN
  3929.0,  3.842164E-5,   517.20342,  5.254950E-4,   550.79863, 9.557080E-12,   170.91290,          NaN,         NaN
  3934.0,  5.593661E-5,   517.78714,  5.055139E-4,   552.01112, 5.056012E-12,   171.23530,          NaN,         NaN
  3939.0,  3.135031E-5,   518.23113,  3.782081E-4,   553.66753, 6.177029E-12,   171.84034,          NaN,         NaN
  3944.0,  2.908497E-5,   519.48912,  1.476497E-4,   556.14177, 1.044234E-11,   172.40517,          NaN,         NaN
  3949.0,  6.936322E-5,   518.48016,  3.541149E-5,   558.51989, 9.968149E-12,   174.12363,          NaN,         NaN
  3954.0,  5.512206E-5,   520.07811,  5.379496E-6,   558.29641, 6.853209E-12,   173.83269,          NaN,         NaN
  3959.0,  5.541099E-5,   520.82843,  7.557470E-5,   560.21884, 1.021472E-11,   175.20054,          NaN,         NaN
  3964.0,  3.896603E-5,   521.25144,  6.986280E-5,   558.20728, 1.007649E-11,   175.72848,          NaN,         NaN
  3969.0,  6.550458E-5,   522.71520,  3.533977E-5,   559.45689, 1.191266E-11,   175.61131,          NaN,         NaN
  3974.0,  4.676584E-5,   521.99779,  4.439864E-5,   559.75845, 6.987583E-12,   175.17036,          NaN,         NaN
  3979.0,  3.857949E-5,   521.67719,  4.784478E-5,   561.67063, 7.626804E-12,   175.14172,          NaN,         NaN
  3984.0,  4.357938E-5,   521.46616,  6.123826E-5,   562.09850, 5.642858E-12,   175.31908,          NaN,         NaN
  3989.0,  3.881231E-5,   522.56872,  5.524879E-5,   560.11505, 5.676218E-12,   174.15618,          NaN,         NaN
  3994.0,  5.288510E-5,   522.52989,  1.088127E-4,   562.91543, 7.003894E-12,   174.95239,          NaN,         NaN
  3999.0,  3.398997E-5,   521.82874,  1.395165E-5,   565.01027, 7.548262E-12,   173.90067,          NaN,         NaN
  4004.0,  8.047447E-5,   522.86983,  2.188547E-4,   563.03981, 7.390676E-12,   174.72643,          NaN,         NaN
  4009.0,  6.051530E-5,   523.39972,  3.439077E-4,   564.56227, 1.239111E-11,   174.61022,          NaN,         NaN
  4014.0,  1.261829E-4,   524.36607,  3.659969E-4,   565.82723, 4.905778E-12,   174.45664,          NaN,         NaN
  4019.0,  5.474416E-5,   525.79979,  3.100659E-4,   566.64849, 1.290505E-11,   175.24375,          NaN,         NaN
  4024.0,  6.526080E-5,   524.60216,  3.601115E-4,   567.43176, 8.357480E-12,   174.88243,          NaN,         NaN
  4029.0,  1.224558E-4,   525.83555,  4.012583E-4,   568.23092, 7.451402E-12,   176.14519,          NaN,         NaN
  4034.0,  6.284938E-5,   525.65826,  3.748630E-4,   569.10464, 1.185030E-11,   177.41098,          NaN,         NaN
  4039.0,  1.118334E-4,   526.78346,  3.834176E-4,   569.73624, 9.650421E-12,   178.03056,          NaN,         NaN
  4044.0,  7.891229E-5,   527.57881,  3.853290E-4,   570.58421, 9.620918E-12,   179.43081,          NaN,         NaN
  4049.0,  4.888316E-5,   528.69714,  3.589118E-4,   571.22980, 4.649080E-12,   179.16761,          NaN,         NaN
  4054.0,  3.754802E-5,   528.63609,  3.057598E-4,   571.60168, 5.893838E-12,   179.35842,          NaN,         NaN
  4059.0,  7.511817E-5,   528.55132,  3.688239E-4,   572.34672, 1.802705E-11,   180.22310,          NaN,         NaN
  4064.0,  5.024119E-5,   529.44262,  3.758834E-4,   573.15459, 1.270075E-11,   182.55533,          NaN,         NaN
  4069.0,  4.417770E-5,   530.33703,  2.503295E-4,   573.92676, 9.747117E-12,   184.07536,          NaN,         NaN
  4074.0,  4.559186E-5,   531.25999,  3.065612E-4,   574.05524, 1.022314E-11,   182.48107,          NaN,         NaN
  4079.0,  6.662158E-5,   530.68544,  3.650825E-4,   574.91820, 1.213825E-11,   181.12710,          NaN,         NaN
  4084.0,  9.526080E-5,   530.97840,  3.206788E-4,   575.67707, 1.783645E-11,   182.98301,          NaN,         NaN
  4089.0,  3.471717E-5,   531.91220,  3.284633E-4,   576.12199, 7.971747E-12,   181.67300,          NaN,         NaN
  4094.0,  7.764637E-5,   531.44978,  3.982119E-4,   577.00589, 5.928564E-12,   180.93639,          NaN,         NaN
  4099.0,  4.563563E-5,   532.55947,  3.259845E-4,   577.77071, 1.146758E-11,   180.97567,          NaN,         NaN
  4104.0,  5.962364E-5,   531.75837,  3.509799E-4,   578.42015, 5.903675E-12,   180.27015,          NaN,         NaN
  4109.0,  7.354479E-5,   533.04574,  3.351468E-4,   579.21054, 5.941986E-12,   180.85848,          NaN,         NaN
  4114.0,  6.526314E-5,   533.44652,  3.487759E-4,   579.93737, 1.171808E-11,   182.24338,          NaN,         NaN
  4119.0,  4.700420E-5,   533.37161,  3.147078E-4,   580.68274, 1.039559E-11,   182.72208,          NaN,         NaN
  4124.0,  4.846435E-5,   534.02575,  3.160558E-4,   581.68135, 6.300650E-12,   181.96250,          NaN,         NaN
  4129.0,  4.385355E-5,   534.13398,  3.366460E-4,   582.65947, 1.245335E-11,   182.84824,          NaN,         NaN
  4134.0,  6.816752E-5,   535.48426,  3.049290E-4,   583.61145, 6.245336E-12,   183.40441,          NaN,         NaN
  4139.0,  6.869301E-5,   536.77008,  2.795186E-4,   585.01781, 1.112943E-11,   183.44343,          NaN,         NaN
  4144.0,  3.925564E-5,   534.96906,  2.088033E-4,   586.74221, 1.419066E-11,   185.74233,          NaN,         NaN
  4149.0,  4.427674E-5,   536.07526,  9.304136E-5,   589.22165, 7.733066E-12,   185.42005,          NaN,         NaN
  4154.0,  4.738405E-5,   535.37252,  2.644837E-5,   592.14310, 1.443676E-11,   186.09991,          NaN,         NaN
  4159.0,  4.759431E-5,   536.82009,  1.876078E-5,   594.23161, 8.962365E-12,   186.94987,          NaN,         NaN
  4164.0,  4.048286E-5,   536.65295,  5.963993E-5,   596.84571, 1.680159E-11,   188.25440,          NaN,         NaN
  4169.0,  6.551417E-5,   536.49553,  7.675740E-5,   596.92552, 5.563689E-12,   188.35544,          NaN,         NaN
  4174.0,  4.499949E-5,   537.52447,  5.775267E-5,   598.55989, 1.258375E-11,   187.45719,          NaN,         NaN
  4179.0,  5.135216E-5,   537.05671,  7.637316E-5,   598.91170, 6.791407E-12,   187.17854,          NaN,         NaN
  4184.0,  5.570340E-5,   538.08577,  2.233246E-5,   600.22088, 1.080102E-11,   185.58558,          NaN,         NaN
  4189.0,  4.895645E-5,   538.09202,  4.442936E-5,   600.73928, 1.314025E-11,   186.92328,          NaN,         NaN
  4194.0,  8.420488E-5,   538.22884,  2.517359E-5,   600.25555, 7.828927E-12,   185.53368,          NaN,         NaN
  4199.0,  7.126662E-5,   539.13377,  9.218324E-5,   599.53895, 1.361824E-11,   186.73784,          NaN,         NaN
  4203.9,  4.748344E-5,   539.83524,  1.643152E-4,   601.84513, 1.272480E-11,   187.65298,          NaN,         NaN
  4208.9,  1.160410E-4,   540.47179,  6.889539E-5,   603.86024, 6.071073E-12,   186.05237,          NaN,         NaN
  4213.9,  5.516704E-5,   540.79753,  1.956916E-5,   603.97774, 7.578337E-12,   184.65928,          NaN,         NaN
  4218.9,  4.724117E-5,   541.10253,  2.594642E-5,   605.27256, 5.158118E-12,   183.57756,          NaN,         NaN
  4223.9,  4.311161E-5,   541.61123,  1.317557E-5,   606.54695, 9.461942E-12,   184.75254,          NaN,         NaN
  4228.9,  4.762512E-5,   540.47588,  1.658911E-4,   608.70238, 9.132227E-12,   182.89534,          NaN,         NaN
  4233.9,  3.934456E-5,   542.66126,  1.523053E-4,   610.60881, 7.260563E-12,   181.56166,          NaN,         NaN
  4238.9,  9.223892E-5,   542.64212,  2.783673E-5,   610.70686, 9.765916E-12,   181.74391,          NaN,         NaN
  4243.9,  3.721865E-5,   543.80054,  1.879175E-4,   609.78706, 1.159770E-11,   180.51627,          NaN,         NaN
  4248.9,  9.265079E-5,   543.04630,  3.000122E-4,   611.36833, 1.655361E-11,   178.74250,          NaN,         NaN
  4253.9,  8.028410E-5,   542.64168,  3.472964E-4,   612.44838, 1.162415E-11,   179.64704,          NaN,         NaN
  4258.9,  2.416386E-5,   543.27131,  3.021331E-4,   613.25221, 1.010686E-11,   178.99013,          NaN,         NaN
  4263.9,  6.738647E-5,   544.17301,  3.203280E-4,   613.95289, 7.787820E-12,   177.52460,          NaN,         NaN
  4268.9,  5.095655E-5,   544.87272,  2.857405E-4,   614.69989, 8.751773E-12,   179.02592,          NaN,         NaN
  4273.9,  6.883240E-5,   545.76184,  3.226609E-4,   615.44979, 8.069814E-12,   178.42533,          NaN,         NaN
  4278.9,  6.739801E-5,   545.29021,  2.848984E-4,   616.03340, 7.602140E-12,   177.49898,          NaN,         NaN
  4283.9,  4.246448E-5,   546.49758,  3.129455E-4,   616.69204, 1.720093E-11,   177.96017,          NaN,         NaN
  4288.9,  4.368276E-5,   546.68157,  2.588223E-4,   617.60305, 5.569313E-12,   179.45823,          NaN,         NaN
  4293.9,  8.979997E-5,   546.46540,  3.068924E-4,   617.94966, 7.173548E-12,   179.89707,          NaN,         NaN
  4298.9,  5.452878E-5,   547.24611,  2.833368E-4,   618.72111, 6.865636E-12,   180.15132,          NaN,         NaN
  4303.9,  1.091221E-4,   548.45011,  3.018670E-4,   619.39074, 8.220375E-12,   180.53027,          NaN,         NaN
  4308.9,  3.864544E-5,   550.60689,  2.798820E-4,   619.96849, 5.662222E-12,   181.10819,          NaN,         NaN
  4313.9,  5.431211E-5,   549.88233,  2.665832E-4,   620.75219, 5.292399E-12,   181.29877,          NaN,         NaN
  4318.9,  7.261268E-5,   549.54704,  2.371604E-4,   621.28735, 8.379167E-12,   179.88814,          NaN,         NaN
  4323.9,  3.954941E-5,   550.73515,  2.533310E-4,   622.01165, 8.986230E-12,   181.49757,          NaN,         NaN
  4328.9,  4.930732E-5,   550.63667,  2.683124E-4,   622.53209, 1.416045E-11,   182.85125,          NaN,         NaN
  4333.9,  2.515897E-5,   550.27197,  2.873305E-4,   623.20699, 1.053887E-11,   180.91864,          NaN,         NaN
  4338.9,  3.913273E-5,   549.74096,  2.930381E-4,   623.86922, 8.083427E-12,   181.25115,          NaN,         NaN
  4343.9,  4.820564E-5,   551.43436,  2.221818E-4,   624.44264, 1.356072E-11,   182.12876,          NaN,         NaN
  4348.9,  4.316998E-5,   549.91593,  2.555713E-4,   625.25703, 6.656169E-12,   180.56709,          NaN,         NaN
  4353.9,  3.414961E-5,   549.33722,  2.586357E-4,   625.60728, 1.129629E-11,   178.87134,          NaN,         NaN
  4358.9,  4.629975E-5,   549.10290,  2.764679E-4,   626.24726, 7.641529E-12,   177.68165,          NaN,         NaN
  4363.9,  4.959261E-5,   548.30183,  2.574809E-4,   627.03642, 5.561881E-12,   177.85684,          NaN,         NaN
  4368.9,  3.838926E-5,   547.79884,  3.050009E-4,   627.51414, 1.395608E-11,   178.46023,          NaN,         NaN
  4373.9,  4.786793E-5,   548.28612,  2.919498E-4,   628.39214, 6.832409E-12,   178.22411,          NaN,         NaN
  4378.9,  3.194241E-5,   547.92875,  2.439060E-4,   628.95257, 7.951990E-12,   179.12456,          NaN,         NaN
  4383.9,  4.324789E-5,   548.05509,  2.423706E-4,   629.74037, 8.517928E-12,   178.26281,          NaN,         NaN
  4388.9,  6.146174E-5,   548.26859,  2.171403E-4,   630.27650, 1.124632E-11,   178.89673,          NaN,         NaN
  4393.9,  7.117389E-5,   548.78562,  2.170056E-4,   631.01870, 6.664992E-12,   180.40282,          NaN,         NaN
  4398.9,  8.245385E-5,   548.27484,  2.372469E-4,   631.49116, 1.248576E-11,   180.96364,          NaN,         NaN
  4403.9,  3.217009E-5,   549.48387,  2.087291E-4,   632.37716, 9.627630E-12,   179.50011,          NaN,         NaN
  4408.9,  7.468792E-5,   549.39009,  2.092172E-4,   633.13414, 8.303819E-12,   178.50379,          NaN,         NaN
  4413.9,  6.312527E-5,   550.31602,  2.205883E-4,   633.94662, 6.030674E-12,   178.27433,          NaN,         NaN
  4418.9,  4.599075E-5,   550.55369,  2.101921E-4,   634.59406, 7.096747E-12,   178.49501,          NaN,         NaN
  4423.9,  2.318693E-5,   551.03057,  1.604580E-4,   635.80022, 1.190215E-11,   177.74064,          NaN,         NaN
  4428.9,  5.916034E-5,   551.85125,  1.892801E-4,   636.66224, 6.112178E-12,   178.09782,          NaN,         NaN
  4433.9,  4.172646E-5,   552.71044,  1.744682E-4,   637.66202, 1.307702E-11,   178.05670,          NaN,         NaN
  4438.9,  3.203501E-5,   554.18774,  1.420388E-4,   638.73915, 8.513512E-12,   178.39876,          NaN,         NaN
  4443.9,  5.469081E-5,   552.95698,  1.195351E-4,   640.33412, 1.145925E-11,   179.83659,          NaN,         NaN
  4448.9,  4.331047E-5,   551.88288,  6.923342E-5,   641.82781, 1.112695E-11,   179.66486,          NaN,         NaN
  4453.9,  3.101038E-5,   549.83750,  2.089385E-5,   639.84348, 1.080343E-11,   181.04233,          NaN,         NaN
  4458.9,  3.464531E-5,   549.71177,  4.138724E-5,   641.67945, 1.270206E-11,   183.32740,          NaN,         NaN
  4463.9,  4.023953E-5,   548.98535,  4.045402E-5,   642.04327, 1.237363E-11,   181.95841,          NaN,         NaN
  4468.9,  5.980653E-5,   550.17053,  4.602849E-5,   644.06422, 9.828566E-12,   182.96818,          NaN,         NaN
  4473.9,  3.864200E-5,   551.00031,  4.526193E-5,   645.19322, 1.113340E-11,   183.76113,          NaN,         NaN
  4478.9,  4.290539E-5,   549.82832,  1.768399E-5,   644.05319, 9.905111E-12,   182.20303,          NaN,         NaN
  4483.9,  4.412003E-5,   551.61161,  7.301597E-5,   642.81042, 8.469217E-12,   182.76894,          NaN,         NaN
  4488.9,  6.493896E-5,   551.17940,  4.049899E-5,   645.67312, 7.964558E-12,   184.15956,          NaN,         NaN
  4493.9,  6.897451E-5,   552.78902,  2.816573E-5,   646.03940, 9.192940E-12,   185.19078,          NaN,         NaN
  4498.9,  7.030712E-5,   554.40733,  8.546003E-6,   644.31277, 9.718281E-12,   185.87095,          NaN,         NaN
  4503.9,  4.465013E-5,   554.11223,  3.950219E-5,   644.77397, 6.349644E-12,   184.75693,          NaN,         NaN
  4508.9,  3.553989E-5,   553.76695,  1.955249E-5,   646.79720, 4.101207E-12,   185.57755,          NaN,         NaN
  4513.9,  3.190854E-5,   555.14521,  3.680568E-5,   645.88095, 7.116805E-12,   184.52724,          NaN,         NaN
  4518.9,  3.852220E-5,   554.62276,  3.733654E-5,   647.76084, 8.657907E-12,   185.16265,          NaN,         NaN
  4523.9,  3.915194E-5,   556.36821,  2.023758E-5,   646.02458, 5.319197E-12,   186.61431,          NaN,         NaN
  4528.9,  7.026503E-5,   555.56555,  1.671420E-5,   645.50705, 9.017313E-12,   185.93402,          NaN,         NaN
  4533.9,  3.983326E-5,   553.93939,  3.323480E-5,   645.77714, 8.232186E-12,   185.25326,          NaN,         NaN
  4538.9,  2.157837E-5,   553.87263,  2.457757E-5,   643.94585, 5.307412E-12,   185.78618,          NaN,         NaN
  4543.9,  1.013000E-4,   552.73105,  2.023603E-5,   643.71256, 7.247722E-12,   186.21361,          NaN,         NaN
  4548.9,  2.897787E-5,   553.12716,  7.251079E-5,   641.20572, 6.644878E-12,   185.07392,          NaN,         NaN
  4553.9,  5.187204E-5,   553.51187,  6.616909E-5,   642.97741, 1.126086E-11,   186.41090,          NaN,         NaN
  4558.9,  6.249457E-5,   554.22859,  5.990017E-5,   645.31159, 8.827612E-12,   187.18788,          NaN,         NaN
  4563.9,  2.615351E-5,   553.15667,  7.436592E-5,   647.06563, 7.827079E-12,   187.98460,          NaN,         NaN
  4568.9,  3.072945E-5,   553.11975,  9.128194E-5,   648.75443, 9.700099E-12,   186.78024,          NaN,         NaN
  4573.9,  6.400157E-5,   553.05504,  6.968187E-5,   649.81372, 9.036174E-12,   185.97301,          NaN,         NaN
  4578.9,  3.935221E-5,   552.27991,  6.852774E-5,   651.70887, 6.377276E-12,   185.17300,          NaN,         NaN
  4583.9,  5.920648E-5,   552.98617,  6.049658E-5,   654.14300, 6.568720E-12,   185.50107,          NaN,         NaN
  4588.9,  3.987585E-5,   552.58412,  2.053852E-5,   656.74596, 1.264521E-11,   185.42311,          NaN,         NaN
  4593.9,  3.922302E-5,   553.72376,  3.617894E-5,   655.37901, 5.816797E-12,   186.43752,          NaN,         NaN
  4598.9,  2.594504E-5,   555.22028,  2.683623E-5,   655.24874, 6.541097E-12,   187.80720,          NaN,         NaN
  4603.8,  5.229503E-5,   554.89793,  2.613646E-5,   655.74336, 7.826518E-12,   187.60089,          NaN,         NaN
  4608.8,  6.255667E-5,   555.19359,  5.277674E-5,   656.98792, 5.916530E-12,   187.54795,          NaN,         NaN
  4613.8,  5.049559E-5,   556.37273,  3.803753E-5,   659.32827, 9.745323E-12,   187.51533,          NaN,         NaN
  4618.8,  3.022905E-5,   555.37269,  3.620821E-5,   661.72157, 1.000177E-11,   187.92696,          NaN,         NaN
  4623.8,  5.364930E-5,   553.90322,  9.671975E-5,   663.27093, 1.119908E-11,   188.72070,          NaN,         NaN
  4628.8,  3.515600E-5,   554.55026,  1.208352E-4,   664.33710, 5.418343E-12,   189.10479,          NaN,         NaN
  4633.8,  9.899180E-5,   555.61459,  1.029366E-4,   665.36379, 1.055991E-11,   190.29581,          NaN,         NaN
  4638.8,  6.634527E-5,   555.44126,  1.067665E-4,   666.19894, 6.068962E-12,   189.28983,          NaN,         NaN
  4643.8,  6.680474E-5,   556.41734,  1.332213E-4,   667.22092, 5.844806E-12,   187.82284,          NaN,         NaN
  4648.8,  3.680419E-5,   556.19737,  1.292508E-4,   667.83406, 1.063216E-11,   187.53377,          NaN,         NaN
  4653.8,  7.261809E-5,   557.87490,  1.297933E-4,   668.74807, 1.251483E-11,   189.09209,          NaN,         NaN
  4658.8,  9.026774E-5,   558.09497,  1.018522E-4,   669.41764, 8.265422E-12,   187.48858,          NaN,         NaN
  4663.8,  4.074833E-5,   558.20006,  1.217561E-4,   670.58174, 8.824332E-12,   186.84966,          NaN,         NaN
  4668.8,  6.539571E-5,   559.12433,  5.669920E-5,   670.90071, 1.170924E-11,   187.27394,          NaN,         NaN
  4673.8,  5.616837E-5,   558.84561,  8.021877E-5,   672.14294, 1.364569E-11,   188.98940,          NaN,         NaN
  4678.8,  5.193803E-5,   559.99078,  4.282435E-5,   674.11944, 9.484987E-12,   187.47870,          NaN,         NaN
  4683.8,  5.007428E-5,   560.47504,  1.851155E-5,   675.41408, 9.383698E-12,   188.16945,          NaN,         NaN
  4688.8,  6.545964E-5,   560.26781,  4.468097E-5,   677.07607, 1.281162E-11,   189.01336,          NaN,         NaN
  4693.8,  8.415689E-5,   560.90416,  3.000806E-5,   679.42152, 1.509909E-11,   190.70734,          NaN,         NaN
  4698.8,  7.211690E-5,   561.82669,  4.672430E-5,   681.67012, 1.239807E-11,   193.00223,          NaN,         NaN
  4703.8,  3.477142E-5,   562.63043,  1.087940E-4,   683.08941, 1.024108E-11,   192.77401,          NaN,         NaN
  4708.8,  4.327424E-5,   561.67174,  4.120993E-5,   684.53301, 7.431257E-12,   193.87993,          NaN,         NaN
  4713.8,  4.886032E-5,   562.74926,  6.223544E-5,   685.52930, 8.557420E-12,   193.83704,          NaN,         NaN
  4718.8,  8.083197E-5,   562.16114,  6.913916E-5,   685.39143, 4.478503E-12,   192.69661,          NaN,         NaN
  4723.8,  9.089312E-5,   563.72339,  4.587520E-5,   685.56598, 9.310523E-12,   191.23403,          NaN,         NaN
  4728.8,  3.518932E-5,   564.31099,  5.072588E-5,   686.23888, 1.190051E-11,   192.82333,          NaN,         NaN
  4733.8,  5.555737E-5,   565.45920,  5.256165E-5,   687.46552, 5.503712E-12,   192.46554,          NaN,         NaN
  4738.8,  5.794206E-5,   564.30997,  2.638639E-5,   687.57980, 8.738201E-12,   191.21869,          NaN,         NaN
  4743.8,  4.961104E-5,   565.53192,  5.909531E-5,   687.63869, 7.361187E-12,   191.78758,          NaN,         NaN
  4748.8,  8.667555E-5,   566.64362,  4.131741E-5,   690.10273, 1.206859E-11,   191.65739,          NaN,         NaN
  4753.8,  1.101245E-4,   566.92810,  1.135265E-5,   689.45079, 1.097850E-11,   191.41479,          NaN,         NaN
  4758.8,  5.761195E-5,   568.16815,  8.281245E-5,   688.75584, 8.869447E-12,   191.24524,          NaN,         NaN
  4763.8,  4.953600E-5,   567.60634,  3.613887E-5,   688.30008, 1.383003E-11,   193.03535,          NaN,         NaN
  4768.8,  6.404311E-5,   569.09912,  8.640819E-5,   689.35035, 7.439096E-12,   194.28843,          NaN,         NaN
  4773.8,  4.244930E-5,   570.04949,  1.151771E-4,   690.63533, 1.627820E-11,   193.44279,          NaN,         NaN
  4778.8,  3.990393E-5,   571.03696,  7.526335E-5,   690.90943, 7.439214E-12,   193.44041,          NaN,         NaN
  4783.8,  4.218889E-5,   571.27947,  9.354614E-5,   692.30723, 6.979120E-12,   193.67671,          NaN,         NaN
  4788.8,  2.618709E-5,   570.48199,  5.663203E-5,   692.72118, 1.164472E-11,   193.69862,          NaN,         NaN
  4793.8,  5.311557E-5,   570.23733,  7.332293E-5,   693.01709, 7.642060E-12,   192.67537,          NaN,         NaN
  4798.8,  3.379063E-5,   571.31555,  4.860992E-5,   693.68217, 1.549967E-11,   194.72178,          NaN,         NaN
  4803.8,  2.737161E-5,   571.43851,  9.293811E-5,   693.69039, 5.561192E-12,   194.31625,          NaN,         NaN
  4808.8,  7.341981E-5,   570.59894,  7.931024E-5,   694.79187, 6.133902E-12,   194.02091,          NaN,         NaN
  4813.8,  4.940120E-5,   571.90364,  8.496102E-5,   695.46986, 9.251505E-12,   193.18877,          NaN,         NaN
  4818.8,  3.106776E-5,   573.29630,  7.582779E-5,   696.55477, 8.019461E-12,   192.45389,          NaN,         NaN
  4823.8,  4.343610E-5,   574.18384,  9.440807E-5,   697.02632, 9.534863E-12,   193.35554,          NaN,         NaN
  4828.8,  4.337641E-5,   572.55558,  4.515317E-5,   697.74091, 6.589409E-12,   193.22434,          NaN,         NaN
  4833.8,  2.690053E-5,   573.66083,  3.726018E-5,   697.81384, 7.737458E-12,   192.52469,          NaN,         NaN
  4838.8,  3.561512E-5,   573.82845,  4.364194E-5,   698.97868, 7.893136E-12,   192.07825,          NaN,         NaN
  4843.8,  3.333824E-5,   573.69455,  6.946851E-5,   699.82375, 5.220935E-12,   192.13686,          NaN,         NaN
  4848.8,  4.132030E-5,   574.10835,  4.519579E-5,   700.12906, 1.166685E-11,   191.78869,          NaN,         NaN
  4853.8,  7.687097E-5,   574.59544,  4.690221E-5,   701.71770, 9.729870E-12,   191.36934,          NaN,         NaN
  4858.8,  6.189401E-5,   576.34986,  3.606713E-5,   702.73814, 7.750653E-12,   193.33080,          NaN,         NaN
  4863.8,  5.507949E-5,   576.72314,  4.152114E-5,   702.77857, 6.073042E-12,   194.52424,          NaN,         NaN
  4868.8,  4.540522E-5,   576.36120,  4.671048E-5,   702.90965, 7.561659E-12,   193.10271,          NaN,         NaN
  4873.8,  9.559495E-5,   578.06697,  5.543473E-5,   703.99343, 1.289553E-11,   192.09104,          NaN,         NaN
  4878.8,  6.697874E-5,   578.79005,  3.513159E-5,   704.65215, 6.110578E-12,   192.72553,          NaN,         NaN
  4883.8,  4.406057E-5,   578.14425,  5.214254E-5,   705.50154, 5.618758E-12,   194.00621,          NaN,         NaN
  4888.8,  5.028742E-5,   578.04147,  5.556456E-5,   704.85913, 1.036860E-11,   194.64059,          NaN,         NaN
  4893.8,  6.055444E-5,   578.69597,  8.444734E-5,   706.30147, 1.091812E-11,   193.37690,          NaN,         NaN
  4898.8,  6.381485E-5,   579.50215,  7.666155E-5,   706.76935, 1.073371E-11,   191.51905,          NaN,         NaN
  4903.8,  4.398218E-5,   580.58297,  6.280873E-5,   707.26060, 5.233830E-12,   190.86150,          NaN,         NaN
  4908.8,  5.029028E-5,   579.36226,  7.406843E-5,   707.61189, 6.975248E-12,   192.12393,          NaN,         NaN
  4913.8,  5.935327E-5,   580.21618,  5.282001E-5,   708.62630, 9.972442E-12,   192.65489,          NaN,         NaN
  4918.8,  2.968680E-5,   581.88598,  6.623785E-5,   708.99444, 1.095424E-11,   192.20447,          NaN,         NaN
  4923.8,  7.114313E-5,   582.07830,  6.236303E-5,   709.70864, 6.001388E-12,   194.06328,          NaN,         NaN
  4928.8,  1.733299E-5,   583.86564,  4.709706E-5,   709.36295, 1.213163E-11,   195.55697,          NaN,         NaN
  4933.8,  6.170518E-5,   583.86322,  5.681188E-5,   710.57901, 7.520540E-12,   196.96008,          NaN,         NaN
  4938.8,  3.263691E-5,   583.25479,  8.743577E-5,   711.02212, 8.444851E-12,   196.61862,          NaN,         NaN
  4943.8,  4.102622E-5,   583.39604,  4.708213E-5,   711.82756, 1.222418E-11,   196.06811,          NaN,         NaN
  4948.8,  3.823240E-5,   583.24627,  8.057452E-5,   711.75725, 7.867934E-12,   198.01898,          NaN,         NaN
  4953.8,  7.610928E-5,   584.79173,  6.237304E-5,   713.28645, 9.741490E-12,   199.68085,          NaN,         NaN
  4958.8,  3.660367E-5,   584.53456,  4.797633E-5,   713.91287, 1.174954E-11,   197.42617,          NaN,         NaN
  4963.8,  3.025186E-5,   584.94168,  1.797017E-5,   713.78597, 8.680507E-12,   196.63670,          NaN,         NaN
  4968.8,  5.451431E-5,   586.44867,  4.804264E-5,   713.77023, 8.270652E-12,   195.82611,          NaN,         NaN
  4973.8,  5.103183E-5,   586.94896,  8.827014E-5,   714.81366, 5.437001E-12,   195.11993,          NaN,         NaN
  4978.8,  5.896590E-5,   587.51139,  3.472537E-5,   715.64821, 1.616588E-11,   196.78110,          NaN,         NaN
  4983.8,  5.118474E-5,   588.62723,  4.920680E-5,   716.34380, 1.019469E-11,   195.60900,          NaN,         NaN
  4988.8,  2.804736E-5,   589.88596,  3.811403E-5,   718.20996, 1.079915E-11,   194.36205,          NaN,         NaN
  4993.8,  3.930794E-5,   590.08364,  4.429347E-5,   717.15489, 7.233967E-12,   195.74572,          NaN,         NaN
  4998.8,  3.357339E-5,   588.73169,  1.782304E-5,   719.77651, 9.451981E-12,   197.24692,          NaN,         NaN
  5003.7,  7.070092E-5,   590.30686,  8.493946E-6,   720.93417, 7.473706E-12,   196.18923,          NaN,         NaN
  5008.7,  4.487139E-5,   590.93939,  2.701611E-5,   722.52303, 5.301598E-12,   195.20628,          NaN,         NaN
  5013.7,  3.403620E-5,   590.44385,  4.808082E-5,   722.86196, 9.940856E-12,   196.04611,          NaN,         NaN
  5018.7,  6.568029E-5,   590.80088,  2.701157E-5,   723.36086, 1.141406E-11,   197.79482,          NaN,         NaN
  5023.7,  2.953130E-5,   590.53963,  6.079977E-5,   724.32318, 5.407903E-12,   197.99501,          NaN,         NaN
  5028.7,  6.041973E-5,   590.61271,  7.784637E-5,   724.78050, 1.113282E-11,   198.66854,          NaN,         NaN
  5033.7,  2.927131E-5,   591.79805,  7.191187E-5,   726.34810, 7.645276E-12,   199.43087,          NaN,         NaN
  5038.7,  6.129322E-5,   591.25843,  4.491391E-5,   726.52487, 9.237854E-12,   199.30759,          NaN,         NaN
  5043.7,  5.500439E-5,   591.84739,  3.958471E-5,   727.09595, 8.910740E-12,   198.51108,          NaN,         NaN
  5048.7,  6.140775E-5,   591.67130,  4.418439E-5,   727.99203, 8.051605E-12,   200.15649,          NaN,         NaN
  5053.7,  4.835520E-5,   593.15910,  2.618419E-5,   725.51209, 7.963429E-12,   199.01003,          NaN,         NaN
  5058.7,  7.837149E-5,   593.96126,  4.487824E-5,   725.46298, 9.664660E-12,   199.85164,          NaN,         NaN
  5063.7,  4.736447E-5,   593.43479,  2.796090E-5,   724.97042, 1.037014E-11,   200.31588,          NaN,         NaN
  5068.7,  4.464541E-5,   594.35386,  7.029121E-5,   727.61010, 1.106729E-11,   201.34113,          NaN,         NaN
  5073.7,  5.685791E-5,   595.52574,  5.061669E-5,   727.54232, 7.262623E-12,   199.50715,          NaN,         NaN
  5078.7,  3.983110E-5,   595.55324,  2.351780E-5,   729.29287, 6.793152E-12,   198.91114,          NaN,         NaN
  5083.7,  2.584451E-5,   595.60813,  1.996321E-5,   730.67245, 9.335460E-12,   198.52584,          NaN,         NaN
  5088.7,  3.399674E-5,   596.06414,  3.894029E-5,   729.50586, 6.917689E-12,   199.28430,          NaN,         NaN
  5093.7,  4.695513E-5,   595.82194,  4.292337E-5,   730.43802, 6.707587E-12,   199.89509,          NaN,         NaN
  5098.7,  3.916044E-5,   597.21451,  2.118523E-5,   727.56906, 7.847851E-12,   199.92719,          NaN,         NaN
  5103.7,  5.912768E-5,   598.24914,  6.265551E-6,   726.31614, 8.335911E-12,   198.73881,          NaN,         NaN
  5108.7,  5.173700E-5,   596.34669,  3.953482E-5,   724.20354, 7.435971E-12,   197.62516,          NaN,         NaN
  5113.7,  2.494165E-5,   596.51066,  2.202344E-5,   724.93885, 1.210249E-11,   199.30919,          NaN,         NaN
  5118.7,  3.197352E-5,   596.42659,  3.929789E-5,   726.60103, 1.116440E-11,   197.48650,          NaN,         NaN
  5123.7,  7.830924E-5,   597.26071,  2.184208E-5,   726.46868, 1.217642E-11,   197.23705,          NaN,         NaN
  5128.7,  5.005752E-5,   598.02642,  5.866604E-5,   727.24036, 7.464348E-12,   196.11415,          NaN,         NaN
  5133.7,  5.300154E-5,   598.96730,  5.483696E-5,   728.27698, 9.063542E-12,   195.69581,          NaN,         NaN
  5138.7,  4.251282E-5,   598.33022,  4.171749E-5,   729.34830, 6.496884E-12,   194.17711,          NaN,         NaN
  5143.7,  5.595513E-5,   599.26223,  2.262245E-5,   731.03114, 1.346962E-11,   193.32961,          NaN,         NaN
  5148.7,  4.440684E-5,   600.31122,  1.524861E-5,   728.70080, 1.054223E-11,   194.13127,          NaN,         NaN
  5153.7,  4.608894E-5,   601.69540,  4.205115E-5,   727.80360, 1.112172E-11,   194.74913,          NaN,         NaN
  5158.7,  4.504315E-5,   600.67267,  3.206426E-5,   729.10322, 7.638473E-12,   193.83011,          NaN,         NaN
  5163.7,  3.021336E-5,   602.01824,  4.970603E-5,   729.91914, 5.252327E-12,   194.96976,          NaN,         NaN
  5168.7,  4.319848E-5,   601.52783,  7.548776E-5,   731.36387, 9.291683E-12,   195.34089,          NaN,         NaN
  5173.7,  3.668435E-5,   603.55952,  6.504086E-5,   732.04437, 5.216051E-12,   194.75846,          NaN,         NaN
  5178.7,  6.918923E-5,   603.79226,  8.574352E-5,   733.60918, 8.170445E-12,   194.41898,          NaN,         NaN
  5183.7,  5.456156E-5,   604.62220,  5.033076E-5,   734.26574, 9.163649E-12,   194.83439,          NaN,         NaN
  5188.7,  2.486128E-5,   606.50794,  2.920252E-5,   736.11589, 1.201687E-11,   193.82160,          NaN,         NaN
  5193.7,  5.127562E-5,   605.55485,  2.863549E-5,   737.03230, 1.256056E-11,   194.79917,          NaN,         NaN
  5198.7,  3.225923E-5,   606.37411,  2.244720E-5,   738.66530, 7.651540E-12,   196.02079,          NaN,         NaN
  5203.7,  3.594336E-5,   604.76037,  1.844860E-5,   741.56852, 5.954438E-12,   195.51182,          NaN,         NaN
  5208.7,  5.687741E-5,   606.21090,  3.540696E-5,   743.49286, 1.612412E-11,   196.76920,          NaN,         NaN
  5213.7,  5.451166E-5,   605.92461,  2.385152E-5,   745.13289, 7.716593E-12,   196.02096,          NaN,         NaN
  5218.7,  6.999950E-5,   604.60203,  8.117166E-5,   746.92127, 5.529921E-12,   195.93983,          NaN,         NaN
  5223.7,  4.804864E-5,   603.30933,  3.417076E-5,   747.58813, 7.817052E-12,   194.60063,          NaN,         NaN
  5228.7,  3.916319E-5,   603.26137,  6.889414E-5,   748.47554, 1.119696E-11,   193.80028,          NaN,         NaN
  5233.7,  4.131537E-5,   604.67809,  2.623723E-5,   749.87740, 5.554974E-12,   192.32475,          NaN,         NaN
  5238.7,  3.266101E-5,   602.96403,  5.980287E-5,   750.59712, 1.128493E-11,   191.65238,          NaN,         NaN
  5243.7,  4.454007E-5,   604.51917,  3.879689E-5,   752.09371, 8.838153E-12,   191.77933,          NaN,         NaN
  5248.7,  2.842762E-5,   604.63736,  5.308665E-5,   753.28788, 8.300639E-12,   190.14712,          NaN,         NaN
  5253.7,  5.462036E-5,   603.89544,  2.023431E-5,   753.50912, 7.379734E-12,   189.05967,          NaN,         NaN
  5258.7,  2.876275E-5,   604.88920,  2.455094E-5,   756.34096, 7.105659E-12,   189.37220,          NaN,         NaN
  5263.7,  5.023116E-5,   605.32233,  6.915679E-5,   758.83042, 5.548870E-12,   188.38000,          NaN,         NaN
  5268.7,  2.762158E-5,   604.46707,  2.422421E-5,   756.42677, 9.484717E-12,   187.43735,          NaN,         NaN
  5273.7,  2.745763E-5,   604.71399,  4.033546E-5,   754.91932, 9.805856E-12,   188.79163,          NaN,         NaN
  5278.7,  2.588459E-5,   603.73772,  3.815381E-5,   753.50865, 7.898089E-12,   188.83196,          NaN,         NaN
  5283.7,  5.843240E-5,   602.51562,  3.987900E-5,   754.82349, 6.181386E-12,   187.82316,          NaN,         NaN
  5288.7,  4.388824E-5,   603.30355,  3.296542E-5,   756.58170, 9.600111E-12,   188.01807,          NaN,         NaN
  5293.7,  4.889738E-5,   604.71808,  1.166545E-5,   758.55705, 1.035725E-11,   186.80490,          NaN,         NaN
  5298.7,  4.517769E-5,   606.38842,  5.804810E-5,   760.83561, 1.296798E-11,   187.91836,          NaN,         NaN
  5303.7,  5.082720E-5,   607.32816,  3.429398E-5,   763.25709, 8.383369E-12,   189.17990,          NaN,         NaN
  5308.7,  2.759261E-5,   607.67784,  3.762021E-5,   765.68290, 7.530171E-12,   187.99043,          NaN,         NaN
  5313.7,  2.777101E-5,   607.83358,  4.279972E-5,   767.32384, 8.566846E-12,   189.06374,          NaN,         NaN
  5318.7,  3.163868E-5,   607.65381,  3.583585E-5,   768.05450, 7.796887E-12,   190.33896,          NaN,         NaN
  5323.7,  5.663263E-5,   606.90502,  3.598419E-5,   769.45766, 9.153252E-12,   191.23015,          NaN,         NaN
  5328.7,  4.123974E-5,   606.34374,  2.321694E-5,   769.35681, 1.314780E-11,   192.16235,          NaN,         NaN
  5333.7,  2.456904E-5,   606.18589,  9.038439E-6,   770.93533, 5.643701E-12,   193.44380,          NaN,         NaN
  5338.7,  4.038910E-5,   607.24455,  3.865672E-5,   772.35181, 6.583383E-12,   192.54757,          NaN,         NaN
  5343.7,  3.738876E-5,   606.53262,  1.484994E-5,   769.90570, 8.018477E-12,   193.19233,          NaN,         NaN
  5348.7,  5.747124E-5,   607.36648,  2.592059E-5,   768.03422, 7.670500E-12,   192.54022,          NaN,         NaN
  5353.7,  2.308789E-5,   608.62553,  1.283268E-5,   769.25966, 1.133133E-11,   192.89539,          NaN,         NaN
  5358.7,  3.646440E-5,   608.10722,  3.302344E-5,   771.34986, 8.261450E-12,   193.93968,          NaN,         NaN
  5363.7,  4.501692E-5,   607.69817,  3.358089E-5,   773.65686, 5.617199E-12,   192.48539,          NaN,         NaN
  5368.7,  3.687395E-5,   609.67291,  2.103552E-5,   771.96214, 8.267370E-12,   192.16115,          NaN,         NaN
  5373.7,  5.676039E-5,   610.63826,  3.786560E-5,   773.60130, 7.321338E-12,   192.61508,          NaN,         NaN
  5378.7,  4.247872E-5,   609.06761,  7.711076E-5,   774.78224, 7.463126E-12,   192.78218,          NaN,         NaN
  5383.7,  2.633339E-5,   609.52123,  2.691885E-5,   776.16159, 9.248822E-12,   191.63069,          NaN,         NaN
  5388.7,  1.821446E-5,   610.78964,  4.470636E-5,   777.24567, 9.149344E-12,   193.07946,          NaN,         NaN
  5393.7,  4.780194E-5,   609.51973,  6.738306E-5,   777.24624, 9.409817E-12,   193.66350,          NaN,         NaN
  5398.7,  4.290196E-5,   608.41965,  3.189826E-5,   777.86704, 1.115897E-11,   195.76834,          NaN,         NaN
  5403.6,  2.430350E-5,   609.76092,  4.518738E-5,   778.39798, 7.674478E-12,   194.21789,          NaN,         NaN
  5408.6,  3.571223E-5,   609.52848,  4.711797E-5,   779.82384, 7.523293E-12,   194.70762,          NaN,         NaN
  5413.6,  4.418325E-5,   610.21215,  7.308026E-5,   780.46045, 1.121383E-11,   195.65427,          NaN,         NaN
  5418.6,  4.954715E-5,   610.51888,  2.460792E-5,   782.06231, 8.936465E-12,   196.24769,          NaN,         NaN
  5423.6,  4.143369E-5,   611.63860,  2.162012E-5,   781.63954, 9.773802E-12,   196.92625,          NaN,         NaN
  5428.6,  4.472152E-5,   611.98415,  1.499836E-5,   779.15460, 6.702811E-12,   195.33320,          NaN,         NaN
  5433.6,  5.652208E-5,   611.84242,  3.582435E-5,   781.17369, 1.070571E-11,   197.22383,          NaN,         NaN
  5438.6,  3.493223E-5,   613.70450,  2.920590E-5,   782.20519, 1.190272E-11,   195.39470,          NaN,         NaN
  5443.6,  4.635148E-5,   614.51908,  3.085145E-5,   782.26834, 6.787255E-12,   197.09967,          NaN,         NaN
  5448.6,  2.612411E-5,   613.23500,  4.025833E-5,   781.00806, 1.049108E-11,   198.70391,          NaN,         NaN
  5453.6,  3.782869E-5,   614.16027,  3.848708E-5,   778.55629, 8.668905E-12,   198.83110,          NaN,         NaN
  5458.6,  2.497565E-5,   615.01860,  3.293648E-5,   776.15935, 8.573921E-12,   199.98333,          NaN,         NaN
  5463.6,  5.280333E-5,   615.78544,  5.997233E-5,   777.12212, 1.094292E-11,   198.58925,          NaN,         NaN
  5468.6,  4.214676E-5,   615.72751,  5.967309E-5,   778.23728, 4.930834E-12,   197.33358,          NaN,         NaN
  5473.6,  4.681991E-5,   616.89835,  5.527902E-5,   779.71590, 1.434543E-11,   196.27468,          NaN,         NaN
  5478.6,  5.024658E-5,   617.59440,  5.674875E-5,   780.11940, 1.147177E-11,   195.25412,          NaN,         NaN
  5483.6,  4.705085E-5,   618.77949,  6.367577E-5,   780.68373, 5.522536E-12,   195.04986,          NaN,         NaN
  5488.6,  6.851402E-5,   619.49065,  4.418460E-5,   780.84326, 9.449003E-12,   194.89592,          NaN,         NaN
  5493.6,  3.888849E-5,   618.75773,  6.042929E-6,   779.52489, 1.058900E-11,   196.67016,          NaN,         NaN
  5498.6,  2.479292E-5,   618.35684,  5.711655E-5,   777.18203, 8.904875E-12,   195.64134,          NaN,         NaN
  5503.6,  3.587512E-5,   618.95918,  4.644739E-5,   776.43610, 8.361633E-12,   196.96416,          NaN,         NaN
  5508.6,  2.775520E-5,   619.27994,  4.185965E-5,   777.48694, 1.050914E-11,   198.65476,          NaN,         NaN
  5513.6,  3.761985E-5,   619.33956,  7.505205E-5,   777.34414, 9.115276E-12,   200.04373,          NaN,         NaN
  5518.6,  4.984211E-5,   620.27525,  6.173373E-5,   778.42328, 9.266385E-12,   198.35678,          NaN,         NaN
  5523.6,  1.814553E-5,   619.68602,  7.137448E-5,   779.17567, 3.942079E-12,   199.00173,          NaN,         NaN
  5528.6,  2.682576E-5,   619.74734,  3.951004E-5,   780.07484, 8.117170E-12,   199.63579,          NaN,         NaN
  5533.6,  5.100548E-5,   619.04305,  2.091147E-5,   780.46132, 6.433334E-12,   198.66168,          NaN,         NaN
  5538.6,  4.142933E-5,   618.52326,  6.304301E-5,   780.74967, 7.385326E-12,   198.57355,          NaN,         NaN
  5543.6,  3.014549E-5,   619.85793,  4.066690E-5,   781.38709, 6.891029E-12,   197.88778,          NaN,         NaN
  5548.6,  3.000068E-5,   619.07864,  5.838387E-5,   781.05377, 7.233649E-12,   197.54674,          NaN,         NaN
  5553.6,  2.896036E-5,   619.00550,  3.910927E-5,   782.60700, 1.265797E-11,   197.58078,          NaN,         NaN
  5558.6,  6.566163E-5,   619.29538,  6.366729E-5,   783.50434, 6.089187E-12,   197.17281,          NaN,         NaN
  5563.6,  5.320838E-5,   619.74617,  4.985624E-5,   783.64943, 3.821063E-12,   196.58614,          NaN,         NaN
  5568.6,  2.891666E-5,   619.36561,  3.775907E-5,   784.98785, 1.060453E-11,   196.30930,          NaN,         NaN
  5573.6,  5.889989E-5,   618.72607,  5.928062E-5,   785.63393, 1.098924E-11,   195.80546,          NaN,         NaN
  5578.6,  2.474219E-5,   619.07189,  2.203132E-5,   786.55943, 1.142958E-11,   194.88401,          NaN,         NaN
  5583.6,  2.509095E-5,   619.38241,  6.100832E-5,   785.82598, 1.017671E-11,   195.22492,          NaN,         NaN
  5588.6,  3.583941E-5,   619.80977,  3.914028E-5,   787.71560, 7.808869E-12,   195.22625,          NaN,         NaN
  5593.6,  5.549985E-5,   620.10984,  4.593277E-5,   788.49757, 7.532016E-12,   194.55337,          NaN,         NaN
  5598.6,  5.352076E-5,   622.22090,  3.320122E-5,   788.72158, 1.027870E-11,   194.68737,          NaN,         NaN
  5603.6,  3.671757E-5,   621.89723,  4.840698E-6,   790.21740, 6.166181E-12,   194.94867,          NaN,         NaN
  5608.6,  4.032201E-5,   620.91140,  2.310527E-5,   790.33251, 5.553805E-12,   193.28984,          NaN,         NaN
  5613.6,  2.357304E-5,   621.50141,  2.864784E-5,   791.11536, 7.205572E-12,   193.90813,          NaN,         NaN
  5618.6,  6.515107E-5,   622.83709,  2.583628E-5,   788.60097, 8.642342E-12,   193.96174,          NaN,         NaN
  5623.6,  3.997838E-5,   624.20239,  2.991092E-5,   788.19933, 1.195366E-11,   195.02992,          NaN,         NaN
  5628.6,  3.746861E-5,   623.23432,  2.218346E-5,   789.73611, 1.057148E-11,   194.43234,          NaN,         NaN
  5633.6,  4.855261E-5,   623.84985,  2.363048E-5,   789.40643, 7.576291E-12,   193.94221,          NaN,         NaN
  5638.6,  3.991274E-5,   624.92250,  1.812155E-5,   790.10162, 1.059793E-11,   192.25270,          NaN,         NaN
  5643.6,  4.489156E-5,   625.60893,  3.228483E-5,   789.10490, 9.537496E-12,   190.39001,          NaN,         NaN
  5648.6,  5.977365E-5,   626.39993,  1.583812E-5,   787.46203, 6.213910E-12,   188.67745,          NaN,         NaN
  5653.6,  3.659596E-5,   626.33866,  4.555720E-5,   785.00565, 1.144661E-11,   186.60826,          NaN,         NaN
  5658.6,  3.892918E-5,   627.76132,  7.048700E-5,   786.98773, 1.210491E-11,   188.72304,          NaN,         NaN
  5663.6,  4.500164E-5,   628.96326,  3.908185E-5,   787.86772, 1.178754E-11,   190.22958,          NaN,         NaN
  5668.6,  2.381517E-5,   630.39149,  4.690461E-5,   787.11946, 7.260249E-12,   191.32058,          NaN,         NaN
  5673.6,  3.622746E-5,   629.83346,  2.664794E-5,   789.61520, 7.869127E-12,   190.78361,          NaN,         NaN
  5678.6,  4.087772E-5,   630.22083,  2.677382E-5,   789.21823, 1.528072E-11,   190.90473,          NaN,         NaN
  5683.6,  2.337149E-5,   630.95735,  1.731785E-5,   789.88190, 3.702839E-12,   190.70654,          NaN,         NaN
  5688.6,  3.412797E-5,   631.79112,  3.047240E-5,   790.72621, 8.603395E-12,   189.97079,          NaN,         NaN
  5693.6,  4.976331E-5,   632.90496,  2.816405E-5,   790.83873, 7.146537E-12,   190.13584,          NaN,         NaN
  5698.6,  4.776883E-5,   632.25839,  3.460925E-5,   791.83036, 1.036513E-11,   189.09674,          NaN,         NaN
  5703.6,  2.307723E-5,   632.16636,  1.878478E-5,   790.90523, 1.045404E-11,   189.00254,          NaN,         NaN
  5708.6,  3.023632E-5,   632.75329,  1.841173E-5,   793.16186, 1.221071E-11,   189.07980,          NaN,         NaN
  5713.6,  4.721438E-5,   634.03651,  3.899855E-5,   792.97355, 1.047809E-11,   189.54130,          NaN,         NaN
  5718.6,  3.209015E-5,   633.95214,  1.326366E-5,   793.59806, 9.701334E-12,   190.51367,          NaN,         NaN
  5723.6,  3.307194E-5,   632.03961,  4.465307E-5,   795.63928, 1.212655E-11,   189.38221,          NaN,         NaN
  5728.6,  3.133848E-5,   631.87089,  2.241588E-5,   796.60837, 8.392574E-12,   191.03173,          NaN,         NaN
  5733.6,  3.255684E-5,   630.36832,  1.945935E-5,   793.89841, 7.908287E-12,   191.95110,          NaN,         NaN
  5738.6,  3.136737E-5,   629.99634,  2.183949E-5,   793.37304, 7.974875E-12,   191.24535,          NaN,         NaN
  5743.6,  5.732122E-5,   630.67697,  3.661837E-5,   794.96191, 6.257038E-12,   191.76171,          NaN,         NaN
  5748.6,  4.660336E-5,   630.17732,  2.114864E-5,   797.86723, 4.972603E-12,   192.27914,          NaN,         NaN
  5753.6,  5.545413E-5,   631.27264,  1.376943E-5,   797.23775, 9.996100E-12,   191.65720,          NaN,         NaN
  5758.6,  3.390099E-5,   632.76615,  3.046617E-5,   799.30681, 1.367066E-11,   191.97118,          NaN,         NaN
  5763.6,  4.880845E-5,   631.90291,  2.261582E-5,   801.74108, 5.958920E-12,   190.25540,          NaN,         NaN
  5768.6,  5.242306E-5,   632.84764,  3.190900E-5,   803.91943, 5.436676E-12,   189.99414,          NaN,         NaN
  5773.6,  3.552347E-5,   632.54910,  1.073200E-5,   806.38895, 6.109656E-12,   190.21672,          NaN,         NaN
  5778.6,  3.080685E-5,   633.82148,  3.450764E-5,   807.17090, 7.399977E-12,   190.62772,          NaN,         NaN
  5783.6,  2.407139E-5,   633.75329,  1.802716E-5,   807.41124, 5.166048E-12,   189.70605,          NaN,         NaN
  5788.6,  4.635066E-5,   634.54155,  2.048316E-5,   809.05817, 1.028058E-11,   189.96929,          NaN,         NaN
  5793.6,  3.902131E-5,   633.26162,  2.335453E-5,   807.29915, 7.709175E-12,   190.46386,          NaN,         NaN
  5798.6,  6.675635E-5,   632.72302,  4.369198E-5,   808.47750, 1.562297E-11,   191.06967,          NaN,         NaN
  5803.5,  4.203508E-5,   630.49528,  2.726304E-5,   810.96237, 6.821161E-12,   192.25630,          NaN,         NaN
  5808.5,  4.210730E-5,   630.87324,  5.749307E-5,   810.89074, 5.521537E-12,   193.15554,          NaN,         NaN
  5813.5,  8.493849E-5,   631.11854,  2.330707E-5,   811.44986, 1.197171E-11,   192.33317,          NaN,         NaN
  5818.5,  4.378380E-5,   632.56426,  4.273972E-5,   812.76322, 7.665699E-12,   192.79887,          NaN,         NaN
  5823.5,  6.301237E-5,   633.48798,  2.750557E-5,   815.20403, 6.172295E-12,   193.34243,          NaN,         NaN
  5828.5,  2.538005E-5,   634.19222,  4.458103E-5,   812.37419, 1.336256E-11,   194.18896,          NaN,         NaN
  5833.5,  4.096021E-5,   633.65201,  3.916566E-5,   813.21908, 7.433146E-12,   192.87058,          NaN,         NaN
  5838.5,  4.087885E-5,   633.68521,  2.303092E-5,   814.53121, 1.041353E-11,   192.42096,          NaN,         NaN
  5843.5,  3.798833E-5,   633.59387,  2.397054E-5,   814.26686, 1.168380E-11,   191.69307,          NaN,         NaN
  5848.5,  3.381253E-5,   635.10358,  2.708792E-5,   814.27629, 7.490340E-12,   192.40435,          NaN,         NaN
  5853.5,  4.967726E-5,   636.10259,  1.853666E-5,   816.18031, 1.102270E-11,   191.86666,          NaN,         NaN
  5858.5,  2.735984E-5,   634.78119,  2.868622E-5,   816.55699, 6.696573E-12,   191.61934,          NaN,         NaN
  5863.5,  2.473894E-5,   633.90092,  3.392984E-5,   814.92243, 8.915919E-12,   191.44571,          NaN,         NaN
  5868.5,  5.055508E-5,   633.46670,  2.424865E-5,   815.31011, 5.997442E-12,   191.01999,          NaN,         NaN
  5873.5,  4.926875E-5,   631.45717,  1.543830E-5,   818.04997, 5.627748E-12,   191.77263,          NaN,         NaN
  5878.5,  2.929294E-5,   631.83468,  2.378778E-5,   815.91371, 8.342756E-12,   191.17196,          NaN,         NaN
  5883.5,  2.392919E-5,   631.80631,  3.634271E-5,   815.03963, 9.487778E-12,   190.99848,          NaN,         NaN
  5888.5,  3.540337E-5,   631.34929,  5.183792E-5,   816.25136, 8.366438E-12,   189.57414,          NaN,         NaN
  5893.5,  3.622376E-5,   632.47188,  5.867415E-5,   818.83874, 8.795382E-12,   191.33768,          NaN,         NaN
  5898.5,  2.622370E-5,   633.55020,  2.610887E-5,   820.45333, 1.547034E-11,   189.46051,          NaN,         NaN
  5903.5,  5.691026E-5,   632.38369,  1.714762E-5,   818.45921, 8.060447E-12,   189.71876,          NaN,         NaN
  5908.5,  2.867729E-5,   633.20533,  4.528638E-5,   815.98282, 6.644826E-12,   190.69965,          NaN,         NaN
  5913.5,  4.118055E-5,   633.63906,  1.644452E-5,   813.58266, 8.862354E-12,   190.55990,          NaN,         NaN
  5918.5,  3.171067E-5,   635.24971,  2.498623E-5,   811.98541, 8.548919E-12,   190.49088,          NaN,         NaN
  5923.5,  2.645721E-5,   634.97750,  1.869448E-5,   810.44812, 9.553051E-12,   189.55675,          NaN,         NaN
  5928.5,  3.561578E-5,   634.00607,  1.872882E-5,   811.36604, 3.723605E-12,   190.00318,          NaN,         NaN
  5933.5,  7.657040E-5,   634.26947,  2.950640E-5,   809.05493, 5.112768E-12,   190.65180,          NaN,         NaN
  5938.5,  6.136743E-5,   633.43744,  1.355414E-5,   806.30061, 5.227329E-12,   191.36019,          NaN,         NaN
  5943.5,  3.813657E-5,   631.66302,  1.516299E-5,   805.98590, 7.590045E-12,   192.86415,          NaN,         NaN
  5948.5,  5.859811E-5,   632.10928,  4.309462E-5,   806.27756, 6.809637E-12,   194.12823,          NaN,         NaN
  5953.5,  7.233624E-5,   633.37710,  2.455582E-5,   807.63721, 9.660492E-12,   194.68136,          NaN,         NaN
  5958.5,  2.832774E-5,   631.52074,  4.407066E-5,   809.25378, 6.487809E-12,   194.64635,          NaN,         NaN
  5963.5,  3.864110E-5,   632.19062,  3.157998E-5,   809.96550, 1.313456E-11,   193.32800,          NaN,         NaN
  5968.5,  5.937454E-5,   631.95660,  4.339097E-5,   807.17449, 1.105362E-11,   191.83728,          NaN,         NaN
  5973.5,  2.820763E-5,   632.80291,  6.524043E-6,   809.70615, 7.983153E-12,   191.18640,          NaN,         NaN
  5978.5,  3.386874E-5,   633.53278,  1.478196E-5,   811.90936, 8.192269E-12,   191.64272,          NaN,         NaN
  5983.5,  4.089651E-5,   632.65486,  2.612014E-5,   811.27283, 6.853048E-12,   191.90839,          NaN,         NaN
  5988.5,  3.289169E-5,   632.77034,  2.252554E-5,   810.92720, 1.339204E-11,   191.68290,          NaN,         NaN
  5993.5,  3.830937E-5,   632.16752,  1.308559E-5,   810.08506, 7.696767E-12,   191.22334,          NaN,         NaN
  5998.5,  4.236569E-5,   633.22933,  1.806117E-5,   808.74703, 7.677240E-12,   191.53964,          NaN,         NaN
  6003.5,  4.938470E-5,   634.63249,  2.209209E-5,   809.02688, 9.023698E-12,   192.39033,          NaN,         NaN
  6008.5,  8.676177E-5,   635.77470,  1.418022E-5,   806.11520, 6.843886E-12,   191.55993,          NaN,         NaN
  6013.5,  6.686876E-5,   636.99615,  1.073065E-5,   805.40112, 2.074603E-11,   193.06653,          NaN,         NaN
  6018.5,  3.483859E-5,   635.77672,  4.237913E-5,   808.11189, 1.068029E-11,   192.63302,          NaN,         NaN
  6023.5,  4.114781E-5,   634.32338,  9.526794E-6,   806.26825, 9.438930E-12,   194.74119,          NaN,         NaN
  6028.5,  3.129465E-5,   634.98162,  4.866902E-5,   804.30116, 5.350514E-12,   195.40361,          NaN,         NaN
  6033.5,  4.523697E-5,   635.47091,  2.397186E-5,   806.55658, 6.885079E-12,   196.43686,          NaN,         NaN
  6038.5,  4.636545E-5,   636.24906,  2.141311E-5,   808.79086, 6.390284E-12,   196.55056,          NaN,         NaN
  6043.5,  7.509177E-5,   638.05448,  2.666978E-5,   811.44046, 6.250843E-12,   195.66197,          NaN,         NaN
  6048.5,  4.600244E-5,   639.97443,  4.397278E-5,   810.26201, 1.380571E-11,   194.34727,          NaN,         NaN
  6053.5,  3.158638E-5,   638.62178,  2.623309E-5,   808.69655, 1.067313E-11,   192.63179,          NaN,         NaN
  6058.5,  3.646037E-5,   638.27509,  1.916986E-5,   807.48637, 3.946030E-12,   192.74122,          NaN,         NaN
  6063.5,  2.901722E-5,   638.66688,  3.341203E-5,   804.85930, 9.049364E-12,   193.55535,          NaN,         NaN
  6068.5,  3.412865E-5,   637.87855,  2.393652E-5,   805.94726, 9.591631E-12,   191.78259,          NaN,         NaN
  6073.5,  5.879754E-5,   637.85791,  3.418595E-5,   806.49599, 4.264033E-12,   191.85030,          NaN,         NaN
  6078.5,  3.243422E-5,   637.66512,  2.895046E-5,   807.77101, 1.237031E-11,   191.69412,          NaN,         NaN
  6083.5,  2.731205E-5,   637.50663,  1.746707E-5,   807.03961, 1.117367E-11,   190.40844,          NaN,         NaN
  6088.5,  2.595456E-5,   638.86762,  1.965911E-5,   809.23842, 1.433943E-11,   191.10512,          NaN,         NaN
  6093.5,  4.555074E-5,   639.57006,  1.379797E-5,   807.51109, 7.306033E-12,   189.68729,          NaN,         NaN
  6098.5,  4.511875E-5,   639.64024,  3.298928E-5,   809.84673, 6.726589E-12,   187.88576,          NaN,         NaN
  6103.5,  4.568880E-5,   641.25989,  9.163521E-6,   811.59552, 6.467746E-12,   187.02355,          NaN,         NaN
  6108.5,  3.515153E-5,   641.52809,  4.073694E-5,   810.43855, 7.703827E-12,   188.63273,          NaN,         NaN
  6113.5,  3.665565E-5,   641.44675,  2.857787E-5,   812.26011, 7.415611E-12,   189.09335,          NaN,         NaN
  6118.5,  4.560223E-5,   642.68729,  3.610636E-5,   812.27613, 5.799887E-12,   189.20186,          NaN,         NaN
  6123.5,  3.263150E-5,   642.51523,  7.372366E-6,   815.18751, 6.258654E-12,   188.65916,          NaN,         NaN
  6128.5,  4.416282E-5,   643.64859,  4.320891E-5,   812.66012, 7.508551E-12,   188.85550,          NaN,         NaN
  6133.5,  5.001952E-5,   641.67709,  1.623022E-5,   811.34666, 3.978556E-12,   188.72323,          NaN,         NaN
  6138.5,  3.704886E-5,   640.69341,  2.225936E-5,   809.08690, 7.330907E-12,   188.40000,          NaN,         NaN
  6143.5,  5.554528E-5,   642.13139,  3.348036E-5,   807.96933, 6.402929E-12,   188.68303,          NaN,         NaN
  6148.5,  2.203154E-5,   642.49334,  1.072351E-5,   808.89035, 4.529167E-12,   187.65631,          NaN,         NaN
  6153.5,  4.575979E-5,   642.30543,  3.805040E-5,   809.53788, 1.198620E-11,   186.97452,          NaN,         NaN
  6158.5,  3.671887E-5,   643.43078,  1.471381E-5,   810.04735, 5.134891E-12,   186.47905,          NaN,         NaN
  6163.5,  2.697593E-5,   642.25798,  2.126402E-5,   811.03299, 9.211755E-12,   187.10826,          NaN,         NaN
  6168.5,  3.046898E-5,   642.93629,  6.786274E-6,   813.60928, 9.868623E-12,   187.34008,          NaN,         NaN
  6173.5,  3.799577E-5,   642.19869,  3.492013E-5,   812.12315, 9.379367E-12,   186.39867,          NaN,         NaN
  6178.5,  3.826412E-5,   641.97523,  2.755062E-5,   814.37485, 7.643700E-12,   184.96312,          NaN,         NaN
  6183.5,  2.833400E-5,   642.49353,  4.344395E-5,   812.34224, 9.766236E-12,   184.97299,          NaN,         NaN
  6188.5,  3.327412E-5,   640.81927,  7.478669E-6,   812.02602, 5.863244E-12,   185.49951,          NaN,         NaN
  6193.5,  4.581422E-5,   640.30932,  2.288072E-5,   810.65250, 7.690704E-12,   185.41284,          NaN,         NaN
  6198.5,  3.770931E-5,   641.65264,  1.766779E-5,   812.85634, 6.988197E-12,   184.55062,          NaN,         NaN
  6203.4,  2.537976E-5,   641.55335,  2.035829E-5,   813.47871, 1.081149E-11,   182.75321,          NaN,         NaN
  6208.4,  2.662127E-5,   642.02025,  1.478003E-5,   816.25291, 1.046350E-11,   182.49797,          NaN,         NaN
  6213.4,  2.797256E-5,   641.90707,  1.613528E-5,   815.18149, 7.304999E-12,   183.42935,          NaN,         NaN
  6218.4,  2.320338E-5,   642.22342,  3.313276E-5,   816.63793, 8.532760E-12,   183.50780,          NaN,         NaN
  6223.4,  2.582158E-5,   641.88072,  9.799734E-6,   818.68889, 8.152038E-12,   183.89636,          NaN,         NaN
  6228.4,  6.580454E-5,   640.42258,  1.378999E-5,   818.38879, 4.666795E-12,   183.54136,          NaN,         NaN
  6233.4,  2.114545E-5,   641.14565,  2.442897E-5,   819.21310, 6.909058E-12,   183.83222,          NaN,         NaN
  6238.4,  4.758260E-5,   640.59210,  3.346789E-5,   820.02857, 1.585352E-11,   183.23906,          NaN,         NaN
  6243.4,  2.020104E-5,   639.62764,  3.924429E-5,   820.37212, 7.326523E-12,   181.42533,          NaN,         NaN
  6248.4,  5.363846E-5,   639.06546,  2.533276E-5,   822.20791, 6.878824E-12,   183.10952,          NaN,         NaN
  6253.4,  6.041227E-5,   638.58974,  4.772101E-5,   822.16706, 1.473783E-11,   181.24941,          NaN,         NaN
  6258.4,  5.313320E-5,   637.24762,  3.668691E-5,   824.56601, 5.802896E-12,   181.13328,          NaN,         NaN
  6263.4,  2.837700E-5,   635.81304,  1.894689E-5,   825.26668, 6.498602E-12,   180.46544,          NaN,         NaN
  6268.4,  2.800004E-5,   637.04486,  4.150959E-5,   824.16255, 5.248998E-12,   180.78798,          NaN,         NaN
  6273.4,  2.298458E-5,   638.38510,  2.208406E-5,   826.75325, 4.099567E-12,   180.33703,          NaN,         NaN
  6278.4,  2.181713E-5,   638.17701,  2.047661E-5,   829.26387, 1.098644E-11,   179.37692,          NaN,         NaN
  6283.4,  2.588841E-5,   637.12444,  1.317003E-5,   831.87795, 8.947138E-12,   178.96127,          NaN,         NaN
  6288.4,  6.258683E-5,   635.94579,  3.356895E-5,   832.70768, 1.313513E-11,   178.49797,          NaN,         NaN
  6293.4,  4.298235E-5,   634.71436,  4.311344E-5,   834.75532, 4.652309E-12,   177.36225,          NaN,         NaN
  6298.4,  2.581649E-5,   633.42916,  4.422929E-5,   833.94995, 8.044456E-12,   176.09721,          NaN,         NaN
  6303.4,  2.933059E-5,   633.04384,  8.011810E-6,   831.53422, 7.581605E-12,   175.92852,          NaN,         NaN
  6308.4,  2.952991E-5,   632.07493,  2.708551E-5,   830.16345, 3.935523E-12,   176.26304,          NaN,         NaN
  6313.4,  3.632747E-5,   631.11782,  2.017623E-5,   832.13304, 7.163329E-12,   176.78763,          NaN,         NaN
  6318.4,  4.008056E-5,   631.00293,  1.762222E-5,   833.62098, 6.347820E-12,   175.77635,          NaN,         NaN
  6323.4,  2.202232E-5,   630.32763,  4.177752E-5,   831.45738, 8.438283E-12,   175.63384,          NaN,         NaN
  6328.4,  6.614219E-5,   630.25762,  4.891727E-6,   829.95501, 7.901387E-12,   174.95950,          NaN,         NaN
  6333.4,  3.846533E-5,   630.58412,  2.912622E-5,   829.09349, 1.236145E-11,   174.31164,          NaN,         NaN
  6338.4,  4.139292E-5,   630.72331,  4.629428E-5,   831.13444, 9.220930E-12,   176.57497,          NaN,         NaN
  6343.4,  4.843046E-5,   629.51614,  2.586771E-5,   829.76680, 5.389581E-12,   175.29910,          NaN,         NaN
  6348.4,  2.375155E-5,   629.04413,  2.437615E-5,   830.37848, 7.484354E-12,   175.38774,          NaN,         NaN
  6353.4,  4.569327E-5,   628.85613,  2.635851E-5,   832.66708, 9.345002E-12,   173.88040,          NaN,         NaN
  6358.4,  3.221577E-5,   628.42299,  2.296369E-5,   831.59017, 2.042464E-11,   171.69196,          NaN,         NaN
  6363.4,  3.576811E-5,   627.42693,  3.337355E-5,   832.46232, 7.375114E-12,   170.08118,          NaN,         NaN
  6368.4,  3.357079E-5,   629.20196,  1.667705E-5,   833.29657, 9.919320E-12,   171.24210,          NaN,         NaN
  6373.4,  6.574564E-5,   629.41998,  1.858120E-5,   831.58379, 1.797176E-11,   172.54775,          NaN,         NaN
  6378.4,  4.551998E-5,   630.13762,  3.271225E-5,   831.13474, 6.188009E-12,   171.74686,          NaN,         NaN
  6383.4,  3.717403E-5,   631.06906,  2.966820E-5,   833.63653, 5.787796E-12,   170.79351,          NaN,         NaN
  6388.4,  2.439271E-5,   630.18142,  4.078560E-5,   834.30164, 5.540125E-12,   168.96722,          NaN,         NaN
  6393.4,  3.571529E-5,   631.55815,  2.623611E-5,   836.56443, 8.162874E-12,   169.90163,          NaN,         NaN
  6398.4,  4.327511E-5,   631.93547,  1.043825E-5,   834.70635, 7.795775E-12,   168.30161,          NaN,         NaN
  6403.4,  4.092910E-5,   629.67200,  1.331491E-5,   835.86800, 1.195397E-11,   166.84847,          NaN,         NaN
  6408.4,  3.746757E-5,   629.31498,  2.200295E-5,   834.46509, 9.389394E-12,   165.41123,          NaN,         NaN
  6413.4,  3.762639E-5,   630.89375,  1.555832E-5,   833.57013, 8.539569E-12,   164.15153,          NaN,         NaN
  6418.4,  3.341707E-5,   630.18061,  1.316386E-5,   834.22748, 5.904091E-12,   165.66956,          NaN,         NaN
  6423.4,  3.319156E-5,   628.84036,  2.239066E-5,   832.25388, 1.046292E-11,   163.99592,          NaN,         NaN
  6428.4,  5.410900E-5,   626.87191,  3.715702E-5,   831.98280, 4.669820E-12,   163.34788,          NaN,         NaN
  6433.4,  2.378603E-5,   626.15380,  1.983135E-5,   831.27570, 4.495174E-12,   163.45299,          NaN,         NaN
  6438.4,  9.102057E-5,   625.81926,  2.409373E-5,   830.69772, 7.714942E-12,   161.92754,          NaN,         NaN
  6443.4,  3.891008E-5,   623.76240,  1.607536E-5,   831.32333, 9.623561E-12,   163.78168,          NaN,         NaN
  6448.4,  6.762075E-5,   623.40901,  4.474611E-5,   834.11966, 8.529490E-12,   164.81956,          NaN,         NaN
  6453.4,  3.280159E-5,   625.52523,  4.141793E-6,   834.90779, 4.976125E-12,   165.49717,          NaN,         NaN
  6458.4,  4.203848E-5,   624.64896,  2.512712E-5,   835.43932, 7.054955E-12,   166.60152,          NaN,         NaN
  6463.4,  3.019376E-5,   623.60287,  3.331230E-5,   836.79538, 1.159130E-11,   166.01048,          NaN,         NaN
  6468.4,  3.688936E-5,   624.72703,  1.410370E-5,   834.12491, 1.016522E-11,   163.68911,          NaN,         NaN
  6473.4,  4.098625E-5,   624.63542,  1.527634E-5,   832.16459, 1.409029E-11,   163.18733,          NaN,         NaN
  6478.4,  1.132904E-5,   623.80273,  3.154227E-5,   830.33913, 8.555192E-12,   162.46098,          NaN,         NaN
  6483.4,  6.006301E-5,   623.07012,  2.665782E-5,   831.70399, 6.265440E-12,   163.93643,          NaN,         NaN
  6488.4,  3.986321E-5,   625.29524,  9.177891E-6,   832.45414, 5.998989E-12,   164.90031,          NaN,         NaN
  6493.4,  5.646025E-5,   624.52563,  3.316650E-5,   832.78310, 1.420772E-11,   164.53027,          NaN,         NaN
  6498.4,  1.824736E-5,   623.63360,  4.363962E-5,   831.29803, 7.391124E-12,   163.27255,          NaN,         NaN
  6503.4,  7.903103E-5,   624.44650,  2.261590E-5,   828.55555, 7.673062E-12,   162.25278,          NaN,         NaN
  6508.4,  2.092941E-5,   624.02439,  1.842930E-5,   830.98754, 8.969042E-12,   160.60032,          NaN,         NaN
  6513.4,  3.348402E-5,   624.60009,  4.808462E-5,   833.28848, 1.522369E-11,   162.16125,          NaN,         NaN
  6518.4,  2.684679E-5,   625.86386,  2.685847E-5,   832.49171, 8.478459E-12,   162.63849,          NaN,         NaN
  6523.4,  4.900279E-5,   626.95055,  2.481118E-5,   831.55849, 8.927413E-12,   160.94733,          NaN,         NaN
  6528.4,  3.538694E-5,   627.76204,  4.201202E-5,   833.53033, 5.641140E-12,   162.68022,          NaN,         NaN
  6533.4,  3.032000E-5,   628.31553,  4.913329E-5,   834.15850, 6.703951E-12,   161.74685,          NaN,         NaN
  6538.4,  3.455233E-5,   629.16487,  9.267013E-6,   836.60529, 7.466309E-12,   161.88179,          NaN,         NaN
  6543.4,  4.301110E-5,   627.64334,  2.390261E-5,   834.12321, 9.466123E-12,   160.49496,          NaN,         NaN
  6548.4,  4.537123E-5,   625.70496,  8.233272E-6,   832.61969, 7.374861E-12,   159.12805,          NaN,         NaN
  6553.4,  3.170081E-5,   626.47374,  1.793201E-5,   833.07994, 6.969572E-12,   157.90246,          NaN,         NaN
  6558.4,  1.988804E-5,   626.85515,  2.134078E-5,   835.76460, 4.226270E-12,   157.84136,          NaN,         NaN
  6563.4,  2.315039E-5,   627.92441,  1.561555E-5,   836.11129, 9.130361E-12,   159.05401,          NaN,         NaN
  6568.4,  3.899364E-5,   626.65767,  1.174325E-5,   834.33057, 9.848353E-12,   159.08316,          NaN,         NaN
  6573.4,  3.496160E-5,   625.85001,  2.448486E-5,   832.70577, 9.196321E-12,   159.73475,          NaN,         NaN
  6578.4,  4.260717E-5,   626.99341,  2.028896E-5,   832.94039, 5.332830E-12,   159.74092,          NaN,         NaN
  6583.4,  2.599798E-5,   627.13965,  3.122291E-5,   833.41862, 4.383317E-12,   159.65009,          NaN,         NaN
  6588.4,  3.898325E-5,   628.65832,  2.087753E-5,   834.16914, 9.052158E-12,   161.03641,          NaN,         NaN
  6593.4,  4.494461E-5,   626.53508,  1.167993E-5,   832.65389, 1.720852E-11,   161.81827,          NaN,         NaN
  6598.4,  2.018960E-5,   627.01880,  1.844482E-5,   834.26478, 7.747747E-12,   160.87759,          NaN,         NaN
  6603.3,  3.487135E-5,   627.33064,  3.782149E-5,   834.25984, 9.939042E-12,   161.83945,          NaN,         NaN
  6608.3,  3.783479E-5,   627.40520,  3.156598E-5,   834.80964, 3.897433E-12,   160.51576,          NaN,         NaN
  6613.3,  3.064832E-5,   628.50503,  2.548160E-5,   835.20411, 6.688902E-12,   159.11056,          NaN,         NaN
  6618.3,  2.846120E-5,   628.13022,  1.800899E-5,   836.63016, 6.177676E-12,   158.21249,          NaN,         NaN
  6623.3,  3.992991E-5,   628.05493,  2.431168E-5,   836.85630, 5.837332E-12,   158.21112,          NaN,         NaN
  6628.3,  3.263337E-5,   628.72521,  2.872275E-5,   834.39421, 7.370573E-12,   157.34932,          NaN,         NaN
  6633.3,  3.784616E-5,   628.42971,  2.862159E-5,   835.10491, 5.627027E-12,   155.86839,          NaN,         NaN
  6638.3,  7.168555E-5,   629.39272,  2.520775E-5,   837.85728, 8.569560E-12,   156.32777,          NaN,         NaN
  6643.3,  3.310397E-5,   627.83154,  1.643301E-5,   840.69898, 5.353610E-12,   156.66749,          NaN,         NaN
  6648.3,  1.617368E-5,   626.75826,  9.832945E-6,   843.03429, 6.558985E-12,   158.09709,          NaN,         NaN
  6653.3,  1.782763E-5,   626.76097,  2.270064E-5,   843.91928, 1.355459E-11,   157.89087,          NaN,         NaN
  6658.3,  6.796431E-5,   627.69213,  3.339814E-5,   845.77269, 6.571279E-12,   156.73840,          NaN,         NaN
  6663.3,  4.838926E-5,   628.23359,  2.207762E-5,   846.48565, 8.664796E-12,   155.72969,          NaN,         NaN
  6668.3,  3.151459E-5,   627.41026,  2.677578E-5,   846.97050, 6.785563E-12,   157.10733,          NaN,         NaN
  6673.3,  2.272726E-5,   626.40016,  3.344088E-5,   845.84225, 9.088377E-12,   156.16515,          NaN,         NaN
  6678.3,  3.005048E-5,   625.21716,  3.570439E-5,   848.31535, 6.384047E-12,   157.83312,          NaN,         NaN
  6683.3,  4.587297E-5,   623.82177,  2.278526E-5,   848.86301, 8.538156E-12,   158.63748,          NaN,         NaN
  6688.3,  5.491410E-5,   622.82826,  3.872156E-5,   847.77411, 7.551107E-12,   158.90370,          NaN,         NaN
  6693.3,  5.955616E-5,   623.45922,  9.554453E-6,   845.17645, 5.578053E-12,   158.65938,          NaN,         NaN
  6698.3,  2.967849E-5,   624.70426,  6.883975E-6,   842.99959, 5.307599E-12,   157.49685,          NaN,         NaN
  6703.3,  3.998505E-5,   624.31005,  3.679051E-5,   844.08768, 8.489824E-12,   157.46567,          NaN,         NaN
  6708.3,  2.230146E-5,   624.91167,  2.917625E-5,   843.94058, 9.064049E-12,   158.26671,          NaN,         NaN
  6713.3,  2.716807E-5,   624.53597,  3.430116E-5,   843.32091, 8.153890E-12,   156.70200,          NaN,         NaN
  6718.3,  2.979984E-5,   625.64920,  3.777408E-5,   844.28063, 1.086712E-11,   157.82620,          NaN,         NaN
  6723.3,  2.041498E-5,   625.69911,  1.660661E-5,   842.07855, 7.204378E-12,   158.19305,          NaN,         NaN
  6728.3,  4.540607E-5,   624.82228,  6.085984E-6,   844.77777, 7.778719E-12,   157.28307,          NaN,         NaN
  6733.3,  2.231704E-5,   624.77187,  2.889181E-5,   845.66584, 6.468719E-12,   156.66075,          NaN,         NaN
  6738.3,  2.179831E-5,   624.35377,  2.440417E-5,   846.95728, 7.092278E-12,   158.40395,          NaN,         NaN
  6743.3,  4.137445E-5,   624.76892,  1.912055E-5,   847.04929, 1.075855E-11,   157.80162,          NaN,         NaN
  6748.3,  4.719776E-5,   624.00126,  5.376730E-5,   846.49419, 8.429222E-12,   156.34205,          NaN,         NaN
  6753.3,  3.360958E-5,   623.75071,  1.455025E-5,   845.02897, 5.584418E-12,   155.51340,          NaN,         NaN
  6758.3,  4.294979E-5,   624.89967,  2.539228E-5,   843.52159, 7.051159E-12,   154.91963,          NaN,         NaN
  6763.3,  3.790346E-5,   622.69725,  2.370927E-5,   841.85431, 1.352366E-11,   155.99600,          NaN,         NaN
  6768.3,  4.454112E-5,   622.06073,  2.473806E-5,   843.23281, 5.611382E-12,   157.07026,          NaN,         NaN
  6773.3,  6.206406E-5,   620.79567,  5.956350E-6,   844.94057, 4.197028E-12,   156.09313,          NaN,         NaN
  6778.3,  2.598872E-5,   620.28426,  6.292939E-6,   846.95493, 3.959813E-12,   156.86907,          NaN,         NaN
  6783.3,  4.348095E-5,   620.21048,  4.005080E-5,   845.63953, 5.952793E-12,   157.25659,          NaN,         NaN
  6788.3,  4.001723E-5,   618.37354,  1.992280E-5,   847.64790, 6.143533E-12,   157.71102,          NaN,         NaN
  6793.3,  2.663058E-5,   620.10803,  3.353427E-5,   847.10115, 6.056378E-12,   157.11366,          NaN,         NaN
  6798.3,  3.748294E-5,   620.18421,  2.317653E-5,   847.21392, 6.865486E-12,   157.26343,          NaN,         NaN
  6803.3,  1.423595E-5,   620.13536,  1.195195E-5,   844.92491, 5.720636E-12,   157.72824,          NaN,         NaN
  6808.3,  4.297921E-5,   620.43035,  2.508328E-5,   847.28276, 5.258192E-12,   157.47230,          NaN,         NaN
  6813.3,  2.093570E-5,   619.77824,  7.944343E-6,   849.54094, 9.436466E-12,   157.87700,          NaN,         NaN
  6818.3,  4.700410E-5,   620.95867,  3.055207E-5,   851.86184, 6.080948E-12,   156.75302,          NaN,         NaN
  6823.3,  3.064269E-5,   620.74326,  3.026739E-5,   849.05799, 5.189448E-12,   156.12921,          NaN,         NaN
  6828.3,  2.240977E-5,   620.97964,  3.838037E-5,   847.37867, 8.184202E-12,   156.10162,          NaN,         NaN
  6833.3,  2.935710E-5,   622.01312,  4.188412E-5,   848.94057, 4.456248E-12,   156.28980,          NaN,         NaN
  6838.3,  6.307800E-5,   621.88012,  7.419178E-6,   848.54458, 8.040604E-12,   155.35693,          NaN,         NaN
  6843.3,  2.501411E-5,   622.19075,  3.372191E-5,   850.66692, 1.422834E-11,   155.74053,          NaN,         NaN
  6848.3,  2.475156E-5,   622.50838,  3.240131E-5,   850.30219, 1.048719E-11,   155.56129,          NaN,         NaN
  6853.3,  5.068881E-5,   621.06755,  7.833923E-6,   852.02740, 6.971925E-12,   157.56700,          NaN,         NaN
  6858.3,  5.562740E-5,   621.36929,  6.111528E-6,   852.95543, 5.874925E-12,   157.95097,          NaN,         NaN
  6863.3,  1.861434E-5,   619.48305,  6.693948E-6,   854.26007, 7.889251E-12,   159.75686,          NaN,         NaN
  6868.3,  7.048854E-5,   619.59508,  2.066896E-5,   852.61692, 6.475863E-12,   159.52598,          NaN,         NaN
  6873.3,  5.128911E-5,   620.42919,  2.828978E-5,   850.52770, 5.430315E-12,   159.03029,          NaN,         NaN
  6878.3,  1.746328E-5,   620.84559,  6.079041E-6,   848.28907, 1.118036E-11,   160.19156,          NaN,         NaN
  6883.3,  4.436565E-5,   620.54750,  2.874876E-5,   847.27928, 1.129557E-11,   159.65248,          NaN,         NaN
  6888.3,  2.372417E-5,   619.67240,  4.544425E-5,   846.28515, 6.053951E-12,   158.65485,          NaN,         NaN
  6893.3,  6.435478E-5,   619.18832,  3.656774E-5,   843.30275, 6.838511E-12,   160.02448,          NaN,         NaN
  6898.3,  4.473606E-5,   619.62064,  1.045561E-5,   845.80646, 1.183844E-11,   158.99758,          NaN,         NaN
  6903.3,  2.630114E-5,   620.31213,  2.821744E-5,   848.29813, 8.456264E-12,   159.36636,          NaN,         NaN
  6908.3,  4.676995E-5,   620.88612,  1.184908E-5,   848.33522, 4.253843E-12,   159.16855,          NaN,         NaN
  6913.3,  3.090019E-5,   619.74505,  1.646407E-5,   847.00674, 6.876364E-12,   157.96025,          NaN,         NaN
  6918.3,  2.575247E-5,   619.09495,  1.639412E-5,   844.93342, 5.853266E-12,   157.18580,          NaN,         NaN
  6923.3,  6.621265E-5,   619.60574,  2.493298E-5,   842.88059, 9.610577E-12,   155.29193,          NaN,         NaN
  6928.3,  3.655396E-5,   620.87257,  1.388205E-5,   841.92593, 7.679512E-12,   153.04905,          NaN,         NaN
  6933.3,  3.664652E-5,   621.56727,  2.275397E-5,   839.42081, 3.391987E-12,   153.00094,          NaN,         NaN
  6938.3,  3.834644E-5,   622.28156,  1.254441E-5,   839.72016, 4.883171E-12,   153.41323,          NaN,         NaN
  6943.3,  4.768775E-5,   621.26907,  1.985357E-5,   840.30202, 7.261838E-12,   154.74409,          NaN,         NaN
  6948.3,  2.220122E-5,   621.37923,  2.237564E-5,   841.09990, 6.553134E-12,   155.72620,          NaN,         NaN
  6953.3,  1.802560E-5,   621.48239,  2.803559E-5,   842.28895, 5.874136E-12,   153.79324,          NaN,         NaN
  6958.3,  2.114724E-5,   621.87897,  4.465697E-5,   839.55555, 8.186329E-12,   154.88454,          NaN,         NaN
  6963.3,  4.225813E-5,   622.89533,  2.219725E-5,   840.85725, 3.873262E-12,   155.23942,          NaN,         NaN
  6968.3,  6.227634E-5,   624.93599,  3.255628E-5,   841.37891, 6.478387E-12,   154.83133,          NaN,         NaN
  6973.3,  4.624695E-5,   623.58991,  3.155055E-5,   841.38321, 1.278190E-11,   157.11114,          NaN,         NaN
  6978.3,  3.782112E-5,   624.17846,  3.861294E-5,   842.38407, 6.322422E-12,   155.90722,          NaN,         NaN
  6983.3,  3.778916E-5,   625.63415,  2.529208E-5,   843.91784, 9.504689E-12,   154.79697,          NaN,         NaN
  6988.3,  3.011449E-5,   624.58725,  1.992852E-5,   843.53783, 1.367970E-11,   155.06351,          NaN,         NaN
  6993.3,  2.866063E-5,   623.24591,  4.073631E-5,   841.85009, 1.006376E-11,   156.21690,          NaN,         NaN
  6998.3,  3.434525E-5,   622.57871,  1.862494E-5,   842.72612, 6.779471E-12,   153.93613,          NaN,         NaN
  7003.2,  5.129682E-5,   622.47573,  2.410128E-5,   843.37254, 5.685481E-12,   154.85990,          NaN,         NaN
  7008.2,  3.303932E-5,   624.18423,  1.356568E-5,   844.86228, 3.845227E-12,   155.42207,          NaN,         NaN
  7013.2,  3.739342E-5,   622.60545,  2.910352E-5,   845.52886, 8.763833E-12,   155.24178,          NaN,         NaN
  7018.2,  4.380621E-5,   623.95425,  5.904715E-6,   846.38042, 7.629943E-12,   157.22961,          NaN,         NaN
  7023.2,  3.023122E-5,   624.52923,  2.601938E-5,   845.98628, 1.116069E-11,   155.36452,          NaN,         NaN
  7028.2,  3.649704E-5,   623.95816,  2.882198E-5,   844.35852, 6.649032E-12,   155.43637,          NaN,         NaN
  7033.2,  3.332914E-5,   623.35805,  1.388097E-5,   842.84197, 1.195717E-11,   156.15408,          NaN,         NaN
  7038.2,  2.921213E-5,   623.34888,  1.446273E-5,   845.44934, 8.759833E-12,   154.46782,          NaN,         NaN
  7043.2,  4.185655E-5,   623.21874,  1.272341E-5,   844.12237, 7.233684E-12,   155.36759,          NaN,         NaN
  7048.2,  3.004255E-5,   621.81869,  1.760988E-5,   842.83071, 7.475193E-12,   156.78179,          NaN,         NaN
  7053.2,  5.001283E-5,   621.07217,  3.045047E-5,   840.76700, 7.125474E-12,   155.57161,          NaN,         NaN
  7058.2,  3.176524E-5,   619.66259,  2.265882E-5,   842.83556, 6.698641E-12,   155.37302,          NaN,         NaN
  7063.2,  5.662467E-5,   620.71113,  3.047911E-5,   843.54835, 5.446009E-12,   155.49847,          NaN,         NaN
  7068.2,  5.785308E-5,   622.07860,  3.138697E-5,   844.42975, 6.255061E-12,   153.74681,          NaN,         NaN
  7073.2,  1.669685E-5,   623.17004,  2.532696E-5,   842.70825, 5.929227E-12,   153.22723,          NaN,         NaN
  7078.2,  2.589544E-5,   621.94816,  1.066835E-5,   844.10061, 5.502387E-12,   153.24748,          NaN,         NaN
  7083.2,  3.435465E-5,   623.21666,  1.923911E-5,   846.41317, 9.643145E-12,   153.38442,          NaN,         NaN
  7088.2,  1.732719E-5,   623.37149,  1.376880E-5,   846.76755, 1.358943E-11,   153.60441,          NaN,         NaN
  7093.2,  3.003317E-5,   623.77840,  3.105136E-5,   845.99131, 4.736152E-12,   155.03322,          NaN,         NaN
  7098.2,  2.728340E-5,   624.69548,  2.088082E-5,   843.76870, 8.835993E-12,   154.30082,          NaN,         NaN
  7103.2,  5.248575E-5,   626.03068,  2.434583E-5,   841.37341, 5.125965E-12,   153.59747,          NaN,         NaN
  7108.2,  2.915992E-5,   624.71748,  1.085777E-5,   840.18068, 6.134540E-12,   153.67961,          NaN,         NaN
  7113.2,  2.771165E-5,   626.02757,  3.769077E-5,   841.27002, 5.349535E-12,   152.27405,          NaN,         NaN
  7118.2,  3.879738E-5,   625.65904,  3.083584E-5,   842.85156, 1.235322E-11,   153.98424,          NaN,         NaN
  7123.2,  4.402562E-5,   624.73617,  6.924553E-6,   841.86611, 6.037711E-12,   155.60998,          NaN,         NaN
  7128.2,  3.019273E-5,   626.24301,  5.609334E-5,   842.44964, 6.224265E-12,   156.20019,          NaN,         NaN
  7133.2,  3.582375E-5,   626.77391,  7.082447E-6,   844.07161, 9.437463E-12,   156.36161,          NaN,         NaN
  7138.2,  3.010968E-5,   625.26389,  3.224951E-5,   843.09856, 6.381928E-12,   155.19376,          NaN,         NaN
  7143.2,  2.358854E-5,   625.25318,  2.895662E-5,   844.79936, 5.279577E-12,   153.69171,          NaN,         NaN
  7148.2,  3.631845E-5,   625.07329,  7.724039E-6,   842.37360, 9.058148E-12,   155.30890,          NaN,         NaN
  7153.2,  3.141401E-5,   624.48491,  1.708041E-5,   839.67550, 6.108020E-12,   156.14383,          NaN,         NaN
  7158.2,  4.401052E-5,   626.16734,  3.195507E-5,   839.53831, 1.222443E-11,   155.16538,          NaN,         NaN
  7163.2,  3.544691E-5,   626.68926,  2.592328E-5,   840.71510, 7.254619E-12,   153.40730,          NaN,         NaN
  7168.2,  3.408380E-5,   626.10964,  2.883707E-5,   840.36162, 9.817168E-12,   152.85454,          NaN,         NaN
  7173.2,  2.739973E-5,   626.74809,  1.044336E-5,   841.35681, 5.630398E-12,   151.69499,          NaN,         NaN
  7178.2,  4.112629E-5,   627.19444,  5.418648E-5,   843.42944, 1.362769E-11,   153.83001,          NaN,         NaN
  7183.2,  3.029784E-5,   626.50766,  1.061540E-5,   842.22467, 7.019251E-12,   152.30205,          NaN,         NaN
  7188.2,  3.248552E-5,   626.58756,  1.474190E-5,   839.39829, 1.010373E-11,   153.02396,          NaN,         NaN
  7193.2,  3.117842E-5,   625.94661,  2.528226E-5,   837.68205, 6.987995E-12,   151.79554,          NaN,         NaN
  7198.2,  3.133461E-5,   626.23048,  2.803459E-5,   837.67551, 1.007798E-11,   149.82470,          NaN,         NaN
  7203.2,  2.128560E-5,   627.62043,  1.091515E-5,   836.15491, 6.276158E-12,   149.09203,          NaN,         NaN
  7208.2,  3.060171E-5,   627.98205,  3.588201E-5,   837.86342, 1.039085E-11,   148.25678,          NaN,         NaN
  7213.2,  2.943922E-5,   629.79925,  5.848703E-6,   836.53515, 1.152855E-11,   145.73714,          NaN,         NaN
  7218.2,  2.019093E-5,   631.38976,  1.643560E-5,   835.37042, 4.217262E-12,   145.17438,          NaN,         NaN
  7223.2,  1.434972E-5,   630.79559,  2.968914E-5,   834.01408, 6.091361E-12,   144.86432,          NaN,         NaN
  7228.2,  3.971442E-5,   631.67858,  1.086001E-5,   834.42948, 8.792349E-12,   146.68607,          NaN,         NaN
  7233.2,  2.902271E-5,   631.54874,  2.041810E-5,   835.05777, 6.825761E-12,   145.66536,          NaN,         NaN
  7238.2,  3.707450E-5,   630.22931,  2.613684E-5,   834.69347, 5.630934E-12,   146.32128,          NaN,         NaN
  7243.2,  4.004676E-5,   629.06745,  2.517515E-5,   837.34690, 7.814219E-12,   146.88337,          NaN,         NaN
  7248.2,  2.013469E-5,   629.32681,  1.481444E-5,   836.84232, 1.092733E-11,   146.96833,          NaN,         NaN
  7253.2,  2.437994E-5,   629.42309,  3.500743E-5,   834.89354, 5.100001E-12,   147.29588,          NaN,         NaN
  7258.2,  3.382989E-5,   629.56017,  2.664065E-5,   832.24699, 3.654052E-12,   147.33162,          NaN,         NaN
  7263.2,  2.954859E-5,   628.56932,  1.272557E-5,   829.77048, 9.421814E-12,   147.92352,          NaN,         NaN
  7268.2,  3.781490E-5,   628.99845,  2.020411E-5,   829.54333, 4.478468E-12,   146.57427,          NaN,         NaN
  7273.2,  2.348093E-5,   626.82158,  1.035897E-5,   831.34250, 5.259156E-12,   148.23362,          NaN,         NaN
  7278.2,  2.550941E-5,   625.56478,  4.379861E-5,   831.36976, 5.059896E-12,   149.04315,          NaN,         NaN
  7283.2,  2.003090E-5,   626.28604,  1.171306E-5,   829.96519, 7.933582E-12,   150.95096,          NaN,         NaN
  7288.2,  2.012611E-5,   625.72560,  2.958678E-5,   832.54266, 6.169203E-12,   150.46266,          NaN,         NaN
  7293.2,  3.950797E-5,   625.91339,  2.106186E-5,   832.46485, 6.076390E-12,   149.60075,          NaN,         NaN
  7298.2,  3.017789E-5,   625.13499,  3.122318E-5,   831.98802, 7.306812E-12,   148.66098,          NaN,         NaN
  7303.2,  4.240788E-5,   626.08549,  1.795656E-5,   833.65506, 1.025304E-11,   148.49832,          NaN,         NaN
  7308.2,  3.900557E-5,   625.16548,  2.356019E-5,   832.98448, 6.869981E-12,   148.33297,          NaN,         NaN
  7313.2,  2.815389E-5,   625.30714,  1.792710E-5,   834.27259, 6.489911E-12,   148.39624,          NaN,         NaN
  7318.2,  2.608026E-5,   624.94577,  3.337892E-5,   835.80192, 1.266285E-11,   147.53960,          NaN,         NaN
  7323.2,  2.022324E-5,   624.15091,  2.566356E-5,   835.14520, 1.204951E-11,   146.24144,          NaN,         NaN
  7328.2,  2.927999E-5,   623.24299,  3.855506E-5,   834.05408, 1.429969E-11,   144.73841,          NaN,         NaN
  7333.2,  4.937581E-5,   624.49947,  1.767982E-5,   833.12211, 4.651502E-12,   145.61230,          NaN,         NaN
  7338.2,  2.903409E-5,   625.75104,  9.797368E-6,   835.28099, 5.158258E-12,   145.62057,          NaN,         NaN
  7343.2,  1.977806E-5,   627.21549,  3.264826E-5,   836.82436, 4.272638E-12,   144.39493,          NaN,         NaN
  7348.2,  2.974981E-5,   628.51480,  1.968264E-5,   835.82808, 7.777879E-12,   143.86732,          NaN,         NaN
  7353.2,  6.584610E-5,   627.73993,  2.325408E-5,   835.22092, 9.879989E-12,   142.16681,          NaN,         NaN
  7358.2,  3.907168E-5,   626.44902,  4.168781E-5,   836.86804, 1.014482E-11,   140.00391,          NaN,         NaN
  7363.2,  4.917611E-5,   625.36670,  2.495923E-5,   838.73842, 6.938147E-12,   138.80140,          NaN,         NaN
  7368.2,  3.849847E-5,   625.54472,  2.607786E-5,   838.02785, 7.515403E-12,   140.64138,          NaN,         NaN
  7373.2,  2.018743E-5,   624.53566,  1.620019E-5,   838.87140, 6.954221E-12,   139.12569,          NaN,         NaN
  7378.2,  2.412376E-5,   623.86165,  2.334521E-5,   838.30861, 7.100646E-12,   140.90100,          NaN,         NaN
  7383.2,  4.680198E-5,   624.93214,  7.527393E-6,   840.72899, 6.761921E-12,   139.42385,          NaN,         NaN
  7388.2,  3.902948E-5,   626.00525,  1.000254E-5,   838.28425, 6.776107E-12,   139.62486,          NaN,         NaN
  7393.2,  3.362484E-5,   625.07939,  1.281152E-5,   835.85521, 7.812933E-12,   139.83876,          NaN,         NaN
  7398.2,  1.966437E-5,   625.44695,  1.324200E-5,   833.71382, 7.050936E-12,   139.94207,          NaN,         NaN
  7403.1,  5.168170E-5,   626.68035,  2.900908E-5,   831.25857, 5.456420E-12,   138.84941,          NaN,         NaN
  7408.1,  3.755659E-5,   627.06399,  2.240541E-5,   830.74404, 8.190837E-12,   138.53821,          NaN,         NaN
  7413.1,  2.961839E-5,   626.14195,  2.629183E-5,   830.56707, 5.772465E-12,   137.80652,          NaN,         NaN
  7418.1,  1.974858E-5,   625.79782,  1.548297E-5,   830.52858, 7.288265E-12,   138.15298,          NaN,         NaN
  7423.1,  2.883307E-5,   626.06434,  2.029891E-5,   829.62486, 5.161018E-12,   138.85574,          NaN,         NaN
  7428.1,  4.740909E-5,   624.55019,  1.935598E-5,   831.31431, 6.883407E-12,   140.30310,          NaN,         NaN
  7433.1,  6.862306E-5,   626.27451,  3.079157E-5,   832.75433, 6.912435E-12,   138.12417,          NaN,         NaN
  7438.1,  2.067356E-5,   626.70004,  3.675126E-5,   832.44466, 3.503811E-12,   137.83822,          NaN,         NaN
  7443.1,  2.145131E-5,   628.02541,  2.764283E-5,   834.96239, 9.958049E-12,   138.63575,          NaN,         NaN
  7448.1,  4.214068E-5,   628.41715,  2.880503E-5,   834.63348, 6.329496E-12,   137.09829,          NaN,         NaN
  7453.1,  5.322833E-5,   627.07644,  5.635226E-5,   833.77540, 5.872699E-12,   137.09522,          NaN,         NaN
  7458.1,  3.517789E-5,   627.23102,  3.632947E-5,   834.00023, 5.558382E-12,   136.45998,          NaN,         NaN
  7463.1,  5.431394E-5,   628.66819,  2.506090E-5,   831.12013, 1.081431E-11,   137.01773,          NaN,         NaN
  7468.1,  2.304618E-5,   629.33185,  3.753363E-5,   829.34798, 4.576225E-12,   136.89592,          NaN,         NaN
  7473.1,  3.469096E-5,   628.70982,  1.621541E-5,   831.04625, 7.173893E-12,   135.65743,          NaN,         NaN
  7478.1,  6.338065E-5,   630.41903,  1.552183E-5,   833.00526, 3.584595E-12,   136.74491,          NaN,         NaN
  7483.1,  1.992315E-5,   630.93799,  2.857728E-5,   831.93769, 6.622439E-12,   136.00737,          NaN,         NaN
  7488.1,  3.049712E-5,   629.23341,  9.464523E-6,   831.53821, 7.765855E-12,   137.22658,          NaN,         NaN
  7493.1,  3.618698E-5,   630.09433,  2.922537E-5,   833.23326, 3.868505E-12,   138.15381,          NaN,         NaN
  7498.1,  2.790900E-5,   631.59239,  1.823985E-5,   834.31321, 8.836508E-12,   137.92589,          NaN,         NaN
  7503.1,  3.769440E-5,   630.74135,  8.900340E-6,   835.65167, 5.121646E-12,   137.81872,          NaN,         NaN
  7508.1,  3.888855E-5,   630.72830,  1.041784E-5,   836.34314, 4.352617E-12,   138.43586,          NaN,         NaN
  7513.1,  2.943730E-5,   631.40333,  4.109398E-6,   837.86752, 7.392610E-12,   138.63493,          NaN,         NaN
  7518.1,  2.944644E-5,   632.43693,  2.911550E-5,   836.62319, 1.186694E-11,   136.67332,          NaN,         NaN
  7523.1,  2.878082E-5,   632.87061,  2.934256E-5,   838.57021, 8.862821E-12,   138.73168,          NaN,         NaN
  7528.1,  3.727798E-5,   632.40935,  1.260919E-5,   840.87973, 1.116866E-11,   138.45778,          NaN,         NaN
  7533.1,  1.998650E-5,   633.63730,  2.493302E-5,   838.50072, 4.603344E-12,   137.50314,          NaN,         NaN
  7538.1,  2.859820E-5,   632.94407,  4.397077E-6,   836.76752, 6.984609E-12,   136.31780,          NaN,         NaN
  7543.1,  3.222456E-5,   632.62219,  3.812374E-5,   838.06001, 8.256374E-12,   137.36264,          NaN,         NaN
  7548.1,  2.548637E-5,   634.34822,  8.575830E-6,   840.98100, 1.235123E-11,   134.89458,          NaN,         NaN
  7553.1,  2.562608E-5,   633.93925,  1.957139E-5,   841.11150, 1.044324E-11,   136.29176,          NaN,         NaN
  7558.1,  2.478201E-5,   633.49256,  3.805409E-5,   840.97249, 9.124568E-12,   134.90752,          NaN,         NaN
  7563.1,  3.249365E-5,   634.58820,  1.977165E-5,   841.24210, 7.139455E-12,   136.42621,          NaN,         NaN
  7568.1,  1.821859E-5,   635.15304,  4.807706E-5,   843.82426, 7.038773E-12,   136.82893,          NaN,         NaN
  7573.1,  3.563255E-5,   633.60683,  3.003804E-5,   843.28737, 5.695212E-12,   135.25579,          NaN,         NaN
  7578.1,  2.495562E-5,   634.39234,  2.127350E-5,   842.44367, 7.916634E-12,   134.90125,          NaN,         NaN
  7583.1,  4.862290E-5,   635.41516,  2.921448E-5,   843.32131, 6.540219E-12,   134.80264,          NaN,         NaN
  7588.1,  2.313530E-5,   635.42300,  3.108466E-5,   844.95952, 7.321569E-12,   134.83666,          NaN,         NaN
  7593.1,  4.425202E-5,   635.48536,  1.562480E-5,   845.72120, 4.741799E-12,   133.52776,          NaN,         NaN
  7598.1,  1.885373E-5,   635.05565,  1.702367E-5,   844.86092, 7.133685E-12,   132.23524,          NaN,         NaN
  7603.1,  2.544029E-5,   634.75108,  1.523297E-5,   846.74240, 3.446412E-12,   132.39786,          NaN,         NaN
  7608.1,  3.595946E-5,   635.61983,  1.603030E-5,   847.34700, 3.857800E-12,   132.22362,          NaN,         NaN
  7613.1,  3.109539E-5,   637.49633,  2.843170E-5,   845.16020, 7.277093E-12,   131.36855,          NaN,         NaN
  7618.1,  3.698137E-5,   636.49619,  1.979012E-5,   847.80369, 4.105298E-12,   130.95443,          NaN,         NaN
  7623.1,  3.467263E-5,   637.14600,  2.174331E-5,   847.25442, 6.062398E-12,   130.84162,          NaN,         NaN
  7628.1,  5.737280E-5,   636.30108,  2.855259E-5,   845.93419, 4.616268E-12,   130.92357,          NaN,         NaN
  7633.1,  1.859156E-5,   636.64576,  2.662106E-5,   844.04492, 4.678562E-12,   130.87633,          NaN,         NaN
  7638.1,  3.830943E-5,   635.13612,  2.613830E-5,   841.29275, 8.458849E-12,   132.16757,          NaN,         NaN
  7643.1,  3.720079E-5,   633.96010,  7.837457E-6,   843.77289, 7.844216E-12,   129.78566,          NaN,         NaN
  7648.1,  3.066012E-5,   634.47134,  2.523543E-5,   844.09275, 5.407630E-12,   129.64638,          NaN,         NaN
  7653.1,  4.325595E-5,   634.25829,  1.986399E-5,   845.19541, 6.984680E-12,   129.47410,          NaN,         NaN
  7658.1,  3.069564E-5,   634.35307,  4.325397E-5,   843.25104, 7.903626E-12,   128.44585,          NaN,         NaN
  7663.1,  4.644542E-5,   633.72957,  2.047491E-5,   844.38653, 5.089012E-12,   128.49243,          NaN,         NaN
  7668.1,  3.127635E-5,   632.97685,  2.382114E-5,   845.34845, 7.553807E-12,   129.08286,          NaN,         NaN
  7673.1,  6.506539E-5,   631.44997,  3.149905E-5,   846.30108, 7.556120E-12,   127.85593,          NaN,         NaN
  7678.1,  3.773514E-5,   630.61004,  4.976492E-5,   845.45355, 4.447803E-12,   127.28714,          NaN,         NaN
  7683.1,  2.118450E-5,   629.70261,  9.519527E-6,   847.59192, 1.087444E-11,   126.73228,          NaN,         NaN
  7688.1,  1.632284E-5,   629.47867,  1.841608E-5,   848.13080, 6.584461E-12,   124.97999,          NaN,         NaN
  7693.1,  2.174301E-5,   629.69763,  3.054925E-5,   850.03399, 7.040427E-12,   126.33445,          NaN,         NaN
  7698.1,  6.301464E-5,   630.13531,  1.339938E-5,   852.38826, 4.395131E-12,   125.17537,          NaN,         NaN
  7703.1,  6.718895E-5,   628.92753,  1.762930E-5,   852.79967, 8.739997E-12,   126.13764,          NaN,         NaN
  7708.1,  2.100372E-5,   627.99569,  9.987003E-6,   850.25380, 5.323152E-12,   127.48549,          NaN,         NaN
  7713.1,  2.669782E-5,   627.66225,  1.934911E-5,   848.53379, 7.638521E-12,   126.30891,          NaN,         NaN
  7718.1,  4.848641E-5,   628.33839,  1.228570E-5,   849.84630, 2.732873E-12,   125.63309,          NaN,         NaN
  7723.1,  3.385877E-5,   628.66138,  3.733999E-5,   852.59530, 4.624536E-12,   124.99525,          NaN,         NaN
  7728.1,  3.362476E-5,   628.31422,  3.057081E-5,   852.85199, 4.443103E-12,   124.46525,          NaN,         NaN
  7733.1,  3.165309E-5,   628.32019,  1.611473E-5,   850.49778, 6.997517E-12,   124.57297,          NaN,         NaN
  7738.1,  3.029325E-5,   629.08468,  3.197240E-5,   852.88392, 4.213639E-12,   122.93225,          NaN,         NaN
  7743.1,  2.983225E-5,   628.85746,  4.719166E-5,   851.68057, 5.150801E-12,   122.14291,          NaN,         NaN
  7748.1,  2.922337E-5,   628.49228,  2.764119E-5,   851.69228, 5.966713E-12,   122.44796,          NaN,         NaN
  7753.1,  3.189016E-5,   627.55274,  1.881900E-5,   853.47792, 3.780433E-12,   122.67667,          NaN,         NaN
  7758.1,  1.815096E-5,   627.52213,  2.031917E-5,   852.13827, 5.360568E-12,   121.86594,          NaN,         NaN
  7763.1,  2.754415E-5,   628.07768,  4.750820E-6,   854.23215, 7.317847E-12,   119.92567,          NaN,         NaN
  7768.1,  4.561268E-5,   626.26809,  2.233608E-5,   854.25798, 7.104361E-12,   120.63320,          NaN,         NaN
  7773.1,  3.075194E-5,   626.37673,  2.535963E-5,   853.74834, 4.815575E-12,   119.30949,          NaN,         NaN
  7778.1,  1.578905E-5,   625.14710,  1.286750E-5,   855.12247, 4.758859E-12,   119.61792,          NaN,         NaN
  7783.1,  4.040044E-5,   625.82352,  1.052866E-5,   854.86389, 4.267356E-12,   118.82105,          NaN,         NaN
  7788.1,  3.069538E-5,   625.31957,  3.001125E-5,   853.66140, 6.425654E-12,   118.62140,          NaN,         NaN
  7793.1,  4.313610E-5,   625.53312,  2.828576E-5,   853.47962, 9.963087E-12,   116.52748,          NaN,         NaN
  7798.1,  4.540512E-5,   625.23861,  2.938799E-5,   853.62930, 4.474085E-12,   116.68016,          NaN,         NaN
  7803.0,  2.332098E-5,   623.82881,  4.960784E-6,   851.97598, 8.313919E-12,   116.06286,          NaN,         NaN
  7808.0,  3.649117E-5,   623.12291,  1.648648E-5,   849.61595, 7.210981E-12,   114.13362,          NaN,         NaN
  7813.0,  1.819972E-5,   623.02927,  1.342256E-5,   847.70109, 8.243503E-12,   115.89079,          NaN,         NaN
  7818.0,  2.340974E-5,   623.13252,  2.687497E-5,   850.60396, 9.274501E-12,   113.70939,          NaN,         NaN
  7823.0,  1.786822E-5,   624.63497,  1.307089E-5,   851.55367, 5.561342E-12,   112.91834,          NaN,         NaN
  7828.0,  3.669632E-5,   624.59145,  1.549392E-5,   848.84250, 8.935838E-12,   111.71788,          NaN,         NaN
  7833.0,  2.365425E-5,   623.98024,  3.386031E-6,   847.10409, 7.387558E-12,   110.01690,          NaN,         NaN
  7838.0,  2.984791E-5,   623.15287,  3.970524E-5,   847.07158, 6.180710E-12,   110.68194,          NaN,         NaN
  7843.0,  2.188004E-5,   623.77963,  2.841453E-5,   846.51849, 9.154426E-12,   110.55626,          NaN,         NaN
  7848.0,  1.933138E-5,   622.54685,  2.497659E-5,   844.06006, 4.662416E-12,   110.08543,          NaN,         NaN
  7853.0,  2.420226E-5,   622.57489,  1.783496E-5,   841.94725, 4.277971E-12,   111.16397,          NaN,         NaN
  7858.0,  3.950421E-5,   622.09352,  1.252813E-5,   842.06178, 5.972269E-12,   111.90198,          NaN,         NaN
  7863.0,  4.084220E-5,   621.95247,  1.409037E-5,   843.29492, 5.954740E-12,   112.78020,          NaN,         NaN
  7868.0,  3.844571E-5,   621.06749,  2.473674E-5,   842.35050, 7.010374E-12,   112.77159,          NaN,         NaN
  7873.0,  2.858174E-5,   621.92396,  2.220908E-5,   844.17907, 8.547185E-12,   110.64936,          NaN,         NaN
  7878.0,  1.541923E-5,   621.65378,  2.030875E-5,   846.61077, 7.259413E-12,   109.81332,          NaN,         NaN
  7883.0,  2.830841E-5,   620.94536,  3.642743E-5,   843.59558, 5.385861E-12,   109.73138,          NaN,         NaN
  7888.0,  4.604572E-5,   619.82864,  1.801659E-5,   842.85557, 7.397370E-12,   107.65627,          NaN,         NaN
  7893.0,  3.289452E-5,   619.94092,  1.574763E-5,   843.93158, 5.551678E-12,   107.26769,          NaN,         NaN
  7898.0,  2.967059E-5,   620.58143,  1.506198E-5,   844.25083, 4.865922E-12,   106.29820,          NaN,         NaN
  7903.0,  3.625615E-5,   619.12305,  4.340039E-5,   844.96046, 6.247584E-12,   107.61211,          NaN,         NaN
  7908.0,  5.960621E-5,   620.32373,  2.651760E-5,   846.35418, 6.259704E-12,   106.23006,          NaN,         NaN
  7913.0,  3.733928E-5,   622.41608,  1.629218E-5,   847.48659, 4.982225E-12,   104.20556,          NaN,         NaN
  7918.0,  5.242497E-5,   621.39617,  1.758097E-5,   850.23265, 6.125676E-12,   105.02303,          NaN,         NaN
  7923.0,  3.173106E-5,   622.33800,  7.689638E-6,   848.42680, 3.609587E-12,   104.21798,          NaN,         NaN
  7928.0,  4.941420E-5,   623.50758,  1.141689E-5,   846.22421, 8.717134E-12,   104.53797,          NaN,         NaN
  7933.0,  1.845981E-5,   622.56768,  1.471238E-5,   844.48826, 3.777953E-12,   105.22160,          NaN,         NaN
  7938.0,  4.177899E-5,   622.85485,  2.636115E-5,   843.01376, 2.773860E-12,   104.97956,          NaN,         NaN
  7943.0,  2.163042E-5,   623.59124,  1.923096E-5,   843.45181, 6.837091E-12,   105.28404,          NaN,         NaN
  7948.0,  5.082497E-5,   623.82323,  3.284015E-5,   843.13402, 4.691520E-12,   104.91151,          NaN,         NaN
  7953.0,  3.862916E-5,   623.52025,  2.190006E-5,   842.83238, 6.048878E-12,   104.22038,          NaN,         NaN
  7958.0,  2.594891E-5,   625.24149,  7.984284E-6,   845.33115, 3.577403E-12,   105.16501,          NaN,         NaN
  7963.0,  2.889421E-5,   627.15619,  1.107659E-5,   847.01249, 4.982239E-12,   104.22106,          NaN,         NaN
  7968.0,  2.953236E-5,   626.06547,  4.345442E-5,   845.73865, 4.689562E-12,   105.88333,          NaN,         NaN
  7973.0,  5.859139E-5,   626.31155,  3.894777E-5,   846.45956, 5.501347E-12,   105.51570,          NaN,         NaN
  7978.0,  4.234803E-5,   625.56427,  3.081279E-5,   845.52252, 4.372693E-12,   105.52131,          NaN,         NaN
  7983.0,  2.376343E-5,   625.27588,  2.984773E-5,   846.89868, 7.941953E-12,   105.31087,          NaN,         NaN
  7988.0,  1.722226E-5,   624.94781,  7.726991E-6,   849.58503, 4.513185E-12,   105.08776,          NaN,         NaN
  7993.0,  2.153987E-5,   624.95826,  3.970524E-5,   852.34460, 8.018563E-12,   104.24886,          NaN,         NaN
  7998.0,  3.680015E-5,   624.65937,  2.790636E-5,   854.22665, 6.987230E-12,   103.26971,          NaN,         NaN
  8003.0,  2.649943E-5,   623.57700,  1.896184E-5,   855.57682, 7.263089E-12,   103.18544,          NaN,         NaN
  8008.0,  1.914040E-5,   624.18948,  1.650634E-5,   855.40286, 4.007810E-12,   103.08274,          NaN,         NaN
  8013.0,  3.436007E-5,   623.73533,  1.281766E-5,   855.93951, 4.084434E-12,   103.05223,          NaN,         NaN
  8018.0,  4.009963E-5,   622.76281,  2.287630E-5,   854.27286, 4.475793E-12,   102.81505,          NaN,         NaN
  8023.0,  3.832390E-5,   624.67029,  4.597759E-5,   854.46974, 8.838747E-12,   101.55499,          NaN,         NaN
  8028.0,  3.238104E-5,   622.99925,  2.424494E-5,   855.23012, 4.783322E-12,   101.57344,          NaN,         NaN
  8033.0,  1.981523E-5,   621.19906,  1.668072E-5,   856.65426, 1.015357E-11,   100.42620,          NaN,         NaN
  8038.0,  4.550196E-5,   621.57196,  2.050523E-5,   858.19956, 7.950197E-12,    99.77982,          NaN,         NaN
  8043.0,  4.928533E-5,   621.01696,  2.377771E-5,   858.11224, 7.274683E-12,    98.73942,          NaN,         NaN
  8048.0,  5.232543E-5,   620.62975,  1.699199E-5,   858.43327, 7.069474E-12,    97.27521,          NaN,         NaN
  8053.0,  2.788197E-5,   619.21417,  1.962440E-5,   859.22517, 4.986651E-12,    98.41958,          NaN,         NaN
  8058.0,  2.528509E-5,   618.04389,  3.799334E-5,   858.69654, 5.433301E-12,    99.58095,          NaN,         NaN
  8063.0,  4.687680E-5,   617.91480,  2.531300E-5,   859.22407, 6.758332E-12,   100.48255,          NaN,         NaN
  8068.0,  3.879701E-5,   617.37954,  9.435931E-6,   859.84333, 8.123978E-12,    98.99011,          NaN,         NaN
  8073.0,  3.366993E-5,   617.00202,  1.218910E-5,   860.46876, 4.980416E-12,    97.86902,          NaN,         NaN
  8078.0,  2.355224E-5,   617.29091,  2.025940E-5,   861.20080, 3.810739E-12,    97.37527,          NaN,         NaN
  8083.0,  2.265864E-5,   617.22685,  3.738988E-5,   861.59016, 7.750815E-12,    97.14003,          NaN,         NaN
  8088.0,  3.060670E-5,   616.16924,  1.005980E-5,   860.74033, 9.510896E-12,    95.48809,          NaN,         NaN
  8093.0,  2.887103E-5,   615.62420,  1.068278E-5,   862.34325, 7.556378E-12,    94.13164,          NaN,         NaN
  8098.0,  3.716511E-5,   613.95462,  3.938928E-5,   862.14954, 5.431700E-12,    93.38461,          NaN,         NaN
  8103.0,  1.801552E-5,   612.77979,  3.776713E-5,   862.23828, 6.613522E-12,    93.28869,          NaN,         NaN
  8108.0,  2.418114E-5,   611.64823,  7.272595E-6,   862.09125, 5.197992E-12,    91.64659,          NaN,         NaN
  8113.0,  1.606150E-5,   612.07904,  1.976639E-5,   861.48224, 1.425626E-11,    89.71947,          NaN,         NaN
  8118.0,  3.259330E-5,   610.65680,  1.557038E-5,   863.92606, 6.321947E-12,    88.75982,          NaN,         NaN
  8123.0,  1.957959E-5,   610.63448,  7.486913E-6,   861.60249, 7.403721E-12,    88.08696,          NaN,         NaN
  8128.0,  1.745962E-5,   610.60205,  3.070405E-5,   859.36541, 4.724504E-12,    87.49645,          NaN,         NaN
  8133.0,  2.553180E-5,   609.46733,  2.160207E-5,   857.92784, 1.240798E-11,    86.95798,          NaN,         NaN
  8138.0,  5.024776E-5,   608.73438,  2.219760E-5,   857.62307, 6.833086E-12,    87.15673,          NaN,         NaN
  8143.0,  2.571245E-5,   607.82354,  2.172971E-5,   860.03271, 8.482376E-12,    85.18437,          NaN,         NaN
  8148.0,  2.090459E-5,   608.70530,  7.996483E-6,   858.97444, 1.016023E-11,    83.25362,          NaN,         NaN
  8153.0,  3.642127E-5,   609.54577,  1.441202E-5,   856.42380, 8.384811E-12,    81.56052,          NaN,         NaN
  8158.0,  2.016756E-5,   610.17965,  1.579006E-5,   854.15627, 3.431862E-12,    81.31305,          NaN,         NaN
  8163.0,  2.203000E-5,   608.73273,  1.706710E-5,   856.34335, 5.282038E-12,    80.81100,          NaN,         NaN
  8168.0,  2.666095E-5,   609.15136,  3.488235E-5,   856.10309, 7.199037E-12,    80.91344,          NaN,         NaN
  8173.0,  3.962978E-5,   608.43378,  2.401189E-5,   856.58108, 7.591377E-12,    80.90892,          NaN,         NaN
  8178.0,  2.534943E-5,   608.61056,  1.816380E-5,   855.17823, 5.585877E-12,    80.97530,          NaN,         NaN
  8183.0,  3.888709E-5,   608.56358,  1.896655E-5,   857.16804, 4.630899E-12,    80.10836,          NaN,         NaN
  8188.0,  2.162346E-5,   607.26750,  2.222735E-5,   857.12206, 5.849584E-12,    81.12529,          NaN,         NaN
  8193.0,  1.672701E-5,   607.10103,  2.586547E-5,   859.82699, 3.463735E-12,    80.80341,          NaN,         NaN
  8198.0,  5.914361E-5,   607.00442,  4.593849E-5,   858.92057, 1.294622E-11,    80.23316,          NaN,         NaN
  8202.9,  2.743646E-5,   606.55610,  2.772606E-5,   859.10441, 8.426730E-12,    78.63132,          NaN,         NaN
  8207.9,  2.477575E-5,   606.79579,  2.497263E-5,   859.25063, 7.203199E-12,    79.81935,          NaN,         NaN
  8212.9,  2.223282E-5,   606.50024,  3.350661E-5,   858.17428, 5.590917E-12,    80.22665,          NaN,         NaN
  8217.9,  1.558203E-5,   606.50898,  2.351926E-5,   858.82696, 4.027871E-12,    80.11598,          NaN,         NaN
  8222.9,  2.321359E-5,   605.97245,  2.704159E-5,   856.41681, 4.476116E-12,    79.17567,          NaN,         NaN
  8227.9,  3.439564E-5,   606.63784,  2.049220E-5,   856.66488, 6.875732E-12,    79.81663,          NaN,         NaN
  8232.9,  3.396402E-5,   605.91510,  2.037395E-5,   856.28773, 4.138157E-12,    80.09024,          NaN,         NaN
  8237.9,  4.121464E-5,   606.37519,  2.363160E-5,   857.20357, 8.249621E-12,    79.58675,          NaN,         NaN
  8242.9,  2.586484E-5,   605.27987,  3.785374E-5,   855.86385, 3.097042E-12,    80.14183,          NaN,         NaN
  8247.9,  3.639785E-5,   604.71661,  1.169874E-5,   856.16618, 4.874103E-12,    79.78890,          NaN,         NaN
  8252.9,  2.273543E-5,   603.92574,  1.765271E-5,   854.23152, 7.633377E-12,    79.53074,          NaN,         NaN
  8257.9,  2.643028E-5,   602.84239,  2.460309E-5,   851.38300, 7.832312E-12,    78.05222,          NaN,         NaN
  8262.9,  1.632640E-5,   602.58321,  1.790701E-5,   852.81873, 4.647183E-12,    77.10864,          NaN,         NaN
  8267.9,  2.346851E-5,   602.51144,  3.013164E-5,   853.96252, 5.298150E-12,    77.01550,          NaN,         NaN
  8272.9,  2.544915E-5,   602.57195,  4.197191E-5,   853.39119, 5.899201E-12,    76.11043,          NaN,         NaN
  8277.9,  2.021735E-5,   602.06525,  6.515628E-6,   852.37532, 4.622567E-12,    76.36333,          NaN,         NaN
  8282.9,  2.664061E-5,   601.00026,  8.988249E-6,   853.91115, 4.745785E-12,    76.96733,          NaN,         NaN
  8287.9,  3.632784E-5,   599.60963,  1.133501E-5,   855.98907, 4.333947E-12,    76.15405,          NaN,         NaN
  8292.9,  5.540466E-5,   599.18843,  1.126886E-5,   856.02553, 5.806857E-12,    75.69134,          NaN,         NaN
  8297.9,  2.505839E-5,   598.70212,  1.383271E-5,   857.09918, 6.157576E-12,    74.83682,          NaN,         NaN
  8302.9,  3.211071E-5,   598.35254,  6.295882E-6,   859.45407, 6.195948E-12,    74.41627,          NaN,         NaN
  8307.9,  2.594797E-5,   599.40182,  2.692385E-5,   862.06948, 6.178246E-12,    74.22243,          NaN,         NaN
  8312.9,  1.848430E-5,   599.71839,  1.080812E-5,   864.46162, 9.284225E-12,    73.71731,          NaN,         NaN
  8317.9,  4.217929E-5,   599.04875,  1.170241E-5,   866.01362, 8.075684E-12,    72.60743,          NaN,         NaN
  8322.9,  4.564765E-5,   598.77510,  2.564661E-5,   864.61406, 9.729828E-12,    72.72236,          NaN,         NaN
  8327.9,  2.832931E-5,   599.92506,  7.872802E-6,   865.02104, 8.011154E-12,    71.68161,          NaN,         NaN
  8332.9,  2.584950E-5,   598.16317,  9.148253E-6,   863.87730, 5.858059E-12,    71.90290,          NaN,         NaN
  8337.9,  2.984909E-5,   597.53885,  1.552448E-5,   863.58069, 5.266406E-12,    70.10448,          NaN,         NaN
  8342.9,  4.616250E-5,   595.76885,  7.837878E-6,   860.77244, 5.806223E-12,    69.81008,          NaN,         NaN
  8347.9,  3.156469E-5,   594.47008,  2.258175E-5,   859.92443, 6.297689E-12,    68.85933,          NaN,         NaN
  8352.9,  2.301782E-5,   595.28300,  2.294268E-5,   860.45929, 5.133952E-12,    68.49448,          NaN,         NaN
  8357.9,  3.489827E-5,   595.23619,  1.909248E-5,   859.40833, 4.553501E-12,    69.14486,          NaN,         NaN
  8362.9,  3.042215E-5,   594.03922,  2.473601E-5,   859.96314, 5.428416E-12,    69.33272,          NaN,         NaN
  8367.9,  2.170119E-5,   594.15671,  8.580124E-6,   858.25411, 4.554294E-12,    69.00861,          NaN,         NaN
  8372.9,  2.459297E-5,   593.86553,  3.842687E-5,   855.70191, 5.999955E-12,    70.69988,          NaN,         NaN
  8377.9,  2.608313E-5,   593.47384,  1.537514E-5,   853.55543, 4.154160E-12,    70.68327,          NaN,         NaN
  8382.9,  2.222716E-5,   591.81564,  8.095802E-6,   850.69748, 6.933451E-12,    70.62342,          NaN,         NaN
  8387.9,  2.549307E-5,   590.73513,  2.604859E-5,   851.25304, 5.622920E-12,    70.63662,          NaN,         NaN
  8392.9,  2.765038E-5,   591.86864,  1.357829E-5,   850.21395, 4.601913E-12,    71.30851,          NaN,         NaN
  8397.9,  3.537118E-5,   591.08065,  2.070909E-5,   852.88613, 6.746518E-12,    70.54892,          NaN,         NaN
  8402.9,  4.313711E-5,   590.26681,  2.333052E-5,   851.87065, 8.620806E-12,    70.30976,          NaN,         NaN
  8407.9,  3.298518E-5,   590.06703,  8.062101E-6,   852.20696, 5.074875E-12,    69.82084,          NaN,         NaN
  8412.9,  4.221077E-5,   588.02720,  2.604977E-5,   851.42307, 5.827852E-12,    70.07082,          NaN,         NaN
  8417.9,  2.008858E-5,   588.59321,  5.753967E-6,   852.12249, 1.210221E-11,    69.19699,          NaN,         NaN
  8422.9,  2.279682E-5,   587.07504,  1.402926E-5,   853.55319, 7.893074E-12,    68.10956,          NaN,         NaN
  8427.9,  2.671989E-5,   586.71071,  1.687946E-5,   854.71829, 5.563856E-12,    67.89845,          NaN,         NaN
  8432.9,  2.023030E-5,   586.27584,  2.675118E-5,   854.82018, 5.160202E-12,    67.92258,          NaN,         NaN
  8437.9,  3.108585E-5,   585.20055,  1.085145E-5,   854.22723, 8.044420E-12,    67.31195,          NaN,         NaN
  8442.9,  3.067446E-5,   585.18696,  1.554975E-5,   856.92964, 5.426358E-12,    65.40397,          NaN,         NaN
  8447.9,  3.837535E-5,   584.29063,  2.322830E-5,   856.71117, 3.841415E-12,    64.37972,          NaN,         NaN
  8452.9,  3.299881E-5,   583.75457,  6.548793E-6,   855.74696, 5.115562E-12,    64.19918,          NaN,         NaN
  8457.9,  1.545707E-5,   582.72016,  2.166557E-5,   856.61689, 3.807539E-12,    65.26670,          NaN,         NaN
  8462.9,  2.797654E-5,   582.71371,  1.757899E-5,   854.09214, 4.096648E-12,    66.16405,          NaN,         NaN
  8467.9,  3.500571E-5,   580.74102,  9.303280E-6,   856.33153, 5.708736E-12,    67.42219,          NaN,         NaN
  8472.9,  4.041318E-5,   578.58049,  8.549410E-6,   859.10742, 6.669741E-12,    67.89682,          NaN,         NaN
  8477.9,  2.623380E-5,   579.19983,  2.251420E-5,   860.35694, 5.371081E-12,    66.68336,          NaN,         NaN
  8482.9,  4.227284E-5,   578.43830,  3.653912E-5,   858.77792, 6.449281E-12,    65.87497,          NaN,         NaN
  8487.9,  4.285080E-5,   576.28332,  1.494624E-5,   859.98709, 5.176182E-12,    64.22452,          NaN,         NaN
  8492.9,  3.233283E-5,   576.54328,  8.898479E-6,   857.52991, 9.508217E-12,    63.72035,          NaN,         NaN
  8497.9,  2.342828E-5,   575.09836,  1.912787E-5,   856.62617, 8.440900E-12,    62.94079,          NaN,         NaN
  8502.9,  3.209588E-5,   573.78014,  2.312204E-5,   856.09033, 8.331991E-12,    62.52512,          NaN,         NaN
  8507.9,  2.611310E-5,   574.63254,  1.723881E-5,   855.17209, 5.669185E-12,    61.41148,          NaN,         NaN
  8512.9,  2.157103E-5,   574.87637,  1.509146E-5,   855.98906, 5.311345E-12,    60.86848,          NaN,         NaN
  8517.9,  2.469112E-5,   575.12272,  2.401808E-5,   853.60627, 4.092472E-12,    60.18314,          NaN,         NaN
  8522.9,  3.712207E-5,   574.22965,  1.330594E-5,   853.74243, 7.078971E-12,    61.04099,          NaN,         NaN
  8527.9,  3.187018E-5,   573.21400,  2.303628E-5,   852.27503, 4.977895E-12,    60.37365,          NaN,         NaN
  8532.9,  3.333465E-5,   571.43725,  1.166253E-5,   853.47200, 5.309588E-12,    60.27679,          NaN,         NaN
  8537.9,  2.384871E-5,   571.26784,  1.239569E-5,   853.31097, 6.003464E-12,    59.23009,          NaN,         NaN
  8542.9,  1.769448E-5,   571.74601,  1.860974E-5,   851.86657, 5.417665E-12,    58.41453,          NaN,         NaN
  8547.9,  2.338803E-5,   572.02825,  1.169904E-5,   853.80869, 3.505097E-12,    57.87361,          NaN,         NaN
  8552.9,  2.252228E-5,   571.42144,  1.711956E-5,   854.99240, 4.864862E-12,    57.97237,          NaN,         NaN
  8557.9,  2.092528E-5,   570.57531,  1.905958E-5,   855.74470, 8.350999E-12,    56.57602,          NaN,         NaN
  8562.9,  2.874383E-5,   569.42047,  2.066744E-5,   852.90150, 4.873378E-12,    55.86164,          NaN,         NaN
  8567.9,  3.001413E-5,   569.47624,  1.588696E-5,   851.73425, 4.531164E-12,    55.61311,          NaN,         NaN
  8572.9,  1.420216E-5,   569.29078,  5.900983E-6,   853.27669, 4.680683E-12,    56.56019,          NaN,         NaN
  8577.9,  2.121981E-5,   567.82785,  1.093067E-5,   852.17169, 4.620116E-12,    56.95167,          NaN,         NaN
  8582.9,  1.355089E-5,   567.95506,  6.253103E-6,   851.42846, 7.490599E-12,    55.60305,          NaN,         NaN
  8587.9,  1.947836E-5,   567.21490,  2.146552E-5,   850.06861, 4.064402E-12,    55.03557,          NaN,         NaN
  8592.9,  2.308961E-5,   566.62297,  2.264933E-5,   847.99698, 4.409561E-12,    54.43282,          NaN,         NaN
  8597.9,  2.185235E-5,   565.46137,  3.203273E-5,   849.02550, 8.712691E-12,    53.80968,          NaN,         NaN
  8602.8,  2.707285E-5,   565.56226,  8.524634E-6,   846.17492, 6.745163E-12,    53.40840,          NaN,         NaN
  8607.8,  2.351787E-5,   565.01331,  9.849172E-6,   846.96160, 4.875055E-12,    51.77253,          NaN,         NaN
  8612.8,  2.703943E-5,   564.29113,  7.479630E-6,   847.75367, 5.922575E-12,    52.52702,          NaN,         NaN
  8617.8,  1.566130E-5,   563.60766,  8.527517E-6,   847.87820, 4.714502E-12,    52.12946,          NaN,         NaN
  8622.8,  3.750342E-5,   563.13899,  1.443915E-5,   850.51292, 6.795405E-12,    50.63335,          NaN,         NaN
  8627.8,  3.504021E-5,   562.39448,  1.167213E-5,   849.57562, 6.657630E-12,    49.63676,          NaN,         NaN
  8632.8,  2.822515E-5,   561.17579,  2.175333E-5,   849.36163, 6.963284E-12,    49.03166,          NaN,         NaN
  8637.8,  2.475566E-5,   560.41146,  1.040468E-5,   848.76464, 7.119081E-12,    48.84053,          NaN,         NaN
  8642.8,  2.341752E-5,   560.35187,  3.582521E-5,   847.11535, 4.227905E-12,    49.31054,          NaN,         NaN
  8647.8,  2.838476E-5,   561.65945,  3.709852E-5,   846.16660, 5.064339E-12,    48.72180,          NaN,         NaN
  8652.8,  1.585040E-5,   562.25431,  1.732844E-5,   845.12909, 3.122983E-12,    48.96280,          NaN,         NaN
  8657.8,  2.953848E-5,   560.98527,  3.601668E-5,   843.99049, 2.908050E-12,    49.02889,          NaN,         NaN
  8662.8,  3.292505E-5,   561.48782,  2.910709E-5,   842.94962, 3.706019E-12,    48.33461,          NaN,         NaN
  8667.8,  2.540163E-5,   560.35493,  1.490883E-5,   841.34018, 4.518120E-12,    48.54155,          NaN,         NaN
  8672.8,  2.542043E-5,   560.91942,  1.277794E-5,   843.14708, 5.254604E-12,    49.18274,          NaN,         NaN
  8677.8,  4.141358E-5,   560.27591,  2.635469E-5,   842.43361, 4.415823E-12,    47.82786,          NaN,         NaN
  8682.8,  1.819315E-5,   560.52009,  3.254871E-6,   845.13430, 5.051145E-12,    47.03666,          NaN,         NaN
  8687.8,  1.873655E-5,   560.47493,  1.732877E-5,   844.82860, 2.776505E-12,    47.38503,          NaN,         NaN
  8692.8,  2.570178E-5,   559.67266,  2.068417E-5,   846.38662, 5.029818E-12,    46.08066,          NaN,         NaN
  8697.8,  3.465155E-5,   558.10720,  2.157702E-5,   844.25397, 7.407622E-12,    44.23543,          NaN,         NaN
  8702.8,  1.850141E-5,   557.77508,  2.683877E-5,   842.17121, 3.324170E-12,    43.61696,          NaN,         NaN
  8707.8,  2.389030E-5,   558.94999,  1.940050E-5,   839.76929, 4.040006E-12,    44.18416,          NaN,         NaN
  8712.8,  3.243653E-5,   557.97130,  1.495065E-5,   841.60172, 5.253851E-12,    45.88713,          NaN,         NaN
  8717.8,  3.373679E-5,   556.24000,  3.083348E-5,   840.05884, 5.273342E-12,    45.27306,          NaN,         NaN
  8722.8,  2.340623E-5,   557.56081,  3.117550E-5,   838.31539, 9.126500E-12,    44.36661,          NaN,         NaN
  8727.8,  3.664240E-5,   556.92312,  1.466198E-5,   835.74663, 5.655465E-12,    44.56804,          NaN,         NaN
  8732.8,  2.211926E-5,   555.41393,  2.185576E-5,   836.19669, 6.371633E-12,    43.79129,          NaN,         NaN
  8737.8,  2.752048E-5,   555.56310,  1.020590E-5,   834.64602, 6.451789E-12,    42.95747,          NaN,         NaN
  8742.8,  1.422873E-5,   555.02383,  1.841718E-5,   832.01321, 7.650961E-12,    41.71940,          NaN,         NaN
  8747.8,  2.731963E-5,   555.35410,  8.857618E-6,   833.05048, 4.405908E-12,    41.14101,          NaN,         NaN
  8752.8,  2.340293E-5,   554.65052,  1.297746E-5,   830.86319, 4.011160E-12,    40.28326,          NaN,         NaN
  8757.8,  2.449638E-5,   553.96133,  4.677182E-6,   828.37229, 7.282736E-12,    40.34050,          NaN,         NaN
  8762.8,  2.963868E-5,   552.48221,  6.559723E-6,   826.11747, 3.137416E-12,    39.85146,          NaN,         NaN
  8767.8,  2.012772E-5,   552.07576,  9.561916E-6,   825.88335, 4.848314E-12,    40.12088,          NaN,         NaN
  8772.8,  1.919172E-5,   552.40575,  2.322212E-5,   823.24301, 5.472918E-12,    39.43931,          NaN,         NaN
  8777.8,  2.802687E-5,   551.13052,  1.583025E-5,   820.94608, 7.880889E-12,    38.34898,          NaN,         NaN
  8782.8,  3.975192E-5,   550.04187,  2.233561E-5,   820.44024, 7.754454E-12,    36.99755,          NaN,         NaN
  8787.8,  2.270572E-5,   550.17768,  1.632184E-5,   819.16269, 5.009779E-12,    36.25274,          NaN,         NaN
  8792.8,  1.543077E-5,   549.39699,  2.725545E-5,   819.44733, 6.213114E-12,    35.23957,          NaN,         NaN
  8797.8,  2.165478E-5,   548.72947,  3.057639E-5,   818.57364, 4.585202E-12,    34.17955,          NaN,         NaN
  8802.8,  2.601958E-5,   548.67211,  1.605826E-5,   819.02549, 5.755036E-12,    34.58384,          NaN,         NaN
  8807.8,  1.886407E-5,   549.14984,  2.399734E-5,   819.31592, 5.469792E-12,    33.10663,          NaN,         NaN
  8812.8,  2.289162E-5,   548.27412,  1.681763E-5,   819.86723, 9.027952E-12,    32.99024,          NaN,         NaN
  8817.8,  2.571620E-5,   547.74736,  2.059536E-5,   817.17918, 6.900582E-12,    31.76378,          NaN,         NaN
  8822.8,  3.870232E-5,   547.29798,  1.022447E-5,   818.67005, 3.353353E-12,    31.24706,          NaN,         NaN
  8827.8,  1.659510E-5,   546.25420,  1.212753E-5,   817.28792, 5.879415E-12,    30.14193,          NaN,         NaN
  8832.8,  1.271889E-5,   546.09561,  1.953955E-5,   816.21138, 9.122363E-12,    29.16234,          NaN,         NaN
  8837.8,  3.536737E-5,   544.83024,  1.341928E-5,   815.69237, 3.424983E-12,    28.90100,          NaN,         NaN
  8842.8,  2.437277E-5,   543.87376,  1.200837E-5,   815.06584, 3.562895E-12,    28.74703,          NaN,         NaN
  8847.8,  2.569217E-5,   544.09567,  1.525874E-5,   815.42258, 5.202417E-12,    28.11964,          NaN,         NaN
  8852.8,  2.628537E-5,   544.60475,  1.137259E-5,   814.12067, 4.924419E-12,    26.52768,          NaN,         NaN
  8857.8,  1.126557E-5,   544.59785,  2.186313E-5,   815.33963, 4.332208E-12,    24.46346,          NaN,         NaN
  8862.8,  3.480089E-5,   544.30634,  7.926322E-6,   813.60878, 6.215091E-12,    23.53514,          NaN,         NaN
  8867.8,  3.419879E-5,   545.59797,  4.014724E-5,   815.27107, 4.853626E-12,    24.32174,          NaN,         NaN
  8872.8,  2.308578E-5,   544.17022,  1.654289E-5,   813.53490, 2.693665E-12,    23.24498,          NaN,         NaN
  8877.8,  1.493350E-5,   544.89855,  1.494057E-5,   811.41815, 7.453504E-12,    23.41451,          NaN,         NaN
  8882.8,  2.574925E-5,   545.23532,  2.285612E-5,   814.25200, 4.653416E-12,    22.14262,          NaN,         NaN
  8887.8,  2.490326E-5,   545.13527,  1.719878E-5,   813.72133, 2.417560E-12,    22.26108,          NaN,         NaN
  8892.8,  3.920075E-5,   544.05423,  2.408933E-5,   811.62205, 3.890821E-12,    23.08632,          NaN,         NaN
  8897.8,  3.068764E-5,   544.21138,  2.013738E-5,   811.26255, 6.737003E-12,    21.59181,          NaN,         NaN
  8902.8,  1.987662E-5,   542.98617,  2.341194E-5,   809.77408, 5.886774E-12,    21.69187,          NaN,         NaN
  8907.8,  1.461993E-5,   542.15812,  1.898944E-5,   808.90880, 6.995002E-12,    20.48117,          NaN,         NaN
  8912.8,  2.036949E-5,   542.90735,  1.139304E-5,   810.59317, 8.553678E-12,    19.96330,          NaN,         NaN
  8917.8,  2.251052E-5,   541.82818,  8.436239E-6,   809.78358, 5.115641E-12,    18.98564,          NaN,         NaN
  8922.8,  1.864317E-5,   540.47979,  1.840687E-5,   808.85266, 8.357558E-12,    17.87057,          NaN,         NaN
  8927.8,  2.734821E-5,   541.19440,  1.942152E-5,   808.11330, 5.385452E-12,    16.27401,          NaN,         NaN
  8932.8,  1.914378E-5,   540.69968,  1.461872E-5,   807.34517, 6.960863E-12,    16.67131,          NaN,         NaN
  8937.8,  3.130648E-5,   539.50679,  1.171190E-5,   807.09784, 4.313706E-12,    16.51687,          NaN,         NaN
  8942.8,  2.667299E-5,   539.06388,  2.643026E-5,   805.32625, 3.518756E-12,    16.24812,          NaN,         NaN
  8947.8,  1.777133E-5,   538.37847,  1.382244E-5,   804.21173, 6.753525E-12,    16.35594,          NaN,         NaN
  8952.8,  2.477456E-5,   538.72512,  1.085512E-5,   803.32418, 4.351949E-12,    17.31222,          NaN,         NaN
  8957.8,  1.479409E-5,   538.04325,  1.938155E-5,   801.39671, 3.922585E-12,    18.56696,          NaN,         NaN
  8962.8,  1.916291E-5,   536.72088,  7.793685E-6,   799.07045, 4.745372E-12,    17.13739,          NaN,         NaN
  8967.8,  1.867386E-5,   534.61033,  1.220227E-5,   797.21162, 7.027461E-12,    16.83277,          NaN,         NaN
  8972.8,  2.124339E-5,   533.86567,  1.344910E-5,   799.95353, 4.289113E-12,    16.11584,          NaN,         NaN
  8977.8,  4.032305E-5,   533.58546,  1.700679E-5,   801.96585, 4.875976E-12,    14.70410,          NaN,         NaN
  8982.8,  2.566150E-5,   532.26568,  1.205314E-5,   799.50202, 4.484757E-12,    13.87913,          NaN,         NaN
  8987.8,  3.326844E-5,   531.14339,  3.043287E-5,   799.11777, 3.034200E-12,    13.32808,          NaN,         NaN
  8992.8,  1.878645E-5,   529.97045,  1.545559E-5,   797.03353, 3.883459E-12,    13.24005,          NaN,         NaN
  8997.8,  2.071265E-5,   529.81176,  2.574614E-5,   797.61682, 9.031035E-12,    13.03539,          NaN,         NaN
  9002.7,  4.160929E-5,   529.43006,  1.945956E-5,   796.32672, 4.948637E-12,    11.97882,          NaN,         NaN
  9007.7,  2.968881E-5,   528.78227,  2.471531E-5,   797.25329, 3.009537E-12,    11.27492,          NaN,         NaN
  9012.7,  2.426570E-5,   528.12128,  2.767448E-5,   795.91957, 3.857348E-12,    10.69276,          NaN,         NaN
  9017.7,  2.715090E-5,   528.10670,  1.813006E-5,   795.77791, 5.122257E-12,     9.91599,          NaN,         NaN
  9022.7,  1.585741E-5,   526.88989,  2.440917E-5,   794.31139, 4.804780E-12,     9.12974,          NaN,         NaN
  9027.7,  3.460826E-5,   526.06118,  1.425141E-5,   796.61838, 4.478284E-12,     8.44434,          NaN,         NaN
  9032.7,  2.591623E-5,   524.84287,  2.342702E-5,   798.79255, 4.010034E-12,     8.02239,          NaN,         NaN
  9037.7,  1.507605E-5,   525.28950,  1.688334E-5,   799.79673, 3.526719E-12,     7.82669,          NaN,         NaN
  9042.7,  1.458912E-5,   524.43532,  3.449666E-5,   798.52271, 6.881941E-12,     6.99313,          NaN,         NaN
  9047.7,  4.520781E-5,   524.30301,  1.840221E-5,   798.58713, 4.973538E-12,     5.91668,          NaN,         NaN
  9052.7,  3.517264E-5,   523.89582,  1.836192E-5,   797.85740, 3.519357E-12,     4.31190,          NaN,         NaN
  9057.7,  1.872037E-5,   522.74072,  1.782031E-5,   796.63628, 3.740849E-12,     4.52006,          NaN,         NaN
  9062.7,  1.131173E-5,   522.52814,  1.295673E-5,   796.87591, 7.459826E-12,     3.59516,          NaN,         NaN
  9067.7,  2.968510E-5,   522.87365,  1.191919E-5,   798.41393, 4.279505E-12,     1.78142,          NaN,         NaN
  9072.7,  1.468346E-5,   522.33092,  2.799833E-6,   798.92999, 2.861442E-12,     0.66735,          NaN,         NaN
  9077.7,  1.966132E-5,   522.59094,  2.075933E-5,   801.10990, 4.545881E-12,     0.32101,          NaN,         NaN
  9082.7,  1.898218E-5,   521.82433,  8.514367E-6,   798.97854, 4.512334E-12,    -0.72326,          NaN,         NaN
  9087.7,  3.317364E-5,   523.02050,  8.247334E-6,   800.66861, 4.116852E-12,    -1.41422,          NaN,         NaN
  9092.7,  2.650870E-5,   521.39199,  7.593858E-6,   798.73240, 4.321995E-12,    -2.77965,          NaN,         NaN
  9097.7,  3.684430E-5,   519.98141,  1.685865E-5,   796.48675, 7.148259E-12,    -4.03324,          NaN,         NaN
  9102.7,  2.840676E-5,   518.23198,  2.023250E-5,   797.28722, 5.912918E-12,    -4.70916,          NaN,         NaN
  9107.7,  1.913962E-5,   519.73159,  7.608736E-6,   795.09255, 7.303714E-12,    -5.28642,          NaN,         NaN
  9112.7,  2.119841E-5,   520.41302,  2.141767E-5,   794.78253, 4.825476E-12,    -5.60713,          NaN,         NaN
  9117.7,  1.524673E-5,   519.39990,  1.624778E-5,   792.90856, 4.589241E-12,    -6.83588,          NaN,         NaN
  9122.7,  1.909547E-5,   518.09573,  3.843506E-5,   793.63526, 2.564436E-12,    -6.35504,          NaN,         NaN
  9127.7,  2.435077E-5,   518.43133,  2.102138E-5,   792.06529, 4.538517E-12,    -6.31877,          NaN,         NaN
  9132.7,  1.275998E-5,   519.29166,  1.640629E-5,   792.52815, 6.641690E-12,    -5.12239,          NaN,         NaN
  9137.7,  2.146984E-5,   519.53184,  7.789055E-6,   791.15821, 6.126342E-12,    -6.03446,          NaN,         NaN
  9142.7,  2.652868E-5,   519.20157,  3.361435E-5,   790.91841, 6.570780E-12,    -6.38418,          NaN,         NaN
  9147.7,  1.894544E-5,   519.32287,  2.896381E-5,   790.58342, 4.270126E-12,    -7.21113,          NaN,         NaN
  9152.7,  2.629705E-5,   518.48928,  2.996691E-5,   789.76490, 6.059706E-12,    -8.21746,          NaN,         NaN
  9157.7,  2.223208E-5,   516.79959,  1.204420E-5,   788.87756, 5.025730E-12,    -8.53846,          NaN,         NaN
  9162.7,  2.085640E-5,   517.42631,  2.145356E-5,   787.52100, 4.109836E-12,    -9.07771,          NaN,         NaN
  9167.7,  2.808035E-5,   516.05973,  2.741446E-5,   786.59307, 4.060358E-12,    -9.02079,          NaN,         NaN
  9172.7,  2.336557E-5,   516.58009,  1.298614E-5,   788.64262, 5.266585E-12,   -10.80330,          NaN,         NaN
  9177.7,  3.288190E-5,   515.73396,  1.296320E-5,   789.87245, 6.382640E-12,   -10.21692,          NaN,         NaN
  9182.7,  3.076913E-5,   515.99072,  1.047812E-5,   788.51727, 6.107253E-12,   -11.65587,          NaN,         NaN
  9187.7,  2.235970E-5,   514.48049,  2.668327E-6,   787.80007, 6.039788E-12,   -11.90418,          NaN,         NaN
  9192.7,  2.130137E-5,   515.68046,  8.910398E-6,   786.90412, 3.279563E-12,   -13.47344,          NaN,         NaN
  9197.7,  2.585214E-5,   514.63408,  1.060949E-5,   786.47087, 3.312121E-12,   -12.78998,          NaN,         NaN
  9202.7,  1.699670E-5,   513.32400,  3.002763E-5,   783.69666, 5.359114E-12,   -14.01925,          NaN,         NaN
  9207.7,  2.947598E-5,   512.58204,  7.942321E-6,   782.31434, 5.322957E-12,   -14.48049,          NaN,         NaN
  9212.7,  4.368327E-5,   510.36124,  2.031684E-5,   781.14266, 3.962403E-12,   -15.70356,          NaN,         NaN
  9217.7,  2.575733E-5,   508.99783,  1.426512E-5,   779.05119, 4.904187E-12,   -16.09434,          NaN,         NaN
  9222.7,  1.860517E-5,   507.79287,  5.562779E-6,   779.45452, 4.609239E-12,   -16.94413,          NaN,         NaN
  9227.7,  3.460079E-5,   507.38046,  6.734070E-6,   782.29796, 3.195873E-12,   -16.65252,          NaN,         NaN
  9232.7,  2.425623E-5,   506.98484,  1.483824E-5,   779.57330, 3.450906E-12,   -17.35890,          NaN,         NaN
  9237.7,  3.451301E-5,   507.00135,  1.514960E-5,   780.15083, 3.245742E-12,   -18.03523,          NaN,         NaN
  9242.7,  1.881966E-5,   506.21588,  2.659267E-5,   777.90035, 1.013254E-11,   -19.29626,          NaN,         NaN
  9247.7,  1.548913E-5,   505.49564,  1.906093E-5,   777.27773, 3.455845E-12,   -20.21863,          NaN,         NaN
  9252.7,  1.735226E-5,   505.99018,  1.302937E-5,   774.45510, 3.344606E-12,   -19.83528,          NaN,         NaN
  9257.7,  2.568919E-5,   505.41722,  2.265670E-5,   773.80606, 6.717805E-12,   -21.15965,          NaN,         NaN
  9262.7,  1.676702E-5,   503.91298,  3.386468E-5,   773.06467, 7.733483E-12,   -21.02335,          NaN,         NaN
  9267.7,  1.746086E-5,   504.74495,  1.930005E-5,   771.14072, 3.762388E-12,   -20.84344,          NaN,         NaN
  9272.7,  1.755049E-5,   503.44024,  1.024125E-5,   773.11394, 4.140125E-12,   -19.72555,          NaN,         NaN
  9277.7,  2.775560E-5,   502.23565,  2.283266E-5,   775.20428, 3.942009E-12,   -21.05809,          NaN,         NaN
  9282.7,  1.518854E-5,   501.11030,  1.606577E-5,   774.72299, 4.358786E-12,   -22.85781,          NaN,         NaN
  9287.7,  2.861608E-5,   501.27524,  2.108410E-5,   776.28913, 5.664725E-12,   -24.00746,          NaN,         NaN
  9292.7,  3.268380E-5,   499.37250,  1.104704E-5,   775.22046, 4.492047E-12,   -24.41171,          NaN,         NaN
  9297.7,  2.614127E-5,   498.00459,  3.173149E-5,   775.00183, 2.962951E-12,   -24.09823,          NaN,         NaN
  9302.7,  2.205402E-5,   496.50701,  2.821713E-5,   773.85983, 4.252363E-12,   -25.60156,          NaN,         NaN
  9307.7,  3.698181E-5,   495.18012,  1.343944E-5,   772.36278, 3.860413E-12,   -24.61478,          NaN,         NaN
  9312.7,  3.378646E-5,   494.85411,  1.057411E-5,   771.97472, 2.523063E-12,   -24.91291,          NaN,         NaN
  9317.7,  2.679958E-5,   494.78908,  1.837983E-5,   770.98253, 5.603105E-12,   -25.78608,          NaN,         NaN
  9322.7,  2.715173E-5,   495.35942,  1.011446E-5,   771.24652, 3.867694E-12,   -25.51221,          NaN,         NaN
  9327.7,  4.507162E-5,   493.65442,  8.476724E-6,   768.92813, 4.699048E-12,   -25.71699,          NaN,         NaN
  9332.7,  1.845041E-5,   493.43325,  1.643181E-5,   767.76169, 5.291725E-12,   -27.49921,          NaN,         NaN
  9337.7,  1.631421E-5,   492.97943,  1.335623E-5,   765.86613, 3.796268E-12,   -27.34812,          NaN,         NaN
  9342.7,  3.333620E-5,   491.37874,  1.192422E-5,   768.42678, 4.438117E-12,   -26.94213,          NaN,         NaN
  9347.7,  2.083261E-5,   489.70098,  1.803798E-5,   767.00015, 3.392587E-12,   -27.39975,          NaN,         NaN
  9352.7,  2.840424E-5,   490.46537,  2.898385E-5,   766.12756, 7.648382E-12,   -27.97692,          NaN,         NaN
  9357.7,  3.385511E-5,   488.68075,  1.844299E-5,   764.82495, 3.458115E-12,   -27.69793,          NaN,         NaN
  9362.7,  3.131245E-5,   488.44598,  2.637123E-5,   764.19165, 3.423546E-12,   -27.94765,          NaN,         NaN
  9367.7,  4.798114E-5,   486.30577,  1.184728E-5,   763.51341, 4.962883E-12,   -27.78683,          NaN,         NaN
  9372.7,  2.193620E-5,   485.93159,  1.006294E-5,   763.66939, 5.648770E-12,   -28.11499,          NaN,         NaN
  9377.7,  1.504320E-5,   485.29378,  1.605254E-5,   761.95738, 6.056394E-12,   -28.69427,          NaN,         NaN
  9382.7,  2.388311E-5,   485.65177,  2.101417E-5,   760.92359, 3.633888E-12,   -29.92829,          NaN,         NaN
  9387.7,  2.843469E-5,   484.48147,  1.663636E-5,   762.79253, 4.204327E-12,   -30.18641,          NaN,         NaN
  9392.7,  2.183329E-5,   482.25379,  5.984307E-6,   763.08925, 7.479216E-12,   -30.21445,          NaN,         NaN
  9397.7,  2.149828E-5,   483.20451,  1.506660E-5,   761.24037, 7.243598E-12,   -30.98346,          NaN,         NaN
  9402.6,  2.536240E-5,   481.79977,  1.417584E-5,   763.85480, 4.803028E-12,   -30.53764,          NaN,         NaN
  9407.6,  2.400131E-5,   481.10382,  6.899924E-6,   764.29132, 4.469840E-12,   -30.38748,          NaN,         NaN
  9412.6,  2.838087E-5,   481.18939,  1.106826E-5,   765.30427, 9.859431E-12,   -29.18643,          NaN,         NaN
  9417.6,  2.047673E-5,   481.62462,  7.609729E-6,   763.92694, 8.728887E-12,   -30.18433,          NaN,         NaN
  9422.6,  1.153632E-5,   480.90936,  1.514035E-5,   766.14868, 7.075265E-12,   -30.80821,          NaN,         NaN
  9427.6,  1.352317E-5,   480.64605,  1.281943E-5,   768.26355, 3.827862E-12,   -31.28607,          NaN,         NaN
  9432.6,  1.160495E-5,   481.58281,  1.694013E-5,   766.59008, 5.387078E-12,   -31.37579,          NaN,         NaN
  9437.6,  3.743411E-5,   480.78473,  1.300124E-5,   766.38600, 6.768001E-12,   -31.79925,          NaN,         NaN
  9442.6,  1.466398E-5,   478.99841,  2.358102E-5,   766.93394, 5.730721E-12,   -32.43624,          NaN,         NaN
  9447.6,  3.477017E-5,   478.83117,  3.675359E-5,   765.51874, 3.791886E-12,   -32.57242,          NaN,         NaN
  9452.6,  3.258079E-5,   477.60667,  3.080607E-5,   764.38490, 4.175935E-12,   -33.90922,          NaN,         NaN
  9457.6,  1.905152E-5,   476.73996,  1.405519E-5,   763.61115, 2.996876E-12,   -34.95026,          NaN,         NaN
  9462.6,  1.992192E-5,   476.67377,  1.362183E-5,   762.41503, 2.734258E-12,   -35.56297,          NaN,         NaN
  9467.6,  2.202313E-5,   477.24227,  1.312879E-5,   762.36188, 4.795659E-12,   -35.92439,          NaN,         NaN
  9472.6,  2.094641E-5,   477.57381,  1.142606E-5,   760.86105, 5.590324E-12,   -36.22119,          NaN,         NaN
  9477.6,  2.888765E-5,   477.40146,  1.486917E-5,   759.51908, 3.380901E-12,   -36.83917,          NaN,         NaN
  9482.6,  2.396542E-5,   477.34932,  1.633992E-5,   757.10021, 7.314606E-12,   -36.34786,          NaN,         NaN
  9487.6,  3.028201E-5,   477.17759,  5.191444E-6,   755.95484, 8.061827E-12,   -37.75693,          NaN,         NaN
  9492.6,  2.658468E-5,   476.38759,  1.664475E-5,   756.13409, 5.498208E-12,   -38.08596,          NaN,         NaN
  9497.6,  1.680310E-5,   475.64097,  1.415010E-5,   755.50463, 3.444604E-12,   -39.67411,          NaN,         NaN
  9502.6,  2.391555E-5,   474.08954,  1.913815E-5,   755.81035, 5.139505E-12,   -39.49961,          NaN,         NaN
  9507.6,  1.922494E-5,   473.02551,  3.556574E-5,   755.24053, 3.545482E-12,   -40.33962,          NaN,         NaN
  9512.6,  2.560271E-5,   473.50551,  9.683989E-6,   755.26410, 4.442409E-12,   -41.36668,          NaN,         NaN
  9517.6,  2.308151E-5,   471.50178,  2.809838E-5,   754.97887, 5.133498E-12,   -40.70255,          NaN,         NaN
  9522.6,  3.921777E-5,   469.82028,  1.396136E-5,   754.77397, 8.456444E-12,   -41.55066,          NaN,         NaN
  9527.6,  2.936665E-5,   468.76806,  2.808336E-5,   753.78755, 2.400383E-12,   -41.81897,          NaN,         NaN
  9532.6,  1.490266E-5,   468.09920,  9.173737E-6,   751.86226, 7.388461E-12,   -42.02023,          NaN,         NaN
  9537.6,  2.334813E-5,   466.44283,  2.090716E-5,   750.36376, 3.362329E-12,   -42.76146,          NaN,         NaN
  9542.6,  2.987584E-5,   467.71323,  1.234424E-5,   747.94196, 5.663754E-12,   -43.03867,          NaN,         NaN
  9547.6,  3.011751E-5,   467.42482,  2.798850E-5,   745.51872, 6.210643E-12,   -43.46073,          NaN,         NaN
  9552.6,  1.951547E-5,   466.45616,  7.419420E-6,   744.69297, 6.504585E-12,   -44.54656,          NaN,         NaN
  9557.6,  2.082435E-5,   467.10732,  1.342242E-5,   744.43444, 4.288194E-12,   -44.65194,          NaN,         NaN
  9562.6,  2.910848E-5,   466.06983,  1.106864E-5,   744.57153, 4.202377E-12,   -43.97478,          NaN,         NaN
  9567.6,  2.558647E-5,   465.01754,  7.011377E-6,   745.42886, 2.383410E-12,   -44.36115,          NaN,         NaN
  9572.6,  3.452325E-5,   463.95383,  5.902852E-6,   746.31352, 3.561777E-12,   -43.95945,          NaN,         NaN
  9577.6,  2.194554E-5,   462.98891,  1.396188E-5,   745.30143, 4.695098E-12,   -43.99172,          NaN,         NaN
  9582.6,  2.228882E-5,   461.30481,  1.894331E-5,   745.56428, 6.086059E-12,   -44.96242,          NaN,         NaN
  9587.6,  3.179832E-5,   459.79248,  2.592168E-5,   744.41425, 3.294081E-12,   -46.64343,          NaN,         NaN
  9592.6,  2.171782E-5,   459.39547,  1.456306E-5,   742.70336, 6.616129E-12,   -45.49226,          NaN,         NaN
  9597.6,  2.370989E-5,   457.41145,  2.268368E-5,   740.17659, 3.918171E-12,   -47.37804,          NaN,         NaN
  9602.6,  4.041251E-5,   457.30511,  2.562681E-5,   740.01155, 4.392121E-12,   -47.68914,          NaN,         NaN
  9607.6,  3.230366E-5,   456.79484,  2.437241E-5,   739.25682, 3.951539E-12,   -46.36366,          NaN,         NaN
  9612.6,  2.992418E-5,   455.98953,  8.264039E-6,   740.39601, 3.727263E-12,   -46.39773,          NaN,         NaN
  9617.6,  1.493578E-5,   454.26325,  2.620989E-5,   739.90249, 5.292490E-12,   -46.83294,          NaN,         NaN
  9622.6,  1.861033E-5,   453.47375,  1.406464E-5,   738.82098, 4.414541E-12,   -46.35367,          NaN,         NaN
  9627.6,  1.782316E-5,   453.79541,  1.376280E-5,   741.34505, 6.718133E-12,   -47.22775,          NaN,         NaN
  9632.6,  2.665704E-5,   453.46612,  3.891753E-6,   739.37341, 3.616064E-12,   -47.50378,          NaN,         NaN
  9637.6,  1.614503E-5,   453.21350,  7.591993E-6,   741.69886, 6.063696E-12,   -47.89750,          NaN,         NaN
  9642.6,  2.403999E-5,   453.46271,  1.330956E-5,   742.98805, 6.565275E-12,   -50.00938,          NaN,         NaN
  9647.6,  1.757594E-5,   452.77850,  1.643668E-5,   742.18496, 7.695281E-12,   -50.82979,          NaN,         NaN
  9652.6,  2.602314E-5,   453.15190,  8.752754E-6,   743.13616, 3.618188E-12,   -50.97946,          NaN,         NaN
  9657.6,  2.578679E-5,   452.15701,  2.284332E-5,   741.27774, 3.440731E-12,   -51.03216,          NaN,         NaN
  9662.6,  2.024216E-5,   451.75055,  1.401200E-5,   740.17356, 4.316272E-12,   -52.04662,          NaN,         NaN
  9667.6,  1.991854E-5,   451.45761,  3.913957E-5,   740.10207, 5.721365E-12,   -52.70672,          NaN,         NaN
  9672.6,  1.137298E-5,   450.93991,  1.297983E-5,   737.94148, 4.862264E-12,   -53.81497,          NaN,         NaN
  9677.6,  2.546993E-5,   450.50222,  7.086412E-6,   735.51947, 6.301515E-12,   -54.54341,          NaN,         NaN
  9682.6,  2.278947E-5,   449.50838,  2.165257E-5,   736.38397, 5.848523E-12,   -54.79684,          NaN,         NaN
  9687.6,  3.557669E-5,   450.61001,  2.061165E-5,   735.27213, 4.364159E-12,   -55.79060,          NaN,         NaN
  9692.6,  3.202284E-5,   449.90579,  1.550023E-5,   734.85753, 3.672961E-12,   -56.45880,          NaN,         NaN
  9697.6,  3.688296E-5,   448.89025,  1.343548E-5,   733.52626, 3.315651E-12,   -56.27931,          NaN,         NaN
  9702.6,  1.423245E-5,   447.70787,  9.164456E-6,   732.78566, 5.038415E-12,   -57.44293,          NaN,         NaN
  9707.6,  2.256633E-5,   447.20297,  1.547895E-5,   732.39967, 4.706405E-12,   -58.71547,          NaN,         NaN
  9712.6,  1.913180E-5,   448.55347,  3.509614E-5,   731.56251, 3.676155E-12,   -60.45515,          NaN,         NaN
  9717.6,  2.410047E-5,   447.83760,  2.043144E-5,   730.03414, 4.561941E-12,   -60.62896,          NaN,         NaN
  9722.6,  1.728876E-5,   446.62778,  1.497149E-5,   729.38384, 4.350250E-12,   -61.54118,          NaN,         NaN
  9727.6,  2.371595E-5,   447.95416,  5.207184E-6,   727.92817, 4.198137E-12,   -62.60734,          NaN,         NaN
  9732.6,  2.171892E-5,   448.80808,  1.989841E-5,   727.55443, 5.017841E-12,   -63.05516,          NaN,         NaN
  9737.6,  1.514259E-5,   448.47123,  1.435616E-5,   727.46596, 3.132528E-12,   -62.48627,          NaN,         NaN
  9742.6,  2.959624E-5,   447.96029,  1.811115E-5,   726.87567, 5.948383E-12,   -63.18611,          NaN,         NaN
  9747.6,  2.179213E-5,   447.69946,  2.137777E-5,   724.56657, 3.293510E-12,   -64.91203,          NaN,         NaN
  9752.6,  2.243185E-5,   446.46751,  2.316929E-5,   723.64675, 6.160521E-12,   -66.03310,          NaN,         NaN
  9757.6,  2.179462E-5,   447.28976,  1.294692E-5,   722.80078, 3.057850E-12,   -65.77310,          NaN,         NaN
  9762.6,  2.179848E-5,   446.08294,  2.102115E-5,   722.73981, 3.955485E-12,   -66.23040,          NaN,         NaN
  9767.6,  3.875501E-5,   445.50665,  1.203974E-5,   720.77833, 2.704597E-12,   -66.49884,          NaN,         NaN
  9772.6,  2.874545E-5,   445.04802,  2.007799E-5,   723.39851, 2.752248E-12,   -66.57788,          NaN,         NaN
  9777.6,  2.368057E-5,   445.49966,  3.793687E-6,   722.04838, 4.320355E-12,   -65.66649,          NaN,         NaN
  9782.6,  2.560247E-5,   445.76213,  3.551399E-6,   719.85291, 3.287840E-12,   -66.93817,          NaN,         NaN
  9787.6,  3.167812E-5,   444.73759,  1.208480E-5,   718.41398, 4.327088E-12,   -68.30396,          NaN,         NaN
  9792.6,  1.298120E-5,   444.66369,  1.456124E-5,   716.36883, 5.969467E-12,   -68.99995,          NaN,         NaN
  9797.6,  3.629582E-5,   444.62948,  9.959534E-6,   715.16105, 5.609693E-12,   -69.96914,          NaN,         NaN
  9802.5,  1.288781E-5,   444.71779,  5.605958E-6,   716.99339, 3.777136E-12,   -70.11923,          NaN,         NaN
  9807.5,  3.085203E-5,   443.60731,  6.510830E-6,   714.42791, 3.729281E-12,   -70.74999,          NaN,         NaN
  9812.5,  3.152682E-5,   442.77757,  2.591157E-5,   711.62537, 4.117774E-12,   -69.78243,          NaN,         NaN
  9817.5,  2.536459E-5,   442.18078,  1.257560E-5,   709.78529, 5.070209E-12,   -68.95809,          NaN,         NaN
  9822.5,  1.892169E-5,   441.30806,  2.678223E-5,   708.52108, 4.336495E-12,   -67.30412,          NaN,         NaN
  9827.5,  1.520638E-5,   440.35491,  3.824046E-5,   707.61177, 2.961633E-12,   -66.58027,          NaN,         NaN
  9832.5,  2.345519E-5,   440.68495,  1.304630E-5,   706.87093, 4.946467E-12,   -67.15725,          NaN,         NaN
  9837.5,  2.829770E-5,   440.50454,  2.149525E-5,   706.35125, 5.857104E-12,   -67.64911,          NaN,         NaN
  9842.5,  3.135437E-5,   440.52973,  8.969632E-6,   705.87592, 6.789285E-12,   -68.24795,          NaN,         NaN
  9847.5,  3.193306E-5,   439.09448,  4.466995E-6,   706.60934, 5.565928E-12,   -69.25622,          NaN,         NaN
  9852.5,  1.528139E-5,   438.88196,  9.734906E-6,   706.06012, 5.058628E-12,   -70.76999,          NaN,         NaN
  9857.5,  1.286315E-5,   439.11489,  7.950382E-6,   706.04401, 3.137562E-12,   -71.49866,          NaN,         NaN
  9862.5,  2.459728E-5,   437.97097,  6.136493E-6,   707.83425, 2.623269E-12,   -71.60280,          NaN,         NaN
  9867.5,  2.966772E-5,   437.30786,  1.605295E-5,   707.23947, 4.534728E-12,   -72.22582,          NaN,         NaN
  9872.5,  1.928679E-5,   436.06205,  6.739591E-6,   707.09836, 5.249084E-12,   -72.21434,          NaN,         NaN
  9877.5,  9.407792E-6,   435.07733,  2.127651E-5,   708.63767, 6.322892E-12,   -73.25494,          NaN,         NaN
  9882.5,  1.690025E-5,   434.87755,  2.509488E-5,   706.78780, 5.746794E-12,   -73.56767,          NaN,         NaN
  9887.5,  3.362848E-5,   434.33232,  1.191856E-5,   707.79679, 4.787990E-12,   -74.47096,          NaN,         NaN
  9892.5,  1.930088E-5,   434.01044,  2.181392E-5,   705.50482, 6.551291E-12,   -74.67825,          NaN,         NaN
  9897.5,  2.227025E-5,   433.22919,  2.040703E-5,   704.32049, 5.380300E-12,   -75.07679,          NaN,         NaN
  9902.5,  3.221822E-5,   432.19899,  2.592305E-5,   703.21856, 3.161694E-12,   -76.57401,          NaN,         NaN
  9907.5,  3.071291E-5,   432.00554,  1.248407E-5,   703.57545, 5.667714E-12,   -77.60577,          NaN,         NaN
  9912.5,  3.251281E-5,   430.81962,  2.525888E-5,   703.06210, 4.278844E-12,   -76.36825,          NaN,         NaN
  9917.5,  1.548529E-5,   429.89014,  9.675868E-6,   701.20274, 8.824732E-12,   -78.16071,          NaN,         NaN
  9922.5,  2.300627E-5,   429.89417,  7.824350E-6,   700.84118, 6.647481E-12,   -78.55440,          NaN,         NaN
  9927.5,  1.035022E-5,   429.98294,  1.399454E-5,   703.50832, 3.863838E-12,   -78.61141,          NaN,         NaN
  9932.5,  4.980094E-5,   429.26111,  6.568633E-6,   704.98598, 2.291164E-12,   -78.26098,          NaN,         NaN
  9937.5,  2.609002E-5,   428.97984,  2.002212E-5,   703.66918, 5.013632E-12,   -78.31978,          NaN,         NaN
  9942.5,  3.047270E-5,   428.60607,  6.857231E-6,   704.42444, 5.664422E-12,   -78.54997,          NaN,         NaN
  9947.5,  3.656193E-5,   427.29059,  1.438456E-5,   706.90417, 4.950542E-12,   -79.08777,          NaN,         NaN
  9952.5,  2.046523E-5,   426.89393,  1.622609E-5,   706.12219, 8.272137E-12,   -79.93255,          NaN,         NaN
  9957.5,  3.628339E-5,   425.10761,  2.361448E-5,   705.98825, 7.288649E-12,   -79.90435,          NaN,         NaN
  9962.5,  1.784551E-5,   424.73721,  1.925804E-5,   703.90325, 8.437165E-12,   -80.97943,          NaN,         NaN
  9967.5,  3.064543E-5,   425.20744,  1.452060E-5,   702.95747, 4.842570E-12,   -82.13989,          NaN,         NaN
  9972.5,  3.477814E-5,   423.27512,  1.684791E-5,   701.68485, 7.151442E-12,   -82.69121,          NaN,         NaN
  9977.5,  3.249965E-5,   423.40822,  1.298068E-5,   699.28445, 6.021463E-12,   -83.79648,          NaN,         NaN
  9982.5,  2.015342E-5,   423.10330,  4.778492E-6,   700.14013, 6.633015E-12,   -84.28048,          NaN,         NaN
  9987.5,  3.224537E-5,   422.82564,  1.886228E-5,   698.23711, 3.105192E-12,   -84.59044,          NaN,         NaN
  9992.5,  2.082881E-5,   423.08068,  1.564064E-5,   700.81279, 7.262631E-12,   -84.28930,          NaN,         NaN
  9997.5,  2.360272E-5,   423.95172,  2.186528E-5,   702.61648, 6.603009E-12,   -85.54074,          NaN,         NaN
,,,          NaN,,,,          NaN,         NaN
,,,          NaN,,,,          NaN,         NaN
,,,          NaN,,,,          NaN,         NaN
,,,          NaN,,,,          NaN,         NaN
,,,          NaN,,,,          NaN,         NaN
,,,          NaN,,,,          NaN,         NaN
,,,          NaN,,,,          NaN,         NaN
,,,          NaN,,,,          NaN,         NaN
,,,          NaN,,,,          NaN,         NaN
,,,          NaN,,,,          NaN,         NaN
,,,          NaN,,,,          NaN,         NaN
,,,          NaN,,,,          NaN,         NaN
,,,          NaN,,,,          NaN,         NaN
,,,          NaN,,,,          NaN,         NaN
,,,          NaN,,,,          NaN,         NaN
,,,          NaN,,,,          NaN,         NaN
,,,          NaN,,,,          NaN,         NaN
,,,          NaN,,,,          NaN,         NaN
,,,          NaN,,,,          NaN,         NaN
,,,          NaN,,,,          NaN,         NaN
,,,          NaN,,,,          NaN,         NaN
,,,          NaN,,,,          NaN,         NaN
,,,          NaN,,,,          NaN,         NaN
,,,          NaN,,,,          NaN,         NaN
,,,          NaN,,,,          NaN,         NaN
,,,          NaN,,,,          NaN,         NaN
,,,          NaN,,,,          NaN,         NaN
,,,          NaN,,,,          NaN,         NaN
,,,          NaN,,,,          NaN,         NaN
,,,          NaN,,,,          NaN,         NaN
,,,          NaN,,,,          NaN,         NaN
,,,          NaN,,,,          NaN,         NaN
,,,          NaN,,,,          NaN,         NaN
,,,          NaN,,,,          NaN,         NaN
,,,          NaN,,,,          NaN,         NaN
,,,          NaN,,,,          NaN,         NaN
,,,          NaN,,,,          NaN,         NaN
,,,          NaN,,,,          NaN,         NaN
,,,          NaN,,,,          NaN,         NaN
,,,          NaN,,,,          NaN,         NaN
,,,          NaN,,,,          NaN,         NaN
,,,          NaN,,,,          NaN,         NaN
,,,          NaN,,,,          NaN,         NaN
,,,          NaN,,,,          NaN,         NaN
,,,          NaN,,,,          NaN,         NaN
,,,          NaN,,,,          NaN,         NaN
,,,          NaN,,,,          NaN,         NaN
,,,          NaN,,,,          NaN,         NaN
,,,          NaN,,,,          NaN,         NaN
,,,          NaN,,,,          NaN,         NaN
,,,          NaN,,,,          NaN,         NaN
,,,          NaN,,,,          NaN,         NaN
,,,          NaN,,,,          NaN,         NaN
,,,          NaN,,,,          NaN,         NaN
,,,          NaN,,,,          NaN,         NaN
,,,          NaN,,,,          NaN,         NaN
,,,          NaN,,,,          NaN,         NaN
,,,          NaN,,,,          NaN,         NaN
,,,          NaN,,,,          NaN,         NaN
,,,          NaN,,,,          NaN,         NaN
,,,          NaN,,,,          NaN,         NaN
,,,          NaN,,,,          NaN,         NaN
,,,          NaN,,,,          NaN,         NaN
,,,          NaN,,,,          NaN,         NaN
,,,          NaN,,,,          NaN,         NaN
,,,          NaN,,,,          NaN,         NaN
,,,          NaN,,,,          NaN,         NaN
,,,          NaN,,,,          NaN,         NaN
,,,          NaN,,,,          NaN,         NaN
,,,          NaN,,,,          NaN,         NaN
,,,          NaN,,,,          NaN,         NaN
,,,          NaN,,,,          NaN,         NaN
,,,          NaN,,,,          NaN,         NaN
,,,          NaN,,,,          NaN,         NaN
,,,          NaN,,,,          NaN,         NaN
,,,          NaN,,,,          NaN,         NaN
,,,          NaN,,,,          NaN,         NaN
,,,          NaN,,,,          NaN,         NaN
,,,          NaN,,,,          NaN,         NaN
,,,          NaN,,,,          NaN,         NaN
,,,          NaN,,,,          NaN,         NaN
,,,          NaN,,,,          NaN,         NaN
,,,          NaN,,,,          NaN,         NaN
,,,          NaN,,,,          NaN,         NaN
,,,          NaN,,,,          NaN,         NaN
,,,          NaN,,,,          NaN,         NaN
,,,          NaN,,,,          NaN,         NaN
,,,          NaN,,,,          NaN,         NaN
,,,          NaN,,,,          NaN,         NaN
,,,          NaN,,,,          NaN,         NaN
,,,          NaN,,,,          NaN,         NaN
,,,          NaN,,,,          NaN,         NaN
,,,          NaN,,,,          NaN,         NaN
,,,          NaN,,,,          NaN,         NaN
,,,          NaN,,,,          NaN,         NaN
,,,          NaN,,,,          NaN,         NaN
,,,          NaN,,,,          NaN,         NaN
,,,          NaN,,,,          NaN,         NaN
,,,          NaN,,,,          NaN,         NaN
,,,          NaN,,,,          NaN,         NaN
,,,          NaN,,,,          NaN,         NaN
,,,          NaN,,,,          NaN,         NaN
,,,          NaN,,,,          NaN,         NaN
,,,          NaN,,,,          NaN,         NaN
,,,          NaN,,,,          NaN,         NaN
,,,          NaN,,,,          NaN,         NaN
,,,          NaN,,,,          NaN,         NaN
,,,          NaN,,,,          NaN,         NaN
,,,          NaN,,,,          NaN,         NaN
,,,          NaN,,,,          NaN,         NaN
,,,          NaN,,,,          NaN,         NaN
,,,          NaN,,,,          NaN,         NaN
,,,          NaN,,,,          NaN,         NaN
,,,          NaN,,,,          NaN,         NaN
,,,          NaN,,,,          NaN,         NaN
,,,          NaN,,,,          NaN,         NaN
,,,          NaN,,,,          NaN,         NaN
,,,          NaN,,,,          NaN,         NaN
,,,          NaN,,,,          NaN,         NaN
,,,          NaN,,,,          NaN,         NaN
,,,          NaN,,,,          NaN,         NaN
,,,          NaN,,,,          NaN,         NaN
,,,          NaN,,,,          NaN,         NaN
,,,          NaN,,,,          NaN,         NaN
,,,          NaN,,,,          NaN,         NaN
,,,          NaN,,,,          NaN,         NaN
,,,          NaN,,,,          NaN,         NaN
,,,          NaN,,,,          NaN,         NaN
,,,          NaN,,,,          NaN,         NaN
,,,          NaN,,,,          NaN,         NaN
,,,          NaN,,,,          NaN,         NaN
,,,          NaN,,,,          NaN,         NaN
,,,          NaN,,,,          NaN,         NaN
,,,          NaN,,,,          NaN,         NaN
,,,          NaN,,,,          NaN,         NaN
,,,          NaN,,,,          NaN,         NaN
,,,          NaN,,,,          NaN,         NaN
,,,          NaN,,,,          NaN,         NaN
,,,          NaN,,,,          NaN,         NaN
,,,          NaN,,,,          NaN,         NaN
,,,          NaN,,,,          NaN,         NaN
,,,          NaN,,,,          NaN,         NaN
,,,          NaN,,,,          NaN,         NaN
,,,          NaN,,,,          NaN,         NaN
,,,          NaN,,,,          NaN,         NaN
,,,          NaN,,,,          NaN,         NaN
,,,          NaN,,,,          NaN,         NaN
,,,          NaN,,,,          NaN,         NaN
,,,          NaN,,,,          NaN,         NaN
,,,          NaN,,,,          NaN,         NaN
,,,          NaN,,,,          NaN,         NaN
,,,          NaN,,,,          NaN,         NaN
,,,          NaN,,,,          NaN,         NaN
,,,          NaN,,,,          NaN,         NaN
,,,          NaN,,,,          NaN,         NaN
,,,          NaN,,,,          NaN,         NaN
,,,          NaN,,,,          NaN,         NaN
,,,          NaN,,,,          NaN,         NaN
,,,          NaN,,,,          NaN,         NaN
,,,          NaN,,,,          NaN,         NaN
,,,          NaN,,,,          NaN,         NaN
,,,          NaN,,,,          NaN,         NaN
,,,          NaN,,,,          NaN,         NaN
,,,          NaN,,,,          NaN,         NaN
,,,          NaN,,,,          NaN,         NaN
,,,          NaN,,,,          NaN,         NaN
,,,          NaN,,,,          NaN,         NaN
,,,          NaN,,,,          NaN,         NaN
,,,          NaN,,,,          NaN,         NaN
,,,          NaN,,,,          NaN,         NaN
,,,          NaN,,,,          NaN,         NaN
,,,          NaN,,,,          NaN,         NaN
,,,          NaN,,,,          NaN,         NaN
,,,          NaN,,,,          NaN,         NaN
,,,          NaN,,,,          NaN,         NaN
,,,          NaN,,,,          NaN,         NaN
,,,          NaN,,,,          NaN,         NaN
,,,          NaN,,,,          NaN,         NaN
,,,          NaN,,,,          NaN,         NaN
,,,          NaN,,,,          NaN,         NaN
,,,          NaN,,,,          NaN,         NaN
,,,          NaN,,,,          NaN,         NaN
,,,          NaN,,,,          NaN,         NaN
,,,          NaN,,,,          NaN,         NaN
,,,          NaN,,,,          NaN,         NaN
,,,          NaN,,,,          NaN,         NaN
,,,          NaN,,,,          NaN,         NaN
,,,          NaN,,,,          NaN,         NaN
,,,          NaN,,,,          NaN,         NaN
,,,          NaN,,,,          NaN,         NaN
,,,          NaN,,,,          NaN,         NaN
,,,          NaN,,,,          NaN,         NaN
,,,          NaN,,,,          NaN,         NaN
,,,          NaN,,,,          NaN,         NaN
,,,          NaN,,,,          NaN,         NaN
,,,          NaN,,,,          NaN,         NaN
,,,          NaN,,,,          NaN,         NaN
,,,          NaN,,,,          NaN,         NaN
,,,          NaN,,,,          NaN,         NaN
,,,          NaN,,,,          NaN,         NaN
,,,          NaN,,,,          NaN,         NaN
,,,          NaN,,,,          NaN,         NaN
,,,          NaN,,,,          NaN,         NaN
,,,          NaN,,,,          NaN,         NaN
,,,          NaN,,,,          NaN,         NaN
,,,          NaN,,,,          NaN,         NaN
,,,          NaN,,,,          NaN,         NaN
,,,          NaN,,,,          NaN,         NaN
,,,          NaN,,,,          NaN,         NaN
,,,          NaN,,,,          NaN,         NaN
,,,          NaN,,,,          NaN,         NaN
,,,          NaN,,,,          NaN,         NaN
,,,          NaN,,,,          NaN,         NaN
,,,          NaN,,,,          NaN,         NaN
,,,          NaN,,,,          NaN,         NaN
,,,          NaN,,,,          NaN,         NaN
,,,          NaN,,,,          NaN,         NaN
,,,          NaN,,,,          NaN,         NaN
,,,          NaN,,,,          NaN,         NaN
,,,          NaN,,,,          NaN,         NaN
,,,          NaN,,,,          NaN,         NaN
,,,          NaN,,,,          NaN,         NaN
,,,          NaN,,,,          NaN,         NaN
,,,          NaN,,,,          NaN,         NaN
,,,          NaN,,,,          NaN,         NaN
,,,          NaN,,,,          NaN,         NaN
,,,          NaN,,,,          NaN,         NaN
,,,          NaN,,,,          NaN,         NaN
,,,          NaN,,,,          NaN,         NaN
,,,          NaN,,,,          NaN,         NaN
,,,          NaN,,,,          NaN,         NaN
,,,          NaN,,,,          NaN,         NaN
,,,          NaN,,,,          NaN,         NaN
,,,          NaN,,,,          NaN,         NaN
,,,          NaN,,,,          NaN,         NaN
,,,          NaN,,,,          NaN,         NaN
,,,          NaN,,,,          NaN,         NaN
,,,          NaN,,,,          NaN,         NaN
,,,          NaN,,,,          NaN,         NaN
,,,          NaN,,,,          NaN,         NaN
,,,          NaN,,,,          NaN,         NaN
,,,          NaN,,,,          NaN,         NaN
,,,          NaN,,,,          NaN,         NaN
,,,          NaN,,,,          NaN,         NaN
,,,          NaN,,,,          NaN,         NaN
,,,          NaN,,,,          NaN,         NaN
,,,          NaN,,,,          NaN,         NaN
,,,          NaN,,,,          NaN,         NaN
,,,          NaN,,,,          NaN,         NaN
,,,          NaN,,,,          NaN,         NaN
,,,          NaN,,,,          NaN,         NaN
,,,          NaN,,,,          NaN,         NaN
,,,          NaN,,,,          NaN,         NaN
,,,          NaN,,,,          NaN,         NaN
,,,          NaN,,,,          NaN,         NaN
,,,          NaN,,,,          NaN,         NaN
,,,          NaN,,,,          NaN,         NaN
,,,          NaN,,,,          NaN,         NaN
,,,          NaN,,,,          NaN,         NaN
,,,          NaN,,,,          NaN,         NaN
,,,          NaN,,,,          NaN,         NaN
,,,          NaN,,,,          NaN,         NaN
,,,          NaN,,,,          NaN,         NaN
,,,          NaN,,,,          NaN,         NaN
,,,          NaN,,,,          NaN,         NaN
,,,          NaN,,,,          NaN,         NaN
,,,          NaN,,,,          NaN,         NaN
,,,          NaN,,,,          NaN,         NaN
,,,          NaN,,,,          NaN,         NaN
,,,          NaN,,,,          NaN,         NaN
,,,          NaN,,,,          NaN,         NaN
,,,          NaN,,,,          NaN,         NaN
,,,          NaN,,,,          NaN,         NaN
,,,          NaN,,,,          NaN,         NaN
,,,          NaN,,,,          NaN,         NaN
,,,          NaN,,,,          NaN,         NaN
,,,          NaN,,,,          NaN,         NaN
,,,          NaN,,,,          NaN,         NaN
,,,          NaN,,,,          NaN,         NaN
,,,          NaN,,,,          NaN,         NaN
,,,          NaN,,,,          NaN,         NaN
,,,          NaN,,,,          NaN,         NaN
,,,          NaN,,,,          NaN,         NaN
,,,          NaN,,,,          NaN,         NaN
,,,          NaN,,,,          NaN,         NaN
,,,          NaN,,,,          NaN,         NaN
,,,          NaN,,,,          NaN,         NaN
,,,          NaN,,,,          NaN,         NaN
,,,          NaN,,,,          NaN,         NaN
,,,          NaN,,,,          NaN,         NaN
,,,          NaN,,,,          NaN,         NaN
,,,          NaN,,,,          NaN,         NaN
,,,          NaN,,,,          NaN,         NaN
,,,          NaN,,,,          NaN,         NaN
,,,          NaN,,,,          NaN,         NaN
,,,          NaN,,,,          NaN,         NaN
,,,          NaN,,,,          NaN,         NaN
,,,          NaN,,,,          NaN,         NaN
,,,          NaN,,,,          NaN,         NaN
,,,          NaN,,,,          NaN,         NaN
,,,          NaN,,,,          NaN,         NaN
,,,          NaN,,,,          NaN,         NaN
,,,          NaN,,,,          NaN,         NaN
,,,          NaN,,,,          NaN,         NaN
,,,          NaN,,,,          NaN,         NaN
,,,          NaN,,,,          NaN,         NaN
,,,          NaN,,,,          NaN,         NaN
,,,          NaN,,,,          NaN,         NaN
,,,          NaN,,,,          NaN,         NaN
,,,          NaN,,,,          NaN,         NaN
,,,          NaN,,,,          NaN,         NaN
,,,          NaN,,,,          NaN,         NaN
,,,          NaN,,,,          NaN,         NaN
,,,          NaN,,,,          NaN,         NaN
,,,          NaN,,,,          NaN,         NaN
,,,          NaN,,,,          NaN,         NaN
,,,          NaN,,,,          NaN,         NaN
,,,          NaN,,,,          NaN,         NaN
,,,          NaN,,,,          NaN,         NaN
,,,          NaN,,,,          NaN,         NaN
,,,          NaN,,,,          NaN,         NaN
,,,          NaN,,,,          NaN,         NaN
,,,          NaN,,,,          NaN,         NaN
,,,          NaN,,,,          NaN,         NaN
,,,          NaN,,,,          NaN,         NaN
,,,          NaN,,,,          NaN,         NaN
,,,          NaN,,,,          NaN,         NaN
,,,          NaN,,,,          NaN,         NaN
,,,          NaN,,,,          NaN,         NaN
,,,          NaN,,,,          NaN,         NaN
,,,          NaN,,,,          NaN,         NaN
,,,          NaN,,,,          NaN,         NaN
,,,          NaN,,,,          NaN,         NaN
,,,          NaN,,,,          NaN,         NaN
,,,          NaN,,,,          NaN,         NaN
,,,          NaN,,,,          NaN,         NaN
,,,          NaN,,,,          NaN,         NaN
,,,          NaN,,,,          NaN,         NaN
,,,          NaN,,,,          NaN,         NaN
,,,          NaN,,,,          NaN,         NaN
,,,          NaN,,,,          NaN,         NaN
,,,          NaN,,,,          NaN,         NaN
,,,          NaN,,,,          NaN,         NaN
,,,          NaN,,,,          NaN,         NaN
,,,          NaN,,,,          NaN,         NaN
,,,          NaN,,,,          NaN,         NaN
,,,          NaN,,,,          NaN,         NaN
,,,          NaN,,,,          NaN,         NaN
,,,          NaN,,,,          NaN,         NaN
,,,          NaN,,,,          NaN,         NaN
,,,          NaN,,,,          NaN,         NaN
,,,          NaN,,,,          NaN,         NaN
,,,          NaN,,,,          NaN,         NaN
,,,          NaN,,,,          NaN,         NaN
,,,          NaN,,,,          NaN,         NaN
,,,          NaN,,,,          NaN,         NaN
,,,          NaN,,,,          NaN,         NaN
,,,          NaN,,,,          NaN,         NaN
,,,          NaN,,,,          NaN,         NaN
,,,          NaN,,,,          NaN,         NaN
,,,          NaN,,,,          NaN,         NaN
,,,          NaN,,,,          NaN,         NaN
,,,          NaN,,,,          NaN,         NaN
,,,          NaN,,,,          NaN,         NaN
,,,          NaN,,,,          NaN,         NaN
,,,          NaN,,,,          NaN,         NaN
,,,          NaN,,,,          NaN,         NaN
,,,          NaN,,,,          NaN,         NaN
,,,          NaN,,,,          NaN,         NaN
,,,          NaN,,,,          NaN,         NaN
,,,          NaN,,,,          NaN,         NaN
,,,          NaN,,,,          NaN,         NaN
,,,          NaN,,,,          NaN,         NaN
,,,          NaN,,,,          NaN,         NaN
,,,          NaN,,,,          NaN,         NaN
,,,          NaN,,,,          NaN,         NaN
,,,          NaN,,,,          NaN,         NaN
,,,          NaN,,,,          NaN,         NaN
,,,          NaN,,,,          NaN,         NaN
,,,          NaN,,,,          NaN,         NaN
,,,          NaN,,,,          NaN,         NaN
,,,          NaN,,,,          NaN,         NaN
,,,          NaN,,,,          NaN,         NaN
,,,          NaN,,,,          NaN,         NaN
,,,          NaN,,,,          NaN,         NaN
,,,          NaN,,,,          NaN,         NaN
,,,          NaN,,,,          NaN,         NaN
,,,          NaN,,,,          NaN,         NaN
,,,          NaN,,,,          NaN,         NaN
,,,          NaN,,,,          NaN,         NaN
,,,          NaN,,,,          NaN,         NaN
,,,          NaN,,,,          NaN,         NaN
,,,          NaN,,,,          NaN,         NaN
,,,          NaN,,,,          NaN,         NaN
,,,          NaN,,,,          NaN,         NaN
,,,          NaN,,,,          NaN,         NaN
,,,          NaN,,,,          NaN,         NaN
,,,          NaN,,,,          NaN,         NaN
,,,          NaN,,,,          NaN,         NaN
,,,          NaN,,,,          NaN,         NaN
,,,          NaN,,,,          NaN,         NaN
,,,          NaN,,,,          NaN,         NaN
,,,          NaN,,,,          NaN,         NaN
,,,          NaN,,,,          NaN,         NaN
,,,          NaN,,,,          NaN,         NaN
,,,          NaN,,,,          NaN,         NaN
,,,          NaN,,,,          NaN,         NaN
,,,          NaN,,,,          NaN,         NaN
,,,          NaN,,,,          NaN,         NaN
,,,          NaN,,,,          NaN,         NaN
,,,          NaN,,,,          NaN,         NaN
,,,          NaN,,,,          NaN,         NaN
,,,          NaN,,,,          NaN,         NaN
,,,          NaN,,,,          NaN,         NaN
,,,          NaN,,,,          NaN,         NaN
,,,          NaN,,,,          NaN,         NaN
,,,          NaN,,,,          NaN,         NaN
,,,          NaN,,,,          NaN,         NaN
,,,          NaN,,,,          NaN,         NaN
,,,          NaN,,,,          NaN,         NaN
,,,          NaN,,,,          NaN,         NaN
,,,          NaN,,,,          NaN,         NaN
,,,          NaN,,,,          NaN,         NaN
,,,          NaN,,,,          NaN,         NaN
,,,          NaN,,,,          NaN,         NaN
,,,          NaN,,,,          NaN,         NaN
,,,          NaN,,,,          NaN,         NaN
,,,          NaN,,,,          NaN,         NaN
,,,          NaN,,,,          NaN,         NaN
,,,          NaN,,,,          NaN,         NaN
,,,          NaN,,,,          NaN,         NaN
,,,          NaN,,,,          NaN,         NaN
,,,          NaN,,,,          NaN,         NaN
,,,          NaN,,,,          NaN,         NaN
,,,          NaN,,,,          NaN,         NaN
,,,          NaN,,,,          NaN,         NaN
,,,          NaN,,,,          NaN,         NaN
,,,          NaN,,,,          NaN,         NaN
,,,          NaN,,,,          NaN,         NaN
,,,          NaN,,,,          NaN,         NaN
,,,          NaN,,,,          NaN,         NaN
,,,          NaN,,,,          NaN,         NaN
,,,          NaN,,,,          NaN,         NaN
,,,          NaN,,,,          NaN,         NaN
,,,          NaN,,,,          NaN,         NaN
,,,          NaN,,,,          NaN,         NaN
,,,          NaN,,,,          NaN,         NaN
,,,          NaN,,,,          NaN,         NaN
,,,          NaN,,,,          NaN,         NaN
,,,          NaN,,,,          NaN,         NaN
,,,          NaN,,,,          NaN,         NaN
,,,          NaN,,,,          NaN,         NaN
,,,          NaN,,,,          NaN,         NaN
,,,          NaN,,,,          NaN,         NaN
,,,          NaN,,,,          NaN,         NaN
,,,          NaN,,,,          NaN,         NaN
,,,          NaN,,,,          NaN,         NaN
,,,          NaN,,,,          NaN,         NaN
,,,          NaN,,,,          NaN,         NaN
,,,          NaN,,,,          NaN,         NaN
,,,          NaN,,,,          NaN,         NaN
,,,          NaN,,,,          NaN,         NaN
,,,          NaN,,,,          NaN,         NaN
,,,          NaN,,,,          NaN,         NaN
,,,          NaN,,,,          NaN,         NaN
,,,          NaN,,,,          NaN,         NaN
,,,          NaN,,,,          NaN,         NaN
,,,          NaN,,,,          NaN,         NaN
,,,          NaN,,,,          NaN,         NaN
,,,          NaN,,,,          NaN,         NaN
,,,          NaN,,,,          NaN,         NaN
,,,          NaN,,,,          NaN,         NaN
,,,          NaN,,,,          NaN,         NaN
,,,          NaN,,,,          NaN,         NaN
,,,          NaN,,,,          NaN,         NaN
,,,          NaN,,,,          NaN,         NaN
,,,          NaN,,,,          NaN,         NaN
,,,          NaN,,,,          NaN,         NaN
,,,          NaN,,,,          NaN,         NaN
,,,          NaN,,,,          NaN,         NaN
,,,          NaN,,,,          NaN,         NaN
,,,          NaN,,,,          NaN,         NaN
,,,          NaN,,,,          NaN,         NaN
,,,          NaN,,,,          NaN,         NaN
,,,          NaN,,,,          NaN,         NaN
,,,          NaN,,,,          NaN,         NaN
,,,          NaN,,,,          NaN,         NaN
,,,          NaN,,,,          NaN,         NaN
,,,          NaN,,,,          NaN,         NaN
,,,          NaN,,,,          NaN,         NaN
,,,          NaN,,,,          NaN,         NaN
,,,          NaN,,,,          NaN,         NaN
,,,          NaN,,,,          NaN,         NaN
,,,          NaN,,,,          NaN,         NaN
,,,          NaN,,,,          NaN,         NaN
,,,          NaN,,,,          NaN,         NaN
,,,          NaN,,,,          NaN,         NaN
,,,          NaN,,,,          NaN,         NaN
,,,          NaN,,,,          NaN,         NaN
,,,          NaN,,,,          NaN,         NaN
,,,          NaN,,,,          NaN,         NaN
,,,          NaN,,,,          NaN,         NaN
,,,          NaN,,,,          NaN,         NaN
,,,          NaN,,,,          NaN,         NaN
,,,          NaN,,,,          NaN,         NaN
,,,          NaN,,,,          NaN,         NaN
,,,          NaN,,,,          NaN,         NaN
,,,          NaN,,,,          NaN,         NaN
,,,          NaN,,,,          NaN,         NaN
,,,          NaN,,,,          NaN,         NaN
,,,          NaN,,,,          NaN,         NaN
,,,          NaN,,,,          NaN,         NaN
,,,          NaN,,,,          NaN,         NaN
,,,          NaN,,,,          NaN,         NaN
,,,          NaN,,,,          NaN,         NaN
,,,          NaN,,,,          NaN,         NaN
,,,          NaN,,,,          NaN,         NaN
,,,          NaN,,,,          NaN,         NaN
,,,          NaN,,,,          NaN,         NaN
,,,          NaN,,,,          NaN,         NaN
,,,          NaN,,,,          NaN,         NaN
,,,          NaN,,,,          NaN,         NaN
,,,          NaN,,,,          NaN,         NaN
,,,          NaN,,,,          NaN,         NaN
,,,          NaN,,,,          NaN,         NaN
,,,          NaN,,,,          NaN,         NaN
,,,          NaN,,,,          NaN,         NaN
,,,          NaN,,,,          NaN,         NaN
,,,          NaN,,,,          NaN,         NaN
,,,          NaN,,,,          NaN,         NaN
,,,          NaN,,,,          NaN,         NaN
,,,          NaN,,,,          NaN,         NaN
,,,          NaN,,,,          NaN,         NaN
,,,          NaN,,,,          NaN,         NaN
,,,          NaN,,,,          NaN,         NaN
,,,          NaN,,,,          NaN,         NaN
,,,          NaN,,,,          NaN,         NaN
,,,          NaN,,,,          NaN,         NaN
,,,          NaN,,,,          NaN,         NaN
,,,          NaN,,,,          NaN,         NaN
,,,          NaN,,,,          NaN,         NaN
,,,          NaN,,,,          NaN,         NaN
,,,          NaN,,,,          NaN,         NaN
,,,          NaN,,,,          NaN,         NaN
,,,          NaN,,,,          NaN,         NaN
,,,          NaN,,,,          NaN,         NaN
,,,          NaN,,,,          NaN,         NaN
,,,          NaN,,,,          NaN,         NaN
,,,          NaN,,,,          NaN,         NaN
,,,          NaN,,,,          NaN,         NaN
,,,          NaN,,,,          NaN,         NaN
,,,          NaN,,,,          NaN,         NaN
,,,          NaN,,,,          NaN,         NaN
,,,          NaN,,,,          NaN,         NaN
,,,          NaN,,,,          NaN,         NaN
,,,          NaN,,,,          NaN,         NaN
,,,          NaN,,,,          NaN,         NaN
,,,          NaN,,,,          NaN,         NaN
,,,          NaN,,,,          NaN,         NaN
,,,          NaN,,,,          NaN,         NaN
,,,          NaN,,,,          NaN,         NaN
,,,          NaN,,,,          NaN,         NaN
,,,          NaN,,,,          NaN,         NaN
,,,          NaN,,,,          NaN,         NaN
,,,          NaN,,,,          NaN,         NaN
,,,          NaN,,,,          NaN,         NaN
,,,          NaN,,,,          NaN,         NaN
,,,          NaN,,,,          NaN,         NaN
,,,          NaN,,,,          NaN,         NaN
,,,          NaN,,,,          NaN,         NaN
,,,          NaN,,,,          NaN,         NaN
,,,          NaN,,,,          NaN,         NaN
,,,          NaN,,,,          NaN,         NaN
,,,          NaN,,,,          NaN,         NaN
,,,          NaN,,,,          NaN,         NaN
,,,          NaN,,,,          NaN,         NaN
,,,          NaN,,,,          NaN,         NaN
,,,          NaN,,,,          NaN,         NaN
,,,          NaN,,,,          NaN,         NaN
,,,          NaN,,,,          NaN,         NaN
,,,          NaN,,,,          NaN,         NaN
,,,          NaN,,,,          NaN,         NaN
,,,          NaN,,,,          NaN,         NaN
,,,          NaN,,,,          NaN,         NaN
,,,          NaN,,,,          NaN,         NaN
,,,          NaN,,,,          NaN,         NaN
,,,          NaN,,,,          NaN,         NaN
,,,          NaN,,,,          NaN,         NaN
,,,          NaN,,,,          NaN,         NaN
,,,          NaN,,,,          NaN,         NaN
,,,          NaN,,,,          NaN,         NaN
,,,          NaN,,,,          NaN,         NaN
,,,          NaN,,,,          NaN,         NaN
,,,          NaN,,,,          NaN,         NaN
,,,          NaN,,,,          NaN,         NaN
,,,          NaN,,,,          NaN,         NaN
,,,          NaN,,,,          NaN,         NaN
,,,          NaN,,,,          NaN,         NaN
,,,          NaN,,,,          NaN,         NaN
,,,          NaN,,,,          NaN,         NaN
,,,          NaN,,,,          NaN,         NaN
,,,          NaN,,,,          NaN,         NaN
,,,          NaN,,,,          NaN,         NaN
,,,          NaN,,,,          NaN,         NaN
,,,          NaN,,,,          NaN,         NaN
,,,          NaN,,,,          NaN,         NaN
,,,          NaN,,,,          NaN,         NaN
,,,          NaN,,,,          NaN,         NaN
,,,          NaN,,,,          NaN,         NaN
,,,          NaN,,,,          NaN,         NaN
,,,          NaN,,,,          NaN,         NaN
,,,          NaN,,,,          NaN,         NaN
,,,          NaN,,,,          NaN,         NaN
,,,          NaN,,,,          NaN,         NaN
,,,          NaN,,,,          NaN,         NaN
,,,          NaN,,,,          NaN,         NaN
,,,          NaN,,,,          NaN,         NaN
,,,          NaN,,,,          NaN,         NaN
,,,          NaN,,,,          NaN,         NaN
,,,          NaN,,,,          NaN,         NaN
,,,          NaN,,,,          NaN,         NaN
,,,          NaN,,,,          NaN,         NaN
,,,          NaN,,,,          NaN,         NaN
,,,          NaN,,,,          NaN,         NaN
,,,          NaN,,,,          NaN,         NaN
,,,          NaN,,,,          NaN,         NaN
,,,          NaN,,,,          NaN,         NaN
,,,          NaN,,,,          NaN,         NaN
,,,          NaN,,,,          NaN,         NaN
,,,          NaN,,,,          NaN,         NaN
,,,          NaN,,,,          NaN,         NaN
,,,          NaN,,,,          NaN,         NaN
,,,          NaN,,,,          NaN,         NaN
,,,          NaN,,,,          NaN,         NaN
,,,          NaN,,,,          NaN,         NaN
,,,          NaN,,,,          NaN,         NaN
,,,          NaN,,,,          NaN,         NaN
,,,          NaN,,,,          NaN,         NaN
,,,          NaN,,,,          NaN,         NaN
,,,          NaN,,,,          NaN,         NaN
,,,          NaN,,,,          NaN,         NaN
,,,          NaN,,,,          NaN,         NaN
,,,          NaN,,,,          NaN,         NaN
,,,          NaN,,,,          NaN,         NaN
,,,          NaN,,,,          NaN,         NaN
,,,          NaN,,,,          NaN,         NaN
,,,          NaN,,,,          NaN,         NaN
,,,          NaN,,,,          NaN,         NaN
,,,          NaN,,,,          NaN,         NaN
,,,          NaN,,,,          NaN,         NaN
,,,          NaN,,,,          NaN,         NaN
,,,          NaN,,,,          NaN,         NaN
,,,          NaN,,,,          NaN,         NaN
,,,          NaN,,,,          NaN,         NaN
,,,          NaN,,,,          NaN,         NaN
,,,          NaN,,,,          NaN,         NaN
,,,          NaN,,,,          NaN,         NaN
,,,          NaN,,,,          NaN,         NaN
,,,          NaN,,,,          NaN,         NaN
,,,          NaN,,,,          NaN,         NaN
,,,          NaN,,,,          NaN,         NaN
,,,          NaN,,,,          NaN,         NaN
,,,          NaN,,,,          NaN,         NaN
,,,          NaN,,,,          NaN,         NaN
,,,          NaN,,,,          NaN,         NaN
,,,          NaN,,,,          NaN,         NaN
,,,          NaN,,,,          NaN,         NaN
,,,          NaN,,,,          NaN,         NaN
,,,          NaN,,,,          NaN,         NaN
,,,          NaN,,,,          NaN,         NaN
,,,          NaN,,,,          NaN,         NaN
,,,          NaN,,,,          NaN,         NaN
,,,          NaN,,,,          NaN,         NaN
,,,          NaN,,,,          NaN,         NaN
,,,          NaN,,,,          NaN,         NaN
,,,          NaN,,,,          NaN,         NaN
,,,          NaN,,,,          NaN,         NaN
,,,          NaN,,,,          NaN,         NaN
,,,          NaN,,,,          NaN,         NaN
,,,          NaN,,,,          NaN,         NaN
,,,          NaN,,,,          NaN,         NaN
,,,          NaN,,,,          NaN,         NaN
,,,          NaN,,,,          NaN,         NaN
,,,          NaN,,,,          NaN,         NaN
,,,          NaN,,,,          NaN,         NaN
,,,          NaN,,,,          NaN,         NaN
,,,          NaN,,,,          NaN,         NaN
,,,          NaN,,,,          NaN,         NaN
,,,          NaN,,,,          NaN,         NaN
,,,          NaN,,,,          NaN,         NaN
,,,          NaN,,,,          NaN,         NaN
,,,          NaN,,,,          NaN,         NaN
,,,          NaN,,,,          NaN,         NaN
,,,          NaN,,,,          NaN,         NaN
,,,          NaN,,,,          NaN,         NaN
,,,          NaN,,,,          NaN,         NaN
,,,          NaN,,,,          NaN,         NaN
,,,          NaN,,,,          NaN,         NaN
,,,          NaN,,,,          NaN,         NaN
,,,          NaN,,,,          NaN,         NaN
,,,          NaN,,,,          NaN,         NaN
,,,          NaN,,,,          NaN,         NaN
,,,          NaN,,,,          NaN,         NaN
,,,          NaN,,,,          NaN,         NaN
,,,          NaN,,,,          NaN,         NaN
,,,          NaN,,,,          NaN,         NaN
,,,          NaN,,,,          NaN,         NaN
,,,          NaN,,,,          NaN,         NaN
,,,          NaN,,,,          NaN,         NaN
,,,          NaN,,,,          NaN,         NaN
,,,          NaN,,,,          NaN,         NaN
,,,          NaN,,,,          NaN,         NaN
,,,          NaN,,,,          NaN,         NaN
,,,          NaN,,,,          NaN,         NaN
,,,          NaN,,,,          NaN,         NaN
,,,          NaN,,,,          NaN,         NaN
,,,          NaN,,,,          NaN,         NaN
,,,          NaN,,,,          NaN,         NaN
,,,          NaN,,,,          NaN,         NaN
,,,          NaN,,,,          NaN,         NaN
,,,          NaN,,,,          NaN,         NaN
,,,          NaN,,,,          NaN,         NaN
,,,          NaN,,,,          NaN,         NaN
,,,          NaN,,,,          NaN,         NaN
,,,          NaN,,,,          NaN,         NaN
,,,          NaN,,,,          NaN,         NaN
,,,          NaN,,,,          NaN,         NaN
,,,          NaN,,,,          NaN,         NaN
,,,          NaN,,,,          NaN,         NaN
,,,          NaN,,,,          NaN,         NaN
,,,          NaN,,,,          NaN,         NaN
,,,          NaN,,,,          NaN,         NaN
,,,          NaN,,,,          NaN,         NaN
,,,          NaN,,,,          NaN,         NaN
,,,          NaN,,,,          NaN,         NaN
,,,          NaN,,,,          NaN,         NaN
,,,          NaN,,,,          NaN,         NaN
,,,          NaN,,,,          NaN,         NaN
,,,          NaN,,,,          NaN,         NaN
,,,          NaN,,,,          NaN,         NaN
,,,          NaN,,,,          NaN,         NaN
,,,          NaN,,,,          NaN,         NaN
,,,          NaN,,,,          NaN,         NaN
,,,          NaN,,,,          NaN,         NaN
,,,          NaN,,,,          NaN,         NaN
,,,          NaN,,,,          NaN,         NaN
,,,          NaN,,,,          NaN,         NaN
,,,          NaN,,,,          NaN,         NaN
,,,          NaN,,,,          NaN,         NaN
,,,          NaN,,,,          NaN,         NaN
,,,          NaN,,,,          NaN,         NaN
,,,          NaN,,,,          NaN,         NaN
,,,          NaN,,,,          NaN,         NaN
,,,          NaN,,,,          NaN,         NaN
,,,          NaN,,,,          NaN,         NaN
,,,          NaN,,,,          NaN,         NaN
,,,          NaN,,,,          NaN,         NaN
,,,          NaN,,,,          NaN,         NaN
,,,          NaN,,,,          NaN,         NaN
,,,          NaN,,,,          NaN,         NaN
,,,          NaN,,,,          NaN,         NaN
,,,          NaN,,,,          NaN,         NaN
,,,          NaN,,,,          NaN,         NaN
,,,          NaN,,,,          NaN,         NaN
,,,          NaN,,,,          NaN,         NaN
,,,          NaN,,,,          NaN,         NaN
,,,          NaN,,,,          NaN,         NaN
,,,          NaN,,,,          NaN,         NaN
,,,          NaN,,,,          NaN,         NaN
,,,          NaN,,,,          NaN,         NaN
,,,          NaN,,,,          NaN,         NaN
,,,          NaN,,,,          NaN,         NaN
,,,          NaN,,,,          NaN,         NaN
,,,          NaN,,,,          NaN,         NaN
,,,          NaN,,,,          NaN,         NaN
,,,          NaN,,,,          NaN,         NaN
,,,          NaN,,,,          NaN,         NaN
,,,          NaN,,,,          NaN,         NaN
,,,          NaN,,,,          NaN,         NaN
,,,          NaN,,,,          NaN,         NaN
,,,          NaN,,,,          NaN,         NaN
,,,          NaN,,,,          NaN,         NaN
,,,          NaN,,,,          NaN,         NaN
,,,          NaN,,,,          NaN,         NaN
,,,          NaN,,,,          NaN,         NaN
,,,          NaN,,,,          NaN,         NaN
,,,          NaN,,,,          NaN,         NaN
,,,          NaN,,,,          NaN,         NaN
,,,          NaN,,,,          NaN,         NaN
,,,          NaN,,,,          NaN,         NaN
,,,          NaN,,,,          NaN,         NaN
,,,          NaN,,,,          NaN,         NaN
,,,          NaN,,,,          NaN,         NaN
,,,          NaN,,,,          NaN,         NaN
,,,          NaN,,,,          NaN,         NaN
,,,          NaN,,,,          NaN,         NaN
,,,          NaN,,,,          NaN,         NaN
,,,          NaN,,,,          NaN,         NaN
,,,          NaN,,,,          NaN,         NaN
,,,          NaN,,,,          NaN,         NaN
,,,          NaN,,,,          NaN,         NaN
,,,          NaN,,,,          NaN,         NaN
,,,          NaN,,,,          NaN,         NaN
,,,          NaN,,,,          NaN,         NaN
,,,          NaN,,,,          NaN,         NaN
,,,          NaN,,,,          NaN,         NaN
,,,          NaN,,,,          NaN,         NaN
,,,          NaN,,,,          NaN,         NaN
,,,          NaN,,,,          NaN,         NaN
,,,          NaN,,,,          NaN,         NaN
,,,          NaN,,,,          NaN,         NaN
,,,          NaN,,,,          NaN,         NaN
,,,          NaN,,,,          NaN,         NaN
,,,          NaN,,,,          NaN,         NaN
,,,          NaN,,,,          NaN,         NaN
,,,          NaN,,,,          NaN,         NaN
,,,          NaN,,,,          NaN,         NaN
,,,          NaN,,,,          NaN,         NaN
,,,          NaN,,,,          NaN,         NaN
,,,          NaN,,,,          NaN,         NaN
,,,          NaN,,,,          NaN,         NaN
,,,          NaN,,,,          NaN,         NaN
,,,          NaN,,,,          NaN,         NaN
,,,          NaN,,,,          NaN,         NaN
,,,          NaN,,,,          NaN,         NaN
,,,          NaN,,,,          NaN,         NaN
,,,          NaN,,,,          NaN,         NaN
,,,          NaN,,,,          NaN,         NaN
,,,          NaN,,,,          NaN,         NaN
,,,          NaN,,,,          NaN,         NaN
,,,          NaN,,,,          NaN,         NaN
,,,          NaN,,,,          NaN,         NaN
,,,          NaN,,,,          NaN,         NaN
,,,          NaN,,,,          NaN,         NaN
,,,          NaN,,,,          NaN,         NaN
,,,          NaN,,,,          NaN,         NaN
,,,          NaN,,,,          NaN,         NaN
,,,          NaN,,,,          NaN,         NaN
,,,          NaN,,,,          NaN,         NaN
,,,          NaN,,,,          NaN,         NaN
,,,          NaN,,,,          NaN,         NaN
,,,          NaN,,,,          NaN,         NaN
,,,          NaN,,,,          NaN,         NaN
,,,          NaN,,,,          NaN,         NaN
,,,          NaN,,,,          NaN,         NaN
,,,          NaN,,,,          NaN,         NaN
,,,          NaN,,,,          NaN,         NaN
,,,          NaN,,,,          NaN,         NaN
,,,          NaN,,,,          NaN,         NaN
,,,          NaN,,,,          NaN,         NaN
,,,          NaN,,,,          NaN,         NaN
,,,          NaN,,,,          NaN,         NaN
,,,          NaN,,,,          NaN,         NaN
,,,          NaN,,,,          NaN,         NaN
,,,          NaN,,,,          NaN,         NaN
,,,          NaN,,,,          NaN,         NaN
,,,          NaN,,,,          NaN,         NaN
,,,          NaN,,,,          NaN,         NaN
,,,          NaN,,,,          NaN,         NaN
,,,          NaN,,,,          NaN,         NaN
,,,          NaN,,,,          NaN,         NaN
,,,          NaN,,,,          NaN,         NaN
,,,          NaN,,,,          NaN,         NaN
,,,          NaN,,,,          NaN,         NaN
,,,          NaN,,,,          NaN,         NaN
,,,          NaN,,,,          NaN,         NaN
,,,          NaN,,,,          NaN,         NaN
,,,          NaN,,,,          NaN,         NaN
,,,          NaN,,,,          NaN,         NaN
,,,          NaN,,,,          NaN,         NaN
,,,          NaN,,,,          NaN,         NaN
,,,          NaN,,,,          NaN,         NaN
,,,          NaN,,,,          NaN,         NaN
,,,          NaN,,,,          NaN,         NaN
,,,          NaN,,,,          NaN,         NaN
,,,          NaN,,,,          NaN,         NaN
,,,          NaN,,,,          NaN,         NaN
,,,          NaN,,,,          NaN,         NaN
,,,          NaN,,,,          NaN,         NaN
,,,          NaN,,,,          NaN,         NaN
,,,          NaN,,,,          NaN,         NaN
,,,          NaN,,,,          NaN,         NaN
,,,          NaN,,,,          NaN,         NaN
,,,          NaN,,,,          NaN,         NaN
,,,          NaN,,,,          NaN,         NaN
,,,          NaN,,,,          NaN,         NaN
,,,          NaN,,,,          NaN,         NaN
,,,          NaN,,,,          NaN,         NaN
,,,          NaN,,,,          NaN,         NaN
,,,          NaN,,,,          NaN,         NaN
,,,          NaN,,,,          NaN,         NaN
,,,          NaN,,,,          NaN,         NaN
,,,          NaN,,,,          NaN,         NaN
,,,          NaN,,,,          NaN,         NaN
,,,          NaN,,,,          NaN,         NaN
,,,          NaN,,,,          NaN,         NaN
,,,          NaN,,,,          NaN,         NaN
,,,          NaN,,,,          NaN,         NaN
,,,          NaN,,,,          NaN,         NaN
,,,          NaN,,,,          NaN,         NaN
,,,          NaN,,,,          NaN,         NaN
,,,          NaN,,,,          NaN,         NaN
,,,          NaN,,,,          NaN,         NaN
,,,          NaN,,,,          NaN,         NaN
,,,          NaN,,,,          NaN,         NaN
,,,          NaN,,,,          NaN,         NaN
,,,          NaN,,,,          NaN,         NaN
,,,          NaN,,,,          NaN,         NaN
,,,          NaN,,,,          NaN,         NaN
,,,          NaN,,,,          NaN,         NaN
,,,          NaN,,,,          NaN,         NaN
,,,          NaN,,,,          NaN,         NaN
,,,          NaN,,,,          NaN,         NaN
,,,          NaN,,,,          NaN,         NaN
,,,          NaN,,,,          NaN,         NaN
,,,          NaN,,,,          NaN,         NaN
,,,          NaN,,,,          NaN,         NaN
,,,          NaN,,,,          NaN,         NaN
,,,          NaN,,,,          NaN,         NaN
,,,          NaN,,,,          NaN,         NaN
,,,          NaN,,,,          NaN,         NaN
,,,          NaN,,,,          NaN,         NaN
,,,          NaN,,,,          NaN,         NaN
,,,          NaN,,,,          NaN,         NaN
,,,          NaN,,,,          NaN,         NaN
,,,          NaN,,,,          NaN,         NaN
,,,          NaN,,,,          NaN,         NaN
,,,          NaN,,,,          NaN,         NaN
,,,          NaN,,,,          NaN,         NaN
,,,          NaN,,,,          NaN,         NaN
,,,          NaN,,,,          NaN,         NaN
,,,          NaN,,,,          NaN,         NaN
,,,          NaN,,,,          NaN,         NaN
,,,          NaN,,,,          NaN,         NaN
,,,          NaN,,,,          NaN,         NaN
,,,          NaN,,,,          NaN,         NaN
,,,          NaN,,,,          NaN,         NaN
,,,          NaN,,,,          NaN,         NaN
,,,          NaN,,,,          NaN,         NaN
,,,          NaN,,,,          NaN,         NaN
,,,          NaN,,,,          NaN,         NaN
,,,          NaN,,,,          NaN,         NaN
,,,          NaN,,,,          NaN,         NaN
,,,          NaN,,,,          NaN,         NaN
,,,          NaN,,,,          NaN,         NaN
,,,          NaN,,,,          NaN,         NaN
,,,          NaN,,,,          NaN,         NaN
,,,          NaN,,,,          NaN,         NaN
,,,          NaN,,,,          NaN,         NaN
,,,          NaN,,,,          NaN,         NaN
,,,          NaN,,,,          NaN,         NaN
,,,          NaN,,,,          NaN,         NaN
,,,          NaN,,,,          NaN,         NaN
,,,          NaN,,,,          NaN,         NaN
,,,          NaN,,,,          NaN,         NaN
,,,          NaN,,,,          NaN,         NaN
,,,          NaN,,,,          NaN,         NaN
,,,          NaN,,,,          NaN,         NaN
,,,          NaN,,,,          NaN,         NaN
,,,          NaN,,,,          NaN,         NaN
,,,          NaN,,,,          NaN,         NaN
,,,          NaN,,,,          NaN,         NaN
,,,          NaN,,,,          NaN,         NaN
,,,          NaN,,,,          NaN,         NaN
,,,          NaN,,,,          NaN,         NaN
,,,          NaN,,,,          NaN,         NaN
,,,          NaN,,,,          NaN,         NaN
,,,          NaN,,,,          NaN,         NaN
,,,          NaN,,,,          NaN,         NaN
,,,          NaN,,,,          NaN,         NaN
,,,          NaN,,,,          NaN,         NaN
,,,          NaN,,,,          NaN,         NaN
,,,          NaN,,,,          NaN,         NaN
,,,          NaN,,,,          NaN,         NaN
,,,          NaN,,,,          NaN,         NaN
,,,          NaN,,,,          NaN,         NaN
,,,          NaN,,,,          NaN,         NaN
,,,          NaN,,,,          NaN,         NaN
,,,          NaN,,,,          NaN,         NaN
,,,          NaN,,,,          NaN,         NaN
,,,          NaN,,,,          NaN,         NaN
,,,          NaN,,,,          NaN,         NaN
,,,          NaN,,,,          NaN,         NaN
,,,          NaN,,,,          NaN,         NaN
,,,          NaN,,,,          NaN,         NaN
,,,          NaN,,,,          NaN,         NaN
,,,          NaN,,,,          NaN,         NaN
,,,          NaN,,,,          NaN,         NaN
,,,          NaN,,,,          NaN,         NaN
,,,          NaN,,,,          NaN,         NaN
,,,          NaN,,,,          NaN,         NaN
,,,          NaN,,,,          NaN,         NaN
,,,          NaN,,,,          NaN,         NaN
,,,          NaN,,,,          NaN,         NaN
,,,          NaN,,,,          NaN,         NaN
,,,          NaN,,,,          NaN,         NaN
,,,          NaN,,,,          NaN,         NaN
,,,          NaN,,,,          NaN,         NaN
,,,          NaN,,,,          NaN,         NaN
,,,          NaN,,,,          NaN,         NaN
,,,          NaN,,,,          NaN,         NaN
,,,          NaN,,,,          NaN,         NaN
,,,          NaN,,,,          NaN,         NaN
,,,          NaN,,,,          NaN,         NaN
,,,          NaN,,,,          NaN,         NaN
,,,          NaN,,,,          NaN,         NaN
,,,          NaN,,,,          NaN,         NaN
,,,          NaN,,,,          NaN,         NaN
,,,          NaN,,,,          NaN,         NaN
,,,          NaN,,,,          NaN,         NaN
,,,          NaN,,,,          NaN,         NaN
,,,          NaN,,,,          NaN,         NaN
,,,          NaN,,,,          NaN,         NaN
,,,          NaN,,,,          NaN,         NaN
,,,          NaN,,,,          NaN,         NaN
,,,          NaN,,,,          NaN,         NaN
,,,          NaN,,,,          NaN,         NaN
,,,          NaN,,,,          NaN,         NaN
,,,          NaN,,,,          NaN,         NaN
,,,          NaN,,,,          NaN,         NaN
,,,          NaN,,,,          NaN,         NaN
,,,          NaN,,,,          NaN,         NaN
,,,          NaN,,,,          NaN,         NaN
,,,          NaN,,,,          NaN,         NaN
,,,          NaN,,,,          NaN,         NaN
,,,          NaN,,,,          NaN,         NaN
,,,          NaN,,,,          NaN,         NaN
,,,          NaN,,,,          NaN,         NaN
,,,          NaN,,,,          NaN,         NaN
,,,          NaN,,,,          NaN,         NaN
,,,          NaN,,,,          NaN,         NaN
,,,          NaN,,,,          NaN,         NaN
,,,          NaN,,,,          NaN,         NaN
,,,          NaN,,,,          NaN,         NaN
,,,          NaN,,,,          NaN,         NaN
,,,          NaN,,,,          NaN,         NaN
,,,          NaN,,,,          NaN,         NaN
,,,          NaN,,,,          NaN,         NaN
,,,          NaN,,,,          NaN,         NaN
,,,          NaN,,,,          NaN,         NaN
,,,          NaN,,,,          NaN,         NaN
,,,          NaN,,,,          NaN,         NaN
,,,          NaN,,,,          NaN,         NaN
,,,          NaN,,,,          NaN,         NaN
,,,          NaN,,,,          NaN,         NaN
,,,          NaN,,,,          NaN,         NaN
,,,          NaN,,,,          NaN,         NaN
,,,          NaN,,,,          NaN,         NaN
,,,          NaN,,,,          NaN,         NaN
,,,          NaN,,,,          NaN,         NaN
,,,          NaN,,,,          NaN,         NaN
,,,          NaN,,,,          NaN,         NaN
,,,          NaN,,,,          NaN,         NaN
,,,          NaN,,,,          NaN,         NaN
,,,          NaN,,,,          NaN,         NaN
,,,          NaN,,,,          NaN,         NaN
,,,          NaN,,,,          NaN,         NaN
,,,          NaN,,,,          NaN,         NaN
,,,          NaN,,,,          NaN,         NaN
,,,          NaN,,,,          NaN,         NaN
,,,          NaN,,,,          NaN,         NaN
,,,          NaN,,,,          NaN,         NaN
,,,          NaN,,,,          NaN,         NaN
,,,          NaN,,,,          NaN,         NaN
,,,          NaN,,,,          NaN,         NaN
,,,          NaN,,,,          NaN,         NaN
,,,          NaN,,,,          NaN,         NaN
,,,          NaN,,,,          NaN,         NaN
,,,          NaN,,,,          NaN,         NaN
,,,          NaN,,,,          NaN,         NaN
,,,          NaN,,,,          NaN,         NaN
,,,          NaN,,,,          NaN,         NaN
,,,          NaN,,,,          NaN,         NaN
,,,          NaN,,,,          NaN,         NaN
,,,          NaN,,,,          NaN,         NaN
,,,          NaN,,,,          NaN,         NaN
,,,          NaN,,,,          NaN,         NaN
,,,          NaN,,,,          NaN,         NaN
,,,          NaN,,,,          NaN,         NaN
,,,          NaN,,,,          NaN,         NaN
,,,          NaN,,,,          NaN,         NaN
,,,          NaN,,,,          NaN,         NaN
,,,          NaN,,,,          NaN,         NaN
,,,          NaN,,,,          NaN,         NaN
,,,          NaN,,,,          NaN,         NaN
,,,          NaN,,,,          NaN,         NaN
,,,          NaN,,,,          NaN,         NaN
,,,          NaN,,,,          NaN,         NaN
,,,          NaN,,,,          NaN,         NaN
,,,          NaN,,,,          NaN,         NaN
,,,          NaN,,,,          NaN,         NaN
,,,          NaN,,,,          NaN,         NaN
,,,          NaN,,,,          NaN,         NaN
,,,          NaN,,,,          NaN,         NaN
,,,          NaN,,,,          NaN,         NaN
,,,          NaN,,,,          NaN,         NaN
,,,          NaN,,,,          NaN,         NaN
,,,          NaN,,,,          NaN,         NaN
,,,          NaN,,,,          NaN,         NaN
,,,          NaN,,,,          NaN,         NaN
,,,          NaN,,,,          NaN,         NaN
,,,          NaN,,,,          NaN,         NaN
,,,          NaN,,,,          NaN,         NaN
,,,          NaN,,,,          NaN,         NaN
,,,          NaN,,,,          NaN,         NaN
,,,          NaN,,,,          NaN,         NaN
,,,          NaN,,,,          NaN,         NaN
,,,          NaN,,,,          NaN,         NaN
,,,          NaN,,,,          NaN,         NaN
,,,          NaN,,,,          NaN,         NaN
,,,          NaN,,,,          NaN,         NaN
,,,          NaN,,,,          NaN,         NaN
,,,          NaN,,,,          NaN,         NaN
,,,          NaN,,,,          NaN,         NaN
,,,          NaN,,,,          NaN,         NaN
,,,          NaN,,,,          NaN,         NaN
,,,          NaN,,,,          NaN,         NaN
,,,          NaN,,,,          NaN,         NaN
,,,          NaN,,,,          NaN,         NaN
,,,          NaN,,,,          NaN,         NaN
,,,          NaN,,,,          NaN,         NaN
,,,          NaN,,,,          NaN,         NaN
,,,          NaN,,,,          NaN,         NaN
,,,          NaN,,,,          NaN,         NaN
,,,          NaN,,,,          NaN,         NaN
,,,          NaN,,,,          NaN,         NaN
,,,          NaN,,,,          NaN,         NaN
,,,          NaN,,,,          NaN,         NaN
,,,          NaN,,,,          NaN,         NaN
,,,          NaN,,,,          NaN,         NaN
,,,          NaN,,,,          NaN,         NaN
,,,          NaN,,,,          NaN,         NaN
,,,          NaN,,,,          NaN,         NaN
,,,          NaN,,,,          NaN,         NaN
,,,          NaN,,,,          NaN,         NaN
,,,          NaN,,,,          NaN,         NaN
,,,          NaN,,,,          NaN,         NaN
,,,          NaN,,,,          NaN,         NaN
,,,          NaN,,,,          NaN,         NaN
,,,          NaN,,,,          NaN,         NaN
,,,          NaN,,,,          NaN,         NaN
,,,          NaN,,,,          NaN,         NaN
,,,          NaN,,,,          NaN,         NaN
,,,          NaN,,,,          NaN,         NaN
,,,          NaN,,,,          NaN,         NaN
,,,          NaN,,,,          NaN,         NaN
,,,          NaN,,,,          NaN,         NaN
,,,          NaN,,,,          NaN,         NaN
,,,          NaN,,,,          NaN,         NaN
,,,          NaN,,,,          NaN,         NaN
,,,          NaN,,,,          NaN,         NaN
,,,          NaN,,,,          NaN,         NaN
,,,          NaN,,,,          NaN,         NaN
,,,          NaN,,,,          NaN,         NaN
,,,          NaN,,,,          NaN,         NaN
,,,          NaN,,,,          NaN,         NaN
,,,          NaN,,,,          NaN,         NaN
,,,          NaN,,,,          NaN,         NaN
,,,          NaN,,,,          NaN,         NaN
,,,          NaN,,,,          NaN,         NaN
,,,          NaN,,,,          NaN,         NaN
,,,          NaN,,,,          NaN,         NaN
,,,          NaN,,,,          NaN,         NaN
,,,          NaN,,,,          NaN,         NaN
,,,          NaN,,,,          NaN,         NaN
,,,          NaN,,,,          NaN,         NaN
,,,          NaN,,,,          NaN,         NaN
,,,          NaN,,,,          NaN,         NaN
,,,          NaN,,,,          NaN,         NaN
,,,          NaN,,,,          NaN,         NaN
,,,          NaN,,,,          NaN,         NaN
,,,          NaN,,,,          NaN,         NaN
,,,          NaN,,,,          NaN,         NaN
,,,          NaN,,,,          NaN,         NaN
,,,          NaN,,,,          NaN,         NaN
,,,          NaN,,,,          NaN,         NaN
,,,          NaN,,,,          NaN,         NaN
,,,          NaN,,,,          NaN,         NaN
,,,          NaN,,,,          NaN,         NaN
,,,          NaN,,,,          NaN,         NaN
,,,          NaN,,,,          NaN,         NaN
,,,          NaN,,,,          NaN,         NaN
,,,          NaN,,,,          NaN,         NaN
,,,          NaN,,,,          NaN,         NaN
,,,          NaN,,,,          NaN,         NaN
,,,          NaN,,,,          NaN,         NaN
,,,          NaN,,,,          NaN,         NaN
,,,          NaN,,,,          NaN,         NaN
,,,          NaN,,,,          NaN,         NaN
,,,          NaN,,,,          NaN,         NaN
,,,          NaN,,,,          NaN,         NaN
,,,          NaN,,,,          NaN,         NaN
,,,          NaN,,,,          NaN,         NaN
,,,          NaN,,,,          NaN,         NaN
,,,          NaN,,,,          NaN,         NaN
,,,          NaN,,,,          NaN,         NaN
,,,          NaN,,,,          NaN,         NaN
,,,          NaN,,,,          NaN,         NaN
,,,          NaN,,,,          NaN,         NaN
,,,          NaN,,,,          NaN,         NaN
,,,          NaN,,,,          NaN,         NaN
,,,          NaN,,,,          NaN,         NaN
,,,          NaN,,,,          NaN,         NaN
,,,          NaN,,,,          NaN,         NaN
,,,          NaN,,,,          NaN,         NaN
,,,          NaN,,,,          NaN,         NaN
,,,          NaN,,,,          NaN,         NaN
,,,          NaN,,,,          NaN,         NaN
,,,          NaN,,,,          NaN,         NaN
,,,          NaN,,,,          NaN,         NaN
,,,          NaN,,,,          NaN,         NaN
,,,          NaN,,,,          NaN,         NaN
,,,          NaN,,,,          NaN,         NaN
,,,          NaN,,,,          NaN,         NaN
,,,          NaN,,,,          NaN,         NaN
,,,          NaN,,,,          NaN,         NaN
,,,          NaN,,,,          NaN,         NaN
,,,          NaN,,,,          NaN,         NaN
,,,          NaN,,,,          NaN,         NaN
,,,          NaN,,,,          NaN,         NaN
,,,          NaN,,,,          NaN,         NaN
,,,          NaN,,,,          NaN,         NaN
,,,          NaN,,,,          NaN,         NaN
,,,          NaN,,,,          NaN,         NaN
,,,          NaN,,,,          NaN,         NaN
,,,          NaN,,,,          NaN,         NaN
,,,          NaN,,,,          NaN,         NaN
,,,          NaN,,,,          NaN,         NaN
,,,          NaN,,,,          NaN,         NaN
,,,          NaN,,,,          NaN,         NaN
,,,          NaN,,,,          NaN,         NaN
,,,          NaN,,,,          NaN,         NaN
,,,          NaN,,,,          NaN,         NaN
,,,          NaN,,,,          NaN,         NaN
,,,          NaN,,,,          NaN,         NaN
,,,          NaN,,,,          NaN,         NaN
,,,          NaN,,,,          NaN,         NaN
,,,          NaN,,,,          NaN,         NaN
,,,          NaN,,,,          NaN,         NaN
,,,          NaN,,,,          NaN,         NaN
,,,          NaN,,,,          NaN,         NaN
,,,          NaN,,,,          NaN,         NaN
,,,          NaN,,,,          NaN,         NaN
,,,          NaN,,,,          NaN,         NaN
,,,          NaN,,,,          NaN,         NaN
,,,          NaN,,,,          NaN,         NaN
,,,          NaN,,,,          NaN,         NaN
,,,          NaN,,,,          NaN,         NaN
,,,          NaN,,,,          NaN,         NaN
,,,          NaN,,,,          NaN,         NaN
,,,          NaN,,,,          NaN,         NaN
,,,          NaN,,,,          NaN,         NaN
,,,          NaN,,,,          NaN,         NaN
,,,          NaN,,,,          NaN,         NaN
,,,          NaN,,,,          NaN,         NaN
,,,          NaN,,,,          NaN,         NaN
,,,          NaN,,,,          NaN,         NaN
,,,          NaN,,,,          NaN,         NaN
,,,          NaN,,,,          NaN,         NaN
,,,          NaN,,,,          NaN,         NaN
,,,          NaN,,,,          NaN,         NaN
,,,          NaN,,,,          NaN,         NaN
,,,          NaN,,,,          NaN,         NaN
,,,          NaN,,,,          NaN,         NaN
,,,          NaN,,,,          NaN,         NaN
,,,          NaN,,,,          NaN,         NaN
,,,          NaN,,,,          NaN,         NaN
,,,          NaN,,,,          NaN,         NaN
,,,          NaN,,,,          NaN,         NaN
,,,          NaN,,,,          NaN,         NaN
,,,          NaN,,,,          NaN,         NaN
,,,          NaN,,,,          NaN,         NaN
,,,          NaN,,,,          NaN,         NaN
,,,          NaN,,,,          NaN,         NaN
,,,          NaN,,,,          NaN,         NaN
,,,          NaN,,,,          NaN,         NaN
,,,          NaN,,,,          NaN,         NaN
,,,          NaN,,,,          NaN,         NaN
,,,          NaN,,,,          NaN,         NaN
,,,          NaN,,,,          NaN,         NaN
,,,          NaN,,,,          NaN,         NaN
,,,          NaN,,,,          NaN,         NaN
,,,          NaN,,,,          NaN,         NaN
,,,          NaN,,,,          NaN,         NaN
,,,          NaN,,,,          NaN,         NaN
,,,          NaN,,,,          NaN,         NaN
,,,          NaN,,,,          NaN,         NaN
,,,          NaN,,,,          NaN,         NaN
,,,          NaN,,,,          NaN,         NaN
,,,          NaN,,,,          NaN,         NaN
,,,          NaN,,,,          NaN,         NaN
,,,          NaN,,,,          NaN,         NaN
,,,          NaN,,,,          NaN,         NaN
,,,          NaN,,,,          NaN,         NaN
,,,          NaN,,,,          NaN,         NaN
,,,          NaN,,,,          NaN,         NaN
,,,          NaN,,,,          NaN,         NaN
,,,          NaN,,,,          NaN,         NaN
,,,          NaN,,,,          NaN,         NaN
,,,          NaN,,,,          NaN,         NaN
,,,          NaN,,,,          NaN,         NaN
,,,          NaN,,,,          NaN,         NaN
,,,          NaN,,,,          NaN,         NaN
,,,          NaN,,,,          NaN,         NaN
,,,          NaN,,,,          NaN,         NaN
,,,          NaN,,,,          NaN,         NaN
,,,          NaN,,,,          NaN,         NaN
,,,          NaN,,,,          NaN,         NaN
,,,          NaN,,,,          NaN,         NaN
,,,          NaN,,,,          NaN,         NaN
,,,          NaN,,,,          NaN,         NaN
,,,          NaN,,,,          NaN,         NaN
,,,          NaN,,,,          NaN,         NaN
,,,          NaN,,,,          NaN,         NaN
,,,          NaN,,,,          NaN,         NaN
,,,          NaN,,,,          NaN,         NaN
,,,          NaN,,,,          NaN,         NaN
,,,          NaN,,,,          NaN,         NaN
,,,          NaN,,,,          NaN,         NaN
,,,          NaN,,,,          NaN,         NaN
,,,          NaN,,,,          NaN,         NaN
,,,          NaN,,,,          NaN,         NaN
,,,          NaN,,,,          NaN,         NaN
,,,          NaN,,,,          NaN,         NaN
,,,          NaN,,,,          NaN,         NaN
,,,          NaN,,,,          NaN,         NaN
,,,          NaN,,,,          NaN,         NaN
,,,          NaN,,,,          NaN,         NaN
,,,          NaN,,,,          NaN,         NaN
,,,          NaN,,,,          NaN,         NaN
,,,          NaN,,,,          NaN,         NaN
,,,          NaN,,,,          NaN,         NaN
,,,          NaN,,,,          NaN,         NaN
,,,          NaN,,,,          NaN,         NaN
,,,          NaN,,,,          NaN,         NaN
,,,          NaN,,,,          NaN,         NaN
,,,          NaN,,,,          NaN,         NaN
,,,          NaN,,,,          NaN,         NaN
,,,          NaN,,,,          NaN,         NaN
,,,          NaN,,,,          NaN,         NaN
,,,          NaN,,,,          NaN,         NaN
,,,          NaN,,,,          NaN,         NaN
,,,          NaN,,,,          NaN,         NaN
,,,          NaN,,,,          NaN,         NaN
,,,          NaN,,,,          NaN,         NaN
,,,          NaN,,,,          NaN,         NaN
,,,          NaN,,,,          NaN,         NaN
,,,          NaN,,,,          NaN,         NaN
,,,          NaN,,,,          NaN,         NaN
,,,          NaN,,,,          NaN,         NaN
,,,          NaN,,,,          NaN,         NaN
,,,          NaN,,,,          NaN,         NaN
,,,          NaN,,,,          NaN,         NaN
,,,          NaN,,,,          NaN,         NaN
,,,          NaN,,,,          NaN,         NaN
,,,          NaN,,,,          NaN,         NaN
,,,          NaN,,,,          NaN,         NaN
,,,          NaN,,,,          NaN,         NaN
,,,          NaN,,,,          NaN,         NaN
,,,          NaN,,,,          NaN,         NaN
,,,          NaN,,,,          NaN,         NaN
,,,          NaN,,,,          NaN,         NaN
,,,          NaN,,,,          NaN,         NaN
,,,          NaN,,,,          NaN,         NaN
,,,          NaN,,,,          NaN,         NaN
,,,          NaN,,,,          NaN,         NaN
,,,          NaN,,,,          NaN,         NaN
,,,          NaN,,,,          NaN,         NaN
,,,          NaN,,,,          NaN,         NaN
,,,          NaN,,,,          NaN,         NaN
,,,          NaN,,,,          NaN,         NaN
,,,          NaN,,,,          NaN,         NaN
,,,          NaN,,,,          NaN,         NaN
,,,          NaN,,,,          NaN,         NaN
,,,          NaN,,,,          NaN,         NaN
,,,          NaN,,,,          NaN,         NaN
,,,          NaN,,,,          NaN,         NaN
,,,          NaN,,,,          NaN,         NaN
,,,          NaN,,,,          NaN,         NaN
,,,          NaN,,,,          NaN,         NaN
,,,          NaN,,,,          NaN,         NaN
,,,          NaN,,,,          NaN,         NaN
,,,          NaN,,,,          NaN,         NaN
,,,          NaN,,,,          NaN,         NaN
,,,          NaN,,,,          NaN,         NaN
,,,          NaN,,,,          NaN,         NaN
,,,          NaN,,,,          NaN,         NaN
,,,          NaN,,,,          NaN,         NaN
,,,          NaN,,,,          NaN,         NaN
,,,          NaN,,,,          NaN,         NaN
,,,          NaN,,,,          NaN,         NaN
,,,          NaN,,,,          NaN,         NaN
,,,          NaN,,,,          NaN,         NaN
,,,          NaN,,,,          NaN,         NaN
,,,          NaN,,,,          NaN,         NaN
,,,          NaN,,,,          NaN,         NaN
,,,          NaN,,,,          NaN,         NaN
,,,          NaN,,,,          NaN,         NaN
,,,          NaN,,,,          NaN,         NaN
,,,          NaN,,,,          NaN,         NaN
,,,          NaN,,,,          NaN,         NaN
,,,          NaN,,,,          NaN,         NaN
,,,          NaN,,,,          NaN,         NaN
,,,          NaN,,,,          NaN,         NaN
,,,          NaN,,,,          NaN,         NaN
,,,          NaN,,,,          NaN,         NaN
,,,          NaN,,,,          NaN,         NaN
,,,          NaN,,,,          NaN,         NaN
,,,          NaN,,,,          NaN,         NaN
,,,          NaN,,,,          NaN,         NaN
,,,          NaN,,,,          NaN,         NaN
,,,          NaN,,,,          NaN,         NaN
,,,          NaN,,,,          NaN,         NaN
,,,          NaN,,,,          NaN,         NaN
,,,          NaN,,,,          NaN,         NaN
,,,          NaN,,,,          NaN,         NaN
,,,          NaN,,,,          NaN,         NaN
,,,          NaN,,,,          NaN,         NaN
,,,          NaN,,,,          NaN,         NaN
,,,          NaN,,,,          NaN,         NaN
,,,          NaN,,,,          NaN,         NaN
,,,          NaN,,,,          NaN,         NaN
,,,          NaN,,,,          NaN,         NaN
,,,          NaN,,,,          NaN,         NaN
,,,          NaN,,,,          NaN,         NaN
,,,          NaN,,,,          NaN,         NaN
,,,          NaN,,,,          NaN,         NaN
,,,          NaN,,,,          NaN,         NaN
,,,          NaN,,,,          NaN,         NaN
,,,          NaN,,,,          NaN,         NaN
,,,          NaN,,,,          NaN,         NaN
,,,          NaN,,,,          NaN,         NaN
,,,          NaN,,,,          NaN,         NaN
,,,          NaN,,,,          NaN,         NaN
,,,          NaN,,,,          NaN,         NaN
,,,          NaN,,,,          NaN,         NaN
,,,          NaN,,,,          NaN,         NaN
,,,          NaN,,,,          NaN,         NaN
,,,          NaN,,,,          NaN,         NaN
,,,          NaN,,,,          NaN,         NaN
,,,          NaN,,,,          NaN,         NaN
,,,          NaN,,,,          NaN,         NaN
,,,          NaN,,,,          NaN,         NaN
,,,          NaN,,,,          NaN,         NaN
,,,          NaN,,,,          NaN,         NaN
,,,          NaN,,,,          NaN,         NaN
,,,          NaN,,,,          NaN,         NaN
,,,          NaN,,,,          NaN,         NaN
,,,          NaN,,,,          NaN,         NaN
,,,          NaN,,,,          NaN,         NaN
,,,          NaN,,,,          NaN,         NaN
,,,          NaN,,,,          NaN,         NaN
,,,          NaN,,,,          NaN,         NaN
,,,          NaN,,,,          NaN,         NaN
,,,          NaN,,,,          NaN,         NaN
,,,          NaN,,,,          NaN,         NaN
,,,          NaN,,,,          NaN,         NaN
,,,          NaN,,,,          NaN,         NaN
,,,          NaN,,,,          NaN,         NaN
,,,          NaN,,,,          NaN,         NaN
,,,          NaN,,,,          NaN,         NaN
,,,          NaN,,,,          NaN,         NaN
,,,          NaN,,,,          NaN,         NaN
,,,          NaN,,,,          NaN,         NaN
,,,          NaN,,,,          NaN,         NaN
,,,          NaN,,,,          NaN,         NaN
,,,          NaN,,,,          NaN,         NaN
,,,          NaN,,,,          NaN,         NaN
,,,          NaN,,,,          NaN,         NaN
,,,          NaN,,,,          NaN,         NaN
,,,          NaN,,,,          NaN,         NaN
,,,          NaN,,,,          NaN,         NaN
,,,          NaN,,,,          NaN,         NaN
,,,          NaN,,,,          NaN,         NaN
,,,          NaN,,,,          NaN,         NaN
,,,          NaN,,,,          NaN,         NaN
,,,          NaN,,,,          NaN,         NaN
,,,          NaN,,,,          NaN,         NaN
,,,          NaN,,,,          NaN,         NaN
,,,          NaN,,,,          NaN,         NaN
,,,          NaN,,,,          NaN,         NaN
,,,          NaN,,,,          NaN,         NaN
,,,          NaN,,,,          NaN,         NaN
,,,          NaN,,,,          NaN,         NaN
,,,          NaN,,,,          NaN,         NaN
,,,          NaN,,,,          NaN,         NaN
,,,          NaN,,,,          NaN,         NaN
,,,          NaN,,,,          NaN,         NaN
,,,          NaN,,,,          NaN,         NaN
,,,          NaN,,,,          NaN,         NaN
,,,          NaN,,,,          NaN,         NaN
,,,          NaN,,,,          NaN,         NaN
,,,          NaN,,,,          NaN,         NaN
,,,          NaN,,,,          NaN,         NaN
,,,          NaN,,,,          NaN,         NaN
,,,          NaN,,,,          NaN,         NaN
,,,          NaN,,,,          NaN,         NaN
,,,          NaN,,,,          NaN,         NaN
,,,          NaN,,,,          NaN,         NaN
,,,          NaN,,,,          NaN,         NaN
,,,          NaN,,,,          NaN,         NaN
,,,          NaN,,,,          NaN,         NaN
,,,          NaN,,,,          NaN,         NaN
,,,          NaN,,,,          NaN,         NaN
,,,          NaN,,,,          NaN,         NaN
,,,          NaN,,,,          NaN,         NaN
,,,          NaN,,,,          NaN,         NaN
,,,          NaN,,,,          NaN,         NaN
,,,          NaN,,,,          NaN,         NaN
,,,          NaN,,,,          NaN,         NaN
,,,          NaN,,,,          NaN,         NaN
,,,          NaN,,,,          NaN,         NaN
,,,          NaN,,,,          NaN,         NaN
,,,          NaN,,,,          NaN,         NaN
,,,          NaN,,,,          NaN,         NaN
,,,          NaN,,,,          NaN,         NaN
,,,          NaN,,,,          NaN,         NaN
,,,          NaN,,,,          NaN,         NaN
,,,          NaN,,,,          NaN,         NaN
,,,          NaN,,,,          NaN,         NaN
,,,          NaN,,,,          NaN,         NaN
,,,          NaN,,,,          NaN,         NaN
,,,          NaN,,,,          NaN,         NaN
,,,          NaN,,,,          NaN,         NaN
,,,          NaN,,,,          NaN,         NaN
,,,          NaN,,,,          NaN,         NaN
,,,          NaN,,,,          NaN,         NaN
,,,          NaN,,,,          NaN,         NaN
,,,          NaN,,,,          NaN,         NaN
,,,          NaN,,,,          NaN,         NaN
,,,          NaN,,,,          NaN,         NaN
,,,          NaN,,,,          NaN,         NaN
,,,          NaN,,,,          NaN,         NaN
,,,          NaN,,,,          NaN,         NaN
,,,          NaN,,,,          NaN,         NaN
,,,          NaN,,,,          NaN,         NaN
,,,          NaN,,,,          NaN,         NaN
,,,          NaN,,,,          NaN,         NaN
,,,          NaN,,,,          NaN,         NaN
,,,          NaN,,,,          NaN,         NaN
,,,          NaN,,,,          NaN,         NaN
,,,          NaN,,,,          NaN,         NaN
,,,          NaN,,,,          NaN,         NaN
,,,          NaN,,,,          NaN,         NaN
,,,          NaN,,,,          NaN,         NaN
,,,          NaN,,,,          NaN,         NaN
,,,          NaN,,,,          NaN,         NaN
,,,          NaN,,,,          NaN,         NaN
,,,          NaN,,,,          NaN,         NaN
,,,          NaN,,,,          NaN,         NaN
,,,          NaN,,,,          NaN,         NaN
,,,          NaN,,,,          NaN,         NaN
,,,          NaN,,,,          NaN,         NaN
,,,          NaN,,,,          NaN,         NaN
,,,          NaN,,,,          NaN,         NaN
,,,          NaN,,,,          NaN,         NaN
,,,          NaN,,,,          NaN,         NaN
,,,          NaN,,,,          NaN,         NaN
,,,          NaN,,,,          NaN,         NaN
,,,          NaN,,,,          NaN,         NaN
,,,          NaN,,,,          NaN,         NaN
,,,          NaN,,,,          NaN,         NaN
,,,          NaN,,,,          NaN,         NaN
,,,          NaN,,,,          NaN,         NaN
,,,          NaN,,,,          NaN,         NaN
,,,          NaN,,,,          NaN,         NaN
,,,          NaN,,,,          NaN,         NaN
,,,          NaN,,,,          NaN,         NaN
,,,          NaN,,,,          NaN,         NaN
,,,          NaN,,,,          NaN,         NaN
,,,          NaN,,,,          NaN,         NaN
,,,          NaN,,,,          NaN,         NaN
,,,          NaN,,,,          NaN,         NaN
,,,          NaN,,,,          NaN,         NaN
,,,          NaN,,,,          NaN,         NaN
,,,          NaN,,,,          NaN,         NaN
,,,          NaN,,,,          NaN,         NaN
,,,          NaN,,,,          NaN,         NaN
,,,          NaN,,,,          NaN,         NaN
,,,          NaN,,,,          NaN,         NaN
,,,          NaN,,,,          NaN,         NaN
,,,          NaN,,,,          NaN,         NaN
,,,          NaN,,,,          NaN,         NaN
,,,          NaN,,,,          NaN,         NaN
,,,          NaN,,,,          NaN,         NaN
,,,          NaN,,,,          NaN,         NaN
,,,          NaN,,,,          NaN,         NaN
,,,          NaN,,,,          NaN,         NaN
,,,          NaN,,,,          NaN,         NaN
,,,          NaN,,,,          NaN,         NaN
,,,          NaN,,,,          NaN,         NaN
,,,          NaN,,,,          NaN,         NaN
,,,          NaN,,,,          NaN,         NaN
,,,          NaN,,,,          NaN,         NaN
,,,          NaN,,,,          NaN,         NaN
,,,          NaN,,,,          NaN,         NaN
,,,          NaN,,,,          NaN,         NaN
,,,          NaN,,,,          NaN,         NaN
,,,          NaN,,,,          NaN,         NaN
,,,          NaN,,,,          NaN,         NaN
,,,          NaN,,,,          NaN,         NaN
,,,          NaN,,,,          NaN,         NaN
,,,          NaN,,,,          NaN,         NaN
,,,          NaN,,,,          NaN,         NaN
,,,          NaN,,,,          NaN,         NaN
,,,          NaN,,,,          NaN,         NaN
,,,          NaN,,,,          NaN,         NaN
,,,          NaN,,,,          NaN,         NaN
,,,          NaN,,,,          NaN,         NaN
,,,          NaN,,,,          NaN,         NaN
,,,          NaN,,,,          NaN,         NaN
,,,          NaN,,,,          NaN,         NaN
,,,          NaN,,,,          NaN,         NaN
,,,          NaN,,,,          NaN,         NaN
,,,          NaN,,,,          NaN,         NaN
,,,          NaN,,,,          NaN,         NaN
,,,          NaN,,,,          NaN,         NaN
,,,          NaN,,,,          NaN,         NaN
,,,          NaN,,,,          NaN,         NaN
,,,          NaN,,,,          NaN,         NaN
,,,          NaN,,,,          NaN,         NaN
,,,          NaN,,,,          NaN,         NaN
,,,          NaN,,,,          NaN,         NaN
,,,          NaN,,,,          NaN,         NaN
,,,          NaN,,,,          NaN,         NaN
,,,          NaN,,,,          NaN,         NaN
,,,          NaN,,,,          NaN,         NaN
,,,          NaN,,,,          NaN,         NaN
,,,          NaN,,,,          NaN,         NaN
,,,          NaN,,,,          NaN,         NaN
,,,          NaN,,,,          NaN,         NaN
,,,          NaN,,,,          NaN,         NaN
,,,          NaN,,,,          NaN,         NaN
,,,          NaN,,,,          NaN,         NaN
,,,          NaN,,,,          NaN,         NaN
,,,          NaN,,,,          NaN,         NaN
,,,          NaN,,,,          NaN,         NaN
,,,          NaN,,,,          NaN,         NaN
,,,          NaN,,,,          NaN,         NaN
,,,          NaN,,,,          NaN,         NaN
,,,          NaN,,,,          NaN,         NaN
,,,          NaN,,,,          NaN,         NaN
,,,          NaN,,,,          NaN,         NaN
,,,          NaN,,,,          NaN,         NaN
,,,          NaN,,,,          NaN,         NaN
,,,          NaN,,,,          NaN,         NaN
,,,          NaN,,,,          NaN,         NaN
,,,          NaN,,,,          NaN,         NaN
,,,          NaN,,,,          NaN,         NaN
,,,          NaN,,,,          NaN,         NaN
,,,          NaN,,,,          NaN,         NaN
,,,          NaN,,,,          NaN,         NaN
,,,          NaN,,,,          NaN,         NaN
,,,          NaN,,,,          NaN,         NaN
,,,          NaN,,,,          NaN,         NaN
,,,          NaN,,,,          NaN,         NaN
,,,          NaN,,,,          NaN,         NaN
,,,          NaN,,,,          NaN,         NaN
,,,          NaN,,,,          NaN,         NaN
,,,          NaN,,,,          NaN,         NaN
,,,          NaN,,,,          NaN,         NaN
,,,          NaN,,,,          NaN,         NaN
,,,          NaN,,,,          NaN,         NaN
,,,          NaN,,,,          NaN,         NaN
,,,          NaN,,,,          NaN,         NaN
,,,          NaN,,,,          NaN,         NaN
,,,          NaN,,,,          NaN,         NaN
,,,          NaN,,,,          NaN,         NaN
,,,          NaN,,,,          NaN,         NaN
,,,          NaN,,,,          NaN,         NaN
,,,          NaN,,,,          NaN,         NaN
,,,          NaN,,,,          NaN,         NaN
,,,          NaN,,,,          NaN,         NaN
,,,          NaN,,,,          NaN,         NaN
,,,          NaN,,,,          NaN,         NaN
,,,          NaN,,,,          NaN,         NaN
,,,          NaN,,,,          NaN,         NaN
,,,          NaN,,,,          NaN,         NaN
,,,          NaN,,,,          NaN,         NaN
,,,          NaN,,,,          NaN,         NaN
,,,          NaN,,,,          NaN,         NaN
,,,          NaN,,,,          NaN,         NaN
,,,          NaN,,,,          NaN,         NaN
,,,          NaN,,,,          NaN,         NaN
,,,          NaN,,,,          NaN,         NaN
,,,          NaN,,,,          NaN,         NaN
,,,          NaN,,,,          NaN,         NaN
,,,          NaN,,,,          NaN,         NaN
,,,          NaN,,,,          NaN,         NaN
,,,          NaN,,,,          NaN,         NaN
,,,          NaN,,,,          NaN,         NaN
,,,          NaN,,,,          NaN,         NaN
,,,          NaN,,,,          NaN,         NaN
,,,          NaN,,,,          NaN,         NaN
,,,          NaN,,,,          NaN,         NaN
,,,          NaN,,,,          NaN,         NaN
,,,          NaN,,,,          NaN,         NaN
,,,          NaN,,,,          NaN,         NaN
,,,          NaN,,,,          NaN,         NaN
,,,          NaN,,,,          NaN,         NaN
,,,          NaN,,,,          NaN,         NaN
,,,          NaN,,,,          NaN,         NaN
,,,          NaN,,,,          NaN,         NaN
,,,          NaN,,,,          NaN,         NaN
,,,          NaN,,,,          NaN,         NaN
,,,          NaN,,,,          NaN,         NaN
,,,          NaN,,,,          NaN,         NaN
,,,          NaN,,,,          NaN,         NaN
,,,          NaN,,,,          NaN,         NaN
,,,          NaN,,,,          NaN,         NaN
,,,          NaN,,,,          NaN,         NaN
,,,          NaN,,,,          NaN,         NaN
,,,          NaN,,,,          NaN,         NaN
,,,          NaN,,,,          NaN,         NaN
,,,          NaN,,,,          NaN,         NaN
,,,          NaN,,,,          NaN,         NaN
,,,          NaN,,,,          NaN,         NaN
,,,          NaN,,,,          NaN,         NaN
,,,          NaN,,,,          NaN,         NaN
,,,          NaN,,,,          NaN,         NaN
,,,          NaN,,,,          NaN,         NaN
,,,          NaN,,,,          NaN,         NaN
,,,          NaN,,,,          NaN,         NaN
,,,          NaN,,,,          NaN,         NaN
,,,          NaN,,,,          NaN,         NaN
,,,          NaN,,,,          NaN,         NaN
,,,          NaN,,,,          NaN,         NaN
,,,          NaN,,,,          NaN,         NaN
,,,          NaN,,,,          NaN,         NaN
,,,          NaN,,,,          NaN,         NaN
,,,          NaN,,,,          NaN,         NaN
,,,          NaN,,,,          NaN,         NaN
,,,          NaN,,,,          NaN,         NaN
,,,          NaN,,,,          NaN,         NaN
,,,          NaN,,,,          NaN,         NaN
,,,          NaN,,,,          NaN,         NaN
,,,          NaN,,,,          NaN,         NaN
,,,          NaN,,,,          NaN,         NaN
,,,          NaN,,,,          NaN,         NaN
,,,          NaN,,,,          NaN,         NaN
,,,          NaN,,,,          NaN,         NaN
,,,          NaN,,,,          NaN,         NaN
,,,          NaN,,,,          NaN,         NaN
,,,          NaN,,,,          NaN,         NaN
,,,          NaN,,,,          NaN,         NaN
,,,          NaN,,,,          NaN,         NaN
,,,          NaN,,,,          NaN,         NaN
,,,          NaN,,,,          NaN,         NaN
,,,          NaN,,,,          NaN,         NaN
,,,          NaN,,,,          NaN,         NaN
,,,          NaN,,,,          NaN,         NaN
,,,          NaN,,,,          NaN,         NaN
,,,          NaN,,,,          NaN,         NaN
,,,          NaN,,,,          NaN,         NaN
,,,          NaN,,,,          NaN,         NaN
,,,          NaN,,,,          NaN,         NaN
,,,          NaN,,,,          NaN,         NaN
,,,          NaN,,,,          NaN,         NaN
,,,          NaN,,,,          NaN,         NaN
,,,          NaN,,,,          NaN,         NaN
,,,          NaN,,,,          NaN,         NaN
,,,          NaN,,,,          NaN,         NaN
,,,          NaN,,,,          NaN,         NaN
,,,          NaN,,,,          NaN,         NaN
,,,          NaN,,,,          NaN,         NaN
,,,          NaN,,,,          NaN,         NaN
,,,          NaN,,,,          NaN,         NaN
,,,          NaN,,,,          NaN,         NaN
,,,          NaN,,,,          NaN,         NaN
,,,          NaN,,,,          NaN,         NaN
,,,          NaN,,,,          NaN,         NaN
,,,          NaN,,,,          NaN,         NaN
,,,          NaN,,,,          NaN,         NaN
,,,          NaN,,,,          NaN,         NaN
,,,          NaN,,,,          NaN,         NaN
,,,          NaN,,,,          NaN,         NaN
,,,          NaN,,,,          NaN,         NaN
,,,          NaN,,,,          NaN,         NaN
,,,          NaN,,,,          NaN,         NaN
,,,          NaN,,,,          NaN,         NaN
,,,          NaN,,,,          NaN,         NaN
,,,          NaN,,,,          NaN,         NaN
,,,          NaN,,,,          NaN,         NaN
,,,          NaN,,,,          NaN,         NaN
,,,          NaN,,,,          NaN,         NaN
,,,          NaN,,,,          NaN,         NaN
,,,          NaN,,,,          NaN,         NaN
,,,          NaN,,,,          NaN,         NaN
,,,          NaN,,,,          NaN,         NaN
,,,          NaN,,,,          NaN,         NaN
,,,          NaN,,,,          NaN,         NaN
,,,          NaN,,,,          NaN,         NaN
,,,          NaN,,,,          NaN,         NaN
,,,          NaN,,,,          NaN,         NaN
,,,          NaN,,,,          NaN,         NaN
,,,          NaN,,,,          NaN,         NaN
,,,          NaN,,,,          NaN,         NaN
,,,          NaN,,,,          NaN,         NaN
,,,          NaN,,,,          NaN,         NaN
,,,          NaN,,,,          NaN,         NaN
,,,          NaN,,,,          NaN,         NaN
,,,          NaN,,,,          NaN,         NaN
,,,          NaN,,,,          NaN,         NaN
,,,          NaN,,,,          NaN,         NaN
,,,          NaN,,,,          NaN,         NaN
,,,          NaN,,,,          NaN,         NaN
,,,          NaN,,,,          NaN,         NaN
,,,          NaN,,,,          NaN,         NaN
,,,          NaN,,,,          NaN,         NaN
,,,          NaN,,,,          NaN,         NaN
,,,          NaN,,,,          NaN,         NaN
,,,          NaN,,,,          NaN,         NaN
,,,          NaN,,,,          NaN,         NaN
,,,          NaN,,,,          NaN,         NaN
,,,          NaN,,,,          NaN,         NaN
,,,          NaN,,,,          NaN,         NaN
,,,          NaN,,,,          NaN,         NaN
,,,          NaN,,,,          NaN,         NaN
,,,          NaN,,,,          NaN,         NaN
,,,          NaN,,,,          NaN,         NaN
,,,          NaN,,,,          NaN,         NaN
,,,          NaN,,,,          NaN,         NaN
,,,          NaN,,,,          NaN,         NaN
,,,          NaN,,,,          NaN,         NaN
,,,          NaN,,,,          NaN,         NaN
,,,          NaN,,,,          NaN,         NaN
,,,          NaN,,,,          NaN,         NaN
,,,          NaN,,,,          NaN,         NaN
,,,          NaN,,,,          NaN,         NaN
,,,          NaN,,,,          NaN,         NaN
,,,          NaN,,,,          NaN,         NaN
,,,          NaN,,,,          NaN,         NaN
,,,          NaN,,,,          NaN,         NaN
,,,          NaN,,,,          NaN,         NaN
,,,          NaN,,,,          NaN,         NaN
,,,          NaN,,,,          NaN,         NaN
,,,          NaN,,,,          NaN,         NaN
,,,          NaN,,,,          NaN,         NaN
,,,          NaN,,,,          NaN,         NaN
,,,          NaN,,,,          NaN,         NaN
,,,          NaN,,,,          NaN,         NaN
,,,          NaN,,,,          NaN,         NaN
,,,          NaN,,,,          NaN,         NaN
,,,          NaN,,,,          NaN,         NaN
,,,          NaN,,,,          NaN,         NaN
,,,          NaN,,,,          NaN,         NaN
,,,          NaN,,,,          NaN,         NaN
,,,          NaN,,,,          NaN,         NaN
,,,          NaN,,,,          NaN,         NaN
,,,          NaN,,,,          NaN,         NaN
,,,          NaN,,,,          NaN,         NaN
,,,          NaN,,,,          NaN,         NaN
,,,          NaN,,,,          NaN,         NaN
,,,          NaN,,,,          NaN,         NaN
,,,          NaN,,,,          NaN,         NaN
,,,          NaN,,,,          NaN,         NaN
,,,          NaN,,,,          NaN,         NaN
,,,          NaN,,,,          NaN,         NaN
,,,          NaN,,,,          NaN,         NaN
,,,          NaN,,,,          NaN,         NaN
,,,          NaN,,,,          NaN,         NaN
,,,          NaN,,,,          NaN,         NaN
,,,          NaN,,,,          NaN,         NaN
,,,          NaN,,,,          NaN,         NaN
,,,          NaN,,,,          NaN,         NaN
,,,          NaN,,,,          NaN,         NaN
,,,          NaN,,,,          NaN,         NaN
,,,          NaN,,,,          NaN,         NaN
,,,          NaN,,,,          NaN,         NaN
,,,          NaN,,,,          NaN,         NaN
,,,          NaN,,,,          NaN,         NaN
,,,          NaN,,,,          NaN,         NaN
,,,          NaN,,,,          NaN,         NaN
,,,          NaN,,,,          NaN,         NaN
,,,          NaN,,,,          NaN,         NaN
,,,          NaN,,,,          NaN,         NaN
,,,          NaN,,,,          NaN,         NaN
,,,          NaN,,,,          NaN,         NaN
,,,          NaN,,,,          NaN,         NaN
,,,          NaN,,,,          NaN,         NaN
,,,          NaN,,,,          NaN,         NaN
,,,          NaN,,,,          NaN,         NaN
,,,          NaN,,,,          NaN,         NaN
,,,          NaN,,,,          NaN,         NaN
,,,          NaN,,,,          NaN,         NaN
,,,          NaN,,,,          NaN,         NaN
,,,          NaN,,,,          NaN,         NaN
,,,          NaN,,,,          NaN,         NaN
,,,          NaN,,,,          NaN,         NaN
,,,          NaN,,,,          NaN,         NaN
,,,          NaN,,,,          NaN,         NaN
,,,          NaN,,,,          NaN,         NaN
,,,          NaN,,,,          NaN,         NaN
,,,          NaN,,,,          NaN,         NaN
,,,          NaN,,,,          NaN,         NaN
,,,          NaN,,,,          NaN,         NaN
,,,          NaN,,,,          NaN,         NaN
,,,          NaN,,,,          NaN,         NaN
,,,          NaN,,,,          NaN,         NaN
,,,          NaN,,,,          NaN,         NaN
,,,          NaN,,,,          NaN,         NaN
,,,          NaN,,,,          NaN,         NaN
,,,          NaN,,,,          NaN,         NaN
,,,          NaN,,,,          NaN,         NaN
,,,          NaN,,,,          NaN,         NaN
,,,          NaN,,,,          NaN,         NaN
,,,          NaN,,,,          NaN,         NaN
,,,          NaN,,,,          NaN,         NaN
,,,          NaN,,,,          NaN,         NaN
,,,          NaN,,,,          NaN,         NaN
,,,          NaN,,,,          NaN,         NaN
,,,          NaN,,,,          NaN,         NaN
,,,          NaN,,,,          NaN,         NaN
,,,          NaN,,,,          NaN,         NaN
,,,          NaN,,,,          NaN,         NaN
,,,          NaN,,,,          NaN,         NaN
,,,          NaN,,,,          NaN,         NaN
,,,          NaN,,,,          NaN,         NaN
,,,          NaN,,,,          NaN,         NaN
,,,          NaN,,,,          NaN,         NaN
,,,          NaN,,,,          NaN,         NaN
,,,          NaN,,,,          NaN,         NaN
,,,          NaN,,,,          NaN,         NaN
,,,          NaN,,,,          NaN,         NaN
,,,          NaN,,,,          NaN,         NaN
,,,          NaN,,,,          NaN,         NaN
,,,          NaN,,,,          NaN,         NaN
,,,          NaN,,,,          NaN,         NaN
,,,          NaN,,,,          NaN,         NaN
,,,          NaN,,,,          NaN,         NaN
,,,          NaN,,,,          NaN,         NaN
,,,          NaN,,,,          NaN,         NaN
,,,          NaN,,,,          NaN,         NaN
,,,          NaN,,,,          NaN,         NaN
,,,          NaN,,,,          NaN,         NaN
,,,          NaN,,,,          NaN,         NaN
,,,          NaN,,,,          NaN,         NaN
,,,          NaN,,,,          NaN,         NaN
,,,          NaN,,,,          NaN,         NaN
,,,          NaN,,,,          NaN,         NaN
,,,          NaN,,,,          NaN,         NaN
,,,          NaN,,,,          NaN,         NaN
,,,          NaN,,,,          NaN,         NaN
,,,          NaN,,,,          NaN,         NaN
,,,          NaN,,,,          NaN,         NaN
,,,          NaN,,,,          NaN,         NaN
,,,          NaN,,,,          NaN,         NaN
,,,          NaN,,,,          NaN,         NaN
,,,          NaN,,,,          NaN,         NaN
,,,          NaN,,,,          NaN,         NaN
,,,          NaN,,,,          NaN,         NaN
,,,          NaN,,,,          NaN,         NaN
,,,          NaN,,,,          NaN,         NaN
,,,          NaN,,,,          NaN,         NaN
,,,          NaN,,,,          NaN,         NaN
,,,          NaN,,,,          NaN,         NaN
,,,          NaN,,,,          NaN,         NaN
,,,          NaN,,,,          NaN,         NaN
,,,          NaN,,,,          NaN,         NaN
,,,          NaN,,,,          NaN,         NaN
,,,          NaN,,,,          NaN,         NaN
,,,          NaN,,,,          NaN,         NaN
,,,          NaN,,,,          NaN,         NaN
,,,          NaN,,,,          NaN,         NaN
,,,          NaN,,,,          NaN,         NaN
,,,          NaN,,,,          NaN,         NaN
,,,          NaN,,,,          NaN,         NaN
,,,          NaN,,,,          NaN,         NaN
,,,          NaN,,,,          NaN,         NaN
,,,          NaN,,,,          NaN,         NaN
,,,          NaN,,,,          NaN,         NaN
,,,          NaN,,,,          NaN,         NaN
,,,          NaN,,,,          NaN,         NaN
,,,          NaN,,,,          NaN,         NaN
,,,          NaN,,,,          NaN,         NaN
,,,          NaN,,,,          NaN,         NaN
,,,          NaN,,,,          NaN,         NaN
,,,          NaN,,,,          NaN,         NaN
,,,          NaN,,,,          NaN,         NaN
,,,          NaN,,,,          NaN,         NaN
,,,          NaN,,,,          NaN,         NaN
,,,          NaN,,,,          NaN,         NaN
,,,          NaN,,,,          NaN,         NaN
,,,          NaN,,,,          NaN,         NaN
,,,          NaN,,,,          NaN,         NaN
,,,          NaN,,,,          NaN,         NaN
,,,          NaN,,,,          NaN,         NaN
,,,          NaN,,,,          NaN,         NaN
,,,          NaN,,,,          NaN,         NaN
,,,          NaN,,,,          NaN,         NaN
,,,          NaN,,,,          NaN,         NaN
,,,          NaN,,,,          NaN,         NaN
,,,          NaN,,,,          NaN,         NaN
,,,          NaN,,,,          NaN,         NaN
,,,          NaN,,,,          NaN,         NaN
,,,          NaN,,,,          NaN,         NaN
,,,          NaN,,,,          NaN,         NaN
,,,          NaN,,,,          NaN,         NaN
,,,          NaN,,,,          NaN,         NaN
,,,          NaN,,,,          NaN,         NaN
,,,          NaN,,,,          NaN,         NaN
,,,          NaN,,,,          NaN,         NaN
,,,          NaN,,,,          NaN,         NaN
,,,          NaN,,,,          NaN,         NaN
,,,          NaN,,,,          NaN,         NaN
,,,          NaN,,,,          NaN,         NaN
,,,          NaN,,,,          NaN,         NaN
,,,          NaN,,,,          NaN,         NaN
,,,          NaN,,,,          NaN,         NaN
,,,          NaN,,,,          NaN,         NaN
,,,          NaN,,,,          NaN,         NaN
,,,          NaN,,,,          NaN,         NaN
,,,          NaN,,,,          NaN,         NaN
,,,          NaN,,,,          NaN,         NaN
,,,          NaN,,,,          NaN,         NaN
,,,          NaN,,,,          NaN,         NaN
,,,          NaN,,,,          NaN,         NaN
,,,          NaN,,,,          NaN,         NaN
,,,          NaN,,,,          NaN,         NaN
,,,          NaN,,,,          NaN,         NaN
,,,          NaN,,,,          NaN,         NaN
,,,          NaN,,,,          NaN,         NaN
,,,          NaN,,,,          NaN,         NaN
,,,          NaN,,,,          NaN,         NaN
,,,          NaN,,,,          NaN,         NaN
,,,          NaN,,,,          NaN,         NaN
,,,          NaN,,,,          NaN,         NaN
,,,          NaN,,,,          NaN,         NaN
,,,          NaN,,,,          NaN,         NaN
,,,          NaN,,,,          NaN,         NaN
,,,          NaN,,,,          NaN,         NaN
,,,          NaN,,,,          NaN,         NaN
,,,          NaN,,,,          NaN,         NaN
,,,          NaN,,,,          NaN,         NaN
,,,          NaN,,,,          NaN,         NaN
,,,          NaN,,,,          NaN,         NaN
,,,          NaN,,,,          NaN,         NaN
,,,          NaN,,,,          NaN,         NaN
,,,          NaN,,,,          NaN,         NaN
,,,          NaN,,,,          NaN,         NaN
,,,          NaN,,,,          NaN,         NaN
,,,          NaN,,,,          NaN,         NaN
,,,          NaN,,,,          NaN,         NaN
,,,          NaN,,,,          NaN,         NaN
,,,          NaN,,,,          NaN,         NaN
,,,          NaN,,,,          NaN,         NaN
,,,          NaN,,,,          NaN,         NaN
,,,          NaN,,,,          NaN,         NaN
,,,          NaN,,,,          NaN,         NaN
,,,          NaN,,,,          NaN,         NaN
,,,          NaN,,,,          NaN,         NaN
,,,          NaN,,,,          NaN,         NaN
,,,          NaN,,,,          NaN,         NaN
,,,          NaN,,,,          NaN,         NaN
,,,          NaN,,,,          NaN,         NaN
,,,          NaN,,,,          NaN,         NaN
,,,          NaN,,,,          NaN,         NaN
,,,          NaN,,,,          NaN,         NaN
,,,          NaN,,,,          NaN,         NaN
,,,          NaN,,,,          NaN,         NaN
,,,          NaN,,,,          NaN,         NaN
,,,          NaN,,,,          NaN,         NaN
,,,          NaN,,,,          NaN,         NaN
,,,          NaN,,,,          NaN,         NaN
,,,          NaN,,,,          NaN,         NaN
,,,          NaN,,,,          NaN,         NaN
,,,          NaN,,,,          NaN,         NaN
,,,          NaN,,,,          NaN,         NaN
,,,          NaN,,,,          NaN,         NaN
,,,          NaN,,,,          NaN,         NaN
,,,          NaN,,,,          NaN,         NaN
,,,          NaN,,,,          NaN,         NaN
,,,          NaN,,,,          NaN,         NaN
,,,          NaN,,,,          NaN,         NaN
,,,          NaN,,,,          NaN,         NaN
,,,          NaN,,,,          NaN,         NaN
,,,          NaN,,,,          NaN,         NaN
,,,          NaN,,,,          NaN,         NaN
,,,          NaN,,,,          NaN,         NaN
,,,          NaN,,,,          NaN,         NaN
,,,          NaN,,,,          NaN,         NaN
,,,          NaN,,,,          NaN,         NaN
,,,          NaN,,,,          NaN,         NaN
,,,          NaN,,,,          NaN,         NaN
,,,          NaN,,,,          NaN,         NaN
,,,          NaN,,,,          NaN,         NaN
,,,          NaN,,,,          NaN,         NaN
,,,          NaN,,,,          NaN,         NaN
,,,          NaN,,,,          NaN,         NaN
,,,          NaN,,,,          NaN,         NaN
,,,          NaN,,,,          NaN,         NaN
,,,          NaN,,,,          NaN,         NaN
,,,          NaN,,,,          NaN,         NaN
,,,          NaN,,,,          NaN,         NaN
,,,          NaN,,,,          NaN,         NaN
,,,          NaN,,,,          NaN,         NaN
,,,          NaN,,,,          NaN,         NaN
,,,          NaN,,,,          NaN,         NaN
,,,          NaN,,,,          NaN,         NaN
,,,          NaN,,,,          NaN,         NaN
,,,          NaN,,,,          NaN,         NaN
,,,          NaN,,,,          NaN,         NaN
,,,          NaN,,,,          NaN,         NaN
,,,          NaN,,,,          NaN,         NaN
,,,          NaN,,,,          NaN,         NaN
,,,          NaN,,,,          NaN,         NaN
,,,          NaN,,,,          NaN,         NaN
,,,          NaN,,,,          NaN,         NaN
,,,          NaN,,,,          NaN,         NaN
,,,          NaN,,,,          NaN,         NaN
,,,          NaN,,,,          NaN,         NaN
,,,          NaN,,,,          NaN,         NaN
,,,          NaN,,,,          NaN,         NaN
,,,          NaN,,,,          NaN,         NaN
,,,          NaN,,,,          NaN,         NaN
,,,          NaN,,,,          NaN,         NaN
,,,          NaN,,,,          NaN,         NaN
,,,          NaN,,,,          NaN,         NaN
,,,          NaN,,,,          NaN,         NaN
,,,          NaN,,,,          NaN,         NaN
,,,          NaN,,,,          NaN,         NaN
,,,          NaN,,,,          NaN,         NaN
,,,          NaN,,,,          NaN,         NaN
,,,          NaN,,,,          NaN,         NaN
,,,          NaN,,,,          NaN,         NaN
,,,          NaN,,,,          NaN,         NaN
,,,          NaN,,,,          NaN,         NaN
,,,          NaN,,,,          NaN,         NaN
,,,          NaN,,,,          NaN,         NaN
,,,          NaN,,,,          NaN,         NaN
,,,          NaN,,,,          NaN,         NaN
,,,          NaN,,,,          NaN,         NaN
,,,          NaN,,,,          NaN,         NaN
,,,          NaN,,,,          NaN,         NaN
,,,          NaN,,,,          NaN,         NaN
,,,          NaN,,,,          NaN,         NaN
,,,          NaN,,,,          NaN,         NaN
,,,          NaN,,,,          NaN,         NaN
,,,          NaN,,,,          NaN,         NaN
,,,          NaN,,,,          NaN,         NaN
,,,          NaN,,,,          NaN,         NaN
,,,          NaN,,,,          NaN,         NaN
,,,          NaN,,,,          NaN,         NaN
,,,          NaN,,,,          NaN,         NaN
,,,          NaN,,,,          NaN,         NaN
,,,          NaN,,,,          NaN,         NaN
,,,          NaN,,,,          NaN,         NaN
,,,          NaN,,,,          NaN,         NaN
,,,          NaN,,,,          NaN,         NaN
,,,          NaN,,,,          NaN,         NaN
,,,          NaN,,,,          NaN,         NaN
,,,          NaN,,,,          NaN,         NaN
,,,          NaN,,,,          NaN,         NaN
,,,          NaN,,,,          NaN,         NaN
,,,          NaN,,,,          NaN,         NaN
,,,          NaN,,,,          NaN,         NaN
,,,          NaN,,,,          NaN,         NaN
,,,          NaN,,,,          NaN,         NaN
,,,          NaN,,,,          NaN,         NaN
,,,          NaN,,,,          NaN,         NaN
,,,          NaN,,,,          NaN,         NaN
,,,          NaN,,,,          NaN,         NaN
,,,          NaN,,,,          NaN,         NaN
,,,          NaN,,,,          NaN,         NaN
,,,          NaN,,,,          NaN,         NaN
,,,          NaN,,,,          NaN,         NaN
,,,          NaN,,,,          NaN,         NaN
,,,          NaN,,,,          NaN,         NaN
,,,          NaN,,,,          NaN,         NaN
,,,          NaN,,,,          NaN,         NaN
,,,          NaN,,,,          NaN,         NaN
,,,          NaN,,,,          NaN,         NaN
,,,          NaN,,,,          NaN,         NaN
,,,          NaN,,,,          NaN,         NaN
,,,          NaN,,,,          NaN,         NaN
,,,          NaN,,,,          NaN,         NaN
,,,          NaN,,,,          NaN,         NaN
,,,          NaN,,,,          NaN,         NaN
,,,          NaN,,,,          NaN,         NaN
,,,          NaN,,,,          NaN,         NaN
,,,          NaN,,,,          NaN,         NaN
,,,          NaN,,,,          NaN,         NaN
,,,          NaN,,,,          NaN,         NaN
,,,          NaN,,,,          NaN,         NaN
,,,          NaN,,,,          NaN,         NaN
,,,          NaN,,,,          NaN,         NaN
,,,          NaN,,,,          NaN,         NaN
,,,          NaN,,,,          NaN,         NaN
,,,          NaN,,,,          NaN,         NaN
,,,          NaN,,,,          NaN,         NaN
,,,          NaN,,,,          NaN,         NaN
,,,          NaN,,,,          NaN,         NaN
,,,          NaN,,,,          NaN,         NaN
,,,          NaN,,,,          NaN,         NaN
,,,          NaN,,,,          NaN,         NaN
,,,          NaN,,,,          NaN,         NaN
,,,          NaN,,,,          NaN,         NaN
,,,          NaN,,,,          NaN,         NaN
,,,          NaN,,,,          NaN,         NaN
,,,          NaN,,,,          NaN,         NaN
,,,          NaN,,,,          NaN,         NaN
,,,          NaN,,,,          NaN,         NaN
,,,          NaN,,,,          NaN,         NaN
,,,          NaN,,,,          NaN,         NaN
,,,          NaN,,,,          NaN,         NaN
,,,          NaN,,,,          NaN,         NaN
,,,          NaN,,,,          NaN,         NaN
,,,          NaN,,,,          NaN,         NaN
,,,          NaN,,,,          NaN,         NaN
,,,          NaN,,,,          NaN,         NaN
,,,          NaN,,,,          NaN,         NaN
,,,          NaN,,,,          NaN,         NaN
,,,          NaN,,,,          NaN,         NaN
,,,          NaN,,,,          NaN,         NaN
,,,          NaN,,,,          NaN,         NaN
,,,          NaN,,,,          NaN,         NaN
,,,          NaN,,,,          NaN,         NaN
,,,          NaN,,,,          NaN,         NaN
,,,          NaN,,,,          NaN,         NaN
,,,          NaN,,,,          NaN,         NaN
,,,          NaN,,,,          NaN,         NaN
,,,          NaN,,,,          NaN,         NaN
,,,          NaN,,,,          NaN,         NaN
,,,          NaN,,,,          NaN,         NaN
,,,          NaN,,,,          NaN,         NaN
,,,          NaN,,,,          NaN,         NaN
,,,          NaN,,,,          NaN,         NaN
,,,          NaN,,,,          NaN,         NaN
,,,          NaN,,,,          NaN,         NaN
,,,          NaN,,,,          NaN,         NaN
,,,          NaN,,,,          NaN,         NaN
,,,          NaN,,,,          NaN,         NaN
,,,          NaN,,,,          NaN,         NaN
,,,          NaN,,,,          NaN,         NaN
,,,          NaN,,,,          NaN,         NaN
,,,          NaN,,,,          NaN,         NaN
,,,          NaN,,,,          NaN,         NaN
,,,          NaN,,,,          NaN,         NaN
,,,          NaN,,,,          NaN,         NaN
,,,          NaN,,,,          NaN,         NaN
,,,          NaN,,,,          NaN,         NaN
,,,          NaN,,,,          NaN,         NaN
,,,          NaN,,,,          NaN,         NaN
,,,          NaN,,,,          NaN,         NaN
,,,          NaN,,,,          NaN,         NaN
,,,          NaN,,,,          NaN,         NaN
,,,          NaN,,,,          NaN,         NaN
,,,          NaN,,,,          NaN,         NaN
,,,          NaN,,,,          NaN,         NaN
,,,          NaN,,,,          NaN,         NaN
,,,          NaN,,,,          NaN,         NaN
,,,          NaN,,,,          NaN,         NaN
,,,          NaN,,,,          NaN,         NaN
,,,          NaN,,,,          NaN,         NaN
,,,          NaN,,,,          NaN,         NaN
,,,          NaN,,,,          NaN,         NaN
,,,          NaN,,,,          NaN,         NaN
,,,          NaN,,,,          NaN,         NaN
,,,          NaN,,,,          NaN,         NaN
,,,          NaN,,,,          NaN,         NaN
,,,          NaN,,,,          NaN,         NaN
,,,          NaN,,,,          NaN,         NaN
,,,          NaN,,,,          NaN,         NaN
,,,          NaN,,,,          NaN,         NaN
,,,          NaN,,,,          NaN,         NaN
,,,          NaN,,,,          NaN,         NaN
,,,          NaN,,,,          NaN,         NaN
,,,          NaN,,,,          NaN,         NaN
,,,          NaN,,,,          NaN,         NaN
,,,          NaN,,,,          NaN,         NaN
,,,          NaN,,,,          NaN,         NaN
,,,          NaN,,,,          NaN,         NaN
,,,          NaN,,,,          NaN,         NaN
,,,          NaN,,,,          NaN,         NaN
,,,          NaN,,,,          NaN,         NaN
,,,          NaN,,,,          NaN,         NaN
,,,          NaN,,,,          NaN,         NaN
,,,          NaN,,,,          NaN,         NaN
,,,          NaN,,,,          NaN,         NaN
,,,          NaN,,,,          NaN,         NaN
,,,          NaN,,,,          NaN,         NaN
,,,          NaN,,,,          NaN,         NaN
,,,          NaN,,,,          NaN,         NaN
,,,          NaN,,,,          NaN,         NaN
,,,          NaN,,,,          NaN,         NaN
,,,          NaN,,,,          NaN,         NaN
,,,          NaN,,,,          NaN,         NaN
,,,          NaN,,,,          NaN,         NaN
,,,          NaN,,,,          NaN,         NaN
,,,          NaN,,,,          NaN,         NaN
,,,          NaN,,,,          NaN,         NaN
,,,          NaN,,,,          NaN,         NaN
,,,          NaN,,,,          NaN,         NaN
,,,          NaN,,,,          NaN,         NaN
,,,          NaN,,,,          NaN,         NaN
,,,          NaN,,,,          NaN,         NaN
,,,          NaN,,,,          NaN,         NaN
,,,          NaN,,,,          NaN,         NaN
,,,          NaN,,,,          NaN,         NaN
,,,          NaN,,,,          NaN,         NaN
,,,          NaN,,,,          NaN,         NaN
,,,          NaN,,,,          NaN,         NaN
,,,          NaN,,,,          NaN,         NaN
,,,          NaN,,,,          NaN,         NaN
,,,          NaN,,,,          NaN,         NaN
,,,          NaN,,,,          NaN,         NaN
,,,          NaN,,,,          NaN,         NaN
,,,          NaN,,,,          NaN,         NaN
,,,          NaN,,,,          NaN,         NaN
,,,          NaN,,,,          NaN,         NaN
,,,          NaN,,,,          NaN,         NaN
,,,          NaN,,,,          NaN,         NaN
,,,          NaN,,,,          NaN,         NaN
,,,          NaN,,,,          NaN,         NaN
,,,          NaN,,,,          NaN,         NaN
,,,          NaN,,,,          NaN,         NaN
,,,          NaN,,,,          NaN,         NaN
,,,          NaN,,,,          NaN,         NaN
,,,          NaN,,,,          NaN,         NaN
,,,          NaN,,,,          NaN,         NaN
,,,          NaN,,,,          NaN,         NaN
,,,          NaN,,,,          NaN,         NaN
,,,          NaN,,,,          NaN,         NaN
,,,          NaN,,,,          NaN,         NaN
,,,          NaN,,,,          NaN,         NaN
,,,          NaN,,,,          NaN,         NaN
,,,          NaN,,,,          NaN,         NaN
,,,          NaN,,,,          NaN,         NaN
,,,          NaN,,,,          NaN,         NaN
,,,          NaN,,,,          NaN,         NaN
,,,          NaN,,,,          NaN,         NaN
,,,          NaN,,,,          NaN,         NaN
,,,          NaN,,,,          NaN,         NaN
,,,          NaN,,,,          NaN,         NaN
,,,          NaN,,,,          NaN,         NaN
,,,          NaN,,,,          NaN,         NaN
,,,          NaN,,,,          NaN,         NaN
,,,          NaN,,,,          NaN,         NaN
,,,          NaN,,,,          NaN,         NaN
,,,          NaN,,,,          NaN,         NaN
,,,          NaN,,,,          NaN,         NaN
,,,          NaN,,,,          NaN,         NaN
,,,          NaN,,,,          NaN,         NaN
,,,          NaN,,,,          NaN,         NaN
,,,          NaN,,,,          NaN,         NaN
,,,          NaN,,,,          NaN,         NaN
,,,          NaN,,,,          NaN,         NaN
,,,          NaN,,,,          NaN,         NaN
,,,          NaN,,,,          NaN,         NaN
,,,          NaN,,,,          NaN,         NaN
,,,          NaN,,,,          NaN,         NaN
,,,          NaN,,,,          NaN,         NaN
,,,          NaN,,,,          NaN,         NaN
,,,          NaN,,,,          NaN,         NaN
,,,          NaN,,,,          NaN,         NaN
,,,          NaN,,,,          NaN,         NaN
,,,          NaN,,,,          NaN,         NaN
,,,          NaN,,,,          NaN,         NaN
,,,          NaN,,,,          NaN,         NaN
,,,          NaN,,,,          NaN,         NaN
,,,          NaN,,,,          NaN,         NaN
,,,          NaN,,,,          NaN,         NaN
,,,          NaN,,,,          NaN,         NaN
,,,          NaN,,,,          NaN,         NaN
,,,          NaN,,,,          NaN,         NaN
,,,          NaN,,,,          NaN,         NaN
,,,          NaN,,,,          NaN,         NaN
,,,          NaN,,,,          NaN,         NaN
,,,          NaN,,,,          NaN,         NaN
,,,          NaN,,,,          NaN,         NaN
,,,          NaN,,,,          NaN,         NaN
,,,          NaN,,,,          NaN,         NaN
,,,          NaN,,,,          NaN,         NaN
,,,          NaN,,,,          NaN,         NaN
,,,          NaN,,,,          NaN,         NaN
,,,          NaN,,,,          NaN,         NaN
,,,          NaN,,,,          NaN,         NaN
,,,          NaN,,,,          NaN,         NaN
,,,          NaN,,,,          NaN,         NaN
,,,          NaN,,,,          NaN,         NaN
,,,          NaN,,,,          NaN,         NaN
,,,          NaN,,,,          NaN,         NaN
,,,          NaN,,,,          NaN,         NaN
,,,          NaN,,,,          NaN,         NaN
,,,          NaN,,,,          NaN,         NaN
,,,          NaN,,,,          NaN,         NaN
,,,          NaN,,,,          NaN,         NaN
,,,          NaN,,,,          NaN,         NaN
,,,          NaN,,,,          NaN,         NaN
,,,          NaN,,,,          NaN,         NaN
,,,          NaN,,,,          NaN,         NaN
,,,          NaN,,,,          NaN,         NaN
,,,          NaN,,,,          NaN,         NaN
,,,          NaN,,,,          NaN,         NaN
,,,          NaN,,,,          NaN,         NaN
,,,          NaN,,,,          NaN,         NaN
,,,          NaN,,,,          NaN,         NaN
,,,          NaN,,,,          NaN,         NaN
,,,          NaN,,,,          NaN,         NaN
,,,          NaN,,,,          NaN,         NaN
,,,          NaN,,,,          NaN,         NaN
,,,          NaN,,,,          NaN,         NaN
,,,          NaN,,,,          NaN,         NaN
,,,          NaN,,,,          NaN,         NaN
,,,          NaN,,,,          NaN,         NaN
,,,          NaN,,,,          NaN,         NaN
,,,          NaN,,,,          NaN,         NaN
,,,          NaN,,,,          NaN,         NaN
,,,          NaN,,,,          NaN,         NaN
,,,          NaN,,,,          NaN,         NaN
,,,          NaN,,,,          NaN,         NaN
,,,          NaN,,,,          NaN,         NaN
,,,          NaN,,,,          NaN,         NaN
,,,          NaN,,,,          NaN,         NaN
,,,          NaN,,,,          NaN,         NaN
,,,          NaN,,,,          NaN,         NaN
,,,          NaN,,,,          NaN,         NaN
,,,          NaN,,,,          NaN,         NaN
,,,          NaN,,,,          NaN,         NaN
,,,          NaN,,,,          NaN,         NaN
,,,          NaN,,,,          NaN,         NaN
,,,          NaN,,,,          NaN,         NaN
,,,          NaN,,,,          NaN,         NaN
,,,          NaN,,,,          NaN,         NaN
,,,          NaN,,,,          NaN,         NaN
,,,          NaN,,,,          NaN,         NaN
,,,          NaN,,,,          NaN,         NaN
,,,          NaN,,,,          NaN,         NaN
,,,          NaN,,,,          NaN,         NaN
,,,          NaN,,,,          NaN,         NaN
,,,          NaN,,,,          NaN,         NaN
,,,          NaN,,,,          NaN,         NaN
,,,          NaN,,,,          NaN,         NaN
,,,          NaN,,,,          NaN,         NaN
,,,          NaN,,,,          NaN,         NaN
,,,          NaN,,,,          NaN,         NaN
,,,          NaN,,,,          NaN,         NaN
,,,          NaN,,,,          NaN,         NaN
,,,          NaN,,,,          NaN,         NaN
,,,          NaN,,,,          NaN,         NaN
,,,          NaN,,,,          NaN,         NaN
,,,          NaN,,,,          NaN,         NaN
,,,          NaN,,,,          NaN,         NaN
,,,          NaN,,,,          NaN,         NaN
,,,          NaN,,,,          NaN,         NaN
,,,          NaN,,,,          NaN,         NaN
,,,          NaN,,,,          NaN,         NaN
,,,          NaN,,,,          NaN,         NaN
,,,          NaN,,,,          NaN,         NaN
,,,          NaN,,,,          NaN,         NaN
,,,          NaN,,,,          NaN,         NaN
,,,          NaN,,,,          NaN,         NaN
,,,          NaN,,,,          NaN,         NaN
,,,          NaN,,,,          NaN,         NaN
,,,          NaN,,,,          NaN,         NaN
,,,          NaN,,,,          NaN,         NaN
,,,          NaN,,,,          NaN,         NaN
,,,          NaN,,,,          NaN,         NaN
,,,          NaN,,,,          NaN,         NaN
,,,          NaN,,,,          NaN,         NaN
,,,          NaN,,,,          NaN,         NaN
,,,          NaN,,,,          NaN,         NaN
,,,          NaN,,,,          NaN,         NaN
,,,          NaN,,,,          NaN,         NaN
,,,          NaN,,,,          NaN,         NaN
,,,          NaN,,,,          NaN,         NaN
,,,          NaN,,,,          NaN,         NaN
,,,          NaN,,,,          NaN,         NaN
,,,          NaN,,,,          NaN,         NaN
,,,          NaN,,,,          NaN,         NaN
,,,          NaN,,,,          NaN,         NaN
,,,          NaN,,,,          NaN,         NaN
,,,          NaN,,,,          NaN,         NaN
,,,          NaN,,,,          NaN,         NaN
,,,          NaN,,,,          NaN,         NaN
,,,          NaN,,,,          NaN,         NaN
,,,          NaN,,,,          NaN,         NaN
,,,          NaN,,,,          NaN,         NaN
,,,          NaN,,,,          NaN,         NaN
,,,          NaN,,,,          NaN,         NaN
,,,          NaN,,,,          NaN,         NaN
,,,          NaN,,,,          NaN,         NaN
,,,          NaN,,,,          NaN,         NaN
,,,          NaN,,,,          NaN,         NaN
,,,          NaN,,,,          NaN,         NaN
,,,          NaN,,,,          NaN,         NaN
,,,          NaN,,,,          NaN,         NaN
,,,          NaN,,,,          NaN,         NaN
,,,          NaN,,,,          NaN,         NaN
,,,          NaN,,,,          NaN,         NaN
,,,          NaN,,,,          NaN,         NaN
,,,          NaN,,,,          NaN,         NaN
,,,          NaN,,,,          NaN,         NaN
,,,          NaN,,,,          NaN,         NaN
,,,          NaN,,,,          NaN,         NaN
,,,          NaN,,,,          NaN,         NaN
,,,          NaN,,,,          NaN,         NaN
,,,          NaN,,,,          NaN,         NaN
,,,          NaN,,,,          NaN,         NaN
,,,          NaN,,,,          NaN,         NaN
,,,          NaN,,,,          NaN,         NaN
,,,          NaN,,,,          NaN,         NaN
,,,          NaN,,,,          NaN,         NaN
,,,          NaN,,,,          NaN,         NaN
,,,          NaN,,,,          NaN,         NaN
,,,          NaN,,,,          NaN,         NaN
,,,          NaN,,,,          NaN,         NaN
,,,          NaN,,,,          NaN,         NaN
,,,          NaN,,,,          NaN,         NaN
,,,          NaN,,,,          NaN,         NaN
,,,          NaN,,,,          NaN,         NaN
,,,          NaN,,,,          NaN,         NaN
,,,          NaN,,,,          NaN,         NaN
,,,          NaN,,,,          NaN,         NaN
,,,          NaN,,,,          NaN,         NaN
,,,          NaN,,,,          NaN,         NaN
,,,          NaN,,,,          NaN,         NaN
,,,          NaN,,,,          NaN,         NaN
,,,          NaN,,,,          NaN,         NaN
,,,          NaN,,,,          NaN,         NaN
,,,          NaN,,,,          NaN,         NaN
,,,          NaN,,,,          NaN,         NaN
,,,          NaN,,,,          NaN,         NaN
,,,          NaN,,,,          NaN,         NaN
,,,          NaN,,,,          NaN,         NaN
,,,          NaN,,,,          NaN,         NaN
,,,          NaN,,,,          NaN,         NaN
,,,          NaN,,,,          NaN,         NaN
,,,          NaN,,,,          NaN,         NaN
,,,          NaN,,,,          NaN,         NaN
,,,          NaN,,,,          NaN,         NaN
,,,          NaN,,,,          NaN,         NaN
,,,          NaN,,,,          NaN,         NaN
,,,          NaN,,,,          NaN,         NaN
,,,          NaN,,,,          NaN,         NaN
,,,          NaN,,,,          NaN,         NaN
,,,          NaN,,,,          NaN,         NaN
,,,          NaN,,,,          NaN,         NaN
,,,          NaN,,,,          NaN,         NaN
,,,          NaN,,,,          NaN,         NaN
,,,          NaN,,,,          NaN,         NaN
,,,          NaN,,,,          NaN,         NaN
,,,          NaN,,,,          NaN,         NaN
,,,          NaN,,,,          NaN,         NaN
,,,          NaN,,,,          NaN,         NaN
,,,          NaN,,,,          NaN,         NaN
,,,          NaN,,,,          NaN,         NaN
,,,          NaN,,,,          NaN,         NaN
,,,          NaN,,,,          NaN,         NaN
,,,          NaN,,,,          NaN,         NaN
,,,          NaN,,,,          NaN,         NaN
,,,          NaN,,,,          NaN,         NaN
,,,          NaN,,,,          NaN,         NaN
,,,          NaN,,,,          NaN,         NaN
,,,          NaN,,,,          NaN,         NaN
,,,          NaN,,,,          NaN,         NaN
,,,          NaN,,,,          NaN,         NaN
,,,          NaN,,,,          NaN,         NaN
,,,          NaN,,,,          NaN,         NaN
,,,          NaN,,,,          NaN,         NaN
,,,          NaN,,,,          NaN,         NaN
,,,          NaN,,,,          NaN,         NaN
,,,          NaN,,,,          NaN,         NaN
,,,          NaN,,,,          NaN,         NaN
,,,          NaN,,,,          NaN,         NaN
,,,          NaN,,,,          NaN,         NaN
,,,          NaN,,,,          NaN,         NaN
,,,          NaN,,,,          NaN,         NaN
,,,          NaN,,,,          NaN,         NaN
,,,          NaN,,,,          NaN,         NaN
,,,          NaN,,,,          NaN,         NaN
,,,          NaN,,,,          NaN,         NaN
,,,          NaN,,,,          NaN,         NaN
,,,          NaN,,,,          NaN,         NaN
,,,          NaN,,,,          NaN,         NaN
,,,          NaN,,,,          NaN,         NaN
,,,          NaN,,,,          NaN,         NaN
,,,          NaN,,,,          NaN,         NaN
,,,          NaN,,,,          NaN,         NaN
,,,          NaN,,,,          NaN,         NaN
,,,          NaN,,,,          NaN,         NaN
,,,          NaN,,,,          NaN,         NaN
,,,          NaN,,,,          NaN,         NaN
,,,          NaN,,,,          NaN,         NaN
,,,          NaN,,,,          NaN,         NaN
,,,          NaN,,,,          NaN,         NaN
,,,          NaN,,,,          NaN,         NaN
,,,          NaN,,,,          NaN,         NaN
,,,          NaN,,,,          NaN,         NaN
,,,          NaN,,,,          NaN,         NaN
,,,          NaN,,,,          NaN,         NaN
,,,          NaN,,,,          NaN,         NaN
,,,          NaN,,,,          NaN,         NaN
,,,          NaN,,,,          NaN,         NaN
,,,          NaN,,,,          NaN,         NaN
,,,          NaN,,,,          NaN,         NaN
,,,          NaN,,,,          NaN,         NaN
,,,          NaN,,,,          NaN,         NaN
,,,          NaN,,,,          NaN,         NaN
,,,          NaN,,,,          NaN,         NaN
,,,          NaN,,,,          NaN,         NaN
,,,          NaN,,,,          NaN,         NaN
,,,          NaN,,,,          NaN,         NaN
,,,          NaN,,,,          NaN,         NaN
,,,          NaN,,,,          NaN,         NaN
,,,          NaN,,,,          NaN,         NaN
,,,          NaN,,,,          NaN,         NaN
,,,          NaN,,,,          NaN,         NaN
,,,          NaN,,,,          NaN,         NaN
,,,          NaN,,,,          NaN,         NaN
,,,          NaN,,,,          NaN,         NaN
,,,          NaN,,,,          NaN,         NaN
,,,          NaN,,,,          NaN,         NaN
,,,          NaN,,,,          NaN,         NaN
,,,          NaN,,,,          NaN,         NaN
,,,          NaN,,,,          NaN,         NaN
,,,          NaN,,,,          NaN,         NaN
,,,          NaN,,,,          NaN,         NaN
,,,          NaN,,,,          NaN,         NaN
,,,          NaN,,,,          NaN,         NaN
,,,          NaN,,,,          NaN,         NaN
,,,          NaN,,,,          NaN,         NaN
,,,          NaN,,,,          NaN,         NaN
,,,          NaN,,,,          NaN,         NaN
,,,          NaN,,,,          NaN,         NaN
,,,          NaN,,,,          NaN,         NaN
,,,          NaN,,,,          NaN,         NaN
,,,          NaN,,,,          NaN,         NaN
,,,          NaN,,,,          NaN,         NaN
,,,          NaN,,,,          NaN,         NaN
,,,          NaN,,,,          NaN,         NaN
,,,          NaN,,,,          NaN,         NaN
,,,          NaN,,,,          NaN,         NaN
,,,          NaN,,,,          NaN,         NaN
,,,          NaN,,,,          NaN,         NaN
,,,          NaN,,,,          NaN,         NaN
,,,          NaN,,,,          NaN,         NaN
,,,          NaN,,,,          NaN,         NaN
,,,          NaN,,,,          NaN,         NaN
,,,          NaN,,,,          NaN,         NaN
,,,          NaN,,,,          NaN,         NaN
,,,          NaN,,,,          NaN,         NaN
,,,          NaN,,,,          NaN,         NaN
,,,          NaN,,,,          NaN,         NaN
,,,          NaN,,,,          NaN,         NaN
,,,          NaN,,,,          NaN,         NaN
,,,          NaN,,,,          NaN,         NaN
,,,          NaN,,,,          NaN,         NaN
,,,          NaN,,,,          NaN,         NaN
,,,          NaN,,,,          NaN,         NaN
,,,          NaN,,,,          NaN,         NaN
,,,          NaN,,,,          NaN,         NaN
,,,          NaN,,,,          NaN,         NaN
,,,          NaN,,,,          NaN,         NaN
,,,          NaN,,,,          NaN,         NaN
,,,          NaN,,,,          NaN,         NaN
,,,          NaN,,,,          NaN,         NaN
,,,          NaN,,,,          NaN,         NaN
,,,          NaN,,,,          NaN,         NaN
,,,          NaN,,,,          NaN,         NaN
,,,          NaN,,,,          NaN,         NaN
,,,          NaN,,,,          NaN,         NaN
,,,          NaN,,,,          NaN,         NaN
,,,          NaN,,,,          NaN,         NaN
,,,          NaN,,,,          NaN,         NaN
,,,          NaN,,,,          NaN,         NaN
,,,          NaN,,,,          NaN,         NaN
,,,          NaN,,,,          NaN,         NaN
,,,          NaN,,,,          NaN,         NaN
,,,          NaN,,,,          NaN,         NaN
,,,          NaN,,,,          NaN,         NaN
,,,          NaN,,,,          NaN,         NaN
,,,          NaN,,,,          NaN,         NaN
,,,          NaN,,,,          NaN,         NaN
,,,          NaN,,,,          NaN,         NaN
,,,          NaN,,,,          NaN,         NaN
,,,          NaN,,,,          NaN,         NaN
,,,          NaN,,,,          NaN,         NaN
,,,          NaN,,,,          NaN,         NaN
,,,          NaN,,,,          NaN,         NaN
,,,          NaN,,,,          NaN,         NaN
,,,          NaN,,,,          NaN,         NaN
,,,          NaN,,,,          NaN,         NaN
,,,          NaN,,,,          NaN,         NaN
,,,          NaN,,,,          NaN,         NaN
,,,          NaN,,,,          NaN,         NaN
,,,          NaN,,,,          NaN,         NaN
,,,          NaN,,,,          NaN,         NaN
,,,          NaN,,,,          NaN,         NaN
,,,          NaN,,,,          NaN,         NaN
,,,          NaN,,,,          NaN,         NaN
,,,          NaN,,,,          NaN,         NaN
,,,          NaN,,,,          NaN,         NaN
,,,          NaN,,,,          NaN,         NaN
,,,          NaN,,,,          NaN,         NaN
,,,          NaN,,,,          NaN,         NaN
,,,          NaN,,,,          NaN,         NaN
,,,          NaN,,,,          NaN,         NaN
,,,          NaN,,,,          NaN,         NaN
,,,          NaN,,,,          NaN,         NaN
,,,          NaN,,,,          NaN,         NaN
,,,          NaN,,,,          NaN,         NaN
,,,          NaN,,,,          NaN,         NaN
,,,          NaN,,,,          NaN,         NaN
,,,          NaN,,,,          NaN,         NaN
,,,          NaN,,,,          NaN,         NaN
,,,          NaN,,,,          NaN,         NaN
,,,          NaN,,,,          NaN,         NaN
,,,          NaN,,,,          NaN,         NaN
,,,          NaN,,,,          NaN,         NaN
,,,          NaN,,,,          NaN,         NaN
,,,          NaN,,,,          NaN,         NaN
,,,          NaN,,,,          NaN,         NaN
,,,          NaN,,,,          NaN,         NaN
,,,          NaN,,,,          NaN,         NaN
,,,          NaN,,,,          NaN,         NaN
,,,          NaN,,,,          NaN,         NaN
,,,          NaN,,,,          NaN,         NaN
,,,          NaN,,,,          NaN,         NaN
,,,          NaN,,,,          NaN,         NaN
,,,          NaN,,,,          NaN,         NaN
,,,          NaN,,,,          NaN,         NaN
,,,          NaN,,,,          NaN,         NaN
,,,          NaN,,,,          NaN,         NaN
,,,          NaN,,,,          NaN,         NaN
,,,          NaN,,,,          NaN,         NaN
,,,          NaN,,,,          NaN,         NaN
,,,          NaN,,,,          NaN,         NaN
,,,          NaN,,,,          NaN,         NaN
,,,          NaN,,,,          NaN,         NaN
,,,          NaN,,,,          NaN,         NaN
,,,          NaN,,,,          NaN,         NaN
,,,          NaN,,,,          NaN,         NaN
,,,          NaN,,,,          NaN,         NaN
,,,          NaN,,,,          NaN,         NaN
,,,          NaN,,,,          NaN,         NaN
,,,          NaN,,,,          NaN,         NaN
,,,          NaN,,,,          NaN,         NaN
,,,          NaN,,,,          NaN,         NaN
,,,          NaN,,,,          NaN,         NaN
,,,          NaN,,,,          NaN,         NaN
,,,          NaN,,,,          NaN,         NaN
,,,          NaN,,,,          NaN,         NaN
,,,          NaN,,,,          NaN,         NaN
,,,          NaN,,,,          NaN,         NaN
,,,          NaN,,,,          NaN,         NaN
,,,          NaN,,,,          NaN,         NaN
,,,          NaN,,,,          NaN,         NaN
,,,          NaN,,,,          NaN,         NaN
,,,          NaN,,,,          NaN,         NaN
,,,          NaN,,,,          NaN,         NaN
,,,          NaN,,,,          NaN,         NaN
,,,          NaN,,,,          NaN,         NaN
,,,          NaN,,,,          NaN,         NaN
,,,          NaN,,,,          NaN,         NaN
,,,          NaN,,,,          NaN,         NaN
,,,          NaN,,,,          NaN,         NaN
,,,          NaN,,,,          NaN,         NaN
,,,          NaN,,,,          NaN,         NaN
,,,          NaN,,,,          NaN,         NaN
,,,          NaN,,,,          NaN,         NaN
,,,          NaN,,,,          NaN,         NaN
,,,          NaN,,,,          NaN,         NaN
,,,          NaN,,,,          NaN,         NaN
,,,          NaN,,,,          NaN,         NaN
,,,          NaN,,,,          NaN,         NaN
,,,          NaN,,,,          NaN,         NaN
,,,          NaN,,,,          NaN,         NaN
,,,          NaN,,,,          NaN,         NaN
,,,          NaN,,,,          NaN,         NaN
,,,          NaN,,,,          NaN,         NaN
,,,          NaN,,,,          NaN,         NaN
,,,          NaN,,,,          NaN,         NaN
,,,          NaN,,,,          NaN,         NaN
,,,          NaN,,,,          NaN,         NaN
,,,          NaN,,,,          NaN,         NaN
,,,          NaN,,,,          NaN,         NaN
,,,          NaN,,,,          NaN,         NaN
,,,          NaN,,,,          NaN,         NaN
,,,          NaN,,,,          NaN,         NaN
,,,          NaN,,,,          NaN,         NaN
,,,          NaN,,,,          NaN,         NaN
,,,          NaN,,,,          NaN,         NaN
,,,          NaN,,,,          NaN,         NaN
,,,          NaN,,,,          NaN,         NaN
,,,          NaN,,,,          NaN,         NaN
,,,          NaN,,,,          NaN,         NaN
,,,          NaN,,,,          NaN,         NaN
,,,          NaN,,,,          NaN,         NaN
,,,          NaN,,,,          NaN,         NaN
,,,          NaN,,,,          NaN,         NaN
,,,          NaN,,,,          NaN,         NaN
,,,          NaN,,,,          NaN,         NaN
,,,          NaN,,,,          NaN,         NaN
,,,          NaN,,,,          NaN,         NaN
,,,          NaN,,,,          NaN,         NaN
,,,          NaN,,,,          NaN,         NaN
,,,          NaN,,,,          NaN,         NaN
,,,          NaN,,,,          NaN,         NaN
,,,          NaN,,,,          NaN,         NaN
,,,          NaN,,,,          NaN,         NaN
,,,          NaN,,,,          NaN,         NaN
,,,          NaN,,,,          NaN,         NaN
,,,          NaN,,,,          NaN,         NaN
,,,          NaN,,,,          NaN,         NaN
,,,          NaN,,,,          NaN,         NaN
,,,          NaN,,,,          NaN,         NaN
,,,          NaN,,,,          NaN,         NaN
,,,          NaN,,,,          NaN,         NaN
,,,          NaN,,,,          NaN,         NaN
,,,          NaN,,,,          NaN,         NaN
,,,          NaN,,,,          NaN,         NaN
,,,          NaN,,,,          NaN,         NaN
,,,          NaN,,,,          NaN,         NaN
,,,          NaN,,,,          NaN,         NaN
,,,          NaN,,,,          NaN,         NaN
,,,          NaN,,,,          NaN,         NaN
,,,          NaN,,,,          NaN,         NaN
,,,          NaN,,,,          NaN,         NaN
,,,          NaN,,,,          NaN,         NaN
,,,          NaN,,,,          NaN,         NaN
,,,          NaN,,,,          NaN,         NaN
,,,          NaN,,,,          NaN,         NaN
,,,          NaN,,,,          NaN,         NaN
,,,          NaN,,,,          NaN,         NaN
,,,          NaN,,,,          NaN,         NaN
,,,          NaN,,,,          NaN,         NaN
,,,          NaN,,,,          NaN,         NaN
,,,          NaN,,,,          NaN,         NaN
,,,          NaN,,,,          NaN,         NaN
,,,          NaN,,,,          NaN,         NaN
,,,          NaN,,,,          NaN,         NaN
,,,          NaN,,,,          NaN,         NaN
,,,          NaN,,,,          NaN,         NaN
,,,          NaN,,,,          NaN,         NaN
,,,          NaN,,,,          NaN,         NaN
,,,          NaN,,,,          NaN,         NaN
,,,          NaN,,,,          NaN,         NaN
,,,          NaN,,,,          NaN,         NaN
,,,          NaN,,,,          NaN,         NaN
,,,          NaN,,,,          NaN,         NaN
,,,          NaN,,,,          NaN,         NaN
,,,          NaN,,,,          NaN,         NaN
,,,          NaN,,,,          NaN,         NaN
,,,          NaN,,,,          NaN,         NaN
,,,          NaN,,,,          NaN,         NaN
,,,          NaN,,,,          NaN,         NaN
,,,          NaN,,,,          NaN,         NaN
,,,          NaN,,,,          NaN,         NaN
,,,          NaN,,,,          NaN,         NaN
,,,          NaN,,,,          NaN,         NaN
,,,          NaN,,,,          NaN,         NaN
,,,          NaN,,,,          NaN,         NaN
,,,          NaN,,,,          NaN,         NaN
,,,          NaN,,,,          NaN,         NaN
,,,          NaN,,,,          NaN,         NaN
,,,          NaN,,,,          NaN,         NaN
,,,          NaN,,,,          NaN,         NaN
,,,          NaN,,,,          NaN,         NaN
,,,          NaN,,,,          NaN,         NaN
,,,          NaN,,,,          NaN,         NaN
,,,          NaN,,,,          NaN,         NaN
,,,          NaN,,,,          NaN,         NaN
,,,          NaN,,,,          NaN,         NaN
,,,          NaN,,,,          NaN,         NaN
,,,          NaN,,,,          NaN,         NaN
,,,          NaN,,,,          NaN,         NaN
,,,          NaN,,,,          NaN,         NaN
,,,          NaN,,,,          NaN,         NaN
,,,          NaN,,,,          NaN,         NaN
,,,          NaN,,,,          NaN,         NaN
,,,          NaN,,,,          NaN,         NaN
,,,          NaN,,,,          NaN,         NaN
,,,          NaN,,,,          NaN,         NaN
,,,          NaN,,,,          NaN,         NaN
,,,          NaN,,,,          NaN,         NaN
,,,          NaN,,,,          NaN,         NaN
,,,          NaN,,,,          NaN,         NaN
,,,          NaN,,,,          NaN,         NaN
,,,          NaN,,,,          NaN,         NaN
,,,          NaN,,,,          NaN,         NaN
,,,          NaN,,,,          NaN,         NaN
,,,          NaN,,,,          NaN,         NaN
,,,          NaN,,,,          NaN,         NaN
,,,          NaN,,,,          NaN,         NaN
,,,          NaN,,,,          NaN,         NaN
,,,          NaN,,,,          NaN,         NaN
,,,          NaN,,,,          NaN,         NaN
,,,          NaN,,,,          NaN,         NaN
,,,          NaN,,,,          NaN,         NaN
,,,          NaN,,,,          NaN,         NaN
,,,          NaN,,,,          NaN,         NaN
,,,          NaN,,,,          NaN,         NaN
,,,          NaN,,,,          NaN,         NaN
,,,          NaN,,,,          NaN,         NaN
,,,          NaN,,,,          NaN,         NaN
,,,          NaN,,,,          NaN,         NaN
,,,          NaN,,,,          NaN,         NaN
,,,          NaN,,,,          NaN,         NaN
,,,          NaN,,,,          NaN,         NaN
,,,          NaN,,,,          NaN,         NaN
,,,          NaN,,,,          NaN,         NaN
,,,          NaN,,,,          NaN,         NaN
,,,          NaN,,,,          NaN,         NaN
,,,          NaN,,,,          NaN,         NaN
,,,          NaN,,,,          NaN,         NaN
,,,          NaN,,,,          NaN,         NaN
,,,          NaN,,,,          NaN,         NaN
,,,          NaN,,,,          NaN,         NaN
,,,          NaN,,,,          NaN,         NaN
,,,          NaN,,,,          NaN,         NaN
,,,          NaN,,,,          NaN,         NaN
,,,          NaN,,,,          NaN,         NaN
,,,          NaN,,,,          NaN,         NaN
,,,          NaN,,,,          NaN,         NaN
,,,          NaN,,,,          NaN,         NaN
,,,          NaN,,,,          NaN,         NaN
,,,          NaN,,,,          NaN,         NaN
,,,          NaN,,,,          NaN,         NaN
,,,          NaN,,,,          NaN,         NaN
,,,          NaN,,,,          NaN,         NaN
,,,          NaN,,,,          NaN,         NaN
,,,          NaN,,,,          NaN,         NaN
,,,          NaN,,,,          NaN,         NaN
,,,          NaN,,,,          NaN,         NaN
,,,          NaN,,,,          NaN,         NaN
,,,          NaN,,,,          NaN,         NaN
,,,          NaN,,,,          NaN,         NaN
,,,          NaN,,,,          NaN,         NaN
,,,          NaN,,,,          NaN,         NaN
,,,          NaN,,,,          NaN,         NaN
,,,          NaN,,,,          NaN,         NaN
,,,          NaN,,,,          NaN,         NaN
,,,          NaN,,,,          NaN,         NaN
,,,          NaN,,,,          NaN,         NaN
,,,          NaN,,,,          NaN,         NaN
,,,          NaN,,,,          NaN,         NaN
,,,          NaN,,,,          NaN,         NaN
,,,          NaN,,,,          NaN,         NaN
,,,          NaN,,,,          NaN,         NaN
,,,          NaN,,,,          NaN,         NaN
,,,          NaN,,,,          NaN,         NaN
,,,          NaN,,,,          NaN,         NaN
,,,          NaN,,,,          NaN,         NaN
,,,          NaN,,,,          NaN,         NaN
,,,          NaN,,,,          NaN,         NaN
,,,          NaN,,,,          NaN,         NaN
,,,          NaN,,,,          NaN,         NaN
,,,          NaN,,,,          NaN,         NaN
,,,          NaN,,,,          NaN,         NaN
,,,          NaN,,,,          NaN,         NaN
,,,          NaN,,,,          NaN,         NaN
,,,          NaN,,,,          NaN,         NaN
,,,          NaN,,,,          NaN,         NaN
,,,          NaN,,,,          NaN,         NaN
,,,          NaN,,,,          NaN,         NaN
,,,          NaN,,,,          NaN,         NaN
,,,          NaN,,,,          NaN,         NaN
,,,          NaN,,,,          NaN,         NaN
,,,          NaN,,,,          NaN,         NaN
,,,          NaN,,,,          NaN,         NaN
,,,          NaN,,,,          NaN,         NaN
,,,          NaN,,,,          NaN,         NaN
,,,          NaN,,,,          NaN,         NaN
,,,          NaN,,,,          NaN,         NaN
,,,          NaN,,,,          NaN,         NaN
,,,          NaN,,,,          NaN,         NaN
,,,          NaN,,,,          NaN,         NaN
,,,          NaN,,,,          NaN,         NaN
,,,          NaN,,,,          NaN,         NaN
,,,          NaN,,,,          NaN,         NaN
,,,          NaN,,,,          NaN,         NaN
,,,          NaN,,,,          NaN,         NaN
,,,          NaN,,,,          NaN,         NaN
,,,          NaN,,,,          NaN,         NaN
,,,          NaN,,,,          NaN,         NaN
,,,          NaN,,,,          NaN,         NaN
,,,          NaN,,,,          NaN,         NaN
,,,          NaN,,,,          NaN,         NaN
,,,          NaN,,,,          NaN,         NaN
,,,          NaN,,,,          NaN,         NaN
,,,          NaN,,,,          NaN,         NaN
,,,          NaN,,,,          NaN,         NaN
,,,          NaN,,,,          NaN,         NaN
,,,          NaN,,,,          NaN,         NaN
,,,          NaN,,,,          NaN,         NaN
,,,          NaN,,,,          NaN,         NaN
,,,          NaN,,,,          NaN,         NaN
,,,          NaN,,,,          NaN,         NaN
,,,          NaN,,,,          NaN,         NaN
,,,          NaN,,,,          NaN,         NaN
,,,          NaN,,,,          NaN,         NaN
,,,          NaN,,,,          NaN,         NaN
,,,          NaN,,,,          NaN,         NaN
,,,          NaN,,,,          NaN,         NaN
,,,          NaN,,,,          NaN,         NaN
,,,          NaN,,,,          NaN,         NaN
,,,          NaN,,,,          NaN,         NaN
,,,          NaN,,,,          NaN,         NaN
,,,          NaN,,,,          NaN,         NaN
,,,          NaN,,,,          NaN,         NaN
,,,          NaN,,,,          NaN,         NaN
,,,          NaN,,,,          NaN,         NaN
,,,          NaN,,,,          NaN,         NaN
,,,          NaN,,,,          NaN,         NaN
,,,          NaN,,,,          NaN,         NaN
,,,          NaN,,,,          NaN,         NaN
,,,          NaN,,,,          NaN,         NaN
,,,          NaN,,,,          NaN,         NaN
,,,          NaN,,,,          NaN,         NaN
,,,          NaN,,,,          NaN,         NaN
,,,          NaN,,,,          NaN,         NaN
,,,          NaN,,,,          NaN,         NaN
,,,          NaN,,,,          NaN,         NaN
,,,          NaN,,,,          NaN,         NaN
,,,          NaN,,,,          NaN,         NaN
,,,          NaN,,,,          NaN,         NaN
,,,          NaN,,,,          NaN,         NaN
,,,          NaN,,,,          NaN,         NaN
,,,          NaN,,,,          NaN,         NaN
,,,          NaN,,,,          NaN,         NaN
,,,          NaN,,,,          NaN,         NaN
,,,          NaN,,,,          NaN,         NaN
,,,          NaN,,,,          NaN,         NaN
,,,          NaN,,,,          NaN,         NaN
,,,          NaN,,,,          NaN,         NaN
,,,          NaN,,,,          NaN,         NaN
,,,          NaN,,,,          NaN,         NaN
,,,          NaN,,,,          NaN,         NaN
,,,          NaN,,,,          NaN,         NaN
,,,          NaN,,,,          NaN,         NaN
,,,          NaN,,,,          NaN,         NaN
,,,          NaN,,,,          NaN,         NaN
,,,          NaN,,,,          NaN,         NaN
,,,          NaN,,,,          NaN,         NaN
,,,          NaN,,,,          NaN,         NaN
,,,          NaN,,,,          NaN,         NaN
,,,          NaN,,,,          NaN,         NaN
,,,          NaN,,,,          NaN,         NaN
,,,          NaN,,,,          NaN,         NaN
,,,          NaN,,,,          NaN,         NaN
,,,          NaN,,,,          NaN,         NaN
,,,          NaN,,,,          NaN,         NaN
,,,          NaN,,,,          NaN,         NaN
,,,          NaN,,,,          NaN,         NaN
,,,          NaN,,,,          NaN,         NaN
,,,          NaN,,,,          NaN,         NaN
,,,          NaN,,,,          NaN,         NaN
,,,          NaN,,,,          NaN,         NaN
,,,          NaN,,,,          NaN,         NaN
,,,          NaN,,,,          NaN,         NaN
,,,          NaN,,,,          NaN,         NaN
,,,          NaN,,,,          NaN,         NaN
,,,          NaN,,,,          NaN,         NaN
,,,          NaN,,,,          NaN,         NaN
,,,          NaN,,,,          NaN,         NaN
,,,          NaN,,,,          NaN,         NaN
,,,          NaN,,,,          NaN,         NaN
,,,          NaN,,,,          NaN,         NaN
,,,          NaN,,,,          NaN,         NaN
,,,          NaN,,,,          NaN,         NaN
,,,          NaN,,,,          NaN,         NaN
,,,          NaN,,,,          NaN,         NaN
,,,          NaN,,,,          NaN,         NaN
,,,          NaN,,,,          NaN,         NaN
,,,          NaN,,,,          NaN,         NaN
,,,          NaN,,,,          NaN,         NaN
,,,          NaN,,,,          NaN,         NaN
,,,          NaN,,,,          NaN,         NaN
,,,          NaN,,,,          NaN,         NaN
,,,          NaN,,,,          NaN,         NaN
,,,          NaN,,,,          NaN,         NaN
,,,          NaN,,,,          NaN,         NaN
,,,          NaN,,,,          NaN,         NaN
,,,          NaN,,,,          NaN,         NaN
,,,          NaN,,,,          NaN,         NaN
,,,          NaN,,,,          NaN,         NaN
,,,          NaN,,,,          NaN,         NaN
,,,          NaN,,,,          NaN,         NaN
,,,          NaN,,,,          NaN,         NaN
,,,          NaN,,,,          NaN,         NaN
,,,          NaN,,,,          NaN,         NaN
,,,          NaN,,,,          NaN,         NaN
,,,          NaN,,,,          NaN,         NaN
,,,          NaN,,,,          NaN,         NaN
,,,          NaN,,,,          NaN,         NaN
,,,          NaN,,,,          NaN,         NaN
,,,          NaN,,,,          NaN,         NaN
,,,          NaN,,,,          NaN,         NaN
,,,          NaN,,,,          NaN,         NaN
,,,          NaN,,,,          NaN,         NaN
,,,          NaN,,,,          NaN,         NaN
,,,          NaN,,,,          NaN,         NaN
,,,          NaN,,,,          NaN,         NaN
,,,          NaN,,,,          NaN,         NaN
,,,          NaN,,,,          NaN,         NaN
,,,          NaN,,,,          NaN,         NaN
,,,          NaN,,,,          NaN,         NaN
,,,          NaN,,,,          NaN,         NaN
,,,          NaN,,,,          NaN,         NaN
,,,          NaN,,,,          NaN,         NaN
,,,          NaN,,,,          NaN,         NaN
,,,          NaN,,,,          NaN,         NaN
,,,          NaN,,,,          NaN,         NaN
,,,          NaN,,,,          NaN,         NaN
,,,          NaN,,,,          NaN,         NaN
,,,          NaN,,,,          NaN,         NaN
,,,          NaN,,,,          NaN,         NaN
,,,          NaN,,,,          NaN,         NaN
,,,          NaN,,,,          NaN,         NaN
,,,          NaN,,,,          NaN,         NaN
,,,          NaN,,,,          NaN,         NaN
,,,          NaN,,,,          NaN,         NaN
,,,          NaN,,,,          NaN,         NaN
,,,          NaN,,,,          NaN,         NaN
,,,          NaN,,,,          NaN,         NaN
,,,          NaN,,,,          NaN,         NaN
,,,          NaN,,,,          NaN,         NaN
,,,          NaN,,,,          NaN,         NaN
,,,          NaN,,,,          NaN,         NaN
,,,          NaN,,,,          NaN,         NaN
,,,          NaN,,,,          NaN,         NaN
,,,          NaN,,,,          NaN,         NaN
,,,          NaN,,,,          NaN,         NaN
,,,          NaN,,,,          NaN,         NaN
,,,          NaN,,,,          NaN,         NaN
,,,          NaN,,,,          NaN,         NaN
,,,          NaN,,,,          NaN,         NaN
,,,          NaN,,,,          NaN,         NaN
,,,          NaN,,,,          NaN,         NaN
,,,          NaN,,,,          NaN,         NaN
,,,          NaN,,,,          NaN,         NaN
,,,          NaN,,,,          NaN,         NaN
,,,          NaN,,,,          NaN,         NaN
,,,          NaN,,,,          NaN,         NaN
,,,          NaN,,,,          NaN,         NaN
,,,          NaN,,,,          NaN,         NaN
,,,          NaN,,,,          NaN,         NaN
,,,          NaN,,,,          NaN,         NaN
,,,          NaN,,,,          NaN,         NaN
,,,          NaN,,,,          NaN,         NaN
,,,          NaN,,,,          NaN,         NaN
,,,          NaN,,,,          NaN,         NaN
,,,          NaN,,,,          NaN,         NaN
,,,          NaN,,,,          NaN,         NaN
,,,          NaN,,,,          NaN,         NaN
,,,          NaN,,,,          NaN,         NaN
,,,          NaN,,,,          NaN,         NaN
,,,          NaN,,,,          NaN,         NaN
,,,          NaN,,,,          NaN,         NaN
,,,          NaN,,,,          NaN,         NaN
,,,          NaN,,,,          NaN,         NaN
,,,          NaN,,,,          NaN,         NaN
,,,          NaN,,,,          NaN,         NaN
,,,          NaN,,,,          NaN,         NaN
,,,          NaN,,,,          NaN,         NaN
,,,          NaN,,,,          NaN,         NaN
,,,          NaN,,,,          NaN,         NaN
,,,          NaN,,,,          NaN,         NaN
,,,          NaN,,,,          NaN,         NaN
,,,          NaN,,,,          NaN,         NaN
,,,          NaN,,,,          NaN,         NaN
,,,          NaN,,,,          NaN,         NaN
,,,          NaN,,,,          NaN,         NaN
,,,          NaN,,,,          NaN,         NaN
,,,          NaN,,,,          NaN,         NaN
,,,          NaN,,,,          NaN,         NaN
,,,          NaN,,,,          NaN,         NaN
,,,          NaN,,,,          NaN,         NaN
,,,          NaN,,,,          NaN,         NaN
,,,          NaN,,,,          NaN,         NaN
,,,          NaN,,,,          NaN,         NaN
,,,          NaN,,,,          NaN,         NaN
,,,          NaN,,,,          NaN,         NaN
,,,          NaN,,,,          NaN,         NaN
,,,          NaN,,,,          NaN,         NaN
,,,          NaN,,,,          NaN,         NaN
,,,          NaN,,,,          NaN,         NaN
,,,          NaN,,,,          NaN,         NaN
,,,          NaN,,,,          NaN,         NaN
,,,          NaN,,,,          NaN,         NaN
,,,          NaN,,,,          NaN,         NaN
,,,          NaN,,,,          NaN,         NaN
,,,          NaN,,,,          NaN,         NaN
,,,          NaN,,,,          NaN,         NaN
,,,          NaN,,,,          NaN,         NaN
,,,          NaN,,,,          NaN,         NaN
,,,          NaN,,,,          NaN,         NaN
,,,          NaN,,,,          NaN,         NaN
,,,          NaN,,,,          NaN,         NaN
,,,          NaN,,,,          NaN,         NaN
,,,          NaN,,,,          NaN,         NaN
,,,          NaN,,,,          NaN,         NaN
,,,          NaN,,,,          NaN,         NaN
,,,          NaN,,,,          NaN,         NaN
,,,          NaN,,,,          NaN,         NaN
,,,          NaN,,,,          NaN,         NaN
,,,          NaN,,,,          NaN,         NaN
,,,          NaN,,,,          NaN,         NaN
,,,          NaN,,,,          NaN,         NaN
,,,          NaN,,,,          NaN,         NaN
,,,          NaN,,,,          NaN,         NaN
,,,          NaN,,,,          NaN,         NaN
,,,          NaN,,,,          NaN,         NaN
,,,          NaN,,,,          NaN,         NaN
,,,          NaN,,,,          NaN,         NaN
,,,          NaN,,,,          NaN,         NaN
,,,          NaN,,,,          NaN,         NaN
,,,          NaN,,,,          NaN,         NaN
,,,          NaN,,,,          NaN,         NaN
,,,          NaN,,,,          NaN,         NaN
,,,          NaN,,,,          NaN,         NaN
,,,          NaN,,,,          NaN,         NaN
,,,          NaN,,,,          NaN,         NaN
,,,          NaN,,,,          NaN,         NaN
,,,          NaN,,,,          NaN,         NaN
,,,          NaN,,,,          NaN,         NaN
,,,          NaN,,,,          NaN,         NaN
,,,          NaN,,,,          NaN,         NaN
,,,          NaN,,,,          NaN,         NaN
,,,          NaN,,,,          NaN,         NaN
,,,          NaN,,,,          NaN,         NaN
,,,          NaN,,,,          NaN,         NaN
,,,          NaN,,,,          NaN,         NaN
,,,          NaN,,,,          NaN,         NaN
,,,          NaN,,,,          NaN,         NaN
,,,          NaN,,,,          NaN,         NaN
,,,          NaN,,,,          NaN,         NaN
,,,          NaN,,,,          NaN,         NaN
,,,          NaN,,,,          NaN,         NaN
,,,          NaN,,,,          NaN,         NaN
,,,          NaN,,,,          NaN,         NaN
,,,          NaN,,,,          NaN,         NaN
,,,          NaN,,,,          NaN,         NaN
,,,          NaN,,,,          NaN,         NaN
,,,          NaN,,,,          NaN,         NaN
,,,          NaN,,,,          NaN,         NaN
,,,          NaN,,,,          NaN,         NaN
,,,          NaN,,,,          NaN,         NaN
,,,          NaN,,,,          NaN,         NaN
,,,          NaN,,,,          NaN,         NaN
,,,          NaN,,,,          NaN,         NaN
,,,          NaN,,,,          NaN,         NaN
,,,          NaN,,,,          NaN,         NaN
,,,          NaN,,,,          NaN,         NaN
,,,          NaN,,,,          NaN,         NaN
,,,          NaN,,,,          NaN,         NaN
,,,          NaN,,,,          NaN,         NaN
,,,          NaN,,,,          NaN,         NaN
,,,          NaN,,,,          NaN,         NaN
,,,          NaN,,,,          NaN,         NaN
,,,          NaN,,,,          NaN,         NaN
,,,          NaN,,,,          NaN,         NaN
,,,          NaN,,,,          NaN,         NaN
,,,          NaN,,,,          NaN,         NaN
,,,          NaN,,,,          NaN,         NaN
,,,          NaN,,,,          NaN,         NaN
,,,          NaN,,,,          NaN,         NaN
,,,          NaN,,,,          NaN,         NaN
,,,          NaN,,,,          NaN,         NaN
,,,          NaN,,,,          NaN,         NaN
,,,          NaN,,,,          NaN,         NaN
,,,          NaN,,,,          NaN,         NaN
,,,          NaN,,,,          NaN,         NaN
,,,          NaN,,,,          NaN,         NaN
,,,          NaN,,,,          NaN,         NaN
,,,          NaN,,,,          NaN,         NaN
,,,          NaN,,,,          NaN,         NaN
,,,          NaN,,,,          NaN,         NaN
,,,          NaN,,,,          NaN,         NaN
,,,          NaN,,,,          NaN,         NaN
,,,          NaN,,,,          NaN,         NaN
,,,          NaN,,,,          NaN,         NaN
,,,          NaN,,,,          NaN,         NaN
,,,          NaN,,,,          NaN,         NaN
,,,          NaN,,,,          NaN,         NaN
,,,          NaN,,,,          NaN,         NaN
,,,          NaN,,,,          NaN,         NaN
,,,          NaN,,,,          NaN,         NaN
,,,          NaN,,,,          NaN,         NaN
,,,          NaN,,,,          NaN,         NaN
,,,          NaN,,,,          NaN,         NaN
,,,          NaN,,,,          NaN,         NaN
,,,          NaN,,,,          NaN,         NaN
,,,          NaN,,,,          NaN,         NaN
,,,          NaN,,,,          NaN,         NaN
,,,          NaN,,,,          NaN,         NaN
,,,          NaN,,,,          NaN,         NaN
,,,          NaN,,,,          NaN,         NaN
,,,          NaN,,,,          NaN,         NaN
,,,          NaN,,,,          NaN,         NaN
,,,          NaN,,,,          NaN,         NaN
,,,          NaN,,,,          NaN,         NaN
,,,          NaN,,,,          NaN,         NaN
,,,          NaN,,,,          NaN,         NaN
,,,          NaN,,,,          NaN,         NaN
,,,          NaN,,,,          NaN,         NaN
,,,          NaN,,,,          NaN,         NaN
,,,          NaN,,,,          NaN,         NaN
,,,          NaN,,,,          NaN,         NaN
,,,          NaN,,,,          NaN,         NaN
,,,          NaN,,,,          NaN,         NaN
,,,          NaN,,,,          NaN,         NaN
,,,          NaN,,,,          NaN,         NaN
,,,          NaN,,,,          NaN,         NaN
,,,          NaN,,,,          NaN,         NaN
,,,          NaN,,,,          NaN,         NaN
,,,          NaN,,,,          NaN,         NaN
,,,          NaN,,,,          NaN,         NaN
,,,          NaN,,,,          NaN,         NaN
,,,          NaN,,,,          NaN,         NaN
,,,          NaN,,,,          NaN,         NaN
,,,          NaN,,,,          NaN,         NaN
,,,          NaN,,,,          NaN,         NaN
,,,          NaN,,,,          NaN,         NaN
,,,          NaN,,,,          NaN,         NaN
,,,          NaN,,,,          NaN,         NaN
,,,          NaN,,,,          NaN,         NaN
,,,          NaN,,,,          NaN,         NaN
,,,          NaN,,,,          NaN,         NaN
,,,          NaN,,,,          NaN,         NaN
,,,          NaN,,,,          NaN,         NaN
,,,          NaN,,,,          NaN,         NaN
,,,          NaN,,,,          NaN,         NaN
,,,          NaN,,,,          NaN,         NaN
,,,          NaN,,,,          NaN,         NaN
,,,          NaN,,,,          NaN,         NaN
,,,          NaN,,,,          NaN,         NaN
,,,          NaN,,,,          NaN,         NaN
,,,          NaN,,,,          NaN,         NaN
,,,          NaN,,,,          NaN,         NaN
,,,          NaN,,,,          NaN,         NaN
,,,          NaN,,,,          NaN,         NaN
,,,          NaN,,,,          NaN,         NaN
,,,          NaN,,,,          NaN,         NaN
,,,          NaN,,,,          NaN,         NaN
,,,          NaN,,,,          NaN,         NaN
,,,          NaN,,,,          NaN,         NaN
,,,          NaN,,,,          NaN,         NaN
,,,          NaN,,,,          NaN,         NaN
,,,          NaN,,,,          NaN,         NaN
,,,          NaN,,,,          NaN,         NaN
,,,          NaN,,,,          NaN,         NaN
,,,          NaN,,,,          NaN,         NaN
,,,          NaN,,,,          NaN,         NaN
,,,          NaN,,,,          NaN,         NaN
,,,          NaN,,,,          NaN,         NaN
,,,          NaN,,,,          NaN,         NaN
,,,          NaN,,,,          NaN,         NaN
,,,          NaN,,,,          NaN,         NaN
,,,          NaN,,,,          NaN,         NaN
,,,          NaN,,,,          NaN,         NaN
,,,          NaN,,,,          NaN,         NaN
,,,          NaN,,,,          NaN,         NaN
,,,          NaN,,,,          NaN,         NaN
,,,          NaN,,,,          NaN,         NaN
,,,          NaN,,,,          NaN,         NaN
,,,          NaN,,,,          NaN,         NaN
,,,          NaN,,,,          NaN,         NaN
,,,          NaN,,,,          NaN,         NaN
,,,          NaN,,,,          NaN,         NaN
,,,          NaN,,,,          NaN,         NaN
,,,          NaN,,,,          NaN,         NaN
,,,          NaN,,,,          NaN,         NaN
,,,          NaN,,,,          NaN,         NaN
,,,          NaN,,,,          NaN,         NaN
,,,          NaN,,,,          NaN,         NaN
,,,          NaN,,,,          NaN,         NaN
,,,          NaN,,,,          NaN,         NaN
,,,          NaN,,,,          NaN,         NaN
,,,          NaN,,,,          NaN,         NaN
,,,          NaN,,,,          NaN,         NaN
,,,          NaN,,,,          NaN,         NaN
,,,          NaN,,,,          NaN,         NaN
,,,          NaN,,,,          NaN,         NaN
,,,          NaN,,,,          NaN,         NaN
,,,          NaN,,,,          NaN,         NaN
,,,          NaN,,,,          NaN,         NaN
,,,          NaN,,,,          NaN,         NaN
,,,          NaN,,,,          NaN,         NaN
,,,          NaN,,,,          NaN,         NaN
,,,          NaN,,,,          NaN,         NaN
,,,          NaN,,,,          NaN,         NaN
,,,          NaN,,,,          NaN,         NaN
,,,          NaN,,,,          NaN,         NaN
,,,          NaN,,,,          NaN,         NaN
,,,          NaN,,,,          NaN,         NaN
,,,          NaN,,,,          NaN,         NaN
,,,          NaN,,,,          NaN,         NaN
,,,          NaN,,,,          NaN,         NaN
,,,          NaN,,,,          NaN,         NaN
,,,          NaN,,,,          NaN,         NaN
,,,          NaN,,,,          NaN,         NaN
,,,          NaN,,,,          NaN,         NaN
,,,          NaN,,,,          NaN,         NaN
,,,          NaN,,,,          NaN,         NaN
,,,          NaN,,,,          NaN,         NaN
,,,          NaN,,,,          NaN,         NaN
,,,          NaN,,,,          NaN,         NaN
,,,          NaN,,,,          NaN,         NaN
,,,          NaN,,,,          NaN,         NaN
,,,          NaN,,,,          NaN,         NaN
,,,          NaN,,,,          NaN,         NaN
,,,          NaN,,,,          NaN,         NaN
,,,          NaN,,,,          NaN,         NaN
,,,          NaN,,,,          NaN,         NaN
,,,          NaN,,,,          NaN,         NaN
,,,          NaN,,,,          NaN,         NaN
,,,          NaN,,,,          NaN,         NaN
,,,          NaN,,,,          NaN,         NaN
,,,          NaN,,,,          NaN,         NaN
,,,          NaN,,,,          NaN,         NaN
,,,          NaN,,,,          NaN,         NaN
,,,          NaN,,,,          NaN,         NaN
,,,          NaN,,,,          NaN,         NaN
,,,          NaN,,,,          NaN,         NaN
,,,          NaN,,,,          NaN,         NaN
,,,          NaN,,,,          NaN,         NaN
,,,          NaN,,,,          NaN,         NaN
,,,          NaN,,,,          NaN,         NaN
,,,          NaN,,,,          NaN,         NaN
,,,          NaN,,,,          NaN,         NaN
,,,          NaN,,,,          NaN,         NaN
,,,          NaN,,,,          NaN,         NaN
,,,          NaN,,,,          NaN,         NaN
,,,          NaN,,,,          NaN,         NaN
,,,          NaN,,,,          NaN,         NaN
,,,          NaN,,,,          NaN,         NaN
,,,          NaN,,,,          NaN,         NaN
,,,          NaN,,,,          NaN,         NaN
,,,          NaN,,,,          NaN,         NaN
,,,          NaN,,,,          NaN,         NaN
,,,          NaN,,,,          NaN,         NaN
,,,          NaN,,,,          NaN,         NaN
,,,          NaN,,,,          NaN,         NaN
,,,          NaN,,,,          NaN,         NaN
,,,          NaN,,,,          NaN,         NaN
,,,          NaN,,,,          NaN,         NaN
,,,          NaN,,,,          NaN,         NaN
,,,          NaN,,,,          NaN,         NaN
,,,          NaN,,,,          NaN,         NaN
,,,          NaN,,,,          NaN,         NaN
,,,          NaN,,,,          NaN,         NaN
,,,          NaN,,,,          NaN,         NaN
,,,          NaN,,,,          NaN,         NaN
,,,          NaN,,,,          NaN,         NaN
,,,          NaN,,,,          NaN,         NaN
,,,          NaN,,,,          NaN,         NaN
,,,          NaN,,,,          NaN,         NaN
,,,          NaN,,,,          NaN,         NaN
,,,          NaN,,,,          NaN,         NaN
,,,          NaN,,,,          NaN,         NaN
,,,          NaN,,,,          NaN,         NaN
,,,          NaN,,,,          NaN,         NaN
,,,          NaN,,,,          NaN,         NaN
,,,          NaN,,,,          NaN,         NaN
,,,          NaN,,,,          NaN,         NaN
,,,          NaN,,,,          NaN,         NaN
,,,          NaN,,,,          NaN,         NaN
,,,          NaN,,,,          NaN,         NaN
,,,          NaN,,,,          NaN,         NaN
,,,          NaN,,,,          NaN,         NaN
,,,          NaN,,,,          NaN,         NaN
,,,          NaN,,,,          NaN,         NaN
,,,          NaN,,,,          NaN,         NaN
,,,          NaN,,,,          NaN,         NaN
,,,          NaN,,,,          NaN,         NaN
,,,          NaN,,,,          NaN,         NaN
,,,          NaN,,,,          NaN,         NaN
,,,          NaN,,,,          NaN,         NaN
,,,          NaN,,,,          NaN,         NaN
,,,          NaN,,,,          NaN,         NaN
,,,          NaN,,,,          NaN,         NaN
,,,          NaN,,,,          NaN,         NaN
,,,          NaN,,,,          NaN,         NaN
,,,          NaN,,,,          NaN,         NaN
,,,          NaN,,,,          NaN,         NaN
,,,          NaN,,,,          NaN,         NaN
,,,          NaN,,,,          NaN,         NaN
,,,          NaN,,,,          NaN,         NaN
,,,          NaN,,,,          NaN,         NaN
,,,          NaN,,,,          NaN,         NaN
,,,          NaN,,,,          NaN,         NaN
,,,          NaN,,,,          NaN,         NaN
,,,          NaN,,,,          NaN,         NaN
,,,          NaN,,,,          NaN,         NaN
,,,          NaN,,,,          NaN,         NaN
,,,          NaN,,,,          NaN,         NaN
,,,          NaN,,,,          NaN,         NaN
,,,          NaN,,,,          NaN,         NaN
,,,          NaN,,,,          NaN,         NaN
,,,          NaN,,,,          NaN,         NaN
,,,          NaN,,,,          NaN,         NaN
,,,          NaN,,,,          NaN,         NaN
,,,          NaN,,,,          NaN,         NaN
,,,          NaN,,,,          NaN,         NaN
,,,          NaN,,,,          NaN,         NaN
,,,          NaN,,,,          NaN,         NaN
,,,          NaN,,,,          NaN,         NaN
,,,          NaN,,,,          NaN,         NaN
,,,          NaN,,,,          NaN,         NaN
,,,          NaN,,,,          NaN,         NaN
,,,          NaN,,,,          NaN,         NaN
,,,          NaN,,,,          NaN,         NaN
,,,          NaN,,,,          NaN,         NaN
,,,          NaN,,,,          NaN,         NaN
,,,          NaN,,,,          NaN,         NaN
,,,          NaN,,,,          NaN,         NaN
,,,          NaN,,,,          NaN,         NaN
,,,          NaN,,,,          NaN,         NaN
,,,          NaN,,,,          NaN,         NaN
,,,          NaN,,,,          NaN,         NaN
,,,          NaN,,,,          NaN,         NaN
,,,          NaN,,,,          NaN,         NaN
,,,          NaN,,,,          NaN,         NaN
,,,          NaN,,,,          NaN,         NaN
,,,          NaN,,,,          NaN,         NaN
,,,          NaN,,,,          NaN,         NaN
,,,          NaN,,,,          NaN,         NaN
,,,          NaN,,,,          NaN,         NaN
,,,          NaN,,,,          NaN,         NaN
,,,          NaN,,,,          NaN,         NaN
,,,          NaN,,,,          NaN,         NaN
,,,          NaN,,,,          NaN,         NaN
,,,          NaN,,,,          NaN,         NaN
,,,          NaN,,,,          NaN,         NaN
,,,          NaN,,,,          NaN,         NaN
,,,          NaN,,,,          NaN,         NaN
,,,          NaN,,,,          NaN,         NaN
,,,          NaN,,,,          NaN,         NaN
,,,          NaN,,,,          NaN,         NaN
,,,          NaN,,,,          NaN,         NaN
,,,          NaN,,,,          NaN,         NaN
,,,          NaN,,,,          NaN,         NaN
,,,          NaN,,,,          NaN,         NaN
,,,          NaN,,,,          NaN,         NaN
,,,          NaN,,,,          NaN,         NaN
,,,          NaN,,,,          NaN,         NaN
,,,          NaN,,,,          NaN,         NaN
,,,          NaN,,,,          NaN,         NaN
,,,          NaN,,,,          NaN,         NaN
,,,          NaN,,,,          NaN,         NaN
,,,          NaN,,,,          NaN,         NaN
,,,          NaN,,,,          NaN,         NaN
,,,          NaN,,,,          NaN,         NaN
,,,          NaN,,,,          NaN,         NaN
,,,          NaN,,,,          NaN,         NaN
,,,          NaN,,,,          NaN,         NaN
,,,          NaN,,,,          NaN,         NaN
,,,          NaN,,,,          NaN,         NaN
,,,          NaN,,,,          NaN,         NaN
,,,          NaN,,,,          NaN,         NaN
,,,          NaN,,,,          NaN,         NaN
,,,          NaN,,,,          NaN,         NaN
,,,          NaN,,,,          NaN,         NaN
,,,          NaN,,,,          NaN,         NaN
,,,          NaN,,,,          NaN,         NaN
,,,          NaN,,,,          NaN,         NaN
,,,          NaN,,,,          NaN,         NaN
,,,          NaN,,,,          NaN,         NaN
,,,          NaN,,,,          NaN,         NaN
,,,          NaN,,,,          NaN,         NaN
,,,          NaN,,,,          NaN,         NaN
,,,          NaN,,,,          NaN,         NaN
,,,          NaN,,,,          NaN,         NaN
,,,          NaN,,,,          NaN,         NaN
,,,          NaN,,,,          NaN,         NaN
,,,          NaN,,,,          NaN,         NaN
,,,          NaN,,,,          NaN,         NaN
,,,          NaN,,,,          NaN,         NaN
,,,          NaN,,,,          NaN,         NaN
,,,          NaN,,,,          NaN,         NaN
,,,          NaN,,,,          NaN,         NaN
,,,          NaN,,,,          NaN,         NaN
,,,          NaN,,,,          NaN,         NaN
,,,          NaN,,,,          NaN,         NaN
,,,          NaN,,,,          NaN,         NaN
,,,          NaN,,,,          NaN,         NaN
,,,          NaN,,,,          NaN,         NaN
,,,          NaN,,,,          NaN,         NaN
,,,          NaN,,,,          NaN,         NaN
,,,          NaN,,,,          NaN,         NaN
,,,          NaN,,,,          NaN,         NaN
,,,          NaN,,,,          NaN,         NaN
,,,          NaN,,,,          NaN,         NaN
,,,          NaN,,,,          NaN,         NaN
,,,          NaN,,,,          NaN,         NaN
,,,          NaN,,,,          NaN,         NaN
,,,          NaN,,,,          NaN,         NaN
,,,          NaN,,,,          NaN,         NaN
,,,          NaN,,,,          NaN,         NaN
,,,          NaN,,,,          NaN,         NaN
,,,          NaN,,,,          NaN,         NaN
,,,          NaN,,,,          NaN,         NaN
,,,          NaN,,,,          NaN,         NaN
,,,          NaN,,,,          NaN,         NaN
,,,          NaN,,,,          NaN,         NaN
,,,          NaN,,,,          NaN,         NaN
,,,          NaN,,,,          NaN,         NaN
,,,          NaN,,,,          NaN,         NaN
,,,          NaN,,,,          NaN,         NaN
,,,          NaN,,,,          NaN,         NaN
,,,          NaN,,,,          NaN,         NaN
,,,          NaN,,,,          NaN,         NaN
,,,          NaN,,,,          NaN,         NaN
,,,          NaN,,,,          NaN,         NaN
,,,          NaN,,,,          NaN,         NaN
,,,          NaN,,,,          NaN,         NaN
,,,          NaN,,,,          NaN,         NaN
,,,          NaN,,,,          NaN,         NaN
,,,          NaN,,,,          NaN,         NaN
,,,          NaN,,,,          NaN,         NaN
,,,          NaN,,,,          NaN,         NaN
,,,          NaN,,,,          NaN,         NaN
,,,          NaN,,,,          NaN,         NaN
,,,          NaN,,,,          NaN,         NaN
,,,          NaN,,,,          NaN,         NaN
,,,          NaN,,,,          NaN,         NaN
,,,          NaN,,,,          NaN,         NaN
,,,          NaN,,,,          NaN,         NaN
,,,          NaN,,,,          NaN,         NaN
,,,          NaN,,,,          NaN,         NaN
,,,          NaN,,,,          NaN,         NaN
,,,          NaN,,,,          NaN,         NaN
,,,          NaN,,,,          NaN,         NaN
,,,          NaN,,,,          NaN,         NaN
,,,          NaN,,,,          NaN,         NaN
,,,          NaN,,,,          NaN,         NaN
,,,          NaN,,,,          NaN,         NaN
,,,          NaN,,,,          NaN,         NaN
,,,          NaN,,,,          NaN,         NaN
,,,          NaN,,,,          NaN,         NaN
,,,          NaN,,,,          NaN,         NaN
,,,          NaN,,,,          NaN,         NaN
,,,          NaN,,,,          NaN,         NaN
,,,          NaN,,,,          NaN,         NaN
,,,          NaN,,,,          NaN,         NaN
,,,          NaN,,,,          NaN,         NaN
,,,          NaN,,,,          NaN,         NaN
,,,          NaN,,,,          NaN,         NaN
,,,          NaN,,,,          NaN,         NaN
,,,          NaN,,,,          NaN,         NaN
,,,          NaN,,,,          NaN,         NaN
,,,          NaN,,,,          NaN,         NaN
,,,          NaN,,,,          NaN,         NaN
,,,          NaN,,,,          NaN,         NaN
,,,          NaN,,,,          NaN,         NaN
,,,          NaN,,,,          NaN,         NaN
,,,          NaN,,,,          NaN,         NaN
,,,          NaN,,,,          NaN,         NaN
,,,          NaN,,,,          NaN,         NaN
,,,          NaN,,,,          NaN,         NaN
,,,          NaN,,,,          NaN,         NaN
,,,          NaN,,,,          NaN,         NaN
,,,          NaN,,,,          NaN,         NaN
,,,          NaN,,,,          NaN,         NaN
,,,          NaN,,,,          NaN,         NaN
,,,          NaN,,,,          NaN,         NaN
,,,          NaN,,,,          NaN,         NaN
,,,          NaN,,,,          NaN,         NaN
,,,          NaN,,,,          NaN,         NaN
,,,          NaN,,,,          NaN,         NaN
,,,          NaN,,,,          NaN,         NaN
,,,          NaN,,,,          NaN,         NaN
,,,          NaN,,,,          NaN,         NaN
,,,          NaN,,,,          NaN,         NaN
,,,          NaN,,,,          NaN,         NaN
,,,          NaN,,,,          NaN,         NaN
,,,          NaN,,,,          NaN,         NaN
,,,          NaN,,,,          NaN,         NaN
,,,          NaN,,,,          NaN,         NaN
,,,          NaN,,,,          NaN,         NaN
,,,          NaN,,,,          NaN,         NaN
,,,          NaN,,,,          NaN,         NaN
,,,          NaN,,,,          NaN,         NaN
,,,          NaN,,,,          NaN,         NaN
,,,          NaN,,,,          NaN,         NaN
,,,          NaN,,,,          NaN,         NaN
,,,          NaN,,,,          NaN,         NaN
,,,          NaN,,,,          NaN,         NaN
,,,          NaN,,,,          NaN,         NaN
,,,          NaN,,,,          NaN,         NaN
,,,          NaN,,,,          NaN,         NaN
,,,          NaN,,,,          NaN,         NaN
,,,          NaN,,,,          NaN,         NaN
,,,          NaN,,,,          NaN,         NaN
,,,          NaN,,,,          NaN,         NaN
,,,          NaN,,,,          NaN,         NaN
,,,          NaN,,,,          NaN,         NaN
,,,          NaN,,,,          NaN,         NaN
,,,          NaN,,,,          NaN,         NaN
,,,          NaN,,,,          NaN,         NaN
,,,          NaN,,,,          NaN,         NaN
,,,          NaN,,,,          NaN,         NaN
,,,          NaN,,,,          NaN,         NaN
,,,          NaN,,,,          NaN,         NaN
,,,          NaN,,,,          NaN,         NaN
,,,          NaN,,,,          NaN,         NaN
,,,          NaN,,,,          NaN,         NaN
,,,          NaN,,,,          NaN,         NaN
,,,          NaN,,,,          NaN,         NaN
,,,          NaN,,,,          NaN,         NaN
,,,          NaN,,,,          NaN,         NaN
,,,          NaN,,,,          NaN,         NaN
,,,          NaN,,,,          NaN,         NaN
,,,          NaN,,,,          NaN,         NaN
,,,          NaN,,,,          NaN,         NaN
,,,          NaN,,,,          NaN,         NaN
,,,          NaN,,,,          NaN,         NaN
,,,          NaN,,,,          NaN,         NaN
,,,          NaN,,,,          NaN,         NaN
,,,          NaN,,,,          NaN,         NaN
,,,          NaN,,,,          NaN,         NaN
,,,          NaN,,,,          NaN,         NaN
,,,          NaN,,,,          NaN,         NaN
,,,          NaN,,,,          NaN,         NaN
,,,          NaN,,,,          NaN,         NaN
,,,          NaN,,,,          NaN,         NaN
,,,          NaN,,,,          NaN,         NaN
,,,          NaN,,,,          NaN,         NaN
,,,          NaN,,,,          NaN,         NaN
,,,          NaN,,,,          NaN,         NaN
,,,          NaN,,,,          NaN,         NaN
,,,          NaN,,,,          NaN,         NaN
,,,          NaN,,,,          NaN,         NaN
,,,          NaN,,,,          NaN,         NaN
,,,          NaN,,,,          NaN,         NaN
,,,          NaN,,,,          NaN,         NaN
,,,          NaN,,,,          NaN,         NaN
,,,          NaN,,,,          NaN,         NaN
,,,          NaN,,,,          NaN,         NaN
,,,          NaN,,,,          NaN,         NaN
,,,          NaN,,,,          NaN,         NaN
,,,          NaN,,,,          NaN,         NaN
,,,          NaN,,,,          NaN,         NaN
,,,          NaN,,,,          NaN,         NaN
,,,          NaN,,,,          NaN,         NaN
,,,          NaN,,,,          NaN,         NaN
,,,          NaN,,,,          NaN,         NaN
,,,          NaN,,,,          NaN,         NaN
,,,          NaN,,,,          NaN,         NaN
,,,          NaN,,,,          NaN,         NaN
,,,          NaN,,,,          NaN,         NaN
,,,          NaN,,,,          NaN,         NaN
,,,          NaN,,,,          NaN,         NaN
,,,          NaN,,,,          NaN,         NaN
,,,          NaN,,,,          NaN,         NaN
,,,          NaN,,,,          NaN,         NaN
,,,          NaN,,,,          NaN,         NaN
,,,          NaN,,,,          NaN,         NaN
,,,          NaN,,,,          NaN,         NaN
,,,          NaN,,,,          NaN,         NaN
,,,          NaN,,,,          NaN,         NaN
,,,          NaN,,,,          NaN,         NaN
,,,          NaN,,,,          NaN,         NaN
,,,          NaN,,,,          NaN,         NaN
,,,          NaN,,,,          NaN,         NaN
,,,          NaN,,,,          NaN,         NaN
,,,          NaN,,,,          NaN,         NaN
,,,          NaN,,,,          NaN,         NaN
,,,          NaN,,,,          NaN,         NaN
,,,          NaN,,,,          NaN,         NaN
,,,          NaN,,,,          NaN,         NaN
,,,          NaN,,,,          NaN,         NaN
,,,          NaN,,,,          NaN,         NaN
,,,          NaN,,,,          NaN,         NaN
,,,          NaN,,,,          NaN,         NaN
,,,          NaN,,,,          NaN,         NaN
,,,          NaN,,,,          NaN,         NaN
,,,          NaN,,,,          NaN,         NaN
,,,          NaN,,,,          NaN,         NaN
,,,          NaN,,,,          NaN,         NaN
,,,          NaN,,,,          NaN,         NaN
,,,          NaN,,,,          NaN,         NaN
,,,          NaN,,,,          NaN,         NaN
,,,          NaN,,,,          NaN,         NaN
,,,          NaN,,,,          NaN,         NaN
,,,          NaN,,,,          NaN,         NaN
,,,          NaN,,,,          NaN,         NaN
,,,          NaN,,,,          NaN,         NaN
,,,          NaN,,,,          NaN,         NaN
,,,          NaN,,,,          NaN,         NaN
,,,          NaN,,,,          NaN,         NaN
,,,          NaN,,,,          NaN,         NaN
,,,          NaN,,,,          NaN,         NaN
,,,          NaN,,,,          NaN,         NaN
,,,          NaN,,,,          NaN,         NaN
,,,          NaN,,,,          NaN,         NaN
,,,          NaN,,,,          NaN,         NaN
,,,          NaN,,,,          NaN,         NaN
,,,          NaN,,,,          NaN,         NaN
,,,          NaN,,,,          NaN,         NaN
,,,          NaN,,,,          NaN,         NaN
,,,          NaN,,,,          NaN,         NaN
,,,          NaN,,,,          NaN,         NaN
,,,          NaN,,,,          NaN,         NaN
,,,          NaN,,,,          NaN,         NaN
,,,          NaN,,,,          NaN,         NaN
,,,          NaN,,,,          NaN,         NaN
,,,          NaN,,,,          NaN,         NaN
,,,          NaN,,,,          NaN,         NaN
,,,          NaN,,,,          NaN,         NaN
,,,          NaN,,,,          NaN,         NaN
,,,          NaN,,,,          NaN,         NaN
,,,          NaN,,,,          NaN,         NaN
,,,          NaN,,,,          NaN,         NaN
,,,          NaN,,,,          NaN,         NaN
,,,          NaN,,,,          NaN,         NaN
,,,          NaN,,,,          NaN,         NaN
,,,          NaN,,,,          NaN,         NaN
,,,          NaN,,,,          NaN,         NaN
,,,          NaN,,,,          NaN,         NaN
,,,          NaN,,,,          NaN,         NaN
,,,          NaN,,,,          NaN,         NaN
,,,          NaN,,,,          NaN,         NaN
,,,          NaN,,,,          NaN,         NaN
,,,          NaN,,,,          NaN,         NaN
,,,          NaN,,,,          NaN,         NaN
,,,          NaN,,,,          NaN,         NaN
,,,          NaN,,,,          NaN,         NaN
,,,          NaN,,,,          NaN,         NaN
,,,          NaN,,,,          NaN,         NaN
,,,          NaN,,,,          NaN,         NaN
,,,          NaN,,,,          NaN,         NaN
,,,          NaN,,,,          NaN,         NaN
,,,          NaN,,,,          NaN,         NaN
,,,          NaN,,,,          NaN,         NaN
,,,          NaN,,,,          NaN,         NaN
,,,          NaN,,,,          NaN,         NaN
,,,          NaN,,,,          NaN,         NaN
,,,          NaN,,,,          NaN,         NaN
,,,          NaN,,,,          NaN,         NaN
,,,          NaN,,,,          NaN,         NaN
,,,          NaN,,,,          NaN,         NaN
,,,          NaN,,,,          NaN,         NaN
,,,          NaN,,,,          NaN,         NaN
,,,          NaN,,,,          NaN,         NaN
,,,          NaN,,,,          NaN,         NaN
,,,          NaN,,,,          NaN,         NaN
,,,          NaN,,,,          NaN,         NaN
,,,          NaN,,,,          NaN,         NaN
,,,          NaN,,,,          NaN,         NaN
,,,          NaN,,,,          NaN,         NaN
,,,          NaN,,,,          NaN,         NaN
,,,          NaN,,,,          NaN,         NaN
,,,          NaN,,,,          NaN,         NaN
,,,          NaN,,,,          NaN,         NaN
,,,          NaN,,,,          NaN,         NaN
,,,          NaN,,,,          NaN,         NaN
,,,          NaN,,,,          NaN,         NaN
,,,          NaN,,,,          NaN,         NaN
,,,          NaN,,,,          NaN,         NaN
,,,          NaN,,,,          NaN,         NaN
,,,          NaN,,,,          NaN,         NaN
,,,          NaN,,,,          NaN,         NaN
,,,          NaN,,,,          NaN,         NaN
,,,          NaN,,,,          NaN,         NaN
,,,          NaN,,,,          NaN,         NaN
,,,          NaN,,,,          NaN,         NaN
,,,          NaN,,,,          NaN,         NaN
,,,          NaN,,,,          NaN,         NaN
,,,          NaN,,,,          NaN,         NaN
,,,          NaN,,,,          NaN,         NaN
,,,          NaN,,,,          NaN,         NaN
,,,          NaN,,,,          NaN,         NaN
,,,          NaN,,,,          NaN,         NaN
,,,          NaN,,,,          NaN,         NaN
,,,          NaN,,,,          NaN,         NaN
,,,          NaN,,,,          NaN,         NaN
,,,          NaN,,,,          NaN,         NaN
,,,          NaN,,,,          NaN,         NaN
,,,          NaN,,,,          NaN,         NaN
,,,          NaN,,,,          NaN,         NaN
,,,          NaN,,,,          NaN,         NaN
,,,          NaN,,,,          NaN,         NaN
,,,          NaN,,,,          NaN,         NaN
,,,          NaN,,,,          NaN,         NaN
,,,          NaN,,,,          NaN,         NaN
,,,          NaN,,,,          NaN,         NaN
,,,          NaN,,,,          NaN,         NaN
,,,          NaN,,,,          NaN,         NaN
,,,          NaN,,,,          NaN,         NaN
,,,          NaN,,,,          NaN,         NaN
,,,          NaN,,,,          NaN,         NaN
,,,          NaN,,,,          NaN,         NaN
,,,          NaN,,,,          NaN,         NaN
,,,          NaN,,,,          NaN,         NaN
,,,          NaN,,,,          NaN,         NaN
,,,          NaN,,,,          NaN,         NaN
,,,          NaN,,,,          NaN,         NaN
,,,          NaN,,,,          NaN,         NaN
,,,          NaN,,,,          NaN,         NaN
,,,          NaN,,,,          NaN,         NaN
,,,          NaN,,,,          NaN,         NaN
,,,          NaN,,,,          NaN,         NaN
,,,          NaN,,,,          NaN,         NaN
,,,          NaN,,,,          NaN,         NaN
,,,          NaN,,,,          NaN,         NaN
,,,          NaN,,,,          NaN,         NaN
,,,          NaN,,,,          NaN,         NaN
,,,          NaN,,,,          NaN,         NaN
,,,          NaN,,,,          NaN,         NaN
,,,          NaN,,,,          NaN,         NaN
,,,          NaN,,,,          NaN,         NaN
,,,          NaN,,,,          NaN,         NaN
,,,          NaN,,,,          NaN,         NaN
,,,          NaN,,,,          NaN,         NaN
,,,          NaN,,,,          NaN,         NaN
,,,          NaN,,,,          NaN,         NaN
,,,          NaN,,,,          NaN,         NaN
,,,          NaN,,,,          NaN,         NaN
,,,          NaN,,,,          NaN,         NaN
,,,          NaN,,,,          NaN,         NaN
,,,          NaN,,,,          NaN,         NaN
,,,          NaN,,,,          NaN,         NaN
,,,          NaN,,,,          NaN,         NaN
,,,          NaN,,,,          NaN,         NaN
,,,          NaN,,,,          NaN,         NaN
,,,          NaN,,,,          NaN,         NaN
,,,          NaN,,,,          NaN,         NaN
,,,          NaN,,,,          NaN,         NaN
,,,          NaN,,,,          NaN,         NaN
,,,          NaN,,,,          NaN,         NaN
,,,          NaN,,,,          NaN,         NaN
,,,          NaN,,,,          NaN,         NaN
,,,          NaN,,,,          NaN,         NaN
,,,          NaN,,,,          NaN,         NaN
,,,          NaN,,,,          NaN,         NaN
,,,          NaN,,,,          NaN,         NaN
,,,          NaN,,,,          NaN,         NaN
,,,          NaN,,,,          NaN,         NaN
,,,          NaN,,,,          NaN,         NaN
,,,          NaN,,,,          NaN,         NaN
,,,          NaN,,,,          NaN,         NaN
,,,          NaN,,,,          NaN,         NaN
,,,          NaN,,,,          NaN,         NaN
,,,          NaN,,,,          NaN,         NaN
,,,          NaN,,,,          NaN,         NaN
,,,          NaN,,,,          NaN,         NaN
,,,          NaN,,,,          NaN,         NaN
,,,          NaN,,,,          NaN,         NaN
,,,          NaN,,,,          NaN,         NaN
,,,          NaN,,,,          NaN,         NaN
,,,          NaN,,,,          NaN,         NaN
,,,          NaN,,,,          NaN,         NaN
,,,          NaN,,,,          NaN,         NaN
,,,          NaN,,,,          NaN,         NaN
,,,          NaN,,,,          NaN,         NaN
,,,          NaN,,,,          NaN,         NaN
,,,          NaN,,,,          NaN,         NaN
,,,          NaN,,,,          NaN,         NaN
,,,          NaN,,,,          NaN,         NaN
,,,          NaN,,,,          NaN,         NaN
,,,          NaN,,,,          NaN,         NaN
,,,          NaN,,,,          NaN,         NaN
,,,          NaN,,,,          NaN,         NaN
,,,          NaN,,,,          NaN,         NaN
,,,          NaN,,,,          NaN,         NaN
,,,          NaN,,,,          NaN,         NaN
,,,          NaN,,,,          NaN,         NaN
,,,          NaN,,,,          NaN,         NaN
,,,          NaN,,,,          NaN,         NaN
,,,          NaN,,,,          NaN,         NaN
,,,          NaN,,,,          NaN,         NaN
,,,          NaN,,,,          NaN,         NaN
,,,          NaN,,,,          NaN,         NaN
,,,          NaN,,,,          NaN,         NaN
,,,          NaN,,,,          NaN,         NaN
,,,          NaN,,,,          NaN,         NaN
,,,          NaN,,,,          NaN,         NaN
,,,          NaN,,,,          NaN,         NaN
,,,          NaN,,,,          NaN,         NaN
,,,          NaN,,,,          NaN,         NaN
,,,          NaN,,,,          NaN,         NaN
,,,          NaN,,,,          NaN,         NaN
,,,          NaN,,,,          NaN,         NaN
,,,          NaN,,,,          NaN,         NaN
,,,          NaN,,,,          NaN,         NaN
,,,          NaN,,,,          NaN,         NaN
,,,          NaN,,,,          NaN,         NaN
,,,          NaN,,,,          NaN,         NaN
,,,          NaN,,,,          NaN,         NaN
,,,          NaN,,,,          NaN,         NaN
,,,          NaN,,,,          NaN,         NaN
,,,          NaN,,,,          NaN,         NaN
,,,          NaN,,,,          NaN,         NaN
,,,          NaN,,,,          NaN,         NaN
,,,          NaN,,,,          NaN,         NaN
,,,          NaN,,,,          NaN,         NaN
,,,          NaN,,,,          NaN,         NaN
,,,          NaN,,,,          NaN,         NaN
,,,          NaN,,,,          NaN,         NaN
,,,          NaN,,,,          NaN,         NaN
,,,          NaN,,,,          NaN,         NaN
,,,          NaN,,,,          NaN,         NaN
,,,          NaN,,,,          NaN,         NaN
,,,          NaN,,,,          NaN,         NaN
,,,          NaN,,,,          NaN,         NaN
,,,          NaN,,,,          NaN,         NaN
,,,          NaN,,,,          NaN,         NaN
,,,          NaN,,,,          NaN,         NaN
,,,          NaN,,,,          NaN,         NaN
,,,          NaN,,,,          NaN,         NaN
,,,          NaN,,,,          NaN,         NaN
,,,          NaN,,,,          NaN,         NaN
,,,          NaN,,,,          NaN,         NaN
,,,          NaN,,,,          NaN,         NaN
,,,          NaN,,,,          NaN,         NaN
,,,          NaN,,,,          NaN,         NaN
,,,          NaN,,,,          NaN,         NaN
,,,          NaN,,,,          NaN,         NaN
,,,          NaN,,,,          NaN,         NaN
,,,          NaN,,,,          NaN,         NaN
,,,          NaN,,,,          NaN,         NaN
,,,          NaN,,,,          NaN,         NaN
,,,          NaN,,,,          NaN,         NaN
,,,          NaN,,,,          NaN,         NaN
,,,          NaN,,,,          NaN,         NaN
,,,          NaN,,,,          NaN,         NaN
,,,          NaN,,,,          NaN,         NaN
,,,          NaN,,,,          NaN,         NaN
,,,          NaN,,,,          NaN,         NaN
,,,          NaN,,,,          NaN,         NaN
,,,          NaN,,,,          NaN,         NaN
,,,          NaN,,,,          NaN,         NaN
,,,          NaN,,,,          NaN,         NaN
,,,          NaN,,,,          NaN,         NaN
,,,          NaN,,,,          NaN,         NaN
,,,          NaN,,,,          NaN,         NaN
,,,          NaN,,,,          NaN,         NaN
,,,          NaN,,,,          NaN,         NaN
,,,          NaN,,,,          NaN,         NaN
,,,          NaN,,,,          NaN,         NaN
,,,          NaN,,,,          NaN,         NaN
,,,          NaN,,,,          NaN,         NaN
,,,          NaN,,,,          NaN,         NaN
,,,          NaN,,,,          NaN,         NaN
,,,          NaN,,,,          NaN,         NaN
,,,          NaN,,,,          NaN,         NaN
,,,          NaN,,,,          NaN,         NaN
,,,          NaN,,,,          NaN,         NaN
,,,          NaN,,,,          NaN,         NaN
,,,          NaN,,,,          NaN,         NaN
,,,          NaN,,,,          NaN,         NaN
,,,          NaN,,,,          NaN,         NaN
,,,          NaN,,,,          NaN,         NaN
,,,          NaN,,,,          NaN,         NaN
,,,          NaN,,,,          NaN,         NaN
,,,          NaN,,,,          NaN,         NaN
,,,          NaN,,,,          NaN,         NaN
,,,          NaN,,,,          NaN,         NaN
,,,          NaN,,,,          NaN,         NaN
,,,          NaN,,,,          NaN,         NaN
,,,          NaN,,,,          NaN,         NaN
,,,          NaN,,,,          NaN,         NaN
,,,          NaN,,,,          NaN,         NaN
,,,          NaN,,,,          NaN,         NaN
,,,          NaN,,,,          NaN,         NaN
,,,          NaN,,,,          NaN,         NaN
,,,          NaN,,,,          NaN,         NaN
,,,          NaN,,,,          NaN,         NaN
,,,          NaN,,,,          NaN,         NaN
,,,          NaN,,,,          NaN,         NaN
,,,          NaN,,,,          NaN,         NaN
,,,          NaN,,,,          NaN,         NaN
,,,          NaN,,,,          NaN,         NaN
,,,          NaN,,,,          NaN,         NaN
,,,          NaN,,,,          NaN,         NaN
,,,          NaN,,,,          NaN,         NaN
,,,          NaN,,,,          NaN,         NaN
,,,          NaN,,,,          NaN,         NaN
,,,          NaN,,,,          NaN,         NaN
,,,          NaN,,,,          NaN,         NaN
,,,          NaN,,,,          NaN,         NaN
,,,          NaN,,,,          NaN,         NaN
,,,          NaN,,,,          NaN,         NaN
,,,          NaN,,,,          NaN,         NaN
,,,          NaN,,,,          NaN,         NaN
,,,          NaN,,,,          NaN,         NaN
,,,          NaN,,,,          NaN,         NaN
,,,          NaN,,,,          NaN,         NaN
,,,          NaN,,,,          NaN,         NaN
,,,          NaN,,,,          NaN,         NaN
,,,          NaN,,,,          NaN,         NaN
,,,          NaN,,,,          NaN,         NaN
,,,          NaN,,,,          NaN,         NaN
,,,          NaN,,,,          NaN,         NaN
,,,          NaN,,,,          NaN,         NaN
,,,          NaN,,,,          NaN,         NaN
,,,          NaN,,,,          NaN,         NaN
,,,          NaN,,,,          NaN,         NaN
,,,          NaN,,,,          NaN,         NaN
,,,          NaN,,,,          NaN,         NaN
,,,          NaN,,,,          NaN,         NaN
,,,          NaN,,,,          NaN,         NaN
,,,          NaN,,,,          NaN,         NaN
,,,          NaN,,,,          NaN,         NaN
,,,          NaN,,,,          NaN,         NaN
,,,          NaN,,,,          NaN,         NaN
,,,          NaN,,,,          NaN,         NaN
,,,          NaN,,,,          NaN,         NaN
,,,          NaN,,,,          NaN,         NaN
,,,          NaN,,,,          NaN,         NaN
,,,          NaN,,,,          NaN,         NaN
,,,          NaN,,,,          NaN,         NaN
,,,          NaN,,,,          NaN,         NaN
,,,          NaN,,,,          NaN,         NaN
,,,          NaN,,,,          NaN,         NaN
,,,          NaN,,,,          NaN,         NaN
,,,          NaN,,,,          NaN,         NaN
,,,          NaN,,,,          NaN,         NaN
,,,          NaN,,,,          NaN,         NaN
,,,          NaN,,,,          NaN,         NaN
,,,          NaN,,,,          NaN,         NaN
,,,          NaN,,,,          NaN,         NaN
,,,          NaN,,,,          NaN,         NaN
,,,          NaN,,,,          NaN,         NaN
,,,          NaN,,,,          NaN,         NaN
,,,          NaN,,,,          NaN,         NaN
,,,          NaN,,,,          NaN,         NaN
,,,          NaN,,,,          NaN,         NaN
,,,          NaN,,,,          NaN,         NaN
,,,          NaN,,,,          NaN,         NaN
,,,          NaN,,,,          NaN,         NaN
,,,          NaN,,,,          NaN,         NaN
,,,          NaN,,,,          NaN,         NaN
,,,          NaN,,,,          NaN,         NaN
,,,          NaN,,,,          NaN,         NaN
,,,          NaN,,,,          NaN,         NaN
,,,          NaN,,,,          NaN,         NaN
,,,          NaN,,,,          NaN,         NaN
,,,          NaN,,,,          NaN,         NaN
,,,          NaN,,,,          NaN,         NaN
,,,          NaN,,,,          NaN,         NaN
,,,          NaN,,,,          NaN,         NaN
,,,          NaN,,,,          NaN,         NaN
,,,          NaN,,,,          NaN,         NaN
,,,          NaN,,,,          NaN,         NaN
,,,          NaN,,,,          NaN,         NaN
,,,          NaN,,,,          NaN,         NaN
,,,          NaN,,,,          NaN,         NaN
,,,          NaN,,,,          NaN,         NaN
,,,          NaN,,,,          NaN,         NaN
,,,          NaN,,,,          NaN,         NaN
,,,          NaN,,,,          NaN,         NaN
,,,          NaN,,,,          NaN,         NaN
,,,          NaN,,,,          NaN,         NaN
,,,          NaN,,,,          NaN,         NaN
,,,          NaN,,,,          NaN,         NaN
,,,          NaN,,,,          NaN,         NaN
,,,          NaN,,,,          NaN,         NaN
,,,          NaN,,,,          NaN,         NaN
,,,          NaN,,,,          NaN,         NaN
,,,          NaN,,,,          NaN,         NaN
,,,          NaN,,,,          NaN,         NaN
,,,          NaN,,,,          NaN,         NaN
,,,          NaN,,,,          NaN,         NaN
,,,          NaN,,,,          NaN,         NaN
,,,          NaN,,,,          NaN,         NaN
,,,          NaN,,,,          NaN,         NaN
,,,          NaN,,,,          NaN,         NaN
,,,          NaN,,,,          NaN,         NaN
,,,          NaN,,,,          NaN,         NaN
,,,          NaN,,,,          NaN,         NaN
,,,          NaN,,,,          NaN,         NaN
,,,          NaN,,,,          NaN,         NaN
,,,          NaN,,,,          NaN,         NaN
,,,          NaN,,,,          NaN,         NaN
,,,          NaN,,,,          NaN,         NaN
,,,          NaN,,,,          NaN,         NaN
,,,          NaN,,,,          NaN,         NaN
,,,          NaN,,,,          NaN,         NaN
,,,          NaN,,,,          NaN,         NaN
,,,          NaN,,,,          NaN,         NaN
,,,          NaN,,,,          NaN,         NaN
,,,          NaN,,,,          NaN,         NaN
,,,          NaN,,,,          NaN,         NaN
,,,          NaN,,,,          NaN,         NaN
,,,          NaN,,,,          NaN,         NaN
,,,          NaN,,,,          NaN,         NaN
,,,          NaN,,,,          NaN,         NaN
,,,          NaN,,,,          NaN,         NaN
,,,          NaN,,,,          NaN,         NaN
,,,          NaN,,,,          NaN,         NaN
,,,          NaN,,,,          NaN,         NaN
,,,          NaN,,,,          NaN,         NaN
,,,          NaN,,,,          NaN,         NaN
,,,          NaN,,,,          NaN,         NaN
,,,          NaN,,,,          NaN,         NaN
,,,          NaN,,,,          NaN,         NaN
,,,          NaN,,,,          NaN,         NaN
,,,          NaN,,,,          NaN,         NaN
,,,          NaN,,,,          NaN,         NaN
,,,          NaN,,,,          NaN,         NaN
,,,          NaN,,,,          NaN,         NaN
,,,          NaN,,,,          NaN,         NaN
,,,          NaN,,,,          NaN,         NaN
,,,          NaN,,,,          NaN,         NaN
,,,          NaN,,,,          NaN,         NaN
,,,          NaN,,,,          NaN,         NaN
,,,          NaN,,,,          NaN,         NaN
,,,          NaN,,,,          NaN,         NaN
,,,          NaN,,,,          NaN,         NaN
,,,          NaN,,,,          NaN,         NaN
,,,          NaN,,,,          NaN,         NaN
,,,          NaN,,,,          NaN,         NaN
,,,          NaN,,,,          NaN,         NaN
,,,          NaN,,,,          NaN,         NaN
,,,          NaN,,,,          NaN,         NaN
,,,          NaN,,,,          NaN,         NaN
,,,          NaN,,,,          NaN,         NaN
,,,          NaN,,,,          NaN,         NaN
,,,          NaN,,,,          NaN,         NaN
,,,          NaN,,,,          NaN,         NaN
,,,          NaN,,,,          NaN,         NaN
,,,          NaN,,,,          NaN,         NaN
,,,          NaN,,,,          NaN,         NaN
,,,          NaN,,,,          NaN,         NaN
,,,          NaN,,,,          NaN,         NaN
,,,          NaN,,,,          NaN,         NaN
,,,          NaN,,,,          NaN,         NaN
,,,          NaN,,,,          NaN,         NaN
,,,          NaN,,,,          NaN,         NaN
,,,          NaN,,,,          NaN,         NaN
,,,          NaN,,,,          NaN,         NaN
,,,          NaN,,,,          NaN,         NaN
,,,          NaN,,,,          NaN,         NaN
,,,          NaN,,,,          NaN,         NaN
,,,          NaN,,,,          NaN,         NaN
,,,          NaN,,,,          NaN,         NaN
,,,          NaN,,,,          NaN,         NaN
,,,          NaN,,,,          NaN,         NaN
,,,          NaN,,,,          NaN,         NaN
,,,          NaN,,,,          NaN,         NaN
,,,          NaN,,,,          NaN,         NaN
,,,          NaN,,,,          NaN,         NaN
,,,          NaN,,,,          NaN,         NaN
,,,          NaN,,,,          NaN,         NaN
,,,          NaN,,,,          NaN,         NaN
,,,          NaN,,,,          NaN,         NaN
,,,          NaN,,,,          NaN,         NaN
,,,          NaN,,,,          NaN,         NaN
,,,          NaN,,,,          NaN,         NaN
,,,          NaN,,,,          NaN,         NaN
,,,          NaN,,,,          NaN,         NaN
,,,          NaN,,,,          NaN,         NaN
,,,          NaN,,,,          NaN,         NaN
,,,          NaN,,,,          NaN,         NaN
,,,          NaN,,,,          NaN,         NaN
,,,          NaN,,,,          NaN,         NaN
,,,          NaN,,,,          NaN,         NaN
,,,          NaN,,,,          NaN,         NaN
,,,          NaN,,,,          NaN,         NaN
,,,          NaN,,,,          NaN,         NaN
,,,          NaN,,,,          NaN,         NaN
,,,          NaN,,,,          NaN,         NaN
,,,          NaN,,,,          NaN,         NaN
,,,          NaN,,,,          NaN,         NaN
,,,          NaN,,,,          NaN,         NaN
,,,          NaN,,,,          NaN,         NaN
,,,          NaN,,,,          NaN,         NaN
,,,          NaN,,,,          NaN,         NaN
,,,          NaN,,,,          NaN,         NaN
,,,          NaN,,,,          NaN,         NaN
,,,          NaN,,,,          NaN,         NaN
,,,          NaN,,,,          NaN,         NaN
,,,          NaN,,,,          NaN,         NaN
,,,          NaN,,,,          NaN,         NaN
,,,          NaN,,,,          NaN,         NaN
,,,          NaN,,,,          NaN,         NaN
,,,          NaN,,,,          NaN,         NaN
,,,          NaN,,,,          NaN,         NaN
,,,          NaN,,,,          NaN,         NaN
,,,          NaN,,,,          NaN,         NaN
,,,          NaN,,,,          NaN,         NaN
,,,          NaN,,,,          NaN,         NaN
,,,          NaN,,,,          NaN,         NaN
,,,          NaN,,,,          NaN,         NaN
,,,          NaN,,,,          NaN,         NaN
,,,          NaN,,,,          NaN,         NaN
,,,          NaN,,,,          NaN,         NaN
,,,          NaN,,,,          NaN,         NaN
,,,          NaN,,,,          NaN,         NaN
,,,          NaN,,,,          NaN,         NaN
,,,          NaN,,,,          NaN,         NaN
,,,          NaN,,,,          NaN,         NaN
,,,          NaN,,,,          NaN,         NaN
,,,          NaN,,,,          NaN,         NaN
,,,          NaN,,,,          NaN,         NaN
,,,          NaN,,,,          NaN,         NaN
,,,          NaN,,,,          NaN,         NaN
,,,          NaN,,,,          NaN,         NaN
,,,          NaN,,,,          NaN,         NaN
,,,          NaN,,,,          NaN,         NaN
,,,          NaN,,,,          NaN,         NaN
,,,          NaN,,,,          NaN,         NaN
,,,          NaN,,,,          NaN,         NaN
,,,          NaN,,,,          NaN,         NaN
,,,          NaN,,,,          NaN,         NaN
,,,          NaN,,,,          NaN,         NaN
,,,          NaN,,,,          NaN,         NaN
,,,          NaN,,,,          NaN,         NaN
,,,          NaN,,,,          NaN,         NaN
,,,          NaN,,,,          NaN,         NaN
,,,          NaN,,,,          NaN,         NaN
,,,          NaN,,,,          NaN,         NaN
,,,          NaN,,,,          NaN,         NaN
,,,          NaN,,,,          NaN,         NaN
,,,          NaN,,,,          NaN,         NaN
,,,          NaN,,,,          NaN,         NaN
,,,          NaN,,,,          NaN,         NaN
,,,          NaN,,,,          NaN,         NaN
,,,          NaN,,,,          NaN,         NaN
,,,          NaN,,,,          NaN,         NaN
,,,          NaN,,,,          NaN,         NaN
,,,          NaN,,,,          NaN,         NaN
,,,          NaN,,,,          NaN,         NaN
,,,          NaN,,,,          NaN,         NaN
,,,          NaN,,,,          NaN,         NaN
,,,          NaN,,,,          NaN,         NaN
,,,          NaN,,,,          NaN,         NaN
,,,          NaN,,,,          NaN,         NaN
,,,          NaN,,,,          NaN,         NaN
,,,          NaN,,,,          NaN,         NaN
,,,          NaN,,,,          NaN,         NaN
,,,          NaN,,,,          NaN,         NaN
,,,          NaN,,,,          NaN,         NaN
,,,          NaN,,,,          NaN,         NaN
,,,          NaN,,,,          NaN,         NaN
,,,          NaN,,,,          NaN,         NaN
,,,          NaN,,,,          NaN,         NaN
,,,          NaN,,,,          NaN,         NaN
,,,          NaN,,,,          NaN,         NaN
,,,          NaN,,,,          NaN,         NaN
,,,          NaN,,,,          NaN,         NaN
,,,          NaN,,,,          NaN,         NaN
,,,          NaN,,,,          NaN,         NaN
,,,          NaN,,,,          NaN,         NaN
,,,          NaN,,,,          NaN,         NaN
,,,          NaN,,,,          NaN,         NaN
,,,          NaN,,,,          NaN,         NaN
,,,          NaN,,,,          NaN,         NaN
,,,          NaN,,,,          NaN,         NaN
,,,          NaN,,,,          NaN,         NaN
,,,          NaN,,,,          NaN,         NaN
,,,          NaN,,,,          NaN,         NaN
,,,          NaN,,,,          NaN,         NaN
,,,          NaN,,,,          NaN,         NaN
,,,          NaN,,,,          NaN,         NaN
,,,          NaN,,,,          NaN,         NaN
,,,          NaN,,,,          NaN,         NaN
,,,          NaN,,,,          NaN,         NaN
,,,          NaN,,,,          NaN,         NaN
,,,          NaN,,,,          NaN,         NaN
,,,          NaN,,,,          NaN,         NaN
,,,          NaN,,,,          NaN,         NaN
,,,          NaN,,,,          NaN,         NaN
,,,          NaN,,,,          NaN,         NaN
,,,          NaN,,,,          NaN,         NaN
,,,          NaN,,,,          NaN,         NaN
,,,          NaN,,,,          NaN,         NaN
,,,          NaN,,,,          NaN,         NaN
,,,          NaN,,,,          NaN,         NaN
,,,          NaN,,,,          NaN,         NaN
,,,          NaN,,,,          NaN,         NaN
,,,          NaN,,,,          NaN,         NaN
,,,          NaN,,,,          NaN,         NaN
,,,          NaN,,,,          NaN,         NaN
,,,          NaN,,,,          NaN,         NaN
,,,          NaN,,,,          NaN,         NaN
,,,          NaN,,,,          NaN,         NaN
,,,          NaN,,,,          NaN,         NaN
,,,          NaN,,,,          NaN,         NaN
,,,          NaN,,,,          NaN,         NaN
,,,          NaN,,,,          NaN,         NaN
,,,          NaN,,,,          NaN,         NaN
,,,          NaN,,,,          NaN,         NaN
,,,          NaN,,,,          NaN,         NaN
,,,          NaN,,,,          NaN,         NaN
,,,          NaN,,,,          NaN,         NaN
,,,          NaN,,,,          NaN,         NaN
,,,          NaN,,,,          NaN,         NaN
,,,          NaN,,,,          NaN,         NaN
,,,          NaN,,,,          NaN,         NaN
,,,          NaN,,,,          NaN,         NaN
,,,          NaN,,,,          NaN,         NaN
,,,          NaN,,,,          NaN,         NaN
,,,          NaN,,,,          NaN,         NaN
,,,          NaN,,,,          NaN,         NaN
,,,          NaN,,,,          NaN,         NaN
,,,          NaN,,,,          NaN,         NaN
,,,          NaN,,,,          NaN,         NaN
,,,          NaN,,,,          NaN,         NaN
,,,          NaN,,,,          NaN,         NaN
,,,          NaN,,,,          NaN,         NaN
,,,          NaN,,,,          NaN,         NaN
,,,          NaN,,,,          NaN,         NaN
,,,          NaN,,,,          NaN,         NaN
,,,          NaN,,,,          NaN,         NaN
,,,          NaN,,,,          NaN,         NaN
,,,          NaN,,,,          NaN,         NaN
,,,          NaN,,,,          NaN,         NaN
,,,          NaN,,,,          NaN,         NaN
,,,          NaN,,,,          NaN,         NaN
,,,          NaN,,,,          NaN,         NaN
,,,          NaN,,,,          NaN,         NaN
,,,          NaN,,,,          NaN,         NaN
,,,          NaN,,,,          NaN,         NaN
,,,          NaN,,,,          NaN,         NaN
,,,          NaN,,,,          NaN,         NaN
,,,          NaN,,,,          NaN,         NaN
,,,          NaN,,,,          NaN,         NaN
,,,          NaN,,,,          NaN,         NaN
,,,          NaN,,,,          NaN,         NaN
,,,          NaN,,,,          NaN,         NaN
,,,          NaN,,,,          NaN,         NaN
,,,          NaN,,,,          NaN,         NaN
,,,          NaN,,,,          NaN,         NaN
,,,          NaN,,,,          NaN,         NaN
,,,          NaN,,,,          NaN,         NaN
,,,          NaN,,,,          NaN,         NaN
,,,          NaN,,,,          NaN,         NaN
,,,          NaN,,,,          NaN,         NaN
,,,          NaN,,,,          NaN,         NaN
,,,          NaN,,,,          NaN,         NaN
,,,          NaN,,,,          NaN,         NaN
,,,          NaN,,,,          NaN,         NaN
,,,          NaN,,,,          NaN,         NaN
,,,          NaN,,,,          NaN,         NaN
,,,          NaN,,,,          NaN,         NaN
,,,          NaN,,,,          NaN,         NaN
,,,          NaN,,,,          NaN,         NaN
,,,          NaN,,,,          NaN,         NaN
,,,          NaN,,,,          NaN,         NaN
,,,          NaN,,,,          NaN,         NaN
,,,          NaN,,,,          NaN,         NaN
,,,          NaN,,,,          NaN,         NaN
,,,          NaN,,,,          NaN,         NaN
,,,          NaN,,,,          NaN,         NaN
,,,          NaN,,,,          NaN,         NaN
,,,          NaN,,,,          NaN,         NaN
,,,          NaN,,,,          NaN,         NaN
,,,          NaN,,,,          NaN,         NaN
,,,          NaN,,,,          NaN,         NaN
,,,          NaN,,,,          NaN,         NaN
,,,          NaN,,,,          NaN,         NaN
,,,          NaN,,,,          NaN,         NaN
,,,          NaN,,,,          NaN,         NaN
,,,          NaN,,,,          NaN,         NaN
,,,          NaN,,,,          NaN,         NaN
,,,          NaN,,,,          NaN,         NaN
,,,          NaN,,,,          NaN,         NaN
,,,          NaN,,,,          NaN,         NaN
,,,          NaN,,,,          NaN,         NaN
,,,          NaN,,,,          NaN,         NaN
,,,          NaN,,,,          NaN,         NaN
,,,          NaN,,,,          NaN,         NaN
,,,          NaN,,,,          NaN,         NaN
,,,          NaN,,,,          NaN,         NaN
,,,          NaN,,,,          NaN,         NaN
,,,          NaN,,,,          NaN,         NaN
,,,          NaN,,,,          NaN,         NaN
,,,          NaN,,,,          NaN,         NaN
,,,          NaN,,,,          NaN,         NaN
,,,          NaN,,,,          NaN,         NaN
,,,          NaN,,,,          NaN,         NaN
,,,          NaN,,,,          NaN,         NaN
,,,          NaN,,,,          NaN,         NaN
,,,          NaN,,,,          NaN,         NaN
,,,          NaN,,,,          NaN,         NaN
,,,          NaN,,,,          NaN,         NaN
,,,          NaN,,,,          NaN,         NaN
,,,          NaN,,,,          NaN,         NaN
,,,          NaN,,,,          NaN,         NaN
,,,          NaN,,,,          NaN,         NaN
,,,          NaN,,,,          NaN,         NaN
,,,          NaN,,,,          NaN,         NaN
,,,          NaN,,,,          NaN,         NaN
,,,          NaN,,,,          NaN,         NaN
,,,          NaN,,,,          NaN,         NaN
,,,          NaN,,,,          NaN,         NaN
,,,          NaN,,,,          NaN,         NaN
,,,          NaN,,,,          NaN,         NaN
,,,          NaN,,,,          NaN,         NaN
,,,          NaN,,,,          NaN,         NaN
,,,          NaN,,,,          NaN,         NaN
,,,          NaN,,,,          NaN,         NaN
,,,          NaN,,,,          NaN,         NaN
,,,          NaN,,,,          NaN,         NaN
,,,          NaN,,,,          NaN,         NaN
,,,          NaN,,,,          NaN,         NaN
,,,          NaN,,,,          NaN,         NaN
,,,          NaN,,,,          NaN,         NaN
,,,          NaN,,,,          NaN,         NaN
,,,          NaN,,,,          NaN,         NaN
,,,          NaN,,,,          NaN,         NaN
,,,          NaN,,,,          NaN,         NaN
,,,          NaN,,,,          NaN,         NaN
,,,          NaN,,,,          NaN,         NaN
,,,          NaN,,,,          NaN,         NaN
,,,          NaN,,,,          NaN,         NaN
,,,          NaN,,,,          NaN,         NaN
,,,          NaN,,,,          NaN,         NaN
,,,          NaN,,,,          NaN,         NaN
,,,          NaN,,,,          NaN,         NaN
,,,          NaN,,,,          NaN,         NaN
,,,          NaN,,,,          NaN,         NaN
,,,          NaN,,,,          NaN,         NaN
,,,          NaN,,,,          NaN,         NaN
,,,          NaN,,,,          NaN,         NaN
,,,          NaN,,,,          NaN,         NaN
,,,          NaN,,,,          NaN,         NaN
,,,          NaN,,,,          NaN,         NaN
,,,          NaN,,,,          NaN,         NaN
,,,          NaN,,,,          NaN,         NaN
,,,          NaN,,,,          NaN,         NaN
,,,          NaN,,,,          NaN,         NaN
,,,          NaN,,,,          NaN,         NaN
,,,          NaN,,,,          NaN,         NaN
,,,          NaN,,,,          NaN,         NaN
,,,          NaN,,,,          NaN,         NaN
,,,          NaN,,,,          NaN,         NaN
,,,          NaN,,,,          NaN,         NaN
,,,          NaN,,,,          NaN,         NaN
,,,          NaN,,,,          NaN,         NaN
,,,          NaN,,,,          NaN,         NaN
,,,          NaN,,,,          NaN,         NaN
,,,          NaN,,,,          NaN,         NaN
,,,          NaN,,,,          NaN,         NaN
,,,          NaN,,,,          NaN,         NaN
,,,          NaN,,,,          NaN,         NaN
,,,          NaN,,,,          NaN,         NaN
,,,          NaN,,,,          NaN,         NaN
,,,          NaN,,,,          NaN,         NaN
,,,          NaN,,,,          NaN,         NaN
,,,          NaN,,,,          NaN,         NaN
,,,          NaN,,,,          NaN,         NaN
,,,          NaN,,,,          NaN,         NaN
,,,          NaN,,,,          NaN,         NaN
,,,          NaN,,,,          NaN,         NaN
,,,          NaN,,,,          NaN,         NaN
,,,          NaN,,,,          NaN,         NaN
,,,          NaN,,,,          NaN,         NaN
,,,          NaN,,,,          NaN,         NaN
,,,          NaN,,,,          NaN,         NaN
,,,          NaN,,,,          NaN,         NaN
,,,          NaN,,,,          NaN,         NaN
,,,          NaN,,,,          NaN,         NaN
,,,          NaN,,,,          NaN,         NaN
,,,          NaN,,,,          NaN,         NaN
,,,          NaN,,,,          NaN,         NaN
,,,          NaN,,,,          NaN,         NaN
,,,          NaN,,,,          NaN,         NaN
,,,          NaN,,,,          NaN,         NaN
,,,          NaN,,,,          NaN,         NaN
,,,          NaN,,,,          NaN,         NaN
,,,          NaN,,,,          NaN,         NaN
,,,          NaN,,,,          NaN,         NaN
,,,          NaN,,,,          NaN,         NaN
,,,          NaN,,,,          NaN,         NaN
,,,          NaN,,,,          NaN,         NaN
,,,          NaN,,,,          NaN,         NaN
,,,          NaN,,,,          NaN,         NaN
,,,          NaN,,,,          NaN,         NaN
,,,          NaN,,,,          NaN,         NaN
,,,          NaN,,,,          NaN,         NaN
,,,          NaN,,,,          NaN,         NaN
,,,          NaN,,,,          NaN,         NaN
,,,          NaN,,,,          NaN,         NaN
,,,          NaN,,,,          NaN,         NaN
,,,          NaN,,,,          NaN,         NaN
,,,          NaN,,,,          NaN,         NaN
,,,          NaN,,,,          NaN,         NaN
,,,          NaN,,,,          NaN,         NaN
,,,          NaN,,,,          NaN,         NaN
,,,          NaN,,,,          NaN,         NaN
,,,          NaN,,,,          NaN,         NaN
,,,          NaN,,,,          NaN,         NaN
,,,          NaN,,,,          NaN,         NaN
,,,          NaN,,,,          NaN,         NaN
,,,          NaN,,,,          NaN,         NaN
,,,          NaN,,,,          NaN,         NaN
,,,          NaN,,,,          NaN,         NaN
,,,          NaN,,,,          NaN,         NaN
,,,          NaN,,,,          NaN,         NaN
,,,          NaN,,,,          NaN,         NaN
,,,          NaN,,,,          NaN,         NaN
,,,          NaN,,,,          NaN,         NaN
,,,          NaN,,,,          NaN,         NaN
,,,          NaN,,,,          NaN,         NaN
,,,          NaN,,,,          NaN,         NaN
,,,          NaN,,,,          NaN,         NaN
,,,          NaN,,,,          NaN,         NaN
,,,          NaN,,,,          NaN,         NaN
,,,          NaN,,,,          NaN,         NaN
,,,          NaN,,,,          NaN,         NaN
,,,          NaN,,,,          NaN,         NaN
,,,          NaN,,,,          NaN,         NaN
,,,          NaN,,,,          NaN,         NaN
,,,          NaN,,,,          NaN,         NaN
,,,          NaN,,,,          NaN,         NaN
,,,          NaN,,,,          NaN,         NaN
,,,          NaN,,,,          NaN,         NaN
,,,          NaN,,,,          NaN,         NaN
,,,          NaN,,,,          NaN,         NaN
,,,          NaN,,,,          NaN,         NaN
,,,          NaN,,,,          NaN,         NaN
,,,          NaN,,,,          NaN,         NaN
,,,          NaN,,,,          NaN,         NaN
,,,          NaN,,,,          NaN,         NaN
,,,          NaN,,,,          NaN,         NaN
,,,          NaN,,,,          NaN,         NaN
,,,          NaN,,,,          NaN,         NaN
,,,          NaN,,,,          NaN,         NaN
,,,          NaN,,,,          NaN,         NaN
,,,          NaN,,,,          NaN,         NaN
,,,          NaN,,,,          NaN,         NaN
,,,          NaN,,,,          NaN,         NaN
,,,          NaN,,,,          NaN,         NaN
,,,          NaN,,,,          NaN,         NaN
,,,          NaN,,,,          NaN,         NaN
,,,          NaN,,,,          NaN,         NaN
,,,          NaN,,,,          NaN,         NaN
,,,          NaN,,,,          NaN,         NaN
,,,          NaN,,,,          NaN,         NaN
,,,          NaN,,,,          NaN,         NaN
,,,          NaN,,,,          NaN,         NaN
,,,          NaN,,,,          NaN,         NaN
,,,          NaN,,,,          NaN,         NaN
,,,          NaN,,,,          NaN,         NaN
,,,          NaN,,,,          NaN,         NaN
,,,          NaN,,,,          NaN,         NaN
,,,          NaN,,,,          NaN,         NaN
,,,          NaN,,,,          NaN,         NaN
,,,          NaN,,,,          NaN,         NaN
,,,          NaN,,,,          NaN,         NaN
,,,          NaN,,,,          NaN,         NaN
,,,          NaN,,,,          NaN,         NaN
,,,          NaN,,,,          NaN,         NaN
,,,          NaN,,,,          NaN,         NaN
,,,          NaN,,,,          NaN,         NaN
,,,          NaN,,,,          NaN,         NaN
,,,          NaN,,,,          NaN,         NaN
,,,          NaN,,,,          NaN,         NaN
,,,          NaN,,,,          NaN,         NaN
,,,          NaN,,,,          NaN,         NaN
,,,          NaN,,,,          NaN,         NaN
,,,          NaN,,,,          NaN,         NaN
,,,          NaN,,,,          NaN,         NaN
,,,          NaN,,,,          NaN,         NaN
,,,          NaN,,,,          NaN,         NaN
,,,          NaN,,,,          NaN,         NaN
,,,          NaN,,,,          NaN,         NaN
,,,          NaN,,,,          NaN,         NaN
,,,          NaN,,,,          NaN,         NaN
,,,          NaN,,,,          NaN,         NaN
,,,          NaN,,,,          NaN,         NaN
,,,          NaN,,,,          NaN,         NaN
,,,          NaN,,,,          NaN,         NaN
,,,          NaN,,,,          NaN,         NaN
,,,          NaN,,,,          NaN,         NaN
,,,          NaN,,,,          NaN,         NaN
,,,          NaN,,,,          NaN,         NaN
,,,          NaN,,,,          NaN,         NaN
,,,          NaN,,,,          NaN,         NaN
,,,          NaN,,,,          NaN,         NaN
,,,          NaN,,,,          NaN,         NaN
,,,          NaN,,,,          NaN,         NaN
,,,          NaN,,,,          NaN,         NaN
,,,          NaN,,,,          NaN,         NaN
,,,          NaN,,,,          NaN,         NaN
,,,          NaN,,,,          NaN,         NaN
,,,          NaN,,,,          NaN,         NaN
,,,          NaN,,,,          NaN,         NaN
,,,          NaN,,,,          NaN,         NaN
,,,          NaN,,,,          NaN,         NaN
,,,          NaN,,,,          NaN,         NaN
,,,          NaN,,,,          NaN,         NaN
,,,          NaN,,,,          NaN,         NaN
,,,          NaN,,,,          NaN,         NaN
,,,          NaN,,,,          NaN,         NaN
,,,          NaN,,,,          NaN,         NaN
,,,          NaN,,,,          NaN,         NaN
,,,          NaN,,,,          NaN,         NaN
,,,          NaN,,,,          NaN,         NaN
,,,          NaN,,,,          NaN,         NaN
,,,          NaN,,,,          NaN,         NaN
,,,          NaN,,,,          NaN,         NaN
,,,          NaN,,,,          NaN,         NaN
,,,          NaN,,,,          NaN,         NaN
,,,          NaN,,,,          NaN,         NaN
,,,          NaN,,,,          NaN,         NaN
,,,          NaN,,,,          NaN,         NaN
,,,          NaN,,,,          NaN,         NaN
,,,          NaN,,,,          NaN,         NaN
,,,          NaN,,,,          NaN,         NaN
,,,          NaN,,,,          NaN,         NaN
,,,          NaN,,,,          NaN,         NaN
,,,          NaN,,,,          NaN,         NaN
,,,          NaN,,,,          NaN,         NaN
,,,          NaN,,,,          NaN,         NaN
,,,          NaN,,,,          NaN,         NaN
,,,          NaN,,,,          NaN,         NaN
,,,          NaN,,,,          NaN,         NaN
,,,          NaN,,,,          NaN,         NaN
,,,          NaN,,,,          NaN,         NaN
,,,          NaN,,,,          NaN,         NaN
,,,          NaN,,,,          NaN,         NaN
,,,          NaN,,,,          NaN,         NaN
,,,          NaN,,,,          NaN,         NaN
,,,          NaN,,,,          NaN,         NaN
,,,          NaN,,,,          NaN,         NaN
,,,          NaN,,,,          NaN,         NaN
,,,          NaN,,,,          NaN,         NaN
,,,          NaN,,,,          NaN,         NaN
,,,          NaN,,,,          NaN,         NaN
,,,          NaN,,,,          NaN,         NaN
,,,          NaN,,,,          NaN,         NaN
,,,          NaN,,,,          NaN,         NaN
,,,          NaN,,,,          NaN,         NaN
,,,          NaN,,,,          NaN,         NaN
,,,          NaN,,,,          NaN,         NaN
,,,          NaN,,,,          NaN,         NaN
,,,          NaN,,,,          NaN,         NaN
,,,          NaN,,,,          NaN,         NaN
,,,          NaN,,,,          NaN,         NaN
,,,          NaN,,,,          NaN,         NaN
,,,          NaN,,,,          NaN,         NaN
,,,          NaN,,,,          NaN,         NaN
,,,          NaN,,,,          NaN,         NaN
,,,          NaN,,,,          NaN,         NaN
,,,          NaN,,,,          NaN,         NaN
,,,          NaN,,,,          NaN,         NaN
,,,          NaN,,,,          NaN,         NaN
,,,          NaN,,,,          NaN,         NaN
,,,          NaN,,,,          NaN,         NaN
,,,          NaN,,,,          NaN,         NaN
,,,          NaN,,,,          NaN,         NaN
,,,          NaN,,,,          NaN,         NaN
,,,          NaN,,,,          NaN,         NaN
,,,          NaN,,,,          NaN,         NaN
,,,          NaN,,,,          NaN,         NaN
,,,          NaN,,,,          NaN,         NaN
,,,          NaN,,,,          NaN,         NaN
,,,          NaN,,,,          NaN,         NaN
,,,          NaN,,,,          NaN,         NaN
,,,          NaN,,,,          NaN,         NaN
,,,          NaN,,,,          NaN,         NaN
,,,          NaN,,,,          NaN,         NaN
,,,          NaN,,,,          NaN,         NaN
,,,          NaN,,,,          NaN,         NaN
,,,          NaN,,,,          NaN,         NaN
,,,          NaN,,,,          NaN,         NaN
,,,          NaN,,,,          NaN,         NaN
,,,          NaN,,,,          NaN,         NaN
,,,          NaN,,,,          NaN,         NaN
,,,          NaN,,,,          NaN,         NaN
,,,          NaN,,,,          NaN,         NaN
,,,          NaN,,,,          NaN,         NaN
,,,          NaN,,,,          NaN,         NaN
,,,          NaN,,,,          NaN,         NaN
,,,          NaN,,,,          NaN,         NaN
,,,          NaN,,,,          NaN,         NaN
,,,          NaN,,,,          NaN,         NaN
,,,          NaN,,,,          NaN,         NaN
,,,          NaN,,,,          NaN,         NaN
,,,          NaN,,,,          NaN,         NaN
,,,          NaN,,,,          NaN,         NaN
,,,          NaN,,,,          NaN,         NaN
,,,          NaN,,,,          NaN,         NaN
,,,          NaN,,,,          NaN,         NaN
,,,          NaN,,,,          NaN,         NaN
,,,          NaN,,,,          NaN,         NaN
,,,          NaN,,,,          NaN,         NaN
,,,          NaN,,,,          NaN,         NaN
,,,          NaN,,,,          NaN,         NaN
,,,          NaN,,,,          NaN,         NaN
,,,          NaN,,,,          NaN,         NaN
,,,          NaN,,,,          NaN,         NaN
,,,          NaN,,,,          NaN,         NaN
,,,          NaN,,,,          NaN,         NaN
,,,          NaN,,,,          NaN,         NaN
,,,          NaN,,,,          NaN,         NaN
,,,          NaN,,,,          NaN,         NaN
,,,          NaN,,,,          NaN,         NaN
,,,          NaN,,,,          NaN,         NaN
,,,          NaN,,,,          NaN,         NaN
,,,          NaN,,,,          NaN,         NaN
,,,          NaN,,,,          NaN,         NaN
,,,          NaN,,,,          NaN,         NaN
,,,          NaN,,,,          NaN,         NaN
,,,          NaN,,,,          NaN,         NaN
,,,          NaN,,,,          NaN,         NaN
,,,          NaN,,,,          NaN,         NaN
,,,          NaN,,,,          NaN,         NaN
,,,          NaN,,,,          NaN,         NaN
,,,          NaN,,,,          NaN,         NaN
,,,          NaN,,,,          NaN,         NaN
,,,          NaN,,,,          NaN,         NaN
,,,          NaN,,,,          NaN,         NaN
,,,          NaN,,,,          NaN,         NaN
,,,          NaN,,,,          NaN,         NaN
,,,          NaN,,,,          NaN,         NaN
,,,          NaN,,,,          NaN,         NaN
,,,          NaN,,,,          NaN,         NaN
,,,          NaN,,,,          NaN,         NaN
,,,          NaN,,,,          NaN,         NaN
,,,          NaN,,,,          NaN,         NaN
,,,          NaN,,,,          NaN,         NaN
,,,          NaN,,,,          NaN,         NaN
,,,          NaN,,,,          NaN,         NaN
,,,          NaN,,,,          NaN,         NaN
,,,          NaN,,,,          NaN,         NaN
,,,          NaN,,,,          NaN,         NaN
,,,          NaN,,,,          NaN,         NaN
,,,          NaN,,,,          NaN,         NaN
,,,          NaN,,,,          NaN,         NaN
,,,          NaN,,,,          NaN,         NaN
,,,          NaN,,,,          NaN,         NaN
,,,          NaN,,,,          NaN,         NaN
,,,          NaN,,,,          NaN,         NaN
,,,          NaN,,,,          NaN,         NaN
,,,          NaN,,,,          NaN,         NaN
,,,          NaN,,,,          NaN,         NaN
,,,          NaN,,,,          NaN,         NaN
,,,          NaN,,,,          NaN,         NaN
,,,          NaN,,,,          NaN,         NaN
,,,          NaN,,,,          NaN,         NaN
,,,          NaN,,,,          NaN,         NaN
,,,          NaN,,,,          NaN,         NaN
,,,          NaN,,,,          NaN,         NaN
,,,          NaN,,,,          NaN,         NaN
,,,          NaN,,,,          NaN,         NaN
,,,          NaN,,,,          NaN,         NaN
,,,          NaN,,,,          NaN,         NaN
,,,          NaN,,,,          NaN,         NaN
,,,          NaN,,,,          NaN,         NaN
,,,          NaN,,,,          NaN,         NaN
,,,          NaN,,,,          NaN,         NaN
,,,          NaN,,,,          NaN,         NaN
,,,          NaN,,,,          NaN,         NaN
,,,          NaN,,,,          NaN,         NaN
,,,          NaN,,,,          NaN,         NaN
,,,          NaN,,,,          NaN,         NaN
,,,          NaN,,,,          NaN,         NaN
,,,          NaN,,,,          NaN,         NaN
,,,          NaN,,,,          NaN,         NaN
,,,          NaN,,,,          NaN,         NaN
,,,          NaN,,,,          NaN,         NaN
,,,          NaN,,,,          NaN,         NaN
,,,          NaN,,,,          NaN,         NaN
,,,          NaN,,,,          NaN,         NaN
,,,          NaN,,,,          NaN,         NaN
,,,          NaN,,,,          NaN,         NaN
,,,          NaN,,,,          NaN,         NaN
,,,          NaN,,,,          NaN,         NaN
,,,          NaN,,,,          NaN,         NaN
,,,          NaN,,,,          NaN,         NaN
,,,          NaN,,,,          NaN,         NaN
,,,          NaN,,,,          NaN,         NaN
,,,          NaN,,,,          NaN,         NaN
,,,          NaN,,,,          NaN,         NaN
,,,          NaN,,,,          NaN,         NaN
,,,          NaN,,,,          NaN,         NaN
,,,          NaN,,,,          NaN,         NaN
,,,          NaN,,,,          NaN,         NaN
,,,          NaN,,,,          NaN,         NaN
,,,          NaN,,,,          NaN,         NaN
,,,          NaN,,,,          NaN,         NaN
,,,          NaN,,,,          NaN,         NaN
,,,          NaN,,,,          NaN,         NaN
,,,          NaN,,,,          NaN,         NaN
,,,          NaN,,,,          NaN,         NaN
,,,          NaN,,,,          NaN,         NaN
,,,          NaN,,,,          NaN,         NaN
,,,          NaN,,,,          NaN,         NaN
,,,          NaN,,,,          NaN,         NaN
,,,          NaN,,,,          NaN,         NaN
,,,          NaN,,,,          NaN,         NaN
,,,          NaN,,,,          NaN,         NaN
,,,          NaN,,,,          NaN,         NaN
,,,          NaN,,,,          NaN,         NaN
,,,          NaN,,,,          NaN,         NaN
,,,          NaN,,,,          NaN,         NaN
,,,          NaN,,,,          NaN,         NaN
,,,          NaN,,,,          NaN,         NaN
,,,          NaN,,,,          NaN,         NaN
,,,          NaN,,,,          NaN,         NaN
,,,          NaN,,,,          NaN,         NaN
,,,          NaN,,,,          NaN,         NaN
,,,          NaN,,,,          NaN,         NaN
,,,          NaN,,,,          NaN,         NaN
,,,          NaN,,,,          NaN,         NaN
,,,          NaN,,,,          NaN,         NaN
,,,          NaN,,,,          NaN,         NaN
,,,          NaN,,,,          NaN,         NaN
,,,          NaN,,,,          NaN,         NaN
,,,          NaN,,,,          NaN,         NaN
,,,          NaN,,,,          NaN,         NaN
,,,          NaN,,,,          NaN,         NaN
,,,          NaN,,,,          NaN,         NaN
,,,          NaN,,,,          NaN,         NaN
,,,          NaN,,,,          NaN,         NaN
,,,          NaN,,,,          NaN,         NaN
,,,          NaN,,,,          NaN,         NaN
,,,          NaN,,,,          NaN,         NaN
,,,          NaN,,,,          NaN,         NaN
,,,          NaN,,,,          NaN,         NaN
,,,          NaN,,,,          NaN,         NaN
,,,          NaN,,,,          NaN,         NaN
,,,          NaN,,,,          NaN,         NaN
,,,          NaN,,,,          NaN,         NaN
,,,          NaN,,,,          NaN,         NaN
,,,          NaN,,,,          NaN,         NaN
,,,          NaN,,,,          NaN,         NaN
,,,          NaN,,,,          NaN,         NaN
,,,          NaN,,,,          NaN,         NaN
,,,          NaN,,,,          NaN,         NaN
,,,          NaN,,,,          NaN,         NaN
,,,          NaN,,,,          NaN,         NaN
,,,          NaN,,,,          NaN,         NaN
,,,          NaN,,,,          NaN,         NaN
,,,          NaN,,,,          NaN,         NaN
,,,          NaN,,,,          NaN,         NaN
,,,          NaN,,,,          NaN,         NaN
,,,          NaN,,,,          NaN,         NaN
,,,          NaN,,,,          NaN,         NaN
,,,          NaN,,,,          NaN,         NaN
,,,          NaN,,,,          NaN,         NaN
,,,          NaN,,,,          NaN,         NaN
,,,          NaN,,,,          NaN,         NaN
,,,          NaN,,,,          NaN,         NaN
,,,          NaN,,,,          NaN,         NaN
,,,          NaN,,,,          NaN,         NaN
,,,          NaN,,,,          NaN,         NaN
,,,          NaN,,,,          NaN,         NaN
,,,          NaN,,,,          NaN,         NaN
,,,          NaN,,,,          NaN,         NaN
,,,          NaN,,,,          NaN,         NaN
,,,          NaN,,,,          NaN,         NaN
,,,          NaN,,,,          NaN,         NaN
,,,          NaN,,,,          NaN,         NaN
,,,          NaN,,,,          NaN,         NaN
,,,          NaN,,,,          NaN,         NaN
,,,          NaN,,,,          NaN,         NaN
,,,          NaN,,,,          NaN,         NaN
,,,          NaN,,,,          NaN,         NaN
,,,          NaN,,,,          NaN,         NaN
,,,          NaN,,,,          NaN,         NaN
,,,          NaN,,,,          NaN,         NaN
,,,          NaN,,,,          NaN,         NaN
,,,          NaN,,,,          NaN,         NaN
,,,          NaN,,,,          NaN,         NaN
,,,          NaN,,,,          NaN,         NaN
,,,          NaN,,,,          NaN,         NaN
,,,          NaN,,,,          NaN,         NaN
,,,          NaN,,,,          NaN,         NaN
,,,          NaN,,,,          NaN,         NaN
,,,          NaN,,,,          NaN,         NaN
,,,          NaN,,,,          NaN,         NaN
,,,          NaN,,,,          NaN,         NaN
,,,          NaN,,,,          NaN,         NaN
,,,          NaN,,,,          NaN,         NaN
,,,          NaN,,,,          NaN,         NaN
,,,          NaN,,,,          NaN,         NaN
,,,          NaN,,,,          NaN,         NaN
,,,          NaN,,,,          NaN,         NaN
,,,          NaN,,,,          NaN,         NaN
,,,          NaN,,,,          NaN,         NaN
,,,          NaN,,,,          NaN,         NaN
,,,          NaN,,,,          NaN,         NaN
,,,          NaN,,,,          NaN,         NaN
,,,          NaN,,,,          NaN,         NaN
,,,          NaN,,,,          NaN,         NaN
,,,          NaN,,,,          NaN,         NaN
,,,          NaN,,,,          NaN,         NaN
,,,          NaN,,,,          NaN,         NaN
,,,          NaN,,,,          NaN,         NaN
,,,          NaN,,,,          NaN,         NaN
,,,          NaN,,,,          NaN,         NaN
,,,          NaN,,,,          NaN,         NaN
,,,          NaN,,,,          NaN,         NaN
,,,          NaN,,,,          NaN,         NaN
,,,          NaN,,,,          NaN,         NaN
,,,          NaN,,,,          NaN,         NaN
,,,          NaN,,,,          NaN,         NaN
,,,          NaN,,,,          NaN,         NaN
,,,          NaN,,,,          NaN,         NaN
,,,          NaN,,,,          NaN,         NaN
,,,          NaN,,,,          NaN,         NaN
,,,          NaN,,,,          NaN,         NaN
,,,          NaN,,,,          NaN,         NaN
,,,          NaN,,,,          NaN,         NaN
,,,          NaN,,,,          NaN,         NaN
,,,          NaN,,,,          NaN,         NaN
,,,          NaN,,,,          NaN,         NaN
,,,          NaN,,,,          NaN,         NaN
,,,          NaN,,,,          NaN,         NaN
,,,          NaN,,,,          NaN,         NaN
,,,          NaN,,,,          NaN,         NaN
,,,          NaN,,,,          NaN,         NaN
,,,          NaN,,,,          NaN,         NaN
,,,          NaN,,,,          NaN,         NaN
,,,          NaN,,,,          NaN,         NaN
,,,          NaN,,,,          NaN,         NaN
,,,          NaN,,,,          NaN,         NaN
,,,          NaN,,,,          NaN,         NaN
,,,          NaN,,,,          NaN,         NaN
,,,          NaN,,,,          NaN,         NaN
,,,          NaN,,,,          NaN,         NaN
,,,          NaN,,,,          NaN,         NaN
,,,          NaN,,,,          NaN,         NaN
,,,          NaN,,,,          NaN,         NaN
,,,          NaN,,,,          NaN,         NaN
,,,          NaN,,,,          NaN,         NaN
,,,          NaN,,,,          NaN,         NaN
,,,          NaN,,,,          NaN,         NaN
,,,          NaN,,,,          NaN,         NaN
,,,          NaN,,,,          NaN,         NaN
,,,          NaN,,,,          NaN,         NaN
,,,          NaN,,,,          NaN,         NaN
,,,          NaN,,,,          NaN,         NaN
,,,          NaN,,,,          NaN,         NaN
,,,          NaN,,,,          NaN,         NaN
,,,          NaN,,,,          NaN,         NaN
,,,          NaN,,,,          NaN,         NaN
,,,          NaN,,,,          NaN,         NaN
,,,          NaN,,,,          NaN,         NaN
,,,          NaN,,,,          NaN,         NaN
,,,          NaN,,,,          NaN,         NaN
,,,          NaN,,,,          NaN,         NaN
,,,          NaN,,,,          NaN,         NaN
,,,          NaN,,,,          NaN,         NaN
,,,          NaN,,,,          NaN,         NaN
,,,          NaN,,,,          NaN,         NaN
,,,          NaN,,,,          NaN,         NaN
,,,          NaN,,,,          NaN,         NaN
,,,          NaN,,,,          NaN,         NaN
,,,          NaN,,,,          NaN,         NaN
,,,          NaN,,,,          NaN,         NaN
,,,          NaN,,,,          NaN,         NaN
,,,          NaN,,,,          NaN,         NaN
,,,          NaN,,,,          NaN,         NaN
,,,          NaN,,,,          NaN,         NaN
,,,          NaN,,,,          NaN,         NaN
,,,          NaN,,,,          NaN,         NaN
,,,          NaN,,,,          NaN,         NaN
,,,          NaN,,,,          NaN,         NaN
,,,          NaN,,,,          NaN,         NaN
,,,          NaN,,,,          NaN,         NaN
,,,          NaN,,,,          NaN,         NaN
,,,          NaN,,,,          NaN,         NaN
,,,          NaN,,,,          NaN,         NaN
,,,          NaN,,,,          NaN,         NaN
,,,          NaN,,,,          NaN,         NaN
,,,          NaN,,,,          NaN,         NaN
,,,          NaN,,,,          NaN,         NaN
,,,          NaN,,,,          NaN,         NaN
,,,          NaN,,,,          NaN,         NaN
,,,          NaN,,,,          NaN,         NaN
,,,          NaN,,,,          NaN,         NaN
,,,          NaN,,,,          NaN,         NaN
,,,          NaN,,,,          NaN,         NaN
,,,          NaN,,,,          NaN,         NaN
,,,          NaN,,,,          NaN,         NaN
,,,          NaN,,,,          NaN,         NaN
,,,          NaN,,,,          NaN,         NaN
,,,          NaN,,,,          NaN,         NaN
,,,          NaN,,,,          NaN,         NaN
,,,          NaN,,,,          NaN,         NaN
,,,          NaN,,,,          NaN,         NaN
,,,          NaN,,,,          NaN,         NaN
,,,          NaN,,,,          NaN,         NaN
,,,          NaN,,,,          NaN,         NaN
,,,          NaN,,,,          NaN,         NaN
,,,          NaN,,,,          NaN,         NaN
,,,          NaN,,,,          NaN,         NaN
,,,          NaN,,,,          NaN,         NaN
,,,          NaN,,,,          NaN,         NaN
,,,          NaN,,,,          NaN,         NaN
,,,          NaN,,,,          NaN,         NaN
,,,          NaN,,,,          NaN,         NaN
,,,          NaN,,,,          NaN,         NaN
,,,          NaN,,,,          NaN,         NaN
,,,          NaN,,,,          NaN,         NaN
,,,          NaN,,,,          NaN,         NaN
,,,          NaN,,,,          NaN,         NaN
,,,          NaN,,,,          NaN,         NaN
,,,          NaN,,,,          NaN,         NaN
,,,          NaN,,,,          NaN,         NaN
,,,          NaN,,,,          NaN,         NaN
,,,          NaN,,,,          NaN,         NaN
,,,          NaN,,,,          NaN,         NaN
,,,          NaN,,,,          NaN,         NaN
,,,          NaN,,,,          NaN,         NaN
,,,          NaN,,,,          NaN,         NaN
,,,          NaN,,,,          NaN,         NaN
,,,          NaN,,,,          NaN,         NaN
,,,          NaN,,,,          NaN,         NaN
,,,          NaN,,,,          NaN,         NaN
,,,          NaN,,,,          NaN,         NaN
,,,          NaN,,,,          NaN,         NaN
,,,          NaN,,,,          NaN,         NaN
,,,          NaN,,,,          NaN,         NaN
,,,          NaN,,,,          NaN,         NaN
,,,          NaN,,,,          NaN,         NaN
,,,          NaN,,,,          NaN,         NaN
,,,          NaN,,,,          NaN,         NaN
,,,          NaN,,,,          NaN,         NaN
,,,          NaN,,,,          NaN,         NaN
,,,          NaN,,,,          NaN,         NaN
,,,          NaN,,,,          NaN,         NaN
,,,          NaN,,,,          NaN,         NaN
,,,          NaN,,,,          NaN,         NaN
,,,          NaN,,,,          NaN,         NaN
,,,          NaN,,,,          NaN,         NaN
,,,          NaN,,,,          NaN,         NaN
,,,          NaN,,,,          NaN,         NaN
,,,          NaN,,,,          NaN,         NaN
,,,          NaN,,,,          NaN,         NaN
,,,          NaN,,,,          NaN,         NaN
,,,          NaN,,,,          NaN,         NaN
,,,          NaN,,,,          NaN,         NaN
,,,          NaN,,,,          NaN,         NaN
,,,          NaN,,,,          NaN,         NaN
,,,          NaN,,,,          NaN,         NaN
,,,          NaN,,,,          NaN,         NaN
,,,          NaN,,,,          NaN,         NaN
,,,          NaN,,,,          NaN,         NaN
,,,          NaN,,,,          NaN,         NaN
,,,          NaN,,,,          NaN,         NaN
,,,          NaN,,,,          NaN,         NaN
,,,          NaN,,,,          NaN,         NaN
,,,          NaN,,,,          NaN,         NaN
,,,          NaN,,,,          NaN,         NaN
,,,          NaN,,,,          NaN,         NaN
,,,          NaN,,,,          NaN,         NaN
,,,          NaN,,,,          NaN,         NaN
,,,          NaN,,,,          NaN,         NaN
,,,          NaN,,,,          NaN,         NaN
,,,          NaN,,,,          NaN,         NaN
,,,          NaN,,,,          NaN,         NaN
,,,          NaN,,,,          NaN,         NaN
,,,          NaN,,,,          NaN,         NaN
,,,          NaN,,,,          NaN,         NaN
,,,          NaN,,,,          NaN,         NaN
,,,          NaN,,,,          NaN,         NaN
,,,          NaN,,,,          NaN,         NaN
,,,          NaN,,,,          NaN,         NaN
,,,          NaN,,,,          NaN,         NaN
,,,          NaN,,,,          NaN,         NaN
,,,          NaN,,,,          NaN,         NaN
,,,          NaN,,,,          NaN,         NaN
,,,          NaN,,,,          NaN,         NaN
,,,          NaN,,,,          NaN,         NaN
,,,          NaN,,,,          NaN,         NaN
,,,          NaN,,,,          NaN,         NaN
,,,          NaN,,,,          NaN,         NaN
,,,          NaN,,,,          NaN,         NaN
,,,          NaN,,,,          NaN,         NaN
,,,          NaN,,,,          NaN,         NaN
,,,          NaN,,,,          NaN,         NaN
,,,          NaN,,,,          NaN,         NaN
,,,          NaN,,,,          NaN,         NaN
,,,          NaN,,,,          NaN,         NaN
,,,          NaN,,,,          NaN,         NaN
,,,          NaN,,,,          NaN,         NaN
,,,          NaN,,,,          NaN,         NaN
,,,          NaN,,,,          NaN,         NaN
,,,          NaN,,,,          NaN,         NaN
,,,          NaN,,,,          NaN,         NaN
,,,          NaN,,,,          NaN,         NaN
,,,          NaN,,,,          NaN,         NaN
,,,          NaN,,,,          NaN,         NaN
,,,          NaN,,,,          NaN,         NaN
,,,          NaN,,,,          NaN,         NaN
,,,          NaN,,,,          NaN,         NaN
,,,          NaN,,,,          NaN,         NaN
,,,          NaN,,,,          NaN,         NaN
,,,          NaN,,,,          NaN,         NaN
,,,          NaN,,,,          NaN,         NaN
,,,          NaN,,,,          NaN,         NaN
,,,          NaN,,,,          NaN,         NaN
,,,          NaN,,,,          NaN,         NaN
,,,          NaN,,,,          NaN,         NaN
,,,          NaN,,,,          NaN,         NaN
,,,          NaN,,,,          NaN,         NaN
,,,          NaN,,,,          NaN,         NaN
,,,          NaN,,,,          NaN,         NaN
,,,          NaN,,,,          NaN,         NaN
,,,          NaN,,,,          NaN,         NaN
,,,          NaN,,,,          NaN,         NaN
,,,          NaN,,,,          NaN,         NaN
,,,          NaN,,,,          NaN,         NaN
,,,          NaN,,,,          NaN,         NaN
,,,          NaN,,,,          NaN,         NaN
,,,          NaN,,,,          NaN,         NaN
,,,          NaN,,,,          NaN,         NaN
,,,          NaN,,,,          NaN,         NaN
,,,          NaN,,,,          NaN,         NaN
,,,          NaN,,,,          NaN,         NaN
,,,          NaN,,,,          NaN,         NaN
,,,          NaN,,,,          NaN,         NaN
,,,          NaN,,,,          NaN,         NaN
,,,          NaN,,,,          NaN,         NaN
,,,          NaN,,,,          NaN,         NaN
,,,          NaN,,,,          NaN,         NaN
,,,          NaN,,,,          NaN,         NaN
,,,          NaN,,,,          NaN,         NaN
,,,          NaN,,,,          NaN,         NaN
,,,          NaN,,,,          NaN,         NaN
,,,          NaN,,,,          NaN,         NaN
,,,          NaN,,,,          NaN,         NaN
,,,          NaN,,,,          NaN,         NaN
,,,          NaN,,,,          NaN,         NaN
,,,          NaN,,,,          NaN,         NaN
,,,          NaN,,,,          NaN,         NaN
,,,          NaN,,,,          NaN,         NaN
,,,          NaN,,,,          NaN,         NaN
,,,          NaN,,,,          NaN,         NaN
,,,          NaN,,,,          NaN,         NaN
,,,          NaN,,,,          NaN,         NaN
,,,          NaN,,,,          NaN,         NaN
,,,          NaN,,,,          NaN,         NaN
,,,          NaN,,,,          NaN,         NaN
,,,          NaN,,,,          NaN,         NaN
,,,          NaN,,,,          NaN,         NaN
,,,          NaN,,,,          NaN,         NaN
,,,          NaN,,,,          NaN,         NaN
,,,          NaN,,,,          NaN,         NaN
,,,          NaN,,,,          NaN,         NaN
,,,          NaN,,,,          NaN,         NaN
,,,          NaN,,,,          NaN,         NaN
,,,          NaN,,,,          NaN,         NaN
,,,          NaN,,,,          NaN,         NaN
,,,          NaN,,,,          NaN,         NaN
,,,          NaN,,,,          NaN,         NaN
,,,          NaN,,,,          NaN,         NaN
,,,          NaN,,,,          NaN,         NaN
,,,          NaN,,,,          NaN,         NaN
,,,          NaN,,,,          NaN,         NaN
,,,          NaN,,,,          NaN,         NaN
,,,          NaN,,,,          NaN,         NaN
,,,          NaN,,,,          NaN,         NaN
,,,          NaN,,,,          NaN,         NaN
,,,          NaN,,,,          NaN,         NaN
,,,          NaN,,,,          NaN,         NaN
,,,          NaN,,,,          NaN,         NaN
,,,          NaN,,,,          NaN,         NaN
,,,          NaN,,,,          NaN,         NaN
,,,          NaN,,,,          NaN,         NaN
,,,          NaN,,,,          NaN,         NaN
,,,          NaN,,,,          NaN,         NaN
,,,          NaN,,,,          NaN,         NaN
,,,          NaN,,,,          NaN,         NaN
,,,          NaN,,,,          NaN,         NaN
,,,          NaN,,,,          NaN,         NaN
,,,          NaN,,,,          NaN,         NaN
,,,          NaN,,,,          NaN,         NaN
,,,          NaN,,,,          NaN,         NaN
,,,          NaN,,,,          NaN,         NaN
,,,          NaN,,,,          NaN,         NaN
,,,          NaN,,,,          NaN,         NaN
,,,          NaN,,,,          NaN,         NaN
,,,          NaN,,,,          NaN,         NaN
,,,          NaN,,,,          NaN,         NaN
,,,          NaN,,,,          NaN,         NaN
,,,          NaN,,,,          NaN,         NaN
,,,          NaN,,,,          NaN,         NaN
,,,          NaN,,,,          NaN,         NaN
,,,          NaN,,,,          NaN,         NaN
,,,          NaN,,,,          NaN,         NaN
,,,          NaN,,,,          NaN,         NaN
,,,          NaN,,,,          NaN,         NaN
,,,          NaN,,,,          NaN,         NaN
,,,          NaN,,,,          NaN,         NaN
,,,          NaN,,,,          NaN,         NaN
,,,          NaN,,,,          NaN,         NaN
,,,          NaN,,,,          NaN,         NaN
,,,          NaN,,,,          NaN,         NaN
,,,          NaN,,,,          NaN,         NaN
,,,          NaN,,,,          NaN,         NaN
,,,          NaN,,,,          NaN,         NaN
,,,          NaN,,,,          NaN,         NaN
,,,          NaN,,,,          NaN,         NaN
,,,          NaN,,,,          NaN,         NaN
,,,          NaN,,,,          NaN,         NaN
,,,          NaN,,,,          NaN,         NaN
,,,          NaN,,,,          NaN,         NaN
,,,          NaN,,,,          NaN,         NaN
,,,          NaN,,,,          NaN,         NaN
,,,          NaN,,,,          NaN,         NaN
,,,          NaN,,,,          NaN,         NaN
,,,          NaN,,,,          NaN,         NaN
,,,          NaN,,,,          NaN,         NaN
,,,          NaN,,,,          NaN,         NaN
,,,          NaN,,,,          NaN,         NaN
,,,          NaN,,,,          NaN,         NaN
,,,          NaN,,,,          NaN,         NaN
,,,          NaN,,,,          NaN,         NaN
,,,          NaN,,,,          NaN,         NaN
,,,          NaN,,,,          NaN,         NaN
,,,          NaN,,,,          NaN,         NaN
,,,          NaN,,,,          NaN,         NaN
,,,          NaN,,,,          NaN,         NaN
,,,          NaN,,,,          NaN,         NaN
,,,          NaN,,,,          NaN,         NaN
,,,          NaN,,,,          NaN,         NaN
,,,          NaN,,,,          NaN,         NaN
,,,          NaN,,,,          NaN,         NaN
,,,          NaN,,,,          NaN,         NaN
,,,          NaN,,,,          NaN,         NaN
,,,          NaN,,,,          NaN,         NaN
,,,          NaN,,,,          NaN,         NaN
,,,          NaN,,,,          NaN,         NaN
,,,          NaN,,,,          NaN,         NaN
,,,          NaN,,,,          NaN,         NaN
,,,          NaN,,,,          NaN,         NaN
,,,          NaN,,,,          NaN,         NaN
,,,          NaN,,,,          NaN,         NaN
,,,          NaN,,,,          NaN,         NaN
,,,          NaN,,,,          NaN,         NaN
,,,          NaN,,,,          NaN,         NaN
,,,          NaN,,,,          NaN,         NaN
,,,          NaN,,,,          NaN,         NaN
,,,          NaN,,,,          NaN,         NaN
,,,          NaN,,,,          NaN,         NaN
,,,          NaN,,,,          NaN,         NaN
,,,          NaN,,,,          NaN,         NaN
,,,          NaN,,,,          NaN,         NaN
,,,          NaN,,,,          NaN,         NaN
,,,          NaN,,,,          NaN,         NaN
,,,          NaN,,,,          NaN,         NaN
,,,          NaN,,,,          NaN,         NaN
,,,          NaN,,,,          NaN,         NaN
,,,          NaN,,,,          NaN,         NaN
,,,          NaN,,,,          NaN,         NaN
,,,          NaN,,,,          NaN,         NaN
,,,          NaN,,,,          NaN,         NaN
,,,          NaN,,,,          NaN,         NaN
,,,          NaN,,,,          NaN,         NaN
,,,          NaN,,,,          NaN,         NaN
,,,          NaN,,,,          NaN,         NaN
,,,          NaN,,,,          NaN,         NaN
,,,          NaN,,,,          NaN,         NaN
,,,          NaN,,,,          NaN,         NaN
,,,          NaN,,,,          NaN,         NaN
,,,          NaN,,,,          NaN,         NaN
,,,          NaN,,,,          NaN,         NaN
,,,          NaN,,,,          NaN,         NaN
,,,          NaN,,,,          NaN,         NaN
,,,          NaN,,,,          NaN,         NaN
,,,          NaN,,,,          NaN,         NaN
,,,          NaN,,,,          NaN,         NaN
,,,          NaN,,,,          NaN,         NaN
,,,          NaN,,,,          NaN,         NaN
,,,          NaN,,,,          NaN,         NaN
,,,          NaN,,,,          NaN,         NaN
,,,          NaN,,,,          NaN,         NaN
,,,          NaN,,,,          NaN,         NaN
,,,          NaN,,,,          NaN,         NaN
,,,          NaN,,,,          NaN,         NaN
,,,          NaN,,,,          NaN,         NaN
,,,          NaN,,,,          NaN,         NaN
,,,          NaN,,,,          NaN,         NaN
,,,          NaN,,,,          NaN,         NaN
,,,          NaN,,,,          NaN,         NaN
,,,          NaN,,,,          NaN,         NaN
,,,          NaN,,,,          NaN,         NaN
,,,          NaN,,,,          NaN,         NaN
,,,          NaN,,,,          NaN,         NaN
,,,          NaN,,,,          NaN,         NaN
,,,          NaN,,,,          NaN,         NaN
,,,          NaN,,,,          NaN,         NaN
,,,          NaN,,,,          NaN,         NaN
,,,          NaN,,,,          NaN,         NaN
,,,          NaN,,,,          NaN,         NaN
,,,          NaN,,,,          NaN,         NaN
,,,          NaN,,,,          NaN,         NaN
,,,          NaN,,,,          NaN,         NaN
,,,          NaN,,,,          NaN,         NaN
,,,          NaN,,,,          NaN,         NaN
,,,          NaN,,,,          NaN,         NaN
,,,          NaN,,,,          NaN,         NaN
,,,          NaN,,,,          NaN,         NaN
,,,          NaN,,,,          NaN,         NaN
,,,          NaN,,,,          NaN,         NaN
,,,          NaN,,,,          NaN,         NaN
,,,          NaN,,,,          NaN,         NaN
,,,          NaN,,,,          NaN,         NaN
,,,          NaN,,,,          NaN,         NaN
,,,          NaN,,,,          NaN,         NaN
,,,          NaN,,,,          NaN,         NaN
,,,          NaN,,,,          NaN,         NaN
,,,          NaN,,,,          NaN,         NaN
,,,          NaN,,,,          NaN,         NaN
,,,          NaN,,,,          NaN,         NaN
,,,          NaN,,,,          NaN,         NaN
,,,          NaN,,,,          NaN,         NaN
,,,          NaN,,,,          NaN,         NaN
,,,          NaN,,,,          NaN,         NaN
,,,          NaN,,,,          NaN,         NaN
,,,          NaN,,,,          NaN,         NaN
,,,          NaN,,,,          NaN,         NaN
,,,          NaN,,,,          NaN,         NaN
,,,          NaN,,,,          NaN,         NaN
,,,          NaN,,,,          NaN,         NaN
,,,          NaN,,,,          NaN,         NaN
,,,          NaN,,,,          NaN,         NaN
,,,          NaN,,,,          NaN,         NaN
,,,          NaN,,,,          NaN,         NaN
,,,          NaN,,,,          NaN,         NaN
,,,          NaN,,,,          NaN,         NaN
,,,          NaN,,,,          NaN,         NaN
,,,          NaN,,,,          NaN,         NaN
,,,          NaN,,,,          NaN,         NaN
,,,          NaN,,,,          NaN,         NaN
,,,          NaN,,,,          NaN,         NaN
,,,          NaN,,,,          NaN,         NaN
,,,          NaN,,,,          NaN,         NaN
,,,          NaN,,,,          NaN,         NaN
,,,          NaN,,,,          NaN,         NaN
,,,          NaN,,,,          NaN,         NaN
,,,          NaN,,,,          NaN,         NaN
,,,          NaN,,,,          NaN,         NaN
,,,          NaN,,,,          NaN,         NaN
,,,          NaN,,,,          NaN,         NaN
,,,          NaN,,,,          NaN,         NaN
,,,          NaN,,,,          NaN,         NaN
,,,          NaN,,,,          NaN,         NaN
,,,          NaN,,,,          NaN,         NaN
,,,          NaN,,,,          NaN,         NaN
,,,          NaN,,,,          NaN,         NaN
,,,          NaN,,,,          NaN,         NaN
,,,          NaN,,,,          NaN,         NaN
,,,          NaN,,,,          NaN,         NaN
,,,          NaN,,,,          NaN,         NaN
,,,          NaN,,,,          NaN,         NaN
,,,          NaN,,,,          NaN,         NaN
,,,          NaN,,,,          NaN,         NaN
,,,          NaN,,,,          NaN,         NaN
,,,          NaN,,,,          NaN,         NaN
,,,          NaN,,,,          NaN,         NaN
,,,          NaN,,,,          NaN,         NaN
,,,          NaN,,,,          NaN,         NaN
,,,          NaN,,,,          NaN,         NaN
,,,          NaN,,,,          NaN,         NaN
,,,          NaN,,,,          NaN,         NaN
,,,          NaN,,,,          NaN,         NaN
,,,          NaN,,,,          NaN,         NaN
,,,          NaN,,,,          NaN,         NaN
,,,          NaN,,,,          NaN,         NaN
,,,          NaN,,,,          NaN,         NaN
,,,          NaN,,,,          NaN,         NaN
,,,          NaN,,,,          NaN,         NaN
,,,          NaN,,,,          NaN,         NaN
,,,          NaN,,,,          NaN,         NaN
,,,          NaN,,,,          NaN,         NaN
,,,          NaN,,,,          NaN,         NaN
,,,          NaN,,,,          NaN,         NaN
,,,          NaN,,,,          NaN,         NaN
,,,          NaN,,,,          NaN,         NaN
,,,          NaN,,,,          NaN,         NaN
,,,          NaN,,,,          NaN,         NaN
,,,          NaN,,,,          NaN,         NaN
,,,          NaN,,,,          NaN,         NaN
,,,          NaN,,,,          NaN,         NaN
,,,          NaN,,,,          NaN,         NaN
,,,          NaN,,,,          NaN,         NaN
,,,          NaN,,,,          NaN,         NaN
,,,          NaN,,,,          NaN,         NaN
,,,          NaN,,,,          NaN,         NaN
,,,          NaN,,,,          NaN,         NaN
,,,          NaN,,,,          NaN,         NaN
,,,          NaN,,,,          NaN,         NaN
,,,          NaN,,,,          NaN,         NaN
,,,          NaN,,,,          NaN,         NaN
,,,          NaN,,,,          NaN,         NaN
,,,          NaN,,,,          NaN,         NaN
,,,          NaN,,,,          NaN,         NaN
,,,          NaN,,,,          NaN,         NaN
,,,          NaN,,,,          NaN,         NaN
,,,          NaN,,,,          NaN,         NaN
,,,          NaN,,,,          NaN,         NaN
,,,          NaN,,,,          NaN,         NaN
,,,          NaN,,,,          NaN,         NaN
,,,          NaN,,,,          NaN,         NaN
,,,          NaN,,,,          NaN,         NaN
,,,          NaN,,,,          NaN,         NaN
,,,          NaN,,,,          NaN,         NaN
,,,          NaN,,,,          NaN,         NaN
,,,          NaN,,,,          NaN,         NaN
,,,          NaN,,,,          NaN,         NaN
,,,          NaN,,,,          NaN,         NaN
,,,          NaN,,,,          NaN,         NaN
,,,          NaN,,,,          NaN,         NaN
,,,          NaN,,,,          NaN,         NaN
,,,          NaN,,,,          NaN,         NaN
,,,          NaN,,,,          NaN,         NaN
,,,          NaN,,,,          NaN,         NaN
,,,          NaN,,,,          NaN,         NaN
,,,          NaN,,,,          NaN,         NaN
,,,          NaN,,,,          NaN,         NaN
,,,          NaN,,,,          NaN,         NaN
,,,          NaN,,,,          NaN,         NaN
,,,          NaN,,,,          NaN,         NaN
,,,          NaN,,,,          NaN,         NaN
,,,          NaN,,,,          NaN,         NaN
,,,          NaN,,,,          NaN,         NaN
,,,          NaN,,,,          NaN,         NaN
,,,          NaN,,,,          NaN,         NaN
,,,          NaN,,,,          NaN,         NaN
,,,          NaN,,,,          NaN,         NaN
,,,          NaN,,,,          NaN,         NaN
,,,          NaN,,,,          NaN,         NaN
,,,          NaN,,,,          NaN,         NaN
,,,          NaN,,,,          NaN,         NaN
,,,          NaN,,,,          NaN,         NaN
,,,          NaN,,,,          NaN,         NaN
,,,          NaN,,,,          NaN,         NaN
,,,          NaN,,,,          NaN,         NaN
,,,          NaN,,,,          NaN,         NaN
,,,          NaN,,,,          NaN,         NaN
,,,          NaN,,,,          NaN,         NaN
,,,          NaN,,,,          NaN,         NaN
,,,          NaN,,,,          NaN,         NaN
,,,          NaN,,,,          NaN,         NaN
,,,          NaN,,,,          NaN,         NaN
,,,          NaN,,,,          NaN,         NaN
,,,          NaN,,,,          NaN,         NaN
,,,          NaN,,,,          NaN,         NaN
,,,          NaN,,,,          NaN,         NaN
,,,          NaN,,,,          NaN,         NaN
,,,          NaN,,,,          NaN,         NaN
,,,          NaN,,,,          NaN,         NaN
,,,          NaN,,,,          NaN,         NaN
,,,          NaN,,,,          NaN,         NaN
,,,          NaN,,,,          NaN,         NaN
,,,          NaN,,,,          NaN,         NaN
,,,          NaN,,,,          NaN,         NaN
,,,          NaN,,,,          NaN,         NaN
,,,          NaN,,,,          NaN,         NaN
,,,          NaN,,,,          NaN,         NaN
,,,          NaN,,,,          NaN,         NaN
,,,          NaN,,,,          NaN,         NaN
,,,          NaN,,,,          NaN,         NaN
,,,          NaN,,,,          NaN,         NaN
,,,          NaN,,,,          NaN,         NaN
,,,          NaN,,,,          NaN,         NaN
,,,          NaN,,,,          NaN,         NaN
,,,          NaN,,,,          NaN,         NaN
,,,          NaN,,,,          NaN,         NaN
,,,          NaN,,,,          NaN,         NaN
,,,          NaN,,,,          NaN,         NaN
,,,          NaN,,,,          NaN,         NaN
,,,          NaN,,,,          NaN,         NaN
,,,          NaN,,,,          NaN,         NaN
,,,          NaN,,,,          NaN,         NaN
,,,          NaN,,,,          NaN,         NaN
,,,          NaN,,,,          NaN,         NaN
,,,          NaN,,,,          NaN,         NaN
,,,          NaN,,,,          NaN,         NaN
,,,          NaN,,,,          NaN,         NaN
,,,          NaN,,,,          NaN,         NaN
,,,          NaN,,,,          NaN,         NaN
,,,          NaN,,,,          NaN,         NaN
,,,          NaN,,,,          NaN,         NaN
,,,          NaN,,,,          NaN,         NaN
,,,          NaN,,,,          NaN,         NaN
,,,          NaN,,,,          NaN,         NaN
,,,          NaN,,,,          NaN,         NaN
,,,          NaN,,,,          NaN,         NaN
,,,          NaN,,,,          NaN,         NaN
,,,          NaN,,,,          NaN,         NaN
,,,          NaN,,,,          NaN,         NaN
,,,          NaN,,,,          NaN,         NaN
,,,          NaN,,,,          NaN,         NaN
,,,          NaN,,,,          NaN,         NaN
,,,          NaN,,,,          NaN,         NaN
,,,          NaN,,,,          NaN,         NaN
,,,          NaN,,,,          NaN,         NaN
,,,          NaN,,,,          NaN,         NaN
,,,          NaN,,,,          NaN,         NaN
,,,          NaN,,,,          NaN,         NaN
,,,          NaN,,,,          NaN,         NaN
,,,          NaN,,,,          NaN,         NaN
,,,          NaN,,,,          NaN,         NaN
,,,          NaN,,,,          NaN,         NaN
,,,          NaN,,,,          NaN,         NaN
,,,          NaN,,,,          NaN,         NaN
,,,          NaN,,,,          NaN,         NaN
,,,          NaN,,,,          NaN,         NaN
,,,          NaN,,,,          NaN,         NaN
,,,          NaN,,,,          NaN,         NaN
,,,          NaN,,,,          NaN,         NaN
,,,          NaN,,,,          NaN,         NaN
,,,          NaN,,,,          NaN,         NaN
,,,          NaN,,,,          NaN,         NaN
,,,          NaN,,,,          NaN,         NaN
,,,          NaN,,,,          NaN,         NaN
,,,          NaN,,,,          NaN,         NaN
,,,          NaN,,,,          NaN,         NaN
,,,          NaN,,,,          NaN,         NaN
,,,          NaN,,,,          NaN,         NaN
,,,          NaN,,,,          NaN,         NaN
,,,          NaN,,,,          NaN,         NaN
,,,          NaN,,,,          NaN,         NaN
,,,          NaN,,,,          NaN,         NaN
,,,          NaN,,,,          NaN,         NaN
,,,          NaN,,,,          NaN,         NaN
,,,          NaN,,,,          NaN,         NaN
,,,          NaN,,,,          NaN,         NaN
,,,          NaN,,,,          NaN,         NaN
,,,          NaN,,,,          NaN,         NaN
,,,          NaN,,,,          NaN,         NaN
,,,          NaN,,,,          NaN,         NaN
,,,          NaN,,,,          NaN,         NaN
,,,          NaN,,,,          NaN,         NaN
,,,          NaN,,,,          NaN,         NaN
,,,          NaN,,,,          NaN,         NaN
,,,          NaN,,,,          NaN,         NaN
,,,          NaN,,,,          NaN,         NaN
,,,          NaN,,,,          NaN,         NaN
,,,          NaN,,,,          NaN,         NaN
,,,          NaN,,,,          NaN,         NaN
,,,          NaN,,,,          NaN,         NaN
,,,          NaN,,,,          NaN,         NaN
,,,          NaN,,,,          NaN,         NaN
,,,          NaN,,,,          NaN,         NaN
,,,          NaN,,,,          NaN,         NaN
,,,          NaN,,,,          NaN,         NaN
,,,          NaN,,,,          NaN,         NaN
,,,          NaN,,,,          NaN,         NaN
,,,          NaN,,,,          NaN,         NaN
,,,          NaN,,,,          NaN,         NaN
,,,          NaN,,,,          NaN,         NaN
,,,          NaN,,,,          NaN,         NaN
,,,          NaN,,,,          NaN,         NaN
,,,          NaN,,,,          NaN,         NaN
,,,          NaN,,,,          NaN,         NaN
,,,          NaN,,,,          NaN,         NaN
,,,          NaN,,,,          NaN,         NaN
,,,          NaN,,,,          NaN,         NaN
,,,          NaN,,,,          NaN,         NaN
,,,          NaN,,,,          NaN,         NaN
,,,          NaN,,,,          NaN,         NaN
,,,          NaN,,,,          NaN,         NaN
,,,          NaN,,,,          NaN,         NaN
,,,          NaN,,,,          NaN,         NaN
,,,          NaN,,,,          NaN,         NaN
,,,          NaN,,,,          NaN,         NaN
,,,          NaN,,,,          NaN,         NaN
,,,          NaN,,,,          NaN,         NaN
,,,          NaN,,,,          NaN,         NaN
,,,          NaN,,,,          NaN,         NaN
,,,          NaN,,,,          NaN,         NaN
,,,          NaN,,,,          NaN,         NaN
,,,          NaN,,,,          NaN,         NaN
,,,          NaN,,,,          NaN,         NaN
,,,          NaN,,,,          NaN,         NaN
,,,          NaN,,,,          NaN,         NaN
,,,          NaN,,,,          NaN,         NaN
,,,          NaN,,,,          NaN,         NaN
,,,          NaN,,,,          NaN,         NaN
,,,          NaN,,,,          NaN,         NaN
,,,          NaN,,,,          NaN,         NaN
,,,          NaN,,,,          NaN,         NaN
,,,          NaN,,,,          NaN,         NaN
,,,          NaN,,,,          NaN,         NaN
,,,          NaN,,,,          NaN,         NaN
,,,          NaN,,,,          NaN,         NaN
,,,          NaN,,,,          NaN,         NaN
,,,          NaN,,,,          NaN,         NaN
,,,          NaN,,,,          NaN,         NaN
,,,          NaN,,,,          NaN,         NaN
,,,          NaN,,,,          NaN,         NaN
,,,          NaN,,,,          NaN,         NaN
,,,          NaN,,,,          NaN,         NaN
,,,          NaN,,,,          NaN,         NaN
,,,          NaN,,,,          NaN,         NaN
,,,          NaN,,,,          NaN,         NaN
,,,          NaN,,,,          NaN,         NaN
,,,          NaN,,,,          NaN,         NaN
,,,          NaN,,,,          NaN,         NaN
,,,          NaN,,,,          NaN,         NaN
,,,          NaN,,,,          NaN,         NaN
,,,          NaN,,,,          NaN,         NaN
,,,          NaN,,,,          NaN,         NaN
,,,          NaN,,,,          NaN,         NaN
,,,          NaN,,,,          NaN,         NaN
,,,          NaN,,,,          NaN,         NaN
,,,          NaN,,,,          NaN,         NaN
,,,          NaN,,,,          NaN,         NaN
,,,          NaN,,,,          NaN,         NaN
,,,          NaN,,,,          NaN,         NaN
,,,          NaN,,,,          NaN,         NaN
,,,          NaN,,,,          NaN,         NaN
,,,          NaN,,,,          NaN,         NaN
,,,          NaN,,,,          NaN,         NaN
,,,          NaN,,,,          NaN,         NaN
,,,          NaN,,,,          NaN,         NaN
,,,          NaN,,,,          NaN,         NaN
,,,          NaN,,,,          NaN,         NaN
,,,          NaN,,,,          NaN,         NaN
,,,          NaN,,,,          NaN,         NaN
,,,          NaN,,,,          NaN,         NaN
,,,          NaN,,,,          NaN,         NaN
,,,          NaN,,,,          NaN,         NaN
,,,          NaN,,,,          NaN,         NaN
,,,          NaN,,,,          NaN,         NaN
,,,          NaN,,,,          NaN,         NaN
,,,          NaN,,,,          NaN,         NaN
,,,          NaN,,,,          NaN,         NaN
,,,          NaN,,,,          NaN,         NaN
,,,          NaN,,,,          NaN,         NaN
,,,          NaN,,,,          NaN,         NaN
,,,          NaN,,,,          NaN,         NaN
,,,          NaN,,,,          NaN,         NaN
,,,          NaN,,,,          NaN,         NaN
,,,          NaN,,,,          NaN,         NaN
,,,          NaN,,,,          NaN,         NaN
,,,          NaN,,,,          NaN,         NaN
,,,          NaN,,,,          NaN,         NaN
,,,          NaN,,,,          NaN,         NaN
,,,          NaN,,,,          NaN,         NaN
,,,          NaN,,,,          NaN,         NaN
,,,          NaN,,,,          NaN,         NaN
,,,          NaN,,,,          NaN,         NaN
,,,          NaN,,,,          NaN,         NaN
,,,          NaN,,,,          NaN,         NaN
,,,          NaN,,,,          NaN,         NaN
,,,          NaN,,,,          NaN,         NaN
,,,          NaN,,,,          NaN,         NaN
,,,          NaN,,,,          NaN,         NaN
,,,          NaN,,,,          NaN,         NaN
,,,          NaN,,,,          NaN,         NaN
,,,          NaN,,,,          NaN,         NaN
,,,          NaN,,,,          NaN,         NaN
,,,          NaN,,,,          NaN,         NaN
,,,          NaN,,,,          NaN,         NaN
,,,          NaN,,,,          NaN,         NaN
,,,          NaN,,,,          NaN,         NaN
,,,          NaN,,,,          NaN,         NaN
,,,          NaN,,,,          NaN,         NaN
,,,          NaN,,,,          NaN,         NaN
,,,          NaN,,,,          NaN,         NaN
,,,          NaN,,,,          NaN,         NaN
,,,          NaN,,,,          NaN,         NaN
,,,          NaN,,,,          NaN,         NaN
,,,          NaN,,,,          NaN,         NaN
,,,          NaN,,,,          NaN,         NaN
,,,          NaN,,,,          NaN,         NaN
,,,          NaN,,,,          NaN,         NaN
,,,          NaN,,,,          NaN,         NaN
,,,          NaN,,,,          NaN,         NaN
,,,          NaN,,,,          NaN,         NaN
,,,          NaN,,,,          NaN,         NaN
,,,          NaN,,,,          NaN,         NaN
,,,          NaN,,,,          NaN,         NaN
,,,          NaN,,,,          NaN,         NaN
,,,          NaN,,,,          NaN,         NaN
,,,          NaN,,,,          NaN,         NaN
,,,          NaN,,,,          NaN,         NaN
,,,          NaN,,,,          NaN,         NaN
,,,          NaN,,,,          NaN,         NaN
,,,          NaN,,,,          NaN,         NaN
,,,          NaN,,,,          NaN,         NaN
,,,          NaN,,,,          NaN,         NaN
,,,          NaN,,,,          NaN,         NaN
,,,          NaN,,,,          NaN,         NaN
,,,          NaN,,,,          NaN,         NaN
,,,          NaN,,,,          NaN,         NaN
,,,          NaN,,,,          NaN,         NaN
,,,          NaN,,,,          NaN,         NaN
,,,          NaN,,,,          NaN,         NaN
,,,          NaN,,,,          NaN,         NaN
,,,          NaN,,,,          NaN,         NaN
,,,          NaN,,,,          NaN,         NaN
,,,          NaN,,,,          NaN,         NaN
,,,          NaN,,,,          NaN,         NaN
,,,          NaN,,,,          NaN,         NaN
,,,          NaN,,,,          NaN,         NaN
,,,          NaN,,,,          NaN,         NaN
,,,          NaN,,,,          NaN,         NaN
,,,          NaN,,,,          NaN,         NaN
,,,          NaN,,,,          NaN,         NaN
,,,          NaN,,,,          NaN,         NaN
,,,          NaN,,,,          NaN,         NaN
,,,          NaN,,,,          NaN,         NaN
,,,          NaN,,,,          NaN,         NaN
,,,          NaN,,,,          NaN,         NaN
,,,          NaN,,,,          NaN,         NaN
,,,          NaN,,,,          NaN,         NaN
,,,          NaN,,,,          NaN,         NaN
,,,          NaN,,,,          NaN,         NaN
,,,          NaN,,,,          NaN,         NaN
,,,          NaN,,,,          NaN,         NaN
,,,          NaN,,,,          NaN,         NaN
,,,          NaN,,,,          NaN,         NaN
,,,          NaN,,,,          NaN,         NaN
,,,          NaN,,,,          NaN,         NaN
,,,          NaN,,,,          NaN,         NaN
,,,          NaN,,,,          NaN,         NaN
,,,          NaN,,,,          NaN,         NaN
,,,          NaN,,,,          NaN,         NaN
,,,          NaN,,,,          NaN,         NaN
,,,          NaN,,,,          NaN,         NaN
,,,          NaN,,,,          NaN,         NaN
,,,          NaN,,,,          NaN,         NaN
,,,          NaN,,,,          NaN,         NaN
,,,          NaN,,,,          NaN,         NaN
,,,          NaN,,,,          NaN,         NaN
,,,          NaN,,,,          NaN,         NaN
,,,          NaN,,,,          NaN,         NaN
,,,          NaN,,,,          NaN,         NaN
,,,          NaN,,,,          NaN,         NaN
,,,          NaN,,,,          NaN,         NaN
,,,          NaN,,,,          NaN,         NaN
,,,          NaN,,,,          NaN,         NaN
,,,          NaN,,,,          NaN,         NaN
,,,          NaN,,,,          NaN,         NaN
,,,          NaN,,,,          NaN,         NaN
,,,          NaN,,,,          NaN,         NaN
,,,          NaN,,,,          NaN,         NaN
,,,          NaN,,,,          NaN,         NaN
,,,          NaN,,,,          NaN,         NaN
,,,          NaN,,,,          NaN,         NaN
,,,          NaN,,,,          NaN,         NaN
,,,          NaN,,,,          NaN,         NaN
,,,          NaN,,,,          NaN,         NaN
,,,          NaN,,,,          NaN,         NaN
,,,          NaN,,,,          NaN,         NaN
,,,          NaN,,,,          NaN,         NaN
,,,          NaN,,,,          NaN,         NaN
,,,          NaN,,,,          NaN,         NaN
,,,          NaN,,,,          NaN,         NaN
,,,          NaN,,,,          NaN,         NaN
,,,          NaN,,,,          NaN,         NaN
,,,          NaN,,,,          NaN,         NaN
,,,          NaN,,,,          NaN,         NaN
,,,          NaN,,,,          NaN,         NaN
,,,          NaN,,,,          NaN,         NaN
,,,          NaN,,,,          NaN,         NaN
,,,          NaN,,,,          NaN,         NaN
,,,          NaN,,,,          NaN,         NaN
,,,          NaN,,,,          NaN,         NaN
,,,          NaN,,,,          NaN,         NaN
,,,          NaN,,,,          NaN,         NaN
,,,          NaN,,,,          NaN,         NaN
,,,          NaN,,,,          NaN,         NaN
,,,          NaN,,,,          NaN,         NaN
,,,          NaN,,,,          NaN,         NaN
,,,          NaN,,,,          NaN,         NaN
,,,          NaN,,,,          NaN,         NaN
,,,          NaN,,,,          NaN,         NaN
,,,          NaN,,,,          NaN,         NaN
,,,          NaN,,,,          NaN,         NaN
,,,          NaN,,,,          NaN,         NaN
,,,          NaN,,,,          NaN,         NaN
,,,          NaN,,,,          NaN,         NaN
,,,          NaN,,,,          NaN,         NaN
,,,          NaN,,,,          NaN,         NaN
,,,          NaN,,,,          NaN,         NaN
,,,          NaN,,,,          NaN,         NaN
,,,          NaN,,,,          NaN,         NaN
,,,          NaN,,,,          NaN,         NaN
,,,          NaN,,,,          NaN,         NaN
,,,          NaN,,,,          NaN,         NaN
,,,          NaN,,,,          NaN,         NaN
,,,          NaN,,,,          NaN,         NaN
,,,          NaN,,,,          NaN,         NaN
,,,          NaN,,,,          NaN,         NaN
,,,          NaN,,,,          NaN,         NaN
,,,          NaN,,,,          NaN,         NaN
,,,          NaN,,,,          NaN,         NaN
,,,          NaN,,,,          NaN,         NaN
,,,          NaN,,,,          NaN,         NaN
,,,          NaN,,,,          NaN,         NaN
,,,          NaN,,,,          NaN,         NaN
,,,          NaN,,,,          NaN,         NaN
,,,          NaN,,,,          NaN,         NaN
,,,          NaN,,,,          NaN,         NaN
,,,          NaN,,,,          NaN,         NaN
,,,          NaN,,,,          NaN,         NaN
,,,          NaN,,,,          NaN,         NaN
,,,          NaN,,,,          NaN,         NaN
,,,          NaN,,,,          NaN,         NaN
,,,          NaN,,,,          NaN,         NaN
,,,          NaN,,,,          NaN,         NaN
,,,          NaN,,,,          NaN,         NaN
,,,          NaN,,,,          NaN,         NaN
,,,          NaN,,,,          NaN,         NaN
,,,          NaN,,,,          NaN,         NaN
,,,          NaN,,,,          NaN,         NaN
,,,          NaN,,,,          NaN,         NaN
,,,          NaN,,,,          NaN,         NaN
,,,          NaN,,,,          NaN,         NaN
,,,          NaN,,,,          NaN,         NaN
,,,          NaN,,,,          NaN,         NaN
,,,          NaN,,,,          NaN,         NaN
,,,          NaN,,,,          NaN,         NaN
,,,          NaN,,,,          NaN,         NaN
,,,          NaN,,,,          NaN,         NaN
,,,          NaN,,,,          NaN,         NaN
,,,          NaN,,,,          NaN,         NaN
,,,          NaN,,,,          NaN,         NaN
,,,          NaN,,,,          NaN,         NaN
,,,          NaN,,,,          NaN,         NaN
,,,          NaN,,,,          NaN,         NaN
,,,          NaN,,,,          NaN,         NaN
,,,          NaN,,,,          NaN,         NaN
,,,          NaN,,,,          NaN,         NaN
,,,          NaN,,,,          NaN,         NaN
,,,          NaN,,,,          NaN,         NaN
,,,          NaN,,,,          NaN,         NaN
,,,          NaN,,,,          NaN,         NaN
,,,          NaN,,,,          NaN,         NaN
,,,          NaN,,,,          NaN,         NaN
,,,          NaN,,,,          NaN,         NaN
,,,          NaN,,,,          NaN,         NaN
,,,          NaN,,,,          NaN,         NaN
,,,          NaN,,,,          NaN,         NaN
,,,          NaN,,,,          NaN,         NaN
,,,          NaN,,,,          NaN,         NaN
,,,          NaN,,,,          NaN,         NaN
,,,          NaN,,,,          NaN,         NaN
,,,          NaN,,,,          NaN,         NaN
,,,          NaN,,,,          NaN,         NaN
,,,          NaN,,,,          NaN,         NaN
,,,          NaN,,,,          NaN,         NaN
,,,          NaN,,,,          NaN,         NaN
,,,          NaN,,,,          NaN,         NaN
,,,          NaN,,,,          NaN,         NaN
,,,          NaN,,,,          NaN,         NaN
,,,          NaN,,,,          NaN,         NaN
,,,          NaN,,,,          NaN,         NaN
,,,          NaN,,,,          NaN,         NaN
,,,          NaN,,,,          NaN,         NaN
,,,          NaN,,,,          NaN,         NaN
,,,          NaN,,,,          NaN,         NaN
,,,          NaN,,,,          NaN,         NaN
,,,          NaN,,,,          NaN,         NaN
,,,          NaN,,,,          NaN,         NaN
,,,          NaN,,,,          NaN,         NaN
,,,          NaN,,,,          NaN,         NaN
,,,          NaN,,,,          NaN,         NaN
,,,          NaN,,,,          NaN,         NaN
,,,          NaN,,,,          NaN,         NaN
,,,          NaN,,,,          NaN,         NaN
,,,          NaN,,,,          NaN,         NaN
,,,          NaN,,,,          NaN,         NaN
,,,          NaN,,,,          NaN,         NaN
,,,          NaN,,,,          NaN,         NaN
,,,          NaN,,,,          NaN,         NaN
,,,          NaN,,,,          NaN,         NaN
,,,          NaN,,,,          NaN,         NaN
,,,          NaN,,,,          NaN,         NaN
,,,          NaN,,,,          NaN,         NaN
,,,          NaN,,,,          NaN,         NaN
,,,          NaN,,,,          NaN,         NaN
,,,          NaN,,,,          NaN,         NaN
,,,          NaN,,,,          NaN,         NaN
,,,          NaN,,,,          NaN,         NaN
,,,          NaN,,,,          NaN,         NaN
,,,          NaN,,,,          NaN,         NaN
,,,          NaN,,,,          NaN,         NaN
,,,          NaN,,,,          NaN,         NaN
,,,          NaN,,,,          NaN,         NaN
,,,          NaN,,,,          NaN,         NaN
,,,          NaN,,,,          NaN,         NaN
,,,          NaN,,,,          NaN,         NaN
,,,          NaN,,,,          NaN,         NaN
,,,          NaN,,,,          NaN,         NaN
,,,          NaN,,,,          NaN,         NaN
,,,          NaN,,,,          NaN,         NaN
,,,          NaN,,,,          NaN,         NaN
,,,          NaN,,,,          NaN,         NaN
,,,          NaN,,,,          NaN,         NaN
,,,          NaN,,,,          NaN,         NaN
,,,          NaN,,,,          NaN,         NaN
,,,          NaN,,,,          NaN,         NaN
,,,          NaN,,,,          NaN,         NaN
,,,          NaN,,,,          NaN,         NaN
,,,          NaN,,,,          NaN,         NaN
,,,          NaN,,,,          NaN,         NaN
,,,          NaN,,,,          NaN,         NaN
,,,          NaN,,,,          NaN,         NaN
,,,          NaN,,,,          NaN,         NaN
,,,          NaN,,,,          NaN,         NaN
,,,          NaN,,,,          NaN,         NaN
,,,          NaN,,,,          NaN,         NaN
,,,          NaN,,,,          NaN,         NaN
,,,          NaN,,,,          NaN,         NaN
,,,          NaN,,,,          NaN,         NaN
,,,          NaN,,,,          NaN,         NaN
,,,          NaN,,,,          NaN,         NaN
,,,          NaN,,,,          NaN,         NaN
,,,          NaN,,,,          NaN,         NaN
,,,          NaN,,,,          NaN,         NaN
,,,          NaN,,,,          NaN,         NaN
,,,          NaN,,,,          NaN,         NaN
,,,          NaN,,,,          NaN,         NaN
,,,          NaN,,,,          NaN,         NaN
,,,          NaN,,,,          NaN,         NaN
,,,          NaN,,,,          NaN,         NaN
,,,          NaN,,,,          NaN,         NaN
,,,          NaN,,,,          NaN,         NaN
,,,          NaN,,,,          NaN,         NaN
,,,          NaN,,,,          NaN,         NaN
,,,          NaN,,,,          NaN,         NaN
,,,          NaN,,,,          NaN,         NaN
,,,          NaN,,,,          NaN,         NaN
,,,          NaN,,,,          NaN,         NaN
,,,          NaN,,,,          NaN,         NaN
,,,          NaN,,,,          NaN,         NaN
,,,          NaN,,,,          NaN,         NaN
,,,          NaN,,,,          NaN,         NaN
,,,          NaN,,,,          NaN,         NaN
,,,          NaN,,,,          NaN,         NaN
,,,          NaN,,,,          NaN,         NaN
,,,          NaN,,,,          NaN,         NaN
,,,          NaN,,,,          NaN,         NaN
,,,          NaN,,,,          NaN,         NaN
,,,          NaN,,,,          NaN,         NaN
,,,          NaN,,,,          NaN,         NaN
,,,          NaN,,,,          NaN,         NaN
,,,          NaN,,,,          NaN,         NaN
,,,          NaN,,,,          NaN,         NaN
,,,          NaN,,,,          NaN,         NaN
,,,          NaN,,,,          NaN,         NaN
,,,          NaN,,,,          NaN,         NaN
,,,          NaN,,,,          NaN,         NaN
,,,          NaN,,,,          NaN,         NaN
,,,          NaN,,,,          NaN,         NaN
,,,          NaN,,,,          NaN,         NaN
,,,          NaN,,,,          NaN,         NaN
,,,          NaN,,,,          NaN,         NaN
,,,          NaN,,,,          NaN,         NaN
,,,          NaN,,,,          NaN,         NaN
,,,          NaN,,,,          NaN,         NaN
,,,          NaN,,,,          NaN,         NaN
,,,          NaN,,,,          NaN,         NaN
,,,          NaN,,,,          NaN,         NaN
,,,          NaN,,,,          NaN,         NaN
,,,          NaN,,,,          NaN,         NaN
,,,          NaN,,,,          NaN,         NaN
,,,          NaN,,,,          NaN,         NaN
,,,          NaN,,,,          NaN,         NaN
,,,          NaN,,,,          NaN,         NaN
,,,          NaN,,,,          NaN,         NaN
,,,          NaN,,,,          NaN,         NaN
,,,          NaN,,,,          NaN,         NaN
,,,          NaN,,,,          NaN,         NaN
,,,          NaN,,,,          NaN,         NaN
,,,          NaN,,,,          NaN,         NaN
,,,          NaN,,,,          NaN,         NaN
,,,          NaN,,,,          NaN,         NaN
,,,          NaN,,,,          NaN,         NaN
,,,          NaN,,,,          NaN,         NaN
,,,          NaN,,,,          NaN,         NaN
,,,          NaN,,,,          NaN,         NaN
,,,          NaN,,,,          NaN,         NaN
,,,          NaN,,,,          NaN,         NaN
,,,          NaN,,,,          NaN,         NaN
,,,          NaN,,,,          NaN,         NaN
,,,          NaN,,,,          NaN,         NaN
,,,          NaN,,,,          NaN,         NaN
,,,          NaN,,,,          NaN,         NaN
,,,          NaN,,,,          NaN,         NaN
,,,          NaN,,,,          NaN,         NaN
,,,          NaN,,,,          NaN,         NaN
,,,          NaN,,,,          NaN,         NaN
,,,          NaN,,,,          NaN,         NaN
,,,          NaN,,,,          NaN,         NaN
,,,          NaN,,,,          NaN,         NaN
,,,          NaN,,,,          NaN,         NaN
,,,          NaN,,,,          NaN,         NaN
,,,          NaN,,,,          NaN,         NaN
,,,          NaN,,,,          NaN,         NaN
,,,          NaN,,,,          NaN,         NaN
,,,          NaN,,,,          NaN,         NaN
,,,          NaN,,,,          NaN,         NaN
,,,          NaN,,,,          NaN,         NaN
,,,          NaN,,,,          NaN,         NaN
,,,          NaN,,,,          NaN,         NaN
,,,          NaN,,,,          NaN,         NaN
,,,          NaN,,,,          NaN,         NaN
,,,          NaN,,,,          NaN,         NaN
,,,          NaN,,,,          NaN,         NaN
,,,          NaN,,,,          NaN,         NaN
,,,          NaN,,,,          NaN,         NaN
,,,          NaN,,,,          NaN,         NaN
,,,          NaN,,,,          NaN,         NaN
,,,          NaN,,,,          NaN,         NaN
,,,          NaN,,,,          NaN,         NaN
,,,          NaN,,,,          NaN,         NaN
,,,          NaN,,,,          NaN,         NaN
,,,          NaN,,,,          NaN,         NaN
,,,          NaN,,,,          NaN,         NaN
,,,          NaN,,,,          NaN,         NaN
,,,          NaN,,,,          NaN,         NaN
,,,          NaN,,,,          NaN,         NaN
,,,          NaN,,,,          NaN,         NaN
,,,          NaN,,,,          NaN,         NaN
,,,          NaN,,,,          NaN,         NaN
,,,          NaN,,,,          NaN,         NaN
,,,          NaN,,,,          NaN,         NaN
,,,          NaN,,,,          NaN,         NaN
,,,          NaN,,,,          NaN,         NaN
,,,          NaN,,,,          NaN,         NaN
,,,          NaN,,,,          NaN,         NaN
,,,          NaN,,,,          NaN,         NaN
,,,          NaN,,,,          NaN,         NaN
,,,          NaN,,,,          NaN,         NaN
,,,          NaN,,,,          NaN,         NaN
,,,          NaN,,,,          NaN,         NaN
,,,          NaN,,,,          NaN,         NaN
,,,          NaN,,,,          NaN,         NaN
,,,          NaN,,,,          NaN,         NaN
,,,          NaN,,,,          NaN,         NaN
,,,          NaN,,,,          NaN,         NaN
,,,          NaN,,,,          NaN,         NaN
,,,          NaN,,,,          NaN,         NaN
,,,          NaN,,,,          NaN,         NaN
,,,          NaN,,,,          NaN,         NaN
,,,          NaN,,,,          NaN,         NaN
,,,          NaN,,,,          NaN,         NaN
,,,          NaN,,,,          NaN,         NaN
,,,          NaN,,,,          NaN,         NaN
,,,          NaN,,,,          NaN,         NaN
,,,          NaN,,,,          NaN,         NaN
,,,          NaN,,,,          NaN,         NaN
,,,          NaN,,,,          NaN,         NaN
,,,          NaN,,,,          NaN,         NaN
,,,          NaN,,,,          NaN,         NaN
,,,          NaN,,,,          NaN,         NaN
,,,          NaN,,,,          NaN,         NaN
,,,          NaN,,,,          NaN,         NaN
,,,          NaN,,,,          NaN,         NaN
,,,          NaN,,,,          NaN,         NaN
,,,          NaN,,,,          NaN,         NaN
,,,          NaN,,,,          NaN,         NaN
,,,          NaN,,,,          NaN,         NaN
,,,          NaN,,,,          NaN,         NaN
,,,          NaN,,,,          NaN,         NaN
,,,          NaN,,,,          NaN,         NaN
,,,          NaN,,,,          NaN,         NaN
,,,          NaN,,,,          NaN,         NaN
,,,          NaN,,,,          NaN,         NaN
,,,          NaN,,,,          NaN,         NaN
,,,          NaN,,,,          NaN,         NaN
,,,          NaN,,,,          NaN,         NaN
,,,          NaN,,,,          NaN,         NaN
,,,          NaN,,,,          NaN,         NaN
,,,          NaN,,,,          NaN,         NaN
,,,          NaN,,,,          NaN,         NaN
,,,          NaN,,,,          NaN,         NaN
,,,          NaN,,,,          NaN,         NaN
,,,          NaN,,,,          NaN,         NaN
,,,          NaN,,,,          NaN,         NaN
,,,          NaN,,,,          NaN,         NaN
,,,          NaN,,,,          NaN,         NaN
,,,          NaN,,,,          NaN,         NaN
,,,          NaN,,,,          NaN,         NaN
,,,          NaN,,,,          NaN,         NaN
,,,          NaN,,,,          NaN,         NaN
,,,          NaN,,,,          NaN,         NaN
,,,          NaN,,,,          NaN,         NaN
,,,          NaN,,,,          NaN,         NaN
,,,          NaN,,,,          NaN,         NaN
,,,          NaN,,,,          NaN,         NaN
,,,          NaN,,,,          NaN,         NaN
,,,          NaN,,,,          NaN,         NaN
,,,          NaN,,,,          NaN,         NaN
,,,          NaN,,,,          NaN,         NaN
,,,          NaN,,,,          NaN,         NaN
,,,          NaN,,,,          NaN,         NaN
,,,          NaN,,,,          NaN,         NaN
,,,          NaN,,,,          NaN,         NaN
,,,          NaN,,,,          NaN,         NaN
,,,          NaN,,,,          NaN,         NaN
,,,          NaN,,,,          NaN,         NaN
,,,          NaN,,,,          NaN,         NaN
,,,          NaN,,,,          NaN,         NaN
,,,          NaN,,,,          NaN,         NaN
,,,          NaN,,,,          NaN,         NaN
,,,          NaN,,,,          NaN,         NaN
,,,          NaN,,,,          NaN,         NaN
,,,          NaN,,,,          NaN,         NaN
,,,          NaN,,,,          NaN,         NaN
,,,          NaN,,,,          NaN,
,,,          NaN,,,,          NaN,
,,,          NaN,,,,          NaN,
,,,          NaN,,,,          NaN,
,,,          NaN,,,,          NaN,
,,,          NaN,,,,          NaN,
,,,          NaN,,,,          NaN,
,,,          NaN,,,,          NaN,
,,,          NaN,,,,          NaN,
,,,          NaN,,,,          NaN,
,,,          NaN,,,,          NaN,
,,,          NaN,,,,          NaN,
,,,          NaN,,,,          NaN,
,,,          NaN,,,,          NaN,
,,,          NaN,,,,          NaN,
,,,          NaN,,,,          NaN,
,,,          NaN,,,,          NaN,
,,,          NaN,,,,          NaN,
,,,          NaN,,,,          NaN,
,,,          NaN,,,,          NaN,
,,,          NaN,,,,          NaN,
,,,          NaN,,,,          NaN,
,,,          NaN,,,,          NaN,
,,,          NaN,,,,          NaN,
,,,          NaN,,,,          NaN,
,,,          NaN,,,,          NaN,
,,,          NaN,,,,          NaN,
,,,          NaN,,,,          NaN,
,,,          NaN,,,,          NaN,
,,,          NaN,,,,          NaN,
,,,          NaN,,,,          NaN,
,,,          NaN,,,,          NaN,
,,,          NaN,,,,          NaN,
,,,          NaN,,,,          NaN,
,,,          NaN,,,,          NaN,
,,,          NaN,,,,          NaN,
,,,          NaN,,,,          NaN,
,,,          NaN,,,,          NaN,
,,,          NaN,,,,          NaN,
,,,          NaN,,,,          NaN,
,,,          NaN,,,,          NaN,
,,,          NaN,,,,          NaN,
,,,          NaN,,,,          NaN,
,,,          NaN,,,,          NaN,
,,,          NaN,,,,          NaN,
,,,          NaN,,,,          NaN,
,,,          NaN,,,,          NaN,
,,,          NaN,,,,          NaN,
,,,          NaN,,,,          NaN,
,,,          NaN,,,,          NaN,
,,,          NaN,,,,          NaN,
,,,          NaN,,,,          NaN,
,,,          NaN,,,,          NaN,
,,,          NaN,,,,          NaN,
,,,          NaN,,,,          NaN,
,,,          NaN,,,,          NaN,
,,,          NaN,,,,          NaN,
,,,          NaN,,,,          NaN,
,,,          NaN,,,,          NaN,
,,,          NaN,,,,          NaN,
,,,          NaN,,,,          NaN,
,,,          NaN,,,,          NaN,
,,,          NaN,,,,          NaN,
,,,          NaN,,,,          NaN,
,,,          NaN,,,,          NaN,
,,,          NaN,,,,          NaN,
,,,          NaN,,,,          NaN,
,,,          NaN,,,,          NaN,
,,,          NaN,,,,          NaN,
,,,          NaN,,,,          NaN,
,,,          NaN,,,,          NaN,
,,,          NaN,,,,          NaN,
,,,          NaN,,,,          NaN,
,,,          NaN,,,,          NaN,
,,,          NaN,,,,          NaN,
,,,          NaN,,,,          NaN,
,,,          NaN,,,,          NaN,
,,,          NaN,,,,          NaN,
,,,          NaN,,,,          NaN,
,,,          NaN,,,,          NaN,
,,,          NaN,,,,          NaN,
,,,          NaN,,,,          NaN,
,,,          NaN,,,,          NaN,
,,,          NaN,,,,          NaN,
,,,          NaN,,,,          NaN,
,,,          NaN,,,,          NaN,
,,,          NaN,,,,          NaN,
,,,          NaN,,,,          NaN,
,,,          NaN,,,,          NaN,
,,,          NaN,,,,          NaN,
,,,          NaN,,,,          NaN,
,,,          NaN,,,,          NaN,
,,,          NaN,,,,          NaN,
,,,          NaN,,,,          NaN,
,,,          NaN,,,,          NaN,
,,,          NaN,,,,          NaN,
,,,          NaN,,,,          NaN,
,,,          NaN,,,,          NaN,
,,,          NaN,,,,          NaN,
,,,          NaN,,,,          NaN,
,,,          NaN,,,,          NaN,
,,,          NaN,,,,          NaN,
,,,          NaN,,,,          NaN,
,,,          NaN,,,,          NaN,
,,,          NaN,,,,          NaN,
,,,          NaN,,,,          NaN,
,,,          NaN,,,,          NaN,
,,,          NaN,,,,          NaN,
,,,          NaN,,,,          NaN,
,,,          NaN,,,,          NaN,
,,,          NaN,,,,          NaN,
,,,          NaN,,,,          NaN,
,,,          NaN,,,,          NaN,
,,,          NaN,,,,          NaN,
,,,          NaN,,,,          NaN,
,,,          NaN,,,,          NaN,
,,,          NaN,,,,          NaN,
,,,          NaN,,,,          NaN,
,,,          NaN,,,,          NaN,
,,,          NaN,,,,          NaN,
,,,          NaN,,,,          NaN,
,,,          NaN,,,,          NaN,
,,,          NaN,,,,          NaN,
,,,          NaN,,,,          NaN,
,,,          NaN,,,,          NaN,
,,,          NaN,,,,          NaN,
,,,          NaN,,,,          NaN,
,,,          NaN,,,,          NaN,
,,,          NaN,,,,          NaN,
,,,          NaN,,,,          NaN,
,,,          NaN,,,,          NaN,
,,,          NaN,,,,          NaN,
,,,          NaN,,,,          NaN,
,,,          NaN,,,,          NaN,
,,,          NaN,,,,          NaN,
,,,          NaN,,,,          NaN,
,,,          NaN,,,,          NaN,
,,,          NaN,,,,          NaN,
,,,          NaN,,,,          NaN,
,,,          NaN,,,,          NaN,
,,,          NaN,,,,          NaN,
,,,          NaN,,,,          NaN,
,,,          NaN,,,,          NaN,
,,,          NaN,,,,          NaN,
,,,          NaN,,,,          NaN,
,,,          NaN,,,,          NaN,
,,,          NaN,,,,          NaN,
,,,          NaN,,,,          NaN,
,,,          NaN,,,,          NaN,
,,,          NaN,,,,          NaN,
,,,          NaN,,,,          NaN,
,,,          NaN,,,,          NaN,
,,,          NaN,,,,          NaN,
,,,          NaN,,,,          NaN,
,,,          NaN,,,,          NaN,
,,,          NaN,,,,          NaN,
,,,          NaN,,,,          NaN,
,,,          NaN,,,,          NaN,
,,,          NaN,,,,          NaN,
,,,          NaN,,,,          NaN,
,,,          NaN,,,,          NaN,
,,,          NaN,,,,          NaN,
,,,          NaN,,,,          NaN,
,,,          NaN,,,,          NaN,
,,,          NaN,,,,          NaN,
,,,          NaN,,,,          NaN,
,,,          NaN,,,,          NaN,
,,,          NaN,,,,          NaN,
,,,          NaN,,,,          NaN,
,,,          NaN,,,,          NaN,
,,,          NaN,,,,          NaN,
,,,          NaN,,,,          NaN,
,,,          NaN,,,,          NaN,
,,,          NaN,,,,          NaN,
,,,          NaN,,,,          NaN,
,,,          NaN,,,,          NaN,
,,,          NaN,,,,          NaN,
,,,          NaN,,,,          NaN,
,,,          NaN,,,,          NaN,
,,,          NaN,,,,          NaN,
,,,          NaN,,,,          NaN,
,,,          NaN,,,,          NaN,
,,,          NaN,,,,          NaN,
,,,          NaN,,,,          NaN,
,,,          NaN,,,,          NaN,
,,,          NaN,,,,          NaN,
,,,          NaN,,,,          NaN,
,,,          NaN,,,,          NaN,
,,,          NaN,,,,          NaN,
,,,          NaN,,,,          NaN,
,,,          NaN,,,,          NaN,
,,,          NaN,,,,          NaN,
,,,          NaN,,,,          NaN,
,,,          NaN,,,,          NaN,
,,,          NaN,,,,          NaN,
,,,          NaN,,,,          NaN,
,,,          NaN,,,,          NaN,
,,,          NaN,,,,          NaN,
,,,          NaN,,,,          NaN,
,,,          NaN,,,,          NaN,
,,,          NaN,,,,          NaN,
,,,          NaN,,,,          NaN,
,,,          NaN,,,,          NaN,
,,,          NaN,,,,          NaN,
,,,          NaN,,,,          NaN,
,,,          NaN,,,,          NaN,
,,,          NaN,,,,          NaN,
,,,          NaN,,,,          NaN,
,,,          NaN,,,,          NaN,
,,,          NaN,,,,          NaN,
,,,          NaN,,,,          NaN,
,,,          NaN,,,,          NaN,
,,,          NaN,,,,          NaN,
,,,          NaN,,,,          NaN,
,,,          NaN,,,,          NaN,
,,,          NaN,,,,          NaN,
,,,          NaN,,,,          NaN,
,,,          NaN,,,,          NaN,
,,,          NaN,,,,          NaN,
,,,          NaN,,,,          NaN,
,,,          NaN,,,,          NaN,
,,,          NaN,,,,          NaN,
,,,          NaN,,,,          NaN,
,,,          NaN,,,,          NaN,
,,,          NaN,,,,          NaN,
,,,          NaN,,,,          NaN,
,,,          NaN,,,,          NaN,
,,,          NaN,,,,          NaN,
,,,          NaN,,,,          NaN,
,,,          NaN,,,,          NaN,
,,,          NaN,,,,          NaN,
,,,          NaN,,,,          NaN,
,,,          NaN,,,,          NaN,
,,,          NaN,,,,          NaN,
,,,          NaN,,,,          NaN,
,,,          NaN,,,,          NaN,
,,,          NaN,,,,          NaN,
,,,          NaN,,,,          NaN,
,,,          NaN,,,,          NaN,
,,,          NaN,,,,          NaN,
,,,          NaN,,,,          NaN,
,,,          NaN,,,,          NaN,
,,,          NaN,,,,          NaN,
,,,          NaN,,,,          NaN,
,,,          NaN,,,,          NaN,
,,,          NaN,,,,          NaN,
,,,          NaN,,,,          NaN,
,,,          NaN,,,,          NaN,
,,,          NaN,,,,          NaN,
,,,          NaN,,,,          NaN,
,,,          NaN,,,,          NaN,
,,,          NaN,,,,          NaN,
,,,          NaN,,,,          NaN,
,,,          NaN,,,,          NaN,
,,,          NaN,,,,          NaN,
,,,          NaN,,,,          NaN,
,,,          NaN,,,,          NaN,
,,,          NaN,,,,          NaN,
,,,          NaN,,,,          NaN,
,,,          NaN,,,,          NaN,
,,,          NaN,,,,          NaN,
,,,          NaN,,,,          NaN,
,,,          NaN,,,,          NaN,
,,,          NaN,,,,          NaN,
,,,          NaN,,,,          NaN,
,,,          NaN,,,,          NaN,
,,,          NaN,,,,          NaN,
,,,          NaN,,,,          NaN,
,,,          NaN,,,,          NaN,
,,,          NaN,,,,          NaN,
,,,          NaN,,,,          NaN,
,,,          NaN,,,,          NaN,
,,,          NaN,,,,          NaN,
,,,          NaN,,,,          NaN,
,,,          NaN,,,,          NaN,
,,,          NaN,,,,          NaN,
,,,          NaN,,,,          NaN,
,,,          NaN,,,,          NaN,
,,,          NaN,,,,          NaN,
,,,          NaN,,,,          NaN,
,,,          NaN,,,,          NaN,
,,,          NaN,,,,          NaN,
,,,          NaN,,,,          NaN,
,,,          NaN,,,,          NaN,
,,,          NaN,,,,          NaN,
,,,          NaN,,,,          NaN,
,,,          NaN,,,,          NaN,
,,,          NaN,,,,          NaN,
,,,          NaN,,,,          NaN,
,,,          NaN,,,,          NaN,
,,,          NaN,,,,          NaN,
,,,          NaN,,,,          NaN,
,,,          NaN,,,,          NaN,
,,,          NaN,,,,          NaN,
,,,          NaN,,,,          NaN,
,,,          NaN,,,,          NaN,
,,,          NaN,,,,          NaN,
,,,          NaN,,,,          NaN,
,,,          NaN,,,,          NaN,
,,,          NaN,,,,          NaN,
,,,          NaN,,,,          NaN,
,,,          NaN,,,,          NaN,
,,,          NaN,,,,          NaN,
,,,          NaN,,,,          NaN,
,,,          NaN,,,,          NaN,
,,,          NaN,,,,          NaN,
,,,          NaN,,,,          NaN,
,,,          NaN,,,,          NaN,
,,,          NaN,,,,          NaN,
,,,          NaN,,,,          NaN,
,,,          NaN,,,,          NaN,
,,,          NaN,,,,          NaN,
,,,          NaN,,,,          NaN,
,,,          NaN,,,,          NaN,
,,,          NaN,,,,          NaN,
,,,          NaN,,,,          NaN,
,,,          NaN,,,,          NaN,
,,,          NaN,,,,          NaN,
,,,          NaN,,,,          NaN,
,,,          NaN,,,,          NaN,
,,,          NaN,,,,          NaN,
,,,          NaN,,,,          NaN,
,,,          NaN,,,,          NaN,
,,,          NaN,,,,          NaN,
,,,          NaN,,,,          NaN,
,,,          NaN,,,,          NaN,
,,,          NaN,,,,          NaN,
,,,          NaN,,,,          NaN,
,,,          NaN,,,,          NaN,
,,,          NaN,,,,          NaN,
,,,          NaN,,,,          NaN,
,,,          NaN,,,,          NaN,
,,,          NaN,,,,          NaN,
,,,          NaN,,,,          NaN,
,,,          NaN,,,,          NaN,
,,,          NaN,,,,          NaN,
,,,          NaN,,,,          NaN,
,,,          NaN,,,,          NaN,
,,,          NaN,,,,          NaN,
,,,          NaN,,,,          NaN,
,,,          NaN,,,,          NaN,
,,,          NaN,,,,          NaN,
,,,          NaN,,,,          NaN,
,,,          NaN,,,,          NaN,
,,,          NaN,,,,          NaN,
,,,          NaN,,,,          NaN,
,,,          NaN,,,,          NaN,
,,,          NaN,,,,          NaN,
,,,          NaN,,,,          NaN,
,,,          NaN,,,,          NaN,
,,,          NaN,,,,          NaN,
,,,          NaN,,,,          NaN,
,,,          NaN,,,,          NaN,
,,,          NaN,,,,          NaN,
,,,          NaN,,,,          NaN,
,,,          NaN,,,,          NaN,
,,,          NaN,,,,          NaN,
,,,          NaN,,,,          NaN,
,,,          NaN,,,,          NaN,
,,,          NaN,,,,          NaN,
,,,          NaN,,,,          NaN,
,,,          NaN,,,,          NaN,
,,,          NaN,,,,          NaN,
,,,          NaN,,,,          NaN,
,,,          NaN,,,,          NaN,
,,,          NaN,,,,          NaN,
,,,          NaN,,,,          NaN,
,,,          NaN,,,,          NaN,
,,,          NaN,,,,          NaN,
,,,          NaN,,,,          NaN,
,,,          NaN,,,,          NaN,
,,,          NaN,,,,          NaN,
,,,          NaN,,,,          NaN,
,,,          NaN,,,,          NaN,
,,,          NaN,,,,          NaN,
,,,          NaN,,,,          NaN,
,,,          NaN,,,,          NaN,
,,,          NaN,,,,          NaN,
,,,          NaN,,,,          NaN,
,,,          NaN,,,,          NaN,
,,,          NaN,,,,          NaN,
,,,          NaN,,,,          NaN,
,,,          NaN,,,,          NaN,
,,,          NaN,,,,          NaN,
,,,          NaN,,,,          NaN,
,,,          NaN,,,,          NaN,
,,,          NaN,,,,          NaN,
,,,          NaN,,,,          NaN,
,,,          NaN,,,,          NaN,
,,,          NaN,,,,          NaN,
,,,          NaN,,,,          NaN,
,,,          NaN,,,,          NaN,
,,,          NaN,,,,          NaN,
,,,          NaN,,,,          NaN,
,,,          NaN,,,,          NaN,
,,,          NaN,,,,          NaN,
,,,          NaN,,,,          NaN,
,,,          NaN,,,,          NaN,
,,,          NaN,,,,          NaN,
,,,          NaN,,,,          NaN,
,,,          NaN,,,,          NaN,
,,,          NaN,,,,          NaN,
,,,          NaN,,,,          NaN,
,,,          NaN,,,,          NaN,
,,,          NaN,,,,          NaN,
,,,          NaN,,,,          NaN,
,,,          NaN,,,,          NaN,
,,,          NaN,,,,          NaN,
,,,          NaN,,,,          NaN,
,,,          NaN,,,,          NaN,
,,,          NaN,,,,          NaN,
,,,          NaN,,,,          NaN,
,,,          NaN,,,,          NaN,
,,,          NaN,,,,          NaN,
,,,          NaN,,,,          NaN,
,,,          NaN,,,,          NaN,
,,,          NaN,,,,          NaN,
,,,          NaN,,,,          NaN,
,,,          NaN,,,,          NaN,
,,,          NaN,,,,          NaN,
,,,          NaN,,,,          NaN,
,,,          NaN,,,,          NaN,
,,,          NaN,,,,          NaN,
,,,          NaN,,,,          NaN,
,,,          NaN,,,,          NaN,
,,,          NaN,,,,          NaN,
,,,          NaN,,,,          NaN,
,,,          NaN,,,,          NaN,
,,,          NaN,,,,          NaN,
,,,          NaN,,,,          NaN,
,,,          NaN,,,,          NaN,
,,,          NaN,,,,          NaN,
,,,          NaN,,,,          NaN,
,,,          NaN,,,,          NaN,
,,,          NaN,,,,          NaN,
,,,          NaN,,,,          NaN,
,,,          NaN,,,,          NaN,
,,,          NaN,,,,          NaN,
,,,          NaN,,,,          NaN,
,,,          NaN,,,,          NaN,
,,,          NaN,,,,          NaN,
,,,          NaN,,,,          NaN,
,,,          NaN,,,,          NaN,
,,,          NaN,,,,          NaN,
,,,          NaN,,,,          NaN,
,,,          NaN,,,,          NaN,
,,,          NaN,,,,          NaN,
,,,          NaN,,,,          NaN,
,,,          NaN,,,,          NaN,
,,,          NaN,,,,          NaN,
,,,          NaN,,,,          NaN,
,,,          NaN,,,,          NaN,
,,,          NaN,,,,          NaN,
,,,          NaN,,,,          NaN,
,,,          NaN,,,,          NaN,
,,,          NaN,,,,          NaN,
,,,          NaN,,,,          NaN,
,,,          NaN,,,,          NaN,
,,,          NaN,,,,          NaN,
,,,          NaN,,,,          NaN,
,,,          NaN,,,,          NaN,
,,,          NaN,,,,          NaN,
,,,          NaN,,,,          NaN,
,,,          NaN,,,,          NaN,
,,,          NaN,,,,          NaN,
,,,          NaN,,,,          NaN,
,,,          NaN,,,,          NaN,
,,,          NaN,,,,          NaN,
,,,          NaN,,,,          NaN,
,,,          NaN,,,,          NaN,
,,,          NaN,,,,          NaN,
,,,          NaN,,,,          NaN,
,,,          NaN,,,,          NaN,
,,,          NaN,,,,          NaN,
,,,          NaN,,,,          NaN,
,,,          NaN,,,,          NaN,
,,,          NaN,,,,          NaN,
,,,          NaN,,,,          NaN,
,,,          NaN,,,,          NaN,
,,,          NaN,,,,          NaN,
,,,          NaN,,,,          NaN,
,,,          NaN,,,,          NaN,
,,,          NaN,,,,          NaN,
,,,          NaN,,,,          NaN,
,,,          NaN,,,,          NaN,
,,,          NaN,,,,          NaN,
,,,          NaN,,,,          NaN,
,,,          NaN,,,,          NaN,
,,,          NaN,,,,          NaN,
,,,          NaN,,,,          NaN,
,,,          NaN,,,,          NaN,
,,,          NaN,,,,          NaN,
,,,          NaN,,,,          NaN,
,,,          NaN,,,,          NaN,
,,,          NaN,,,,          NaN,
,,,          NaN,,,,          NaN,
,,,          NaN,,,,          NaN,
,,,          NaN,,,,          NaN,
,,,          NaN,,,,          NaN,
,,,          NaN,,,,          NaN,
,,,          NaN,,,,          NaN,
,,,          NaN,,,,          NaN,
,,,          NaN,,,,          NaN,
,,,          NaN,,,,          NaN,
,,,          NaN,,,,          NaN,
,,,          NaN,,,,          NaN,
,,,          NaN,,,,          NaN,
,,,          NaN,,,,          NaN,
,,,          NaN,,,,          NaN,
,,,          NaN,,,,          NaN,
,,,          NaN,,,,          NaN,
,,,          NaN,,,,          NaN,
,,,          NaN,,,,          NaN,
,,,          NaN,,,,          NaN,
,,,          NaN,,,,          NaN,
,,,          NaN,,,,          NaN,
,,,          NaN,,,,          NaN,
,,,          NaN,,,,          NaN,
,,,          NaN,,,,          NaN,
,,,          NaN,,,,          NaN,
,,,          NaN,,,,          NaN,
,,,          NaN,,,,          NaN,
,,,          NaN,,,,          NaN,
,,,          NaN,,,,          NaN,
,,,          NaN,,,,          NaN,
,,,          NaN,,,,          NaN,
,,,          NaN,,,,          NaN,
,,,          NaN,,,,          NaN,
,,,          NaN,,,,          NaN,
,,,          NaN,,,,          NaN,
,,,          NaN,,,,          NaN,
,,,          NaN,,,,          NaN,
,,,          NaN,,,,          NaN,
,,,          NaN,,,,          NaN,
,,,          NaN,,,,          NaN,
,,,          NaN,,,,          NaN,
,,,          NaN,,,,          NaN,
,,,          NaN,,,,          NaN,
,,,          NaN,,,,          NaN,
,,,          NaN,,,,          NaN,
,,,          NaN,,,,          NaN,
,,,          NaN,,,,          NaN,
,,,          NaN,,,,          NaN,
,,,          NaN,,,,          NaN,
,,,          NaN,,,,          NaN,
,,,          NaN,,,,          NaN,
,,,          NaN,,,,          NaN,
,,,          NaN,,,,          NaN,
,,,          NaN,,,,          NaN,
,,,          NaN,,,,          NaN,
,,,          NaN,,,,          NaN,
,,,          NaN,,,,          NaN,
,,,          NaN,,,,          NaN,
,,,          NaN,,,,          NaN,
,,,          NaN,,,,          NaN,
,,,          NaN,,,,          NaN,
,,,          NaN,,,,          NaN,
,,,          NaN,,,,          NaN,
,,,          NaN,,,,          NaN,
,,,          NaN,,,,          NaN,
,,,          NaN,,,,          NaN,
,,,          NaN,,,,          NaN,
,,,          NaN,,,,          NaN,
,,,          NaN,,,,          NaN,
,,,          NaN,,,,          NaN,
,,,          NaN,,,,          NaN,
,,,          NaN,,,,          NaN,
,,,          NaN,,,,          NaN,
,,,          NaN,,,,          NaN,
,,,          NaN,,,,          NaN,
,,,          NaN,,,,          NaN,
,,,          NaN,,,,          NaN,
,,,          NaN,,,,          NaN,
,,,          NaN,,,,          NaN,
,,,          NaN,,,,          NaN,
,,,          NaN,,,,          NaN,
,,,          NaN,,,,          NaN,
,,,          NaN,,,,          NaN,
,,,          NaN,,,,          NaN,
,,,          NaN,,,,          NaN,
,,,          NaN,,,,          NaN,
,,,          NaN,,,,          NaN,
,,,          NaN,,,,          NaN,
,,,          NaN,,,,          NaN,
,,,          NaN,,,,          NaN,
,,,          NaN,,,,          NaN,
,,,          NaN,,,,          NaN,
,,,          NaN,,,,          NaN,
,,,          NaN,,,,          NaN,
,,,          NaN,,,,          NaN,
,,,          NaN,,,,          NaN,
,,,          NaN,,,,          NaN,
,,,          NaN,,,,          NaN,
,,,          NaN,,,,          NaN,
,,,          NaN,,,,          NaN,
,,,          NaN,,,,          NaN,
,,,          NaN,,,,          NaN,
,,,          NaN,,,,          NaN,
,,,          NaN,,,,          NaN,
,,,          NaN,,,,          NaN,
,,,          NaN,,,,          NaN,
,,,          NaN,,,,          NaN,
,,,          NaN,,,,          NaN,
,,,          NaN,,,,          NaN,
,,,          NaN,,,,          NaN,
,,,          NaN,,,,          NaN,
,,,          NaN,,,,          NaN,
,,,          NaN,,,,          NaN,
,,,          NaN,,,,          NaN,
,,,          NaN,,,,          NaN,
,,,          NaN,,,,          NaN,
,,,          NaN,,,,          NaN,
,,,          NaN,,,,          NaN,
,,,          NaN,,,,          NaN,
,,,          NaN,,,,          NaN,
,,,          NaN,,,,          NaN,
,,,          NaN,,,,          NaN,
,,,          NaN,,,,          NaN,
,,,          NaN,,,,          NaN,
,,,          NaN,,,,          NaN,
,,,          NaN,,,,          NaN,
,,,          NaN,,,,          NaN,
,,,          NaN,,,,          NaN,
,,,          NaN,,,,          NaN,
,,,          NaN,,,,          NaN,
,,,          NaN,,,,          NaN,
,,,          NaN,,,,          NaN,
,,,          NaN,,,,          NaN,
,,,          NaN,,,,          NaN,
,,,          NaN,,,,          NaN,
,,,          NaN,,,,          NaN,
,,,          NaN,,,,          NaN,
,,,          NaN,,,,          NaN,
,,,          NaN,,,,          NaN,
,,,          NaN,,,,          NaN,
,,,          NaN,,,,          NaN,
,,,          NaN,,,,          NaN,
,,,          NaN,,,,          NaN,
,,,          NaN,,,,          NaN,
,,,          NaN,,,,          NaN,
,,,          NaN,,,,          NaN,
,,,          NaN,,,,          NaN,
,,,          NaN,,,,          NaN,
,,,          NaN,,,,          NaN,
,,,          NaN,,,,          NaN,
,,,          NaN,,,,          NaN,
,,,          NaN,,,,          NaN,
,,,          NaN,,,,          NaN,
,,,          NaN,,,,          NaN,
,,,          NaN,,,,          NaN,
,,,          NaN,,,,          NaN,
,,,          NaN,,,,          NaN,
,,,          NaN,,,,          NaN,
,,,          NaN,,,,          NaN,
,,,          NaN,,,,          NaN,
,,,          NaN,,,,          NaN,
,,,          NaN,,,,          NaN,
,,,          NaN,,,,          NaN,
,,,          NaN,,,,          NaN,
,,,          NaN,,,,          NaN,
,,,          NaN,,,,          NaN,
,,,          NaN,,,,          NaN,
,,,          NaN,,,,          NaN,
,,,          NaN,,,,          NaN,
,,,          NaN,,,,          NaN,
,,,          NaN,,,,          NaN,
,,,          NaN,,,,          NaN,
,,,          NaN,,,,          NaN,
,,,          NaN,,,,          NaN,
,,,          NaN,,,,          NaN,
,,,          NaN,,,,          NaN,
,,,          NaN,,,,          NaN,
,,,          NaN,,,,          NaN,
,,,          NaN,,,,          NaN,
,,,          NaN,,,,          NaN,
,,,          NaN,,,,          NaN,
,,,          NaN,,,,          NaN,
,,,          NaN,,,,          NaN,
,,,          NaN,,,,          NaN,
,,,          NaN,,,,          NaN,
,,,          NaN,,,,          NaN,
,,,          NaN,,,,          NaN,
,,,          NaN,,,,          NaN,
,,,          NaN,,,,          NaN,
,,,          NaN,,,,          NaN,
,,,          NaN,,,,          NaN,
,,,          NaN,,,,          NaN,
,,,          NaN,,,,          NaN,
,,,          NaN,,,,          NaN,
,,,          NaN,,,,          NaN,
,,,          NaN,,,,          NaN,
,,,          NaN,,,,          NaN,
,,,          NaN,,,,          NaN,
,,,          NaN,,,,          NaN,
,,,          NaN,,,,          NaN,
,,,          NaN,,,,          NaN,
,,,          NaN,,,,          NaN,
,,,          NaN,,,,          NaN,
,,,          NaN,,,,          NaN,
,,,          NaN,,,,          NaN,
,,,          NaN,,,,          NaN,
,,,          NaN,,,,          NaN,
,,,          NaN,,,,          NaN,
,,,          NaN,,,,          NaN,
,,,          NaN,,,,          NaN,
,,,          NaN,,,,          NaN,
,,,          NaN,,,,          NaN,
,,,          NaN,,,,          NaN,
,,,          NaN,,,,          NaN,
,,,          NaN,,,,          NaN,
,,,          NaN,,,,          NaN,
,,,          NaN,,,,          NaN,
,,,          NaN,,,,          NaN,
,,,          NaN,,,,          NaN,
,,,          NaN,,,,          NaN,
,,,          NaN,,,,          NaN,
,,,          NaN,,,,          NaN,
,,,          NaN,,,,          NaN,
,,,          NaN,,,,          NaN,
,,,          NaN,,,,          NaN,
,,,          NaN,,,,          NaN,
,,,          NaN,,,,          NaN,
,,,          NaN,,,,          NaN,
,,,          NaN,,,,          NaN,
,,,          NaN,,,,          NaN,
,,,          NaN,,,,          NaN,
,,,          NaN,,,,          NaN,
,,,          NaN,,,,          NaN,
,,,          NaN,,,,          NaN,
,,,          NaN,,,,          NaN,
,,,          NaN,,,,          NaN,
,,,          NaN,,,,          NaN,
,,,          NaN,,,,          NaN,
,,,          NaN,,,,          NaN,
,,,          NaN,,,,          NaN,
,,,          NaN,,,,          NaN,
,,,          NaN,,,,          NaN,
,,,          NaN,,,,          NaN,
,,,          NaN,,,,          NaN,
,,,          NaN,,,,          NaN,
,,,          NaN,,,,          NaN,
,,,          NaN,,,,          NaN,
,,,          NaN,,,,          NaN,
,,,          NaN,,,,          NaN,
,,,          NaN,,,,          NaN,
,,,          NaN,,,,          NaN,
,,,          NaN,,,,          NaN,
,,,          NaN,,,,          NaN,
,,,          NaN,,,,          NaN,
,,,          NaN,,,,          NaN,
,,,          NaN,,,,          NaN,
,,,          NaN,,,,          NaN,
,,,          NaN,,,,          NaN,
,,,          NaN,,,,          NaN,
,,,          NaN,,,,          NaN,
,,,          NaN,,,,          NaN,
,,,          NaN,,,,          NaN,
,,,          NaN,,,,          NaN,
,,,          NaN,,,,          NaN,
,,,          NaN,,,,          NaN,
,,,          NaN,,,,          NaN,
,,,          NaN,,,,          NaN,
,,,          NaN,,,,          NaN,
,,,          NaN,,,,          NaN,
,,,          NaN,,,,          NaN,
,,,          NaN,,,,          NaN,
,,,          NaN,,,,          NaN,
,,,          NaN,,,,          NaN,
,,,          NaN,,,,          NaN,
,,,          NaN,,,,          NaN,
,,,          NaN,,,,          NaN,
,,,          NaN,,,,          NaN,
,,,          NaN,,,,          NaN,
,,,          NaN,,,,          NaN,
,,,          NaN,,,,          NaN,
,,,          NaN,,,,          NaN,
,,,          NaN,,,,          NaN,
,,,          NaN,,,,          NaN,
,,,          NaN,,,,          NaN,
,,,          NaN,,,,          NaN,
,,,          NaN,,,,          NaN,
,,,          NaN,,,,          NaN,
,,,          NaN,,,,          NaN,
,,,          NaN,,,,          NaN,
,,,          NaN,,,,          NaN,
,,,          NaN,,,,          NaN,
,,,          NaN,,,,          NaN,
,,,          NaN,,,,          NaN,
,,,          NaN,,,,          NaN,
,,,          NaN,,,,          NaN,
,,,          NaN,,,,          NaN,
,,,          NaN,,,,          NaN,
,,,          NaN,,,,          NaN,
,,,          NaN,,,,          NaN,
,,,          NaN,,,,          NaN,
,,,          NaN,,,,          NaN,
,,,          NaN,,,,          NaN,
,,,          NaN,,,,          NaN,
,,,          NaN,,,,          NaN,
,,,          NaN,,,,          NaN,
,,,          NaN,,,,          NaN,
,,,          NaN,,,,          NaN,
,,,          NaN,,,,          NaN,
,,,          NaN,,,,          NaN,
,,,          NaN,,,,          NaN,
,,,          NaN,,,,          NaN,
,,,          NaN,,,,          NaN,
,,,          NaN,,,,          NaN,
,,,          NaN,,,,          NaN,
,,,          NaN,,,,          NaN,
,,,          NaN,,,,          NaN,
,,,          NaN,,,,          NaN,
,,,          NaN,,,,          NaN,
,,,          NaN,,,,          NaN,
,,,          NaN,,,,          NaN,
,,,          NaN,,,,          NaN,
,,,          NaN,,,,          NaN,
,,,          NaN,,,,          NaN,
,,,          NaN,,,,          NaN,
,,,          NaN,,,,          NaN,
,,,          NaN,,,,          NaN,
,,,          NaN,,,,          NaN,
,,,          NaN,,,,          NaN,
,,,          NaN,,,,          NaN,
,,,          NaN,,,,          NaN,
,,,          NaN,,,,          NaN,
,,,          NaN,,,,          NaN,
,,,          NaN,,,,          NaN,
,,,          NaN,,,,          NaN,
,,,          NaN,,,,          NaN,
,,,          NaN,,,,          NaN,
,,,          NaN,,,,          NaN,
,,,          NaN,,,,          NaN,
,,,          NaN,,,,          NaN,
,,,          NaN,,,,          NaN,
,,,          NaN,,,,          NaN,
,,,          NaN,,,,          NaN,
,,,          NaN,,,,          NaN,
,,,          NaN,,,,          NaN,
,,,          NaN,,,,          NaN,
,,,          NaN,,,,          NaN,
,,,          NaN,,,,          NaN,
,,,          NaN,,,,          NaN,
,,,          NaN,,,,          NaN,
,,,          NaN,,,,          NaN,
,,,          NaN,,,,          NaN,
,,,          NaN,,,,          NaN,
,,,          NaN,,,,          NaN,
,,,          NaN,,,,          NaN,
,,,          NaN,,,,          NaN,
,,,          NaN,,,,          NaN,
,,,          NaN,,,,          NaN,
,,,          NaN,,,,          NaN,
,,,          NaN,,,,          NaN,
,,,          NaN,,,,          NaN,
,,,          NaN,,,,          NaN,
,,,          NaN,,,,          NaN,
,,,          NaN,,,,          NaN,
,,,          NaN,,,,          NaN,
,,,          NaN,,,,          NaN,
,,,          NaN,,,,          NaN,
,,,          NaN,,,,          NaN,
,,,          NaN,,,,          NaN,
,,,          NaN,,,,          NaN,
,,,          NaN,,,,          NaN,
,,,          NaN,,,,          NaN,
,,,          NaN,,,,          NaN,
,,,          NaN,,,,          NaN,
,,,          NaN,,,,          NaN,
,,,          NaN,,,,          NaN,
,,,          NaN,,,,          NaN,
,,,          NaN,,,,          NaN,
,,,          NaN,,,,          NaN,
,,,          NaN,,,,          NaN,
,,,          NaN,,,,          NaN,
,,,          NaN,,,,          NaN,
,,,          NaN,,,,          NaN,
,,,          NaN,,,,          NaN,
,,,          NaN,,,,          NaN,
,,,          NaN,,,,          NaN,
,,,          NaN,,,,          NaN,
,,,          NaN,,,,          NaN,
,,,          NaN,,,,          NaN,
,,,          NaN,,,,          NaN,
,,,          NaN,,,,          NaN,
,,,          NaN,,,,          NaN,
,,,          NaN,,,,          NaN,
,,,          NaN,,,,          NaN,
,,,          NaN,,,,          NaN,
,,,          NaN,,,,          NaN,
,,,          NaN,,,,          NaN,
,,,          NaN,,,,          NaN,
,,,          NaN,,,,          NaN,
,,,          NaN,,,,          NaN,
,,,          NaN,,,,          NaN,
,,,          NaN,,,,          NaN,
,,,          NaN,,,,          NaN,
,,,          NaN,,,,          NaN,
,,,          NaN,,,,          NaN,
,,,          NaN,,,,          NaN,
,,,          NaN,,,,          NaN,
,,,          NaN,,,,          NaN,
,,,          NaN,,,,          NaN,
,,,          NaN,,,,          NaN,
,,,          NaN,,,,          NaN,
,,,          NaN,,,,          NaN,
,,,          NaN,,,,          NaN,
,,,          NaN,,,,          NaN,
,,,          NaN,,,,          NaN,
,,,          NaN,,,,          NaN,
,,,          NaN,,,,          NaN,
,,,          NaN,,,,          NaN,
,,,          NaN,,,,          NaN,
,,,          NaN,,,,          NaN,
,,,          NaN,,,,          NaN,
,,,          NaN,,,,          NaN,
,,,          NaN,,,,          NaN,
,,,          NaN,,,,          NaN,
,,,          NaN,,,,          NaN,
,,,          NaN,,,,          NaN,
,,,          NaN,,,,          NaN,
,,,          NaN,,,,          NaN,
,,,          NaN,,,,          NaN,
,,,          NaN,,,,          NaN,
,,,          NaN,,,,          NaN,
,,,          NaN,,,,          NaN,
,,,          NaN,,,,          NaN,
,,,          NaN,,,,          NaN,
,,,          NaN,,,,          NaN,
,,,          NaN,,,,          NaN,
,,,          NaN,,,,          NaN,
,,,          NaN,,,,          NaN,
,,,          NaN,,,,          NaN,
,,,          NaN,,,,          NaN,
,,,          NaN,,,,          NaN,
,,,          NaN,,,,          NaN,
,,,          NaN,,,,          NaN,
,,,          NaN,,,,          NaN,
,,,          NaN,,,,          NaN,
,,,          NaN,,,,          NaN,
,,,          NaN,,,,          NaN,
,,,          NaN,,,,          NaN,
,,,          NaN,,,,          NaN,
,,,          NaN,,,,          NaN,
,,,          NaN,,,,          NaN,
,,,          NaN,,,,          NaN,
,,,          NaN,,,,          NaN,
,,,          NaN,,,,          NaN,
,,,          NaN,,,,          NaN,
,,,          NaN,,,,          NaN,
,,,          NaN,,,,          NaN,
,,,          NaN,,,,          NaN,
,,,          NaN,,,,          NaN,
,,,          NaN,,,,          NaN,
,,,          NaN,,,,          NaN,
,,,          NaN,,,,          NaN,
,,,          NaN,,,,          NaN,
,,,          NaN,,,,          NaN,
,,,          NaN,,,,          NaN,
,,,          NaN,,,,          NaN,
,,,          NaN,,,,          NaN,
,,,          NaN,,,,          NaN,
,,,          NaN,,,,          NaN,
,,,          NaN,,,,          NaN,
,,,          NaN,,,,          NaN,
,,,          NaN,,,,          NaN,
,,,          NaN,,,,          NaN,
,,,          NaN,,,,          NaN,
,,,          NaN,,,,          NaN,
,,,          NaN,,,,          NaN,
,,,          NaN,,,,          NaN,
,,,          NaN,,,,          NaN,
,,,          NaN,,,,          NaN,
,,,          NaN,,,,          NaN,
,,,          NaN,,,,          NaN,
,,,          NaN,,,,          NaN,
,,,          NaN,,,,          NaN,
,,,          NaN,,,,          NaN,
,,,          NaN,,,,          NaN,
,,,          NaN,,,,          NaN,
,,,          NaN,,,,          NaN,
,,,          NaN,,,,          NaN,
,,,          NaN,,,,          NaN,
,,,          NaN,,,,          NaN,
,,,          NaN,,,,          NaN,
,,,          NaN,,,,          NaN,
,,,          NaN,,,,          NaN,
,,,          NaN,,,,          NaN,
,,,          NaN,,,,          NaN,
,,,          NaN,,,,          NaN,
,,,          NaN,,,,          NaN,
,,,          NaN,,,,          NaN,
,,,          NaN,,,,          NaN,
,,,          NaN,,,,          NaN,
,,,          NaN,,,,          NaN,
,,,          NaN,,,,          NaN,
,,,          NaN,,,,          NaN,
,,,          NaN,,,,          NaN,
,,,          NaN,,,,          NaN,
,,,          NaN,,,,          NaN,
,,,          NaN,,,,          NaN,
,,,          NaN,,,,          NaN,
,,,          NaN,,,,          NaN,
,,,          NaN,,,,          NaN,
,,,          NaN,,,,          NaN,
,,,          NaN,,,,          NaN,
,,,          NaN,,,,          NaN,
,,,          NaN,,,,          NaN,
,,,          NaN,,,,          NaN,
,,,          NaN,,,,          NaN,
,,,          NaN,,,,          NaN,
,,,          NaN,,,,          NaN,
,,,          NaN,,,,          NaN,
,,,          NaN,,,,          NaN,
,,,          NaN,,,,          NaN,
,,,          NaN,,,,          NaN,
,,,          NaN,,,,          NaN,
,,,          NaN,,,,          NaN,
,,,          NaN,,,,          NaN,
,,,          NaN,,,,          NaN,
,,,          NaN,,,,          NaN,
,,,          NaN,,,,          NaN,
,,,          NaN,,,,          NaN,
,,,          NaN,,,,          NaN,
,,,          NaN,,,,          NaN,
,,,          NaN,,,,          NaN,
,,,          NaN,,,,          NaN,
,,,          NaN,,,,          NaN,
,,,          NaN,,,,          NaN,
,,,          NaN,,,,          NaN,
,,,          NaN,,,,          NaN,
,,,          NaN,,,,          NaN,
,,,          NaN,,,,          NaN,
,,,          NaN,,,,          NaN,
,,,          NaN,,,,          NaN,
,,,          NaN,,,,          NaN,
,,,          NaN,,,,          NaN,
,,,          NaN,,,,          NaN,
,,,          NaN,,,,          NaN,
,,,          NaN,,,,          NaN,
,,,          NaN,,,,          NaN,
,,,          NaN,,,,          NaN,
,,,          NaN,,,,          NaN,
,,,          NaN,,,,          NaN,
,,,          NaN,,,,          NaN,
,,,          NaN,,,,          NaN,
,,,          NaN,,,,          NaN,
,,,          NaN,,,,          NaN,
,,,          NaN,,,,          NaN,
,,,          NaN,,,,          NaN,
,,,          NaN,,,,          NaN,
,,,          NaN,,,,          NaN,
,,,          NaN,,,,          NaN,
,,,          NaN,,,,          NaN,
,,,          NaN,,,,          NaN,
,,,          NaN,,,,          NaN,
,,,          NaN,,,,          NaN,
,,,          NaN,,,,          NaN,
,,,          NaN,,,,          NaN,
,,,          NaN,,,,          NaN,
,,,          NaN,,,,          NaN,
,,,          NaN,,,,          NaN,
,,,          NaN,,,,          NaN,
,,,          NaN,,,,          NaN,
,,,          NaN,,,,          NaN,
,,,          NaN,,,,          NaN,
,,,          NaN,,,,          NaN,
,,,          NaN,,,,          NaN,
,,,          NaN,,,,          NaN,
,,,          NaN,,,,          NaN,
,,,          NaN,,,,          NaN,
,,,          NaN,,,,          NaN,
,,,          NaN,,,,          NaN,
,,,          NaN,,,,          NaN,
,,,          NaN,,,,          NaN,
,,,          NaN,,,,          NaN,
,,,          NaN,,,,          NaN,
,,,          NaN,,,,          NaN,
,,,          NaN,,,,          NaN,
,,,          NaN,,,,          NaN,
,,,          NaN,,,,          NaN,
,,,          NaN,,,,          NaN,
,,,          NaN,,,,          NaN,
,,,          NaN,,,,          NaN,
,,,          NaN,,,,          NaN,
,,,          NaN,,,,          NaN,
,,,          NaN,,,,          NaN,
,,,          NaN,,,,          NaN,
,,,          NaN,,,,          NaN,
,,,          NaN,,,,          NaN,
,,,          NaN,,,,          NaN,
,,,          NaN,,,,          NaN,
,,,          NaN,,,,          NaN,
,,,          NaN,,,,          NaN,
,,,          NaN,,,,          NaN,
,,,          NaN,,,,          NaN,
,,,          NaN,,,,          NaN,
,,,          NaN,,,,          NaN,
,,,          NaN,,,,          NaN,
,,,          NaN,,,,          NaN,
,,,          NaN,,,,          NaN,
,,,          NaN,,,,          NaN,
,,,          NaN,,,,          NaN,
,,,          NaN,,,,          NaN,
,,,          NaN,,,,          NaN,
,,,          NaN,,,,          NaN,
,,,          NaN,,,,          NaN,
,,,          NaN,,,,          NaN,
,,,          NaN,,,,          NaN,
,,,          NaN,,,,          NaN,
,,,          NaN,,,,          NaN,
,,,          NaN,,,,          NaN,
,,,          NaN,,,,          NaN,
,,,          NaN,,,,          NaN,
,,,          NaN,,,,          NaN,
,,,          NaN,,,,          NaN,
,,,          NaN,,,,          NaN,
,,,          NaN,,,,          NaN,
,,,          NaN,,,,          NaN,
,,,          NaN,,,,          NaN,
,,,          NaN,,,,          NaN,
,,,          NaN,,,,          NaN,
,,,          NaN,,,,          NaN,
,,,          NaN,,,,          NaN,
,,,          NaN,,,,          NaN,
,,,          NaN,,,,          NaN,
,,,          NaN,,,,          NaN,
,,,          NaN,,,,          NaN,
,,,          NaN,,,,          NaN,
,,,          NaN,,,,          NaN,
,,,          NaN,,,,          NaN,
,,,          NaN,,,,          NaN,
,,,          NaN,,,,          NaN,
,,,          NaN,,,,          NaN,
,,,          NaN,,,,          NaN,
,,,          NaN,,,,          NaN,
,,,          NaN,,,,          NaN,
,,,          NaN,,,,          NaN,
,,,          NaN,,,,          NaN,
,,,          NaN,,,,          NaN,
,,,          NaN,,,,          NaN,
,,,          NaN,,,,          NaN,
,,,          NaN,,,,          NaN,
,,,          NaN,,,,          NaN,
,,,          NaN,,,,          NaN,
,,,          NaN,,,,          NaN,
,,,          NaN,,,,          NaN,
,,,          NaN,,,,          NaN,
,,,          NaN,,,,          NaN,
,,,          NaN,,,,          NaN,
,,,          NaN,,,,          NaN,
,,,          NaN,,,,          NaN,
,,,          NaN,,,,          NaN,
,,,          NaN,,,,          NaN,
,,,          NaN,,,,          NaN,
,,,          NaN,,,,          NaN,
,,,          NaN,,,,          NaN,
,,,          NaN,,,,          NaN,
,,,          NaN,,,,          NaN,
,,,          NaN,,,,          NaN,
,,,          NaN,,,,          NaN,
,,,          NaN,,,,          NaN,
,,,          NaN,,,,          NaN,
,,,          NaN,,,,          NaN,
,,,          NaN,,,,          NaN,
,,,          NaN,,,,          NaN,
,,,          NaN,,,,          NaN,
,,,          NaN,,,,          NaN,
,,,          NaN,,,,          NaN,
,,,          NaN,,,,          NaN,
,,,          NaN,,,,          NaN,
,,,          NaN,,,,          NaN,
,,,          NaN,,,,          NaN,
,,,          NaN,,,,          NaN,
,,,          NaN,,,,          NaN,
,,,          NaN,,,,          NaN,
,,,          NaN,,,,          NaN,
,,,          NaN,,,,          NaN,
,,,          NaN,,,,          NaN,
,,,          NaN,,,,          NaN,
,,,          NaN,,,,          NaN,
,,,          NaN,,,,          NaN,
,,,          NaN,,,,          NaN,
,,,          NaN,,,,          NaN,
,,,          NaN,,,,          NaN,
,,,          NaN,,,,          NaN,
,,,          NaN,,,,          NaN,
,,,          NaN,,,,          NaN,
,,,          NaN,,,,          NaN,
,,,          NaN,,,,          NaN,
,,,          NaN,,,,          NaN,
,,,          NaN,,,,          NaN,
,,,          NaN,,,,          NaN,
,,,          NaN,,,,          NaN,
,,,          NaN,,,,          NaN,
,,,          NaN,,,,          NaN,
,,,          NaN,,,,          NaN,
,,,          NaN,,,,          NaN,
,,,          NaN,,,,          NaN,
,,,          NaN,,,,          NaN,
,,,          NaN,,,,          NaN,
,,,          NaN,,,,          NaN,
,,,          NaN,,,,          NaN,
,,,          NaN,,,,          NaN,
,,,          NaN,,,,          NaN,
,,,          NaN,,,,          NaN,
,,,          NaN,,,,          NaN,
,,,          NaN,,,,          NaN,
,,,          NaN,,,,          NaN,
,,,          NaN,,,,          NaN,
,,,          NaN,,,,          NaN,
,,,          NaN,,,,          NaN,
,,,          NaN,,,,          NaN,
,,,          NaN,,,,          NaN,
,,,          NaN,,,,          NaN,
,,,          NaN,,,,          NaN,
,,,          NaN,,,,          NaN,
,,,          NaN,,,,          NaN,
,,,          NaN,,,,          NaN,
,,,          NaN,,,,          NaN,
,,,          NaN,,,,          NaN,
,,,          NaN,,,,          NaN,
,,,          NaN,,,,          NaN,
,,,          NaN,,,,          NaN,
,,,          NaN,,,,          NaN,
,,,          NaN,,,,          NaN,
,,,          NaN,,,,          NaN,
,,,          NaN,,,,          NaN,
,,,          NaN,,,,          NaN,
,,,          NaN,,,,          NaN,
,,,          NaN,,,,          NaN,
,,,          NaN,,,,          NaN,
,,,          NaN,,,,          NaN,
,,,          NaN,,,,          NaN,
,,,          NaN,,,,          NaN,
,,,          NaN,,,,          NaN,
,,,          NaN,,,,          NaN,
,,,          NaN,,,,          NaN,
,,,          NaN,,,,          NaN,
,,,          NaN,,,,          NaN,
,,,          NaN,,,,          NaN,
,,,          NaN,,,,          NaN,
,,,          NaN,,,,          NaN,
,,,          NaN,,,,          NaN,
,,,          NaN,,,,          NaN,
,,,          NaN,,,,          NaN,
,,,          NaN,,,,          NaN,
,,,          NaN,,,,          NaN,
,,,          NaN,,,,          NaN,
,,,          NaN,,,,          NaN,
,,,          NaN,,,,          NaN,
,,,          NaN,,,,          NaN,
,,,          NaN,,,,          NaN,
,,,          NaN,,,,          NaN,
,,,          NaN,,,,          NaN,
,,,          NaN,,,,          NaN,
,,,          NaN,,,,          NaN,
,,,          NaN,,,,          NaN,
,,,          NaN,,,,          NaN,
,,,          NaN,,,,          NaN,
,,,          NaN,,,,          NaN,
,,,          NaN,,,,          NaN,
,,,          NaN,,,,          NaN,
,,,          NaN,,,,          NaN,
,,,          NaN,,,,          NaN,
,,,          NaN,,,,          NaN,
,,,          NaN,,,,          NaN,
,,,          NaN,,,,          NaN,
,,,          NaN,,,,          NaN,
,,,          NaN,,,,          NaN,
,,,          NaN,,,,          NaN,
,,,          NaN,,,,          NaN,
,,,          NaN,,,,          NaN,
,,,          NaN,,,,          NaN,
,,,          NaN,,,,          NaN,
,,,          NaN,,,,          NaN,
,,,          NaN,,,,          NaN,
,,,          NaN,,,,          NaN,
,,,          NaN,,,,          NaN,
,,,          NaN,,,,          NaN,
,,,          NaN,,,,          NaN,
,,,          NaN,,,,          NaN,
,,,          NaN,,,,          NaN,
,,,          NaN,,,,          NaN,
,,,          NaN,,,,          NaN,
,,,          NaN,,,,          NaN,
,,,          NaN,,,,          NaN,
,,,          NaN,,,,          NaN,
,,,          NaN,,,,          NaN,
,,,          NaN,,,,          NaN,
,,,          NaN,,,,          NaN,
,,,          NaN,,,,          NaN,
,,,          NaN,,,,          NaN,
,,,          NaN,,,,          NaN,
,,,          NaN,,,,          NaN,
,,,          NaN,,,,          NaN,
,,,          NaN,,,,          NaN,
,,,          NaN,,,,          NaN,
,,,          NaN,,,,          NaN,
,,,          NaN,,,,          NaN,
,,,          NaN,,,,          NaN,
,,,          NaN,,,,          NaN,
,,,          NaN,,,,          NaN,
,,,          NaN,,,,          NaN,
,,,          NaN,,,,          NaN,
,,,          NaN,,,,          NaN,
,,,          NaN,,,,          NaN,
,,,          NaN,,,,          NaN,
,,,          NaN,,,,          NaN,
,,,          NaN,,,,          NaN,
,,,          NaN,,,,          NaN,
,,,          NaN,,,,          NaN,
,,,          NaN,,,,          NaN,
,,,          NaN,,,,          NaN,
,,,          NaN,,,,          NaN,
,,,          NaN,,,,          NaN,
,,,          NaN,,,,          NaN,
,,,          NaN,,,,          NaN,
,,,          NaN,,,,          NaN,
,,,          NaN,,,,          NaN,
,,,          NaN,,,,          NaN,
,,,          NaN,,,,          NaN,
,,,          NaN,,,,          NaN,
,,,          NaN,,,,          NaN,
,,,          NaN,,,,          NaN,
,,,          NaN,,,,          NaN,
,,,          NaN,,,,          NaN,
,,,          NaN,,,,          NaN,
,,,          NaN,,,,          NaN,
,,,          NaN,,,,          NaN,
,,,          NaN,,,,          NaN,
,,,          NaN,,,,          NaN,
,,,          NaN,,,,          NaN,
,,,          NaN,,,,          NaN,
,,,          NaN,,,,          NaN,
,,,          NaN,,,,          NaN,
,,,          NaN,,,,          NaN,
,,,          NaN,,,,          NaN,
,,,          NaN,,,,          NaN,
,,,          NaN,,,,          NaN,
,,,          NaN,,,,          NaN,
,,,          NaN,,,,          NaN,
,,,          NaN,,,,          NaN,
,,,          NaN,,,,          NaN,
,,,          NaN,,,,          NaN,
,,,          NaN,,,,          NaN,
,,,          NaN,,,,          NaN,
,,,          NaN,,,,          NaN,
,,,          NaN,,,,          NaN,
,,,          NaN,,,,          NaN,
,,,          NaN,,,,          NaN,
,,,          NaN,,,,          NaN,
,,,          NaN,,,,          NaN,
,,,          NaN,,,,          NaN,
,,,          NaN,,,,          NaN,
,,,          NaN,,,,          NaN,
,,,          NaN,,,,          NaN,
,,,          NaN,,,,          NaN,
,,,          NaN,,,,          NaN,
,,,          NaN,,,,          NaN,
,,,          NaN,,,,          NaN,
,,,          NaN,,,,          NaN,
,,,          NaN,,,,          NaN,
,,,          NaN,,,,          NaN,
,,,          NaN,,,,          NaN,
,,,          NaN,,,,          NaN,
,,,          NaN,,,,          NaN,
,,,          NaN,,,,          NaN,
,,,          NaN,,,,          NaN,
,,,          NaN,,,,          NaN,
,,,          NaN,,,,          NaN,
,,,          NaN,,,,          NaN,
,,,          NaN,,,,          NaN,
,,,          NaN,,,,          NaN,
,,,          NaN,,,,          NaN,
,,,          NaN,,,,          NaN,
,,,          NaN,,,,          NaN,
,,,          NaN,,,,          NaN,
,,,          NaN,,,,          NaN,
,,,          NaN,,,,          NaN,
,,,          NaN,,,,          NaN,
,,,          NaN,,,,          NaN,
,,,          NaN,,,,          NaN,
,,,          NaN,,,,          NaN,
,,,          NaN,,,,          NaN,
,,,          NaN,,,,          NaN,
,,,          NaN,,,,          NaN,
,,,          NaN,,,,          NaN,
,,,          NaN,,,,          NaN,
,,,          NaN,,,,          NaN,
,,,          NaN,,,,          NaN,
,,,          NaN,,,,          NaN,
,,,          NaN,,,,          NaN,
,,,          NaN,,,,          NaN,
,,,          NaN,,,,          NaN,
,,,          NaN,,,,          NaN,
,,,          NaN,,,,          NaN,
,,,          NaN,,,,          NaN,
,,,          NaN,,,,          NaN,
,,,          NaN,,,,          NaN,
,,,          NaN,,,,          NaN,
,,,          NaN,,,,          NaN,
,,,          NaN,,,,          NaN,
,,,          NaN,,,,          NaN,
,,,          NaN,,,,          NaN,
,,,          NaN,,,,          NaN,
,,,          NaN,,,,          NaN,
,,,          NaN,,,,          NaN,
,,,          NaN,,,,          NaN,
,,,          NaN,,,,          NaN,
,,,          NaN,,,,          NaN,
,,,          NaN,,,,          NaN,
,,,          NaN,,,,          NaN,
,,,          NaN,,,,          NaN,
,,,          NaN,,,,          NaN,
,,,          NaN,,,,          NaN,
,,,          NaN,,,,          NaN,
,,,          NaN,,,,          NaN,
,,,          NaN,,,,          NaN,
,,,          NaN,,,,          NaN,
,,,          NaN,,,,          NaN,
,,,          NaN,,,,          NaN,
,,,          NaN,,,,          NaN,
,,,          NaN,,,,          NaN,
,,,          NaN,,,,          NaN,
,,,          NaN,,,,          NaN,
,,,          NaN,,,,          NaN,
,,,          NaN,,,,          NaN,
,,,          NaN,,,,          NaN,
,,,          NaN,,,,          NaN,
,,,          NaN,,,,          NaN,
,,,          NaN,,,,          NaN,
,,,          NaN,,,,          NaN,
,,,          NaN,,,,          NaN,
,,,          NaN,,,,          NaN,
,,,          NaN,,,,          NaN,
,,,          NaN,,,,          NaN,
,,,          NaN,,,,          NaN,
,,,          NaN,,,,          NaN,
,,,          NaN,,,,          NaN,
,,,          NaN,,,,          NaN,
,,,          NaN,,,,          NaN,
,,,          NaN,,,,          NaN,
,,,          NaN,,,,          NaN,
,,,          NaN,,,,          NaN,
,,,          NaN,,,,          NaN,
,,,          NaN,,,,          NaN,
,,,          NaN,,,,          NaN,
,,,          NaN,,,,          NaN,
,,,          NaN,,,,          NaN,
,,,          NaN,,,,          NaN,
,,,          NaN,,,,          NaN,
,,,          NaN,,,,          NaN,
,,,          NaN,,,,          NaN,
,,,          NaN,,,,          NaN,
,,,          NaN,,,,          NaN,
,,,          NaN,,,,          NaN,
,,,          NaN,,,,          NaN,
,,,          NaN,,,,          NaN,
,,,          NaN,,,,          NaN,
,,,          NaN,,,,          NaN,
,,,          NaN,,,,          NaN,
,,,          NaN,,,,          NaN,
,,,          NaN,,,,          NaN,
,,,          NaN,,,,          NaN,
,,,          NaN,,,,          NaN,
,,,          NaN,,,,          NaN,
,,,          NaN,,,,          NaN,
,,,          NaN,,,,          NaN,
,,,          NaN,,,,          NaN,
,,,          NaN,,,,          NaN,
,,,          NaN,,,,          NaN,
,,,          NaN,,,,          NaN,
,,,          NaN,,,,          NaN,
,,,          NaN,,,,          NaN,
,,,          NaN,,,,          NaN,
,,,          NaN,,,,          NaN,
,,,          NaN,,,,          NaN,
,,,          NaN,,,,          NaN,
,,,          NaN,,,,          NaN,
,,,          NaN,,,,          NaN,
,,,          NaN,,,,          NaN,
,,,          NaN,,,,          NaN,
,,,          NaN,,,,          NaN,
,,,          NaN,,,,          NaN,
,,,          NaN,,,,          NaN,
,,,          NaN,,,,          NaN,
,,,          NaN,,,,          NaN,
,,,          NaN,,,,          NaN,
,,,          NaN,,,,          NaN,
,,,          NaN,,,,          NaN,
,,,          NaN,,,,          NaN,
,,,          NaN,,,,          NaN,
,,,          NaN,,,,          NaN,
,,,          NaN,,,,          NaN,
,,,          NaN,,,,          NaN,
,,,          NaN,,,,          NaN,
,,,          NaN,,,,          NaN,
,,,          NaN,,,,          NaN,
,,,          NaN,,,,          NaN,
,,,          NaN,,,,          NaN,
,,,          NaN,,,,          NaN,
,,,          NaN,,,,          NaN,
,,,          NaN,,,,          NaN,
,,,          NaN,,,,          NaN,
,,,          NaN,,,,          NaN,
,,,          NaN,,,,          NaN,
,,,          NaN,,,,          NaN,
,,,          NaN,,,,          NaN,
,,,          NaN,,,,          NaN,
,,,          NaN,,,,          NaN,
,,,          NaN,,,,          NaN,
,,,          NaN,,,,          NaN,
,,,          NaN,,,,          NaN,
,,,          NaN,,,,          NaN,
,,,          NaN,,,,          NaN,
,,,          NaN,,,,          NaN,
,,,          NaN,,,,          NaN,
,,,          NaN,,,,          NaN,
,,,          NaN,,,,          NaN,
,,,          NaN,,,,          NaN,
,,,          NaN,,,,          NaN,
,,,          NaN,,,,          NaN,
,,,          NaN,,,,          NaN,
,,,          NaN,,,,          NaN,
,,,          NaN,,,,          NaN,
,,,          NaN,,,,          NaN,
,,,          NaN,,,,          NaN,
,,,          NaN,,,,          NaN,
,,,          NaN,,,,          NaN,
,,,          NaN,,,,          NaN,
,,,          NaN,,,,          NaN,
,,,          NaN,,,,          NaN,
,,,          NaN,,,,          NaN,
,,,          NaN,,,,          NaN,
,,,          NaN,,,,          NaN,
,,,          NaN,,,,          NaN,
,,,          NaN,,,,          NaN,
,,,          NaN,,,,          NaN,
,,,          NaN,,,,          NaN,
,,,          NaN,,,,          NaN,
,,,          NaN,,,,          NaN,
,,,          NaN,,,,          NaN,
,,,          NaN,,,,          NaN,
,,,          NaN,,,,          NaN,
,,,          NaN,,,,          NaN,
,,,          NaN,,,,          NaN,
,,,          NaN,,,,          NaN,
,,,          NaN,,,,          NaN,
,,,          NaN,,,,          NaN,
,,,          NaN,,,,          NaN,
,,,          NaN,,,,          NaN,
,,,          NaN,,,,          NaN,
,,,          NaN,,,,          NaN,
,,,          NaN,,,,          NaN,
,,,          NaN,,,,          NaN,
,,,          NaN,,,,          NaN,
,,,          NaN,,,,          NaN,
,,,          NaN,,,,          NaN,
,,,          NaN,,,,          NaN,
,,,          NaN,,,,          NaN,
,,,          NaN,,,,          NaN,
,,,          NaN,,,,          NaN,
,,,          NaN,,,,          NaN,
,,,          NaN,,,,          NaN,
,,,          NaN,,,,          NaN,
,,,          NaN,,,,          NaN,
,,,          NaN,,,,          NaN,
,,,          NaN,,,,          NaN,
,,,          NaN,,,,          NaN,
,,,          NaN,,,,          NaN,
,,,          NaN,,,,          NaN,
,,,          NaN,,,,          NaN,
,,,          NaN,,,,          NaN,
,,,          NaN,,,,          NaN,
,,,          NaN,,,,          NaN,
,,,          NaN,,,,          NaN,
,,,          NaN,,,,          NaN,
,,,          NaN,,,,          NaN,
,,,          NaN,,,,          NaN,
,,,          NaN,,,,          NaN,
,,,          NaN,,,,          NaN,
,,,          NaN,,,,          NaN,
,,,          NaN,,,,          NaN,
,,,          NaN,,,,          NaN,
,,,          NaN,,,,          NaN,
,,,          NaN,,,,          NaN,
,,,          NaN,,,,          NaN,
,,,          NaN,,,,          NaN,
,,,          NaN,,,,          NaN,
,,,          NaN,,,,          NaN,
,,,          NaN,,,,          NaN,
,,,          NaN,,,,          NaN,
,,,          NaN,,,,          NaN,
,,,          NaN,,,,          NaN,
,,,          NaN,,,,          NaN,
,,,          NaN,,,,          NaN,
,,,          NaN,,,,          NaN,
,,,          NaN,,,,          NaN,
,,,          NaN,,,,          NaN,
,,,          NaN,,,,          NaN,
,,,          NaN,,,,          NaN,
,,,          NaN,,,,          NaN,
,,,          NaN,,,,          NaN,
,,,          NaN,,,,          NaN,
,,,          NaN,,,,          NaN,
,,,          NaN,,,,          NaN,
,,,          NaN,,,,          NaN,
,,,          NaN,,,,          NaN,
,,,          NaN,,,,          NaN,
,,,          NaN,,,,          NaN,
,,,          NaN,,,,          NaN,
,,,          NaN,,,,          NaN,
,,,          NaN,,,,          NaN,
,,,          NaN,,,,          NaN,
,,,          NaN,,,,          NaN,
,,,          NaN,,,,          NaN,
,,,          NaN,,,,          NaN,
,,,          NaN,,,,          NaN,
,,,          NaN,,,,          NaN,
,,,          NaN,,,,          NaN,
,,,          NaN,,,,          NaN,
,,,          NaN,,,,          NaN,
,,,          NaN,,,,          NaN,
,,,          NaN,,,,          NaN,
,,,          NaN,,,,          NaN,
,,,          NaN,,,,          NaN,
,,,          NaN,,,,          NaN,
,,,          NaN,,,,          NaN,
,,,          NaN,,,,          NaN,
,,,          NaN,,,,          NaN,
,,,          NaN,,,,          NaN,
,,,          NaN,,,,          NaN,
,,,          NaN,,,,          NaN,
,,,          NaN,,,,          NaN,
,,,          NaN,,,,          NaN,
,,,          NaN,,,,          NaN,
,,,          NaN,,,,          NaN,
,,,          NaN,,,,          NaN,
,,,          NaN,,,,          NaN,
,,,          NaN,,,,          NaN,
,,,          NaN,,,,          NaN,
,,,          NaN,,,,          NaN,
,,,          NaN,,,,          NaN,
,,,          NaN,,,,          NaN,
,,,          NaN,,,,          NaN,
,,,          NaN,,,,          NaN,
,,,          NaN,,,,          NaN,
,,,          NaN,,,,          NaN,
,,,          NaN,,,,          NaN,
,,,          NaN,,,,          NaN,
,,,          NaN,,,,          NaN,
,,,          NaN,,,,          NaN,
,,,          NaN,,,,          NaN,
,,,          NaN,,,,          NaN,
,,,          NaN,,,,          NaN,
,,,          NaN,,,,          NaN,
,,,          NaN,,,,          NaN,
,,,          NaN,,,,          NaN,
,,,          NaN,,,,          NaN,
,,,          NaN,,,,          NaN,
,,,          NaN,,,,          NaN,
,,,          NaN,,,,          NaN,
,,,          NaN,,,,          NaN,
,,,          NaN,,,,          NaN,
,,,          NaN,,,,          NaN,
,,,          NaN,,,,          NaN,
,,,          NaN,,,,          NaN,
,,,          NaN,,,,          NaN,
,,,          NaN,,,,          NaN,
,,,          NaN,,,,          NaN,
,,,          NaN,,,,          NaN,
,,,          NaN,,,,          NaN,
,,,          NaN,,,,          NaN,
,,,          NaN,,,,          NaN,
,,,          NaN,,,,          NaN,
,,,          NaN,,,,          NaN,
,,,          NaN,,,,          NaN,
,,,          NaN,,,,          NaN,
,,,          NaN,,,,          NaN,
,,,          NaN,,,,          NaN,
,,,          NaN,,,,          NaN,
,,,          NaN,,,,          NaN,
,,,          NaN,,,,          NaN,
,,,          NaN,,,,          NaN,
,,,          NaN,,,,          NaN,
,,,          NaN,,,,          NaN,
,,,          NaN,,,,          NaN,
,,,          NaN,,,,          NaN,
,,,          NaN,,,,          NaN,
,,,          NaN,,,,          NaN,
,,,          NaN,,,,          NaN,
,,,          NaN,,,,          NaN,
,,,          NaN,,,,          NaN,
,,,          NaN,,,,          NaN,
,,,          NaN,,,,          NaN,
,,,          NaN,,,,          NaN,
,,,          NaN,,,,          NaN,
,,,          NaN,,,,          NaN,
,,,          NaN,,,,          NaN,
,,,          NaN,,,,          NaN,
,,,          NaN,,,,          NaN,
,,,          NaN,,,,          NaN,
,,,          NaN,,,,          NaN,
,,,          NaN,,,,          NaN,
,,,          NaN,,,,          NaN,
,,,          NaN,,,,          NaN,
,,,          NaN,,,,          NaN,
,,,          NaN,,,,          NaN,
,,,          NaN,,,,          NaN,
,,,          NaN,,,,          NaN,
,,,          NaN,,,,          NaN,
,,,          NaN,,,,          NaN,
,,,          NaN,,,,          NaN,
,,,          NaN,,,,          NaN,
,,,          NaN,,,,          NaN,
,,,          NaN,,,,          NaN,
,,,          NaN,,,,          NaN,
,,,          NaN,,,,          NaN,
,,,          NaN,,,,          NaN,
,,,          NaN,,,,          NaN,
,,,          NaN,,,,          NaN,
,,,          NaN,,,,          NaN,
,,,          NaN,,,,          NaN,
,,,          NaN,,,,          NaN,
,,,          NaN,,,,          NaN,
,,,          NaN,,,,          NaN,
,,,          NaN,,,,          NaN,
,,,          NaN,,,,          NaN,
,,,          NaN,,,,          NaN,
,,,          NaN,,,,          NaN,
,,,          NaN,,,,          NaN,
,,,          NaN,,,,          NaN,
,,,          NaN,,,,          NaN,
,,,          NaN,,,,          NaN,
,,,          NaN,,,,          NaN,
,,,          NaN,,,,          NaN,
,,,          NaN,,,,          NaN,
,,,          NaN,,,,          NaN,
,,,          NaN,,,,          NaN,
,,,          NaN,,,,          NaN,
,,,          NaN,,,,          NaN,
,,,          NaN,,,,          NaN,
,,,          NaN,,,,          NaN,
,,,          NaN,,,,          NaN,
,,,          NaN,,,,          NaN,
,,,          NaN,,,,          NaN,
,,,          NaN,,,,          NaN,
,,,          NaN,,,,          NaN,
,,,          NaN,,,,          NaN,
,,,          NaN,,,,          NaN,
,,,          NaN,,,,          NaN,
,,,          NaN,,,,          NaN,
,,,          NaN,,,,          NaN,
,,,          NaN,,,,          NaN,
,,,          NaN,,,,          NaN,
,,,          NaN,,,,          NaN,
,,,          NaN,,,,          NaN,
,,,          NaN,,,,          NaN,
,,,          NaN,,,,          NaN,
,,,          NaN,,,,          NaN,
,,,          NaN,,,,          NaN,
,,,          NaN,,,,          NaN,
,,,          NaN,,,,          NaN,
,,,          NaN,,,,          NaN,
,,,          NaN,,,,          NaN,
,,,          NaN,,,,          NaN,
,,,          NaN,,,,          NaN,
,,,          NaN,,,,          NaN,
,,,          NaN,,,,          NaN,
,,,          NaN,,,,          NaN,
,,,          NaN,,,,          NaN,
,,,          NaN,,,,          NaN,
,,,          NaN,,,,          NaN,
,,,          NaN,,,,          NaN,
,,,          NaN,,,,          NaN,
,,,          NaN,,,,          NaN,
,,,          NaN,,,,          NaN,
,,,          NaN,,,,          NaN,
,,,          NaN,,,,          NaN,
,,,          NaN,,,,          NaN,
,,,          NaN,,,,          NaN,
,,,          NaN,,,,          NaN,
,,,          NaN,,,,          NaN,
,,,          NaN,,,,          NaN,
,,,          NaN,,,,          NaN,
,,,          NaN,,,,          NaN,
,,,          NaN,,,,          NaN,
,,,          NaN,,,,          NaN,
,,,          NaN,,,,          NaN,
,,,          NaN,,,,          NaN,
,,,          NaN,,,,          NaN,
,,,          NaN,,,,          NaN,
,,,          NaN,,,,          NaN,
,,,          NaN,,,,          NaN,
,,,          NaN,,,,          NaN,
,,,          NaN,,,,          NaN,
,,,          NaN,,,,          NaN,
,,,          NaN,,,,          NaN,
,,,          NaN,,,,          NaN,
,,,          NaN,,,,          NaN,
,,,          NaN,,,,          NaN,
,,,          NaN,,,,          NaN,
,,,          NaN,,,,          NaN,
,,,          NaN,,,,          NaN,
,,,          NaN,,,,          NaN,
,,,          NaN,,,,          NaN,
,,,          NaN,,,,          NaN,
,,,          NaN,,,,          NaN,
,,,          NaN,,,,          NaN,
