Frequency/GHz, Amplitude rel. 1, Phase 1, Ref.Amplitude rel. 1, Ref.Phase 1, Amplitude rel. 2, Phase 2, Ref.Amplitude rel. 2, Ref.Phase 2
     0.0,  1.332482E-3,    -3.14159,  1.101483E-2,    -3.14159, 2.459489E-13,    -0.09292,          NaN,         NaN
     5.0,  1.605771E-2,    -2.86995,  2.084661E-2,    -3.02683, 1.081163E-11,    -0.25680,          NaN,         NaN
    10.0,  1.053255E-2,    -2.47343,  1.229251E-2,    -2.81493, 1.127439E-11,     1.15222,          NaN,         NaN
    15.0,  8.873190E-3,    -2.41848,  7.721119E-3,    -2.89115, 8.387532E-12,     1.73392,          NaN,         NaN
    20.0,  1.985739E-3,    -4.90210,  6.903771E-3,    -5.58600, 4.236709E-12,     2.40046,          NaN,         NaN
    25.0,  4.745906E-2,    -3.18367,  4.216311E-2,    -3.77044, 6.040535E-12,     0.95209,          NaN,         NaN
    30.0,  1.609904E-2,    -1.06325,  1.624351E-2,    -0.83686, 5.229188E-12,    -1.16540,          NaN,         NaN
    35.0,  4.722024E-2,    -3.95428,  4.982161E-2,     1.42902, 4.330858E-12,    -2.59564,          NaN,         NaN
    40.0,  8.588277E-2,    -4.21183,  9.082860E-2,     1.20117, 2.564540E-12,    -1.26978,          NaN,         NaN
    45.0,  1.289095E-1,    -4.11874,  1.326091E-1,     1.24659, 5.916535E-12,    -0.52517,          NaN,         NaN
    50.0,  1.443752E-1,    -3.05698,  1.351114E-1,     2.25812, 4.725551E-12,     0.17464,          NaN,         NaN
    55.0,  2.944672E-1,    -1.01475,  2.950991E-1,     4.29932, 1.516273E-11,     2.17475,          NaN,         NaN
    60.0,  4.956826E-2,    -0.38525,  5.589267E-2,     4.85794, 8.087013E-12,    -0.45164,          NaN,         NaN
    65.0,  1.244946E-1,     0.37412,  1.357649E-1,     5.40870, 9.430815E-12,    -2.55427,          NaN,         NaN
    70.0,  3.520696E-1,     0.38221,  3.640708E-1,     5.34881, 1.042969E-11,    -1.74812,          NaN,         NaN
    75.0,  3.307545E-1,     1.01966,  3.341933E-1,     5.86828, 1.283178E-11,    -1.92267,          NaN,         NaN
    80.0,  3.987673E-1,     2.31917,  3.851661E-1,     7.12499, 1.099937E-11,    -0.23414,          NaN,         NaN
    85.0,  7.742245E-2,     1.65734,  7.031307E-2,     6.20001, 2.570633E-12,    -2.49761,          NaN,         NaN
    90.0,  1.705461E-1,     3.66201,  1.671228E-1,     8.36536, 2.783735E-12,    -4.42666,          NaN,         NaN
    95.0,  3.021539E-1,     3.71000,  3.035762E-1,     8.28377, 1.458867E-11,    -4.67163,          NaN,         NaN
   100.0,  3.899360E-1,     4.09697,  3.963530E-1,     8.55926, 1.934602E-11,    -4.19834,          NaN,         NaN
   105.0,  4.103433E-1,     5.04264,  4.221938E-1,     9.38779, 1.922006E-11,    -3.43153,          NaN,         NaN
   110.0,  4.346729E-1,     5.37249,  4.385230E-1,     9.60771, 1.739846E-11,    -2.65673,          NaN,         NaN
   115.0,  6.212840E-1,     5.50094,  6.284243E-1,     9.64550, 2.053396E-11,    -2.43569,          NaN,         NaN
   120.0,  4.373824E-1,     6.55020,  4.333149E-1,    10.59801, 1.438659E-11,    -1.66549,          NaN,         NaN
   125.0,  4.842761E-1,     7.57781,  4.785744E-1,    11.57273, 2.302411E-11,    -0.80706,          NaN,         NaN
   130.0,  5.622628E-1,     8.02120,  5.597242E-1,    11.93325, 1.076680E-11,    -0.29035,          NaN,         NaN
   135.0,  5.186734E-1,     8.40947,  5.262441E-1,    12.22751, 2.066164E-11,     0.07654,          NaN,         NaN
   140.0,  6.258126E-1,     8.97016,  6.418464E-1,    12.67429, 2.332206E-11,     0.69192,          NaN,         NaN
   145.0,  6.471783E-1,     9.52732,  6.664258E-1,    13.12990, 2.071811E-11,     1.15330,          NaN,         NaN
   150.0,  5.589117E-1,    10.13179,  5.684927E-1,    13.63782, 2.422565E-11,     1.74217,          NaN,         NaN
   155.0,  6.578881E-1,    10.66173,  6.647825E-1,    14.06879, 2.776565E-11,     2.51390,          NaN,         NaN
   160.0,  5.821091E-1,    11.21976,  5.798448E-1,    14.53674, 2.535864E-11,     3.07618,          NaN,         NaN
   165.0,  6.541392E-1,    11.90254,  6.585444E-1,    15.15813, 1.753395E-11,     3.50308,          NaN,         NaN
   170.0,  7.755531E-1,    12.43520,  7.923048E-1,    15.60377, 2.791874E-11,     4.15427,          NaN,         NaN
   175.0,  7.549855E-1,    13.08427,  7.746705E-1,    16.16595, 3.101061E-11,     4.60544,          NaN,         NaN
   180.0,  6.859245E-1,    13.83516,  7.159403E-1,    16.81238, 2.610576E-11,     5.43359,          NaN,         NaN
   185.0,  7.485726E-1,    14.23172,  7.820817E-1,    17.09633, 2.857323E-11,     5.86689,          NaN,         NaN
   190.0,  7.060493E-1,    14.50984,  7.418661E-1,    17.28391, 2.223997E-11,     6.12281,          NaN,         NaN
   195.0,  7.411786E-1,    15.18295,  7.663733E-1,    17.86325, 3.571334E-11,     6.78801,          NaN,         NaN
   200.0,  8.060313E-1,    15.80533,  8.266257E-1,    18.39303, 2.662108E-11,     7.43898,          NaN,         NaN
   204.9,  6.438382E-1,    16.51684,  6.437345E-1,    19.04732, 2.589583E-11,     8.38891,          NaN,         NaN
   209.9,  6.956699E-1,    16.84281,  7.123318E-1,    19.29029, 2.857494E-11,     8.33265,          NaN,         NaN
   214.9,  7.239896E-1,    17.37819,  7.452888E-1,    19.72535, 2.611937E-11,     8.72603,          NaN,         NaN
   219.9,  1.031773E+0,    18.06269,  1.071466E+0,    20.31832, 3.446684E-11,     9.50857,          NaN,         NaN
   224.9,  1.066813E+0,    18.59090,  1.126957E+0,    20.74033, 4.531289E-11,    10.40478,          NaN,         NaN
   229.9,  8.803040E-1,    19.22664,  9.227048E-1,    21.27212, 4.054391E-11,    10.75964,          NaN,         NaN
   234.9,  8.002517E-1,    19.64107,  8.313153E-1,    21.58524, 3.803732E-11,    11.45779,          NaN,         NaN
   239.9,  8.403983E-1,    20.23859,  8.694313E-1,    22.08125, 3.240028E-11,    11.79937,          NaN,         NaN
   244.9,  9.551729E-1,    20.92017,  9.740928E-1,    22.67799, 3.613179E-11,    12.57116,          NaN,         NaN
   249.9,  9.504006E-1,    21.57645,  1.000147E+0,    23.27234, 3.787329E-11,    13.13537,          NaN,         NaN
   254.9,  8.881071E-1,    22.01993,  9.381354E-1,    23.62452, 2.956321E-11,    13.73176,          NaN,         NaN
   259.9,  8.149295E-1,    22.57413,  8.520168E-1,    24.09443, 3.100550E-11,    14.37343,          NaN,         NaN
   264.9,  1.059681E+0,    22.95666,  1.131303E+0,    24.37232, 3.853313E-11,    14.55584,          NaN,         NaN
   269.9,  9.704042E-1,    23.52401,  1.038397E+0,    24.83549, 3.495696E-11,    15.05635,          NaN,         NaN
   274.9,  1.018594E+0,    24.27986,  1.075847E+0,    25.52121, 3.674764E-11,    15.73607,          NaN,         NaN
   279.9,  9.703623E-1,    24.71986,  1.023546E+0,    25.84522, 3.976210E-11,    16.42371,          NaN,         NaN
   284.9,  8.928152E-1,    25.44451,  9.339980E-1,    26.47444, 3.864955E-11,    17.17622,          NaN,         NaN
   289.9,  1.020336E+0,    25.92387,  1.089034E+0,    26.86736, 3.044530E-11,    17.42634,          NaN,         NaN
   294.9,  1.021384E+0,    26.54167,  1.088791E+0,    27.41353, 3.137672E-11,    18.07146,          NaN,         NaN
   299.9,  9.870582E-1,    27.04344,  1.038960E+0,    27.82429, 3.881424E-11,    18.74497,          NaN,         NaN
   304.9,  8.771832E-1,    27.61248,  9.293607E-1,    28.29452, 3.986790E-11,    19.09853,          NaN,         NaN
   309.9,  8.924708E-1,    28.13647,  9.473432E-1,    28.70692, 3.406181E-11,    19.72422,          NaN,         NaN
   314.9,  7.982215E-1,    28.72217,  8.451952E-1,    29.20264, 3.465855E-11,    20.47852,          NaN,         NaN
   319.9,  9.252959E-1,    29.23147,  9.996674E-1,    29.61465, 3.739530E-11,    20.89673,          NaN,         NaN
   324.9,  8.663020E-1,    29.72290,  9.298768E-1,    30.00323, 3.116839E-11,    21.64705,          NaN,         NaN
   329.9,  8.494225E-1,    30.37207,  9.229655E-1,    30.58582, 1.993768E-11,    22.07967,          NaN,         NaN
   334.9,  8.975991E-1,    30.85603,  9.759357E-1,    30.97261, 2.745039E-11,    22.49001,          NaN,         NaN
   339.9,  8.977712E-1,    31.36673,  9.680495E-1,    31.39790, 3.306300E-11,    22.87036,          NaN,         NaN
   344.9,  8.429610E-1,    31.89601,  9.210392E-1,    31.83072, 3.054580E-11,    23.40607,          NaN,         NaN
   349.9,  8.847729E-1,    32.56511,  9.608601E-1,    32.39870, 2.752644E-11,    24.34489,          NaN,         NaN
   354.9,  8.861458E-1,    33.01391,  9.711319E-1,    32.76252, 3.324281E-11,    24.83722,          NaN,         NaN
   359.9,  8.374434E-1,    33.62175,  9.157438E-1,    33.26524, 2.101929E-11,    25.13162,          NaN,         NaN
   364.9,  8.547169E-1,    34.15811,  9.380856E-1,    33.72396, 2.847513E-11,    25.58663,          NaN,         NaN
   369.9,  8.114021E-1,    34.67538,  8.898408E-1,    34.14154, 2.863711E-11,    26.31946,          NaN,         NaN
   374.9,  8.075353E-1,    35.28928,  8.912587E-1,    34.66208, 1.987344E-11,    26.87114,          NaN,         NaN
   379.9,  8.173655E-1,    35.71756,  9.115390E-1,    35.00213, 3.066719E-11,    27.36168,          NaN,         NaN
   384.9,  7.894520E-1,    36.27005,  8.912075E-1,    35.45948, 3.593335E-11,    27.77341,          NaN,         NaN
   389.9,  8.361983E-1,    36.89418,  9.409367E-1,    36.00174, 3.195216E-11,    28.18239,          NaN,         NaN
   394.9,  8.208354E-1,    37.38633,  9.200991E-1,    36.40287, 3.665920E-11,    29.10687,          NaN,         NaN
   399.9,  7.771991E-1,    37.90641,  8.726415E-1,    36.81583, 2.863884E-11,    29.38924,          NaN,         NaN
   404.9,  8.513465E-1,    38.51035,  9.365562E-1,    37.33881, 2.934423E-11,    30.27402,          NaN,         NaN
   409.9,  8.089618E-1,    39.02294,  9.102924E-1,    37.75362, 3.124210E-11,    30.68113,          NaN,         NaN
   414.9,  7.699638E-1,    39.67904,  8.684239E-1,    38.29772, 3.698004E-11,    31.35999,          NaN,         NaN
   419.9,  8.164163E-1,    40.22627,  9.251073E-1,    38.78593, 2.790373E-11,    31.88020,          NaN,         NaN
   424.9,  7.199396E-1,    40.68060,  8.222764E-1,    39.13391, 2.322302E-11,    32.42779,          NaN,         NaN
   429.9,  7.575059E-1,    41.31475,  8.586668E-1,    39.67286, 2.757532E-11,    32.94517,          NaN,         NaN
   434.9,  7.498301E-1,    41.72477,  8.502992E-1,    40.00118, 2.547356E-11,    33.29543,          NaN,         NaN
   439.9,  6.940634E-1,    42.36696,  7.968445E-1,    40.52245, 2.654236E-11,    34.15448,          NaN,         NaN
   444.9,  6.982328E-1,    42.99689,  8.011222E-1,    41.06935, 3.435425E-11,    34.61433,          NaN,         NaN
   449.9,  7.239833E-1,    43.32308,  8.347088E-1,    41.31521, 1.874874E-11,    35.17424,          NaN,         NaN
   454.9,  6.461401E-1,    43.95936,  7.445749E-1,    41.84663, 2.289753E-11,    35.55674,          NaN,         NaN
   459.9,  7.760468E-1,    44.53979,  8.857839E-1,    42.34241, 3.213472E-11,    36.26661,          NaN,         NaN
   464.9,  7.001454E-1,    45.01687,  8.117685E-1,    42.71312, 1.898450E-11,    36.45177,          NaN,         NaN
   469.9,  6.815367E-1,    45.69859,  7.952912E-1,    43.29060, 2.659161E-11,    37.29331,          NaN,         NaN
   474.9,  7.325088E-1,    46.16895,  8.635198E-1,    43.67888, 2.032927E-11,    37.71937,          NaN,         NaN
   479.9,  5.945345E-1,    46.69579,  7.070075E-1,    44.10715, 2.124337E-11,    38.35789,          NaN,         NaN
   484.9,  6.484322E-1,    47.29751,  7.820445E-1,    44.63089, 2.280891E-11,    38.84391,          NaN,         NaN
   489.9,  6.961220E-1,    47.75354,  8.394401E-1,    45.00658, 2.273295E-11,    39.77867,          NaN,         NaN
   494.9,  6.255364E-1,    48.27953,  7.408428E-1,    45.42141, 1.472723E-11,    39.85404,          NaN,         NaN
   499.9,  6.884250E-1,    48.98489,  8.239428E-1,    46.05463, 2.707741E-11,    40.45541,          NaN,         NaN
   504.9,  6.914779E-1,    49.33478,  8.294216E-1,    46.30876, 2.059618E-11,    40.59495,          NaN,         NaN
   509.9,  6.460995E-1,    50.01185,  7.592701E-1,    46.88039, 2.485772E-11,    41.77017,          NaN,         NaN
   514.9,  7.277422E-1,    50.58988,  8.671704E-1,    47.36339, 3.010581E-11,    42.48788,          NaN,         NaN
   519.9,  6.755470E-1,    51.13280,  8.182740E-1,    47.79820, 2.129794E-11,    42.64100,          NaN,         NaN
   524.9,  6.403899E-1,    51.79211,  7.712996E-1,    48.36551, 1.919523E-11,    43.44093,          NaN,         NaN
   529.9,  6.857939E-1,    52.35066,  8.438574E-1,    48.84808, 2.707621E-11,    43.80818,          NaN,         NaN
   534.9,  6.131501E-1,    52.89467,  7.546335E-1,    49.29174, 2.855950E-11,    44.38574,          NaN,         NaN
   539.9,  5.920984E-1,    53.56598,  7.249227E-1,    49.88504, 2.275320E-11,    45.57312,          NaN,         NaN
   544.9,  6.162452E-1,    54.19900,  7.503309E-1,    50.41758, 2.658902E-11,    45.75473,          NaN,         NaN
   549.9,  4.599764E-1,    54.90526,  5.559364E-1,    51.01988, 2.195324E-11,    46.94042,          NaN,         NaN
   554.9,  2.122112E-1,    55.72476,  2.570244E-1,    51.74923, 8.694725E-12,    47.99869,          NaN,         NaN
   559.9,  2.654363E-1,    54.65336,  3.230824E-1,    50.56304, 5.849748E-12,    47.54302,          NaN,         NaN
   564.9,  4.737937E-1,    55.42205,  5.862597E-1,    51.23240, 1.614316E-11,    46.81471,          NaN,         NaN
   569.9,  5.463463E-1,    56.23436,  6.762495E-1,    51.94655, 2.175189E-11,    47.98033,          NaN,         NaN
   574.9,  5.889161E-1,    56.83422,  7.513131E-1,    52.44494, 1.704211E-11,    48.50955,          NaN,         NaN
   579.9,  5.323000E-1,    57.40775,  6.897214E-1,    52.94152, 1.633254E-11,    49.21930,          NaN,         NaN
   584.9,  5.487593E-1,    58.02847,  7.090364E-1,    53.48239, 1.648985E-11,    49.41375,          NaN,         NaN
   589.9,  5.777781E-1,    58.55964,  7.338595E-1,    53.92260, 2.129760E-11,    50.26147,          NaN,         NaN
   594.9,  5.183738E-1,    59.10101,  6.769047E-1,    54.35733, 1.949421E-11,    50.65315,          NaN,         NaN
   599.9,  5.663627E-1,    59.73246,  7.269239E-1,    54.89832, 1.858291E-11,    50.98510,          NaN,         NaN
   604.8,  5.630633E-1,    60.23006,  7.237820E-1,    55.30817, 1.513758E-11,    52.07987,          NaN,         NaN
   609.8,  5.430343E-1,    60.82907,  7.042791E-1,    55.78970, 1.856491E-11,    52.40580,          NaN,         NaN
   614.8,  5.475305E-1,    61.42366,  7.125929E-1,    56.29815, 2.129527E-11,    52.52870,          NaN,         NaN
   619.8,  5.382670E-1,    61.87960,  7.120608E-1,    56.66406, 2.134059E-11,    53.72874,          NaN,         NaN
   624.8,  5.184912E-1,    62.49164,  6.839785E-1,    57.17546, 1.324071E-11,    54.19540,          NaN,         NaN
   629.8,  5.440001E-1,    63.06882,  7.173095E-1,    57.65351, 1.033780E-11,    54.47701,          NaN,         NaN
   634.8,  5.409639E-1,    63.56639,  7.239813E-1,    58.06345, 1.481787E-11,    55.06278,          NaN,         NaN
   639.8,  5.018950E-1,    64.22299,  6.762224E-1,    58.60573, 2.604736E-11,    55.52691,          NaN,         NaN
   644.8,  5.142002E-1,    64.71288,  6.954744E-1,    59.01199, 8.954587E-12,    56.28121,          NaN,         NaN
   649.8,  4.875568E-1,    65.30167,  6.774010E-1,    59.51405, 2.532407E-11,    56.77138,          NaN,         NaN
   654.8,  5.169755E-1,    65.82808,  7.122700E-1,    59.92864, 1.670165E-11,    57.41654,          NaN,         NaN
   659.8,  4.859997E-1,    66.36376,  6.712131E-1,    60.39357, 2.056830E-11,    57.80030,          NaN,         NaN
   664.8,  4.791939E-1,    67.00646,  6.761798E-1,    60.92392, 1.270981E-11,    58.62760,          NaN,         NaN
   669.8,  4.695730E-1,    67.53892,  6.525501E-1,    61.37552, 2.079690E-11,    58.98429,          NaN,         NaN
   674.8,  4.450719E-1,    68.05279,  6.281654E-1,    61.80367, 1.855170E-11,    59.67413,          NaN,         NaN
   679.8,  4.405058E-1,    68.64659,  6.208019E-1,    62.28649, 7.794397E-12,    60.05501,          NaN,         NaN
   684.8,  4.575336E-1,    69.21411,  6.431085E-1,    62.76724, 1.420211E-11,    60.59062,          NaN,         NaN
   689.8,  4.157205E-1,    69.72771,  5.963289E-1,    63.16639, 1.334143E-11,    61.49740,          NaN,         NaN
   694.8,  4.058123E-1,    70.36429,  5.851937E-1,    63.70976, 1.588882E-11,    61.83488,          NaN,         NaN
   699.8,  3.884197E-1,    70.82475,  5.639376E-1,    64.07647, 1.104737E-11,    61.82373,          NaN,         NaN
   704.8,  3.714748E-1,    71.40979,  5.491662E-1,    64.57052, 1.260958E-11,    63.27135,          NaN,         NaN
   709.8,  3.797702E-1,    71.96217,  5.616702E-1,    65.02426, 1.106923E-11,    63.26249,          NaN,         NaN
   714.8,  3.745996E-1,    72.41247,  5.556695E-1,    65.40394, 1.642718E-11,    62.91368,          NaN,         NaN
   719.8,  3.414555E-1,    73.09482,  5.103960E-1,    65.97035, 1.304922E-11,    64.58676,          NaN,         NaN
   724.8,  3.688556E-1,    73.63840,  5.443383E-1,    66.42608, 8.649905E-12,    65.25257,          NaN,         NaN
   729.8,  3.431842E-1,    74.11815,  5.200114E-1,    66.81222, 1.214441E-11,    65.49324,          NaN,         NaN
   734.8,  3.181588E-1,    74.78849,  4.784193E-1,    67.36648, 1.312718E-11,    65.60355,          NaN,         NaN
   739.8,  3.415130E-1,    75.38872,  5.197631E-1,    67.87998, 1.535992E-11,    66.76417,          NaN,         NaN
   744.8,  2.701739E-1,    76.03987,  4.193297E-1,    68.42452, 1.168828E-11,    67.35654,          NaN,         NaN
   749.8,  1.561916E-1,    76.78192,  2.406823E-1,    69.07843, 5.906523E-12,    68.82808,          NaN,         NaN
   754.8,  1.845901E-1,    76.20194,  2.908206E-1,    68.39372, 4.169182E-12,    66.77939,          NaN,         NaN
   759.8,  2.652603E-1,    76.89963,  4.209076E-1,    69.00170, 1.049116E-11,    68.76112,          NaN,         NaN
   764.8,  2.949385E-1,    77.62868,  4.726730E-1,    69.62909, 8.695516E-12,    68.24418,          NaN,         NaN
   769.8,  3.086907E-1,    78.16640,  5.005960E-1,    70.08714, 1.616588E-11,    69.61876,          NaN,         NaN
   774.8,  2.917155E-1,    78.79574,  4.759277E-1,    70.62486, 1.112499E-11,    69.72447,          NaN,         NaN
   779.8,  2.972271E-1,    79.40275,  4.838928E-1,    71.12379, 7.630522E-12,    70.55950,          NaN,         NaN
   784.8,  3.104208E-1,    79.89699,  5.109400E-1,    71.53378, 1.648701E-11,    71.25705,          NaN,         NaN
   789.8,  2.800835E-1,    80.54283,  4.656974E-1,    72.06821, 5.795816E-12,    72.66979,          NaN,         NaN
   794.8,  2.964396E-1,    81.11133,  4.972386E-1,    72.54155, 9.787476E-12,    71.24651,          NaN,         NaN
   799.8,  2.841728E-1,    81.65020,  4.814064E-1,    72.99015, 8.753365E-12,    72.36884,          NaN,         NaN
   804.8,  2.697576E-1,    82.22520,  4.617077E-1,    73.46848, 1.592257E-12,    73.72925,          NaN,         NaN
   809.8,  2.712053E-1,    82.80305,  4.658333E-1,    73.95439, 1.339184E-11,    73.70114,          NaN,         NaN
   814.8,  2.632009E-1,    83.34250,  4.558363E-1,    74.39695, 8.619336E-12,    73.50567,          NaN,         NaN
   819.8,  2.502311E-1,    83.92337,  4.376118E-1,    74.87777, 9.082385E-12,    74.81269,          NaN,         NaN
   824.8,  2.489670E-1,    84.47691,  4.375736E-1,    75.34186, 6.632433E-12,    75.63351,          NaN,         NaN
   829.8,  2.341943E-1,    84.98018,  4.211555E-1,    75.74572, 1.325097E-11,    75.61848,          NaN,         NaN
   834.8,  2.316811E-1,    85.59100,  4.148744E-1,    76.25353, 6.371426E-12,    76.21536,          NaN,         NaN
   839.8,  2.366282E-1,    86.05068,  4.215089E-1,    76.62598, 1.218537E-11,    77.21911,          NaN,         NaN
   844.8,  2.194056E-1,    86.65751,  4.023064E-1,    77.13298, 4.029542E-12,    79.36683,          NaN,         NaN
   849.8,  2.258490E-1,    87.20297,  4.145357E-1,    77.56534, 9.948789E-12,    77.32490,          NaN,         NaN
   854.8,  2.215992E-1,    87.73390,  4.080932E-1,    78.02187, 1.003092E-11,    78.37623,          NaN,         NaN
   859.8,  2.096929E-1,    88.28928,  3.946122E-1,    78.46319, 1.801746E-11,    79.39509,          NaN,         NaN
   864.8,  2.145037E-1,    88.86391,  4.049950E-1,    78.94503, 5.201849E-12,    81.28520,          NaN,         NaN
   869.8,  2.117620E-1,    89.39062,  4.051383E-1,    79.38381, 6.700922E-12,    79.70681,          NaN,         NaN
   874.8,  2.030080E-1,    89.93854,  3.932927E-1,    79.82315, 4.594718E-12,    80.07767,          NaN,         NaN
   879.8,  2.115007E-1,    90.52270,  4.069663E-1,    80.31086, 2.483009E-12,    81.13307,          NaN,         NaN
   884.8,  1.949986E-1,    91.01549,  3.877427E-1,    80.72138, 1.133719E-11,    81.46392,          NaN,         NaN
   889.8,  1.978853E-1,    91.66195,  3.961305E-1,    81.24607, 1.007073E-11,    82.99273,          NaN,         NaN
   894.8,  2.043760E-1,    92.14561,  4.028123E-1,    81.65288, 1.104566E-11,    82.34487,          NaN,         NaN
   899.8,  1.895331E-1,    92.73939,  3.899098E-1,    82.15007, 6.293199E-12,    80.86438,          NaN,         NaN
   904.8,  1.931137E-1,    93.33773,  3.940420E-1,    82.63503, 9.279646E-12,    83.52236,          NaN,         NaN
   909.8,  1.959327E-1,    93.87731,  4.027880E-1,    83.09850, 4.199669E-12,    84.34460,          NaN,         NaN
   914.8,  1.715038E-1,    94.46496,  3.592212E-1,    83.57293, 8.268241E-12,    84.87333,          NaN,         NaN
   919.8,  1.749220E-1,    95.00533,  3.699849E-1,    84.01517, 4.761240E-12,    85.73573,          NaN,         NaN
   924.8,  1.768544E-1,    95.55927,  3.763140E-1,    84.48078, 1.042401E-11,    85.97862,          NaN,         NaN
   929.8,  1.594938E-1,    96.14050,  3.510665E-1,    84.95620, 3.580972E-12,    86.30664,          NaN,         NaN
   934.8,  1.699926E-1,    96.71474,  3.701982E-1,    85.43836, 3.641865E-12,    85.42713,          NaN,         NaN
   939.8,  1.517893E-1,    97.21534,  3.355908E-1,    85.86089, 3.405365E-12,    87.39283,          NaN,         NaN
   944.8,  1.488089E-1,    97.86996,  3.325823E-1,    86.40160, 1.046997E-11,    87.81445,          NaN,         NaN
   949.8,  1.518304E-1,    98.35350,  3.372686E-1,    86.79340, 3.620134E-12,    88.98675,          NaN,         NaN
   954.8,  1.402920E-1,    98.92613,  3.202269E-1,    87.26576, 3.964765E-12,    90.23005,          NaN,         NaN
   959.8,  1.386368E-1,    99.54689,  3.167851E-1,    87.77434, 5.922948E-12,    88.92129,          NaN,         NaN
   964.8,  1.323958E-1,   100.09090,  3.089354E-1,    88.23435, 4.113694E-12,    89.54436,          NaN,         NaN
   969.8,  1.184301E-1,   100.63744,  2.773767E-1,    88.67741, 1.022182E-11,    91.28187,          NaN,         NaN
   974.8,  1.166669E-1,   101.25118,  2.781345E-1,    89.19295, 1.028472E-11,    92.45596,          NaN,         NaN
   979.8,  1.131853E-1,   101.85702,  2.737562E-1,    89.69771, 6.449928E-12,    94.78087,          NaN,         NaN
   984.8,  7.157468E-2,   102.53131,  1.762967E-1,    90.27631, 8.418300E-12,    97.17471,          NaN,         NaN
   989.8,  7.050267E-2,   102.32840,  1.746033E-1,    89.97608, 5.021648E-12,    95.82005,          NaN,         NaN
   994.8,  9.707728E-2,   102.91960,  2.432618E-1,    90.48493, 9.559075E-12,    98.13354,          NaN,         NaN
   999.8,  1.042240E-1,   103.58659,  2.659175E-1,    91.03680, 7.324243E-12,    98.36469,          NaN,         NaN
  1004.7,  1.112562E-1,   104.18620,  2.820150E-1,    91.54359, 1.293695E-12,   100.29026,          NaN,         NaN
  1009.7,  1.070721E-1,   104.74410,  2.829838E-1,    92.00886, 7.667099E-12,    99.65123,          NaN,         NaN
  1014.7,  1.065487E-1,   105.36490,  2.806967E-1,    92.52312, 1.208103E-11,    99.81270,          NaN,         NaN
  1019.7,  1.115194E-1,   105.97001,  2.987896E-1,    93.04525, 3.029838E-12,   102.45146,          NaN,         NaN
  1024.7,  1.022418E-1,   106.52420,  2.757709E-1,    93.49555, 4.220526E-12,   104.77768,          NaN,         NaN
  1029.7,  1.009710E-1,   107.15583,  2.758668E-1,    94.02625, 8.775051E-12,   106.67575,          NaN,         NaN
  1034.7,  1.046839E-1,   107.70909,  2.882290E-1,    94.48295, 8.449531E-12,   107.11172,          NaN,         NaN
  1039.7,  9.406640E-2,   108.32362,  2.687430E-1,    95.00056, 1.064422E-11,   108.68688,          NaN,         NaN
  1044.7,  9.659704E-2,   108.94161,  2.747136E-1,    95.50839, 3.953648E-12,   107.70036,          NaN,         NaN
  1049.7,  9.223145E-2,   109.50724,  2.650940E-1,    96.00704, 8.904861E-12,   110.10403,          NaN,         NaN
  1054.7,  8.598201E-2,   110.12715,  2.523187E-1,    96.50442, 8.937686E-12,   108.71885,          NaN,         NaN
  1059.7,  8.934695E-2,   110.79815,  2.618748E-1,    97.07950, 4.708020E-12,   109.21159,          NaN,         NaN
  1064.7,  8.260124E-2,   111.38711,  2.480531E-1,    97.56348, 6.499883E-12,   111.14236,          NaN,         NaN
  1069.7,  7.701860E-2,   112.10110,  2.364301E-1,    98.18975, 1.301447E-11,   110.89511,          NaN,         NaN
  1074.7,  7.439953E-2,   112.84481,  2.291290E-1,    98.82251, 1.278393E-11,   110.50040,          NaN,         NaN
  1079.7,  6.494389E-2,   113.55654,  2.024625E-1,    99.44906, 4.529662E-12,   110.67799,          NaN,         NaN
  1084.7,  5.404590E-2,   114.53263,  1.729704E-1,   100.31013, 3.903278E-12,   112.27289,          NaN,         NaN
  1089.7,  3.314761E-2,   115.81804,  1.052439E-1,   101.49110, 6.891977E-12,   112.50612,          NaN,         NaN
  1094.7,  3.356078E-3,   117.25187,  9.585280E-3,   102.74571, 1.173179E-11,   113.72815,          NaN,         NaN
  1099.7,  4.249567E-3,   118.71115,  1.264355E-2,   104.20275, 5.968200E-12,   116.18442,          NaN,         NaN
  1104.7,  2.571268E-2,   120.33288,  8.590909E-2,   105.74311, 1.098486E-11,   116.41139,          NaN,         NaN
  1109.7,  2.031003E-2,   121.76341,  7.099071E-2,   107.07750, 7.033513E-12,   113.94356,          NaN,         NaN
  1114.7,  1.597974E-2,   121.22616,  5.476899E-2,   106.43560, 8.202495E-12,   113.63212,          NaN,         NaN
  1119.7,  4.199489E-2,   122.09638,  1.477444E-1,   107.20542, 5.530317E-12,   115.53940,          NaN,         NaN
  1124.7,  4.846002E-2,   123.03675,  1.768215E-1,   108.05110, 1.975228E-12,   117.20945,          NaN,         NaN
  1129.7,  5.033126E-2,   123.92959,  1.834913E-1,   108.84794, 1.720957E-12,   118.75866,          NaN,         NaN
  1134.7,  5.024041E-2,   124.69433,  1.863309E-1,   109.51738, 5.029946E-12,   117.05140,          NaN,         NaN
  1139.7,  4.675674E-2,   125.53932,  1.769824E-1,   110.25648, 6.439372E-12,   118.33842,          NaN,         NaN
  1144.7,  4.062595E-2,   126.51819,  1.571576E-1,   111.13619, 5.313034E-12,   119.83227,          NaN,         NaN
  1149.7,  2.507947E-2,   127.59932,  9.971733E-2,   112.11584, 9.272851E-12,   118.54551,          NaN,         NaN
  1154.7,  1.278702E-2,   128.12351,  5.293991E-2,   112.54545, 5.639356E-12,   120.13107,          NaN,         NaN
  1159.7,  1.934579E-3,   130.02520,  7.822894E-3,   114.17898, 2.783788E-12,   121.70966,          NaN,         NaN
  1164.7,  1.245879E-3,   130.99125,  4.763828E-3,   114.96005, 4.663046E-12,   123.29725,          NaN,         NaN
  1169.7,  2.059545E-2,   132.33715,  8.312410E-2,   116.44169, 2.853630E-12,   124.71656,          NaN,         NaN
  1174.7,  3.479102E-2,   133.67361,  1.442914E-1,   117.69764, 5.031901E-12,   124.97412,          NaN,         NaN
  1179.7,  3.875827E-2,   134.75508,  1.635895E-1,   118.68091, 3.521128E-12,   126.29991,          NaN,         NaN
  1184.7,  4.030734E-2,   135.61220,  1.727835E-1,   119.45033, 7.682808E-12,   128.31455,          NaN,         NaN
  1189.7,  3.811318E-2,   136.39213,  1.682601E-1,   120.12667, 1.301543E-12,   126.39625,          NaN,         NaN
  1194.7,  3.620381E-2,   137.20262,  1.618620E-1,   120.84284, 3.624245E-12,   123.81208,          NaN,         NaN
  1199.7,  3.100188E-2,   138.08056,  1.413670E-1,   121.62559, 5.261779E-12,   125.75724,          NaN,         NaN
  1204.7,  1.312891E-2,   139.02151,  6.220655E-2,   122.47648, 4.092556E-12,   127.75345,          NaN,         NaN
  1209.7,  1.199405E-2,   137.93452,  5.474201E-2,   121.26910, 5.837878E-12,   129.91381,          NaN,         NaN
  1214.7,  2.541391E-2,   138.82798,  1.213179E-1,   122.07231, 9.034068E-12,   130.00576,          NaN,         NaN
  1219.7,  2.542396E-2,   139.76979,  1.244449E-1,   122.91113, 5.268980E-12,   130.82035,          NaN,         NaN
  1224.7,  1.677582E-2,   140.76569,  8.310229E-2,   123.82331, 4.137308E-12,   133.12069,          NaN,         NaN
  1229.7,  9.283198E-3,   140.01091,  4.512553E-2,   122.95854, 7.013622E-12,   131.50111,          NaN,         NaN
  1234.7,  2.282485E-2,   140.66409,  1.176660E-1,   123.50324, 2.617799E-12,   133.61102,          NaN,         NaN
  1239.7,  2.647709E-2,   141.45060,  1.376592E-1,   124.19979, 1.003214E-11,   135.39278,          NaN,         NaN
  1244.7,  2.756575E-2,   142.11999,  1.475934E-1,   124.78179, 1.015888E-11,   137.74625,          NaN,         NaN
  1249.7,  2.769473E-2,   142.77206,  1.497927E-1,   125.31303, 1.536327E-12,   136.40887,          NaN,         NaN
  1254.7,  2.818357E-2,   143.42610,  1.555900E-1,   125.88165, 6.524929E-12,   134.89714,          NaN,         NaN
  1259.7,  2.762302E-2,   143.98018,  1.555592E-1,   126.34068, 1.008620E-11,   137.37481,          NaN,         NaN
  1264.7,  2.585655E-2,   144.61358,  1.487238E-1,   126.87643, 4.056068E-12,   138.09243,          NaN,         NaN
  1269.7,  2.688062E-2,   145.23587,  1.567882E-1,   127.39033, 2.110211E-12,   138.06317,          NaN,         NaN
  1274.7,  2.500542E-2,   145.74656,  1.491757E-1,   127.80288, 1.936986E-12,   140.03329,          NaN,         NaN
  1279.7,  2.462973E-2,   146.39204,  1.499193E-1,   128.33395, 8.530875E-12,   138.38467,          NaN,         NaN
  1284.7,  2.556083E-2,   146.93931,  1.583218E-1,   128.79299, 4.222776E-12,   136.48848,          NaN,         NaN
  1289.7,  2.347454E-2,   147.50521,  1.517103E-1,   129.26447, 1.122317E-11,   134.65464,          NaN,         NaN
  1294.7,  2.198484E-2,   148.14898,  1.439643E-1,   129.81905, 9.925225E-12,   131.73590,          NaN,         NaN
  1299.7,  2.310410E-2,   148.64357,  1.533491E-1,   130.22096, 9.310317E-12,   134.57028,          NaN,         NaN
  1304.7,  2.163861E-2,   149.24518,  1.469996E-1,   130.70724, 4.125952E-12,   136.02995,          NaN,         NaN
  1309.7,  2.121817E-2,   149.87323,  1.483637E-1,   131.25071, 4.618905E-12,   135.45157,          NaN,         NaN
  1314.7,  2.123926E-2,   150.43932,  1.485631E-1,   131.72578, 3.684778E-12,   134.62717,          NaN,         NaN
  1319.7,  1.659758E-2,   151.05193,  1.211054E-1,   132.23099, 5.458249E-12,   132.35560,          NaN,         NaN
  1324.7,  1.783539E-2,   151.45744,  1.290056E-1,   132.52839, 5.966412E-12,   134.47048,          NaN,         NaN
  1329.7,  1.873084E-2,   151.99370,  1.386821E-1,   132.99251, 5.982178E-12,   136.35182,          NaN,         NaN
  1334.7,  1.769066E-2,   152.65751,  1.364773E-1,   133.53376, 3.158607E-12,   136.22480,          NaN,         NaN
  1339.7,  1.737379E-2,   153.25023,  1.366792E-1,   134.03337, 7.520314E-12,   137.74137,          NaN,         NaN
  1344.7,  1.673960E-2,   153.78405,  1.351872E-1,   134.48791, 7.745981E-12,   136.37172,          NaN,         NaN
  1349.7,  1.535506E-2,   154.40110,  1.265804E-1,   134.98738, 4.156127E-12,   134.38983,          NaN,         NaN
  1354.7,  1.595394E-2,   154.94432,  1.307897E-1,   135.44781, 7.657287E-12,   132.13544,          NaN,         NaN
  1359.7,  1.486639E-2,   155.50171,  1.267975E-1,   135.90743, 2.828544E-12,   131.16401,          NaN,         NaN
  1364.7,  1.375884E-2,   156.14101,  1.207447E-1,   136.42780, 4.538060E-12,   133.34894,          NaN,         NaN
  1369.7,  1.464572E-2,   156.70358,  1.291914E-1,   136.92432, 7.505867E-12,   132.75170,          NaN,         NaN
  1374.7,  1.274688E-2,   157.29472,  1.172134E-1,   137.41726, 1.197952E-11,   129.93917,          NaN,         NaN
  1379.7,  1.250528E-2,   157.93247,  1.159802E-1,   137.93504, 6.255996E-12,   132.47314,          NaN,         NaN
  1384.7,  1.275273E-2,   158.55269,  1.200390E-1,   138.47814, 8.490533E-12,   134.08935,          NaN,         NaN
  1389.7,  1.094706E-2,   159.23157,  1.090689E-1,   139.04975, 4.889826E-12,   133.34844,          NaN,         NaN
  1394.7,  1.074000E-2,   160.02031,  1.071958E-1,   139.75492, 5.461655E-12,   135.76305,          NaN,         NaN
  1399.7,  8.485430E-3,   160.88931,  8.748775E-2,   140.53276, 2.211194E-12,   133.77042,          NaN,         NaN
  1404.6,  3.684368E-3,   162.21330,  4.082041E-2,   141.77456, 5.174842E-12,   135.33447,          NaN,         NaN
  1409.6,  3.463502E-4,   160.61721,  1.576806E-3,   140.87876, 4.824450E-12,   134.48126,          NaN,         NaN
  1414.6,  2.679418E-3,   159.30782,  2.894673E-2,   138.52552, 6.055771E-12,   134.58046,          NaN,         NaN
  1419.6,  7.276587E-3,   160.71886,  7.866988E-2,   139.89260, 7.395230E-12,   136.86647,          NaN,         NaN
  1424.6,  8.836434E-3,   161.67882,  9.860193E-2,   140.78853, 4.650280E-12,   139.34887,          NaN,         NaN
  1429.6,  8.983920E-3,   162.46439,  1.034859E-1,   141.47293, 6.609331E-12,   141.68828,          NaN,         NaN
  1434.6,  8.961570E-3,   163.15253,  1.048169E-1,   142.08574, 2.472115E-12,   143.98217,          NaN,         NaN
  1439.6,  8.858384E-3,   163.83292,  1.055916E-1,   142.65877, 5.396291E-12,   143.23014,          NaN,         NaN
  1444.6,  8.852291E-3,   164.40906,  1.063412E-1,   143.13769, 2.128564E-12,   141.12102,          NaN,         NaN
  1449.6,  8.461846E-3,   165.10573,  1.080685E-1,   143.73629, 3.838840E-12,   143.64035,          NaN,         NaN
  1454.6,  8.259286E-3,   165.70204,  1.051457E-1,   144.22757, 5.247960E-12,   144.67259,          NaN,         NaN
  1459.6,  7.621350E-3,   166.28428,  1.017659E-1,   144.72149, 3.930572E-12,   145.90477,          NaN,         NaN
  1464.6,  7.471657E-3,   166.89296,  1.014549E-1,   145.22814, 5.252271E-12,   147.80819,          NaN,         NaN
  1469.6,  7.220868E-3,   167.44496,  1.018300E-1,   145.71297, 6.468362E-12,   150.06699,          NaN,         NaN
  1474.6,  6.834436E-3,   168.06151,  9.752534E-2,   146.22736, 5.792158E-12,   150.34741,          NaN,         NaN
  1479.6,  6.684237E-3,   168.67811,  9.655687E-2,   146.74051, 5.740572E-12,   150.19198,          NaN,         NaN
  1484.6,  6.291801E-3,   169.23996,  9.186707E-2,   147.19154, 5.080861E-12,   152.23382,          NaN,         NaN
  1489.6,  5.497442E-3,   169.80903,  8.673125E-2,   147.67338, 5.349143E-12,   152.50371,          NaN,         NaN
  1494.6,  5.921556E-3,   170.35762,  9.265478E-2,   148.14010, 8.346460E-12,   153.05862,          NaN,         NaN
  1499.6,  5.447239E-3,   170.89242,  8.721589E-2,   148.59665, 1.652578E-12,   154.88395,          NaN,         NaN
  1504.6,  5.175798E-3,   171.56690,  8.477987E-2,   149.13072, 2.934465E-12,   152.86878,          NaN,         NaN
  1509.6,  5.261543E-3,   172.06892,  8.693953E-2,   149.56678, 4.946811E-12,   154.80078,          NaN,         NaN
  1514.6,  4.837411E-3,   172.65260,  8.238304E-2,   150.03148, 8.683373E-12,   156.01262,          NaN,         NaN
  1519.6,  4.927435E-3,   173.26041,  8.490836E-2,   150.55300, 3.289419E-12,   155.60786,          NaN,         NaN
  1524.6,  4.616904E-3,   173.82264,  8.594316E-2,   151.00201, 2.261286E-12,   157.15921,          NaN,         NaN
  1529.6,  4.276911E-3,   174.41659,  8.155728E-2,   151.52482, 8.432994E-12,   156.35144,          NaN,         NaN
  1534.6,  4.328243E-3,   175.06642,  8.256886E-2,   152.06365, 7.638906E-12,   157.84527,          NaN,         NaN
  1539.6,  4.067395E-3,   175.55976,  7.892505E-2,   152.49461, 5.093454E-12,   158.43216,          NaN,         NaN
  1544.6,  3.788407E-3,   176.14282,  7.639197E-2,   152.96649, 9.097536E-12,   158.48208,          NaN,         NaN
  1549.6,  4.051712E-3,   176.75000,  8.190898E-2,   153.48640, 3.939634E-12,   156.05005,          NaN,         NaN
  1554.6,  3.770922E-3,   177.34379,  7.812210E-2,   153.97051, 1.403729E-11,   153.81450,          NaN,         NaN
  1559.6,  3.456830E-3,   178.02671,  7.465976E-2,   154.53983, 4.089721E-12,   153.17412,          NaN,         NaN
  1564.6,  3.508246E-3,   178.59577,  7.883954E-2,   155.03843, 5.167148E-12,   153.61569,          NaN,         NaN
  1569.6,  3.345938E-3,   179.20663,  7.521386E-2,   155.53238, 8.008655E-12,   151.52744,          NaN,         NaN
  1574.6,  3.041996E-3,   179.87130,  7.347481E-2,   156.12012, 4.409156E-12,   152.43278,          NaN,         NaN
  1579.6,  2.973546E-3,   180.54717,  7.305943E-2,   156.68830, 3.705485E-12,   151.04659,          NaN,         NaN
  1584.6,  2.572774E-3,   181.21603,  6.792797E-2,   157.27358, 5.746897E-12,   149.33921,          NaN,         NaN
  1589.6,  2.230997E-3,   182.05026,  6.180045E-2,   158.00325, 1.123270E-11,   148.13610,          NaN,         NaN
  1594.6,  1.703042E-3,   182.78827,  5.018728E-2,   158.75590, 4.876673E-12,   149.98195,          NaN,         NaN
  1599.6,  3.991392E-4,   183.55154,  1.417020E-2,   159.57162, 8.078372E-12,   151.40484,          NaN,         NaN
  1604.6,  9.260359E-4,   182.23579,  1.991556E-2,   157.90736, 3.869085E-12,   152.05194,          NaN,         NaN
  1609.6,  1.811930E-3,   183.18357,  4.833092E-2,   158.79970, 6.654186E-12,   153.69722,          NaN,         NaN
  1614.6,  1.809753E-3,   184.12207,  5.353658E-2,   159.62413, 4.371175E-12,   155.75396,          NaN,         NaN
  1619.6,  1.968184E-3,   184.90215,  5.707653E-2,   160.37443, 5.156434E-12,   156.97281,          NaN,         NaN
  1624.6,  1.859447E-3,   185.66055,  5.735936E-2,   161.04242, 8.070358E-12,   159.17871,          NaN,         NaN
  1629.6,  1.606150E-3,   186.50107,  5.360066E-2,   161.79697, 7.630742E-12,   160.31333,          NaN,         NaN
  1634.6,  1.541697E-3,   187.40635,  5.286491E-2,   162.59072, 4.873903E-12,   158.44887,          NaN,         NaN
  1639.6,  1.313325E-3,   188.43112,  4.811951E-2,   163.44076, 4.332924E-12,   158.44961,          NaN,         NaN
  1644.6,  9.048608E-4,   189.70710,  3.939843E-2,   164.51800, 5.440660E-12,   159.50923,          NaN,         NaN
  1649.6,  7.014217E-4,   191.26872,  2.920403E-2,   165.84380, 8.461163E-12,   161.40227,          NaN,         NaN
  1654.6,  4.358608E-4,   193.38811,  8.893685E-3,   167.86211, 3.226380E-12,   162.14116,          NaN,         NaN
  1659.6,  1.931003E-4,   194.39844,  5.781779E-4,   167.27703, 1.172560E-11,   163.68377,          NaN,         NaN
  1664.6,  2.278996E-4,   194.73783,  4.499069E-4,   168.11947, 9.862105E-12,   161.46200,          NaN,         NaN
  1669.6,  2.687807E-4,   195.45047,  5.109054E-4,   169.06939, 1.931816E-12,   161.19567,          NaN,         NaN
  1674.6,  2.594813E-4,   196.06776,  1.482997E-3,   170.39692, 4.582182E-12,   163.07835,          NaN,         NaN
  1679.6,  2.318315E-4,   198.65411,  1.411067E-2,   173.28704, 3.630335E-12,   162.27304,          NaN,         NaN
  1684.6,  4.970909E-4,   201.58492,  2.661737E-2,   175.27256, 3.660013E-12,   164.16041,          NaN,         NaN
  1689.6,  7.980516E-4,   203.05703,  3.425517E-2,   176.76896, 3.768364E-12,   164.80374,          NaN,         NaN
  1694.6,  8.866736E-4,   204.29100,  3.527762E-2,   178.03911, 1.509526E-12,   162.56723,          NaN,         NaN
  1699.6,  7.045719E-4,   205.57202,  3.019453E-2,   179.41677, 1.089067E-11,   160.68497,          NaN,         NaN
  1704.6,  4.247893E-4,   207.01634,  2.049208E-2,   181.05459, 1.144171E-11,   162.74318,          NaN,         NaN
  1709.6,  1.554058E-4,   205.34328,  4.235214E-3,   183.49264, 1.706636E-12,   160.46058,          NaN,         NaN
  1714.6,  9.642706E-5,   206.57048,  5.305149E-4,   183.43157, 6.401671E-12,   160.57247,          NaN,         NaN
  1719.6,  1.818967E-4,   207.08833,  6.984511E-4,   185.41470, 5.195826E-12,   158.55021,          NaN,         NaN
  1724.6,  2.841475E-4,   208.32773,  1.121655E-2,   188.37081, 2.620021E-12,   156.77650,          NaN,         NaN
  1729.6,  2.925371E-4,   210.88179,  2.581054E-2,   190.37083, 8.787270E-12,   154.81308,          NaN,         NaN
  1734.6,  3.627550E-4,   212.70564,  3.401071E-2,   191.64710, 3.762683E-12,   156.21930,          NaN,         NaN
  1739.6,  5.062446E-4,   213.86598,  3.661170E-2,   192.63877, 5.405347E-12,   157.65752,          NaN,         NaN
  1744.6,  6.308601E-4,   214.88799,  3.950184E-2,   193.52111, 2.251695E-12,   159.04904,          NaN,         NaN
  1749.6,  5.783171E-4,   215.71901,  3.864269E-2,   194.29387, 3.790862E-12,   160.11256,          NaN,         NaN
  1754.6,  5.513990E-4,   216.59659,  3.429874E-2,   195.12400, 5.224145E-12,   159.02104,          NaN,         NaN
  1759.6,  3.833131E-4,   217.35707,  1.992130E-2,   195.91074, 3.771612E-12,   159.97723,          NaN,         NaN
  1764.6,  3.667837E-4,   217.53802,  2.344416E-2,   195.47532, 8.668408E-12,   160.97295,          NaN,         NaN
  1769.6,  5.335639E-4,   218.03519,  3.383954E-2,   196.27615, 7.324045E-12,   161.44062,          NaN,         NaN
  1774.6,  5.696020E-4,   218.85840,  3.643966E-2,   197.01501, 8.257500E-12,   162.97674,          NaN,         NaN
  1779.6,  5.628330E-4,   219.64178,  3.515710E-2,   197.69852, 7.671341E-12,   161.04468,          NaN,         NaN
  1784.6,  4.726714E-4,   220.41630,  3.178151E-2,   198.51313, 8.523515E-12,   163.67210,          NaN,         NaN
  1789.6,  4.495396E-4,   221.27392,  2.281515E-2,   199.47362, 4.174209E-12,   165.19629,          NaN,         NaN
  1794.6,  2.289325E-4,   221.75078,  3.957841E-3,   199.53515, 7.185417E-12,   163.75650,          NaN,         NaN
  1799.6,  1.340346E-4,   221.64119,  1.260725E-2,   198.09223, 3.827947E-12,   162.42101,          NaN,         NaN
  1804.5,  2.441366E-4,   221.71168,  2.905908E-2,   199.09696, 1.045615E-11,   160.12859,          NaN,         NaN
  1809.5,  3.964704E-4,   222.45798,  3.290211E-2,   199.90054, 8.875549E-12,   161.32934,          NaN,         NaN
  1814.5,  4.576132E-4,   223.21829,  3.519407E-2,   200.59500, 2.027559E-12,   160.87353,          NaN,         NaN
  1819.5,  4.528582E-4,   223.92015,  3.650586E-2,   201.19829, 9.479628E-12,   158.77844,          NaN,         NaN
  1824.5,  4.909481E-4,   224.64954,  3.549486E-2,   201.81096, 4.294991E-12,   156.78143,          NaN,         NaN
  1829.5,  4.224504E-4,   225.42077,  3.559329E-2,   202.43203, 9.381216E-12,   156.30210,          NaN,         NaN
  1834.5,  4.085852E-4,   225.78906,  3.470191E-2,   202.97931, 3.891893E-12,   155.55712,          NaN,         NaN
  1839.5,  3.522001E-4,   226.54356,  3.249490E-2,   203.60685, 4.704993E-12,   154.50212,          NaN,         NaN
  1844.5,  3.635603E-4,   227.00657,  3.286623E-2,   204.23868, 2.812180E-12,   154.48200,          NaN,         NaN
  1849.5,  3.938291E-4,   227.65529,  3.014146E-2,   204.90667, 6.907664E-12,   155.97579,          NaN,         NaN
  1854.5,  3.714427E-4,   228.62830,  2.591960E-2,   205.76934, 7.524428E-12,   158.30074,          NaN,         NaN
  1859.5,  2.340815E-4,   229.41926,  1.748636E-2,   206.87954, 6.670823E-12,   156.44273,          NaN,         NaN
  1864.5,  1.604623E-4,   229.55295,  1.863270E-3,   208.08835, 6.792112E-12,   156.90893,          NaN,         NaN
  1869.5,  1.264088E-4,   230.24894,  1.848913E-3,   209.33044, 4.822014E-12,   159.51010,          NaN,         NaN
  1874.5,  8.130050E-5,   229.55418,  1.621127E-2,   211.08048, 7.951147E-12,   157.57096,          NaN,         NaN
  1879.5,  1.623626E-4,   230.16270,  2.256570E-2,   212.20403, 5.655822E-12,   158.69064,          NaN,         NaN
  1884.5,  2.541146E-4,   231.00926,  2.470635E-2,   213.03967, 2.126494E-12,   157.63560,          NaN,         NaN
  1889.5,  2.652404E-4,   231.63590,  2.720154E-2,   213.70997, 8.426576E-12,   158.35475,          NaN,         NaN
  1894.5,  2.406301E-4,   232.28225,  2.672858E-2,   214.38090, 7.969336E-12,   159.76838,          NaN,         NaN
  1899.5,  3.055089E-4,   233.12898,  2.739919E-2,   215.08764, 7.042059E-12,   158.32109,          NaN,         NaN
  1904.5,  2.959599E-4,   233.75322,  2.586787E-2,   215.79655, 3.550673E-12,   157.48441,          NaN,         NaN
  1909.5,  2.663937E-4,   234.52170,  2.038635E-2,   216.71062, 1.096650E-11,   157.86850,          NaN,         NaN
  1914.5,  1.691370E-4,   235.55836,  7.698250E-3,   217.93763, 5.676559E-12,   159.77819,          NaN,         NaN
  1919.5,  9.059252E-5,   235.36192,  1.826534E-4,   215.65620, 3.641163E-12,   159.05107,          NaN,         NaN
  1924.5,  9.309676E-5,   235.86998,  1.365160E-2,   215.41374, 1.649938E-12,   160.52213,          NaN,         NaN
  1929.5,  1.149991E-4,   235.80270,  2.364198E-2,   216.54169, 3.866582E-12,   159.28695,          NaN,         NaN
  1934.5,  1.390419E-4,   236.27314,  2.725382E-2,   217.30473, 3.941577E-12,   161.25558,          NaN,         NaN
  1939.5,  2.038230E-4,   237.27260,  2.860571E-2,   217.99137, 8.959227E-12,   163.84059,          NaN,         NaN
  1944.5,  1.498583E-4,   237.73333,  2.984769E-2,   218.58367, 1.160923E-11,   166.41846,          NaN,         NaN
  1949.5,  1.383837E-4,   238.22676,  2.995365E-2,   219.15315, 6.780935E-12,   165.00760,          NaN,         NaN
  1954.5,  1.833196E-4,   238.63589,  3.029647E-2,   219.72130, 4.617491E-12,   163.24113,          NaN,         NaN
  1959.5,  1.884508E-4,   239.71885,  3.046338E-2,   220.23662, 8.520800E-12,   165.72149,          NaN,         NaN
  1964.5,  2.053987E-4,   239.99572,  2.988546E-2,   220.77398, 5.278530E-12,   167.66394,          NaN,         NaN
  1969.5,  1.817367E-4,   240.80461,  2.964245E-2,   221.31893, 1.174222E-11,   167.53752,          NaN,         NaN
  1974.5,  1.933898E-4,   241.49196,  2.968365E-2,   221.81103, 5.445406E-12,   165.19288,          NaN,         NaN
  1979.5,  1.591136E-4,   242.03297,  2.846621E-2,   222.34265, 6.536739E-12,   166.68772,          NaN,         NaN
  1984.5,  1.058852E-4,   242.33742,  2.869400E-2,   222.87052, 3.445988E-12,   165.02675,          NaN,         NaN
  1989.5,  1.382083E-4,   242.46207,  2.768972E-2,   223.35410, 4.833284E-12,   165.79691,          NaN,         NaN
  1994.5,  1.434606E-4,   243.51349,  2.715070E-2,   223.88738, 5.696846E-12,   163.82499,          NaN,         NaN
  1999.5,  1.727520E-4,   244.12593,  2.693665E-2,   224.39507, 7.340983E-12,   164.00659,          NaN,         NaN
  2004.5,  1.519486E-4,   244.33143,  2.606176E-2,   224.91520, 1.284161E-11,   165.55150,          NaN,         NaN
  2009.5,  1.479999E-4,   245.11038,  2.466284E-2,   225.49689, 7.100287E-12,   167.53675,          NaN,         NaN
  2014.5,  1.695733E-4,   245.95972,  2.012508E-2,   225.98609, 9.233335E-12,   169.69216,          NaN,         NaN
  2019.5,  1.391764E-4,   246.28685,  2.256512E-2,   226.32702, 3.863674E-12,   167.71593,          NaN,         NaN
  2024.5,  9.102839E-5,   247.49450,  2.295207E-2,   227.00425, 4.041719E-12,   167.38720,          NaN,         NaN
  2029.5,  1.105710E-4,   247.47545,  2.169661E-2,   227.69507, 3.169199E-12,   170.15468,          NaN,         NaN
  2034.5,  1.025010E-4,   248.04615,  1.442182E-2,   228.63959, 2.340827E-12,   169.27038,          NaN,         NaN
  2039.5,  8.967239E-5,   248.76091,  1.817931E-3,   228.54651, 5.966368E-12,   168.13451,          NaN,         NaN
  2044.5,  9.306216E-5,   249.08333,  1.236880E-2,   227.45399, 3.780766E-12,   170.32868,          NaN,         NaN
  2049.5,  1.184466E-4,   249.35651,  1.942975E-2,   228.44075, 5.599814E-12,   168.35434,          NaN,         NaN
  2054.5,  1.371973E-4,   250.34915,  2.200242E-2,   229.19268, 3.674190E-12,   166.10826,          NaN,         NaN
  2059.5,  1.585033E-4,   250.61242,  2.228234E-2,   229.86911, 5.074153E-12,   166.71787,          NaN,         NaN
  2064.5,  1.232709E-4,   251.85021,  2.030835E-2,   230.64416, 6.023857E-12,   164.99081,          NaN,         NaN
  2069.5,  1.323702E-4,   252.42038,  1.363766E-2,   231.51717, 9.727294E-12,   167.06184,          NaN,         NaN
  2074.5,  7.883467E-5,   253.62369,  4.925823E-3,   230.69610, 6.808621E-12,   164.73260,          NaN,         NaN
  2079.5,  2.957187E-5,   253.79940,  1.622281E-2,   231.11514, 7.757421E-12,   167.23002,          NaN,         NaN
  2084.5,  8.155009E-5,   253.20139,  2.061517E-2,   231.86562, 6.762305E-12,   167.94058,          NaN,         NaN
  2089.5,  1.118483E-4,   254.04607,  2.071797E-2,   232.51938, 7.604884E-12,   168.79855,          NaN,         NaN
  2094.5,  6.117775E-5,   254.32499,  2.098409E-2,   233.15867, 2.879688E-12,   169.82264,          NaN,         NaN
  2099.5,  9.497257E-5,   254.67391,  2.096866E-2,   233.72228, 3.537361E-12,   171.66911,          NaN,         NaN
  2104.5,  5.742158E-5,   255.07115,  1.972634E-2,   234.26975, 4.142193E-12,   170.18521,          NaN,         NaN
  2109.5,  1.027337E-4,   256.54351,  1.974680E-2,   234.86536, 6.247376E-12,   168.85512,          NaN,         NaN
  2114.5,  1.016992E-4,   256.97845,  1.980331E-2,   235.40020, 3.935952E-12,   166.50441,          NaN,         NaN
  2119.5,  9.881972E-5,   257.64524,  1.843623E-2,   235.98532, 3.639267E-12,   168.00156,          NaN,         NaN
  2124.5,  1.157736E-4,   258.11300,  1.836931E-2,   236.60426, 3.989721E-12,   167.65359,          NaN,         NaN
  2129.5,  1.008222E-4,   258.38729,  1.789483E-2,   237.16691, 4.571212E-12,   170.15168,          NaN,         NaN
  2134.5,  5.093832E-5,   259.43436,  1.663100E-2,   237.84322, 5.336156E-12,   171.30462,          NaN,         NaN
  2139.5,  4.515121E-5,   260.19907,  1.634012E-2,   238.56982, 7.431192E-12,   171.98219,          NaN,         NaN
  2144.5,  4.364253E-5,   260.68211,  1.473232E-2,   239.33538, 3.706624E-12,   170.96680,          NaN,         NaN
  2149.5,  3.822994E-5,   260.90285,  1.207881E-2,   240.34438, 7.848019E-12,   170.65425,          NaN,         NaN
  2154.5,  6.951412E-5,   262.58234,  7.379376E-3,   241.73111, 7.936574E-12,   168.44169,          NaN,         NaN
  2159.5,  1.929201E-5,   260.42735,  6.484219E-4,   243.66698, 8.202410E-12,   166.51533,          NaN,         NaN
  2164.5,  6.523877E-5,   260.97048,  1.562035E-4,   242.46311, 6.624354E-12,   164.93747,          NaN,         NaN
  2169.5,  7.759219E-5,   262.18465,  2.872465E-3,   243.67785, 4.597004E-12,   165.36167,          NaN,         NaN
  2174.5,  7.676808E-5,   263.41026,  8.390365E-3,   245.64711, 2.742389E-12,   164.44603,          NaN,         NaN
  2179.5,  3.739345E-5,   264.27685,  1.051879E-2,   247.15212, 7.714682E-12,   166.51107,          NaN,         NaN
  2184.5,  4.421185E-5,   264.70211,  9.415333E-3,   248.57554, 8.098924E-12,   166.10789,          NaN,         NaN
  2189.5,  2.760654E-5,   267.37402,  4.016008E-3,   250.45469, 2.395241E-12,   167.90895,          NaN,         NaN
  2194.5,  1.284523E-5,   269.34334,  2.660441E-4,   249.87167, 6.402978E-12,   169.93088,          NaN,         NaN
  2199.5,  3.137957E-5,   271.03853,  1.489045E-3,   252.08719, 6.398556E-12,   172.00281,          NaN,         NaN
  2204.4,  3.163480E-5,   270.67920,  7.063809E-3,   254.28392, 1.808634E-12,   169.83733,          NaN,         NaN
  2209.4,  1.427867E-5,   273.16034,  8.183775E-3,   256.10438, 2.792085E-12,   168.39887,          NaN,         NaN
  2214.4,  6.963576E-5,   271.51634,  4.247307E-3,   258.05872, 5.981694E-12,   167.60381,          NaN,         NaN
  2219.4,  7.703596E-5,   272.19663,  2.793752E-4,   257.44636, 1.181219E-11,   165.52410,          NaN,         NaN
  2224.4,  5.420703E-5,   273.84932,  1.284371E-3,   259.46209, 1.326109E-11,   166.87965,          NaN,         NaN
  2229.4,  7.615540E-5,   275.04817,  7.215612E-3,   261.62514, 5.962729E-12,   168.70905,          NaN,         NaN
  2234.4,  5.692448E-5,   277.99790,  1.034740E-2,   263.14652, 9.561395E-12,   169.63807,          NaN,         NaN
  2239.4,  2.764358E-5,   276.13995,  1.140508E-2,   264.32778, 5.363877E-12,   171.90109,          NaN,         NaN
  2244.4,  7.803049E-5,   274.62985,  1.021152E-2,   265.31329, 7.023299E-12,   170.17999,          NaN,         NaN
  2249.4,  4.222519E-5,   276.38843,  9.714138E-3,   266.54776, 7.501426E-12,   170.62432,          NaN,         NaN
  2254.4,  7.004227E-5,   276.71653,  5.880526E-3,   268.16867, 1.425143E-11,   172.15175,          NaN,         NaN
  2259.4,  3.582724E-5,   276.88387,  4.460017E-4,   270.68959, 8.923969E-12,   174.18597,          NaN,         NaN
  2264.4,  2.912529E-5,   276.13004,  1.140384E-4,   269.73634, 3.349058E-12,   172.96797,          NaN,         NaN
  2269.4,  3.774722E-5,   276.28296,  2.419116E-3,   269.24180, 3.377651E-12,   174.41363,          NaN,         NaN
  2274.4,  7.601289E-5,   277.97755,  7.844470E-3,   271.27853, 2.517521E-12,   172.94829,          NaN,         NaN
  2279.4,  4.291854E-5,   278.71602,  1.084250E-2,   272.57659, 3.713718E-12,   170.88382,          NaN,         NaN
  2284.4,  6.038990E-5,   279.24730,  1.215147E-2,   273.53462, 1.016317E-11,   172.97038,          NaN,         NaN
  2289.4,  5.282915E-5,   279.49818,  1.264358E-2,   274.35930, 4.863848E-12,   174.18163,          NaN,         NaN
  2294.4,  6.927017E-5,   280.30635,  1.310169E-2,   275.10127, 7.433077E-12,   173.11413,          NaN,         NaN
  2299.4,  5.427151E-5,   281.29621,  1.321313E-2,   275.78239, 5.099183E-12,   175.11346,          NaN,         NaN
  2304.4,  8.644917E-5,   281.02210,  1.308997E-2,   276.48336, 7.425681E-12,   177.62258,          NaN,         NaN
  2309.4,  6.588993E-5,   282.78572,  1.277383E-2,   277.16078, 6.538870E-12,   179.46494,          NaN,         NaN
  2314.4,  3.803298E-5,   280.94094,  1.103176E-2,   277.86079, 2.757731E-12,   178.79162,          NaN,         NaN
  2319.4,  5.425641E-5,   283.25300,  1.040078E-2,   278.20658, 3.855831E-12,   177.29713,          NaN,         NaN
  2324.4,  8.947585E-5,   283.58957,  1.181846E-2,   278.91526, 2.294020E-12,   177.37892,          NaN,         NaN
  2329.4,  3.945852E-5,   283.69154,  1.124599E-2,   279.67561, 6.767067E-12,   179.97800,          NaN,         NaN
  2334.4,  5.303820E-5,   284.09465,  9.819703E-3,   280.58876, 2.455640E-12,   179.03217,          NaN,         NaN
  2339.4,  9.756930E-5,   285.07590,  5.081357E-3,   281.75560, 9.176244E-12,   181.16006,          NaN,         NaN
  2344.4,  7.678768E-5,   285.92900,  7.742320E-4,   279.94946, 4.862348E-12,   182.69044,          NaN,         NaN
  2349.4,  2.763227E-5,   286.71987,  6.566954E-3,   280.69037, 9.091262E-12,   185.20821,          NaN,         NaN
  2354.4,  4.537348E-5,   287.39005,  8.006491E-3,   281.92848, 7.240196E-12,   185.99987,          NaN,         NaN
  2359.4,  3.085568E-5,   287.49426,  5.756046E-3,   283.22726, 5.006036E-12,   184.70760,          NaN,         NaN
  2364.4,  3.660650E-5,   287.94273,  6.160995E-4,   283.61263, 2.097967E-12,   182.27404,          NaN,         NaN
  2369.4,  7.572316E-5,   287.99021,  3.964615E-3,   282.43968, 7.605161E-12,   183.04836,          NaN,         NaN
  2374.4,  1.918302E-5,   287.50761,  6.416137E-3,   283.93505, 4.208295E-12,   184.77412,          NaN,         NaN
  2379.4,  9.818519E-5,   288.45780,  5.361489E-3,   285.41944, 4.533383E-12,   184.81299,          NaN,         NaN
  2384.4,  6.894028E-5,   289.29328,  1.532302E-3,   287.44624, 5.799363E-12,   186.39680,          NaN,         NaN
  2389.4,  3.668013E-5,   290.36090,  2.253213E-4,   286.16975, 4.261968E-12,   188.86577,          NaN,         NaN
  2394.4,  7.701586E-5,   290.69115,  4.545705E-4,   286.27026, 1.010234E-11,   187.37175,          NaN,         NaN
  2399.4,  8.143132E-5,   291.73955,  3.684008E-3,   288.54137, 7.748855E-12,   187.94359,          NaN,         NaN
  2404.4,  5.100107E-5,   292.15655,  6.194914E-3,   290.12119, 4.245222E-12,   190.28562,          NaN,         NaN
  2409.4,  4.013154E-5,   291.49044,  7.493341E-3,   291.20000, 5.835633E-12,   191.38078,          NaN,         NaN
  2414.4,  8.706658E-5,   292.55471,  7.842612E-3,   292.10227, 1.340679E-11,   191.20437,          NaN,         NaN
  2419.4,  6.383029E-5,   293.72525,  7.964169E-3,   292.92862, 7.114780E-12,   193.17913,          NaN,         NaN
  2424.4,  5.131550E-5,   294.73263,  7.157276E-3,   293.75080, 7.854782E-12,   193.52880,          NaN,         NaN
  2429.4,  3.582846E-5,   295.80805,  6.246536E-3,   294.06387, 8.624994E-12,   194.01777,          NaN,         NaN
  2434.4,  3.532196E-5,   293.84069,  7.918273E-3,   294.89334, 2.784484E-12,   195.01418,          NaN,         NaN
  2439.4,  3.301665E-5,   294.82560,  7.692042E-3,   295.73196, 9.632305E-12,   196.44351,          NaN,         NaN
  2444.4,  8.781871E-5,   296.10625,  6.068582E-3,   296.66404, 1.203565E-11,   196.53606,          NaN,         NaN
  2449.4,  6.019538E-5,   296.28979,  5.595651E-3,   297.54666, 6.616022E-12,   199.12562,          NaN,         NaN
  2454.4,  3.802090E-5,   297.13457,  2.908028E-3,   299.25917, 5.549397E-12,   199.19872,          NaN,         NaN
  2459.4,  3.813041E-5,   295.26636,  1.173191E-4,   296.66515, 1.011561E-11,   197.10247,          NaN,         NaN
  2464.4,  6.108821E-5,   297.45609,  9.762977E-5,   297.25069, 8.468699E-12,   199.13936,          NaN,         NaN
  2469.4,  1.767659E-5,   298.11540,  2.685919E-3,   294.42962, 4.936282E-12,   200.49343,          NaN,         NaN
  2474.4,  2.241406E-5,   298.11561,  5.785706E-3,   296.21710, 1.029023E-11,   200.62766,          NaN,         NaN
  2479.4,  8.162653E-5,   298.27093,  7.318943E-3,   297.35105, 6.559951E-12,   202.43007,          NaN,         NaN
  2484.4,  7.618139E-5,   298.54969,  7.981357E-3,   298.21850, 2.687730E-12,   203.52896,          NaN,         NaN
  2489.4,  9.127808E-5,   299.51690,  8.457477E-3,   299.01165, 4.129816E-12,   203.70013,          NaN,         NaN
  2494.4,  1.170772E-4,   300.52670,  8.798411E-3,   299.69665, 4.390302E-12,   204.20045,          NaN,         NaN
  2499.4,  6.057505E-5,   301.47994,  8.616658E-3,   300.35881, 2.931647E-12,   203.08416,          NaN,         NaN
  2504.4,  6.096976E-5,   301.68943,  8.737936E-3,   300.99523, 6.020407E-12,   204.32077,          NaN,         NaN
  2509.4,  4.881499E-5,   302.51281,  8.783879E-3,   301.58429, 2.780244E-12,   205.26794,          NaN,         NaN
  2514.4,  7.367419E-5,   302.88403,  8.665417E-3,   302.18750, 5.359103E-12,   207.10739,          NaN,         NaN
  2519.4,  7.666168E-5,   303.75035,  8.645139E-3,   302.78356, 1.027278E-11,   206.04539,          NaN,         NaN
  2524.4,  6.785822E-5,   303.26798,  8.526260E-3,   303.36486, 6.674048E-12,   204.00630,          NaN,         NaN
  2529.4,  4.675631E-5,   303.96557,  8.285564E-3,   303.94305, 2.281339E-12,   205.30049,          NaN,         NaN
  2534.4,  5.628555E-5,   304.91349,  8.331606E-3,   304.50663, 1.831035E-12,   204.41030,          NaN,         NaN
  2539.4,  8.502086E-5,   305.47319,  8.153217E-3,   305.08910, 5.969120E-12,   205.98353,          NaN,         NaN
  2544.4,  6.801691E-5,   306.22008,  8.032938E-3,   305.68680, 2.128604E-12,   206.56563,          NaN,         NaN
  2549.4,  1.582536E-5,   306.25401,  7.989188E-3,   306.25134, 7.248857E-12,   205.43317,          NaN,         NaN
  2554.4,  2.689367E-5,   307.40916,  7.770776E-3,   306.86113, 4.326380E-12,   203.06531,          NaN,         NaN
  2559.4,  5.758976E-5,   307.56470,  7.550919E-3,   307.51894, 8.409946E-12,   201.61173,          NaN,         NaN
  2564.4,  6.720493E-5,   308.14771,  6.153049E-3,   308.16165, 1.088429E-11,   203.03500,          NaN,         NaN
  2569.4,  5.184289E-5,   308.49299,  6.513261E-3,   308.44204, 3.962093E-12,   200.96197,          NaN,         NaN
  2574.4,  3.817266E-5,   309.61927,  7.233002E-3,   309.14951, 4.527208E-12,   201.82483,          NaN,         NaN
  2579.4,  3.803459E-5,   309.29406,  7.380613E-3,   309.84141, 3.355608E-12,   201.10539,          NaN,         NaN
  2584.4,  2.262290E-5,   308.95788,  7.158052E-3,   310.56716, 4.344789E-12,   203.53459,          NaN,         NaN
  2589.4,  6.528313E-5,   310.34390,  7.073705E-3,   311.31975, 1.482171E-11,   203.64286,          NaN,         NaN
  2594.4,  5.319879E-5,   310.79070,  6.858762E-3,   312.09086, 3.728054E-12,   204.20025,          NaN,         NaN
  2599.4,  9.715194E-6,   312.25013,  6.418667E-3,   312.97600, 9.094495E-12,   205.59897,          NaN,         NaN
  2604.3,  5.074000E-5,   311.57892,  6.025723E-3,   313.95646, 4.060531E-12,   203.46225,          NaN,         NaN
  2609.3,  8.378030E-5,   312.06676,  5.238679E-3,   315.08245, 8.289351E-12,   204.33462,          NaN,         NaN
  2614.3,  6.553246E-5,   312.63276,  4.265407E-3,   316.50676, 3.087860E-12,   204.25302,          NaN,         NaN
  2619.3,  6.313097E-5,   312.84323,  2.837225E-3,   318.32057, 9.762174E-12,   206.11940,          NaN,         NaN
  2624.3,  3.606406E-5,   310.02269,  8.976281E-4,   320.94599, 6.247709E-12,   207.00039,          NaN,         NaN
  2629.3,  7.924146E-5,   307.85611,  1.748968E-4,   319.25812, 7.617127E-12,   205.21053,          NaN,         NaN
  2634.3,  4.668373E-5,   308.79199,  7.643448E-5,   320.43850, 6.056823E-12,   202.99604,          NaN,         NaN
  2639.3,  5.010632E-5,   309.23721,  6.624414E-5,   321.56785, 6.611932E-12,   201.11254,          NaN,         NaN
  2644.3,  5.572231E-5,   309.65758,  6.843934E-5,   321.59069, 9.893718E-12,   198.71786,          NaN,         NaN
  2649.3,  8.020222E-5,   310.62392,  2.489289E-4,   323.10502, 7.404721E-12,   201.31252,          NaN,         NaN
  2654.3,  6.199923E-5,   311.16021,  1.149402E-3,   320.71688, 7.556473E-12,   201.38192,          NaN,         NaN
  2659.3,  8.347952E-5,   311.22671,  1.428520E-3,   323.47668, 9.202026E-12,   203.65011,          NaN,         NaN
  2664.3,  6.609028E-5,   311.79354,  6.709165E-4,   323.55120, 6.792569E-12,   205.48027,          NaN,         NaN
  2669.3,  1.190266E-4,   312.78561,  2.717186E-3,   325.03214, 6.386577E-12,   203.48906,          NaN,         NaN
  2674.3,  5.876389E-5,   313.06933,  3.282287E-3,   326.71373, 6.544842E-12,   205.49459,          NaN,         NaN
  2679.3,  5.284014E-5,   313.69188,  2.358311E-3,   328.35229, 4.341339E-12,   203.78710,          NaN,         NaN
  2684.3,  9.368890E-5,   314.57690,  1.100015E-4,   329.44320, 8.836054E-12,   205.84086,          NaN,         NaN
  2689.3,  9.188949E-5,   315.15895,  2.133195E-3,   327.24575, 9.691592E-12,   208.46097,          NaN,         NaN
  2694.3,  4.707045E-5,   316.13037,  3.945169E-3,   328.66925, 5.787445E-12,   206.44233,          NaN,         NaN
  2699.3,  6.118033E-5,   315.81806,  4.568101E-3,   329.74183, 3.041711E-12,   206.11001,          NaN,         NaN
  2704.3,  5.968681E-5,   316.18559,  4.996794E-3,   330.62505, 6.272331E-12,   208.40420,          NaN,         NaN
  2709.3,  6.715295E-5,   317.45186,  5.084285E-3,   331.43589, 7.913179E-12,   206.51911,          NaN,         NaN
  2714.3,  5.786217E-5,   318.47675,  5.202552E-3,   332.24834, 3.195491E-12,   209.01043,          NaN,         NaN
  2719.3,  4.049296E-5,   318.45068,  5.319631E-3,   333.04623, 7.347834E-12,   207.73033,          NaN,         NaN
  2724.3,  3.416040E-5,   319.45470,  5.185081E-3,   333.86066, 3.986432E-12,   209.70415,          NaN,         NaN
  2729.3,  5.659606E-5,   319.85132,  5.079540E-3,   334.71019, 3.826324E-12,   209.27568,          NaN,         NaN
  2734.3,  5.113353E-5,   319.28595,  4.867450E-3,   335.57952, 8.060166E-12,   211.73831,          NaN,         NaN
  2739.3,  6.697782E-5,   320.50746,  4.313495E-3,   336.51090, 6.941741E-12,   209.33969,          NaN,         NaN
  2744.3,  5.752331E-5,   322.17190,  4.036963E-3,   337.54996, 8.436312E-12,   207.26252,          NaN,         NaN
  2749.3,  3.920822E-5,   319.98463,  3.438166E-3,   338.83143, 5.632437E-12,   204.98357,          NaN,         NaN
  2754.3,  1.364020E-5,   319.96772,  2.330359E-3,   340.48342, 9.770344E-12,   206.21930,          NaN,         NaN
  2759.3,  2.412438E-5,   320.85222,  1.116362E-3,   342.83309, 4.606605E-12,   204.09800,          NaN,         NaN
  2764.3,  3.496035E-5,   322.36387,  1.197279E-4,   340.41103, 5.988397E-12,   201.53196,          NaN,         NaN
  2769.3,  2.799789E-5,   322.61567,  8.163083E-5,   337.99823, 9.400508E-12,   203.65094,          NaN,         NaN
  2774.3,  2.436355E-5,   322.84405,  9.910798E-5,   338.71642, 4.772362E-12,   205.86518,          NaN,         NaN
  2779.3,  4.434443E-5,   323.65305,  6.464253E-5,   338.97231, 3.853479E-12,   207.69808,          NaN,         NaN
  2784.3,  3.927122E-5,   324.64343,  4.855445E-4,   336.87561, 4.364133E-12,   209.62570,          NaN,         NaN
  2789.3,  2.787927E-5,   326.35240,  1.850269E-3,   339.49014, 6.809867E-12,   209.28522,          NaN,         NaN
  2794.3,  3.653084E-5,   325.44521,  2.753119E-3,   341.28247, 8.502952E-12,   211.90160,          NaN,         NaN
  2799.3,  3.983518E-5,   327.11964,  3.357589E-3,   342.68513, 3.460703E-12,   212.01877,          NaN,         NaN
  2804.3,  6.636583E-5,   327.81049,  3.783492E-3,   343.78499, 4.331804E-12,   214.15580,          NaN,         NaN
  2809.3,  4.900650E-5,   328.88194,  4.053326E-3,   344.77015, 9.091661E-12,   212.40289,          NaN,         NaN
  2814.3,  2.923674E-5,   329.28752,  4.374788E-3,   345.66957, 4.034011E-12,   212.21369,          NaN,         NaN
  2819.3,  3.602254E-5,   330.92283,  4.536509E-3,   346.47081, 7.830985E-12,   214.82635,          NaN,         NaN
  2824.3,  4.722694E-5,   330.15901,  4.636414E-3,   347.25733, 2.237818E-12,   215.29085,          NaN,         NaN
  2829.3,  3.942303E-5,   332.07201,  4.833877E-3,   348.02714, 4.763440E-12,   213.18138,          NaN,         NaN
  2834.3,  1.544698E-5,   332.97128,  4.864614E-3,   348.73690, 8.306625E-12,   215.09470,          NaN,         NaN
  2839.3,  3.280765E-5,   334.25165,  4.920445E-3,   349.49134, 1.890433E-12,   217.34314,          NaN,         NaN
  2844.3,  3.461425E-5,   335.07490,  4.908071E-3,   350.22023, 8.780884E-12,   219.29251,          NaN,         NaN
  2849.3,  3.014552E-5,   335.48538,  4.839551E-3,   350.94828, 3.469417E-12,   220.14567,          NaN,         NaN
  2854.3,  4.570245E-5,   337.35765,  4.779217E-3,   351.75597, 6.483921E-12,   217.39026,          NaN,         NaN
  2859.3,  4.110097E-5,   338.24412,  4.646601E-3,   352.62110, 1.105529E-11,   215.24547,          NaN,         NaN
  2864.3,  8.316353E-5,   339.52473,  4.256791E-3,   353.59614, 1.542017E-12,   215.10696,          NaN,         NaN
  2869.3,  4.202912E-5,   339.67258,  3.123591E-3,   354.89667, 7.912263E-12,   217.42012,          NaN,         NaN
  2874.3,  1.774258E-5,   340.84822,  8.487232E-4,   356.91775, 4.181943E-12,   219.07337,          NaN,         NaN
  2879.3,  5.100573E-5,   341.39456,  1.681666E-4,   355.63156, 1.031956E-11,   218.81776,          NaN,         NaN
  2884.3,  1.433532E-5,   342.25178,  1.183861E-4,   355.70096, 4.381690E-12,   219.82870,          NaN,         NaN
  2889.3,  2.112436E-5,   343.44204,  1.745735E-3,   358.41391, 2.075337E-12,   221.13784,          NaN,         NaN
  2894.3,  3.818387E-5,   346.08706,  3.112219E-3,   360.14164, 6.783389E-12,   221.06964,          NaN,         NaN
  2899.3,  7.436352E-5,   347.68759,  3.741817E-3,   361.26861, 4.650937E-12,   223.80950,          NaN,         NaN
  2904.3,  4.582919E-5,   348.66610,  3.993813E-3,   362.18340, 1.324518E-11,   221.26448,          NaN,         NaN
  2909.3,  3.772287E-5,   350.09341,  3.997295E-3,   363.06184, 3.955371E-12,   223.85915,          NaN,         NaN
  2914.3,  4.697001E-5,   349.95019,  4.111886E-3,   363.87977, 1.222822E-11,   222.16091,          NaN,         NaN
  2919.3,  1.345687E-5,   348.07661,  3.886528E-3,   364.66460, 5.466436E-12,   224.48673,          NaN,         NaN
  2924.3,  2.857336E-5,   350.28076,  3.758200E-3,   365.50447, 3.273427E-12,   225.14290,          NaN,         NaN
  2929.3,  8.801180E-6,   349.04803,  3.742988E-3,   366.35302, 6.923533E-12,   222.75397,          NaN,         NaN
  2934.3,  5.305284E-5,   347.55381,  3.487216E-3,   367.23121, 8.743799E-12,   220.54144,          NaN,         NaN
  2939.3,  5.519458E-5,   348.04011,  3.105494E-3,   368.23442, 5.106238E-12,   223.13815,          NaN,         NaN
  2944.3,  2.361250E-5,   349.67351,  2.892591E-3,   369.36540, 2.753354E-12,   224.74379,          NaN,         NaN
  2949.3,  4.369215E-5,   350.44374,  2.238267E-3,   370.77936, 6.638904E-12,   225.24417,          NaN,         NaN
  2954.3,  3.532362E-5,   349.60919,  1.325691E-3,   372.76460, 6.174643E-12,   222.49735,          NaN,         NaN
  2959.3,  2.695092E-5,   351.55395,  2.595286E-4,   375.46595, 5.718061E-12,   221.06174,          NaN,         NaN
  2964.3,  2.451678E-5,   353.80572,  4.753218E-5,   374.42070, 3.149179E-12,   222.43757,          NaN,         NaN
  2969.3,  4.249442E-5,   352.03243,  3.496593E-5,   375.22441, 6.157926E-12,   223.47895,          NaN,         NaN
  2974.3,  2.272664E-5,   350.08217,  2.221742E-5,   373.91582, 5.152068E-12,   224.69721,          NaN,         NaN
  2979.3,  3.064267E-5,   350.57742,  5.052103E-4,   372.63365, 5.343631E-12,   227.23330,          NaN,         NaN
  2984.3,  3.872499E-5,   352.55888,  1.183496E-3,   375.63918, 6.329754E-12,   229.57653,          NaN,         NaN
  2989.3,  7.310446E-5,   353.06541,  1.262478E-3,   378.09688, 4.867952E-12,   228.14387,          NaN,         NaN
  2994.3,  4.294703E-5,   353.75015,  7.608410E-4,   380.94039, 1.195128E-11,   230.52350,          NaN,         NaN
  2999.3,  8.699344E-6,   353.94194,  3.158379E-4,   383.91461, 9.333080E-12,   232.63698,          NaN,         NaN
  3004.2,  4.573040E-5,   355.33519,  6.427877E-5,   382.51325, 7.123096E-12,   234.64981,          NaN,         NaN
  3009.2,  3.976883E-5,   356.32087,  5.832290E-5,   384.02556, 3.540762E-12,   235.42323,          NaN,         NaN
  3014.2,  2.355850E-5,   358.20681,  4.762180E-5,   384.61220, 8.233159E-12,   233.67628,          NaN,         NaN
  3019.2,  2.744973E-5,   360.99440,  1.989511E-5,   387.03223, 4.835221E-12,   234.61124,          NaN,         NaN
  3024.2,  2.819880E-5,   358.68942,  3.632770E-4,   387.40764, 5.394201E-12,   234.38370,          NaN,         NaN
  3029.2,  1.592395E-5,   356.71597,  1.013961E-3,   384.79676, 7.345336E-12,   233.48431,          NaN,         NaN
  3034.2,  2.918369E-5,   354.21686,  1.089523E-3,   387.56530, 6.367803E-12,   232.47318,          NaN,         NaN
  3039.2,  3.883121E-5,   356.61872,  2.371313E-4,   390.31427, 9.043169E-12,   232.14729,          NaN,         NaN
  3044.2,  2.646774E-5,   356.79806,  7.744138E-5,   391.71542, 3.079559E-12,   230.14722,          NaN,         NaN
  3049.2,  5.808349E-5,   358.25260,  1.222219E-3,   393.69535, 4.926264E-12,   227.51253,          NaN,         NaN
  3054.2,  4.363506E-5,   360.15350,  2.104791E-3,   395.49678, 4.561670E-12,   230.18950,          NaN,         NaN
  3059.2,  4.165684E-5,   360.75508,  2.526632E-3,   396.74943, 7.377760E-12,   229.85867,          NaN,         NaN
  3064.2,  7.868847E-5,   360.81407,  2.623783E-3,   397.80971, 2.688738E-12,   231.89748,          NaN,         NaN
  3069.2,  5.314268E-5,   361.52350,  2.815713E-3,   398.78017, 3.133669E-12,   229.89972,          NaN,         NaN
  3074.2,  3.175596E-5,   361.49658,  2.872664E-3,   399.65818, 3.383213E-12,   227.90289,          NaN,         NaN
  3079.2,  4.988913E-5,   363.16433,  2.859599E-3,   400.50150, 3.696957E-12,   227.42531,          NaN,         NaN
  3084.2,  5.922330E-5,   363.56927,  2.973495E-3,   401.33750, 3.964054E-12,   226.75677,          NaN,         NaN
  3089.2,  3.815756E-5,   364.08597,  3.014320E-3,   402.15010, 2.504449E-12,   226.40857,          NaN,         NaN
  3094.2,  5.786144E-5,   364.55962,  3.034869E-3,   402.99498, 5.782907E-12,   223.92870,          NaN,         NaN
  3099.2,  4.891991E-5,   365.26480,  2.983731E-3,   403.85600, 1.176006E-11,   225.78028,          NaN,         NaN
  3104.2,  2.355083E-5,   362.90418,  2.915023E-3,   404.78288, 4.565308E-12,   227.68692,          NaN,         NaN
  3109.2,  2.429940E-5,   364.03374,  2.688835E-3,   405.83811, 3.147116E-12,   228.94061,          NaN,         NaN
  3114.2,  1.274550E-5,   361.69366,  2.199760E-3,   407.11501, 3.921182E-12,   226.71991,          NaN,         NaN
  3119.2,  3.564606E-5,   361.00896,  1.320973E-3,   408.75280, 5.004007E-12,   225.94803,          NaN,         NaN
  3124.2,  2.763436E-5,   363.45715,  6.175147E-5,   411.66948, 7.061370E-12,   223.30502,          NaN,         NaN
  3129.2,  2.700506E-5,   363.22548,  2.065085E-5,   413.37996, 3.370297E-12,   221.47808,          NaN,         NaN
  3134.2,  4.268459E-5,   361.73181,  7.987883E-5,   414.23355, 8.105304E-12,   219.21596,          NaN,         NaN
  3139.2,  2.549997E-5,   362.32702,  8.325784E-5,   414.32949, 1.315692E-11,   221.58511,          NaN,         NaN
  3144.2,  3.695108E-5,   362.57671,  8.808338E-4,   416.93345, 3.654272E-12,   223.67412,          NaN,         NaN
  3149.2,  2.683687E-5,   364.07973,  1.206272E-3,   419.33084, 3.545667E-12,   222.53942,          NaN,         NaN
  3154.2,  6.002017E-5,   365.04574,  1.110390E-3,   421.55744, 6.046250E-12,   220.32681,          NaN,         NaN
  3159.2,  3.118322E-5,   366.05794,  2.300961E-4,   424.60425, 3.342842E-12,   220.09450,          NaN,         NaN
  3164.2,  2.193221E-5,   366.81142,  7.105465E-5,   423.21803, 8.191535E-12,   222.10723,          NaN,         NaN
  3169.2,  1.853873E-5,   365.25973,  4.814350E-5,   425.34426, 7.647115E-12,   223.84011,          NaN,         NaN
  3174.2,  4.461973E-5,   362.98417,  6.393901E-4,   424.41194, 8.821552E-12,   224.70860,          NaN,         NaN
  3179.2,  2.808281E-5,   360.67666,  3.641532E-4,   426.94605, 7.216285E-12,   225.85280,          NaN,         NaN
  3184.2,  1.528774E-5,   361.49022,  8.908493E-4,   425.75631, 6.716504E-12,   226.67820,          NaN,         NaN
  3189.2,  4.117446E-5,   363.59442,  1.875265E-3,   427.36435, 8.251003E-12,   228.01976,          NaN,         NaN
  3194.2,  3.274081E-5,   362.24288,  2.088688E-3,   428.59396, 8.276291E-12,   229.89119,          NaN,         NaN
  3199.2,  5.125486E-5,   360.02114,  2.222403E-3,   429.63543, 4.628750E-12,   227.48753,          NaN,         NaN
  3204.2,  1.903967E-5,   357.45909,  1.890809E-3,   430.78410, 5.723322E-12,   229.49409,          NaN,         NaN
  3209.2,  2.303880E-5,   359.23805,  4.241553E-4,   431.24876, 4.784647E-12,   227.59000,          NaN,         NaN
  3214.2,  1.898188E-5,   358.00740,  1.713017E-3,   431.37977, 2.057039E-12,   227.01962,          NaN,         NaN
  3219.2,  7.670254E-5,   356.51440,  1.806725E-3,   432.70766, 6.193874E-12,   225.69420,          NaN,         NaN
  3224.2,  3.152760E-5,   358.66564,  8.782871E-4,   434.29485, 4.379724E-12,   226.73404,          NaN,         NaN
  3229.2,  3.487645E-5,   358.76893,  1.092173E-4,   434.02208, 9.958340E-12,   226.97786,          NaN,         NaN
  3234.2,  4.500522E-5,   356.07716,  1.015164E-3,   431.29007, 2.640098E-12,   226.81014,          NaN,         NaN
  3239.2,  3.627269E-5,   355.76653,  1.901254E-3,   432.87582, 6.557151E-12,   227.84259,          NaN,         NaN
  3244.2,  1.997219E-5,   353.43038,  2.157605E-3,   433.82417, 6.158879E-12,   228.00093,          NaN,         NaN
  3249.2,  2.554373E-5,   355.45407,  2.362332E-3,   434.65158, 4.786104E-12,   229.43566,          NaN,         NaN
  3254.2,  3.983056E-5,   355.78088,  2.419689E-3,   435.34563, 7.354976E-12,   231.85913,          NaN,         NaN
  3259.2,  4.554698E-5,   357.45271,  2.438125E-3,   436.04265, 1.147693E-11,   229.47394,          NaN,         NaN
  3264.2,  4.107108E-5,   357.60786,  2.441964E-3,   436.71549, 7.601693E-12,   231.07692,          NaN,         NaN
  3269.2,  3.520810E-5,   360.42799,  2.402967E-3,   437.33474, 3.791625E-12,   230.34307,          NaN,         NaN
  3274.2,  4.652649E-5,   358.08761,  2.381435E-3,   437.97047, 5.747809E-12,   230.36369,          NaN,         NaN
  3279.2,  6.356484E-5,   359.39676,  2.376064E-3,   438.59356, 7.108940E-12,   228.25767,          NaN,         NaN
  3284.2,  3.317916E-5,   359.82828,  2.391052E-3,   439.24162, 5.440696E-12,   229.48729,          NaN,         NaN
  3289.2,  4.270897E-5,   360.75492,  2.267701E-3,   439.91620, 7.422181E-12,   231.66355,          NaN,         NaN
  3294.2,  4.683060E-5,   359.93642,  2.130851E-3,   440.57496, 1.014417E-11,   231.84296,          NaN,         NaN
  3299.2,  4.063415E-5,   362.46704,  2.132784E-3,   441.23497, 6.655523E-12,   229.79143,          NaN,         NaN
  3304.2,  2.911683E-5,   362.52936,  2.040694E-3,   442.00032, 3.343224E-12,   228.19988,          NaN,         NaN
  3309.2,  1.958601E-5,   361.11160,  1.812909E-3,   442.90924, 5.336229E-12,   226.53925,          NaN,         NaN
  3314.2,  3.972189E-5,   363.68299,  1.498302E-3,   443.98205, 2.578025E-12,   227.93632,          NaN,         NaN
  3319.2,  3.653674E-5,   364.65541,  8.043993E-4,   445.46353, 8.171933E-12,   228.31929,          NaN,         NaN
  3324.2,  4.326088E-5,   365.78063,  8.851959E-5,   448.46665, 7.503301E-12,   228.33007,          NaN,         NaN
  3329.2,  2.806467E-5,   366.45103,  1.067343E-5,   451.00655, 4.184664E-12,   228.68830,          NaN,         NaN
  3334.2,  1.805182E-5,   363.96189,  7.267165E-5,   450.06395, 7.455904E-12,   229.30462,          NaN,         NaN
  3339.2,  3.513687E-5,   363.61966,  6.006328E-4,   452.24132, 4.003838E-12,   230.62575,          NaN,         NaN
  3344.2,  4.192227E-5,   363.42498,  1.245540E-3,   454.02159, 1.085024E-11,   232.54226,          NaN,         NaN
  3349.2,  2.766815E-5,   363.58121,  1.641088E-3,   455.27995, 6.680978E-12,   235.32007,          NaN,         NaN
  3354.2,  4.788485E-5,   364.26929,  1.910235E-3,   456.24047, 6.599687E-12,   236.73590,          NaN,         NaN
  3359.2,  5.967496E-5,   367.07911,  2.066984E-3,   457.10338, 4.898839E-12,   237.75182,          NaN,         NaN
  3364.2,  3.807019E-5,   365.40709,  2.202355E-3,   457.81817, 7.688941E-12,   237.72824,          NaN,         NaN
  3369.2,  1.451270E-5,   365.15623,  2.222295E-3,   458.51362, 1.963281E-12,   240.08113,          NaN,         NaN
  3374.2,  4.535331E-5,   367.54714,  2.296960E-3,   459.16400, 6.326674E-12,   238.01407,          NaN,         NaN
  3379.2,  1.295168E-5,   369.76004,  2.374739E-3,   459.77828, 4.041154E-12,   236.38406,          NaN,         NaN
  3384.2,  2.104254E-5,   370.99300,  2.311641E-3,   460.39651, 1.045625E-11,   235.80932,          NaN,         NaN
  3389.2,  4.523534E-5,   370.69307,  2.340611E-3,   460.98290, 3.983538E-12,   238.34296,          NaN,         NaN
  3394.2,  2.789507E-5,   372.51271,  2.416420E-3,   461.55904, 6.391691E-12,   238.61633,          NaN,         NaN
  3399.2,  2.746434E-5,   371.69744,  2.401517E-3,   462.15729, 5.104060E-12,   240.00494,          NaN,         NaN
  3404.1,  1.228150E-5,   374.29425,  2.343997E-3,   462.73173, 1.160116E-11,   240.97326,          NaN,         NaN
  3409.1,  5.842423E-5,   374.49273,  2.318257E-3,   463.29026, 3.443836E-12,   239.74834,          NaN,         NaN
  3414.1,  4.066032E-5,   375.50420,  2.257547E-3,   463.85205, 6.083617E-12,   237.64074,          NaN,         NaN
  3419.1,  3.622598E-5,   376.90743,  2.198116E-3,   464.40990, 8.531928E-12,   234.88597,          NaN,         NaN
  3424.1,  5.167052E-5,   378.27382,  2.137182E-3,   464.96953, 4.854171E-12,   232.92565,          NaN,         NaN
  3429.1,  3.063397E-5,   379.01079,  2.115403E-3,   465.46187, 5.150800E-12,   231.55484,          NaN,         NaN
  3434.1,  1.540167E-5,   380.68208,  2.043725E-3,   466.02669, 2.967230E-12,   232.31165,          NaN,         NaN
  3439.1,  6.081170E-5,   378.48635,  2.006899E-3,   466.59081, 8.288190E-12,   231.06165,          NaN,         NaN
  3444.1,  3.364624E-5,   380.60772,  2.001099E-3,   467.10683, 4.374349E-12,   230.97357,          NaN,         NaN
  3449.1,  1.701353E-5,   382.91562,  1.966580E-3,   467.62212, 3.179295E-12,   231.22357,          NaN,         NaN
  3454.1,  3.876985E-5,   380.75484,  2.015023E-3,   468.19568, 4.653831E-12,   228.56336,          NaN,         NaN
  3459.1,  6.762020E-5,   378.67733,  2.057282E-3,   468.74165, 1.186570E-11,   228.90712,          NaN,         NaN
  3464.1,  1.654777E-5,   379.81931,  1.925751E-3,   469.34173, 7.012777E-12,   226.01419,          NaN,         NaN
  3469.1,  2.013303E-5,   380.94577,  1.913155E-3,   469.90760, 5.035670E-12,   228.51871,          NaN,         NaN
  3474.1,  3.618926E-5,   381.09438,  1.924874E-3,   470.49176, 3.454575E-12,   229.10802,          NaN,         NaN
  3479.1,  6.852607E-5,   382.86037,  1.859769E-3,   471.10917, 4.251400E-12,   227.49317,          NaN,         NaN
  3484.1,  3.828449E-5,   382.30227,  1.827362E-3,   471.77056, 5.490894E-12,   228.73177,          NaN,         NaN
  3489.1,  3.253382E-5,   379.79352,  1.573212E-3,   472.67122, 7.716466E-12,   230.87243,          NaN,         NaN
  3494.1,  2.605457E-5,   382.29977,  2.910641E-4,   472.94507, 2.739454E-12,   231.53762,          NaN,         NaN
  3499.1,  2.453977E-5,   380.13680,  1.316912E-3,   472.65954, 2.916663E-12,   230.10591,          NaN,         NaN
  3504.1,  1.154544E-5,   378.73811,  1.444818E-3,   473.61908, 5.814133E-12,   228.55298,          NaN,         NaN
  3509.1,  2.640566E-5,   380.57983,  1.305631E-3,   474.10245, 6.229966E-12,   227.18660,          NaN,         NaN
  3514.1,  3.411497E-5,   379.23028,  1.581721E-3,   474.84019, 5.902661E-12,   224.89761,          NaN,         NaN
  3519.1,  2.253284E-5,   379.11720,  1.548122E-3,   475.71387, 3.135253E-12,   224.16573,          NaN,         NaN
  3524.1,  2.276313E-5,   377.69217,  1.348210E-3,   476.67831, 7.555668E-12,   221.81759,          NaN,         NaN
  3529.1,  4.714980E-5,   379.10778,  7.829426E-4,   478.07611, 9.467938E-12,   223.44183,          NaN,         NaN
  3534.1,  1.482337E-5,   382.03178,  2.543130E-5,   480.82840, 7.930244E-12,   225.79296,          NaN,         NaN
  3539.1,  3.918599E-5,   382.32247,  4.423956E-4,   481.25028, 5.426959E-12,   225.62878,          NaN,         NaN
  3544.1,  4.038513E-5,   381.29445,  1.113354E-3,   482.88253, 2.227874E-12,   223.39396,          NaN,         NaN
  3549.1,  2.869277E-5,   383.01628,  1.303024E-3,   484.00770, 1.174171E-11,   225.23563,          NaN,         NaN
  3554.1,  3.079818E-5,   380.50554,  1.342600E-3,   484.88188, 6.564375E-12,   227.04730,          NaN,         NaN
  3559.1,  5.069578E-5,   380.94825,  1.342544E-3,   485.76859, 7.134913E-12,   228.49340,          NaN,         NaN
  3564.1,  2.372088E-5,   382.95896,  1.291409E-3,   486.59662, 2.821895E-12,   226.28685,          NaN,         NaN
  3569.1,  2.000369E-5,   380.77333,  1.256733E-3,   487.48338, 1.097237E-11,   225.56464,          NaN,         NaN
  3574.1,  2.606551E-5,   382.76712,  1.197034E-3,   488.44494, 2.115117E-12,   222.94328,          NaN,         NaN
  3579.1,  3.405258E-5,   380.59069,  1.025832E-3,   489.60194, 1.102672E-11,   221.94856,          NaN,         NaN
  3584.1,  4.343261E-5,   381.67485,  8.589849E-4,   491.00770, 7.443852E-12,   223.62682,          NaN,         NaN
  3589.1,  4.878578E-5,   384.40108,  3.841647E-4,   493.07313, 7.110951E-12,   223.99584,          NaN,         NaN
  3594.1,  1.375978E-5,   384.76286,  6.938543E-5,   491.68787, 3.927410E-12,   226.06668,          NaN,         NaN
  3599.1,  3.174562E-5,   384.45033,  6.840822E-6,   493.84520, 3.660584E-12,   223.93281,          NaN,         NaN
  3604.1,  4.190114E-5,   385.71153,  7.002823E-5,   491.84890, 4.091580E-12,   225.34485,          NaN,         NaN
  3609.1,  2.651816E-5,   383.35321,  1.831281E-4,   489.07817, 7.947268E-12,   223.77158,          NaN,         NaN
  3614.1,  1.835086E-5,   384.69857,  3.310412E-4,   488.47179, 7.265668E-12,   226.67005,          NaN,         NaN
  3619.1,  2.646963E-5,   386.89913,  7.472747E-4,   490.79078, 5.959442E-12,   228.85436,          NaN,         NaN
  3624.1,  3.554284E-5,   384.35036,  7.952013E-4,   492.70909, 6.799931E-12,   228.06061,          NaN,         NaN
  3629.1,  3.220308E-5,   385.92930,  7.236273E-4,   494.64424, 4.019696E-12,   229.41884,          NaN,         NaN
  3634.1,  2.446778E-5,   388.53297,  4.778544E-4,   496.79519, 5.745324E-12,   228.40483,          NaN,         NaN
  3639.1,  2.030499E-5,   386.89950,  2.339592E-4,   499.69363, 5.246290E-12,   229.25430,          NaN,         NaN
  3644.1,  1.188086E-5,   384.87716,  4.452310E-5,   496.87452, 6.707105E-12,   231.46256,          NaN,         NaN
  3649.1,  1.978129E-5,   385.74829,  3.186088E-5,   497.32811, 5.335752E-12,   230.55255,          NaN,         NaN
  3654.1,  2.211302E-5,   387.42300,  3.484721E-5,   498.54025, 2.729123E-12,   229.73971,          NaN,         NaN
  3659.1,  1.817862E-5,   389.15823,  4.979342E-5,   500.34879, 1.743937E-11,   231.28262,          NaN,         NaN
  3664.1,  3.353338E-5,   391.04097,  7.404884E-5,   500.71869, 7.849242E-12,   233.29826,          NaN,         NaN
  3669.1,  1.650904E-5,   392.33496,  2.950324E-4,   498.63165, 6.572414E-12,   233.89996,          NaN,         NaN
  3674.1,  2.853857E-5,   394.48955,  5.082140E-4,   501.15796, 9.628900E-12,   235.09512,          NaN,         NaN
  3679.1,  4.336050E-5,   392.66461,  3.901298E-4,   503.36397, 5.772712E-12,   236.23638,          NaN,         NaN
  3684.1,  1.536711E-5,   393.24164,  4.634588E-4,   503.94501, 9.191498E-12,   233.82834,          NaN,         NaN
  3689.1,  1.283069E-5,   390.68965,  1.430666E-4,   505.90768, 7.231910E-12,   235.97739,          NaN,         NaN
  3694.1,  4.539764E-5,   389.09582,  5.817548E-4,   504.97182, 3.770872E-12,   236.25404,          NaN,         NaN
  3699.1,  2.516616E-5,   389.58596,  9.065346E-4,   506.44360, 1.455412E-11,   238.41785,          NaN,         NaN
  3704.1,  1.528316E-5,   390.64946,  1.020270E-3,   507.53744, 2.893429E-12,   238.60411,          NaN,         NaN
  3709.1,  3.465805E-5,   389.75999,  1.048032E-3,   508.52381, 7.601740E-12,   236.71406,          NaN,         NaN
  3714.1,  4.051131E-5,   389.64926,  1.047532E-3,   509.35886, 9.910076E-12,   237.29821,          NaN,         NaN
  3719.1,  3.910403E-5,   391.96639,  8.182186E-4,   510.13735, 3.667548E-12,   234.99824,          NaN,         NaN
  3724.1,  4.171282E-5,   391.22944,  1.091941E-3,   510.75365, 9.644486E-12,   234.60403,          NaN,         NaN
  3729.1,  2.204934E-5,   388.90116,  1.081082E-3,   511.63987, 1.174939E-11,   232.10997,          NaN,         NaN
  3734.1,  3.143780E-5,   391.19403,  9.242318E-4,   512.50387, 5.746370E-12,   230.11096,          NaN,         NaN
  3739.1,  3.332700E-5,   391.59220,  1.039278E-3,   513.02668, 3.100309E-12,   232.42157,          NaN,         NaN
  3744.1,  1.565539E-5,   391.20250,  1.028350E-3,   513.86716, 8.431291E-12,   230.37747,          NaN,         NaN
  3749.1,  1.871110E-5,   393.68355,  9.962402E-4,   514.67739, 5.125410E-12,   232.54426,          NaN,         NaN
  3754.1,  2.138400E-5,   392.04832,  9.748318E-4,   515.54424, 5.201871E-12,   232.43524,          NaN,         NaN
  3759.1,  3.948939E-5,   393.14889,  9.260222E-4,   516.43339, 1.125593E-11,   234.59236,          NaN,         NaN
  3764.1,  2.618066E-5,   395.13180,  8.556965E-4,   517.37527, 5.894851E-12,   233.00054,          NaN,         NaN
  3769.1,  3.651036E-5,   393.06717,  7.702615E-4,   518.41544, 6.431963E-12,   235.21347,          NaN,         NaN
  3774.1,  1.241235E-5,   391.50649,  6.755622E-4,   519.70106, 7.692426E-12,   237.39480,          NaN,         NaN
  3779.1,  5.200359E-5,   389.28621,  5.484284E-4,   521.18828, 7.757644E-12,   238.72431,          NaN,         NaN
  3784.1,  1.820958E-5,   389.96394,  4.196375E-4,   523.10138, 3.107317E-12,   239.26554,          NaN,         NaN
  3789.1,  4.716945E-5,   392.03815,  1.506490E-4,   525.72823, 9.459696E-12,   240.31207,          NaN,         NaN
  3794.1,  4.384592E-5,   394.58535,  3.256837E-5,   524.41996, 1.061546E-11,   242.61582,          NaN,         NaN
  3799.1,  2.922114E-5,   395.98558,  3.726688E-5,   525.55989, 4.222959E-12,   245.22812,          NaN,         NaN
  3804.0,  1.494950E-5,   398.07302,  1.993854E-5,   527.65091, 5.752329E-12,   247.41008,          NaN,         NaN
  3809.0,  4.190342E-5,   399.25190,  2.040976E-5,   530.08980, 6.275562E-12,   245.30890,          NaN,         NaN
  3814.0,  2.083120E-5,   396.95433,  2.712934E-5,   531.36660, 2.687386E-12,   243.72305,          NaN,         NaN
  3819.0,  1.389629E-5,   397.98320,  9.152393E-5,   529.23564, 3.007040E-12,   244.95206,          NaN,         NaN
  3824.0,  1.800728E-5,   396.45957,  3.416366E-4,   532.17547, 6.157812E-12,   245.86174,          NaN,         NaN
  3829.0,  1.529030E-5,   397.09263,  4.053546E-4,   534.28987, 7.585201E-12,   244.63758,          NaN,         NaN
  3834.0,  2.245728E-5,   397.52173,  4.871211E-4,   535.70791, 5.007487E-12,   246.36875,          NaN,         NaN
  3839.0,  1.436610E-5,   398.90032,  5.400207E-4,   537.06427, 5.208263E-12,   246.33398,          NaN,         NaN
  3844.0,  3.253945E-5,   400.04674,  5.820506E-4,   538.37295, 6.119358E-12,   245.86541,          NaN,         NaN
  3849.0,  9.009988E-6,   399.85192,  4.291001E-4,   539.70419, 1.206261E-11,   244.90170,          NaN,         NaN
  3854.0,  4.417115E-5,   401.96552,  4.760992E-5,   540.06856, 6.784632E-12,   242.66211,          NaN,         NaN
  3859.0,  4.161673E-5,   399.32794,  4.458794E-4,   539.78032, 3.366376E-12,   243.30988,          NaN,         NaN
  3864.0,  1.733085E-5,   401.33600,  6.295126E-4,   540.89570, 3.700351E-12,   241.41103,          NaN,         NaN
  3869.0,  8.341681E-6,   403.80295,  6.736796E-4,   541.78720, 1.139750E-11,   243.83501,          NaN,         NaN
  3874.0,  5.487438E-5,   402.10214,  7.170095E-4,   542.54692, 1.131570E-11,   245.88733,          NaN,         NaN
  3879.0,  4.916380E-5,   402.95724,  7.963433E-4,   543.33617, 1.380113E-11,   247.76168,          NaN,         NaN
  3884.0,  2.291098E-5,   403.37144,  7.541094E-4,   544.12112, 6.172710E-12,   245.99173,          NaN,         NaN
  3889.0,  6.446923E-5,   403.97436,  7.625837E-4,   544.78836, 5.104367E-12,   247.66608,          NaN,         NaN
  3894.0,  4.916753E-5,   406.09857,  8.090085E-4,   545.51926, 6.757540E-12,   249.61001,          NaN,         NaN
  3899.0,  4.004780E-5,   404.56780,  7.813475E-4,   546.26285, 4.856488E-12,   247.97559,          NaN,         NaN
  3904.0,  8.323999E-6,   404.37904,  7.874199E-4,   547.02473, 7.496042E-12,   249.26580,          NaN,         NaN
  3909.0,  4.086185E-5,   405.88647,  7.424794E-4,   547.82146, 6.115996E-12,   247.13859,          NaN,         NaN
  3914.0,  3.734720E-5,   406.46484,  6.634601E-4,   548.77325, 8.557571E-12,   246.80942,          NaN,         NaN
  3919.0,  1.698614E-5,   405.76808,  4.080176E-4,   549.79967, 6.577304E-12,   246.97557,          NaN,         NaN
  3924.0,  6.899020E-5,   403.31193,  4.555806E-4,   549.54347, 4.977986E-12,   244.76555,          NaN,         NaN
  3929.0,  3.871800E-5,   403.49302,  5.254950E-4,   550.79863, 3.154453E-12,   242.78619,          NaN,         NaN
  3934.0,  2.022802E-5,   405.65107,  5.055139E-4,   552.01112, 4.687979E-12,   241.01352,          NaN,         NaN
  3939.0,  2.203526E-5,   404.71233,  3.782081E-4,   553.66753, 6.198477E-12,   238.73135,          NaN,         NaN
  3944.0,  3.407200E-5,   404.26253,  1.476497E-4,   556.14177, 5.778628E-12,   237.36347,          NaN,         NaN
  3949.0,  4.928489E-5,   404.74179,  3.541149E-5,   558.51989, 3.423558E-12,   239.55683,          NaN,         NaN
  3954.0,  4.888722E-5,   405.97674,  5.379496E-6,   558.29641, 5.193730E-12,   240.56952,          NaN,         NaN
  3959.0,  4.606914E-5,   404.93315,  7.557470E-5,   560.21884, 2.551240E-12,   239.04641,          NaN,         NaN
  3964.0,  6.505895E-5,   407.40053,  6.986280E-5,   558.20728, 2.828801E-12,   241.18420,          NaN,         NaN
  3969.0,  1.926002E-5,   408.89282,  3.533977E-5,   559.45689, 7.349537E-12,   242.31183,          NaN,         NaN
  3974.0,  5.052286E-5,   408.16644,  4.439864E-5,   559.75845, 2.534873E-12,   243.47496,          NaN,         NaN
  3979.0,  2.338856E-5,   407.42582,  4.784478E-5,   561.67063, 9.635685E-12,   241.63164,          NaN,         NaN
  3984.0,  2.146264E-5,   409.57115,  6.123826E-5,   562.09850, 1.491254E-12,   241.58320,          NaN,         NaN
  3989.0,  2.541536E-5,   410.17414,  5.524879E-5,   560.11505, 2.399735E-12,   240.06892,          NaN,         NaN
  3994.0,  1.913304E-5,   411.72148,  1.088127E-4,   562.91543, 4.765393E-12,   238.57473,          NaN,         NaN
  3999.0,  2.500257E-5,   414.12078,  1.395165E-5,   565.01027, 3.022921E-12,   239.85832,          NaN,         NaN
  4004.0,  2.359718E-5,   416.42382,  2.188547E-4,   563.03981, 3.242067E-12,   240.71407,          NaN,         NaN
  4009.0,  1.542628E-5,   416.39828,  3.439077E-4,   564.56227, 7.487135E-12,   241.44053,          NaN,         NaN
  4014.0,  4.410636E-5,   416.19397,  3.659969E-4,   565.82723, 5.748465E-12,   242.08835,          NaN,         NaN
  4019.0,  4.100336E-5,   416.78208,  3.100659E-4,   566.64849, 5.251532E-12,   244.29786,          NaN,         NaN
  4024.0,  1.481606E-5,   417.32589,  3.601115E-4,   567.43176, 7.651398E-12,   242.40280,          NaN,         NaN
  4029.0,  3.050388E-5,   419.01298,  4.012583E-4,   568.23092, 5.998212E-12,   244.93178,          NaN,         NaN
  4034.0,  1.337788E-5,   418.83502,  3.748630E-4,   569.10464, 1.029525E-11,   243.94354,          NaN,         NaN
  4039.0,  3.487589E-5,   418.89654,  3.834176E-4,   569.73624, 2.008003E-12,   241.97138,          NaN,         NaN
  4044.0,  4.167180E-5,   417.12544,  3.853290E-4,   570.58421, 3.821186E-12,   244.17142,          NaN,         NaN
  4049.0,  3.543215E-5,   416.35246,  3.589118E-4,   571.22980, 6.613297E-12,   246.22490,          NaN,         NaN
  4054.0,  1.624096E-5,   418.81752,  3.057598E-4,   571.60168, 2.780396E-12,   245.02773,          NaN,         NaN
  4059.0,  2.177595E-5,   421.27730,  3.688239E-4,   572.34672, 3.764968E-12,   247.42102,          NaN,         NaN
  4064.0,  1.466732E-5,   421.09006,  3.758834E-4,   573.15459, 9.004513E-12,   247.24521,          NaN,         NaN
  4069.0,  4.042807E-5,   420.25894,  2.503295E-4,   573.92676, 8.638490E-12,   248.50616,          NaN,         NaN
  4074.0,  4.810168E-5,   421.41786,  3.065612E-4,   574.05524, 8.020067E-12,   247.61649,          NaN,         NaN
  4079.0,  2.529540E-5,   423.29514,  3.650825E-4,   574.91820, 7.274624E-12,   245.41664,          NaN,         NaN
  4084.0,  2.148983E-5,   420.96369,  3.206788E-4,   575.67707, 1.969452E-12,   247.57414,          NaN,         NaN
  4089.0,  3.024681E-5,   418.88852,  3.284633E-4,   576.12199, 8.615229E-12,   245.73812,          NaN,         NaN
  4094.0,  1.567479E-5,   417.59160,  3.982119E-4,   577.00589, 2.207883E-12,   248.36156,          NaN,         NaN
  4099.0,  2.043038E-5,   415.49831,  3.259845E-4,   577.77071, 7.462892E-12,   250.26880,          NaN,         NaN
  4104.0,  1.557142E-5,   414.21429,  3.509799E-4,   578.42015, 7.728859E-12,   247.83833,          NaN,         NaN
  4109.0,  1.625676E-5,   415.19653,  3.351468E-4,   579.21054, 2.387083E-12,   250.04156,          NaN,         NaN
  4114.0,  3.606477E-5,   417.20467,  3.487759E-4,   579.93737, 5.815236E-12,   247.27565,          NaN,         NaN
  4119.0,  4.907633E-5,   417.97219,  3.147078E-4,   580.68274, 5.102864E-12,   247.31005,          NaN,         NaN
  4124.0,  4.224246E-5,   420.16867,  3.160558E-4,   581.68135, 4.081701E-12,   247.75946,          NaN,         NaN
  4129.0,  2.622079E-5,   421.29069,  3.366460E-4,   582.65947, 4.834588E-12,   248.75363,          NaN,         NaN
  4134.0,  2.490536E-5,   419.11113,  3.049290E-4,   583.61145, 4.687150E-12,   250.87998,          NaN,         NaN
  4139.0,  1.433863E-5,   420.96925,  2.795186E-4,   585.01781, 5.350936E-12,   253.62976,          NaN,         NaN
  4144.0,  3.727950E-5,   422.57382,  2.088033E-4,   586.74221, 3.257778E-12,   252.63476,          NaN,         NaN
  4149.0,  3.353680E-5,   423.12039,  9.304136E-5,   589.22165, 7.448760E-12,   255.05315,          NaN,         NaN
  4154.0,  1.046322E-5,   421.98792,  2.644837E-5,   592.14310, 6.801950E-12,   257.25973,          NaN,         NaN
  4159.0,  8.118831E-6,   420.01958,  1.876078E-5,   594.23161, 5.288731E-12,   259.41584,          NaN,         NaN
  4164.0,  4.929231E-5,   419.73549,  5.963993E-5,   596.84571, 8.399638E-12,   259.34120,          NaN,         NaN
  4169.0,  1.434274E-5,   418.23268,  7.675740E-5,   596.92552, 3.058598E-12,   258.31212,          NaN,         NaN
  4174.0,  3.296793E-5,   420.00313,  5.775267E-5,   598.55989, 4.809782E-12,   258.87929,          NaN,         NaN
  4179.0,  5.154268E-5,   420.41532,  7.637316E-5,   598.91170, 1.750941E-12,   260.42799,          NaN,         NaN
  4184.0,  1.147251E-5,   421.52004,  2.233246E-5,   600.22088, 2.517150E-12,   261.45086,          NaN,         NaN
  4189.0,  5.291510E-5,   422.34901,  4.442936E-5,   600.73928, 8.303074E-12,   259.24588,          NaN,         NaN
  4194.0,  4.387373E-5,   423.12522,  2.517359E-5,   600.25555, 3.911032E-12,   258.70760,          NaN,         NaN
  4199.0,  1.908185E-5,   423.37952,  9.218324E-5,   599.53895, 5.855744E-12,   260.31093,          NaN,         NaN
  4203.9,  7.336537E-5,   423.92526,  1.643152E-4,   601.84513, 6.746395E-12,   261.06527,          NaN,         NaN
  4208.9,  3.148953E-5,   425.27866,  6.889539E-5,   603.86024, 8.570928E-12,   261.97489,          NaN,         NaN
  4213.9,  2.626479E-5,   425.36400,  1.956916E-5,   603.97774, 7.086910E-12,   262.82086,          NaN,         NaN
  4218.9,  5.422583E-5,   426.57209,  2.594642E-5,   605.27256, 6.048695E-12,   260.46127,          NaN,         NaN
  4223.9,  2.531622E-5,   428.00892,  1.317557E-5,   606.54695, 5.725966E-12,   262.71302,          NaN,         NaN
  4228.9,  3.439310E-5,   428.07533,  1.658911E-4,   608.70238, 4.014887E-12,   262.72680,          NaN,         NaN
  4233.9,  3.251621E-5,   430.39908,  1.523053E-4,   610.60881, 7.911228E-12,   265.35060,          NaN,         NaN
  4238.9,  3.530253E-5,   432.73189,  2.783673E-5,   610.70686, 2.639675E-12,   265.88217,          NaN,         NaN
  4243.9,  2.889268E-5,   434.66933,  1.879175E-4,   609.78706, 2.222483E-12,   267.30663,          NaN,         NaN
  4248.9,  5.302188E-5,   435.57510,  3.000122E-4,   611.36833, 8.628047E-12,   268.00666,          NaN,         NaN
  4253.9,  6.150378E-5,   436.02201,  3.472964E-4,   612.44838, 9.752400E-12,   270.26886,          NaN,         NaN
  4258.9,  3.316994E-5,   437.04062,  3.021331E-4,   613.25221, 4.395751E-12,   271.05926,          NaN,         NaN
  4263.9,  1.325465E-5,   438.00385,  3.203280E-4,   613.95289, 6.571823E-12,   268.93560,          NaN,         NaN
  4268.9,  2.444013E-5,   437.33047,  2.857405E-4,   614.69989, 4.338994E-12,   267.58907,          NaN,         NaN
  4273.9,  1.814968E-5,   438.21621,  3.226609E-4,   615.44979, 9.339343E-12,   266.87906,          NaN,         NaN
  4278.9,  4.534292E-5,   439.30574,  2.848984E-4,   616.03340, 4.032308E-12,   266.61272,          NaN,         NaN
  4283.9,  4.736723E-5,   439.30727,  3.129455E-4,   616.69204, 9.171918E-12,   265.67373,          NaN,         NaN
  4288.9,  2.905744E-5,   440.24705,  2.588223E-4,   617.60305, 1.066668E-11,   263.08909,          NaN,         NaN
  4293.9,  1.519236E-5,   442.39665,  3.068924E-4,   617.94966, 5.101928E-12,   262.56373,          NaN,         NaN
  4298.9,  1.590574E-5,   441.83661,  2.833368E-4,   618.72111, 5.946290E-12,   262.69770,          NaN,         NaN
  4303.9,  1.301911E-5,   439.84994,  3.018670E-4,   619.39074, 6.188539E-12,   262.38597,          NaN,         NaN
  4308.9,  2.204266E-5,   442.03897,  2.798820E-4,   619.96849, 2.704668E-12,   264.56917,          NaN,         NaN
  4313.9,  2.117038E-5,   443.92436,  2.665832E-4,   620.75219, 9.623035E-12,   264.19527,          NaN,         NaN
  4318.9,  2.738981E-5,   442.59671,  2.371604E-4,   621.28735, 4.176961E-12,   263.07721,          NaN,         NaN
  4323.9,  1.430163E-5,   443.91765,  2.533310E-4,   622.01165, 1.023544E-11,   265.79919,          NaN,         NaN
  4328.9,  1.448899E-5,   443.70469,  2.683124E-4,   622.53209, 5.407441E-12,   264.47080,          NaN,         NaN
  4333.9,  2.481839E-5,   442.04297,  2.873305E-4,   623.20699, 2.660547E-12,   264.72371,          NaN,         NaN
  4338.9,  4.426460E-5,   440.55809,  2.930381E-4,   623.86922, 1.050558E-11,   267.06478,          NaN,         NaN
  4343.9,  2.855656E-5,   442.96937,  2.221818E-4,   624.44264, 7.406048E-12,   264.89766,          NaN,         NaN
  4348.9,  4.538075E-5,   442.78897,  2.555713E-4,   625.25703, 2.573942E-12,   264.29209,          NaN,         NaN
  4353.9,  3.009357E-5,   440.58576,  2.586357E-4,   625.60728, 5.834216E-12,   266.61345,          NaN,         NaN
  4358.9,  5.693549E-5,   443.18692,  2.764679E-4,   626.24726, 1.009900E-11,   267.09585,          NaN,         NaN
  4363.9,  2.789306E-5,   444.36932,  2.574809E-4,   627.03642, 4.593294E-12,   264.73959,          NaN,         NaN
  4368.9,  3.909962E-5,   445.23228,  3.050009E-4,   627.51414, 8.559075E-12,   262.42559,          NaN,         NaN
  4373.9,  4.341203E-5,   446.66279,  2.919498E-4,   628.39214, 6.483910E-12,   264.16108,          NaN,         NaN
  4378.9,  1.984761E-5,   446.02042,  2.439060E-4,   628.95257, 2.859116E-12,   266.07224,          NaN,         NaN
  4383.9,  2.852043E-5,   443.47864,  2.423706E-4,   629.74037, 4.481434E-12,   263.64499,          NaN,         NaN
  4388.9,  2.719391E-5,   445.15839,  2.171403E-4,   630.27650, 7.438926E-12,   264.94188,          NaN,         NaN
  4393.9,  2.351123E-5,   446.02038,  2.170056E-4,   631.01870, 3.698557E-12,   265.96053,          NaN,         NaN
  4398.9,  5.020736E-5,   446.79101,  2.372469E-4,   631.49116, 4.371950E-12,   268.19116,          NaN,         NaN
  4403.9,  2.440545E-5,   448.71147,  2.087291E-4,   632.37716, 4.556187E-12,   269.86516,          NaN,         NaN
  4408.9,  4.198437E-5,   448.86449,  2.092172E-4,   633.13414, 1.189371E-11,   267.53284,          NaN,         NaN
  4413.9,  5.448472E-5,   450.04916,  2.205883E-4,   633.94662, 7.016451E-12,   269.17058,          NaN,         NaN
  4418.9,  5.389403E-5,   449.75107,  2.101921E-4,   634.59406, 3.054106E-12,   271.93139,          NaN,         NaN
  4423.9,  2.484991E-5,   451.29615,  1.604580E-4,   635.80022, 7.474487E-12,   274.11288,          NaN,         NaN
  4428.9,  5.529643E-5,   451.27566,  1.892801E-4,   636.66224, 6.100337E-12,   276.24055,          NaN,         NaN
  4433.9,  2.008139E-5,   451.38802,  1.744682E-4,   637.66202, 2.542641E-12,   274.61623,          NaN,         NaN
  4438.9,  3.794248E-5,   453.05115,  1.420388E-4,   638.73915, 2.661726E-12,   275.90944,          NaN,         NaN
  4443.9,  3.515608E-5,   454.04070,  1.195351E-4,   640.33412, 1.268621E-11,   278.26923,          NaN,         NaN
  4448.9,  3.241082E-5,   451.51858,  6.923342E-5,   641.82781, 7.344478E-12,   276.76620,          NaN,         NaN
  4453.9,  4.205739E-5,   454.09462,  2.089385E-5,   639.84348, 4.160267E-12,   279.02115,          NaN,         NaN
  4458.9,  5.620863E-5,   453.08082,  4.138724E-5,   641.67945, 4.697978E-12,   276.35086,          NaN,         NaN
  4463.9,  2.135104E-5,   455.83894,  4.045402E-5,   642.04327, 2.231061E-12,   275.00778,          NaN,         NaN
  4468.9,  3.908154E-5,   454.84195,  4.602849E-5,   644.06422, 1.169389E-11,   272.87985,          NaN,         NaN
  4473.9,  1.454823E-5,   452.72650,  4.526193E-5,   645.19322, 9.115606E-12,   273.07605,          NaN,         NaN
  4478.9,  2.521436E-5,   455.27959,  1.768399E-5,   644.05319, 5.062341E-12,   275.76964,          NaN,         NaN
  4483.9,  4.112156E-5,   456.54557,  7.301597E-5,   642.81042, 2.174122E-12,   277.37486,          NaN,         NaN
  4488.9,  1.565392E-5,   455.22363,  4.049899E-5,   645.67312, 2.094641E-12,   275.37810,          NaN,         NaN
  4493.9,  1.642501E-5,   457.43390,  2.816573E-5,   646.03940, 9.392009E-12,   274.34653,          NaN,         NaN
  4498.9,  3.837727E-5,   457.63087,  8.546003E-6,   644.31277, 5.717645E-12,   274.89040,          NaN,         NaN
  4503.9,  4.283193E-5,   458.12380,  3.950219E-5,   644.77397, 4.628613E-12,   275.31710,          NaN,         NaN
  4508.9,  3.241708E-5,   459.21221,  1.955249E-5,   646.79720, 6.914026E-12,   276.20104,          NaN,         NaN
  4513.9,  3.685386E-5,   460.64245,  3.680568E-5,   645.88095, 2.240327E-12,   273.75898,          NaN,         NaN
  4518.9,  4.251731E-5,   460.07782,  3.733654E-5,   647.76084, 3.658550E-12,   274.50788,          NaN,         NaN
  4523.9,  2.853582E-5,   460.25091,  2.023758E-5,   646.02458, 5.858597E-12,   272.47457,          NaN,         NaN
  4528.9,  3.785159E-5,   461.63660,  1.671420E-5,   645.50705, 5.716867E-12,   270.05099,          NaN,         NaN
  4533.9,  5.042140E-5,   461.83698,  3.323480E-5,   645.77714, 6.423861E-12,   270.72464,          NaN,         NaN
  4538.9,  5.162769E-5,   462.50925,  2.457757E-5,   643.94585, 4.454493E-12,   273.18617,          NaN,         NaN
  4543.9,  4.797278E-5,   463.97826,  2.023603E-5,   643.71256, 2.304512E-12,   270.85004,          NaN,         NaN
  4548.9,  3.101771E-5,   465.13764,  7.251079E-5,   641.20572, 6.676798E-12,   272.27142,          NaN,         NaN
  4553.9,  1.798914E-5,   465.70161,  6.616909E-5,   642.97741, 3.971772E-12,   271.84357,          NaN,         NaN
  4558.9,  4.003724E-5,   465.63365,  5.990017E-5,   645.31159, 7.474689E-12,   274.16835,          NaN,         NaN
  4563.9,  2.348147E-5,   464.35463,  7.436592E-5,   647.06563, 2.911398E-12,   274.03919,          NaN,         NaN
  4568.9,  2.268165E-5,   462.69652,  9.128194E-5,   648.75443, 5.349683E-12,   272.01393,          NaN,         NaN
  4573.9,  4.272851E-5,   460.15028,  6.968187E-5,   649.81372, 4.427320E-12,   269.33032,          NaN,         NaN
  4578.9,  1.906497E-5,   462.46916,  6.852774E-5,   651.70887, 9.555866E-12,   271.51462,          NaN,         NaN
  4583.9,  1.496944E-5,   462.54818,  6.049658E-5,   654.14300, 4.196813E-12,   270.68574,          NaN,         NaN
  4588.9,  2.160444E-5,   460.82300,  2.053852E-5,   656.74596, 8.100390E-12,   269.21918,          NaN,         NaN
  4593.9,  2.155317E-5,   462.88931,  3.617894E-5,   655.37901, 7.714238E-12,   270.80416,          NaN,         NaN
  4598.9,  2.276013E-5,   463.65084,  2.683623E-5,   655.24874, 3.198450E-12,   273.34035,          NaN,         NaN
  4603.8,  2.876929E-5,   461.10469,  2.613646E-5,   655.74336, 4.628229E-12,   273.94267,          NaN,         NaN
  4608.8,  4.277588E-5,   461.60333,  5.277674E-5,   656.98792, 3.874014E-12,   274.17071,          NaN,         NaN
  4613.8,  3.212162E-5,   463.21266,  3.803753E-5,   659.32827, 9.020218E-12,   274.85628,          NaN,         NaN
  4618.8,  4.759233E-5,   463.89026,  3.620821E-5,   661.72157, 4.000399E-12,   273.27009,          NaN,         NaN
  4623.8,  1.879084E-5,   463.78245,  9.671975E-5,   663.27093, 1.220230E-11,   272.47667,          NaN,         NaN
  4628.8,  6.542852E-5,   464.80728,  1.208352E-4,   664.33710, 8.613980E-12,   273.38510,          NaN,         NaN
  4633.8,  2.976255E-5,   465.49872,  1.029366E-4,   665.36379, 2.007146E-12,   272.48621,          NaN,         NaN
  4638.8,  6.625617E-5,   466.04625,  1.067665E-4,   666.19894, 6.280290E-12,   271.49668,          NaN,         NaN
  4643.8,  5.168707E-5,   466.83825,  1.332213E-4,   667.22092, 3.297273E-12,   272.83294,          NaN,         NaN
  4648.8,  4.968826E-5,   466.96131,  1.292508E-4,   667.83406, 3.308541E-12,   274.07438,          NaN,         NaN
  4653.8,  3.109857E-5,   468.18702,  1.297933E-4,   668.74807, 7.347446E-12,   273.78584,          NaN,         NaN
  4658.8,  3.218668E-5,   467.84401,  1.018522E-4,   669.41764, 5.669840E-12,   274.49212,          NaN,         NaN
  4663.8,  1.380642E-5,   469.18440,  1.217561E-4,   670.58174, 1.192626E-11,   275.76009,          NaN,         NaN
  4668.8,  5.620178E-5,   469.06447,  5.669920E-5,   670.90071, 9.241140E-12,   275.26235,          NaN,         NaN
  4673.8,  4.693104E-5,   469.94199,  8.021877E-5,   672.14294, 8.781681E-12,   275.01139,          NaN,         NaN
  4678.8,  1.506681E-5,   467.75538,  4.282435E-5,   674.11944, 9.870445E-12,   275.11000,          NaN,         NaN
  4683.8,  3.473346E-5,   469.47231,  1.851155E-5,   675.41408, 6.276694E-12,   276.89747,          NaN,         NaN
  4688.8,  1.877614E-5,   470.47288,  4.468097E-5,   677.07607, 6.380261E-12,   278.45905,          NaN,         NaN
  4693.8,  2.901693E-5,   471.06711,  3.000806E-5,   679.42152, 1.095069E-11,   276.80525,          NaN,         NaN
  4698.8,  3.549434E-5,   472.21436,  4.672430E-5,   681.67012, 4.684336E-12,   277.77948,          NaN,         NaN
  4703.8,  1.830283E-5,   470.91491,  1.087940E-4,   683.08941, 9.991155E-12,   275.37087,          NaN,         NaN
  4708.8,  2.943328E-5,   472.86315,  4.120993E-5,   684.53301, 9.158451E-12,   277.52852,          NaN,         NaN
  4713.8,  1.660125E-5,   472.51693,  6.223544E-5,   685.52930, 2.149990E-12,   276.68633,          NaN,         NaN
  4718.8,  5.598717E-5,   473.85566,  6.913916E-5,   685.39143, 7.380245E-12,   278.18453,          NaN,         NaN
  4723.8,  3.706383E-5,   474.54207,  4.587520E-5,   685.56598, 6.505783E-12,   277.23599,          NaN,         NaN
  4728.8,  7.096351E-5,   475.17593,  5.072588E-5,   686.23888, 3.637434E-12,   278.31676,          NaN,         NaN
  4733.8,  3.924290E-5,   476.70927,  5.256165E-5,   687.46552, 6.863431E-12,   278.48291,          NaN,         NaN
  4738.8,  6.087984E-5,   476.09098,  2.638639E-5,   687.57980, 7.215988E-12,   278.44465,          NaN,         NaN
  4743.8,  3.237615E-5,   478.62033,  5.909531E-5,   687.63869, 7.511091E-12,   279.59083,          NaN,         NaN
  4748.8,  4.465338E-5,   478.49602,  4.131741E-5,   690.10273, 3.575565E-12,   277.53811,          NaN,         NaN
  4753.8,  1.391448E-5,   477.56126,  1.135265E-5,   689.45079, 7.209266E-12,   280.12806,          NaN,         NaN
  4758.8,  1.531997E-5,   476.38820,  8.281245E-5,   688.75584, 1.218260E-11,   281.84697,          NaN,         NaN
  4763.8,  2.905504E-5,   477.76976,  3.613887E-5,   688.30008, 2.683703E-12,   283.73026,          NaN,         NaN
  4768.8,  1.621009E-5,   478.46148,  8.640819E-5,   689.35035, 5.171887E-12,   283.48475,          NaN,         NaN
  4773.8,  2.734075E-5,   480.67950,  1.151771E-4,   690.63533, 1.453412E-11,   285.32437,          NaN,         NaN
  4778.8,  3.630169E-5,   478.78055,  7.526335E-5,   690.90943, 2.392248E-12,   285.90144,          NaN,         NaN
  4783.8,  9.901172E-6,   476.37262,  9.354614E-5,   692.30723, 9.937338E-12,   283.91127,          NaN,         NaN
  4788.8,  2.516474E-5,   478.46320,  5.663203E-5,   692.72118, 8.614397E-12,   284.30165,          NaN,         NaN
  4793.8,  5.310817E-5,   477.08916,  7.332293E-5,   693.01709, 7.697082E-12,   284.71376,          NaN,         NaN
  4798.8,  3.468510E-5,   476.90581,  4.860992E-5,   693.68217, 1.790022E-12,   283.25468,          NaN,         NaN
  4803.8,  6.602957E-6,   479.47698,  9.293811E-5,   693.69039, 3.052619E-12,   281.63732,          NaN,         NaN
  4808.8,  5.025785E-6,   479.13978,  7.931024E-5,   694.79187, 2.147610E-12,   279.32900,          NaN,         NaN
  4813.8,  1.100690E-5,   478.26090,  8.496102E-5,   695.46986, 5.780807E-12,   276.83818,          NaN,         NaN
  4818.8,  3.927225E-5,   480.26559,  7.582779E-5,   696.55477, 7.326616E-12,   275.89948,          NaN,         NaN
  4823.8,  4.442173E-5,   479.32691,  9.440807E-5,   697.02632, 3.448723E-12,   277.27574,          NaN,         NaN
  4828.8,  7.313303E-5,   480.15213,  4.515317E-5,   697.74091, 1.784639E-12,   279.31318,          NaN,         NaN
  4833.8,  3.765449E-5,   479.99876,  3.726018E-5,   697.81384, 7.009689E-12,   278.45489,          NaN,         NaN
  4838.8,  4.048886E-5,   482.32164,  4.364194E-5,   698.97868, 3.119372E-12,   281.13018,          NaN,         NaN
  4843.8,  3.066516E-5,   482.32483,  6.946851E-5,   699.82375, 2.268659E-12,   282.91485,          NaN,         NaN
  4848.8,  4.652526E-5,   483.89132,  4.519579E-5,   700.12906, 8.425970E-12,   282.31123,          NaN,         NaN
  4853.8,  5.142153E-5,   483.24810,  4.690221E-5,   701.71770, 6.795071E-12,   285.27734,          NaN,         NaN
  4858.8,  2.489313E-5,   483.27218,  3.606713E-5,   702.73814, 8.795722E-12,   287.96686,          NaN,         NaN
  4863.8,  3.288953E-5,   485.32130,  4.152114E-5,   702.77857, 5.227021E-12,   288.89007,          NaN,         NaN
  4868.8,  1.449257E-5,   482.93290,  4.671048E-5,   702.90965, 5.294852E-12,   291.33914,          NaN,         NaN
  4873.8,  5.373937E-5,   480.47019,  5.543473E-5,   703.99343, 3.104744E-12,   293.16281,          NaN,         NaN
  4878.8,  3.881130E-5,   479.82908,  3.513159E-5,   704.65215, 4.239298E-12,   292.84966,          NaN,         NaN
  4883.8,  3.096046E-5,   480.08584,  5.214254E-5,   705.50154, 5.011266E-12,   294.73347,          NaN,         NaN
  4888.8,  2.122355E-5,   482.40638,  5.556456E-5,   704.85913, 6.399307E-12,   297.11505,          NaN,         NaN
  4893.8,  6.244703E-5,   479.98312,  8.444734E-5,   706.30147, 2.732614E-12,   296.34573,          NaN,         NaN
  4898.8,  4.174002E-5,   482.71927,  7.666155E-5,   706.76935, 4.152666E-12,   294.37560,          NaN,         NaN
  4903.8,  2.838751E-5,   482.24015,  6.280873E-5,   707.26060, 6.836049E-12,   293.46272,          NaN,         NaN
  4908.8,  2.677645E-5,   481.70798,  7.406843E-5,   707.61189, 9.310002E-12,   295.19428,          NaN,         NaN
  4913.8,  2.397435E-5,   483.02768,  5.282001E-5,   708.62630, 1.496711E-11,   296.85227,          NaN,         NaN
  4918.8,  3.372104E-5,   484.74867,  6.623785E-5,   708.99444, 5.055489E-12,   297.60667,          NaN,         NaN
  4923.8,  3.085474E-5,   485.76644,  6.236303E-5,   709.70864, 1.006148E-11,   300.23864,          NaN,         NaN
  4928.8,  2.318222E-5,   485.69739,  4.709706E-5,   709.36295, 9.352463E-12,   301.41457,          NaN,         NaN
  4933.8,  2.317952E-5,   484.25625,  5.681188E-5,   710.57901, 6.722706E-12,   299.04213,          NaN,         NaN
  4938.8,  1.942261E-5,   484.14733,  8.743577E-5,   711.02212, 4.238106E-12,   297.40213,          NaN,         NaN
  4943.8,  3.824274E-5,   486.25955,  4.708213E-5,   711.82756, 7.235792E-12,   297.87833,          NaN,         NaN
  4948.8,  3.594859E-5,   487.03198,  8.057452E-5,   711.75725, 2.619934E-12,   296.10847,          NaN,         NaN
  4953.8,  3.819240E-5,   488.43838,  6.237304E-5,   713.28645, 3.938979E-12,   297.52726,          NaN,         NaN
  4958.8,  3.262176E-5,   487.47966,  4.797633E-5,   713.91287, 5.369272E-12,   299.53830,          NaN,         NaN
  4963.8,  3.970257E-5,   487.90562,  1.797017E-5,   713.78597, 8.488041E-12,   300.25450,          NaN,         NaN
  4968.8,  3.664083E-5,   488.88045,  4.804264E-5,   713.77023, 3.475647E-12,   298.45695,          NaN,         NaN
  4973.8,  3.074559E-5,   489.41978,  8.827014E-5,   714.81366, 4.803031E-12,   298.09188,          NaN,         NaN
  4978.8,  2.491053E-5,   490.10635,  3.472537E-5,   715.64821, 1.031411E-11,   295.26283,          NaN,         NaN
  4983.8,  2.482455E-5,   492.00020,  4.920680E-5,   716.34380, 6.176033E-12,   297.71357,          NaN,         NaN
  4988.8,  2.194102E-5,   491.48060,  3.811403E-5,   718.20996, 3.095953E-12,   296.83556,          NaN,         NaN
  4993.8,  4.559331E-5,   491.03007,  4.429347E-5,   717.15489, 7.004313E-12,   298.24365,          NaN,         NaN
  4998.8,  4.903299E-5,   491.12489,  1.782304E-5,   719.77651, 1.977498E-12,   299.15813,          NaN,         NaN
  5003.7,  1.764351E-5,   493.18472,  8.493946E-6,   720.93417, 7.519973E-12,   301.50795,          NaN,         NaN
  5008.7,  3.986272E-5,   492.35800,  2.701611E-5,   722.52303, 8.907093E-12,   303.90408,          NaN,         NaN
  5013.7,  3.679948E-5,   493.59130,  4.808082E-5,   722.86196, 5.478555E-12,   302.71246,          NaN,         NaN
  5018.7,  1.106566E-5,   491.34407,  2.701157E-5,   723.36086, 3.725933E-12,   303.57603,          NaN,         NaN
  5023.7,  3.780666E-5,   493.40202,  6.079977E-5,   724.32318, 1.293896E-11,   301.13053,          NaN,         NaN
  5028.7,  6.458188E-5,   494.78932,  7.784637E-5,   724.78050, 7.424717E-12,   303.24936,          NaN,         NaN
  5033.7,  3.191812E-5,   494.73716,  7.191187E-5,   726.34810, 1.191165E-11,   301.83966,          NaN,         NaN
  5038.7,  3.320500E-5,   494.69978,  4.491391E-5,   726.52487, 4.427294E-12,   299.65493,          NaN,         NaN
  5043.7,  5.041082E-5,   495.13964,  3.958471E-5,   727.09595, 1.805859E-12,   299.95978,          NaN,         NaN
  5048.7,  4.007317E-5,   496.42896,  4.418439E-5,   727.99203, 2.852950E-12,   297.86856,          NaN,         NaN
  5053.7,  3.568215E-5,   497.81351,  2.618419E-5,   725.51209, 9.596125E-12,   299.44916,          NaN,         NaN
  5058.7,  3.670117E-5,   498.12040,  4.487824E-5,   725.46298, 5.949040E-12,   297.67126,          NaN,         NaN
  5063.7,  6.137106E-5,   497.89133,  2.796090E-5,   724.97042, 1.128571E-11,   295.86318,          NaN,         NaN
  5068.7,  4.381247E-5,   498.69345,  7.029121E-5,   727.61010, 2.998179E-12,   295.68734,          NaN,         NaN
  5073.7,  2.118389E-5,   499.17233,  5.061669E-5,   727.54232, 3.101434E-12,   293.69787,          NaN,         NaN
  5078.7,  5.473959E-5,   500.81415,  2.351780E-5,   729.29287, 9.186770E-12,   291.69160,          NaN,         NaN
  5083.7,  1.375596E-5,   502.02937,  1.996321E-5,   730.67245, 3.022069E-12,   290.45094,          NaN,         NaN
  5088.7,  2.649253E-5,   503.20642,  3.894029E-5,   729.50586, 1.083987E-11,   292.25174,          NaN,         NaN
  5093.7,  3.289693E-5,   502.47161,  4.292337E-5,   730.43802, 9.968244E-12,   293.22523,          NaN,         NaN
  5098.7,  2.195306E-5,   501.08782,  2.118523E-5,   727.56906, 8.880554E-12,   290.65309,          NaN,         NaN
  5103.7,  4.198124E-5,   502.24775,  6.265551E-6,   726.31614, 3.326139E-12,   290.21614,          NaN,         NaN
  5108.7,  4.424484E-5,   503.32908,  3.953482E-5,   724.20354, 6.572671E-12,   288.83504,          NaN,         NaN
  5113.7,  4.781534E-5,   502.01803,  2.202344E-5,   724.93885, 6.294368E-12,   291.24959,          NaN,         NaN
  5118.7,  1.243273E-5,   499.92772,  3.929789E-5,   726.60103, 2.308096E-12,   293.60394,          NaN,         NaN
  5123.7,  4.308850E-5,   500.04514,  2.184208E-5,   726.46868, 2.844710E-12,   295.63128,          NaN,         NaN
  5128.7,  2.203844E-5,   499.74964,  5.866604E-5,   727.24036, 3.997579E-12,   296.87629,          NaN,         NaN
  5133.7,  4.722336E-5,   499.62309,  5.483696E-5,   728.27698, 7.307537E-12,   297.24664,          NaN,         NaN
  5138.7,  1.874004E-5,   500.06768,  4.171749E-5,   729.34830, 2.225346E-12,   296.45745,          NaN,         NaN
  5143.7,  3.298415E-5,   500.91757,  2.262245E-5,   731.03114, 1.705868E-12,   294.84330,          NaN,         NaN
  5148.7,  2.085971E-5,   502.02108,  1.524861E-5,   728.70080, 5.705442E-12,   292.58231,          NaN,         NaN
  5153.7,  2.102819E-5,   504.53154,  4.205115E-5,   727.80360, 4.262738E-12,   294.91324,          NaN,         NaN
  5158.7,  1.285309E-5,   507.16830,  3.206426E-5,   729.10322, 3.196404E-12,   297.44098,          NaN,         NaN
  5163.7,  2.390634E-5,   509.20783,  4.970603E-5,   729.91914, 4.246794E-12,   297.94146,          NaN,         NaN
  5168.7,  9.635864E-6,   508.76099,  7.548776E-5,   731.36387, 5.712262E-12,   296.90964,          NaN,         NaN
  5173.7,  3.444002E-5,   508.87094,  6.504086E-5,   732.04437, 6.833304E-12,   299.19516,          NaN,         NaN
  5178.7,  2.838477E-5,   509.87834,  8.574352E-5,   733.60918, 4.444939E-12,   298.28860,          NaN,         NaN
  5183.7,  4.758757E-5,   510.75947,  5.033076E-5,   734.26574, 3.805166E-12,   299.25050,          NaN,         NaN
  5188.7,  1.674282E-5,   511.93585,  2.920252E-5,   736.11589, 7.418513E-12,   297.40161,          NaN,         NaN
  5193.7,  2.842786E-5,   512.64129,  2.863549E-5,   737.03230, 9.848516E-12,   295.17650,          NaN,         NaN
  5198.7,  1.896398E-5,   511.29576,  2.244720E-5,   738.66530, 4.761315E-12,   295.34952,          NaN,         NaN
  5203.7,  2.739943E-5,   509.29678,  1.844860E-5,   741.56852, 9.522924E-12,   294.90164,          NaN,         NaN
  5208.7,  3.283922E-5,   509.20163,  3.540696E-5,   743.49286, 3.058080E-12,   294.83277,          NaN,         NaN
  5213.7,  2.360396E-5,   510.42609,  2.385152E-5,   745.13289, 3.522503E-12,   293.61010,          NaN,         NaN
  5218.7,  1.408445E-5,   511.00342,  8.117166E-5,   746.92127, 7.335317E-12,   295.59194,          NaN,         NaN
  5223.7,  3.648097E-5,   511.10022,  3.417076E-5,   747.58813, 7.754264E-12,   298.02186,          NaN,         NaN
  5228.7,  2.537736E-5,   513.03514,  6.889414E-5,   748.47554, 8.215949E-12,   299.85121,          NaN,         NaN
  5233.7,  2.118169E-5,   511.51999,  2.623723E-5,   749.87740, 3.223531E-12,   297.23111,          NaN,         NaN
  5238.7,  2.146417E-5,   509.00557,  5.980287E-5,   750.59712, 8.430222E-12,   295.09027,          NaN,         NaN
  5243.7,  2.728996E-5,   511.67828,  3.879689E-5,   752.09371, 3.383251E-12,   294.40545,          NaN,         NaN
  5248.7,  4.558936E-5,   512.77936,  5.308665E-5,   753.28788, 3.792710E-12,   292.14030,          NaN,         NaN
  5253.7,  2.268093E-5,   513.37054,  2.023431E-5,   753.50912, 7.370947E-12,   290.82575,          NaN,         NaN
  5258.7,  3.932086E-5,   512.02227,  2.455094E-5,   756.34096, 4.888115E-12,   292.17592,          NaN,         NaN
  5263.7,  3.427862E-5,   514.44002,  6.915679E-5,   758.83042, 3.578328E-12,   290.41780,          NaN,         NaN
  5268.7,  3.266434E-5,   515.63501,  2.422421E-5,   756.42677, 1.575209E-12,   288.92880,          NaN,         NaN
  5273.7,  5.109833E-5,   516.37611,  4.033546E-5,   754.91932, 3.444910E-12,   287.07269,          NaN,         NaN
  5278.7,  1.962046E-5,   518.23609,  3.815381E-5,   753.50865, 1.436956E-11,   286.17561,          NaN,         NaN
  5283.7,  1.271469E-5,   516.40249,  3.987900E-5,   754.82349, 5.097389E-12,   287.78814,          NaN,         NaN
  5288.7,  3.977792E-5,   514.22016,  3.296542E-5,   756.58170, 9.725101E-12,   287.89291,          NaN,         NaN
  5293.7,  2.600808E-5,   514.11470,  1.166545E-5,   758.55705, 3.289802E-12,   287.98092,          NaN,         NaN
  5298.7,  5.117193E-5,   514.13805,  5.804810E-5,   760.83561, 7.058136E-12,   288.39008,          NaN,         NaN
  5303.7,  3.696671E-5,   515.65423,  3.429398E-5,   763.25709, 6.412270E-12,   286.24440,          NaN,         NaN
  5308.7,  6.968327E-5,   518.12602,  3.762021E-5,   765.68290, 5.654552E-12,   285.90825,          NaN,         NaN
  5313.7,  3.196013E-5,   518.23998,  4.279972E-5,   767.32384, 2.321758E-12,   284.33768,          NaN,         NaN
  5318.7,  1.724381E-5,   519.14700,  3.583585E-5,   768.05450, 6.687991E-12,   282.56778,          NaN,         NaN
  5323.7,  2.969007E-5,   519.80040,  3.598419E-5,   769.45766, 4.435308E-12,   284.24301,          NaN,         NaN
  5328.7,  3.199654E-5,   520.46048,  2.321694E-5,   769.35681, 7.122383E-12,   286.59998,          NaN,         NaN
  5333.7,  1.837074E-5,   522.96013,  9.038439E-6,   770.93533, 3.899255E-12,   287.26690,          NaN,         NaN
  5338.7,  1.939638E-5,   520.70007,  3.865672E-5,   772.35181, 2.518487E-12,   285.26270,          NaN,         NaN
  5343.7,  4.756878E-5,   522.10873,  1.484994E-5,   769.90570, 9.453688E-12,   282.99271,          NaN,         NaN
  5348.7,  3.473478E-5,   523.89815,  2.592059E-5,   768.03422, 6.835022E-12,   282.58245,          NaN,         NaN
  5353.7,  3.380087E-5,   525.45153,  1.283268E-5,   769.25966, 1.304405E-11,   282.87093,          NaN,         NaN
  5358.7,  3.641548E-5,   527.86711,  3.302344E-5,   771.34986, 3.110520E-12,   284.91656,          NaN,         NaN
  5363.7,  2.136490E-5,   529.99982,  3.358089E-5,   773.65686, 7.577650E-12,   284.44859,          NaN,         NaN
  5368.7,  1.090195E-5,   530.60071,  2.103552E-5,   771.96214, 3.333320E-12,   286.49118,          NaN,         NaN
  5373.7,  1.775963E-5,   532.88291,  3.786560E-5,   773.60130, 5.092394E-12,   286.36619,          NaN,         NaN
  5378.7,  3.010265E-5,   531.37295,  7.711076E-5,   774.78224, 5.424373E-12,   283.79531,          NaN,         NaN
  5383.7,  4.265331E-5,   531.53216,  2.691885E-5,   776.16159, 9.683567E-12,   282.60461,          NaN,         NaN
  5388.7,  3.075970E-5,   529.20632,  4.470636E-5,   777.24567, 4.762487E-12,   281.15472,          NaN,         NaN
  5393.7,  1.920864E-5,   531.58013,  6.738306E-5,   777.24624, 3.638657E-12,   283.30369,          NaN,         NaN
  5398.7,  2.722712E-5,   530.42046,  3.189826E-5,   777.86704, 5.330085E-12,   281.55845,          NaN,         NaN
  5403.6,  1.906370E-5,   529.19296,  4.518738E-5,   778.39798, 5.267264E-12,   283.84532,          NaN,         NaN
  5408.6,  5.273605E-5,   527.51100,  4.711797E-5,   779.82384, 4.260676E-12,   284.89046,          NaN,         NaN
  5413.6,  1.501939E-5,   528.59125,  7.308026E-5,   780.46045, 6.792978E-12,   283.24734,          NaN,         NaN
  5418.6,  2.530714E-5,   530.84611,  2.460792E-5,   782.06231, 4.013365E-12,   285.56947,          NaN,         NaN
  5423.6,  2.907325E-5,   528.61879,  2.162012E-5,   781.63954, 5.207667E-12,   283.99713,          NaN,         NaN
  5428.6,  2.505919E-5,   530.54661,  1.499836E-5,   779.15460, 3.209344E-12,   284.88818,          NaN,         NaN
  5433.6,  5.317992E-5,   531.15123,  3.582435E-5,   781.17369, 1.196391E-11,   285.32662,          NaN,         NaN
  5438.6,  1.819134E-5,   532.38476,  2.920590E-5,   782.20519, 2.205343E-12,   285.02714,          NaN,         NaN
  5443.6,  1.486475E-5,   530.17920,  3.085145E-5,   782.26834, 5.897435E-12,   287.65167,          NaN,         NaN
  5448.6,  1.907880E-5,   531.29320,  4.025833E-5,   781.00806, 2.294821E-12,   285.40374,          NaN,         NaN
  5453.6,  1.961535E-5,   529.53279,  3.848708E-5,   778.55629, 4.479663E-12,   284.10720,          NaN,         NaN
  5458.6,  1.596893E-5,   528.77056,  3.293648E-5,   776.15935, 4.936738E-12,   283.19732,          NaN,         NaN
  5463.6,  2.826766E-5,   530.65886,  5.997233E-5,   777.12212, 5.089557E-12,   282.70939,          NaN,         NaN
  5468.6,  2.097323E-5,   528.24095,  5.967309E-5,   778.23728, 7.287123E-12,   281.07989,          NaN,         NaN
  5473.6,  1.974598E-5,   525.98559,  5.527902E-5,   779.71590, 5.967783E-12,   279.42543,          NaN,         NaN
  5478.6,  4.049444E-5,   528.32527,  5.674875E-5,   780.11940, 4.621450E-12,   277.53644,          NaN,         NaN
  5483.6,  2.909492E-5,   526.02127,  6.367577E-5,   780.68373, 3.113804E-12,   278.52432,          NaN,         NaN
  5488.6,  2.556719E-5,   527.97890,  4.418460E-5,   780.84326, 5.259172E-12,   279.71082,          NaN,         NaN
  5493.6,  4.844421E-6,   526.20046,  6.042929E-6,   779.52489, 7.245346E-12,   279.22620,          NaN,         NaN
  5498.6,  1.721910E-5,   527.19280,  5.711655E-5,   777.18203, 5.784215E-12,   280.47796,          NaN,         NaN
  5503.6,  3.258404E-5,   529.44932,  4.644739E-5,   776.43610, 3.623640E-12,   278.33014,          NaN,         NaN
  5508.6,  3.511123E-5,   529.66653,  4.185965E-5,   777.48694, 8.907523E-12,   279.68402,          NaN,         NaN
  5513.6,  2.513561E-5,   529.50889,  7.505205E-5,   777.34414, 8.522724E-12,   277.54683,          NaN,         NaN
  5518.6,  3.794162E-5,   530.62359,  6.173373E-5,   778.42328, 4.238939E-12,   275.81546,          NaN,         NaN
  5523.6,  2.980515E-5,   532.82812,  7.137448E-5,   779.17567, 5.213807E-12,   276.86891,          NaN,         NaN
  5528.6,  3.118987E-5,   534.14257,  3.951004E-5,   780.07484, 5.899525E-12,   276.93053,          NaN,         NaN
  5533.6,  2.425817E-5,   534.47106,  2.091147E-5,   780.46132, 7.779139E-12,   279.52586,          NaN,         NaN
  5538.6,  3.755383E-5,   536.82371,  6.304301E-5,   780.74967, 9.795928E-12,   281.80779,          NaN,         NaN
  5543.6,  1.974983E-5,   535.93865,  4.066690E-5,   781.38709, 7.651013E-12,   279.12921,          NaN,         NaN
  5548.6,  2.174545E-5,   537.71855,  5.838387E-5,   781.05377, 4.440173E-12,   281.01290,          NaN,         NaN
  5553.6,  1.020156E-5,   539.38508,  3.910927E-5,   782.60700, 4.079626E-12,   283.14292,          NaN,         NaN
  5558.6,  2.891544E-5,   538.16759,  6.366729E-5,   783.50434, 7.996507E-12,   284.14326,          NaN,         NaN
  5563.6,  2.785449E-5,   536.31139,  4.985624E-5,   783.64943, 8.330741E-12,   286.47516,          NaN,         NaN
  5568.6,  4.554580E-5,   538.69126,  3.775907E-5,   784.98785, 5.357335E-12,   284.17487,          NaN,         NaN
  5573.6,  5.772675E-5,   541.40797,  5.928062E-5,   785.63393, 6.201830E-12,   285.66105,          NaN,         NaN
  5578.6,  2.625460E-5,   540.16785,  2.203132E-5,   786.55943, 8.140814E-12,   283.52871,          NaN,         NaN
  5583.6,  1.449489E-5,   542.23703,  6.100832E-5,   785.82598, 4.722254E-12,   281.00412,          NaN,         NaN
  5588.6,  1.451163E-5,   542.51093,  3.914028E-5,   787.71560, 5.932417E-12,   283.28403,          NaN,         NaN
  5593.6,  1.543411E-5,   544.00921,  4.593277E-5,   788.49757, 5.009931E-12,   282.85231,          NaN,         NaN
  5598.6,  2.970169E-5,   542.48200,  3.320122E-5,   788.72158, 5.056739E-12,   284.61985,          NaN,         NaN
  5603.6,  1.407919E-5,   542.88507,  4.840698E-6,   790.21740, 4.228840E-12,   284.34954,          NaN,         NaN
  5608.6,  2.490395E-5,   545.05022,  2.310527E-5,   790.33251, 4.907041E-12,   282.88043,          NaN,         NaN
  5613.6,  1.351882E-5,   545.13690,  2.864784E-5,   791.11536, 8.841427E-12,   281.76435,          NaN,         NaN
  5618.6,  1.581414E-5,   544.27609,  2.583628E-5,   788.60097, 7.332949E-12,   281.06401,          NaN,         NaN
  5623.6,  2.914728E-5,   541.45101,  2.991092E-5,   788.19933, 1.237286E-12,   278.69358,          NaN,         NaN
  5628.6,  1.087893E-5,   540.10081,  2.218346E-5,   789.73611, 4.896297E-12,   279.47236,          NaN,         NaN
  5633.6,  2.361117E-5,   537.65995,  2.363048E-5,   789.40643, 8.575154E-12,   280.69811,          NaN,         NaN
  5638.6,  2.365139E-5,   535.32675,  1.812155E-5,   790.10162, 5.237549E-12,   279.49787,          NaN,         NaN
  5643.6,  3.556137E-5,   534.10061,  3.228483E-5,   789.10490, 6.301256E-12,   281.79404,          NaN,         NaN
  5648.6,  3.828112E-5,   535.59741,  1.583812E-5,   787.46203, 3.122632E-12,   284.28978,          NaN,         NaN
  5653.6,  6.299080E-5,   537.34467,  4.555720E-5,   785.00565, 5.642822E-12,   283.28225,          NaN,         NaN
  5658.6,  1.224891E-5,   537.07937,  7.048700E-5,   786.98773, 2.763071E-12,   284.45918,          NaN,         NaN
  5663.6,  1.631576E-5,   536.04357,  3.908185E-5,   787.86772, 5.360686E-12,   284.38815,          NaN,         NaN
  5668.6,  1.523568E-5,   536.28321,  4.690461E-5,   787.11946, 8.050245E-12,   286.05396,          NaN,         NaN
  5673.6,  1.722764E-5,   535.91230,  2.664794E-5,   789.61520, 3.899094E-12,   285.52239,          NaN,         NaN
  5678.6,  4.515145E-5,   537.98743,  2.677382E-5,   789.21823, 7.375403E-12,   287.31343,          NaN,         NaN
  5683.6,  2.535467E-5,   538.37024,  1.731785E-5,   789.88190, 1.742658E-12,   287.06235,          NaN,         NaN
  5688.6,  3.635482E-5,   539.43955,  3.047240E-5,   790.72621, 4.674825E-12,   288.48985,          NaN,         NaN
  5693.6,  1.156615E-5,   539.53704,  2.816405E-5,   790.83873, 8.558334E-12,   285.84457,          NaN,         NaN
  5698.6,  2.323447E-5,   542.18259,  3.460925E-5,   791.83036, 3.843493E-12,   283.97301,          NaN,         NaN
  5703.6,  1.470057E-5,   540.89286,  1.878478E-5,   790.90523, 4.229429E-12,   282.41560,          NaN,         NaN
  5708.6,  3.362367E-5,   540.43711,  1.841173E-5,   793.16186, 9.999584E-12,   282.75609,          NaN,         NaN
  5713.6,  2.527075E-5,   539.70179,  3.899855E-5,   792.97355, 5.009279E-12,   282.53493,          NaN,         NaN
  5718.6,  3.768767E-5,   542.05242,  1.326366E-5,   793.59806, 4.666885E-12,   281.34226,          NaN,         NaN
  5723.6,  1.994524E-5,   542.22973,  4.465307E-5,   795.63928, 6.495240E-12,   278.60077,          NaN,         NaN
  5728.6,  2.412825E-5,   544.01239,  2.241588E-5,   796.60837, 4.280856E-12,   277.42762,          NaN,         NaN
  5733.6,  1.820966E-5,   545.34807,  1.945935E-5,   793.89841, 6.921646E-12,   275.71619,          NaN,         NaN
  5738.6,  1.670735E-5,   545.06675,  2.183949E-5,   793.37304, 4.692348E-12,   277.78187,          NaN,         NaN
  5743.6,  3.858739E-5,   545.30394,  3.661837E-5,   794.96191, 8.195654E-12,   278.72004,          NaN,         NaN
  5748.6,  5.237228E-6,   544.41016,  2.114864E-5,   797.86723, 6.071401E-12,   279.75673,          NaN,         NaN
  5753.6,  3.303275E-5,   543.56035,  1.376943E-5,   797.23775, 5.230901E-12,   279.62140,          NaN,         NaN
  5758.6,  1.490515E-5,   546.41744,  3.046617E-5,   799.30681, 2.373577E-12,   280.89337,          NaN,         NaN
  5763.6,  1.577416E-5,   544.57818,  2.261582E-5,   801.74108, 8.108363E-12,   282.25933,          NaN,         NaN
  5768.6,  2.277012E-5,   545.72592,  3.190900E-5,   803.91943, 3.305038E-12,   281.07873,          NaN,         NaN
  5773.6,  3.846644E-5,   546.55404,  1.073200E-5,   806.38895, 7.183786E-12,   279.24042,          NaN,         NaN
  5778.6,  4.652203E-5,   547.93093,  3.450764E-5,   807.17090, 2.734756E-12,   277.00523,          NaN,         NaN
  5783.6,  2.728751E-5,   549.06651,  1.802716E-5,   807.41124, 1.041129E-11,   274.87233,          NaN,         NaN
  5788.6,  2.988134E-5,   548.01962,  2.048316E-5,   809.05817, 5.771779E-12,   275.00509,          NaN,         NaN
  5793.6,  4.299185E-5,   549.55757,  2.335453E-5,   807.29915, 3.049101E-12,   274.29424,          NaN,         NaN
  5798.6,  2.917815E-5,   548.25167,  4.369198E-5,   808.47750, 7.611139E-12,   276.33692,          NaN,         NaN
  5803.5,  8.052907E-6,   547.46811,  2.726304E-5,   810.96237, 6.240891E-12,   278.26054,          NaN,         NaN
  5808.5,  2.683769E-5,   546.93697,  5.749307E-5,   810.89074, 2.639258E-12,   276.84861,          NaN,         NaN
  5813.5,  2.203758E-5,   544.26347,  2.330707E-5,   811.44986, 7.117009E-12,   275.30181,          NaN,         NaN
  5818.5,  4.396025E-5,   546.21275,  4.273972E-5,   812.76322, 1.706765E-12,   274.97598,          NaN,         NaN
  5823.5,  1.669319E-5,   544.90927,  2.750557E-5,   815.20403, 2.938333E-12,   274.35705,          NaN,         NaN
  5828.5,  3.875280E-5,   546.85887,  4.458103E-5,   812.37419, 6.096888E-12,   276.75515,          NaN,         NaN
  5833.5,  4.198340E-5,   548.09063,  3.916566E-5,   813.21908, 6.611894E-12,   277.32452,          NaN,         NaN
  5838.5,  4.617059E-5,   548.23074,  2.303092E-5,   814.53121, 1.435046E-11,   276.88744,          NaN,         NaN
  5843.5,  2.850502E-5,   549.12098,  2.397054E-5,   814.26686, 4.597360E-12,   279.50634,          NaN,         NaN
  5848.5,  3.100150E-5,   549.35776,  2.708792E-5,   814.27629, 8.788437E-12,   278.64226,          NaN,         NaN
  5853.5,  1.844918E-5,   549.44004,  1.853666E-5,   816.18031, 7.316311E-12,   280.30263,          NaN,         NaN
  5858.5,  4.198630E-5,   550.60674,  2.868622E-5,   816.55699, 7.267720E-12,   281.72145,          NaN,         NaN
  5863.5,  3.471085E-5,   549.83201,  3.392984E-5,   814.92243, 3.586428E-12,   282.78063,          NaN,         NaN
  5868.5,  1.100859E-5,   549.16565,  2.424865E-5,   815.31011, 7.966352E-12,   284.46614,          NaN,         NaN
  5873.5,  4.565201E-5,   546.81009,  1.543830E-5,   818.04997, 3.738156E-12,   281.98564,          NaN,         NaN
  5878.5,  2.452087E-5,   546.94531,  2.378778E-5,   815.91371, 6.434726E-12,   283.36306,          NaN,         NaN
  5883.5,  1.542710E-5,   544.84305,  3.634271E-5,   815.03963, 2.669264E-12,   285.51306,          NaN,         NaN
  5888.5,  3.127041E-5,   544.72797,  5.183792E-5,   816.25136, 4.152362E-12,   287.33133,          NaN,         NaN
  5893.5,  2.105824E-5,   542.97444,  5.867415E-5,   818.83874, 8.696103E-12,   286.29816,          NaN,         NaN
  5898.5,  1.167915E-5,   541.13262,  2.610887E-5,   820.45333, 7.301046E-12,   287.52926,          NaN,         NaN
  5903.5,  3.249719E-5,   539.16502,  1.714762E-5,   818.45921, 5.456981E-12,   285.29790,          NaN,         NaN
  5908.5,  3.074771E-5,   540.93010,  4.528638E-5,   815.98282, 1.066075E-11,   286.37548,          NaN,         NaN
  5913.5,  4.582766E-5,   540.44960,  1.644452E-5,   813.58266, 6.463118E-12,   287.35654,          NaN,         NaN
  5918.5,  3.851391E-5,   540.21024,  2.498623E-5,   811.98541, 2.728042E-12,   288.22637,          NaN,         NaN
  5923.5,  1.638190E-5,   541.26054,  1.869448E-5,   810.44812, 4.831554E-12,   289.03215,          NaN,         NaN
  5928.5,  1.934724E-5,   542.76433,  1.872882E-5,   811.36604, 8.946182E-12,   286.42451,          NaN,         NaN
  5933.5,  2.462344E-5,   540.25140,  2.950640E-5,   809.05493, 2.350628E-12,   284.54278,          NaN,         NaN
  5938.5,  2.717526E-5,   542.68117,  1.355414E-5,   806.30061, 7.201952E-12,   283.77092,          NaN,         NaN
  5943.5,  2.936246E-5,   543.53848,  1.516299E-5,   805.98590, 6.695690E-12,   284.81307,          NaN,         NaN
  5948.5,  2.025654E-5,   542.27436,  4.309462E-5,   806.27756, 5.104243E-12,   285.86008,          NaN,         NaN
  5953.5,  2.719483E-5,   544.72588,  2.455582E-5,   807.63721, 2.084577E-12,   284.94591,          NaN,         NaN
  5958.5,  1.770641E-5,   545.72998,  4.407066E-5,   809.25378, 3.484521E-12,   285.75509,          NaN,         NaN
  5963.5,  2.177958E-5,   546.36796,  3.157998E-5,   809.96550, 8.172172E-12,   284.67592,          NaN,         NaN
  5968.5,  8.523519E-6,   545.18030,  4.339097E-5,   807.17449, 3.117769E-12,   287.34537,          NaN,         NaN
  5973.5,  8.899921E-6,   545.61919,  6.524043E-6,   809.70615, 4.187190E-12,   285.60360,          NaN,         NaN
  5978.5,  3.682194E-5,   546.63100,  1.478196E-5,   811.90936, 6.727076E-12,   285.73527,          NaN,         NaN
  5983.5,  2.497277E-5,   549.01805,  2.612014E-5,   811.27283, 4.306979E-12,   285.28597,          NaN,         NaN
  5988.5,  1.940651E-5,   546.68269,  2.252554E-5,   810.92720, 7.425434E-12,   287.36014,          NaN,         NaN
  5993.5,  3.389477E-5,   546.44871,  1.308559E-5,   810.08506, 1.059017E-11,   289.49876,          NaN,         NaN
  5998.5,  1.961031E-5,   547.40259,  1.806117E-5,   808.74703, 2.415991E-12,   288.08022,          NaN,         NaN
  6003.5,  1.931739E-5,   547.36072,  2.209209E-5,   809.02688, 4.580090E-12,   290.08484,          NaN,         NaN
  6008.5,  1.969563E-5,   548.55977,  1.418022E-5,   806.11520, 5.717516E-12,   288.41882,          NaN,         NaN
  6013.5,  9.942934E-6,   548.12497,  1.073065E-5,   805.40112, 4.558189E-12,   285.95987,          NaN,         NaN
  6018.5,  6.711921E-5,   549.27792,  4.237913E-5,   808.11189, 5.976278E-12,   288.04186,          NaN,         NaN
  6023.5,  2.405518E-5,   550.56773,  9.526794E-6,   806.26825, 4.507282E-12,   290.21140,          NaN,         NaN
  6028.5,  2.456378E-5,   550.92729,  4.866902E-5,   804.30116, 2.243009E-12,   291.45611,          NaN,         NaN
  6033.5,  2.173804E-5,   548.26882,  2.397186E-5,   806.55658, 7.755864E-12,   293.09099,          NaN,         NaN
  6038.5,  3.709102E-5,   547.18290,  2.141311E-5,   808.79086, 3.869128E-12,   290.70049,          NaN,         NaN
  6043.5,  2.886768E-5,   545.36456,  2.666978E-5,   811.44046, 3.977524E-12,   292.14174,          NaN,         NaN
  6048.5,  1.810802E-5,   544.57479,  4.397278E-5,   810.26201, 6.265238E-12,   293.22714,          NaN,         NaN
  6053.5,  3.524238E-5,   546.67763,  2.623309E-5,   808.69655, 1.717945E-12,   293.48067,          NaN,         NaN
  6058.5,  1.589469E-5,   546.83968,  1.916986E-5,   807.48637, 4.113988E-12,   292.08677,          NaN,         NaN
  6063.5,  5.672108E-5,   548.01048,  3.341203E-5,   804.85930, 7.009379E-12,   294.03952,          NaN,         NaN
  6068.5,  4.274492E-5,   549.61988,  2.393652E-5,   805.94726, 6.352637E-12,   294.83175,          NaN,         NaN
  6073.5,  1.856276E-5,   549.04603,  3.418595E-5,   806.49599, 4.203485E-12,   292.39601,          NaN,         NaN
  6078.5,  2.307428E-5,   549.69118,  2.895046E-5,   807.77101, 1.225670E-11,   294.44204,          NaN,         NaN
  6083.5,  2.529754E-5,   550.66720,  1.746707E-5,   807.03961, 8.048564E-12,   296.22250,          NaN,         NaN
  6088.5,  2.943145E-5,   550.54823,  1.965911E-5,   809.23842, 3.786284E-12,   298.41929,          NaN,         NaN
  6093.5,  3.529074E-5,   551.76413,  1.379797E-5,   807.51109, 4.640724E-12,   299.82926,          NaN,         NaN
  6098.5,  2.169655E-5,   551.56223,  3.298928E-5,   809.84673, 2.830961E-12,   299.65494,          NaN,         NaN
  6103.5,  2.600141E-5,   553.18091,  9.163521E-6,   811.59552, 5.742974E-12,   298.08671,          NaN,         NaN
  6108.5,  2.977197E-5,   553.50989,  4.073694E-5,   810.43855, 7.762249E-12,   300.38055,          NaN,         NaN
  6113.5,  4.319504E-5,   553.90225,  2.857787E-5,   812.26011, 2.460427E-12,   301.32464,          NaN,         NaN
  6118.5,  1.497836E-5,   555.58975,  3.610636E-5,   812.27613, 6.730948E-12,   300.11774,          NaN,         NaN
  6123.5,  2.408907E-5,   556.63073,  7.372366E-6,   815.18751, 7.846645E-12,   300.88946,          NaN,         NaN
  6128.5,  2.962214E-5,   556.84848,  4.320891E-5,   812.66012, 4.971458E-12,   301.46327,          NaN,         NaN
  6133.5,  1.869084E-5,   556.48427,  1.623022E-5,   811.34666, 4.408850E-12,   303.02329,          NaN,         NaN
  6138.5,  2.641237E-5,   557.71406,  2.225936E-5,   809.08690, 4.665552E-12,   302.67088,          NaN,         NaN
  6143.5,  1.643162E-5,   559.67085,  3.348036E-5,   807.96933, 3.165340E-12,   302.78327,          NaN,         NaN
  6148.5,  2.344046E-5,   558.55214,  1.072351E-5,   808.89035, 3.983799E-12,   302.09128,          NaN,         NaN
  6153.5,  1.788471E-5,   557.88179,  3.805040E-5,   809.53788, 5.789984E-12,   299.47016,          NaN,         NaN
  6158.5,  3.129419E-5,   559.36541,  1.471381E-5,   810.04735, 1.260930E-11,   301.26202,          NaN,         NaN
  6163.5,  4.191188E-5,   560.18452,  2.126402E-5,   811.03299, 7.663614E-12,   303.54745,          NaN,         NaN
  6168.5,  2.375024E-5,   560.31044,  6.786274E-6,   813.60928, 5.223844E-12,   301.92408,          NaN,         NaN
  6173.5,  2.193517E-5,   559.52503,  3.492013E-5,   812.12315, 5.249871E-12,   299.40003,          NaN,         NaN
  6178.5,  3.629627E-5,   558.74214,  2.755062E-5,   814.37485, 2.260020E-12,   299.35852,          NaN,         NaN
  6183.5,  4.887456E-5,   556.34996,  4.344395E-5,   812.34224, 4.148032E-12,   301.43177,          NaN,         NaN
  6188.5,  3.826812E-5,   557.47231,  7.478669E-6,   812.02602, 3.205716E-12,   303.16772,          NaN,         NaN
  6193.5,  2.425240E-5,   559.60484,  2.288072E-5,   810.65250, 7.327608E-12,   303.21682,          NaN,         NaN
  6198.5,  6.864126E-6,   561.58672,  1.766779E-5,   812.85634, 4.389906E-12,   301.20901,          NaN,         NaN
  6203.4,  2.820101E-5,   559.03292,  2.035829E-5,   813.47871, 4.552895E-12,   299.10157,          NaN,         NaN
  6208.4,  3.126887E-5,   559.22297,  1.478003E-5,   816.25291, 2.850850E-12,   298.97574,          NaN,         NaN
  6213.4,  6.975365E-6,   557.85246,  1.613528E-5,   815.18149, 5.555241E-12,   298.25894,          NaN,         NaN
  6218.4,  4.407345E-5,   557.65029,  3.313276E-5,   816.63793, 3.009288E-12,   297.46969,          NaN,         NaN
  6223.4,  2.366754E-5,   558.33512,  9.799734E-6,   818.68889, 3.353377E-12,   295.37585,          NaN,         NaN
  6228.4,  3.162750E-5,   557.23308,  1.378999E-5,   818.38879, 1.063187E-11,   294.39199,          NaN,         NaN
  6233.4,  2.485954E-5,   559.78236,  2.442897E-5,   819.21310, 6.538508E-12,   296.54757,          NaN,         NaN
  6238.4,  3.738424E-5,   560.92130,  3.346789E-5,   820.02857, 8.021308E-12,   297.50630,          NaN,         NaN
  6243.4,  3.496897E-5,   561.95202,  3.924429E-5,   820.37212, 5.861512E-12,   297.99211,          NaN,         NaN
  6248.4,  1.749499E-5,   562.54044,  2.533276E-5,   822.20791, 4.646320E-12,   296.23640,          NaN,         NaN
  6253.4,  3.007754E-5,   562.65504,  4.772101E-5,   822.16706, 6.906448E-12,   294.09232,          NaN,         NaN
  6258.4,  2.260682E-5,   562.75968,  3.668691E-5,   824.56601, 1.748990E-12,   296.37125,          NaN,         NaN
  6263.4,  3.065483E-5,   560.22837,  1.894689E-5,   825.26668, 3.865355E-12,   298.62778,          NaN,         NaN
  6268.4,  3.967930E-5,   559.77911,  4.150959E-5,   824.16255, 6.425943E-12,   296.96903,          NaN,         NaN
  6273.4,  4.030298E-5,   559.78929,  2.208406E-5,   826.75325, 5.471991E-12,   294.77270,          NaN,         NaN
  6278.4,  4.606471E-5,   560.69506,  2.047661E-5,   829.26387, 3.495940E-12,   295.39629,          NaN,         NaN
  6283.4,  1.302645E-5,   562.89265,  1.317003E-5,   831.87795, 5.731682E-12,   296.92588,          NaN,         NaN
  6288.4,  3.519494E-5,   560.84904,  3.356895E-5,   832.70768, 1.157385E-11,   295.48554,          NaN,         NaN
  6293.4,  2.756681E-5,   561.63784,  4.311344E-5,   834.75532, 3.850308E-12,   293.14670,          NaN,         NaN
  6298.4,  3.826270E-5,   562.41535,  4.422929E-5,   833.94995, 3.581443E-12,   291.77256,          NaN,         NaN
  6303.4,  1.375938E-5,   563.31098,  8.011810E-6,   831.53422, 6.967973E-12,   293.85937,          NaN,         NaN
  6308.4,  9.953505E-6,   563.23738,  2.708551E-5,   830.16345, 4.911315E-12,   291.53680,          NaN,         NaN
  6313.4,  4.305904E-5,   564.03130,  2.017623E-5,   832.13304, 7.862494E-12,   290.52846,          NaN,         NaN
  6318.4,  3.351172E-5,   564.71492,  1.762222E-5,   833.62098, 6.056171E-12,   292.81919,          NaN,         NaN
  6323.4,  2.105760E-5,   563.28119,  4.177752E-5,   831.45738, 3.360752E-12,   293.95296,          NaN,         NaN
  6328.4,  2.599348E-5,   562.08174,  4.891727E-6,   829.95501, 3.651697E-12,   292.35842,          NaN,         NaN
  6333.4,  2.607202E-5,   560.84899,  2.912622E-5,   829.09349, 6.670916E-12,   291.99552,          NaN,         NaN
  6338.4,  3.115440E-5,   560.47551,  4.629428E-5,   831.13444, 1.941974E-12,   293.59124,          NaN,         NaN
  6343.4,  2.715060E-5,   562.24788,  2.586771E-5,   829.76680, 4.573938E-12,   292.71063,          NaN,         NaN
  6348.4,  3.136041E-5,   561.72361,  2.437615E-5,   830.37848, 3.805730E-12,   290.49598,          NaN,         NaN
  6353.4,  3.134423E-5,   562.26822,  2.635851E-5,   832.66708, 3.831828E-12,   288.03410,          NaN,         NaN
  6358.4,  2.515818E-5,   564.34840,  2.296369E-5,   831.59017, 5.140414E-12,   290.08889,          NaN,         NaN
  6363.4,  1.607424E-5,   563.19661,  3.337355E-5,   832.46232, 3.952466E-12,   291.75300,          NaN,         NaN
  6368.4,  1.720072E-5,   561.55841,  1.667705E-5,   833.29657, 7.648148E-12,   289.29760,          NaN,         NaN
  6373.4,  2.030324E-5,   563.73015,  1.858120E-5,   831.58379, 1.302393E-12,   291.18545,          NaN,         NaN
  6378.4,  4.127672E-5,   562.19286,  3.271225E-5,   831.13474, 7.455627E-12,   290.05490,          NaN,         NaN
  6383.4,  1.161702E-5,   562.18175,  2.966820E-5,   833.63653, 2.704619E-12,   292.02704,          NaN,         NaN
  6388.4,  4.319921E-5,   559.68448,  4.078560E-5,   834.30164, 3.546624E-12,   292.55848,          NaN,         NaN
  6393.4,  2.843751E-5,   560.75641,  2.623611E-5,   836.56443, 8.678492E-12,   289.83724,          NaN,         NaN
  6398.4,  3.653941E-5,   560.01149,  1.043825E-5,   834.70635, 2.308928E-12,   290.12494,          NaN,         NaN
  6403.4,  1.796647E-5,   562.45821,  1.331491E-5,   835.86800, 1.742791E-12,   291.97094,          NaN,         NaN
  6408.4,  2.320517E-5,   560.25158,  2.200295E-5,   834.46509, 5.423168E-12,   292.74222,          NaN,         NaN
  6413.4,  3.995198E-5,   562.28939,  1.555832E-5,   833.57013, 5.928408E-12,   290.71609,          NaN,         NaN
  6418.4,  4.406726E-5,   563.64346,  1.316386E-5,   834.22748, 3.500199E-12,   291.15945,          NaN,         NaN
  6423.4,  1.848737E-5,   563.35202,  2.239066E-5,   832.25388, 1.503619E-12,   290.34950,          NaN,         NaN
  6428.4,  3.403722E-5,   565.05846,  3.715702E-5,   831.98280, 7.541063E-12,   287.61913,          NaN,         NaN
  6433.4,  2.723589E-5,   564.54594,  1.983135E-5,   831.27570, 4.852061E-12,   285.29299,          NaN,         NaN
  6438.4,  2.897236E-5,   565.57723,  2.409373E-5,   830.69772, 5.075688E-12,   287.39278,          NaN,         NaN
  6443.4,  1.147868E-5,   565.23055,  1.607536E-5,   831.32333, 3.663562E-12,   287.26798,          NaN,         NaN
  6448.4,  9.726422E-6,   566.72787,  4.474611E-5,   834.11966, 6.340660E-12,   287.62655,          NaN,         NaN
  6453.4,  2.696779E-5,   566.62678,  4.141793E-6,   834.90779, 5.288652E-12,   285.57800,          NaN,         NaN
  6458.4,  2.017618E-5,   565.24139,  2.512712E-5,   835.43932, 3.362472E-12,   283.46248,          NaN,         NaN
  6463.4,  2.773737E-5,   567.49816,  3.331230E-5,   836.79538, 5.857008E-12,   284.06602,          NaN,         NaN
  6468.4,  3.469169E-5,   567.77594,  1.410370E-5,   834.12491, 7.983712E-12,   286.61537,          NaN,         NaN
  6473.4,  2.544477E-5,   568.26875,  1.527634E-5,   832.16459, 3.076735E-12,   287.74445,          NaN,         NaN
  6478.4,  1.551219E-5,   569.11529,  3.154227E-5,   830.33913, 1.604368E-12,   285.68502,          NaN,         NaN
  6483.4,  1.665093E-5,   568.26546,  2.665782E-5,   831.70399, 5.045842E-12,   288.20792,          NaN,         NaN
  6488.4,  1.441866E-5,   568.13882,  9.177891E-6,   832.45414, 4.808519E-12,   286.76153,          NaN,         NaN
  6493.4,  2.081074E-5,   570.11555,  3.316650E-5,   832.78310, 6.951666E-12,   286.04464,          NaN,         NaN
  6498.4,  4.461214E-5,   570.86467,  4.363962E-5,   831.29803, 5.552669E-12,   285.07190,          NaN,         NaN
  6503.4,  1.555658E-5,   570.19258,  2.261590E-5,   828.55555, 4.788694E-12,   287.24405,          NaN,         NaN
  6508.4,  2.681226E-5,   572.55023,  1.842930E-5,   830.98754, 1.015547E-11,   284.50929,          NaN,         NaN
  6513.4,  2.399333E-5,   571.86010,  4.808462E-5,   833.28848, 1.141061E-11,   282.14276,          NaN,         NaN
  6518.4,  2.233231E-5,   571.64530,  2.685847E-5,   832.49171, 3.527956E-12,   281.35407,          NaN,         NaN
  6523.4,  4.433438E-5,   573.09944,  2.481118E-5,   831.55849, 1.078323E-11,   282.43307,          NaN,         NaN
  6528.4,  2.809819E-5,   575.33086,  4.201202E-5,   833.53033, 1.298451E-12,   280.42349,          NaN,         NaN
  6533.4,  2.958529E-5,   576.34512,  4.913329E-5,   834.15850, 4.371787E-12,   279.61979,          NaN,         NaN
  6538.4,  1.528072E-5,   573.94181,  9.267013E-6,   836.60529, 1.041516E-11,   279.95569,          NaN,         NaN
  6543.4,  2.920536E-5,   575.17818,  2.390261E-5,   834.12321, 2.370470E-12,   277.65828,          NaN,         NaN
  6548.4,  2.609756E-5,   577.18040,  8.233272E-6,   832.61969, 8.140990E-12,   275.80081,          NaN,         NaN
  6553.4,  2.442884E-5,   577.21515,  1.793201E-5,   833.07994, 4.126115E-12,   276.62985,          NaN,         NaN
  6558.4,  3.543869E-5,   576.08299,  2.134078E-5,   835.76460, 9.332832E-12,   277.64106,          NaN,         NaN
  6563.4,  4.642536E-5,   573.93052,  1.561555E-5,   836.11129, 6.056817E-12,   279.37127,          NaN,         NaN
  6568.4,  2.143858E-5,   576.30730,  1.174325E-5,   834.33057, 3.169938E-12,   279.23048,          NaN,         NaN
  6573.4,  1.654569E-5,   578.53275,  2.448486E-5,   832.70577, 3.865992E-12,   277.42678,          NaN,         NaN
  6578.4,  1.848150E-5,   578.24015,  2.028896E-5,   832.94039, 7.219388E-12,   278.33156,          NaN,         NaN
  6583.4,  3.534942E-5,   580.21838,  3.122291E-5,   833.41862, 2.331953E-12,   279.88183,          NaN,         NaN
  6588.4,  3.678501E-5,   579.51371,  2.087753E-5,   834.16914, 2.628298E-12,   281.69691,          NaN,         NaN
  6593.4,  1.339980E-5,   581.71391,  1.167993E-5,   832.65389, 3.434746E-12,   280.51868,          NaN,         NaN
  6598.4,  3.741878E-5,   582.30554,  1.844482E-5,   834.26478, 3.546016E-12,   280.47770,          NaN,         NaN
  6603.3,  8.412524E-6,   582.42934,  3.782149E-5,   834.25984, 3.655214E-12,   281.60414,          NaN,         NaN
  6608.3,  2.988766E-5,   583.45364,  3.156598E-5,   834.80964, 6.110561E-12,   283.95305,          NaN,         NaN
  6613.3,  3.557375E-5,   585.89449,  2.548160E-5,   835.20411, 6.975674E-12,   285.71391,          NaN,         NaN
  6618.3,  2.195462E-5,   584.18189,  1.800899E-5,   836.63016, 5.767567E-12,   286.26157,          NaN,         NaN
  6623.3,  5.648991E-6,   584.34922,  2.431168E-5,   836.85630, 7.685507E-12,   284.46051,          NaN,         NaN
  6628.3,  4.685814E-5,   582.72825,  2.872275E-5,   834.39421, 2.263267E-12,   282.82656,          NaN,         NaN
  6633.3,  2.657915E-5,   584.76908,  2.862159E-5,   835.10491, 5.481002E-12,   281.21134,          NaN,         NaN
  6638.3,  1.708480E-5,   586.50745,  2.520775E-5,   837.85728, 6.491344E-12,   283.71056,          NaN,         NaN
  6643.3,  2.007878E-5,   588.66047,  1.643301E-5,   840.69898, 2.770571E-12,   283.14254,          NaN,         NaN
  6648.3,  1.892992E-5,   590.54378,  9.832945E-6,   843.03429, 2.621673E-12,   284.70318,          NaN,         NaN
  6653.3,  2.116514E-5,   591.93608,  2.270064E-5,   843.91928, 4.790587E-12,   286.46153,          NaN,         NaN
  6658.3,  1.332117E-5,   590.11731,  3.339814E-5,   845.77269, 4.891976E-12,   284.52728,          NaN,         NaN
  6663.3,  7.949787E-6,   588.95876,  2.207762E-5,   846.48565, 5.261510E-12,   282.56597,          NaN,         NaN
  6668.3,  1.039085E-5,   587.86740,  2.677578E-5,   846.97050, 5.404936E-12,   281.93062,          NaN,         NaN
  6673.3,  2.640232E-5,   588.22007,  3.344088E-5,   845.84225, 2.510874E-12,   280.02742,          NaN,         NaN
  6678.3,  1.989423E-5,   590.28179,  3.570439E-5,   848.31535, 4.344896E-12,   280.93530,          NaN,         NaN
  6683.3,  1.805379E-5,   592.73758,  2.278526E-5,   848.86301, 6.973680E-12,   282.50539,          NaN,         NaN
  6688.3,  3.397410E-5,   594.29406,  3.872156E-5,   847.77411, 4.225195E-12,   283.66373,          NaN,         NaN
  6693.3,  1.839759E-5,   595.48680,  9.554453E-6,   845.17645, 5.824503E-12,   281.44454,          NaN,         NaN
  6698.3,  1.577669E-5,   598.18467,  6.883975E-6,   842.99959, 4.381319E-12,   282.40513,          NaN,         NaN
  6703.3,  2.099296E-5,   598.07012,  3.679051E-5,   844.08768, 2.570165E-12,   284.03938,          NaN,         NaN
  6708.3,  2.031963E-5,   595.73975,  2.917625E-5,   843.94058, 3.646210E-12,   282.56518,          NaN,         NaN
  6713.3,  2.077303E-5,   595.57752,  3.430116E-5,   843.32091, 7.614045E-12,   282.65282,          NaN,         NaN
  6718.3,  3.323414E-5,   597.14125,  3.777408E-5,   844.28063, 5.644788E-12,   284.36661,          NaN,         NaN
  6723.3,  2.427241E-5,   598.86104,  1.660661E-5,   842.07855, 2.472826E-12,   284.12248,          NaN,         NaN
  6728.3,  2.693646E-5,   596.51874,  6.085984E-6,   844.77777, 5.049524E-12,   282.34936,          NaN,         NaN
  6733.3,  2.068978E-5,   596.66112,  2.889181E-5,   845.66584, 4.930358E-12,   280.18970,          NaN,         NaN
  6738.3,  3.196421E-5,   595.21196,  2.440417E-5,   846.95728, 2.656659E-12,   280.54767,          NaN,         NaN
  6743.3,  2.273059E-5,   596.59648,  1.912055E-5,   847.04929, 4.231190E-12,   278.44447,          NaN,         NaN
  6748.3,  7.206998E-6,   598.33386,  5.376730E-5,   846.49419, 3.018082E-12,   276.59418,          NaN,         NaN
  6753.3,  4.080618E-5,   597.79530,  1.455025E-5,   845.02897, 2.089047E-12,   278.70792,          NaN,         NaN
  6758.3,  5.514805E-5,   596.93963,  2.539228E-5,   843.52159, 6.491633E-12,   276.89784,          NaN,         NaN
  6763.3,  2.968096E-5,   595.25575,  2.370927E-5,   841.85431, 3.068385E-12,   278.94132,          NaN,         NaN
  6768.3,  2.091501E-5,   594.21742,  2.473806E-5,   843.23281, 5.694868E-12,   279.66150,          NaN,         NaN
  6773.3,  2.512766E-5,   592.53440,  5.956350E-6,   844.94057, 5.554217E-12,   277.92318,          NaN,         NaN
  6778.3,  9.191170E-6,   590.16066,  6.292939E-6,   846.95493, 2.900382E-12,   278.71780,          NaN,         NaN
  6783.3,  3.671685E-5,   588.68963,  4.005080E-5,   845.63953, 2.553548E-12,   276.80113,          NaN,         NaN
  6788.3,  1.030912E-5,   588.03988,  1.992280E-5,   847.64790, 3.836043E-12,   276.87196,          NaN,         NaN
  6793.3,  1.440637E-5,   587.87681,  3.353427E-5,   847.10115, 4.175247E-12,   278.18051,          NaN,         NaN
  6798.3,  1.185579E-5,   586.40941,  2.317653E-5,   847.21392, 4.018534E-12,   280.75325,          NaN,         NaN
  6803.3,  2.228697E-5,   588.02082,  1.195195E-5,   844.92491, 2.761155E-12,   283.17701,          NaN,         NaN
  6808.3,  1.956550E-5,   586.14028,  2.508328E-5,   847.28276, 3.506196E-12,   281.92210,          NaN,         NaN
  6813.3,  2.115944E-5,   583.41664,  7.944343E-6,   849.54094, 5.237010E-12,   283.43679,          NaN,         NaN
  6818.3,  1.128606E-5,   581.75556,  3.055207E-5,   851.86184, 6.246487E-12,   281.19070,          NaN,         NaN
  6823.3,  2.646976E-5,   581.82412,  3.026739E-5,   849.05799, 1.696691E-12,   279.53351,          NaN,         NaN
  6828.3,  5.069514E-5,   581.13790,  3.838037E-5,   847.37867, 7.410445E-12,   280.68982,          NaN,         NaN
  6833.3,  2.403013E-5,   581.86882,  4.188412E-5,   848.94057, 6.772030E-12,   279.43123,          NaN,         NaN
  6838.3,  3.052375E-5,   580.29088,  7.419178E-6,   848.54458, 4.249118E-12,   278.65346,          NaN,         NaN
  6843.3,  1.553304E-5,   577.70031,  3.372191E-5,   850.66692, 1.678448E-12,   278.16190,          NaN,         NaN
  6848.3,  2.677954E-5,   576.57222,  3.240131E-5,   850.30219, 2.877226E-12,   275.76704,          NaN,         NaN
  6853.3,  2.781206E-5,   574.13824,  7.833923E-6,   852.02740, 6.080212E-12,   273.50046,          NaN,         NaN
  6858.3,  3.140956E-5,   571.56582,  6.111528E-6,   852.95543, 4.226869E-12,   275.69316,          NaN,         NaN
  6863.3,  4.437149E-5,   572.85703,  6.693948E-6,   854.26007, 9.256487E-12,   278.41864,          NaN,         NaN
  6868.3,  3.343983E-5,   573.66454,  2.066896E-5,   852.61692, 5.516486E-12,   277.08332,          NaN,         NaN
  6873.3,  1.917539E-5,   573.74422,  2.828978E-5,   850.52770, 6.364870E-12,   276.46067,          NaN,         NaN
  6878.3,  3.424761E-5,   574.63700,  6.079041E-6,   848.28907, 4.804704E-12,   274.32500,          NaN,         NaN
  6883.3,  3.338135E-5,   573.14652,  2.874876E-5,   847.27928, 2.268142E-12,   274.03755,          NaN,         NaN
  6888.3,  1.742888E-5,   575.54751,  4.544425E-5,   846.28515, 3.763954E-12,   271.70858,          NaN,         NaN
  6893.3,  3.104957E-5,   576.47307,  3.656774E-5,   843.30275, 3.972883E-12,   272.47923,          NaN,         NaN
  6898.3,  2.800856E-5,   577.78119,  1.045561E-5,   845.80646, 5.507819E-12,   273.78606,          NaN,         NaN
  6903.3,  2.299366E-5,   576.46985,  2.821744E-5,   848.29813, 5.408537E-12,   275.30672,          NaN,         NaN
  6908.3,  3.133685E-5,   577.61526,  1.184908E-5,   848.33522, 5.115617E-12,   275.14402,          NaN,         NaN
  6913.3,  1.492663E-5,   578.01894,  1.646407E-5,   847.00674, 4.892362E-12,   277.88379,          NaN,         NaN
  6918.3,  2.428073E-5,   580.24114,  1.639412E-5,   844.93342, 5.488302E-12,   277.58707,          NaN,         NaN
  6923.3,  2.142482E-5,   577.86732,  2.493298E-5,   842.88059, 1.512304E-12,   275.89144,          NaN,         NaN
  6928.3,  3.496835E-5,   579.49294,  1.388205E-5,   841.92593, 3.845252E-12,   275.56019,          NaN,         NaN
  6933.3,  3.107550E-5,   580.27987,  2.275397E-5,   839.42081, 4.246434E-12,   277.89075,          NaN,         NaN
  6938.3,  1.191768E-5,   582.06597,  1.254441E-5,   839.72016, 4.763261E-12,   280.12650,          NaN,         NaN
  6943.3,  3.178069E-5,   580.32967,  1.985357E-5,   840.30202, 1.041285E-11,   278.64083,          NaN,         NaN
  6948.3,  2.967354E-5,   581.24862,  2.237564E-5,   841.09990, 5.826240E-12,   276.73811,          NaN,         NaN
  6953.3,  2.217930E-5,   583.72579,  2.803559E-5,   842.28895, 3.204893E-12,   276.51713,          NaN,         NaN
  6958.3,  1.070500E-5,   581.07497,  4.465697E-5,   839.55555, 5.068670E-12,   278.23952,          NaN,         NaN
  6963.3,  8.761706E-6,   579.80951,  2.219725E-5,   840.85725, 2.951527E-12,   279.48337,          NaN,         NaN
  6968.3,  1.659048E-5,   578.85902,  3.255628E-5,   841.37891, 9.133043E-12,   277.09768,          NaN,         NaN
  6973.3,  2.440258E-5,   581.35847,  3.155055E-5,   841.38321, 6.257547E-12,   275.26586,          NaN,         NaN
  6978.3,  1.988245E-5,   582.88708,  3.861294E-5,   842.38407, 6.903326E-12,   275.48630,          NaN,         NaN
  6983.3,  2.617680E-5,   584.32762,  2.529208E-5,   843.91784, 5.887059E-12,   274.40473,          NaN,         NaN
  6988.3,  1.169196E-5,   584.65361,  1.992852E-5,   843.53783, 4.381643E-12,   272.28403,          NaN,         NaN
  6993.3,  2.110157E-5,   582.57546,  4.073631E-5,   841.85009, 4.377884E-12,   270.05319,          NaN,         NaN
  6998.3,  1.070807E-5,   579.96464,  1.862494E-5,   842.72612, 6.711821E-12,   268.05749,          NaN,         NaN
  7003.2,  2.317516E-5,   582.13252,  2.410128E-5,   843.37254, 8.812473E-12,   265.52666,          NaN,         NaN
  7008.2,  2.459277E-5,   581.36853,  1.356568E-5,   844.86228, 6.792243E-12,   268.19604,          NaN,         NaN
  7013.2,  1.149017E-5,   583.32482,  2.910352E-5,   845.52886, 1.819621E-12,   265.63357,          NaN,         NaN
  7018.2,  9.046375E-6,   581.81083,  5.904715E-6,   846.38042, 1.948297E-12,   267.15623,          NaN,         NaN
  7023.2,  1.874991E-5,   581.28155,  2.601938E-5,   845.98628, 7.488729E-12,   269.08789,          NaN,         NaN
  7028.2,  1.614246E-5,   583.52136,  2.882198E-5,   844.35852, 7.100710E-12,   267.62130,          NaN,         NaN
  7033.2,  2.758525E-5,   583.68668,  1.388097E-5,   842.84197, 5.720038E-12,   267.44612,          NaN,         NaN
  7038.2,  2.374071E-5,   584.91965,  1.446273E-5,   845.44934, 5.324006E-12,   268.02660,          NaN,         NaN
  7043.2,  2.287685E-5,   583.19985,  1.272341E-5,   844.12237, 3.183861E-12,   267.66986,          NaN,         NaN
  7048.2,  2.168963E-5,   583.71843,  1.760988E-5,   842.83071, 1.477228E-12,   269.93036,          NaN,         NaN
  7053.2,  2.012912E-5,   582.58469,  3.045047E-5,   840.76700, 4.155117E-12,   270.06016,          NaN,         NaN
  7058.2,  1.698761E-5,   584.56617,  2.265882E-5,   842.83556, 7.611907E-12,   268.82436,          NaN,         NaN
  7063.2,  3.076534E-5,   585.61287,  3.047911E-5,   843.54835, 1.891426E-12,   269.52841,          NaN,         NaN
  7068.2,  2.223643E-5,   588.37635,  3.138697E-5,   844.42975, 6.741161E-12,   267.93025,          NaN,         NaN
  7073.2,  1.473378E-5,   585.92227,  2.532696E-5,   842.70825, 5.454812E-12,   266.21008,          NaN,         NaN
  7078.2,  2.997099E-5,   585.22310,  1.066835E-5,   844.10061, 4.280885E-12,   263.66754,          NaN,         NaN
  7083.2,  3.013561E-5,   587.53685,  1.923911E-5,   846.41317, 4.830935E-12,   265.01019,          NaN,         NaN
  7088.2,  3.293209E-5,   585.32620,  1.376880E-5,   846.76755, 2.228445E-12,   262.96783,          NaN,         NaN
  7093.2,  1.223028E-5,   584.77873,  3.105136E-5,   845.99131, 6.648213E-12,   263.98891,          NaN,         NaN
  7098.2,  2.401706E-5,   585.44838,  2.088082E-5,   843.76870, 6.601969E-12,   263.75332,          NaN,         NaN
  7103.2,  3.172303E-5,   583.13873,  2.434583E-5,   841.37341, 1.961005E-12,   265.02799,          NaN,         NaN
  7108.2,  5.187225E-5,   584.67871,  1.085777E-5,   840.18068, 9.013251E-12,   263.07435,          NaN,         NaN
  7113.2,  2.915116E-5,   586.18258,  3.769077E-5,   841.27002, 6.943065E-12,   261.40160,          NaN,         NaN
  7118.2,  3.120947E-5,   586.55352,  3.083584E-5,   842.85156, 3.763028E-12,   258.61706,          NaN,         NaN
  7123.2,  1.435124E-5,   587.98917,  6.924553E-6,   841.86611, 3.486653E-12,   256.16060,          NaN,         NaN
  7128.2,  3.772265E-5,   586.82173,  5.609334E-5,   842.44964, 4.014621E-12,   256.50567,          NaN,         NaN
  7133.2,  2.864127E-5,   587.17585,  7.082447E-6,   844.07161, 3.893360E-12,   256.54141,          NaN,         NaN
  7138.2,  2.459899E-5,   587.56124,  3.224951E-5,   843.09856, 5.426722E-12,   253.81933,          NaN,         NaN
  7143.2,  2.616508E-5,   584.94689,  2.895662E-5,   844.79936, 3.864215E-12,   254.03686,          NaN,         NaN
  7148.2,  4.567139E-5,   582.66574,  7.724039E-6,   842.37360, 7.535108E-12,   253.59165,          NaN,         NaN
  7153.2,  3.409212E-5,   582.16374,  1.708041E-5,   839.67550, 4.129867E-12,   252.00392,          NaN,         NaN
  7158.2,  8.530685E-6,   583.51531,  3.195507E-5,   839.53831, 6.038873E-12,   251.30511,          NaN,         NaN
  7163.2,  2.886638E-5,   584.59874,  2.592328E-5,   840.71510, 5.412559E-12,   249.15424,          NaN,         NaN
  7168.2,  4.395328E-5,   587.14933,  2.883707E-5,   840.36162, 5.451733E-12,   247.25853,          NaN,         NaN
  7173.2,  2.141056E-5,   588.15278,  1.044336E-5,   841.35681, 1.090627E-11,   247.08962,          NaN,         NaN
  7178.2,  2.325923E-5,   589.18795,  5.418648E-5,   843.42944, 4.051196E-12,   246.07317,          NaN,         NaN
  7183.2,  8.848770E-6,   591.58531,  1.061540E-5,   842.22467, 2.254326E-12,   243.89787,          NaN,         NaN
  7188.2,  2.849715E-5,   590.73783,  1.474190E-5,   839.39829, 4.140494E-12,   246.32824,          NaN,         NaN
  7193.2,  2.807147E-5,   589.17785,  2.528226E-5,   837.68205, 5.665697E-12,   243.90377,          NaN,         NaN
  7198.2,  1.002366E-5,   590.94022,  2.803459E-5,   837.67551, 4.824917E-12,   241.01921,          NaN,         NaN
  7203.2,  3.507229E-5,   592.68760,  1.091515E-5,   836.15491, 2.922099E-12,   239.04171,          NaN,         NaN
  7208.2,  1.761689E-5,   593.74676,  3.588201E-5,   837.86342, 3.286495E-12,   240.40332,          NaN,         NaN
  7213.2,  3.528139E-5,   591.79440,  5.848703E-6,   836.53515, 4.696902E-12,   238.99952,          NaN,         NaN
  7218.2,  7.964511E-6,   590.52279,  1.643560E-5,   835.37042, 3.269057E-12,   238.18661,          NaN,         NaN
  7223.2,  1.842420E-5,   588.68783,  2.968914E-5,   834.01408, 4.181773E-12,   236.59819,          NaN,         NaN
  7228.2,  1.864471E-5,   590.82847,  1.086001E-5,   834.42948, 2.820448E-12,   238.74659,          NaN,         NaN
  7233.2,  3.174746E-5,   589.84479,  2.041810E-5,   835.05777, 4.910641E-12,   236.85675,          NaN,         NaN
  7238.2,  2.647798E-5,   587.78358,  2.613684E-5,   834.69347, 3.592145E-12,   236.32868,          NaN,         NaN
  7243.2,  1.822478E-5,   584.97161,  2.517515E-5,   837.34690, 2.565470E-12,   234.18347,          NaN,         NaN
  7248.2,  1.589852E-5,   585.76063,  1.481444E-5,   836.84232, 5.241778E-12,   232.47714,          NaN,         NaN
  7253.2,  1.694291E-5,   583.52749,  3.500743E-5,   834.89354, 2.970194E-12,   230.01064,          NaN,         NaN
  7258.2,  2.595797E-5,   582.56974,  2.664065E-5,   832.24699, 7.601260E-12,   227.95612,          NaN,         NaN
  7263.2,  2.538077E-5,   580.54525,  1.272557E-5,   829.77048, 1.931130E-12,   227.01566,          NaN,         NaN
  7268.2,  2.048475E-5,   579.24262,  2.020411E-5,   829.54333, 7.319958E-12,   226.23181,          NaN,         NaN
  7273.2,  3.636490E-5,   577.87889,  1.035897E-5,   831.34250, 4.808470E-12,   225.82840,          NaN,         NaN
  7278.2,  2.596159E-5,   579.08552,  4.379861E-5,   831.36976, 4.631737E-12,   224.98852,          NaN,         NaN
  7283.2,  2.278655E-5,   577.02459,  1.171306E-5,   829.96519, 1.173948E-12,   223.05243,          NaN,         NaN
  7288.2,  2.805183E-5,   576.60173,  2.958678E-5,   832.54266, 3.580083E-12,   221.24867,          NaN,         NaN
  7293.2,  1.539277E-5,   574.80774,  2.106186E-5,   832.46485, 5.991108E-12,   221.40068,          NaN,         NaN
  7298.2,  1.207127E-5,   577.31765,  3.122318E-5,   831.98802, 3.124679E-12,   221.62567,          NaN,         NaN
  7303.2,  3.904709E-5,   579.62218,  1.795656E-5,   833.65506, 2.961694E-12,   223.56715,          NaN,         NaN
  7308.2,  1.296882E-5,   579.38714,  2.356019E-5,   832.98448, 5.320912E-12,   222.25720,          NaN,         NaN
  7313.2,  2.626401E-5,   580.16011,  1.792710E-5,   834.27259, 7.345761E-12,   221.67992,          NaN,         NaN
  7318.2,  2.027721E-5,   578.20142,  3.337892E-5,   835.80192, 4.040709E-12,   219.57098,          NaN,         NaN
  7323.2,  3.107331E-5,   576.10599,  2.566356E-5,   835.14520, 3.476529E-12,   217.84461,          NaN,         NaN
  7328.2,  3.024228E-5,   577.51181,  3.855506E-5,   834.05408, 7.284303E-12,   217.35523,          NaN,         NaN
  7333.2,  1.587564E-5,   576.71985,  1.767982E-5,   833.12211, 2.029581E-12,   217.87577,          NaN,         NaN
  7338.2,  1.749924E-5,   576.88243,  9.797368E-6,   835.28099, 4.651411E-12,   220.56843,          NaN,         NaN
  7343.2,  2.537338E-5,   578.58242,  3.264826E-5,   836.82436, 8.503078E-12,   220.17658,          NaN,         NaN
  7348.2,  5.321043E-5,   578.21858,  1.968264E-5,   835.82808, 6.288335E-12,   222.16412,          NaN,         NaN
  7353.2,  1.621883E-5,   579.82316,  2.325408E-5,   835.22092, 2.380950E-12,   224.46464,          NaN,         NaN
  7358.2,  1.812107E-5,   579.35538,  4.168781E-5,   836.86804, 6.548098E-12,   224.01843,          NaN,         NaN
  7363.2,  1.864152E-5,   577.93833,  2.495923E-5,   838.73842, 1.456300E-12,   223.44118,          NaN,         NaN
  7368.2,  5.536406E-6,   575.62491,  2.607786E-5,   838.02785, 6.940367E-12,   223.49437,          NaN,         NaN
  7373.2,  2.111125E-5,   575.55097,  1.620019E-5,   838.87140, 4.058632E-12,   221.44438,          NaN,         NaN
  7378.2,  3.894026E-5,   575.76965,  2.334521E-5,   838.30861, 3.521657E-12,   219.98656,          NaN,         NaN
  7383.2,  3.351180E-5,   575.89164,  7.527393E-6,   840.72899, 5.436053E-12,   217.95005,          NaN,         NaN
  7388.2,  2.329501E-5,   575.47793,  1.000254E-5,   838.28425, 1.503232E-12,   217.40795,          NaN,         NaN
  7393.2,  1.663704E-5,   573.73819,  1.281152E-5,   835.85521, 3.329975E-12,   219.86776,          NaN,         NaN
  7398.2,  1.675445E-5,   572.43002,  1.324200E-5,   833.71382, 9.373284E-12,   221.46136,          NaN,         NaN
  7403.1,  8.697459E-6,   570.33920,  2.900908E-5,   831.25857, 3.290875E-12,   221.17322,          NaN,         NaN
  7408.1,  2.530851E-5,   568.28218,  2.240541E-5,   830.74404, 2.100276E-12,   219.91751,          NaN,         NaN
  7413.1,  1.016414E-5,   569.00651,  2.629183E-5,   830.56707, 4.618262E-12,   220.77413,          NaN,         NaN
  7418.1,  1.980756E-5,   570.75815,  1.548297E-5,   830.52858, 2.426203E-12,   220.64767,          NaN,         NaN
  7423.1,  2.257083E-5,   570.05903,  2.029891E-5,   829.62486, 4.264520E-12,   222.59437,          NaN,         NaN
  7428.1,  1.604709E-5,   568.07510,  1.935598E-5,   831.31431, 2.255933E-12,   223.70051,          NaN,         NaN
  7433.1,  2.933172E-5,   566.95029,  3.079157E-5,   832.75433, 4.309635E-12,   222.28264,          NaN,         NaN
  7438.1,  3.087739E-5,   566.67802,  3.675126E-5,   832.44466, 5.322851E-12,   222.50888,          NaN,         NaN
  7443.1,  2.700589E-5,   565.44866,  2.764283E-5,   834.96239, 3.187668E-12,   223.06081,          NaN,         NaN
  7448.1,  2.930044E-5,   563.83897,  2.880503E-5,   834.63348, 5.178000E-12,   221.01973,          NaN,         NaN
  7453.1,  2.518836E-5,   566.10204,  5.635226E-5,   833.77540, 2.168307E-12,   221.17121,          NaN,         NaN
  7458.1,  2.585442E-5,   568.25455,  3.632947E-5,   834.00023, 4.907318E-12,   223.54315,          NaN,         NaN
  7463.1,  1.787645E-5,   568.13922,  2.506090E-5,   831.12013, 2.559520E-12,   224.17826,          NaN,         NaN
  7468.1,  1.568437E-5,   567.29315,  3.753363E-5,   829.34798, 4.913035E-12,   226.66182,          NaN,         NaN
  7473.1,  2.770863E-5,   568.16232,  1.621541E-5,   831.04625, 3.866943E-12,   224.39465,          NaN,         NaN
  7478.1,  2.453896E-5,   566.99468,  1.552183E-5,   833.00526, 5.000384E-12,   225.31189,          NaN,         NaN
  7483.1,  2.040243E-5,   564.34508,  2.857728E-5,   831.93769, 3.310264E-12,   223.42253,          NaN,         NaN
  7488.1,  2.797910E-5,   566.71996,  9.464523E-6,   831.53821, 3.994584E-12,   221.17523,          NaN,         NaN
  7493.1,  1.902839E-5,   564.27216,  2.922537E-5,   833.23326, 6.282768E-12,   221.43504,          NaN,         NaN
  7498.1,  1.814159E-5,   561.84167,  1.823985E-5,   834.31321, 4.300949E-12,   222.84698,          NaN,         NaN
  7503.1,  1.405512E-5,   563.68609,  8.900340E-6,   835.65167, 7.536314E-12,   223.12086,          NaN,         NaN
  7508.1,  2.032876E-5,   561.08091,  1.041784E-5,   836.34314, 2.270531E-12,   221.88266,          NaN,         NaN
  7513.1,  1.031820E-5,   559.08823,  4.109398E-6,   837.86752, 6.778323E-12,   219.55478,          NaN,         NaN
  7518.1,  3.253861E-5,   561.17730,  2.911550E-5,   836.62319, 2.250964E-12,   221.63724,          NaN,         NaN
  7523.1,  2.632531E-5,   563.78152,  2.934256E-5,   838.57021, 8.979259E-12,   220.17610,          NaN,         NaN
  7528.1,  2.042962E-5,   562.09337,  1.260919E-5,   840.87973, 7.822105E-12,   217.70663,          NaN,         NaN
  7533.1,  2.702263E-5,   562.55138,  2.493302E-5,   838.50072, 5.972089E-12,   216.59408,          NaN,         NaN
  7538.1,  2.263034E-5,   564.79662,  4.397077E-6,   836.76752, 5.581908E-12,   217.76445,          NaN,         NaN
  7543.1,  1.189199E-5,   565.34323,  3.812374E-5,   838.06001, 1.999815E-12,   219.81600,          NaN,         NaN
  7548.1,  2.907270E-5,   564.62780,  8.575830E-6,   840.98100, 3.592194E-12,   217.77994,          NaN,         NaN
  7553.1,  2.958101E-5,   564.63815,  1.957139E-5,   841.11150, 3.858483E-12,   218.35418,          NaN,         NaN
  7558.1,  3.455758E-5,   563.61416,  3.805409E-5,   840.97249, 6.681430E-12,   219.16284,          NaN,         NaN
  7563.1,  1.006993E-5,   562.78213,  1.977165E-5,   841.24210, 1.422878E-12,   217.24287,          NaN,         NaN
  7568.1,  2.532478E-5,   561.69780,  4.807706E-5,   843.82426, 2.222394E-12,   218.85404,          NaN,         NaN
  7573.1,  2.461561E-5,   560.42341,  3.003804E-5,   843.28737, 2.558261E-12,   216.24225,          NaN,         NaN
  7578.1,  9.941968E-6,   560.13557,  2.127350E-5,   842.44367, 5.370066E-12,   214.93352,          NaN,         NaN
  7583.1,  8.553198E-6,   562.06909,  2.921448E-5,   843.32131, 7.581445E-12,   215.36241,          NaN,         NaN
  7588.1,  1.381150E-5,   562.82589,  3.108466E-5,   844.95952, 3.855282E-12,   214.90903,          NaN,         NaN
  7593.1,  1.570632E-5,   561.95373,  1.562480E-5,   845.72120, 4.917196E-12,   215.27936,          NaN,         NaN
  7598.1,  2.236048E-5,   562.14222,  1.702367E-5,   844.86092, 4.759532E-12,   214.67068,          NaN,         NaN
  7603.1,  2.620302E-5,   564.34367,  1.523297E-5,   846.74240, 3.302156E-12,   215.35889,          NaN,         NaN
  7608.1,  1.729953E-5,   565.32938,  1.603030E-5,   847.34700, 2.839768E-12,   213.88896,          NaN,         NaN
  7613.1,  1.138624E-5,   564.88550,  2.843170E-5,   845.16020, 2.212581E-12,   216.35626,          NaN,         NaN
  7618.1,  2.433927E-5,   564.35419,  1.979012E-5,   847.80369, 1.480965E-12,   216.74583,          NaN,         NaN
  7623.1,  1.478796E-5,   565.98415,  2.174331E-5,   847.25442, 3.547162E-12,   218.19089,          NaN,         NaN
  7628.1,  1.091711E-5,   568.14689,  2.855259E-5,   845.93419, 5.092596E-12,   215.77680,          NaN,         NaN
  7633.1,  1.776385E-5,   567.71832,  2.662106E-5,   844.04492, 2.917429E-12,   217.22617,          NaN,         NaN
  7638.1,  2.629622E-5,   567.25681,  2.613830E-5,   841.29275, 5.820141E-12,   217.07820,          NaN,         NaN
  7643.1,  1.371035E-5,   565.67993,  7.837457E-6,   843.77289, 6.726645E-12,   215.72104,          NaN,         NaN
  7648.1,  3.012133E-5,   564.82706,  2.523543E-5,   844.09275, 4.986932E-12,   213.68559,          NaN,         NaN
  7653.1,  1.834576E-5,   562.05894,  1.986399E-5,   845.19541, 5.836025E-12,   211.42324,          NaN,         NaN
  7658.1,  2.428515E-5,   563.30651,  4.325397E-5,   843.25104, 2.184256E-12,   209.17380,          NaN,         NaN
  7663.1,  2.929951E-5,   564.38636,  2.047491E-5,   844.38653, 5.625905E-12,   210.81172,          NaN,         NaN
  7668.1,  3.224155E-5,   565.31717,  2.382114E-5,   845.34845, 4.909217E-12,   213.52915,          NaN,         NaN
  7673.1,  3.059466E-5,   563.80317,  3.149905E-5,   846.30108, 4.272608E-12,   211.18859,          NaN,         NaN
  7678.1,  4.414998E-5,   561.66808,  4.976492E-5,   845.45355, 2.892343E-12,   208.90720,          NaN,         NaN
  7683.1,  2.584259E-5,   561.98290,  9.519527E-6,   847.59192, 5.085014E-12,   206.32637,          NaN,         NaN
  7688.1,  3.586935E-5,   561.95531,  1.841608E-5,   848.13080, 3.279077E-12,   204.25790,          NaN,         NaN
  7693.1,  1.342397E-5,   560.59230,  3.054925E-5,   850.03399, 2.510017E-12,   204.84850,          NaN,         NaN
  7698.1,  2.279009E-5,   561.01564,  1.339938E-5,   852.38826, 4.849153E-12,   202.80479,          NaN,         NaN
  7703.1,  2.372035E-5,   560.27500,  1.762930E-5,   852.79967, 4.324582E-12,   203.84681,          NaN,         NaN
  7708.1,  2.762275E-5,   559.60082,  9.987003E-6,   850.25380, 4.316722E-12,   202.41380,          NaN,         NaN
  7713.1,  1.680443E-5,   561.26695,  1.934911E-5,   848.53379, 3.910321E-12,   201.29323,          NaN,         NaN
  7718.1,  4.435843E-5,   559.10187,  1.228570E-5,   849.84630, 1.375712E-12,   200.37662,          NaN,         NaN
  7723.1,  1.411942E-5,   557.10886,  3.733999E-5,   852.59530, 4.450240E-12,   199.24003,          NaN,         NaN
  7728.1,  1.607501E-5,   558.03849,  3.057081E-5,   852.85199, 6.100310E-12,   196.73043,          NaN,         NaN
  7733.1,  1.970747E-5,   556.72294,  1.611473E-5,   850.49778, 4.134766E-12,   195.01761,          NaN,         NaN
  7738.1,  2.707477E-5,   554.41131,  3.197240E-5,   852.88392, 6.739649E-12,   194.03101,          NaN,         NaN
  7743.1,  2.163068E-5,   554.48701,  4.719166E-5,   851.68057, 1.846157E-12,   192.57995,          NaN,         NaN
  7748.1,  1.925294E-5,   553.94515,  2.764119E-5,   851.69228, 3.177780E-12,   193.56761,          NaN,         NaN
  7753.1,  7.334789E-6,   552.83309,  1.881900E-5,   853.47792, 2.171133E-12,   193.08185,          NaN,         NaN
  7758.1,  4.076743E-5,   551.07226,  2.031917E-5,   852.13827, 4.290858E-12,   191.76166,          NaN,         NaN
  7763.1,  1.043618E-5,   553.32301,  4.750820E-6,   854.23215, 3.276894E-12,   191.78615,          NaN,         NaN
  7768.1,  1.324833E-5,   551.31993,  2.233608E-5,   854.25798, 2.272165E-12,   191.14124,          NaN,         NaN
  7773.1,  3.892611E-5,   551.43122,  2.535963E-5,   853.74834, 3.301979E-12,   191.03438,          NaN,         NaN
  7778.1,  9.322224E-6,   549.03172,  1.286750E-5,   855.12247, 5.754310E-12,   189.23722,          NaN,         NaN
  7783.1,  2.540841E-5,   550.03897,  1.052866E-5,   854.86389, 2.871647E-12,   186.52010,          NaN,         NaN
  7788.1,  2.220434E-5,   552.01375,  3.001125E-5,   853.66140, 6.600471E-12,   187.96186,          NaN,         NaN
  7793.1,  3.299799E-5,   550.42929,  2.828576E-5,   853.47962, 1.204233E-12,   188.53533,          NaN,         NaN
  7798.1,  1.166833E-5,   549.91386,  2.938799E-5,   853.62930, 3.231762E-12,   187.09673,          NaN,         NaN
  7803.0,  1.065409E-5,   551.81019,  4.960784E-6,   851.97598, 2.650653E-12,   185.84472,          NaN,         NaN
  7808.0,  1.557175E-5,   551.19063,  1.648648E-5,   849.61595, 5.078302E-12,   184.58588,          NaN,         NaN
  7813.0,  1.022036E-5,   553.25297,  1.342256E-5,   847.70109, 5.881390E-12,   184.05713,          NaN,         NaN
  7818.0,  9.175391E-6,   553.81830,  2.687497E-5,   850.60396, 7.708196E-12,   181.91050,          NaN,         NaN
  7823.0,  1.341709E-5,   552.71387,  1.307089E-5,   851.55367, 2.492261E-12,   184.22885,          NaN,         NaN
  7828.0,  2.563029E-5,   552.33141,  1.549392E-5,   848.84250, 3.203636E-12,   185.61533,          NaN,         NaN
  7833.0,  2.566511E-5,   552.56780,  3.386031E-6,   847.10409, 3.505523E-12,   184.52719,          NaN,         NaN
  7838.0,  3.589312E-5,   550.91441,  3.970524E-5,   847.07158, 1.965945E-12,   183.39059,          NaN,         NaN
  7843.0,  1.103780E-5,   551.37945,  2.841453E-5,   846.51849, 3.258128E-12,   184.17319,          NaN,         NaN
  7848.0,  7.810175E-6,   549.34303,  2.497659E-5,   844.06006, 3.843903E-12,   184.97183,          NaN,         NaN
  7853.0,  2.170489E-5,   548.56346,  1.783496E-5,   841.94725, 2.070301E-12,   182.31445,          NaN,         NaN
  7858.0,  1.233147E-5,   548.17463,  1.252813E-5,   842.06178, 4.560359E-12,   184.84702,          NaN,         NaN
  7863.0,  2.997118E-5,   550.52550,  1.409037E-5,   843.29492, 5.359342E-12,   183.14323,          NaN,         NaN
  7868.0,  2.225447E-5,   548.72939,  2.473674E-5,   842.35050, 4.064265E-12,   182.43194,          NaN,         NaN
  7873.0,  1.446950E-5,   551.46879,  2.220908E-5,   844.17907, 3.110685E-12,   180.31864,          NaN,         NaN
  7878.0,  1.084240E-5,   551.22759,  2.030875E-5,   846.61077, 3.745804E-12,   182.42817,          NaN,         NaN
  7883.0,  1.488513E-5,   553.19294,  3.642743E-5,   843.59558, 1.704581E-12,   185.18621,          NaN,         NaN
  7888.0,  2.929967E-5,   551.70265,  1.801659E-5,   842.85557, 2.672927E-12,   184.04210,          NaN,         NaN
  7893.0,  1.753861E-5,   549.01128,  1.574763E-5,   843.93158, 4.610258E-12,   186.54987,          NaN,         NaN
  7898.0,  1.539327E-5,   548.64478,  1.506198E-5,   844.25083, 4.234876E-12,   184.83892,          NaN,         NaN
  7903.0,  2.051524E-5,   550.14714,  4.340039E-5,   844.96046, 2.461318E-12,   185.92394,          NaN,         NaN
  7908.0,  1.321690E-5,   547.66861,  2.651760E-5,   846.35418, 2.455855E-12,   186.71855,          NaN,         NaN
  7913.0,  4.633276E-5,   548.47197,  1.629218E-5,   847.48659, 3.345346E-12,   187.21581,          NaN,         NaN
  7918.0,  2.183638E-5,   546.87153,  1.758097E-5,   850.23265, 5.318563E-12,   187.78016,          NaN,         NaN
  7923.0,  1.476794E-5,   545.83977,  7.689638E-6,   848.42680, 2.581391E-12,   187.61488,          NaN,         NaN
  7928.0,  6.982966E-6,   544.69694,  1.141689E-5,   846.22421, 2.535935E-12,   187.73315,          NaN,         NaN
  7933.0,  1.159557E-5,   545.16646,  1.471238E-5,   844.48826, 2.879356E-12,   188.55433,          NaN,         NaN
  7938.0,  2.134594E-5,   547.60929,  2.636115E-5,   843.01376, 2.549677E-12,   186.86627,          NaN,         NaN
  7943.0,  1.759801E-5,   546.31094,  1.923096E-5,   843.45181, 6.107666E-12,   186.36418,          NaN,         NaN
  7948.0,  4.122101E-5,   545.08046,  3.284015E-5,   843.13402, 2.538250E-12,   188.42366,          NaN,         NaN
  7953.0,  4.386620E-5,   545.83258,  2.190006E-5,   842.83238, 7.437861E-12,   186.20862,          NaN,         NaN
  7958.0,  2.408321E-5,   544.25979,  7.984284E-6,   845.33115, 3.485873E-12,   185.49840,          NaN,         NaN
  7963.0,  1.823634E-5,   542.48230,  1.107659E-5,   847.01249, 4.983655E-12,   185.30576,          NaN,         NaN
  7968.0,  6.225639E-6,   540.47179,  4.345442E-5,   845.73865, 3.069707E-12,   184.68588,          NaN,         NaN
  7973.0,  1.964473E-5,   538.23928,  3.894777E-5,   846.45956, 3.677290E-12,   182.73473,          NaN,         NaN
  7978.0,  2.058249E-5,   537.59694,  3.081279E-5,   845.52252, 2.819906E-12,   183.81140,          NaN,         NaN
  7983.0,  2.907063E-5,   538.12705,  2.984773E-5,   846.89868, 2.609950E-12,   182.44721,          NaN,         NaN
  7988.0,  1.733440E-5,   535.45556,  7.726991E-6,   849.58503, 2.913214E-12,   180.77643,          NaN,         NaN
  7993.0,  1.393096E-5,   535.46694,  3.970524E-5,   852.34460, 2.995133E-12,   183.23652,          NaN,         NaN
  7998.0,  1.935882E-5,   532.83460,  2.790636E-5,   854.22665, 3.247093E-12,   184.08667,          NaN,         NaN
  8003.0,  3.116611E-5,   535.15441,  1.896184E-5,   855.57682, 6.335735E-12,   182.50873,          NaN,         NaN
  8008.0,  1.689292E-5,   536.25132,  1.650634E-5,   855.40286, 2.936334E-12,   183.83827,          NaN,         NaN
  8013.0,  2.571330E-5,   534.96392,  1.281766E-5,   855.93951, 5.948037E-12,   181.99791,          NaN,         NaN
  8018.0,  2.995513E-5,   535.43152,  2.287630E-5,   854.27286, 3.054904E-12,   184.27643,          NaN,         NaN
  8023.0,  1.414447E-5,   534.33689,  4.597759E-5,   854.46974, 2.180400E-12,   186.19942,          NaN,         NaN
  8028.0,  1.869721E-5,   533.28048,  2.424494E-5,   855.23012, 4.477472E-12,   187.08470,          NaN,         NaN
  8033.0,  2.491328E-5,   533.67793,  1.668072E-5,   856.65426, 5.736288E-12,   186.29683,          NaN,         NaN
  8038.0,  1.159631E-5,   532.35363,  2.050523E-5,   858.19956, 3.272725E-12,   184.29688,          NaN,         NaN
  8043.0,  2.624927E-5,   532.83406,  2.377771E-5,   858.11224, 5.308989E-12,   186.98594,          NaN,         NaN
  8048.0,  2.558950E-5,   534.54076,  1.699199E-5,   858.43327, 4.784762E-12,   185.26053,          NaN,         NaN
  8053.0,  8.407662E-6,   536.69522,  1.962440E-5,   859.22517, 3.697890E-12,   182.83191,          NaN,         NaN
  8058.0,  1.379191E-5,   536.45393,  3.799334E-5,   858.69654, 4.720685E-12,   181.28489,          NaN,         NaN
  8063.0,  1.311419E-5,   536.83630,  2.531300E-5,   859.22407, 1.443129E-12,   182.86684,          NaN,         NaN
  8068.0,  1.637452E-5,   535.67844,  9.435931E-6,   859.84333, 2.447052E-12,   180.41867,          NaN,         NaN
  8073.0,  2.414107E-5,   532.99996,  1.218910E-5,   860.46876, 6.486382E-12,   182.43770,          NaN,         NaN
  8078.0,  9.333511E-6,   532.38356,  2.025940E-5,   861.20080, 3.317747E-12,   183.45252,          NaN,         NaN
  8083.0,  1.642265E-5,   531.63929,  3.738988E-5,   861.59016, 1.472414E-12,   184.75791,          NaN,         NaN
  8088.0,  1.836641E-5,   531.34801,  1.005980E-5,   860.74033, 3.168176E-12,   185.48526,          NaN,         NaN
  8093.0,  1.708776E-5,   532.34226,  1.068278E-5,   862.34325, 3.787472E-12,   187.33862,          NaN,         NaN
  8098.0,  3.662132E-5,   531.22661,  3.938928E-5,   862.14954, 2.021367E-12,   189.83207,          NaN,         NaN
  8103.0,  1.999724E-5,   528.93989,  3.776713E-5,   862.23828, 2.264903E-12,   188.66092,          NaN,         NaN
  8108.0,  6.295971E-6,   530.08282,  7.272595E-6,   862.09125, 7.176508E-12,   186.19767,          NaN,         NaN
  8113.0,  1.514175E-5,   529.29592,  1.976639E-5,   861.48224, 4.810378E-12,   184.31685,          NaN,         NaN
  8118.0,  2.297968E-5,   528.84784,  1.557038E-5,   863.92606, 2.709366E-12,   184.46614,          NaN,         NaN
  8123.0,  3.104373E-5,   529.13360,  7.486913E-6,   861.60249, 2.333004E-12,   184.01328,          NaN,         NaN
  8128.0,  1.305116E-5,   528.46151,  3.070405E-5,   859.36541, 4.718975E-12,   182.84600,          NaN,         NaN
  8133.0,  1.357225E-5,   528.80778,  2.160207E-5,   857.92784, 5.943123E-12,   181.87203,          NaN,         NaN
  8138.0,  9.006708E-6,   530.48823,  2.219760E-5,   857.62307, 6.206382E-12,   182.77362,          NaN,         NaN
  8143.0,  1.920803E-5,   530.40853,  2.172971E-5,   860.03271, 2.369717E-12,   181.18272,          NaN,         NaN
  8148.0,  1.747878E-5,   531.77709,  7.996483E-6,   858.97444, 2.496237E-12,   180.85819,          NaN,         NaN
  8153.0,  2.989500E-5,   529.56246,  1.441202E-5,   856.42380, 4.105350E-12,   183.20124,          NaN,         NaN
  8158.0,  1.086104E-5,   531.38740,  1.579006E-5,   854.15627, 3.767158E-12,   181.81792,          NaN,         NaN
  8163.0,  1.925890E-5,   532.41079,  1.706710E-5,   856.34335, 3.771516E-12,   182.87525,          NaN,         NaN
  8168.0,  1.458294E-5,   530.28458,  3.488235E-5,   856.10309, 2.833664E-12,   184.88304,          NaN,         NaN
  8173.0,  1.685438E-5,   528.84361,  2.401189E-5,   856.58108, 4.020585E-12,   186.76148,          NaN,         NaN
  8178.0,  1.922211E-5,   526.86601,  1.816380E-5,   855.17823, 3.793177E-12,   187.33100,          NaN,         NaN
  8183.0,  2.026297E-5,   528.31139,  1.896655E-5,   857.16804, 2.469842E-12,   184.80362,          NaN,         NaN
  8188.0,  2.769111E-5,   527.09133,  2.222735E-5,   857.12206, 3.654987E-12,   182.07139,          NaN,         NaN
  8193.0,  2.612166E-5,   524.67903,  2.586547E-5,   859.82699, 2.676118E-12,   184.84671,          NaN,         NaN
  8198.0,  2.389021E-5,   524.68756,  4.593849E-5,   858.92057, 5.399315E-12,   185.02756,          NaN,         NaN
  8202.9,  3.502194E-5,   525.37525,  2.772606E-5,   859.10441, 6.151696E-12,   183.58776,          NaN,         NaN
  8207.9,  3.177150E-5,   523.75724,  2.497263E-5,   859.25063, 7.552556E-12,   183.82913,          NaN,         NaN
  8212.9,  9.536117E-6,   523.13115,  3.350661E-5,   858.17428, 7.302570E-12,   182.87019,          NaN,         NaN
  8217.9,  3.500675E-6,   522.92186,  2.351926E-5,   858.82696, 4.564698E-12,   181.49496,          NaN,         NaN
  8222.9,  1.364517E-5,   523.84118,  2.704159E-5,   856.41681, 4.209732E-12,   181.91120,          NaN,         NaN
  8227.9,  1.191591E-5,   522.07131,  2.049220E-5,   856.66488, 3.263733E-12,   179.81929,          NaN,         NaN
  8232.9,  1.991318E-5,   520.57070,  2.037395E-5,   856.28773, 4.377947E-12,   178.25486,          NaN,         NaN
  8237.9,  1.163549E-5,   518.02581,  2.363160E-5,   857.20357, 7.796928E-12,   175.61761,          NaN,         NaN
  8242.9,  1.734577E-5,   519.51093,  3.785374E-5,   855.86385, 7.848436E-12,   172.84960,          NaN,         NaN
  8247.9,  2.597466E-5,   518.34184,  1.169874E-5,   856.16618, 3.423338E-12,   175.45933,          NaN,         NaN
  8252.9,  1.215971E-5,   517.03155,  1.765271E-5,   854.23152, 2.878695E-12,   173.98008,          NaN,         NaN
  8257.9,  1.058602E-5,   514.76001,  2.460309E-5,   851.38300, 3.041058E-12,   173.77765,          NaN,         NaN
  8262.9,  1.628242E-5,   514.16949,  1.790701E-5,   852.81873, 3.002224E-12,   174.11285,          NaN,         NaN
  8267.9,  1.818134E-5,   515.51967,  3.013164E-5,   853.96252, 3.307256E-12,   171.76603,          NaN,         NaN
  8272.9,  1.419890E-5,   515.00890,  4.197191E-5,   853.39119, 3.851181E-12,   173.79931,          NaN,         NaN
  8277.9,  1.597493E-5,   514.44725,  6.515628E-6,   852.37532, 2.988898E-12,   172.93267,          NaN,         NaN
  8282.9,  2.056912E-5,   513.35988,  8.988249E-6,   853.91115, 5.740231E-12,   174.32911,          NaN,         NaN
  8287.9,  3.401360E-5,   515.87797,  1.133501E-5,   855.98907, 2.532573E-12,   173.77726,          NaN,         NaN
  8292.9,  1.971348E-5,   513.40777,  1.126886E-5,   856.02553, 2.052272E-12,   171.80538,          NaN,         NaN
  8297.9,  1.252372E-5,   512.39356,  1.383271E-5,   857.09918, 2.391191E-12,   174.38037,          NaN,         NaN
  8302.9,  1.478612E-5,   511.40215,  6.295882E-6,   859.45407, 5.526816E-12,   171.86866,          NaN,         NaN
  8307.9,  3.077579E-5,   510.86627,  2.692385E-5,   862.06948, 3.144187E-12,   171.36228,          NaN,         NaN
  8312.9,  2.820480E-5,   508.28235,  1.080812E-5,   864.46162, 3.225706E-12,   172.76273,          NaN,         NaN
  8317.9,  2.518738E-5,   508.11274,  1.170241E-5,   866.01362, 5.711036E-12,   170.15759,          NaN,         NaN
  8322.9,  2.138459E-5,   507.35000,  2.564661E-5,   864.61406, 5.351790E-12,   169.85355,          NaN,         NaN
  8327.9,  1.490970E-5,   508.71599,  7.872802E-6,   865.02104, 5.732758E-12,   168.48316,          NaN,         NaN
  8332.9,  4.171608E-5,   508.41799,  9.148253E-6,   863.87730, 3.635485E-12,   167.11947,          NaN,         NaN
  8337.9,  3.217850E-5,   507.46194,  1.552448E-5,   863.58069, 3.556331E-12,   167.10074,          NaN,         NaN
  8342.9,  1.888792E-5,   505.50087,  7.837878E-6,   860.77244, 5.404340E-12,   166.52948,          NaN,         NaN
  8347.9,  2.584240E-5,   505.11978,  2.258175E-5,   859.92443, 7.028017E-12,   166.04325,          NaN,         NaN
  8352.9,  3.292274E-5,   503.88728,  2.294268E-5,   860.45929, 2.299048E-12,   164.57266,          NaN,         NaN
  8357.9,  1.860713E-5,   503.59784,  1.909248E-5,   859.40833, 1.581928E-12,   166.07627,          NaN,         NaN
  8362.9,  2.414826E-5,   502.66921,  2.473601E-5,   859.96314, 4.827117E-12,   168.33756,          NaN,         NaN
  8367.9,  2.113094E-5,   504.24609,  8.580124E-6,   858.25411, 1.177946E-12,   166.94456,          NaN,         NaN
  8372.9,  9.401302E-6,   502.47865,  3.842687E-5,   855.70191, 2.570225E-12,   168.53059,          NaN,         NaN
  8377.9,  1.091581E-5,   502.51127,  1.537514E-5,   853.55543, 4.638747E-12,   168.28208,          NaN,         NaN
  8382.9,  1.347472E-5,   500.94236,  8.095802E-6,   850.69748, 4.768618E-12,   167.78558,          NaN,         NaN
  8387.9,  1.130579E-5,   501.07349,  2.604859E-5,   851.25304, 3.568137E-12,   166.20623,          NaN,         NaN
  8392.9,  1.307786E-5,   500.56048,  1.357829E-5,   850.21395, 4.467083E-12,   165.48136,          NaN,         NaN
  8397.9,  1.099975E-5,   499.88107,  2.070909E-5,   852.88613, 2.651185E-12,   164.86653,          NaN,         NaN
  8402.9,  2.880844E-5,   498.90506,  2.333052E-5,   851.87065, 4.042951E-12,   163.65125,          NaN,         NaN
  8407.9,  2.164245E-5,   497.81203,  8.062101E-6,   852.20696, 2.383411E-12,   164.83251,          NaN,         NaN
  8412.9,  2.567303E-5,   496.85700,  2.604977E-5,   851.42307, 1.412535E-12,   166.77219,          NaN,         NaN
  8417.9,  1.783049E-5,   496.07751,  5.753967E-6,   852.12249, 1.730691E-12,   168.02173,          NaN,         NaN
  8422.9,  1.289573E-5,   493.70790,  1.402926E-5,   853.55319, 2.477755E-12,   167.11006,          NaN,         NaN
  8427.9,  2.299234E-5,   493.43622,  1.687946E-5,   854.71829, 3.918368E-12,   166.41452,          NaN,         NaN
  8432.9,  1.341260E-5,   495.01178,  2.675118E-5,   854.82018, 3.766633E-12,   166.46821,          NaN,         NaN
  8437.9,  2.987825E-5,   493.67319,  1.085145E-5,   854.22723, 2.135977E-12,   165.92923,          NaN,         NaN
  8442.9,  1.216630E-5,   491.19222,  1.554975E-5,   856.92964, 2.577866E-12,   163.82949,          NaN,         NaN
  8447.9,  2.110538E-5,   491.89904,  2.322830E-5,   856.71117, 6.536445E-12,   162.81054,          NaN,         NaN
  8452.9,  1.980781E-5,   491.91528,  6.548793E-6,   855.74696, 3.966550E-12,   160.10627,          NaN,         NaN
  8457.9,  1.743485E-5,   491.03200,  2.166557E-5,   856.61689, 2.592611E-12,   160.01678,          NaN,         NaN
  8462.9,  2.695090E-5,   490.49951,  1.757899E-5,   854.09214, 2.585646E-12,   158.10381,          NaN,         NaN
  8467.9,  1.815781E-5,   490.28228,  9.303280E-6,   856.33153, 3.782455E-12,   158.35186,          NaN,         NaN
  8472.9,  3.331162E-5,   488.58439,  8.549410E-6,   859.10742, 6.998436E-13,   157.47417,          NaN,         NaN
  8477.9,  1.538178E-5,   487.77786,  2.251420E-5,   860.35694, 3.716965E-12,   157.50173,          NaN,         NaN
  8482.9,  1.317475E-5,   486.77107,  3.653912E-5,   858.77792, 2.286699E-12,   158.81805,          NaN,         NaN
  8487.9,  1.087872E-5,   488.75382,  1.494624E-5,   859.98709, 2.585348E-12,   156.68756,          NaN,         NaN
  8492.9,  1.397360E-5,   487.34350,  8.898479E-6,   857.52991, 3.351240E-12,   157.49215,          NaN,         NaN
  8497.9,  4.134515E-5,   486.95317,  1.912787E-5,   856.62617, 5.534822E-12,   155.67549,          NaN,         NaN
  8502.9,  1.940484E-5,   485.92011,  2.312204E-5,   856.09033, 3.571663E-12,   156.48962,          NaN,         NaN
  8507.9,  2.710276E-5,   484.72665,  1.723881E-5,   855.17209, 1.820358E-12,   156.62517,          NaN,         NaN
  8512.9,  1.870002E-5,   483.71396,  1.509146E-5,   855.98906, 4.206120E-12,   154.76132,          NaN,         NaN
  8517.9,  8.912707E-6,   483.99709,  2.401808E-5,   853.60627, 2.962366E-12,   153.15240,          NaN,         NaN
  8522.9,  1.020894E-5,   483.52199,  1.330594E-5,   853.74243, 4.926376E-12,   154.06636,          NaN,         NaN
  8527.9,  1.093680E-5,   482.69543,  2.303628E-5,   852.27503, 2.484917E-12,   152.67397,          NaN,         NaN
  8532.9,  2.493094E-5,   482.02079,  1.166253E-5,   853.47200, 2.752262E-12,   153.97110,          NaN,         NaN
  8537.9,  1.302420E-5,   483.08502,  1.239569E-5,   853.31097, 4.296699E-12,   154.81941,          NaN,         NaN
  8542.9,  8.469558E-6,   483.65773,  1.860974E-5,   851.86657, 5.473305E-12,   153.71539,          NaN,         NaN
  8547.9,  2.189694E-5,   484.80411,  1.169904E-5,   853.80869, 5.664752E-12,   152.61146,          NaN,         NaN
  8552.9,  1.252221E-5,   482.56958,  1.711956E-5,   854.99240, 6.236465E-12,   151.80245,          NaN,         NaN
  8557.9,  2.756105E-5,   482.94184,  1.905958E-5,   855.74470, 1.768409E-12,   151.10524,          NaN,         NaN
  8562.9,  6.443503E-6,   481.75566,  2.066744E-5,   852.90150, 3.759450E-12,   151.46120,          NaN,         NaN
  8567.9,  1.288676E-5,   480.96834,  1.588696E-5,   851.73425, 2.533102E-12,   149.58849,          NaN,         NaN
  8572.9,  1.313206E-5,   480.72803,  5.900983E-6,   853.27669, 6.488374E-12,   150.59433,          NaN,         NaN
  8577.9,  2.475314E-5,   479.88220,  1.093067E-5,   852.17169, 5.344544E-12,   148.66783,          NaN,         NaN
  8582.9,  1.941920E-5,   479.81630,  6.253103E-6,   851.42846, 3.330021E-12,   146.66878,          NaN,         NaN
  8587.9,  9.640404E-6,   481.27334,  2.146552E-5,   850.06861, 3.143285E-12,   145.43038,          NaN,         NaN
  8592.9,  1.495789E-5,   482.51054,  2.264933E-5,   847.99698, 3.361973E-12,   143.44340,          NaN,         NaN
  8597.9,  1.463745E-5,   484.95812,  3.203273E-5,   849.02550, 1.337647E-12,   143.92460,          NaN,         NaN
  8602.8,  2.024019E-5,   485.89780,  8.524634E-6,   846.17492, 5.044115E-12,   142.80489,          NaN,         NaN
  8607.8,  2.059335E-5,   484.37606,  9.849172E-6,   846.96160, 2.056346E-12,   141.70878,          NaN,         NaN
  8612.8,  2.635027E-5,   485.43678,  7.479630E-6,   847.75367, 1.373685E-12,   143.33587,          NaN,         NaN
  8617.8,  6.979251E-6,   487.48003,  8.527517E-6,   847.87820, 3.082348E-12,   141.92655,          NaN,         NaN
  8622.8,  1.451312E-5,   486.69166,  1.443915E-5,   850.51292, 1.740211E-12,   139.28967,          NaN,         NaN
  8627.8,  1.563601E-5,   487.81578,  1.167213E-5,   849.57562, 2.812216E-12,   138.24455,          NaN,         NaN
  8632.8,  1.041626E-5,   486.46076,  2.175333E-5,   849.36163, 3.251358E-12,   139.41905,          NaN,         NaN
  8637.8,  1.114284E-5,   486.29294,  1.040468E-5,   848.76464, 2.596868E-12,   139.22940,          NaN,         NaN
  8642.8,  1.725639E-5,   488.52007,  3.582521E-5,   847.11535, 1.770384E-12,   140.46819,          NaN,         NaN
  8647.8,  1.336833E-5,   488.37709,  3.709852E-5,   846.16660, 5.863744E-12,   138.88895,          NaN,         NaN
  8652.8,  2.787521E-5,   486.67122,  1.732844E-5,   845.12909, 4.896944E-12,   137.05120,          NaN,         NaN
  8657.8,  1.992778E-5,   488.19561,  3.601668E-5,   843.99049, 3.260602E-12,   136.78881,          NaN,         NaN
  8662.8,  1.478752E-5,   487.08798,  2.910709E-5,   842.94962, 5.739110E-12,   135.08055,          NaN,         NaN
  8667.8,  6.935365E-6,   489.32360,  1.490883E-5,   841.34018, 4.318725E-12,   135.16530,          NaN,         NaN
  8672.8,  1.266858E-5,   491.42223,  1.277794E-5,   843.14708, 5.667293E-12,   132.93749,          NaN,         NaN
  8677.8,  1.081031E-5,   492.58050,  2.635469E-5,   842.43361, 4.628228E-12,   133.55842,          NaN,         NaN
  8682.8,  2.933769E-5,   493.83833,  3.254871E-6,   845.13430, 4.165391E-12,   132.83478,          NaN,         NaN
  8687.8,  7.714929E-6,   491.66286,  1.732877E-5,   844.82860, 1.162066E-12,   131.82657,          NaN,         NaN
  8692.8,  1.286438E-5,   492.29267,  2.068417E-5,   846.38662, 1.850336E-12,   131.72896,          NaN,         NaN
  8697.8,  1.092974E-5,   491.28058,  2.157702E-5,   844.25397, 3.118187E-12,   133.24681,          NaN,         NaN
  8702.8,  1.298951E-5,   491.71439,  2.683877E-5,   842.17121, 4.780790E-12,   131.34082,          NaN,         NaN
  8707.8,  1.398663E-5,   493.82099,  1.940050E-5,   839.76929, 4.557322E-12,   128.90944,          NaN,         NaN
  8712.8,  3.018925E-5,   494.16339,  1.495065E-5,   841.60172, 4.012391E-12,   129.47091,          NaN,         NaN
  8717.8,  8.595014E-6,   493.82939,  3.083348E-5,   840.05884, 2.745224E-12,   128.31196,          NaN,         NaN
  8722.8,  5.227386E-6,   492.90443,  3.117550E-5,   838.31539, 3.857993E-12,   126.50541,          NaN,         NaN
  8727.8,  2.322119E-5,   495.09132,  1.466198E-5,   835.74663, 6.512739E-12,   124.47457,          NaN,         NaN
  8732.8,  2.244505E-5,   493.68991,  2.185576E-5,   836.19669, 4.227902E-12,   123.71095,          NaN,         NaN
  8737.8,  1.314596E-5,   492.68275,  1.020590E-5,   834.64602, 3.382458E-12,   122.93463,          NaN,         NaN
  8742.8,  1.087679E-5,   491.91145,  1.841718E-5,   832.01321, 4.622200E-12,   122.29244,          NaN,         NaN
  8747.8,  2.546498E-5,   491.35948,  8.857618E-6,   833.05048, 5.465691E-12,   120.78718,          NaN,         NaN
  8752.8,  5.383739E-6,   489.82579,  1.297746E-5,   830.86319, 5.665695E-12,   119.94314,          NaN,         NaN
  8757.8,  1.280551E-5,   492.41595,  4.677182E-6,   828.37229, 3.901511E-12,   117.35681,          NaN,         NaN
  8762.8,  1.413102E-5,   489.90339,  6.559723E-6,   826.11747, 5.296054E-12,   117.23049,          NaN,         NaN
  8767.8,  5.922300E-6,   491.23636,  9.561916E-6,   825.88335, 2.499318E-12,   118.85647,          NaN,         NaN
  8772.8,  3.151519E-5,   494.00638,  2.322212E-5,   823.24301, 2.952177E-12,   118.96857,          NaN,         NaN
  8777.8,  9.703460E-6,   493.55677,  1.583025E-5,   820.94608, 3.672731E-12,   118.81379,          NaN,         NaN
  8782.8,  1.578403E-5,   494.84769,  2.233561E-5,   820.44024, 4.474222E-12,   118.30829,          NaN,         NaN
  8787.8,  3.292467E-5,   494.60299,  1.632184E-5,   819.16269, 2.908379E-12,   117.12669,          NaN,         NaN
  8792.8,  2.393925E-5,   493.09774,  2.725545E-5,   819.44733, 3.775917E-12,   119.00441,          NaN,         NaN
  8797.8,  2.550392E-5,   492.96201,  3.057639E-5,   818.57364, 4.938148E-12,   121.20430,          NaN,         NaN
  8802.8,  2.495671E-5,   491.70670,  1.605826E-5,   819.02549, 4.790514E-12,   120.65297,          NaN,         NaN
  8807.8,  1.448281E-5,   492.31285,  2.399734E-5,   819.31592, 7.544577E-12,   119.20476,          NaN,         NaN
  8812.8,  2.494115E-5,   491.05078,  1.681763E-5,   819.86723, 5.142904E-12,   117.19998,          NaN,         NaN
  8817.8,  2.006167E-5,   490.76872,  2.059536E-5,   817.17918, 5.805283E-12,   116.13109,          NaN,         NaN
  8822.8,  2.629672E-5,   488.59178,  1.022447E-5,   818.67005, 3.148794E-12,   114.80495,          NaN,         NaN
  8827.8,  1.337424E-5,   487.98317,  1.212753E-5,   817.28792, 2.673626E-12,   115.12652,          NaN,         NaN
  8832.8,  2.185524E-5,   486.77496,  1.953955E-5,   816.21138, 3.156657E-12,   115.89854,          NaN,         NaN
  8837.8,  1.867082E-5,   484.38109,  1.341928E-5,   815.69237, 1.650945E-12,   116.49196,          NaN,         NaN
  8842.8,  1.330532E-5,   484.63869,  1.200837E-5,   815.06584, 4.742956E-12,   114.51464,          NaN,         NaN
  8847.8,  2.900895E-5,   486.05925,  1.525874E-5,   815.42258, 4.959849E-12,   112.22430,          NaN,         NaN
  8852.8,  3.194398E-5,   483.36000,  1.137259E-5,   814.12067, 6.225353E-12,   109.94174,          NaN,         NaN
  8857.8,  9.685648E-6,   484.55361,  2.186313E-5,   815.33963, 1.415235E-12,   110.11526,          NaN,         NaN
  8862.8,  1.186142E-5,   484.01643,  7.926322E-6,   813.60878, 2.741525E-12,   110.53964,          NaN,         NaN
  8867.8,  6.517955E-6,   482.48587,  4.014724E-5,   815.27107, 1.491175E-12,   108.84533,          NaN,         NaN
  8872.8,  2.388179E-5,   483.36645,  1.654289E-5,   813.53490, 2.006552E-12,   109.26276,          NaN,         NaN
  8877.8,  1.017047E-5,   485.69200,  1.494057E-5,   811.41815, 2.034963E-12,   109.61887,          NaN,         NaN
  8882.8,  2.539582E-5,   484.28543,  2.285612E-5,   814.25200, 4.044714E-12,   112.03514,          NaN,         NaN
  8887.8,  2.454093E-5,   482.29025,  1.719878E-5,   813.72133, 4.930188E-12,   112.82343,          NaN,         NaN
  8892.8,  1.776488E-5,   482.47066,  2.408933E-5,   811.62205, 5.242437E-12,   111.52751,          NaN,         NaN
  8897.8,  1.935351E-5,   481.10751,  2.013738E-5,   811.26255, 1.944860E-12,   111.86292,          NaN,         NaN
  8902.8,  2.033015E-5,   478.84865,  2.341194E-5,   809.77408, 6.230573E-12,   113.77132,          NaN,         NaN
  8907.8,  9.741989E-6,   476.72224,  1.898944E-5,   808.90880, 4.218932E-12,   111.44169,          NaN,         NaN
  8912.8,  1.168344E-5,   477.65416,  1.139304E-5,   810.59317, 5.110991E-12,   109.94353,          NaN,         NaN
  8917.8,  2.339416E-5,   480.40842,  8.436239E-6,   809.78358, 2.474374E-12,   110.97833,          NaN,         NaN
  8922.8,  9.471819E-6,   479.28035,  1.840687E-5,   808.85266, 4.195146E-12,   108.95757,          NaN,         NaN
  8927.8,  1.504437E-5,   478.78725,  1.942152E-5,   808.11330, 2.352282E-12,   111.40055,          NaN,         NaN
  8932.8,  8.195564E-6,   479.81841,  1.461872E-5,   807.34517, 1.489866E-12,   111.25185,          NaN,         NaN
  8937.8,  1.658302E-5,   480.86459,  1.171190E-5,   807.09784, 6.770652E-12,   110.57050,          NaN,         NaN
  8942.8,  2.819728E-5,   479.66369,  2.643026E-5,   805.32625, 3.379093E-12,   109.78820,          NaN,         NaN
  8947.8,  1.672003E-5,   478.74324,  1.382244E-5,   804.21173, 3.509017E-12,   107.76594,          NaN,         NaN
  8952.8,  2.312172E-5,   480.36392,  1.085512E-5,   803.32418, 3.651021E-12,   106.66030,          NaN,         NaN
  8957.8,  5.980917E-6,   481.14439,  1.938155E-5,   801.39671, 3.653321E-12,   108.68703,          NaN,         NaN
  8962.8,  1.391338E-5,   480.04634,  7.793685E-6,   799.07045, 5.165652E-12,   107.08683,          NaN,         NaN
  8967.8,  1.626956E-5,   480.11491,  1.220227E-5,   797.21162, 9.195366E-13,   106.98746,          NaN,         NaN
  8972.8,  1.539777E-5,   480.46550,  1.344910E-5,   799.95353, 3.210420E-12,   107.57985,          NaN,         NaN
  8977.8,  2.425361E-5,   478.83994,  1.700679E-5,   801.96585, 5.042678E-12,   105.33759,          NaN,         NaN
  8982.8,  8.788450E-6,   478.33124,  1.205314E-5,   799.50202, 3.850969E-12,   104.60644,          NaN,         NaN
  8987.8,  4.108116E-6,   479.52880,  3.043287E-5,   799.11777, 4.959864E-12,   103.90299,          NaN,         NaN
  8992.8,  1.558258E-5,   480.03829,  1.545559E-5,   797.03353, 2.954154E-12,   103.70921,          NaN,         NaN
  8997.8,  1.520979E-5,   480.83197,  2.574614E-5,   797.61682, 2.374865E-12,   102.49753,          NaN,         NaN
  9002.7,  1.537605E-5,   482.34078,  1.945956E-5,   796.32672, 2.777296E-12,    99.82045,          NaN,         NaN
  9007.7,  2.949201E-5,   481.76115,  2.471531E-5,   797.25329, 2.574941E-12,   100.35352,          NaN,         NaN
  9012.7,  9.175523E-6,   483.11498,  2.767448E-5,   795.91957, 5.270542E-12,   102.78368,          NaN,         NaN
  9017.7,  2.239371E-5,   482.18507,  1.813006E-5,   795.77791, 2.734267E-12,   102.06884,          NaN,         NaN
  9022.7,  1.629955E-5,   481.63534,  2.440917E-5,   794.31139, 3.064578E-12,   101.22465,          NaN,         NaN
  9027.7,  3.177520E-5,   480.90539,  1.425141E-5,   796.61838, 1.635806E-12,   100.73886,          NaN,         NaN
  9032.7,  2.085066E-5,   480.07525,  2.342702E-5,   798.79255, 3.693638E-12,    98.91400,          NaN,         NaN
  9037.7,  1.261018E-5,   477.82027,  1.688334E-5,   799.79673, 2.311211E-12,    97.19171,          NaN,         NaN
  9042.7,  1.594330E-5,   475.34607,  3.449666E-5,   798.52271, 2.443273E-12,    95.17476,          NaN,         NaN
  9047.7,  1.747569E-5,   474.48553,  1.840221E-5,   798.58713, 3.312633E-12,    95.80479,          NaN,         NaN
  9052.7,  3.040760E-5,   473.48335,  1.836192E-5,   797.85740, 2.691939E-12,    93.75183,          NaN,         NaN
  9057.7,  2.587076E-5,   475.76585,  1.782031E-5,   796.63628, 3.452567E-12,    94.64674,          NaN,         NaN
  9062.7,  1.666741E-5,   475.58662,  1.295673E-5,   796.87591, 3.004144E-12,    92.14857,          NaN,         NaN
  9067.7,  7.937641E-6,   473.07854,  1.191919E-5,   798.41393, 2.899777E-12,    91.39583,          NaN,         NaN
  9072.7,  2.435775E-5,   473.95894,  2.799833E-6,   798.92999, 3.408436E-12,    91.34974,          NaN,         NaN
  9077.7,  1.667666E-5,   473.48508,  2.075933E-5,   801.10990, 4.610091E-12,    91.01093,          NaN,         NaN
  9082.7,  9.198341E-6,   475.89836,  8.514367E-6,   798.97854, 3.546532E-12,    90.60498,          NaN,         NaN
  9087.7,  1.179589E-5,   476.82520,  8.247334E-6,   800.66861, 3.042954E-12,    88.61417,          NaN,         NaN
  9092.7,  6.687395E-6,   475.01271,  7.593858E-6,   798.73240, 2.954922E-12,    88.95878,          NaN,         NaN
  9097.7,  1.896574E-5,   476.00998,  1.685865E-5,   796.48675, 5.292176E-12,    88.14224,          NaN,         NaN
  9102.7,  1.427526E-5,   478.30893,  2.023250E-5,   797.28722, 5.144879E-12,    87.50159,          NaN,         NaN
  9107.7,  1.490973E-5,   477.76269,  7.608736E-6,   795.09255, 5.246618E-12,    86.58679,          NaN,         NaN
  9112.7,  1.432198E-5,   475.34942,  2.141767E-5,   794.78253, 3.079232E-12,    86.33665,          NaN,         NaN
  9117.7,  1.843622E-5,   475.61008,  1.624778E-5,   792.90856, 3.751791E-12,    85.85812,          NaN,         NaN
  9122.7,  1.628990E-5,   475.91517,  3.843506E-5,   793.63526, 1.812420E-12,    84.26689,          NaN,         NaN
  9127.7,  4.088498E-5,   475.11504,  2.102138E-5,   792.06529, 3.152264E-12,    83.69201,          NaN,         NaN
  9132.7,  3.463322E-5,   475.12765,  1.640629E-5,   792.52815, 4.921384E-12,    81.42035,          NaN,         NaN
  9137.7,  2.422609E-5,   474.45953,  7.789055E-6,   791.15821, 3.922838E-12,    81.38697,          NaN,         NaN
  9142.7,  1.157778E-5,   472.41456,  3.361435E-5,   790.91841, 1.893626E-12,    80.17562,          NaN,         NaN
  9147.7,  8.333392E-6,   470.20209,  2.896381E-5,   790.58342, 6.963590E-12,    79.60501,          NaN,         NaN
  9152.7,  9.066396E-6,   469.57937,  2.996691E-5,   789.76490, 5.643950E-12,    79.25400,          NaN,         NaN
  9157.7,  2.208910E-5,   469.10952,  1.204420E-5,   788.87756, 5.013615E-12,    78.38580,          NaN,         NaN
  9162.7,  2.739180E-5,   467.88481,  2.145356E-5,   787.52100, 7.954749E-12,    78.85363,          NaN,         NaN
  9167.7,  1.276567E-5,   466.49937,  2.741446E-5,   786.59307, 4.043655E-12,    77.55374,          NaN,         NaN
  9172.7,  1.202304E-5,   466.24461,  1.298614E-5,   788.64262, 1.573910E-12,    76.66083,          NaN,         NaN
  9177.7,  1.221540E-5,   464.07839,  1.296320E-5,   789.87245, 7.222896E-12,    75.98870,          NaN,         NaN
  9182.7,  1.166572E-5,   464.52469,  1.047812E-5,   788.51727, 1.822513E-12,    76.14284,          NaN,         NaN
  9187.7,  2.251818E-5,   463.93977,  2.668327E-6,   787.80007, 2.616486E-12,    76.32873,          NaN,         NaN
  9192.7,  1.174798E-5,   465.26691,  8.910398E-6,   786.90412, 4.486377E-12,    77.13489,          NaN,         NaN
  9197.7,  9.806510E-6,   463.19397,  1.060949E-5,   786.47087, 2.136126E-12,    76.86368,          NaN,         NaN
  9202.7,  1.199784E-5,   464.66481,  3.002763E-5,   783.69666, 8.095489E-12,    75.44787,          NaN,         NaN
  9207.7,  2.029660E-5,   467.24573,  7.942321E-6,   782.31434, 3.847658E-12,    74.37975,          NaN,         NaN
  9212.7,  2.876821E-5,   466.22086,  2.031684E-5,   781.14266, 2.534645E-12,    73.45740,          NaN,         NaN
  9217.7,  2.685618E-5,   465.44660,  1.426512E-5,   779.05119, 2.769379E-12,    73.18692,          NaN,         NaN
  9222.7,  1.370422E-5,   465.90040,  5.562779E-6,   779.45452, 2.098353E-12,    72.29179,          NaN,         NaN
  9227.7,  1.312185E-5,   465.36472,  6.734070E-6,   782.29796, 2.513873E-12,    69.79146,          NaN,         NaN
  9232.7,  2.000103E-5,   464.60989,  1.483824E-5,   779.57330, 4.958345E-12,    68.89113,          NaN,         NaN
  9237.7,  1.778223E-5,   464.89300,  1.514960E-5,   780.15083, 5.540538E-12,    68.70904,          NaN,         NaN
  9242.7,  2.888054E-5,   464.98649,  2.659267E-5,   777.90035, 2.616998E-12,    66.78985,          NaN,         NaN
  9247.7,  1.496277E-5,   464.15362,  1.906093E-5,   777.27773, 6.412011E-12,    68.86176,          NaN,         NaN
  9252.7,  2.481359E-5,   464.79608,  1.302937E-5,   774.45510, 1.388071E-12,    68.55037,          NaN,         NaN
  9257.7,  2.249572E-5,   462.78194,  2.265670E-5,   773.80606, 5.020418E-12,    70.76069,          NaN,         NaN
  9262.7,  1.093508E-5,   463.49268,  3.386468E-5,   773.06467, 2.825947E-12,    69.74691,          NaN,         NaN
  9267.7,  1.466491E-5,   463.20624,  1.930005E-5,   771.14072, 2.749581E-12,    69.68938,          NaN,         NaN
  9272.7,  1.498384E-5,   461.17352,  1.024125E-5,   773.11394, 4.149000E-12,    69.64964,          NaN,         NaN
  9277.7,  1.558227E-5,   461.18603,  2.283266E-5,   775.20428, 2.902866E-12,    70.30216,          NaN,         NaN
  9282.7,  7.186068E-6,   461.54800,  1.606577E-5,   774.72299, 1.043950E-12,    69.71561,          NaN,         NaN
  9287.7,  1.189399E-5,   459.34840,  2.108410E-5,   776.28913, 1.258464E-12,    69.94551,          NaN,         NaN
  9292.7,  1.002761E-5,   457.69604,  1.104704E-5,   775.22046, 1.683170E-12,    70.99618,          NaN,         NaN
  9297.7,  1.484979E-5,   455.22817,  3.173149E-5,   775.00183, 1.491635E-12,    72.48237,          NaN,         NaN
  9302.7,  1.936390E-5,   454.24243,  2.821713E-5,   773.85983, 3.127520E-12,    70.44388,          NaN,         NaN
  9307.7,  1.446232E-5,   454.36655,  1.343944E-5,   772.36278, 3.998765E-12,    68.64542,          NaN,         NaN
  9312.7,  1.937286E-5,   452.65926,  1.057411E-5,   771.97472, 4.526279E-12,    66.43381,          NaN,         NaN
  9317.7,  2.475131E-5,   454.86875,  1.837983E-5,   770.98253, 3.108216E-12,    65.17393,          NaN,         NaN
  9322.7,  1.256097E-5,   455.76628,  1.011446E-5,   771.24652, 6.579672E-12,    64.37811,          NaN,         NaN
  9327.7,  8.362900E-6,   455.81982,  8.476724E-6,   768.92813, 3.362517E-12,    63.64684,          NaN,         NaN
  9332.7,  1.620652E-5,   455.79699,  1.643181E-5,   767.76169, 2.501031E-12,    64.11916,          NaN,         NaN
  9337.7,  2.121003E-5,   455.53909,  1.335623E-5,   765.86613, 2.853620E-12,    64.87290,          NaN,         NaN
  9342.7,  2.900376E-5,   455.01127,  1.192422E-5,   768.42678, 4.996334E-12,    64.22654,          NaN,         NaN
  9347.7,  1.395552E-5,   455.19955,  1.803798E-5,   767.00015, 3.627128E-12,    64.39560,          NaN,         NaN
  9352.7,  2.430857E-5,   454.12615,  2.898385E-5,   766.12756, 3.692701E-12,    62.98168,          NaN,         NaN
  9357.7,  1.931468E-5,   452.29407,  1.844299E-5,   764.82495, 3.419479E-12,    62.87576,          NaN,         NaN
  9362.7,  4.211828E-6,   450.96623,  2.637123E-5,   764.19165, 2.505845E-12,    62.55426,          NaN,         NaN
  9367.7,  1.398812E-5,   452.89781,  1.184728E-5,   763.51341, 2.395605E-12,    60.63411,          NaN,         NaN
  9372.7,  2.278105E-5,   451.26698,  1.006294E-5,   763.66939, 3.066924E-12,    61.11339,          NaN,         NaN
  9377.7,  1.983124E-5,   450.26851,  1.605254E-5,   761.95738, 2.007056E-12,    59.57548,          NaN,         NaN
  9382.7,  8.149636E-6,   451.01819,  2.101417E-5,   760.92359, 3.045298E-12,    59.30267,          NaN,         NaN
  9387.7,  2.464322E-5,   451.80966,  1.663636E-5,   762.79253, 3.813098E-12,    59.24456,          NaN,         NaN
  9392.7,  1.108433E-5,   451.02588,  5.984307E-6,   763.08925, 5.831614E-12,    57.94340,          NaN,         NaN
  9397.7,  2.716428E-5,   449.96091,  1.506660E-5,   761.24037, 3.688514E-12,    57.37574,          NaN,         NaN
  9402.6,  2.941399E-5,   449.29943,  1.417584E-5,   763.85480, 2.406153E-12,    56.48008,          NaN,         NaN
  9407.6,  2.988262E-5,   447.76813,  6.899924E-6,   764.29132, 2.952626E-12,    58.60410,          NaN,         NaN
  9412.6,  1.381093E-5,   446.36823,  1.106826E-5,   765.30427, 3.779986E-12,    60.10469,          NaN,         NaN
  9417.6,  1.465726E-5,   445.84380,  7.609729E-6,   763.92694, 5.725789E-12,    59.10279,          NaN,         NaN
  9422.6,  2.557538E-5,   446.05513,  1.514035E-5,   766.14868, 3.403098E-12,    57.30582,          NaN,         NaN
  9427.6,  1.227316E-5,   443.95049,  1.281943E-5,   768.26355, 1.824786E-12,    58.49412,          NaN,         NaN
  9432.6,  1.002040E-5,   446.42411,  1.694013E-5,   766.59008, 3.436039E-12,    59.93837,          NaN,         NaN
  9437.6,  1.585777E-5,   444.10018,  1.300124E-5,   766.38600, 6.875282E-12,    58.88257,          NaN,         NaN
  9442.6,  1.859010E-5,   445.03078,  2.358102E-5,   766.93394, 3.587857E-12,    58.95471,          NaN,         NaN
  9447.6,  1.948070E-5,   444.48901,  3.675359E-5,   765.51874, 4.849870E-12,    58.46835,          NaN,         NaN
  9452.6,  2.941339E-5,   443.32636,  3.080607E-5,   764.38490, 4.107306E-12,    57.54444,          NaN,         NaN
  9457.6,  2.989182E-5,   442.49136,  1.405519E-5,   763.61115, 1.395554E-12,    55.00925,          NaN,         NaN
  9462.6,  3.558385E-5,   441.49146,  1.362183E-5,   762.41503, 1.753641E-12,    54.02728,          NaN,         NaN
  9467.6,  1.435928E-5,   440.78407,  1.312879E-5,   762.36188, 5.916244E-12,    54.07133,          NaN,         NaN
  9472.6,  8.368576E-6,   442.88637,  1.142606E-5,   760.86105, 6.101716E-12,    53.16785,          NaN,         NaN
  9477.6,  1.008399E-5,   441.07343,  1.486917E-5,   759.51908, 4.797685E-12,    52.31294,          NaN,         NaN
  9482.6,  1.578878E-5,   440.11467,  1.633992E-5,   757.10021, 3.820957E-12,    51.52489,          NaN,         NaN
  9487.6,  1.713264E-5,   439.66035,  5.191444E-6,   755.95484, 3.947951E-12,    51.63900,          NaN,         NaN
  9492.6,  1.982608E-5,   439.98918,  1.664475E-5,   756.13409, 1.848749E-12,    51.07197,          NaN,         NaN
  9497.6,  1.047945E-5,   440.09185,  1.415010E-5,   755.50463, 2.664748E-12,    50.26881,          NaN,         NaN
  9502.6,  1.113727E-5,   438.93088,  1.913815E-5,   755.81035, 3.230075E-12,    47.92700,          NaN,         NaN
  9507.6,  1.863219E-5,   437.28504,  3.556574E-5,   755.24053, 1.694154E-12,    48.35114,          NaN,         NaN
  9512.6,  1.933595E-5,   436.43039,  9.683989E-6,   755.26410, 1.887547E-12,    48.06234,          NaN,         NaN
  9517.6,  1.686032E-5,   436.29282,  2.809838E-5,   754.97887, 3.398531E-12,    48.71194,          NaN,         NaN
  9522.6,  1.203805E-5,   436.07003,  1.396136E-5,   754.77397, 1.497901E-12,    47.73555,          NaN,         NaN
  9527.6,  3.081623E-5,   435.18367,  2.808336E-5,   753.78755, 3.271583E-12,    48.62494,          NaN,         NaN
  9532.6,  2.529705E-5,   435.40772,  9.173737E-6,   751.86226, 1.685318E-12,    50.20343,          NaN,         NaN
  9537.6,  1.511216E-5,   433.87917,  2.090716E-5,   750.36376, 3.101768E-12,    48.30749,          NaN,         NaN
  9542.6,  3.516655E-5,   433.94746,  1.234424E-5,   747.94196, 3.020986E-12,    49.01691,          NaN,         NaN
  9547.6,  2.520036E-5,   432.72779,  2.798850E-5,   745.51872, 1.945171E-12,    49.79592,          NaN,         NaN
  9552.6,  1.622007E-5,   432.34137,  7.419420E-6,   744.69297, 1.434146E-12,    50.81285,          NaN,         NaN
  9557.6,  1.989790E-5,   430.61932,  1.342242E-5,   744.43444, 5.247828E-12,    49.29703,          NaN,         NaN
  9562.6,  8.498932E-6,   429.52763,  1.106864E-5,   744.57153, 2.810981E-12,    48.06011,          NaN,         NaN
  9567.6,  1.685796E-5,   431.18576,  7.011377E-6,   745.42886, 2.528422E-12,    47.14761,          NaN,         NaN
  9572.6,  2.294839E-5,   431.06039,  5.902852E-6,   746.31352, 6.019622E-12,    47.34638,          NaN,         NaN
  9577.6,  1.874697E-5,   431.01679,  1.396188E-5,   745.30143, 4.518926E-12,    46.09925,          NaN,         NaN
  9582.6,  3.229784E-5,   429.95279,  1.894331E-5,   745.56428, 6.111438E-12,    46.27755,          NaN,         NaN
  9587.6,  1.853301E-5,   432.58651,  2.592168E-5,   744.41425, 1.217963E-12,    46.19235,          NaN,         NaN
  9592.6,  1.352939E-5,   432.65748,  1.456306E-5,   742.70336, 5.061273E-12,    46.20922,          NaN,         NaN
  9597.6,  1.080905E-5,   432.96458,  2.268368E-5,   740.17659, 3.622641E-12,    45.12672,          NaN,         NaN
  9602.6,  1.258757E-5,   432.40426,  2.562681E-5,   740.01155, 5.722098E-12,    44.27327,          NaN,         NaN
  9607.6,  7.418275E-6,   434.07936,  2.437241E-5,   739.25682, 4.163903E-12,    42.74870,          NaN,         NaN
  9612.6,  7.870787E-6,   432.16820,  8.264039E-6,   740.39601, 2.180039E-12,    41.65270,          NaN,         NaN
  9617.6,  1.739942E-5,   430.97186,  2.620989E-5,   739.90249, 1.874967E-12,    42.79550,          NaN,         NaN
  9622.6,  1.896318E-5,   430.33473,  1.406464E-5,   738.82098, 1.687191E-12,    44.81358,          NaN,         NaN
  9627.6,  2.177169E-5,   428.84203,  1.376280E-5,   741.34505, 1.478031E-12,    43.25031,          NaN,         NaN
  9632.6,  3.953951E-6,   427.07871,  3.891753E-6,   739.37341, 2.385465E-12,    42.39086,          NaN,         NaN
  9637.6,  1.152240E-5,   425.08266,  7.591993E-6,   741.69886, 4.793569E-12,    41.07407,          NaN,         NaN
  9642.6,  6.200132E-6,   427.04045,  1.330956E-5,   742.98805, 1.641380E-12,    42.24589,          NaN,         NaN
  9647.6,  2.146000E-5,   426.33909,  1.643668E-5,   742.18496, 4.155797E-12,    41.36520,          NaN,         NaN
  9652.6,  1.760562E-5,   426.77123,  8.752754E-6,   743.13616, 1.700154E-12,    39.75795,          NaN,         NaN
  9657.6,  1.762059E-5,   427.04502,  2.284332E-5,   741.27774, 1.228549E-12,    40.72207,          NaN,         NaN
  9662.6,  2.058848E-5,   425.04913,  1.401200E-5,   740.17356, 1.704131E-12,    43.12998,          NaN,         NaN
  9667.6,  8.292652E-6,   426.42747,  3.913957E-5,   740.10207, 6.816915E-12,    42.12555,          NaN,         NaN
  9672.6,  1.416237E-5,   423.69258,  1.297983E-5,   737.94148, 4.922162E-12,    40.65481,          NaN,         NaN
  9677.6,  1.528722E-5,   423.03261,  7.086412E-6,   735.51947, 1.798962E-12,    40.77329,          NaN,         NaN
  9682.6,  7.671296E-6,   425.01780,  2.165257E-5,   736.38397, 2.888204E-12,    40.70769,          NaN,         NaN
  9687.6,  4.311755E-6,   424.74458,  2.061165E-5,   735.27213, 1.449239E-12,    39.02607,          NaN,         NaN
  9692.6,  1.183564E-5,   425.78775,  1.550023E-5,   734.85753, 5.166360E-12,    40.10695,          NaN,         NaN
  9697.6,  1.569024E-5,   425.59883,  1.343548E-5,   733.52626, 3.077187E-12,    38.27376,          NaN,         NaN
  9702.6,  1.002009E-5,   423.05610,  9.164456E-6,   732.78566, 3.035024E-12,    38.51976,          NaN,         NaN
  9707.6,  1.182407E-5,   423.87212,  1.547895E-5,   732.39967, 2.641367E-12,    38.42236,          NaN,         NaN
  9712.6,  1.697391E-5,   424.19572,  3.509614E-5,   731.56251, 3.204254E-12,    37.27276,          NaN,         NaN
  9717.6,  2.498614E-5,   422.32604,  2.043144E-5,   730.03414, 3.017078E-12,    39.39934,          NaN,         NaN
  9722.6,  1.144585E-5,   422.42315,  1.497149E-5,   729.38384, 4.786508E-12,    37.44871,          NaN,         NaN
  9727.6,  6.737628E-6,   420.70111,  5.207184E-6,   727.92817, 6.037101E-12,    36.84312,          NaN,         NaN
  9732.6,  1.310888E-5,   418.20644,  1.989841E-5,   727.55443, 6.444520E-12,    35.65597,          NaN,         NaN
  9737.6,  2.515040E-5,   417.17651,  1.435616E-5,   727.46596, 4.101804E-12,    34.21105,          NaN,         NaN
  9742.6,  3.379710E-5,   415.71525,  1.811115E-5,   726.87567, 2.478718E-12,    34.91660,          NaN,         NaN
  9747.6,  1.958246E-5,   413.86006,  2.137777E-5,   724.56657, 4.437771E-12,    34.11182,          NaN,         NaN
  9752.6,  1.049515E-5,   413.91838,  2.316929E-5,   723.64675, 4.257019E-12,    33.41550,          NaN,         NaN
  9757.6,  2.220849E-5,   412.13434,  1.294692E-5,   722.80078, 2.846480E-12,    31.70148,          NaN,         NaN
  9762.6,  3.138239E-5,   414.34494,  2.102115E-5,   722.73981, 1.811958E-12,    32.01611,          NaN,         NaN
  9767.6,  9.506349E-6,   413.78836,  1.203974E-5,   720.77833, 2.518522E-12,    34.63429,          NaN,         NaN
  9772.6,  1.310593E-5,   411.94129,  2.007799E-5,   723.39851, 1.890596E-12,    35.24544,          NaN,         NaN
  9777.6,  1.137914E-5,   413.06285,  3.793687E-6,   722.04838, 3.107362E-12,    37.73732,          NaN,         NaN
  9782.6,  1.701878E-5,   412.95900,  3.551399E-6,   719.85291, 3.992067E-12,    36.12191,          NaN,         NaN
  9787.6,  2.047752E-5,   411.27251,  1.208480E-5,   718.41398, 2.008609E-12,    34.50768,          NaN,         NaN
  9792.6,  1.422518E-5,   411.32597,  1.456124E-5,   716.36883, 3.466353E-12,    35.49892,          NaN,         NaN
  9797.6,  2.581888E-5,   410.82786,  9.959534E-6,   715.16105, 6.071053E-12,    34.35398,          NaN,         NaN
  9802.5,  4.286852E-5,   409.08354,  5.605958E-6,   716.99339, 4.806225E-12,    34.46865,          NaN,         NaN
  9807.5,  1.429292E-5,   407.20925,  6.510830E-6,   714.42791, 5.035233E-12,    33.37094,          NaN,         NaN
  9812.5,  2.683110E-5,   407.48040,  2.591157E-5,   711.62537, 3.709135E-12,    32.33889,          NaN,         NaN
  9817.5,  2.407978E-5,   406.55575,  1.257560E-5,   709.78529, 4.090538E-12,    31.46391,          NaN,         NaN
  9822.5,  3.737881E-5,   405.76069,  2.678223E-5,   708.52108, 4.085049E-12,    31.38652,          NaN,         NaN
  9827.5,  1.541326E-5,   405.07556,  3.824046E-5,   707.61177, 1.022639E-12,    33.23411,          NaN,         NaN
  9832.5,  1.651462E-5,   403.00729,  1.304630E-5,   706.87093, 2.267166E-12,    31.07033,          NaN,         NaN
  9837.5,  1.311038E-5,   402.28328,  2.149525E-5,   706.35125, 2.140929E-12,    31.05349,          NaN,         NaN
  9842.5,  2.558509E-5,   401.88815,  8.969632E-6,   705.87592, 3.591773E-12,    30.48736,          NaN,         NaN
  9847.5,  1.297160E-5,   399.57039,  4.466995E-6,   706.60934, 3.535064E-12,    30.93081,          NaN,         NaN
  9852.5,  1.556027E-5,   398.10323,  9.734906E-6,   706.06012, 3.280184E-12,    29.70094,          NaN,         NaN
  9857.5,  1.550571E-5,   396.52411,  7.950382E-6,   706.04401, 6.574363E-12,    28.69776,          NaN,         NaN
  9862.5,  1.043191E-5,   395.69523,  6.136493E-6,   707.83425, 5.491597E-12,    27.91815,          NaN,         NaN
  9867.5,  1.160902E-5,   396.04282,  1.605295E-5,   707.23947, 1.236017E-12,    29.46475,          NaN,         NaN
  9872.5,  1.613772E-5,   397.12141,  6.739591E-6,   707.09836, 2.632514E-12,    26.91463,          NaN,         NaN
  9877.5,  6.391883E-6,   397.37208,  2.127651E-5,   708.63767, 1.661057E-12,    24.38821,          NaN,         NaN
  9882.5,  2.616312E-5,   397.11109,  2.509488E-5,   706.78780, 1.903940E-12,    23.38879,          NaN,         NaN
  9887.5,  2.107422E-5,   396.99447,  1.191856E-5,   707.79679, 3.353401E-12,    21.76783,          NaN,         NaN
  9892.5,  1.417086E-5,   396.45522,  2.181392E-5,   705.50482, 3.075582E-12,    20.42354,          NaN,         NaN
  9897.5,  1.678536E-5,   394.75273,  2.040703E-5,   704.32049, 4.705742E-12,    22.50618,          NaN,         NaN
  9902.5,  1.005371E-5,   395.70714,  2.592305E-5,   703.21856, 3.969278E-12,    21.03210,          NaN,         NaN
  9907.5,  1.885089E-5,   393.82523,  1.248407E-5,   703.57545, 1.420233E-12,    20.80678,          NaN,         NaN
  9912.5,  2.311821E-5,   391.10626,  2.525888E-5,   703.06210, 2.983778E-12,    18.68030,          NaN,         NaN
  9917.5,  1.529282E-5,   390.14233,  9.675868E-6,   701.20274, 9.287069E-13,    20.01557,          NaN,         NaN
  9922.5,  7.282843E-6,   388.03607,  7.824350E-6,   700.84118, 3.837115E-12,    20.23960,          NaN,         NaN
  9927.5,  2.229765E-5,   387.48573,  1.399454E-5,   703.50832, 3.611829E-12,    17.78302,          NaN,         NaN
  9932.5,  1.758913E-5,   387.66043,  6.568633E-6,   704.98598, 3.452320E-12,    16.64966,          NaN,         NaN
  9937.5,  7.057492E-6,   390.36956,  2.002212E-5,   703.66918, 4.855152E-12,    15.52859,          NaN,         NaN
  9942.5,  1.584340E-5,   389.55709,  6.857231E-6,   704.42444, 3.309274E-12,    14.00258,          NaN,         NaN
  9947.5,  6.495902E-6,   390.59078,  1.438456E-5,   706.90417, 6.382368E-12,    12.73445,          NaN,         NaN
  9952.5,  1.803774E-5,   392.98994,  1.622609E-5,   706.12219, 4.852871E-12,    11.36070,          NaN,         NaN
  9957.5,  1.607859E-5,   392.66027,  2.361448E-5,   705.98825, 6.305212E-12,    10.93123,          NaN,         NaN
  9962.5,  2.009347E-5,   392.92122,  1.925804E-5,   703.90325, 4.009884E-12,     9.70959,          NaN,         NaN
  9967.5,  2.937287E-5,   391.70050,  1.452060E-5,   702.95747, 2.675155E-12,     8.67880,          NaN,         NaN
  9972.5,  3.220978E-5,   391.29743,  1.684791E-5,   701.68485, 3.963657E-12,     6.69904,          NaN,         NaN
  9977.5,  2.600327E-5,   389.51683,  1.298068E-5,   699.28445, 3.368060E-12,     6.19064,          NaN,         NaN
  9982.5,  8.458324E-6,   387.73350,  4.778492E-6,   700.14013, 2.190309E-12,     5.08296,          NaN,         NaN
  9987.5,  2.362104E-5,   388.04332,  1.886228E-5,   698.23711, 3.554749E-12,     2.79935,          NaN,         NaN
  9992.5,  3.303183E-5,   385.93009,  1.564064E-5,   700.81279, 3.154448E-12,     3.00728,          NaN,         NaN
  9997.5,  2.193336E-5,   385.47502,  2.186528E-5,   702.61648, 4.922464E-12,     1.07423,          NaN,         NaN
,,,          NaN,,,,          NaN,         NaN
,,,          NaN,,,,          NaN,         NaN
,,,          NaN,,,,          NaN,         NaN
,,,          NaN,,,,          NaN,         NaN
,,,          NaN,,,,          NaN,         NaN
,,,          NaN,,,,          NaN,         NaN
,,,          NaN,,,,          NaN,         NaN
,,,          NaN,,,,          NaN,         NaN
,,,          NaN,,,,          NaN,         NaN
,,,          NaN,,,,          NaN,         NaN
,,,          NaN,,,,          NaN,         NaN
,,,          NaN,,,,          NaN,         NaN
,,,          NaN,,,,          NaN,         NaN
,,,          NaN,,,,          NaN,         NaN
,,,          NaN,,,,          NaN,         NaN
,,,          NaN,,,,          NaN,         NaN
,,,          NaN,,,,          NaN,         NaN
,,,          NaN,,,,          NaN,         NaN
,,,          NaN,,,,          NaN,         NaN
,,,          NaN,,,,          NaN,         NaN
,,,          NaN,,,,          NaN,         NaN
,,,          NaN,,,,          NaN,         NaN
,,,          NaN,,,,          NaN,         NaN
,,,          NaN,,,,          NaN,         NaN
,,,          NaN,,,,          NaN,         NaN
,,,          NaN,,,,          NaN,         NaN
,,,          NaN,,,,          NaN,         NaN
,,,          NaN,,,,          NaN,         NaN
,,,          NaN,,,,          NaN,         NaN
,,,          NaN,,,,          NaN,         NaN
,,,          NaN,,,,          NaN,         NaN
,,,          NaN,,,,          NaN,         NaN
,,,          NaN,,,,          NaN,         NaN
,,,          NaN,,,,          NaN,         NaN
,,,          NaN,,,,          NaN,         NaN
,,,          NaN,,,,          NaN,         NaN
,,,          NaN,,,,          NaN,         NaN
,,,          NaN,,,,          NaN,         NaN
,,,          NaN,,,,          NaN,         NaN
,,,          NaN,,,,          NaN,         NaN
,,,          NaN,,,,          NaN,         NaN
,,,          NaN,,,,          NaN,         NaN
,,,          NaN,,,,          NaN,         NaN
,,,          NaN,,,,          NaN,         NaN
,,,          NaN,,,,          NaN,         NaN
,,,          NaN,,,,          NaN,         NaN
,,,          NaN,,,,          NaN,         NaN
,,,          NaN,,,,          NaN,         NaN
,,,          NaN,,,,          NaN,         NaN
,,,          NaN,,,,          NaN,         NaN
,,,          NaN,,,,          NaN,         NaN
,,,          NaN,,,,          NaN,         NaN
,,,          NaN,,,,          NaN,         NaN
,,,          NaN,,,,          NaN,         NaN
,,,          NaN,,,,          NaN,         NaN
,,,          NaN,,,,          NaN,         NaN
,,,          NaN,,,,          NaN,         NaN
,,,          NaN,,,,          NaN,         NaN
,,,          NaN,,,,          NaN,         NaN
,,,          NaN,,,,          NaN,         NaN
,,,          NaN,,,,          NaN,         NaN
,,,          NaN,,,,          NaN,         NaN
,,,          NaN,,,,          NaN,         NaN
,,,          NaN,,,,          NaN,         NaN
,,,          NaN,,,,          NaN,         NaN
,,,          NaN,,,,          NaN,         NaN
,,,          NaN,,,,          NaN,         NaN
,,,          NaN,,,,          NaN,         NaN
,,,          NaN,,,,          NaN,         NaN
,,,          NaN,,,,          NaN,         NaN
,,,          NaN,,,,          NaN,         NaN
,,,          NaN,,,,          NaN,         NaN
,,,          NaN,,,,          NaN,         NaN
,,,          NaN,,,,          NaN,         NaN
,,,          NaN,,,,          NaN,         NaN
,,,          NaN,,,,          NaN,         NaN
,,,          NaN,,,,          NaN,         NaN
,,,          NaN,,,,          NaN,         NaN
,,,          NaN,,,,          NaN,         NaN
,,,          NaN,,,,          NaN,         NaN
,,,          NaN,,,,          NaN,         NaN
,,,          NaN,,,,          NaN,         NaN
,,,          NaN,,,,          NaN,         NaN
,,,          NaN,,,,          NaN,         NaN
,,,          NaN,,,,          NaN,         NaN
,,,          NaN,,,,          NaN,         NaN
,,,          NaN,,,,          NaN,         NaN
,,,          NaN,,,,          NaN,         NaN
,,,          NaN,,,,          NaN,         NaN
,,,          NaN,,,,          NaN,         NaN
,,,          NaN,,,,          NaN,         NaN
,,,          NaN,,,,          NaN,         NaN
,,,          NaN,,,,          NaN,         NaN
,,,          NaN,,,,          NaN,         NaN
,,,          NaN,,,,          NaN,         NaN
,,,          NaN,,,,          NaN,         NaN
,,,          NaN,,,,          NaN,         NaN
,,,          NaN,,,,          NaN,         NaN
,,,          NaN,,,,          NaN,         NaN
,,,          NaN,,,,          NaN,         NaN
,,,          NaN,,,,          NaN,         NaN
,,,          NaN,,,,          NaN,         NaN
,,,          NaN,,,,          NaN,         NaN
,,,          NaN,,,,          NaN,         NaN
,,,          NaN,,,,          NaN,         NaN
,,,          NaN,,,,          NaN,         NaN
,,,          NaN,,,,          NaN,         NaN
,,,          NaN,,,,          NaN,         NaN
,,,          NaN,,,,          NaN,         NaN
,,,          NaN,,,,          NaN,         NaN
,,,          NaN,,,,          NaN,         NaN
,,,          NaN,,,,          NaN,         NaN
,,,          NaN,,,,          NaN,         NaN
,,,          NaN,,,,          NaN,         NaN
,,,          NaN,,,,          NaN,         NaN
,,,          NaN,,,,          NaN,         NaN
,,,          NaN,,,,          NaN,         NaN
,,,          NaN,,,,          NaN,         NaN
,,,          NaN,,,,          NaN,         NaN
,,,          NaN,,,,          NaN,         NaN
,,,          NaN,,,,          NaN,         NaN
,,,          NaN,,,,          NaN,         NaN
,,,          NaN,,,,          NaN,         NaN
,,,          NaN,,,,          NaN,         NaN
,,,          NaN,,,,          NaN,         NaN
,,,          NaN,,,,          NaN,         NaN
,,,          NaN,,,,          NaN,         NaN
,,,          NaN,,,,          NaN,         NaN
,,,          NaN,,,,          NaN,         NaN
,,,          NaN,,,,          NaN,         NaN
,,,          NaN,,,,          NaN,         NaN
,,,          NaN,,,,          NaN,         NaN
,,,          NaN,,,,          NaN,         NaN
,,,          NaN,,,,          NaN,         NaN
,,,          NaN,,,,          NaN,         NaN
,,,          NaN,,,,          NaN,         NaN
,,,          NaN,,,,          NaN,         NaN
,,,          NaN,,,,          NaN,         NaN
,,,          NaN,,,,          NaN,         NaN
,,,          NaN,,,,          NaN,         NaN
,,,          NaN,,,,          NaN,         NaN
,,,          NaN,,,,          NaN,         NaN
,,,          NaN,,,,          NaN,         NaN
,,,          NaN,,,,          NaN,         NaN
,,,          NaN,,,,          NaN,         NaN
,,,          NaN,,,,          NaN,         NaN
,,,          NaN,,,,          NaN,         NaN
,,,          NaN,,,,          NaN,         NaN
,,,          NaN,,,,          NaN,         NaN
,,,          NaN,,,,          NaN,         NaN
,,,          NaN,,,,          NaN,         NaN
,,,          NaN,,,,          NaN,         NaN
,,,          NaN,,,,          NaN,         NaN
,,,          NaN,,,,          NaN,         NaN
,,,          NaN,,,,          NaN,         NaN
,,,          NaN,,,,          NaN,         NaN
,,,          NaN,,,,          NaN,         NaN
,,,          NaN,,,,          NaN,         NaN
,,,          NaN,,,,          NaN,         NaN
,,,          NaN,,,,          NaN,         NaN
,,,          NaN,,,,          NaN,         NaN
,,,          NaN,,,,          NaN,         NaN
,,,          NaN,,,,          NaN,         NaN
,,,          NaN,,,,          NaN,         NaN
,,,          NaN,,,,          NaN,         NaN
,,,          NaN,,,,          NaN,         NaN
,,,          NaN,,,,          NaN,         NaN
,,,          NaN,,,,          NaN,         NaN
,,,          NaN,,,,          NaN,         NaN
,,,          NaN,,,,          NaN,         NaN
,,,          NaN,,,,          NaN,         NaN
,,,          NaN,,,,          NaN,         NaN
,,,          NaN,,,,          NaN,         NaN
,,,          NaN,,,,          NaN,         NaN
,,,          NaN,,,,          NaN,         NaN
,,,          NaN,,,,          NaN,         NaN
,,,          NaN,,,,          NaN,         NaN
,,,          NaN,,,,          NaN,         NaN
,,,          NaN,,,,          NaN,         NaN
,,,          NaN,,,,          NaN,         NaN
,,,          NaN,,,,          NaN,         NaN
,,,          NaN,,,,          NaN,         NaN
,,,          NaN,,,,          NaN,         NaN
,,,          NaN,,,,          NaN,         NaN
,,,          NaN,,,,          NaN,         NaN
,,,          NaN,,,,          NaN,         NaN
,,,          NaN,,,,          NaN,         NaN
,,,          NaN,,,,          NaN,         NaN
,,,          NaN,,,,          NaN,         NaN
,,,          NaN,,,,          NaN,         NaN
,,,          NaN,,,,          NaN,         NaN
,,,          NaN,,,,          NaN,         NaN
,,,          NaN,,,,          NaN,         NaN
,,,          NaN,,,,          NaN,         NaN
,,,          NaN,,,,          NaN,         NaN
,,,          NaN,,,,          NaN,         NaN
,,,          NaN,,,,          NaN,         NaN
,,,          NaN,,,,          NaN,         NaN
,,,          NaN,,,,          NaN,         NaN
,,,          NaN,,,,          NaN,         NaN
,,,          NaN,,,,          NaN,         NaN
,,,          NaN,,,,          NaN,         NaN
,,,          NaN,,,,          NaN,         NaN
,,,          NaN,,,,          NaN,         NaN
,,,          NaN,,,,          NaN,         NaN
,,,          NaN,,,,          NaN,         NaN
,,,          NaN,,,,          NaN,         NaN
,,,          NaN,,,,          NaN,         NaN
,,,          NaN,,,,          NaN,         NaN
,,,          NaN,,,,          NaN,         NaN
,,,          NaN,,,,          NaN,         NaN
,,,          NaN,,,,          NaN,         NaN
,,,          NaN,,,,          NaN,         NaN
,,,          NaN,,,,          NaN,         NaN
,,,          NaN,,,,          NaN,         NaN
,,,          NaN,,,,          NaN,         NaN
,,,          NaN,,,,          NaN,         NaN
,,,          NaN,,,,          NaN,         NaN
,,,          NaN,,,,          NaN,         NaN
,,,          NaN,,,,          NaN,         NaN
,,,          NaN,,,,          NaN,         NaN
,,,          NaN,,,,          NaN,         NaN
,,,          NaN,,,,          NaN,         NaN
,,,          NaN,,,,          NaN,         NaN
,,,          NaN,,,,          NaN,         NaN
,,,          NaN,,,,          NaN,         NaN
,,,          NaN,,,,          NaN,         NaN
,,,          NaN,,,,          NaN,         NaN
,,,          NaN,,,,          NaN,         NaN
,,,          NaN,,,,          NaN,         NaN
,,,          NaN,,,,          NaN,         NaN
,,,          NaN,,,,          NaN,         NaN
,,,          NaN,,,,          NaN,         NaN
,,,          NaN,,,,          NaN,         NaN
,,,          NaN,,,,          NaN,         NaN
,,,          NaN,,,,          NaN,         NaN
,,,          NaN,,,,          NaN,         NaN
,,,          NaN,,,,          NaN,         NaN
,,,          NaN,,,,          NaN,         NaN
,,,          NaN,,,,          NaN,         NaN
,,,          NaN,,,,          NaN,         NaN
,,,          NaN,,,,          NaN,         NaN
,,,          NaN,,,,          NaN,         NaN
,,,          NaN,,,,          NaN,         NaN
,,,          NaN,,,,          NaN,         NaN
,,,          NaN,,,,          NaN,         NaN
,,,          NaN,,,,          NaN,         NaN
,,,          NaN,,,,          NaN,         NaN
,,,          NaN,,,,          NaN,         NaN
,,,          NaN,,,,          NaN,         NaN
,,,          NaN,,,,          NaN,         NaN
,,,          NaN,,,,          NaN,         NaN
,,,          NaN,,,,          NaN,         NaN
,,,          NaN,,,,          NaN,         NaN
,,,          NaN,,,,          NaN,         NaN
,,,          NaN,,,,          NaN,         NaN
,,,          NaN,,,,          NaN,         NaN
,,,          NaN,,,,          NaN,         NaN
,,,          NaN,,,,          NaN,         NaN
,,,          NaN,,,,          NaN,         NaN
,,,          NaN,,,,          NaN,         NaN
,,,          NaN,,,,          NaN,         NaN
,,,          NaN,,,,          NaN,         NaN
,,,          NaN,,,,          NaN,         NaN
,,,          NaN,,,,          NaN,         NaN
,,,          NaN,,,,          NaN,         NaN
,,,          NaN,,,,          NaN,         NaN
,,,          NaN,,,,          NaN,         NaN
,,,          NaN,,,,          NaN,         NaN
,,,          NaN,,,,          NaN,         NaN
,,,          NaN,,,,          NaN,         NaN
,,,          NaN,,,,          NaN,         NaN
,,,          NaN,,,,          NaN,         NaN
,,,          NaN,,,,          NaN,         NaN
,,,          NaN,,,,          NaN,         NaN
,,,          NaN,,,,          NaN,         NaN
,,,          NaN,,,,          NaN,         NaN
,,,          NaN,,,,          NaN,         NaN
,,,          NaN,,,,          NaN,         NaN
,,,          NaN,,,,          NaN,         NaN
,,,          NaN,,,,          NaN,         NaN
,,,          NaN,,,,          NaN,         NaN
,,,          NaN,,,,          NaN,         NaN
,,,          NaN,,,,          NaN,         NaN
,,,          NaN,,,,          NaN,         NaN
,,,          NaN,,,,          NaN,         NaN
,,,          NaN,,,,          NaN,         NaN
,,,          NaN,,,,          NaN,         NaN
,,,          NaN,,,,          NaN,         NaN
,,,          NaN,,,,          NaN,         NaN
,,,          NaN,,,,          NaN,         NaN
,,,          NaN,,,,          NaN,         NaN
,,,          NaN,,,,          NaN,         NaN
,,,          NaN,,,,          NaN,         NaN
,,,          NaN,,,,          NaN,         NaN
,,,          NaN,,,,          NaN,         NaN
,,,          NaN,,,,          NaN,         NaN
,,,          NaN,,,,          NaN,         NaN
,,,          NaN,,,,          NaN,         NaN
,,,          NaN,,,,          NaN,         NaN
,,,          NaN,,,,          NaN,         NaN
,,,          NaN,,,,          NaN,         NaN
,,,          NaN,,,,          NaN,         NaN
,,,          NaN,,,,          NaN,         NaN
,,,          NaN,,,,          NaN,         NaN
,,,          NaN,,,,          NaN,         NaN
,,,          NaN,,,,          NaN,         NaN
,,,          NaN,,,,          NaN,         NaN
,,,          NaN,,,,          NaN,         NaN
,,,          NaN,,,,          NaN,         NaN
,,,          NaN,,,,          NaN,         NaN
,,,          NaN,,,,          NaN,         NaN
,,,          NaN,,,,          NaN,         NaN
,,,          NaN,,,,          NaN,         NaN
,,,          NaN,,,,          NaN,         NaN
,,,          NaN,,,,          NaN,         NaN
,,,          NaN,,,,          NaN,         NaN
,,,          NaN,,,,          NaN,         NaN
,,,          NaN,,,,          NaN,         NaN
,,,          NaN,,,,          NaN,         NaN
,,,          NaN,,,,          NaN,         NaN
,,,          NaN,,,,          NaN,         NaN
,,,          NaN,,,,          NaN,         NaN
,,,          NaN,,,,          NaN,         NaN
,,,          NaN,,,,          NaN,         NaN
,,,          NaN,,,,          NaN,         NaN
,,,          NaN,,,,          NaN,         NaN
,,,          NaN,,,,          NaN,         NaN
,,,          NaN,,,,          NaN,         NaN
,,,          NaN,,,,          NaN,         NaN
,,,          NaN,,,,          NaN,         NaN
,,,          NaN,,,,          NaN,         NaN
,,,          NaN,,,,          NaN,         NaN
,,,          NaN,,,,          NaN,         NaN
,,,          NaN,,,,          NaN,         NaN
,,,          NaN,,,,          NaN,         NaN
,,,          NaN,,,,          NaN,         NaN
,,,          NaN,,,,          NaN,         NaN
,,,          NaN,,,,          NaN,         NaN
,,,          NaN,,,,          NaN,         NaN
,,,          NaN,,,,          NaN,         NaN
,,,          NaN,,,,          NaN,         NaN
,,,          NaN,,,,          NaN,         NaN
,,,          NaN,,,,          NaN,         NaN
,,,          NaN,,,,          NaN,         NaN
,,,          NaN,,,,          NaN,         NaN
,,,          NaN,,,,          NaN,         NaN
,,,          NaN,,,,          NaN,         NaN
,,,          NaN,,,,          NaN,         NaN
,,,          NaN,,,,          NaN,         NaN
,,,          NaN,,,,          NaN,         NaN
,,,          NaN,,,,          NaN,         NaN
,,,          NaN,,,,          NaN,         NaN
,,,          NaN,,,,          NaN,         NaN
,,,          NaN,,,,          NaN,         NaN
,,,          NaN,,,,          NaN,         NaN
,,,          NaN,,,,          NaN,         NaN
,,,          NaN,,,,          NaN,         NaN
,,,          NaN,,,,          NaN,         NaN
,,,          NaN,,,,          NaN,         NaN
,,,          NaN,,,,          NaN,         NaN
,,,          NaN,,,,          NaN,         NaN
,,,          NaN,,,,          NaN,         NaN
,,,          NaN,,,,          NaN,         NaN
,,,          NaN,,,,          NaN,         NaN
,,,          NaN,,,,          NaN,         NaN
,,,          NaN,,,,          NaN,         NaN
,,,          NaN,,,,          NaN,         NaN
,,,          NaN,,,,          NaN,         NaN
,,,          NaN,,,,          NaN,         NaN
,,,          NaN,,,,          NaN,         NaN
,,,          NaN,,,,          NaN,         NaN
,,,          NaN,,,,          NaN,         NaN
,,,          NaN,,,,          NaN,         NaN
,,,          NaN,,,,          NaN,         NaN
,,,          NaN,,,,          NaN,         NaN
,,,          NaN,,,,          NaN,         NaN
,,,          NaN,,,,          NaN,         NaN
,,,          NaN,,,,          NaN,         NaN
,,,          NaN,,,,          NaN,         NaN
,,,          NaN,,,,          NaN,         NaN
,,,          NaN,,,,          NaN,         NaN
,,,          NaN,,,,          NaN,         NaN
,,,          NaN,,,,          NaN,         NaN
,,,          NaN,,,,          NaN,         NaN
,,,          NaN,,,,          NaN,         NaN
,,,          NaN,,,,          NaN,         NaN
,,,          NaN,,,,          NaN,         NaN
,,,          NaN,,,,          NaN,         NaN
,,,          NaN,,,,          NaN,         NaN
,,,          NaN,,,,          NaN,         NaN
,,,          NaN,,,,          NaN,         NaN
,,,          NaN,,,,          NaN,         NaN
,,,          NaN,,,,          NaN,         NaN
,,,          NaN,,,,          NaN,         NaN
,,,          NaN,,,,          NaN,         NaN
,,,          NaN,,,,          NaN,         NaN
,,,          NaN,,,,          NaN,         NaN
,,,          NaN,,,,          NaN,         NaN
,,,          NaN,,,,          NaN,         NaN
,,,          NaN,,,,          NaN,         NaN
,,,          NaN,,,,          NaN,         NaN
,,,          NaN,,,,          NaN,         NaN
,,,          NaN,,,,          NaN,         NaN
,,,          NaN,,,,          NaN,         NaN
,,,          NaN,,,,          NaN,         NaN
,,,          NaN,,,,          NaN,         NaN
,,,          NaN,,,,          NaN,         NaN
,,,          NaN,,,,          NaN,         NaN
,,,          NaN,,,,          NaN,         NaN
,,,          NaN,,,,          NaN,         NaN
,,,          NaN,,,,          NaN,         NaN
,,,          NaN,,,,          NaN,         NaN
,,,          NaN,,,,          NaN,         NaN
,,,          NaN,,,,          NaN,         NaN
,,,          NaN,,,,          NaN,         NaN
,,,          NaN,,,,          NaN,         NaN
,,,          NaN,,,,          NaN,         NaN
,,,          NaN,,,,          NaN,         NaN
,,,          NaN,,,,          NaN,         NaN
,,,          NaN,,,,          NaN,         NaN
,,,          NaN,,,,          NaN,         NaN
,,,          NaN,,,,          NaN,         NaN
,,,          NaN,,,,          NaN,         NaN
,,,          NaN,,,,          NaN,         NaN
,,,          NaN,,,,          NaN,         NaN
,,,          NaN,,,,          NaN,         NaN
,,,          NaN,,,,          NaN,         NaN
,,,          NaN,,,,          NaN,         NaN
,,,          NaN,,,,          NaN,         NaN
,,,          NaN,,,,          NaN,         NaN
,,,          NaN,,,,          NaN,         NaN
,,,          NaN,,,,          NaN,         NaN
,,,          NaN,,,,          NaN,         NaN
,,,          NaN,,,,          NaN,         NaN
,,,          NaN,,,,          NaN,         NaN
,,,          NaN,,,,          NaN,         NaN
,,,          NaN,,,,          NaN,         NaN
,,,          NaN,,,,          NaN,         NaN
,,,          NaN,,,,          NaN,         NaN
,,,          NaN,,,,          NaN,         NaN
,,,          NaN,,,,          NaN,         NaN
,,,          NaN,,,,          NaN,         NaN
,,,          NaN,,,,          NaN,         NaN
,,,          NaN,,,,          NaN,         NaN
,,,          NaN,,,,          NaN,         NaN
,,,          NaN,,,,          NaN,         NaN
,,,          NaN,,,,          NaN,         NaN
,,,          NaN,,,,          NaN,         NaN
,,,          NaN,,,,          NaN,         NaN
,,,          NaN,,,,          NaN,         NaN
,,,          NaN,,,,          NaN,         NaN
,,,          NaN,,,,          NaN,         NaN
,,,          NaN,,,,          NaN,         NaN
,,,          NaN,,,,          NaN,         NaN
,,,          NaN,,,,          NaN,         NaN
,,,          NaN,,,,          NaN,         NaN
,,,          NaN,,,,          NaN,         NaN
,,,          NaN,,,,          NaN,         NaN
,,,          NaN,,,,          NaN,         NaN
,,,          NaN,,,,          NaN,         NaN
,,,          NaN,,,,          NaN,         NaN
,,,          NaN,,,,          NaN,         NaN
,,,          NaN,,,,          NaN,         NaN
,,,          NaN,,,,          NaN,         NaN
,,,          NaN,,,,          NaN,         NaN
,,,          NaN,,,,          NaN,         NaN
,,,          NaN,,,,          NaN,         NaN
,,,          NaN,,,,          NaN,         NaN
,,,          NaN,,,,          NaN,         NaN
,,,          NaN,,,,          NaN,         NaN
,,,          NaN,,,,          NaN,         NaN
,,,          NaN,,,,          NaN,         NaN
,,,          NaN,,,,          NaN,         NaN
,,,          NaN,,,,          NaN,         NaN
,,,          NaN,,,,          NaN,         NaN
,,,          NaN,,,,          NaN,         NaN
,,,          NaN,,,,          NaN,         NaN
,,,          NaN,,,,          NaN,         NaN
,,,          NaN,,,,          NaN,         NaN
,,,          NaN,,,,          NaN,         NaN
,,,          NaN,,,,          NaN,         NaN
,,,          NaN,,,,          NaN,         NaN
,,,          NaN,,,,          NaN,         NaN
,,,          NaN,,,,          NaN,         NaN
,,,          NaN,,,,          NaN,         NaN
,,,          NaN,,,,          NaN,         NaN
,,,          NaN,,,,          NaN,         NaN
,,,          NaN,,,,          NaN,         NaN
,,,          NaN,,,,          NaN,         NaN
,,,          NaN,,,,          NaN,         NaN
,,,          NaN,,,,          NaN,         NaN
,,,          NaN,,,,          NaN,         NaN
,,,          NaN,,,,          NaN,         NaN
,,,          NaN,,,,          NaN,         NaN
,,,          NaN,,,,          NaN,         NaN
,,,          NaN,,,,          NaN,         NaN
,,,          NaN,,,,          NaN,         NaN
,,,          NaN,,,,          NaN,         NaN
,,,          NaN,,,,          NaN,         NaN
,,,          NaN,,,,          NaN,         NaN
,,,          NaN,,,,          NaN,         NaN
,,,          NaN,,,,          NaN,         NaN
,,,          NaN,,,,          NaN,         NaN
,,,          NaN,,,,          NaN,         NaN
,,,          NaN,,,,          NaN,         NaN
,,,          NaN,,,,          NaN,         NaN
,,,          NaN,,,,          NaN,         NaN
,,,          NaN,,,,          NaN,         NaN
,,,          NaN,,,,          NaN,         NaN
,,,          NaN,,,,          NaN,         NaN
,,,          NaN,,,,          NaN,         NaN
,,,          NaN,,,,          NaN,         NaN
,,,          NaN,,,,          NaN,         NaN
,,,          NaN,,,,          NaN,         NaN
,,,          NaN,,,,          NaN,         NaN
,,,          NaN,,,,          NaN,         NaN
,,,          NaN,,,,          NaN,         NaN
,,,          NaN,,,,          NaN,         NaN
,,,          NaN,,,,          NaN,         NaN
,,,          NaN,,,,          NaN,         NaN
,,,          NaN,,,,          NaN,         NaN
,,,          NaN,,,,          NaN,         NaN
,,,          NaN,,,,          NaN,         NaN
,,,          NaN,,,,          NaN,         NaN
,,,          NaN,,,,          NaN,         NaN
,,,          NaN,,,,          NaN,         NaN
,,,          NaN,,,,          NaN,         NaN
,,,          NaN,,,,          NaN,         NaN
,,,          NaN,,,,          NaN,         NaN
,,,          NaN,,,,          NaN,         NaN
,,,          NaN,,,,          NaN,         NaN
,,,          NaN,,,,          NaN,         NaN
,,,          NaN,,,,          NaN,         NaN
,,,          NaN,,,,          NaN,         NaN
,,,          NaN,,,,          NaN,         NaN
,,,          NaN,,,,          NaN,         NaN
,,,          NaN,,,,          NaN,         NaN
,,,          NaN,,,,          NaN,         NaN
,,,          NaN,,,,          NaN,         NaN
,,,          NaN,,,,          NaN,         NaN
,,,          NaN,,,,          NaN,         NaN
,,,          NaN,,,,          NaN,         NaN
,,,          NaN,,,,          NaN,         NaN
,,,          NaN,,,,          NaN,         NaN
,,,          NaN,,,,          NaN,         NaN
,,,          NaN,,,,          NaN,         NaN
,,,          NaN,,,,          NaN,         NaN
,,,          NaN,,,,          NaN,         NaN
,,,          NaN,,,,          NaN,         NaN
,,,          NaN,,,,          NaN,         NaN
,,,          NaN,,,,          NaN,         NaN
,,,          NaN,,,,          NaN,         NaN
,,,          NaN,,,,          NaN,         NaN
,,,          NaN,,,,          NaN,         NaN
,,,          NaN,,,,          NaN,         NaN
,,,          NaN,,,,          NaN,         NaN
,,,          NaN,,,,          NaN,         NaN
,,,          NaN,,,,          NaN,         NaN
,,,          NaN,,,,          NaN,         NaN
,,,          NaN,,,,          NaN,         NaN
,,,          NaN,,,,          NaN,         NaN
,,,          NaN,,,,          NaN,         NaN
,,,          NaN,,,,          NaN,         NaN
,,,          NaN,,,,          NaN,         NaN
,,,          NaN,,,,          NaN,         NaN
,,,          NaN,,,,          NaN,         NaN
,,,          NaN,,,,          NaN,         NaN
,,,          NaN,,,,          NaN,         NaN
,,,          NaN,,,,          NaN,         NaN
,,,          NaN,,,,          NaN,         NaN
,,,          NaN,,,,          NaN,         NaN
,,,          NaN,,,,          NaN,         NaN
,,,          NaN,,,,          NaN,         NaN
,,,          NaN,,,,          NaN,         NaN
,,,          NaN,,,,          NaN,         NaN
,,,          NaN,,,,          NaN,         NaN
,,,          NaN,,,,          NaN,         NaN
,,,          NaN,,,,          NaN,         NaN
,,,          NaN,,,,          NaN,         NaN
,,,          NaN,,,,          NaN,         NaN
,,,          NaN,,,,          NaN,         NaN
,,,          NaN,,,,          NaN,         NaN
,,,          NaN,,,,          NaN,         NaN
,,,          NaN,,,,          NaN,         NaN
,,,          NaN,,,,          NaN,         NaN
,,,          NaN,,,,          NaN,         NaN
,,,          NaN,,,,          NaN,         NaN
,,,          NaN,,,,          NaN,         NaN
,,,          NaN,,,,          NaN,         NaN
,,,          NaN,,,,          NaN,         NaN
,,,          NaN,,,,          NaN,         NaN
,,,          NaN,,,,          NaN,         NaN
,,,          NaN,,,,          NaN,         NaN
,,,          NaN,,,,          NaN,         NaN
,,,          NaN,,,,          NaN,         NaN
,,,          NaN,,,,          NaN,         NaN
,,,          NaN,,,,          NaN,         NaN
,,,          NaN,,,,          NaN,         NaN
,,,          NaN,,,,          NaN,         NaN
,,,          NaN,,,,          NaN,         NaN
,,,          NaN,,,,          NaN,         NaN
,,,          NaN,,,,          NaN,         NaN
,,,          NaN,,,,          NaN,         NaN
,,,          NaN,,,,          NaN,         NaN
,,,          NaN,,,,          NaN,         NaN
,,,          NaN,,,,          NaN,         NaN
,,,          NaN,,,,          NaN,         NaN
,,,          NaN,,,,          NaN,         NaN
,,,          NaN,,,,          NaN,         NaN
,,,          NaN,,,,          NaN,         NaN
,,,          NaN,,,,          NaN,         NaN
,,,          NaN,,,,          NaN,         NaN
,,,          NaN,,,,          NaN,         NaN
,,,          NaN,,,,          NaN,         NaN
,,,          NaN,,,,          NaN,         NaN
,,,          NaN,,,,          NaN,         NaN
,,,          NaN,,,,          NaN,         NaN
,,,          NaN,,,,          NaN,         NaN
,,,          NaN,,,,          NaN,         NaN
,,,          NaN,,,,          NaN,         NaN
,,,          NaN,,,,          NaN,         NaN
,,,          NaN,,,,          NaN,         NaN
,,,          NaN,,,,          NaN,         NaN
,,,          NaN,,,,          NaN,         NaN
,,,          NaN,,,,          NaN,         NaN
,,,          NaN,,,,          NaN,         NaN
,,,          NaN,,,,          NaN,         NaN
,,,          NaN,,,,          NaN,         NaN
,,,          NaN,,,,          NaN,         NaN
,,,          NaN,,,,          NaN,         NaN
,,,          NaN,,,,          NaN,         NaN
,,,          NaN,,,,          NaN,         NaN
,,,          NaN,,,,          NaN,         NaN
,,,          NaN,,,,          NaN,         NaN
,,,          NaN,,,,          NaN,         NaN
,,,          NaN,,,,          NaN,         NaN
,,,          NaN,,,,          NaN,         NaN
,,,          NaN,,,,          NaN,         NaN
,,,          NaN,,,,          NaN,         NaN
,,,          NaN,,,,          NaN,         NaN
,,,          NaN,,,,          NaN,         NaN
,,,          NaN,,,,          NaN,         NaN
,,,          NaN,,,,          NaN,         NaN
,,,          NaN,,,,          NaN,         NaN
,,,          NaN,,,,          NaN,         NaN
,,,          NaN,,,,          NaN,         NaN
,,,          NaN,,,,          NaN,         NaN
,,,          NaN,,,,          NaN,         NaN
,,,          NaN,,,,          NaN,         NaN
,,,          NaN,,,,          NaN,         NaN
,,,          NaN,,,,          NaN,         NaN
,,,          NaN,,,,          NaN,         NaN
,,,          NaN,,,,          NaN,         NaN
,,,          NaN,,,,          NaN,         NaN
,,,          NaN,,,,          NaN,         NaN
,,,          NaN,,,,          NaN,         NaN
,,,          NaN,,,,          NaN,         NaN
,,,          NaN,,,,          NaN,         NaN
,,,          NaN,,,,          NaN,         NaN
,,,          NaN,,,,          NaN,         NaN
,,,          NaN,,,,          NaN,         NaN
,,,          NaN,,,,          NaN,         NaN
,,,          NaN,,,,          NaN,         NaN
,,,          NaN,,,,          NaN,         NaN
,,,          NaN,,,,          NaN,         NaN
,,,          NaN,,,,          NaN,         NaN
,,,          NaN,,,,          NaN,         NaN
,,,          NaN,,,,          NaN,         NaN
,,,          NaN,,,,          NaN,         NaN
,,,          NaN,,,,          NaN,         NaN
,,,          NaN,,,,          NaN,         NaN
,,,          NaN,,,,          NaN,         NaN
,,,          NaN,,,,          NaN,         NaN
,,,          NaN,,,,          NaN,         NaN
,,,          NaN,,,,          NaN,         NaN
,,,          NaN,,,,          NaN,         NaN
,,,          NaN,,,,          NaN,         NaN
,,,          NaN,,,,          NaN,         NaN
,,,          NaN,,,,          NaN,         NaN
,,,          NaN,,,,          NaN,         NaN
,,,          NaN,,,,          NaN,         NaN
,,,          NaN,,,,          NaN,         NaN
,,,          NaN,,,,          NaN,         NaN
,,,          NaN,,,,          NaN,         NaN
,,,          NaN,,,,          NaN,         NaN
,,,          NaN,,,,          NaN,         NaN
,,,          NaN,,,,          NaN,         NaN
,,,          NaN,,,,          NaN,         NaN
,,,          NaN,,,,          NaN,         NaN
,,,          NaN,,,,          NaN,         NaN
,,,          NaN,,,,          NaN,         NaN
,,,          NaN,,,,          NaN,         NaN
,,,          NaN,,,,          NaN,         NaN
,,,          NaN,,,,          NaN,         NaN
,,,          NaN,,,,          NaN,         NaN
,,,          NaN,,,,          NaN,         NaN
,,,          NaN,,,,          NaN,         NaN
,,,          NaN,,,,          NaN,         NaN
,,,          NaN,,,,          NaN,         NaN
,,,          NaN,,,,          NaN,         NaN
,,,          NaN,,,,          NaN,         NaN
,,,          NaN,,,,          NaN,         NaN
,,,          NaN,,,,          NaN,         NaN
,,,          NaN,,,,          NaN,         NaN
,,,          NaN,,,,          NaN,         NaN
,,,          NaN,,,,          NaN,         NaN
,,,          NaN,,,,          NaN,         NaN
,,,          NaN,,,,          NaN,         NaN
,,,          NaN,,,,          NaN,         NaN
,,,          NaN,,,,          NaN,         NaN
,,,          NaN,,,,          NaN,         NaN
,,,          NaN,,,,          NaN,         NaN
,,,          NaN,,,,          NaN,         NaN
,,,          NaN,,,,          NaN,         NaN
,,,          NaN,,,,          NaN,         NaN
,,,          NaN,,,,          NaN,         NaN
,,,          NaN,,,,          NaN,         NaN
,,,          NaN,,,,          NaN,         NaN
,,,          NaN,,,,          NaN,         NaN
,,,          NaN,,,,          NaN,         NaN
,,,          NaN,,,,          NaN,         NaN
,,,          NaN,,,,          NaN,         NaN
,,,          NaN,,,,          NaN,         NaN
,,,          NaN,,,,          NaN,         NaN
,,,          NaN,,,,          NaN,         NaN
,,,          NaN,,,,          NaN,         NaN
,,,          NaN,,,,          NaN,         NaN
,,,          NaN,,,,          NaN,         NaN
,,,          NaN,,,,          NaN,         NaN
,,,          NaN,,,,          NaN,         NaN
,,,          NaN,,,,          NaN,         NaN
,,,          NaN,,,,          NaN,         NaN
,,,          NaN,,,,          NaN,         NaN
,,,          NaN,,,,          NaN,         NaN
,,,          NaN,,,,          NaN,         NaN
,,,          NaN,,,,          NaN,         NaN
,,,          NaN,,,,          NaN,         NaN
,,,          NaN,,,,          NaN,         NaN
,,,          NaN,,,,          NaN,         NaN
,,,          NaN,,,,          NaN,         NaN
,,,          NaN,,,,          NaN,         NaN
,,,          NaN,,,,          NaN,         NaN
,,,          NaN,,,,          NaN,         NaN
,,,          NaN,,,,          NaN,         NaN
,,,          NaN,,,,          NaN,         NaN
,,,          NaN,,,,          NaN,         NaN
,,,          NaN,,,,          NaN,         NaN
,,,          NaN,,,,          NaN,         NaN
,,,          NaN,,,,          NaN,         NaN
,,,          NaN,,,,          NaN,         NaN
,,,          NaN,,,,          NaN,         NaN
,,,          NaN,,,,          NaN,         NaN
,,,          NaN,,,,          NaN,         NaN
,,,          NaN,,,,          NaN,         NaN
,,,          NaN,,,,          NaN,         NaN
,,,          NaN,,,,          NaN,         NaN
,,,          NaN,,,,          NaN,         NaN
,,,          NaN,,,,          NaN,         NaN
,,,          NaN,,,,          NaN,         NaN
,,,          NaN,,,,          NaN,         NaN
,,,          NaN,,,,          NaN,         NaN
,,,          NaN,,,,          NaN,         NaN
,,,          NaN,,,,          NaN,         NaN
,,,          NaN,,,,          NaN,         NaN
,,,          NaN,,,,          NaN,         NaN
,,,          NaN,,,,          NaN,         NaN
,,,          NaN,,,,          NaN,         NaN
,,,          NaN,,,,          NaN,         NaN
,,,          NaN,,,,          NaN,         NaN
,,,          NaN,,,,          NaN,         NaN
,,,          NaN,,,,          NaN,         NaN
,,,          NaN,,,,          NaN,         NaN
,,,          NaN,,,,          NaN,         NaN
,,,          NaN,,,,          NaN,         NaN
,,,          NaN,,,,          NaN,         NaN
,,,          NaN,,,,          NaN,         NaN
,,,          NaN,,,,          NaN,         NaN
,,,          NaN,,,,          NaN,         NaN
,,,          NaN,,,,          NaN,         NaN
,,,          NaN,,,,          NaN,         NaN
,,,          NaN,,,,          NaN,         NaN
,,,          NaN,,,,          NaN,         NaN
,,,          NaN,,,,          NaN,         NaN
,,,          NaN,,,,          NaN,         NaN
,,,          NaN,,,,          NaN,         NaN
,,,          NaN,,,,          NaN,         NaN
,,,          NaN,,,,          NaN,         NaN
,,,          NaN,,,,          NaN,         NaN
,,,          NaN,,,,          NaN,         NaN
,,,          NaN,,,,          NaN,         NaN
,,,          NaN,,,,          NaN,         NaN
,,,          NaN,,,,          NaN,         NaN
,,,          NaN,,,,          NaN,         NaN
,,,          NaN,,,,          NaN,         NaN
,,,          NaN,,,,          NaN,         NaN
,,,          NaN,,,,          NaN,         NaN
,,,          NaN,,,,          NaN,         NaN
,,,          NaN,,,,          NaN,         NaN
,,,          NaN,,,,          NaN,         NaN
,,,          NaN,,,,          NaN,         NaN
,,,          NaN,,,,          NaN,         NaN
,,,          NaN,,,,          NaN,         NaN
,,,          NaN,,,,          NaN,         NaN
,,,          NaN,,,,          NaN,         NaN
,,,          NaN,,,,          NaN,         NaN
,,,          NaN,,,,          NaN,         NaN
,,,          NaN,,,,          NaN,         NaN
,,,          NaN,,,,          NaN,         NaN
,,,          NaN,,,,          NaN,         NaN
,,,          NaN,,,,          NaN,         NaN
,,,          NaN,,,,          NaN,         NaN
,,,          NaN,,,,          NaN,         NaN
,,,          NaN,,,,          NaN,         NaN
,,,          NaN,,,,          NaN,         NaN
,,,          NaN,,,,          NaN,         NaN
,,,          NaN,,,,          NaN,         NaN
,,,          NaN,,,,          NaN,         NaN
,,,          NaN,,,,          NaN,         NaN
,,,          NaN,,,,          NaN,         NaN
,,,          NaN,,,,          NaN,         NaN
,,,          NaN,,,,          NaN,         NaN
,,,          NaN,,,,          NaN,         NaN
,,,          NaN,,,,          NaN,         NaN
,,,          NaN,,,,          NaN,         NaN
,,,          NaN,,,,          NaN,         NaN
,,,          NaN,,,,          NaN,         NaN
,,,          NaN,,,,          NaN,         NaN
,,,          NaN,,,,          NaN,         NaN
,,,          NaN,,,,          NaN,         NaN
,,,          NaN,,,,          NaN,         NaN
,,,          NaN,,,,          NaN,         NaN
,,,          NaN,,,,          NaN,         NaN
,,,          NaN,,,,          NaN,         NaN
,,,          NaN,,,,          NaN,         NaN
,,,          NaN,,,,          NaN,         NaN
,,,          NaN,,,,          NaN,         NaN
,,,          NaN,,,,          NaN,         NaN
,,,          NaN,,,,          NaN,         NaN
,,,          NaN,,,,          NaN,         NaN
,,,          NaN,,,,          NaN,         NaN
,,,          NaN,,,,          NaN,         NaN
,,,          NaN,,,,          NaN,         NaN
,,,          NaN,,,,          NaN,         NaN
,,,          NaN,,,,          NaN,         NaN
,,,          NaN,,,,          NaN,         NaN
,,,          NaN,,,,          NaN,         NaN
,,,          NaN,,,,          NaN,         NaN
,,,          NaN,,,,          NaN,         NaN
,,,          NaN,,,,          NaN,         NaN
,,,          NaN,,,,          NaN,         NaN
,,,          NaN,,,,          NaN,         NaN
,,,          NaN,,,,          NaN,         NaN
,,,          NaN,,,,          NaN,         NaN
,,,          NaN,,,,          NaN,         NaN
,,,          NaN,,,,          NaN,         NaN
,,,          NaN,,,,          NaN,         NaN
,,,          NaN,,,,          NaN,         NaN
,,,          NaN,,,,          NaN,         NaN
,,,          NaN,,,,          NaN,         NaN
,,,          NaN,,,,          NaN,         NaN
,,,          NaN,,,,          NaN,         NaN
,,,          NaN,,,,          NaN,         NaN
,,,          NaN,,,,          NaN,         NaN
,,,          NaN,,,,          NaN,         NaN
,,,          NaN,,,,          NaN,         NaN
,,,          NaN,,,,          NaN,         NaN
,,,          NaN,,,,          NaN,         NaN
,,,          NaN,,,,          NaN,         NaN
,,,          NaN,,,,          NaN,         NaN
,,,          NaN,,,,          NaN,         NaN
,,,          NaN,,,,          NaN,         NaN
,,,          NaN,,,,          NaN,         NaN
,,,          NaN,,,,          NaN,         NaN
,,,          NaN,,,,          NaN,         NaN
,,,          NaN,,,,          NaN,         NaN
,,,          NaN,,,,          NaN,         NaN
,,,          NaN,,,,          NaN,         NaN
,,,          NaN,,,,          NaN,         NaN
,,,          NaN,,,,          NaN,         NaN
,,,          NaN,,,,          NaN,         NaN
,,,          NaN,,,,          NaN,         NaN
,,,          NaN,,,,          NaN,         NaN
,,,          NaN,,,,          NaN,         NaN
,,,          NaN,,,,          NaN,         NaN
,,,          NaN,,,,          NaN,         NaN
,,,          NaN,,,,          NaN,         NaN
,,,          NaN,,,,          NaN,         NaN
,,,          NaN,,,,          NaN,         NaN
,,,          NaN,,,,          NaN,         NaN
,,,          NaN,,,,          NaN,         NaN
,,,          NaN,,,,          NaN,         NaN
,,,          NaN,,,,          NaN,         NaN
,,,          NaN,,,,          NaN,         NaN
,,,          NaN,,,,          NaN,         NaN
,,,          NaN,,,,          NaN,         NaN
,,,          NaN,,,,          NaN,         NaN
,,,          NaN,,,,          NaN,         NaN
,,,          NaN,,,,          NaN,         NaN
,,,          NaN,,,,          NaN,         NaN
,,,          NaN,,,,          NaN,         NaN
,,,          NaN,,,,          NaN,         NaN
,,,          NaN,,,,          NaN,         NaN
,,,          NaN,,,,          NaN,         NaN
,,,          NaN,,,,          NaN,         NaN
,,,          NaN,,,,          NaN,         NaN
,,,          NaN,,,,          NaN,         NaN
,,,          NaN,,,,          NaN,         NaN
,,,          NaN,,,,          NaN,         NaN
,,,          NaN,,,,          NaN,         NaN
,,,          NaN,,,,          NaN,         NaN
,,,          NaN,,,,          NaN,         NaN
,,,          NaN,,,,          NaN,         NaN
,,,          NaN,,,,          NaN,         NaN
,,,          NaN,,,,          NaN,         NaN
,,,          NaN,,,,          NaN,         NaN
,,,          NaN,,,,          NaN,         NaN
,,,          NaN,,,,          NaN,         NaN
,,,          NaN,,,,          NaN,         NaN
,,,          NaN,,,,          NaN,         NaN
,,,          NaN,,,,          NaN,         NaN
,,,          NaN,,,,          NaN,         NaN
,,,          NaN,,,,          NaN,         NaN
,,,          NaN,,,,          NaN,         NaN
,,,          NaN,,,,          NaN,         NaN
,,,          NaN,,,,          NaN,         NaN
,,,          NaN,,,,          NaN,         NaN
,,,          NaN,,,,          NaN,         NaN
,,,          NaN,,,,          NaN,         NaN
,,,          NaN,,,,          NaN,         NaN
,,,          NaN,,,,          NaN,         NaN
,,,          NaN,,,,          NaN,         NaN
,,,          NaN,,,,          NaN,         NaN
,,,          NaN,,,,          NaN,         NaN
,,,          NaN,,,,          NaN,         NaN
,,,          NaN,,,,          NaN,         NaN
,,,          NaN,,,,          NaN,         NaN
,,,          NaN,,,,          NaN,         NaN
,,,          NaN,,,,          NaN,         NaN
,,,          NaN,,,,          NaN,         NaN
,,,          NaN,,,,          NaN,         NaN
,,,          NaN,,,,          NaN,         NaN
,,,          NaN,,,,          NaN,         NaN
,,,          NaN,,,,          NaN,         NaN
,,,          NaN,,,,          NaN,         NaN
,,,          NaN,,,,          NaN,         NaN
,,,          NaN,,,,          NaN,         NaN
,,,          NaN,,,,          NaN,         NaN
,,,          NaN,,,,          NaN,         NaN
,,,          NaN,,,,          NaN,         NaN
,,,          NaN,,,,          NaN,         NaN
,,,          NaN,,,,          NaN,         NaN
,,,          NaN,,,,          NaN,         NaN
,,,          NaN,,,,          NaN,         NaN
,,,          NaN,,,,          NaN,         NaN
,,,          NaN,,,,          NaN,         NaN
,,,          NaN,,,,          NaN,         NaN
,,,          NaN,,,,          NaN,         NaN
,,,          NaN,,,,          NaN,         NaN
,,,          NaN,,,,          NaN,         NaN
,,,          NaN,,,,          NaN,         NaN
,,,          NaN,,,,          NaN,         NaN
,,,          NaN,,,,          NaN,         NaN
,,,          NaN,,,,          NaN,         NaN
,,,          NaN,,,,          NaN,         NaN
,,,          NaN,,,,          NaN,         NaN
,,,          NaN,,,,          NaN,         NaN
,,,          NaN,,,,          NaN,         NaN
,,,          NaN,,,,          NaN,         NaN
,,,          NaN,,,,          NaN,         NaN
,,,          NaN,,,,          NaN,         NaN
,,,          NaN,,,,          NaN,         NaN
,,,          NaN,,,,          NaN,         NaN
,,,          NaN,,,,          NaN,         NaN
,,,          NaN,,,,          NaN,         NaN
,,,          NaN,,,,          NaN,         NaN
,,,          NaN,,,,          NaN,         NaN
,,,          NaN,,,,          NaN,         NaN
,,,          NaN,,,,          NaN,         NaN
,,,          NaN,,,,          NaN,         NaN
,,,          NaN,,,,          NaN,         NaN
,,,          NaN,,,,          NaN,         NaN
,,,          NaN,,,,          NaN,         NaN
,,,          NaN,,,,          NaN,         NaN
,,,          NaN,,,,          NaN,         NaN
,,,          NaN,,,,          NaN,         NaN
,,,          NaN,,,,          NaN,         NaN
,,,          NaN,,,,          NaN,         NaN
,,,          NaN,,,,          NaN,         NaN
,,,          NaN,,,,          NaN,         NaN
,,,          NaN,,,,          NaN,         NaN
,,,          NaN,,,,          NaN,         NaN
,,,          NaN,,,,          NaN,         NaN
,,,          NaN,,,,          NaN,         NaN
,,,          NaN,,,,          NaN,         NaN
,,,          NaN,,,,          NaN,         NaN
,,,          NaN,,,,          NaN,         NaN
,,,          NaN,,,,          NaN,         NaN
,,,          NaN,,,,          NaN,         NaN
,,,          NaN,,,,          NaN,         NaN
,,,          NaN,,,,          NaN,         NaN
,,,          NaN,,,,          NaN,         NaN
,,,          NaN,,,,          NaN,         NaN
,,,          NaN,,,,          NaN,         NaN
,,,          NaN,,,,          NaN,         NaN
,,,          NaN,,,,          NaN,         NaN
,,,          NaN,,,,          NaN,         NaN
,,,          NaN,,,,          NaN,         NaN
,,,          NaN,,,,          NaN,         NaN
,,,          NaN,,,,          NaN,         NaN
,,,          NaN,,,,          NaN,         NaN
,,,          NaN,,,,          NaN,         NaN
,,,          NaN,,,,          NaN,         NaN
,,,          NaN,,,,          NaN,         NaN
,,,          NaN,,,,          NaN,         NaN
,,,          NaN,,,,          NaN,         NaN
,,,          NaN,,,,          NaN,         NaN
,,,          NaN,,,,          NaN,         NaN
,,,          NaN,,,,          NaN,         NaN
,,,          NaN,,,,          NaN,         NaN
,,,          NaN,,,,          NaN,         NaN
,,,          NaN,,,,          NaN,         NaN
,,,          NaN,,,,          NaN,         NaN
,,,          NaN,,,,          NaN,         NaN
,,,          NaN,,,,          NaN,         NaN
,,,          NaN,,,,          NaN,         NaN
,,,          NaN,,,,          NaN,         NaN
,,,          NaN,,,,          NaN,         NaN
,,,          NaN,,,,          NaN,         NaN
,,,          NaN,,,,          NaN,         NaN
,,,          NaN,,,,          NaN,         NaN
,,,          NaN,,,,          NaN,         NaN
,,,          NaN,,,,          NaN,         NaN
,,,          NaN,,,,          NaN,         NaN
,,,          NaN,,,,          NaN,         NaN
,,,          NaN,,,,          NaN,         NaN
,,,          NaN,,,,          NaN,         NaN
,,,          NaN,,,,          NaN,         NaN
,,,          NaN,,,,          NaN,         NaN
,,,          NaN,,,,          NaN,         NaN
,,,          NaN,,,,          NaN,         NaN
,,,          NaN,,,,          NaN,         NaN
,,,          NaN,,,,          NaN,         NaN
,,,          NaN,,,,          NaN,         NaN
,,,          NaN,,,,          NaN,         NaN
,,,          NaN,,,,          NaN,         NaN
,,,          NaN,,,,          NaN,         NaN
,,,          NaN,,,,          NaN,         NaN
,,,          NaN,,,,          NaN,         NaN
,,,          NaN,,,,          NaN,         NaN
,,,          NaN,,,,          NaN,         NaN
,,,          NaN,,,,          NaN,         NaN
,,,          NaN,,,,          NaN,         NaN
,,,          NaN,,,,          NaN,         NaN
,,,          NaN,,,,          NaN,         NaN
,,,          NaN,,,,          NaN,         NaN
,,,          NaN,,,,          NaN,         NaN
,,,          NaN,,,,          NaN,         NaN
,,,          NaN,,,,          NaN,         NaN
,,,          NaN,,,,          NaN,         NaN
,,,          NaN,,,,          NaN,         NaN
,,,          NaN,,,,          NaN,         NaN
,,,          NaN,,,,          NaN,         NaN
,,,          NaN,,,,          NaN,         NaN
,,,          NaN,,,,          NaN,         NaN
,,,          NaN,,,,          NaN,         NaN
,,,          NaN,,,,          NaN,         NaN
,,,          NaN,,,,          NaN,         NaN
,,,          NaN,,,,          NaN,         NaN
,,,          NaN,,,,          NaN,         NaN
,,,          NaN,,,,          NaN,         NaN
,,,          NaN,,,,          NaN,         NaN
,,,          NaN,,,,          NaN,         NaN
,,,          NaN,,,,          NaN,         NaN
,,,          NaN,,,,          NaN,         NaN
,,,          NaN,,,,          NaN,         NaN
,,,          NaN,,,,          NaN,         NaN
,,,          NaN,,,,          NaN,         NaN
,,,          NaN,,,,          NaN,         NaN
,,,          NaN,,,,          NaN,         NaN
,,,          NaN,,,,          NaN,         NaN
,,,          NaN,,,,          NaN,         NaN
,,,          NaN,,,,          NaN,         NaN
,,,          NaN,,,,          NaN,         NaN
,,,          NaN,,,,          NaN,         NaN
,,,          NaN,,,,          NaN,         NaN
,,,          NaN,,,,          NaN,         NaN
,,,          NaN,,,,          NaN,         NaN
,,,          NaN,,,,          NaN,         NaN
,,,          NaN,,,,          NaN,         NaN
,,,          NaN,,,,          NaN,         NaN
,,,          NaN,,,,          NaN,         NaN
,,,          NaN,,,,          NaN,         NaN
,,,          NaN,,,,          NaN,         NaN
,,,          NaN,,,,          NaN,         NaN
,,,          NaN,,,,          NaN,         NaN
,,,          NaN,,,,          NaN,         NaN
,,,          NaN,,,,          NaN,         NaN
,,,          NaN,,,,          NaN,         NaN
,,,          NaN,,,,          NaN,         NaN
,,,          NaN,,,,          NaN,         NaN
,,,          NaN,,,,          NaN,         NaN
,,,          NaN,,,,          NaN,         NaN
,,,          NaN,,,,          NaN,         NaN
,,,          NaN,,,,          NaN,         NaN
,,,          NaN,,,,          NaN,         NaN
,,,          NaN,,,,          NaN,         NaN
,,,          NaN,,,,          NaN,         NaN
,,,          NaN,,,,          NaN,         NaN
,,,          NaN,,,,          NaN,         NaN
,,,          NaN,,,,          NaN,         NaN
,,,          NaN,,,,          NaN,         NaN
,,,          NaN,,,,          NaN,         NaN
,,,          NaN,,,,          NaN,         NaN
,,,          NaN,,,,          NaN,         NaN
,,,          NaN,,,,          NaN,         NaN
,,,          NaN,,,,          NaN,         NaN
,,,          NaN,,,,          NaN,         NaN
,,,          NaN,,,,          NaN,         NaN
,,,          NaN,,,,          NaN,         NaN
,,,          NaN,,,,          NaN,         NaN
,,,          NaN,,,,          NaN,         NaN
,,,          NaN,,,,          NaN,         NaN
,,,          NaN,,,,          NaN,         NaN
,,,          NaN,,,,          NaN,         NaN
,,,          NaN,,,,          NaN,         NaN
,,,          NaN,,,,          NaN,         NaN
,,,          NaN,,,,          NaN,         NaN
,,,          NaN,,,,          NaN,         NaN
,,,          NaN,,,,          NaN,         NaN
,,,          NaN,,,,          NaN,         NaN
,,,          NaN,,,,          NaN,         NaN
,,,          NaN,,,,          NaN,         NaN
,,,          NaN,,,,          NaN,         NaN
,,,          NaN,,,,          NaN,         NaN
,,,          NaN,,,,          NaN,         NaN
,,,          NaN,,,,          NaN,         NaN
,,,          NaN,,,,          NaN,         NaN
,,,          NaN,,,,          NaN,         NaN
,,,          NaN,,,,          NaN,         NaN
,,,          NaN,,,,          NaN,         NaN
,,,          NaN,,,,          NaN,         NaN
,,,          NaN,,,,          NaN,         NaN
,,,          NaN,,,,          NaN,         NaN
,,,          NaN,,,,          NaN,         NaN
,,,          NaN,,,,          NaN,         NaN
,,,          NaN,,,,          NaN,         NaN
,,,          NaN,,,,          NaN,         NaN
,,,          NaN,,,,          NaN,         NaN
,,,          NaN,,,,          NaN,         NaN
,,,          NaN,,,,          NaN,         NaN
,,,          NaN,,,,          NaN,         NaN
,,,          NaN,,,,          NaN,         NaN
,,,          NaN,,,,          NaN,         NaN
,,,          NaN,,,,          NaN,         NaN
,,,          NaN,,,,          NaN,         NaN
,,,          NaN,,,,          NaN,         NaN
,,,          NaN,,,,          NaN,         NaN
,,,          NaN,,,,          NaN,         NaN
,,,          NaN,,,,          NaN,         NaN
,,,          NaN,,,,          NaN,         NaN
,,,          NaN,,,,          NaN,         NaN
,,,          NaN,,,,          NaN,         NaN
,,,          NaN,,,,          NaN,         NaN
,,,          NaN,,,,          NaN,         NaN
,,,          NaN,,,,          NaN,         NaN
,,,          NaN,,,,          NaN,         NaN
,,,          NaN,,,,          NaN,         NaN
,,,          NaN,,,,          NaN,         NaN
,,,          NaN,,,,          NaN,         NaN
,,,          NaN,,,,          NaN,         NaN
,,,          NaN,,,,          NaN,         NaN
,,,          NaN,,,,          NaN,         NaN
,,,          NaN,,,,          NaN,         NaN
,,,          NaN,,,,          NaN,         NaN
,,,          NaN,,,,          NaN,         NaN
,,,          NaN,,,,          NaN,         NaN
,,,          NaN,,,,          NaN,         NaN
,,,          NaN,,,,          NaN,         NaN
,,,          NaN,,,,          NaN,         NaN
,,,          NaN,,,,          NaN,         NaN
,,,          NaN,,,,          NaN,         NaN
,,,          NaN,,,,          NaN,         NaN
,,,          NaN,,,,          NaN,         NaN
,,,          NaN,,,,          NaN,         NaN
,,,          NaN,,,,          NaN,         NaN
,,,          NaN,,,,          NaN,         NaN
,,,          NaN,,,,          NaN,         NaN
,,,          NaN,,,,          NaN,         NaN
,,,          NaN,,,,          NaN,         NaN
,,,          NaN,,,,          NaN,         NaN
,,,          NaN,,,,          NaN,         NaN
,,,          NaN,,,,          NaN,         NaN
,,,          NaN,,,,          NaN,         NaN
,,,          NaN,,,,          NaN,         NaN
,,,          NaN,,,,          NaN,         NaN
,,,          NaN,,,,          NaN,         NaN
,,,          NaN,,,,          NaN,         NaN
,,,          NaN,,,,          NaN,         NaN
,,,          NaN,,,,          NaN,         NaN
,,,          NaN,,,,          NaN,         NaN
,,,          NaN,,,,          NaN,         NaN
,,,          NaN,,,,          NaN,         NaN
,,,          NaN,,,,          NaN,         NaN
,,,          NaN,,,,          NaN,         NaN
,,,          NaN,,,,          NaN,         NaN
,,,          NaN,,,,          NaN,         NaN
,,,          NaN,,,,          NaN,         NaN
,,,          NaN,,,,          NaN,         NaN
,,,          NaN,,,,          NaN,         NaN
,,,          NaN,,,,          NaN,         NaN
,,,          NaN,,,,          NaN,         NaN
,,,          NaN,,,,          NaN,         NaN
,,,          NaN,,,,          NaN,         NaN
,,,          NaN,,,,          NaN,         NaN
,,,          NaN,,,,          NaN,         NaN
,,,          NaN,,,,          NaN,         NaN
,,,          NaN,,,,          NaN,         NaN
,,,          NaN,,,,          NaN,         NaN
,,,          NaN,,,,          NaN,         NaN
,,,          NaN,,,,          NaN,         NaN
,,,          NaN,,,,          NaN,         NaN
,,,          NaN,,,,          NaN,         NaN
,,,          NaN,,,,          NaN,         NaN
,,,          NaN,,,,          NaN,         NaN
,,,          NaN,,,,          NaN,         NaN
,,,          NaN,,,,          NaN,         NaN
,,,          NaN,,,,          NaN,         NaN
,,,          NaN,,,,          NaN,         NaN
,,,          NaN,,,,          NaN,         NaN
,,,          NaN,,,,          NaN,         NaN
,,,          NaN,,,,          NaN,         NaN
,,,          NaN,,,,          NaN,         NaN
,,,          NaN,,,,          NaN,         NaN
,,,          NaN,,,,          NaN,         NaN
,,,          NaN,,,,          NaN,         NaN
,,,          NaN,,,,          NaN,         NaN
,,,          NaN,,,,          NaN,         NaN
,,,          NaN,,,,          NaN,         NaN
,,,          NaN,,,,          NaN,         NaN
,,,          NaN,,,,          NaN,         NaN
,,,          NaN,,,,          NaN,         NaN
,,,          NaN,,,,          NaN,         NaN
,,,          NaN,,,,          NaN,         NaN
,,,          NaN,,,,          NaN,         NaN
,,,          NaN,,,,          NaN,         NaN
,,,          NaN,,,,          NaN,         NaN
,,,          NaN,,,,          NaN,         NaN
,,,          NaN,,,,          NaN,         NaN
,,,          NaN,,,,          NaN,         NaN
,,,          NaN,,,,          NaN,         NaN
,,,          NaN,,,,          NaN,         NaN
,,,          NaN,,,,          NaN,         NaN
,,,          NaN,,,,          NaN,         NaN
,,,          NaN,,,,          NaN,         NaN
,,,          NaN,,,,          NaN,         NaN
,,,          NaN,,,,          NaN,         NaN
,,,          NaN,,,,          NaN,         NaN
,,,          NaN,,,,          NaN,         NaN
,,,          NaN,,,,          NaN,         NaN
,,,          NaN,,,,          NaN,         NaN
,,,          NaN,,,,          NaN,         NaN
,,,          NaN,,,,          NaN,         NaN
,,,          NaN,,,,          NaN,         NaN
,,,          NaN,,,,          NaN,         NaN
,,,          NaN,,,,          NaN,         NaN
,,,          NaN,,,,          NaN,         NaN
,,,          NaN,,,,          NaN,         NaN
,,,          NaN,,,,          NaN,         NaN
,,,          NaN,,,,          NaN,         NaN
,,,          NaN,,,,          NaN,         NaN
,,,          NaN,,,,          NaN,         NaN
,,,          NaN,,,,          NaN,         NaN
,,,          NaN,,,,          NaN,         NaN
,,,          NaN,,,,          NaN,         NaN
,,,          NaN,,,,          NaN,         NaN
,,,          NaN,,,,          NaN,         NaN
,,,          NaN,,,,          NaN,         NaN
,,,          NaN,,,,          NaN,         NaN
,,,          NaN,,,,          NaN,         NaN
,,,          NaN,,,,          NaN,         NaN
,,,          NaN,,,,          NaN,         NaN
,,,          NaN,,,,          NaN,         NaN
,,,          NaN,,,,          NaN,         NaN
,,,          NaN,,,,          NaN,         NaN
,,,          NaN,,,,          NaN,         NaN
,,,          NaN,,,,          NaN,         NaN
,,,          NaN,,,,          NaN,         NaN
,,,          NaN,,,,          NaN,         NaN
,,,          NaN,,,,          NaN,         NaN
,,,          NaN,,,,          NaN,         NaN
,,,          NaN,,,,          NaN,         NaN
,,,          NaN,,,,          NaN,         NaN
,,,          NaN,,,,          NaN,         NaN
,,,          NaN,,,,          NaN,         NaN
,,,          NaN,,,,          NaN,         NaN
,,,          NaN,,,,          NaN,         NaN
,,,          NaN,,,,          NaN,         NaN
,,,          NaN,,,,          NaN,         NaN
,,,          NaN,,,,          NaN,         NaN
,,,          NaN,,,,          NaN,         NaN
,,,          NaN,,,,          NaN,         NaN
,,,          NaN,,,,          NaN,         NaN
,,,          NaN,,,,          NaN,         NaN
,,,          NaN,,,,          NaN,         NaN
,,,          NaN,,,,          NaN,         NaN
,,,          NaN,,,,          NaN,         NaN
,,,          NaN,,,,          NaN,         NaN
,,,          NaN,,,,          NaN,         NaN
,,,          NaN,,,,          NaN,         NaN
,,,          NaN,,,,          NaN,         NaN
,,,          NaN,,,,          NaN,         NaN
,,,          NaN,,,,          NaN,         NaN
,,,          NaN,,,,          NaN,         NaN
,,,          NaN,,,,          NaN,         NaN
,,,          NaN,,,,          NaN,         NaN
,,,          NaN,,,,          NaN,         NaN
,,,          NaN,,,,          NaN,         NaN
,,,          NaN,,,,          NaN,         NaN
,,,          NaN,,,,          NaN,         NaN
,,,          NaN,,,,          NaN,         NaN
,,,          NaN,,,,          NaN,         NaN
,,,          NaN,,,,          NaN,         NaN
,,,          NaN,,,,          NaN,         NaN
,,,          NaN,,,,          NaN,         NaN
,,,          NaN,,,,          NaN,         NaN
,,,          NaN,,,,          NaN,         NaN
,,,          NaN,,,,          NaN,         NaN
,,,          NaN,,,,          NaN,         NaN
,,,          NaN,,,,          NaN,         NaN
,,,          NaN,,,,          NaN,         NaN
,,,          NaN,,,,          NaN,         NaN
,,,          NaN,,,,          NaN,         NaN
,,,          NaN,,,,          NaN,         NaN
,,,          NaN,,,,          NaN,         NaN
,,,          NaN,,,,          NaN,         NaN
,,,          NaN,,,,          NaN,         NaN
,,,          NaN,,,,          NaN,         NaN
,,,          NaN,,,,          NaN,         NaN
,,,          NaN,,,,          NaN,         NaN
,,,          NaN,,,,          NaN,         NaN
,,,          NaN,,,,          NaN,         NaN
,,,          NaN,,,,          NaN,         NaN
,,,          NaN,,,,          NaN,         NaN
,,,          NaN,,,,          NaN,         NaN
,,,          NaN,,,,          NaN,         NaN
,,,          NaN,,,,          NaN,         NaN
,,,          NaN,,,,          NaN,         NaN
,,,          NaN,,,,          NaN,         NaN
,,,          NaN,,,,          NaN,         NaN
,,,          NaN,,,,          NaN,         NaN
,,,          NaN,,,,          NaN,         NaN
,,,          NaN,,,,          NaN,         NaN
,,,          NaN,,,,          NaN,         NaN
,,,          NaN,,,,          NaN,         NaN
,,,          NaN,,,,          NaN,         NaN
,,,          NaN,,,,          NaN,         NaN
,,,          NaN,,,,          NaN,         NaN
,,,          NaN,,,,          NaN,         NaN
,,,          NaN,,,,          NaN,         NaN
,,,          NaN,,,,          NaN,         NaN
,,,          NaN,,,,          NaN,         NaN
,,,          NaN,,,,          NaN,         NaN
,,,          NaN,,,,          NaN,         NaN
,,,          NaN,,,,          NaN,         NaN
,,,          NaN,,,,          NaN,         NaN
,,,          NaN,,,,          NaN,         NaN
,,,          NaN,,,,          NaN,         NaN
,,,          NaN,,,,          NaN,         NaN
,,,          NaN,,,,          NaN,         NaN
,,,          NaN,,,,          NaN,         NaN
,,,          NaN,,,,          NaN,         NaN
,,,          NaN,,,,          NaN,         NaN
,,,          NaN,,,,          NaN,         NaN
,,,          NaN,,,,          NaN,         NaN
,,,          NaN,,,,          NaN,         NaN
,,,          NaN,,,,          NaN,         NaN
,,,          NaN,,,,          NaN,         NaN
,,,          NaN,,,,          NaN,         NaN
,,,          NaN,,,,          NaN,         NaN
,,,          NaN,,,,          NaN,         NaN
,,,          NaN,,,,          NaN,         NaN
,,,          NaN,,,,          NaN,         NaN
,,,          NaN,,,,          NaN,         NaN
,,,          NaN,,,,          NaN,         NaN
,,,          NaN,,,,          NaN,         NaN
,,,          NaN,,,,          NaN,         NaN
,,,          NaN,,,,          NaN,         NaN
,,,          NaN,,,,          NaN,         NaN
,,,          NaN,,,,          NaN,         NaN
,,,          NaN,,,,          NaN,         NaN
,,,          NaN,,,,          NaN,         NaN
,,,          NaN,,,,          NaN,         NaN
,,,          NaN,,,,          NaN,         NaN
,,,          NaN,,,,          NaN,         NaN
,,,          NaN,,,,          NaN,         NaN
,,,          NaN,,,,          NaN,         NaN
,,,          NaN,,,,          NaN,         NaN
,,,          NaN,,,,          NaN,         NaN
,,,          NaN,,,,          NaN,         NaN
,,,          NaN,,,,          NaN,         NaN
,,,          NaN,,,,          NaN,         NaN
,,,          NaN,,,,          NaN,         NaN
,,,          NaN,,,,          NaN,         NaN
,,,          NaN,,,,          NaN,         NaN
,,,          NaN,,,,          NaN,         NaN
,,,          NaN,,,,          NaN,         NaN
,,,          NaN,,,,          NaN,         NaN
,,,          NaN,,,,          NaN,         NaN
,,,          NaN,,,,          NaN,         NaN
,,,          NaN,,,,          NaN,         NaN
,,,          NaN,,,,          NaN,         NaN
,,,          NaN,,,,          NaN,         NaN
,,,          NaN,,,,          NaN,         NaN
,,,          NaN,,,,          NaN,         NaN
,,,          NaN,,,,          NaN,         NaN
,,,          NaN,,,,          NaN,         NaN
,,,          NaN,,,,          NaN,         NaN
,,,          NaN,,,,          NaN,         NaN
,,,          NaN,,,,          NaN,         NaN
,,,          NaN,,,,          NaN,         NaN
,,,          NaN,,,,          NaN,         NaN
,,,          NaN,,,,          NaN,         NaN
,,,          NaN,,,,          NaN,         NaN
,,,          NaN,,,,          NaN,         NaN
,,,          NaN,,,,          NaN,         NaN
,,,          NaN,,,,          NaN,         NaN
,,,          NaN,,,,          NaN,         NaN
,,,          NaN,,,,          NaN,         NaN
,,,          NaN,,,,          NaN,         NaN
,,,          NaN,,,,          NaN,         NaN
,,,          NaN,,,,          NaN,         NaN
,,,          NaN,,,,          NaN,         NaN
,,,          NaN,,,,          NaN,         NaN
,,,          NaN,,,,          NaN,         NaN
,,,          NaN,,,,          NaN,         NaN
,,,          NaN,,,,          NaN,         NaN
,,,          NaN,,,,          NaN,         NaN
,,,          NaN,,,,          NaN,         NaN
,,,          NaN,,,,          NaN,         NaN
,,,          NaN,,,,          NaN,         NaN
,,,          NaN,,,,          NaN,         NaN
,,,          NaN,,,,          NaN,         NaN
,,,          NaN,,,,          NaN,         NaN
,,,          NaN,,,,          NaN,         NaN
,,,          NaN,,,,          NaN,         NaN
,,,          NaN,,,,          NaN,         NaN
,,,          NaN,,,,          NaN,         NaN
,,,          NaN,,,,          NaN,         NaN
,,,          NaN,,,,          NaN,         NaN
,,,          NaN,,,,          NaN,         NaN
,,,          NaN,,,,          NaN,         NaN
,,,          NaN,,,,          NaN,         NaN
,,,          NaN,,,,          NaN,         NaN
,,,          NaN,,,,          NaN,         NaN
,,,          NaN,,,,          NaN,         NaN
,,,          NaN,,,,          NaN,         NaN
,,,          NaN,,,,          NaN,         NaN
,,,          NaN,,,,          NaN,         NaN
,,,          NaN,,,,          NaN,         NaN
,,,          NaN,,,,          NaN,         NaN
,,,          NaN,,,,          NaN,         NaN
,,,          NaN,,,,          NaN,         NaN
,,,          NaN,,,,          NaN,         NaN
,,,          NaN,,,,          NaN,         NaN
,,,          NaN,,,,          NaN,         NaN
,,,          NaN,,,,          NaN,         NaN
,,,          NaN,,,,          NaN,         NaN
,,,          NaN,,,,          NaN,         NaN
,,,          NaN,,,,          NaN,         NaN
,,,          NaN,,,,          NaN,         NaN
,,,          NaN,,,,          NaN,         NaN
,,,          NaN,,,,          NaN,         NaN
,,,          NaN,,,,          NaN,         NaN
,,,          NaN,,,,          NaN,         NaN
,,,          NaN,,,,          NaN,         NaN
,,,          NaN,,,,          NaN,         NaN
,,,          NaN,,,,          NaN,         NaN
,,,          NaN,,,,          NaN,         NaN
,,,          NaN,,,,          NaN,         NaN
,,,          NaN,,,,          NaN,         NaN
,,,          NaN,,,,          NaN,         NaN
,,,          NaN,,,,          NaN,         NaN
,,,          NaN,,,,          NaN,         NaN
,,,          NaN,,,,          NaN,         NaN
,,,          NaN,,,,          NaN,         NaN
,,,          NaN,,,,          NaN,         NaN
,,,          NaN,,,,          NaN,         NaN
,,,          NaN,,,,          NaN,         NaN
,,,          NaN,,,,          NaN,         NaN
,,,          NaN,,,,          NaN,         NaN
,,,          NaN,,,,          NaN,         NaN
,,,          NaN,,,,          NaN,         NaN
,,,          NaN,,,,          NaN,         NaN
,,,          NaN,,,,          NaN,         NaN
,,,          NaN,,,,          NaN,         NaN
,,,          NaN,,,,          NaN,         NaN
,,,          NaN,,,,          NaN,         NaN
,,,          NaN,,,,          NaN,         NaN
,,,          NaN,,,,          NaN,         NaN
,,,          NaN,,,,          NaN,         NaN
,,,          NaN,,,,          NaN,         NaN
,,,          NaN,,,,          NaN,         NaN
,,,          NaN,,,,          NaN,         NaN
,,,          NaN,,,,          NaN,         NaN
,,,          NaN,,,,          NaN,         NaN
,,,          NaN,,,,          NaN,         NaN
,,,          NaN,,,,          NaN,         NaN
,,,          NaN,,,,          NaN,         NaN
,,,          NaN,,,,          NaN,         NaN
,,,          NaN,,,,          NaN,         NaN
,,,          NaN,,,,          NaN,         NaN
,,,          NaN,,,,          NaN,         NaN
,,,          NaN,,,,          NaN,         NaN
,,,          NaN,,,,          NaN,         NaN
,,,          NaN,,,,          NaN,         NaN
,,,          NaN,,,,          NaN,         NaN
,,,          NaN,,,,          NaN,         NaN
,,,          NaN,,,,          NaN,         NaN
,,,          NaN,,,,          NaN,         NaN
,,,          NaN,,,,          NaN,         NaN
,,,          NaN,,,,          NaN,         NaN
,,,          NaN,,,,          NaN,         NaN
,,,          NaN,,,,          NaN,         NaN
,,,          NaN,,,,          NaN,         NaN
,,,          NaN,,,,          NaN,         NaN
,,,          NaN,,,,          NaN,         NaN
,,,          NaN,,,,          NaN,         NaN
,,,          NaN,,,,          NaN,         NaN
,,,          NaN,,,,          NaN,         NaN
,,,          NaN,,,,          NaN,         NaN
,,,          NaN,,,,          NaN,         NaN
,,,          NaN,,,,          NaN,         NaN
,,,          NaN,,,,          NaN,         NaN
,,,          NaN,,,,          NaN,         NaN
,,,          NaN,,,,          NaN,         NaN
,,,          NaN,,,,          NaN,         NaN
,,,          NaN,,,,          NaN,         NaN
,,,          NaN,,,,          NaN,         NaN
,,,          NaN,,,,          NaN,         NaN
,,,          NaN,,,,          NaN,         NaN
,,,          NaN,,,,          NaN,         NaN
,,,          NaN,,,,          NaN,         NaN
,,,          NaN,,,,          NaN,         NaN
,,,          NaN,,,,          NaN,         NaN
,,,          NaN,,,,          NaN,         NaN
,,,          NaN,,,,          NaN,         NaN
,,,          NaN,,,,          NaN,         NaN
,,,          NaN,,,,          NaN,         NaN
,,,          NaN,,,,          NaN,         NaN
,,,          NaN,,,,          NaN,         NaN
,,,          NaN,,,,          NaN,         NaN
,,,          NaN,,,,          NaN,         NaN
,,,          NaN,,,,          NaN,         NaN
,,,          NaN,,,,          NaN,         NaN
,,,          NaN,,,,          NaN,         NaN
,,,          NaN,,,,          NaN,         NaN
,,,          NaN,,,,          NaN,         NaN
,,,          NaN,,,,          NaN,         NaN
,,,          NaN,,,,          NaN,         NaN
,,,          NaN,,,,          NaN,         NaN
,,,          NaN,,,,          NaN,         NaN
,,,          NaN,,,,          NaN,         NaN
,,,          NaN,,,,          NaN,         NaN
,,,          NaN,,,,          NaN,         NaN
,,,          NaN,,,,          NaN,         NaN
,,,          NaN,,,,          NaN,         NaN
,,,          NaN,,,,          NaN,         NaN
,,,          NaN,,,,          NaN,         NaN
,,,          NaN,,,,          NaN,         NaN
,,,          NaN,,,,          NaN,         NaN
,,,          NaN,,,,          NaN,         NaN
,,,          NaN,,,,          NaN,         NaN
,,,          NaN,,,,          NaN,         NaN
,,,          NaN,,,,          NaN,         NaN
,,,          NaN,,,,          NaN,         NaN
,,,          NaN,,,,          NaN,         NaN
,,,          NaN,,,,          NaN,         NaN
,,,          NaN,,,,          NaN,         NaN
,,,          NaN,,,,          NaN,         NaN
,,,          NaN,,,,          NaN,         NaN
,,,          NaN,,,,          NaN,         NaN
,,,          NaN,,,,          NaN,         NaN
,,,          NaN,,,,          NaN,         NaN
,,,          NaN,,,,          NaN,         NaN
,,,          NaN,,,,          NaN,         NaN
,,,          NaN,,,,          NaN,         NaN
,,,          NaN,,,,          NaN,         NaN
,,,          NaN,,,,          NaN,         NaN
,,,          NaN,,,,          NaN,         NaN
,,,          NaN,,,,          NaN,         NaN
,,,          NaN,,,,          NaN,         NaN
,,,          NaN,,,,          NaN,         NaN
,,,          NaN,,,,          NaN,         NaN
,,,          NaN,,,,          NaN,         NaN
,,,          NaN,,,,          NaN,         NaN
,,,          NaN,,,,          NaN,         NaN
,,,          NaN,,,,          NaN,         NaN
,,,          NaN,,,,          NaN,         NaN
,,,          NaN,,,,          NaN,         NaN
,,,          NaN,,,,          NaN,         NaN
,,,          NaN,,,,          NaN,         NaN
,,,          NaN,,,,          NaN,         NaN
,,,          NaN,,,,          NaN,         NaN
,,,          NaN,,,,          NaN,         NaN
,,,          NaN,,,,          NaN,         NaN
,,,          NaN,,,,          NaN,         NaN
,,,          NaN,,,,          NaN,         NaN
,,,          NaN,,,,          NaN,         NaN
,,,          NaN,,,,          NaN,         NaN
,,,          NaN,,,,          NaN,         NaN
,,,          NaN,,,,          NaN,         NaN
,,,          NaN,,,,          NaN,         NaN
,,,          NaN,,,,          NaN,         NaN
,,,          NaN,,,,          NaN,         NaN
,,,          NaN,,,,          NaN,         NaN
,,,          NaN,,,,          NaN,         NaN
,,,          NaN,,,,          NaN,         NaN
,,,          NaN,,,,          NaN,         NaN
,,,          NaN,,,,          NaN,         NaN
,,,          NaN,,,,          NaN,         NaN
,,,          NaN,,,,          NaN,         NaN
,,,          NaN,,,,          NaN,         NaN
,,,          NaN,,,,          NaN,         NaN
,,,          NaN,,,,          NaN,         NaN
,,,          NaN,,,,          NaN,         NaN
,,,          NaN,,,,          NaN,         NaN
,,,          NaN,,,,          NaN,         NaN
,,,          NaN,,,,          NaN,         NaN
,,,          NaN,,,,          NaN,         NaN
,,,          NaN,,,,          NaN,         NaN
,,,          NaN,,,,          NaN,         NaN
,,,          NaN,,,,          NaN,         NaN
,,,          NaN,,,,          NaN,         NaN
,,,          NaN,,,,          NaN,         NaN
,,,          NaN,,,,          NaN,         NaN
,,,          NaN,,,,          NaN,         NaN
,,,          NaN,,,,          NaN,         NaN
,,,          NaN,,,,          NaN,         NaN
,,,          NaN,,,,          NaN,         NaN
,,,          NaN,,,,          NaN,         NaN
,,,          NaN,,,,          NaN,         NaN
,,,          NaN,,,,          NaN,         NaN
,,,          NaN,,,,          NaN,         NaN
,,,          NaN,,,,          NaN,         NaN
,,,          NaN,,,,          NaN,         NaN
,,,          NaN,,,,          NaN,         NaN
,,,          NaN,,,,          NaN,         NaN
,,,          NaN,,,,          NaN,         NaN
,,,          NaN,,,,          NaN,         NaN
,,,          NaN,,,,          NaN,         NaN
,,,          NaN,,,,          NaN,         NaN
,,,          NaN,,,,          NaN,         NaN
,,,          NaN,,,,          NaN,         NaN
,,,          NaN,,,,          NaN,         NaN
,,,          NaN,,,,          NaN,         NaN
,,,          NaN,,,,          NaN,         NaN
,,,          NaN,,,,          NaN,         NaN
,,,          NaN,,,,          NaN,         NaN
,,,          NaN,,,,          NaN,         NaN
,,,          NaN,,,,          NaN,         NaN
,,,          NaN,,,,          NaN,         NaN
,,,          NaN,,,,          NaN,         NaN
,,,          NaN,,,,          NaN,         NaN
,,,          NaN,,,,          NaN,         NaN
,,,          NaN,,,,          NaN,         NaN
,,,          NaN,,,,          NaN,         NaN
,,,          NaN,,,,          NaN,         NaN
,,,          NaN,,,,          NaN,         NaN
,,,          NaN,,,,          NaN,         NaN
,,,          NaN,,,,          NaN,         NaN
,,,          NaN,,,,          NaN,         NaN
,,,          NaN,,,,          NaN,         NaN
,,,          NaN,,,,          NaN,         NaN
,,,          NaN,,,,          NaN,         NaN
,,,          NaN,,,,          NaN,         NaN
,,,          NaN,,,,          NaN,         NaN
,,,          NaN,,,,          NaN,         NaN
,,,          NaN,,,,          NaN,         NaN
,,,          NaN,,,,          NaN,         NaN
,,,          NaN,,,,          NaN,         NaN
,,,          NaN,,,,          NaN,         NaN
,,,          NaN,,,,          NaN,         NaN
,,,          NaN,,,,          NaN,         NaN
,,,          NaN,,,,          NaN,         NaN
,,,          NaN,,,,          NaN,         NaN
,,,          NaN,,,,          NaN,         NaN
,,,          NaN,,,,          NaN,         NaN
,,,          NaN,,,,          NaN,         NaN
,,,          NaN,,,,          NaN,         NaN
,,,          NaN,,,,          NaN,         NaN
,,,          NaN,,,,          NaN,         NaN
,,,          NaN,,,,          NaN,         NaN
,,,          NaN,,,,          NaN,         NaN
,,,          NaN,,,,          NaN,         NaN
,,,          NaN,,,,          NaN,         NaN
,,,          NaN,,,,          NaN,         NaN
,,,          NaN,,,,          NaN,         NaN
,,,          NaN,,,,          NaN,         NaN
,,,          NaN,,,,          NaN,         NaN
,,,          NaN,,,,          NaN,         NaN
,,,          NaN,,,,          NaN,         NaN
,,,          NaN,,,,          NaN,         NaN
,,,          NaN,,,,          NaN,         NaN
,,,          NaN,,,,          NaN,         NaN
,,,          NaN,,,,          NaN,         NaN
,,,          NaN,,,,          NaN,         NaN
,,,          NaN,,,,          NaN,         NaN
,,,          NaN,,,,          NaN,         NaN
,,,          NaN,,,,          NaN,         NaN
,,,          NaN,,,,          NaN,         NaN
,,,          NaN,,,,          NaN,         NaN
,,,          NaN,,,,          NaN,         NaN
,,,          NaN,,,,          NaN,         NaN
,,,          NaN,,,,          NaN,         NaN
,,,          NaN,,,,          NaN,         NaN
,,,          NaN,,,,          NaN,         NaN
,,,          NaN,,,,          NaN,         NaN
,,,          NaN,,,,          NaN,         NaN
,,,          NaN,,,,          NaN,         NaN
,,,          NaN,,,,          NaN,         NaN
,,,          NaN,,,,          NaN,         NaN
,,,          NaN,,,,          NaN,         NaN
,,,          NaN,,,,          NaN,         NaN
,,,          NaN,,,,          NaN,         NaN
,,,          NaN,,,,          NaN,         NaN
,,,          NaN,,,,          NaN,         NaN
,,,          NaN,,,,          NaN,         NaN
,,,          NaN,,,,          NaN,         NaN
,,,          NaN,,,,          NaN,         NaN
,,,          NaN,,,,          NaN,         NaN
,,,          NaN,,,,          NaN,         NaN
,,,          NaN,,,,          NaN,         NaN
,,,          NaN,,,,          NaN,         NaN
,,,          NaN,,,,          NaN,         NaN
,,,          NaN,,,,          NaN,         NaN
,,,          NaN,,,,          NaN,         NaN
,,,          NaN,,,,          NaN,         NaN
,,,          NaN,,,,          NaN,         NaN
,,,          NaN,,,,          NaN,         NaN
,,,          NaN,,,,          NaN,         NaN
,,,          NaN,,,,          NaN,         NaN
,,,          NaN,,,,          NaN,         NaN
,,,          NaN,,,,          NaN,         NaN
,,,          NaN,,,,          NaN,         NaN
,,,          NaN,,,,          NaN,         NaN
,,,          NaN,,,,          NaN,         NaN
,,,          NaN,,,,          NaN,         NaN
,,,          NaN,,,,          NaN,         NaN
,,,          NaN,,,,          NaN,         NaN
,,,          NaN,,,,          NaN,         NaN
,,,          NaN,,,,          NaN,         NaN
,,,          NaN,,,,          NaN,         NaN
,,,          NaN,,,,          NaN,         NaN
,,,          NaN,,,,          NaN,         NaN
,,,          NaN,,,,          NaN,         NaN
,,,          NaN,,,,          NaN,         NaN
,,,          NaN,,,,          NaN,         NaN
,,,          NaN,,,,          NaN,         NaN
,,,          NaN,,,,          NaN,         NaN
,,,          NaN,,,,          NaN,         NaN
,,,          NaN,,,,          NaN,         NaN
,,,          NaN,,,,          NaN,         NaN
,,,          NaN,,,,          NaN,         NaN
,,,          NaN,,,,          NaN,         NaN
,,,          NaN,,,,          NaN,         NaN
,,,          NaN,,,,          NaN,         NaN
,,,          NaN,,,,          NaN,         NaN
,,,          NaN,,,,          NaN,         NaN
,,,          NaN,,,,          NaN,         NaN
,,,          NaN,,,,          NaN,         NaN
,,,          NaN,,,,          NaN,         NaN
,,,          NaN,,,,          NaN,         NaN
,,,          NaN,,,,          NaN,         NaN
,,,          NaN,,,,          NaN,         NaN
,,,          NaN,,,,          NaN,         NaN
,,,          NaN,,,,          NaN,         NaN
,,,          NaN,,,,          NaN,         NaN
,,,          NaN,,,,          NaN,         NaN
,,,          NaN,,,,          NaN,         NaN
,,,          NaN,,,,          NaN,         NaN
,,,          NaN,,,,          NaN,         NaN
,,,          NaN,,,,          NaN,         NaN
,,,          NaN,,,,          NaN,         NaN
,,,          NaN,,,,          NaN,         NaN
,,,          NaN,,,,          NaN,         NaN
,,,          NaN,,,,          NaN,         NaN
,,,          NaN,,,,          NaN,         NaN
,,,          NaN,,,,          NaN,         NaN
,,,          NaN,,,,          NaN,         NaN
,,,          NaN,,,,          NaN,         NaN
,,,          NaN,,,,          NaN,         NaN
,,,          NaN,,,,          NaN,         NaN
,,,          NaN,,,,          NaN,         NaN
,,,          NaN,,,,          NaN,         NaN
,,,          NaN,,,,          NaN,         NaN
,,,          NaN,,,,          NaN,         NaN
,,,          NaN,,,,          NaN,         NaN
,,,          NaN,,,,          NaN,         NaN
,,,          NaN,,,,          NaN,         NaN
,,,          NaN,,,,          NaN,         NaN
,,,          NaN,,,,          NaN,         NaN
,,,          NaN,,,,          NaN,         NaN
,,,          NaN,,,,          NaN,         NaN
,,,          NaN,,,,          NaN,         NaN
,,,          NaN,,,,          NaN,         NaN
,,,          NaN,,,,          NaN,         NaN
,,,          NaN,,,,          NaN,         NaN
,,,          NaN,,,,          NaN,         NaN
,,,          NaN,,,,          NaN,         NaN
,,,          NaN,,,,          NaN,         NaN
,,,          NaN,,,,          NaN,         NaN
,,,          NaN,,,,          NaN,         NaN
,,,          NaN,,,,          NaN,         NaN
,,,          NaN,,,,          NaN,         NaN
,,,          NaN,,,,          NaN,         NaN
,,,          NaN,,,,          NaN,         NaN
,,,          NaN,,,,          NaN,         NaN
,,,          NaN,,,,          NaN,         NaN
,,,          NaN,,,,          NaN,         NaN
,,,          NaN,,,,          NaN,         NaN
,,,          NaN,,,,          NaN,         NaN
,,,          NaN,,,,          NaN,         NaN
,,,          NaN,,,,          NaN,         NaN
,,,          NaN,,,,          NaN,         NaN
,,,          NaN,,,,          NaN,         NaN
,,,          NaN,,,,          NaN,         NaN
,,,          NaN,,,,          NaN,         NaN
,,,          NaN,,,,          NaN,         NaN
,,,          NaN,,,,          NaN,         NaN
,,,          NaN,,,,          NaN,         NaN
,,,          NaN,,,,          NaN,         NaN
,,,          NaN,,,,          NaN,         NaN
,,,          NaN,,,,          NaN,         NaN
,,,          NaN,,,,          NaN,         NaN
,,,          NaN,,,,          NaN,         NaN
,,,          NaN,,,,          NaN,         NaN
,,,          NaN,,,,          NaN,         NaN
,,,          NaN,,,,          NaN,         NaN
,,,          NaN,,,,          NaN,         NaN
,,,          NaN,,,,          NaN,         NaN
,,,          NaN,,,,          NaN,         NaN
,,,          NaN,,,,          NaN,         NaN
,,,          NaN,,,,          NaN,         NaN
,,,          NaN,,,,          NaN,         NaN
,,,          NaN,,,,          NaN,         NaN
,,,          NaN,,,,          NaN,         NaN
,,,          NaN,,,,          NaN,         NaN
,,,          NaN,,,,          NaN,         NaN
,,,          NaN,,,,          NaN,         NaN
,,,          NaN,,,,          NaN,         NaN
,,,          NaN,,,,          NaN,         NaN
,,,          NaN,,,,          NaN,         NaN
,,,          NaN,,,,          NaN,         NaN
,,,          NaN,,,,          NaN,         NaN
,,,          NaN,,,,          NaN,         NaN
,,,          NaN,,,,          NaN,         NaN
,,,          NaN,,,,          NaN,         NaN
,,,          NaN,,,,          NaN,         NaN
,,,          NaN,,,,          NaN,         NaN
,,,          NaN,,,,          NaN,         NaN
,,,          NaN,,,,          NaN,         NaN
,,,          NaN,,,,          NaN,         NaN
,,,          NaN,,,,          NaN,         NaN
,,,          NaN,,,,          NaN,         NaN
,,,          NaN,,,,          NaN,         NaN
,,,          NaN,,,,          NaN,         NaN
,,,          NaN,,,,          NaN,         NaN
,,,          NaN,,,,          NaN,         NaN
,,,          NaN,,,,          NaN,         NaN
,,,          NaN,,,,          NaN,         NaN
,,,          NaN,,,,          NaN,         NaN
,,,          NaN,,,,          NaN,         NaN
,,,          NaN,,,,          NaN,         NaN
,,,          NaN,,,,          NaN,         NaN
,,,          NaN,,,,          NaN,         NaN
,,,          NaN,,,,          NaN,         NaN
,,,          NaN,,,,          NaN,         NaN
,,,          NaN,,,,          NaN,         NaN
,,,          NaN,,,,          NaN,         NaN
,,,          NaN,,,,          NaN,         NaN
,,,          NaN,,,,          NaN,         NaN
,,,          NaN,,,,          NaN,         NaN
,,,          NaN,,,,          NaN,         NaN
,,,          NaN,,,,          NaN,         NaN
,,,          NaN,,,,          NaN,         NaN
,,,          NaN,,,,          NaN,         NaN
,,,          NaN,,,,          NaN,         NaN
,,,          NaN,,,,          NaN,         NaN
,,,          NaN,,,,          NaN,         NaN
,,,          NaN,,,,          NaN,         NaN
,,,          NaN,,,,          NaN,         NaN
,,,          NaN,,,,          NaN,         NaN
,,,          NaN,,,,          NaN,         NaN
,,,          NaN,,,,          NaN,         NaN
,,,          NaN,,,,          NaN,         NaN
,,,          NaN,,,,          NaN,         NaN
,,,          NaN,,,,          NaN,         NaN
,,,          NaN,,,,          NaN,         NaN
,,,          NaN,,,,          NaN,         NaN
,,,          NaN,,,,          NaN,         NaN
,,,          NaN,,,,          NaN,         NaN
,,,          NaN,,,,          NaN,         NaN
,,,          NaN,,,,          NaN,         NaN
,,,          NaN,,,,          NaN,         NaN
,,,          NaN,,,,          NaN,         NaN
,,,          NaN,,,,          NaN,         NaN
,,,          NaN,,,,          NaN,         NaN
,,,          NaN,,,,          NaN,         NaN
,,,          NaN,,,,          NaN,         NaN
,,,          NaN,,,,          NaN,         NaN
,,,          NaN,,,,          NaN,         NaN
,,,          NaN,,,,          NaN,         NaN
,,,          NaN,,,,          NaN,         NaN
,,,          NaN,,,,          NaN,         NaN
,,,          NaN,,,,          NaN,         NaN
,,,          NaN,,,,          NaN,         NaN
,,,          NaN,,,,          NaN,         NaN
,,,          NaN,,,,          NaN,         NaN
,,,          NaN,,,,          NaN,         NaN
,,,          NaN,,,,          NaN,         NaN
,,,          NaN,,,,          NaN,         NaN
,,,          NaN,,,,          NaN,         NaN
,,,          NaN,,,,          NaN,         NaN
,,,          NaN,,,,          NaN,         NaN
,,,          NaN,,,,          NaN,         NaN
,,,          NaN,,,,          NaN,         NaN
,,,          NaN,,,,          NaN,         NaN
,,,          NaN,,,,          NaN,         NaN
,,,          NaN,,,,          NaN,         NaN
,,,          NaN,,,,          NaN,         NaN
,,,          NaN,,,,          NaN,         NaN
,,,          NaN,,,,          NaN,         NaN
,,,          NaN,,,,          NaN,         NaN
,,,          NaN,,,,          NaN,         NaN
,,,          NaN,,,,          NaN,         NaN
,,,          NaN,,,,          NaN,         NaN
,,,          NaN,,,,          NaN,         NaN
,,,          NaN,,,,          NaN,         NaN
,,,          NaN,,,,          NaN,         NaN
,,,          NaN,,,,          NaN,         NaN
,,,          NaN,,,,          NaN,         NaN
,,,          NaN,,,,          NaN,         NaN
,,,          NaN,,,,          NaN,         NaN
,,,          NaN,,,,          NaN,         NaN
,,,          NaN,,,,          NaN,         NaN
,,,          NaN,,,,          NaN,         NaN
,,,          NaN,,,,          NaN,         NaN
,,,          NaN,,,,          NaN,         NaN
,,,          NaN,,,,          NaN,         NaN
,,,          NaN,,,,          NaN,         NaN
,,,          NaN,,,,          NaN,         NaN
,,,          NaN,,,,          NaN,         NaN
,,,          NaN,,,,          NaN,         NaN
,,,          NaN,,,,          NaN,         NaN
,,,          NaN,,,,          NaN,         NaN
,,,          NaN,,,,          NaN,         NaN
,,,          NaN,,,,          NaN,         NaN
,,,          NaN,,,,          NaN,         NaN
,,,          NaN,,,,          NaN,         NaN
,,,          NaN,,,,          NaN,         NaN
,,,          NaN,,,,          NaN,         NaN
,,,          NaN,,,,          NaN,         NaN
,,,          NaN,,,,          NaN,         NaN
,,,          NaN,,,,          NaN,         NaN
,,,          NaN,,,,          NaN,         NaN
,,,          NaN,,,,          NaN,         NaN
,,,          NaN,,,,          NaN,         NaN
,,,          NaN,,,,          NaN,         NaN
,,,          NaN,,,,          NaN,         NaN
,,,          NaN,,,,          NaN,         NaN
,,,          NaN,,,,          NaN,         NaN
,,,          NaN,,,,          NaN,         NaN
,,,          NaN,,,,          NaN,         NaN
,,,          NaN,,,,          NaN,         NaN
,,,          NaN,,,,          NaN,         NaN
,,,          NaN,,,,          NaN,         NaN
,,,          NaN,,,,          NaN,         NaN
,,,          NaN,,,,          NaN,         NaN
,,,          NaN,,,,          NaN,         NaN
,,,          NaN,,,,          NaN,         NaN
,,,          NaN,,,,          NaN,         NaN
,,,          NaN,,,,          NaN,         NaN
,,,          NaN,,,,          NaN,         NaN
,,,          NaN,,,,          NaN,         NaN
,,,          NaN,,,,          NaN,         NaN
,,,          NaN,,,,          NaN,         NaN
,,,          NaN,,,,          NaN,         NaN
,,,          NaN,,,,          NaN,         NaN
,,,          NaN,,,,          NaN,         NaN
,,,          NaN,,,,          NaN,         NaN
,,,          NaN,,,,          NaN,         NaN
,,,          NaN,,,,          NaN,         NaN
,,,          NaN,,,,          NaN,         NaN
,,,          NaN,,,,          NaN,         NaN
,,,          NaN,,,,          NaN,         NaN
,,,          NaN,,,,          NaN,         NaN
,,,          NaN,,,,          NaN,         NaN
,,,          NaN,,,,          NaN,         NaN
,,,          NaN,,,,          NaN,         NaN
,,,          NaN,,,,          NaN,         NaN
,,,          NaN,,,,          NaN,         NaN
,,,          NaN,,,,          NaN,         NaN
,,,          NaN,,,,          NaN,         NaN
,,,          NaN,,,,          NaN,         NaN
,,,          NaN,,,,          NaN,         NaN
,,,          NaN,,,,          NaN,         NaN
,,,          NaN,,,,          NaN,         NaN
,,,          NaN,,,,          NaN,         NaN
,,,          NaN,,,,          NaN,         NaN
,,,          NaN,,,,          NaN,         NaN
,,,          NaN,,,,          NaN,         NaN
,,,          NaN,,,,          NaN,         NaN
,,,          NaN,,,,          NaN,         NaN
,,,          NaN,,,,          NaN,         NaN
,,,          NaN,,,,          NaN,         NaN
,,,          NaN,,,,          NaN,         NaN
,,,          NaN,,,,          NaN,         NaN
,,,          NaN,,,,          NaN,         NaN
,,,          NaN,,,,          NaN,         NaN
,,,          NaN,,,,          NaN,         NaN
,,,          NaN,,,,          NaN,         NaN
,,,          NaN,,,,          NaN,         NaN
,,,          NaN,,,,          NaN,         NaN
,,,          NaN,,,,          NaN,         NaN
,,,          NaN,,,,          NaN,         NaN
,,,          NaN,,,,          NaN,         NaN
,,,          NaN,,,,          NaN,         NaN
,,,          NaN,,,,          NaN,         NaN
,,,          NaN,,,,          NaN,         NaN
,,,          NaN,,,,          NaN,         NaN
,,,          NaN,,,,          NaN,         NaN
,,,          NaN,,,,          NaN,         NaN
,,,          NaN,,,,          NaN,         NaN
,,,          NaN,,,,          NaN,         NaN
,,,          NaN,,,,          NaN,         NaN
,,,          NaN,,,,          NaN,         NaN
,,,          NaN,,,,          NaN,         NaN
,,,          NaN,,,,          NaN,         NaN
,,,          NaN,,,,          NaN,         NaN
,,,          NaN,,,,          NaN,         NaN
,,,          NaN,,,,          NaN,         NaN
,,,          NaN,,,,          NaN,         NaN
,,,          NaN,,,,          NaN,         NaN
,,,          NaN,,,,          NaN,         NaN
,,,          NaN,,,,          NaN,         NaN
,,,          NaN,,,,          NaN,         NaN
,,,          NaN,,,,          NaN,         NaN
,,,          NaN,,,,          NaN,         NaN
,,,          NaN,,,,          NaN,         NaN
,,,          NaN,,,,          NaN,         NaN
,,,          NaN,,,,          NaN,         NaN
,,,          NaN,,,,          NaN,         NaN
,,,          NaN,,,,          NaN,         NaN
,,,          NaN,,,,          NaN,         NaN
,,,          NaN,,,,          NaN,         NaN
,,,          NaN,,,,          NaN,         NaN
,,,          NaN,,,,          NaN,         NaN
,,,          NaN,,,,          NaN,         NaN
,,,          NaN,,,,          NaN,         NaN
,,,          NaN,,,,          NaN,         NaN
,,,          NaN,,,,          NaN,         NaN
,,,          NaN,,,,          NaN,         NaN
,,,          NaN,,,,          NaN,         NaN
,,,          NaN,,,,          NaN,         NaN
,,,          NaN,,,,          NaN,         NaN
,,,          NaN,,,,          NaN,         NaN
,,,          NaN,,,,          NaN,         NaN
,,,          NaN,,,,          NaN,         NaN
,,,          NaN,,,,          NaN,         NaN
,,,          NaN,,,,          NaN,         NaN
,,,          NaN,,,,          NaN,         NaN
,,,          NaN,,,,          NaN,         NaN
,,,          NaN,,,,          NaN,         NaN
,,,          NaN,,,,          NaN,         NaN
,,,          NaN,,,,          NaN,         NaN
,,,          NaN,,,,          NaN,         NaN
,,,          NaN,,,,          NaN,         NaN
,,,          NaN,,,,          NaN,         NaN
,,,          NaN,,,,          NaN,         NaN
,,,          NaN,,,,          NaN,         NaN
,,,          NaN,,,,          NaN,         NaN
,,,          NaN,,,,          NaN,         NaN
,,,          NaN,,,,          NaN,         NaN
,,,          NaN,,,,          NaN,         NaN
,,,          NaN,,,,          NaN,         NaN
,,,          NaN,,,,          NaN,         NaN
,,,          NaN,,,,          NaN,         NaN
,,,          NaN,,,,          NaN,         NaN
,,,          NaN,,,,          NaN,         NaN
,,,          NaN,,,,          NaN,         NaN
,,,          NaN,,,,          NaN,         NaN
,,,          NaN,,,,          NaN,         NaN
,,,          NaN,,,,          NaN,         NaN
,,,          NaN,,,,          NaN,         NaN
,,,          NaN,,,,          NaN,         NaN
,,,          NaN,,,,          NaN,         NaN
,,,          NaN,,,,          NaN,         NaN
,,,          NaN,,,,          NaN,         NaN
,,,          NaN,,,,          NaN,         NaN
,,,          NaN,,,,          NaN,         NaN
,,,          NaN,,,,          NaN,         NaN
,,,          NaN,,,,          NaN,         NaN
,,,          NaN,,,,          NaN,         NaN
,,,          NaN,,,,          NaN,         NaN
,,,          NaN,,,,          NaN,         NaN
,,,          NaN,,,,          NaN,         NaN
,,,          NaN,,,,          NaN,         NaN
,,,          NaN,,,,          NaN,         NaN
,,,          NaN,,,,          NaN,         NaN
,,,          NaN,,,,          NaN,         NaN
,,,          NaN,,,,          NaN,         NaN
,,,          NaN,,,,          NaN,         NaN
,,,          NaN,,,,          NaN,         NaN
,,,          NaN,,,,          NaN,         NaN
,,,          NaN,,,,          NaN,         NaN
,,,          NaN,,,,          NaN,         NaN
,,,          NaN,,,,          NaN,         NaN
,,,          NaN,,,,          NaN,         NaN
,,,          NaN,,,,          NaN,         NaN
,,,          NaN,,,,          NaN,         NaN
,,,          NaN,,,,          NaN,         NaN
,,,          NaN,,,,          NaN,         NaN
,,,          NaN,,,,          NaN,         NaN
,,,          NaN,,,,          NaN,         NaN
,,,          NaN,,,,          NaN,         NaN
,,,          NaN,,,,          NaN,         NaN
,,,          NaN,,,,          NaN,         NaN
,,,          NaN,,,,          NaN,         NaN
,,,          NaN,,,,          NaN,         NaN
,,,          NaN,,,,          NaN,         NaN
,,,          NaN,,,,          NaN,         NaN
,,,          NaN,,,,          NaN,         NaN
,,,          NaN,,,,          NaN,         NaN
,,,          NaN,,,,          NaN,         NaN
,,,          NaN,,,,          NaN,         NaN
,,,          NaN,,,,          NaN,         NaN
,,,          NaN,,,,          NaN,         NaN
,,,          NaN,,,,          NaN,         NaN
,,,          NaN,,,,          NaN,         NaN
,,,          NaN,,,,          NaN,         NaN
,,,          NaN,,,,          NaN,         NaN
,,,          NaN,,,,          NaN,         NaN
,,,          NaN,,,,          NaN,         NaN
,,,          NaN,,,,          NaN,         NaN
,,,          NaN,,,,          NaN,         NaN
,,,          NaN,,,,          NaN,         NaN
,,,          NaN,,,,          NaN,         NaN
,,,          NaN,,,,          NaN,         NaN
,,,          NaN,,,,          NaN,         NaN
,,,          NaN,,,,          NaN,         NaN
,,,          NaN,,,,          NaN,         NaN
,,,          NaN,,,,          NaN,         NaN
,,,          NaN,,,,          NaN,         NaN
,,,          NaN,,,,          NaN,         NaN
,,,          NaN,,,,          NaN,         NaN
,,,          NaN,,,,          NaN,         NaN
,,,          NaN,,,,          NaN,         NaN
,,,          NaN,,,,          NaN,         NaN
,,,          NaN,,,,          NaN,         NaN
,,,          NaN,,,,          NaN,         NaN
,,,          NaN,,,,          NaN,         NaN
,,,          NaN,,,,          NaN,         NaN
,,,          NaN,,,,          NaN,         NaN
,,,          NaN,,,,          NaN,         NaN
,,,          NaN,,,,          NaN,         NaN
,,,          NaN,,,,          NaN,         NaN
,,,          NaN,,,,          NaN,         NaN
,,,          NaN,,,,          NaN,         NaN
,,,          NaN,,,,          NaN,         NaN
,,,          NaN,,,,          NaN,         NaN
,,,          NaN,,,,          NaN,         NaN
,,,          NaN,,,,          NaN,         NaN
,,,          NaN,,,,          NaN,         NaN
,,,          NaN,,,,          NaN,         NaN
,,,          NaN,,,,          NaN,         NaN
,,,          NaN,,,,          NaN,         NaN
,,,          NaN,,,,          NaN,         NaN
,,,          NaN,,,,          NaN,         NaN
,,,          NaN,,,,          NaN,         NaN
,,,          NaN,,,,          NaN,         NaN
,,,          NaN,,,,          NaN,         NaN
,,,          NaN,,,,          NaN,         NaN
,,,          NaN,,,,          NaN,         NaN
,,,          NaN,,,,          NaN,         NaN
,,,          NaN,,,,          NaN,         NaN
,,,          NaN,,,,          NaN,         NaN
,,,          NaN,,,,          NaN,         NaN
,,,          NaN,,,,          NaN,         NaN
,,,          NaN,,,,          NaN,         NaN
,,,          NaN,,,,          NaN,         NaN
,,,          NaN,,,,          NaN,         NaN
,,,          NaN,,,,          NaN,         NaN
,,,          NaN,,,,          NaN,         NaN
,,,          NaN,,,,          NaN,         NaN
,,,          NaN,,,,          NaN,         NaN
,,,          NaN,,,,          NaN,         NaN
,,,          NaN,,,,          NaN,         NaN
,,,          NaN,,,,          NaN,         NaN
,,,          NaN,,,,          NaN,         NaN
,,,          NaN,,,,          NaN,         NaN
,,,          NaN,,,,          NaN,         NaN
,,,          NaN,,,,          NaN,         NaN
,,,          NaN,,,,          NaN,         NaN
,,,          NaN,,,,          NaN,         NaN
,,,          NaN,,,,          NaN,         NaN
,,,          NaN,,,,          NaN,         NaN
,,,          NaN,,,,          NaN,         NaN
,,,          NaN,,,,          NaN,         NaN
,,,          NaN,,,,          NaN,         NaN
,,,          NaN,,,,          NaN,         NaN
,,,          NaN,,,,          NaN,         NaN
,,,          NaN,,,,          NaN,         NaN
,,,          NaN,,,,          NaN,         NaN
,,,          NaN,,,,          NaN,         NaN
,,,          NaN,,,,          NaN,         NaN
,,,          NaN,,,,          NaN,         NaN
,,,          NaN,,,,          NaN,         NaN
,,,          NaN,,,,          NaN,         NaN
,,,          NaN,,,,          NaN,         NaN
,,,          NaN,,,,          NaN,         NaN
,,,          NaN,,,,          NaN,         NaN
,,,          NaN,,,,          NaN,         NaN
,,,          NaN,,,,          NaN,         NaN
,,,          NaN,,,,          NaN,         NaN
,,,          NaN,,,,          NaN,         NaN
,,,          NaN,,,,          NaN,         NaN
,,,          NaN,,,,          NaN,         NaN
,,,          NaN,,,,          NaN,         NaN
,,,          NaN,,,,          NaN,         NaN
,,,          NaN,,,,          NaN,         NaN
,,,          NaN,,,,          NaN,         NaN
,,,          NaN,,,,          NaN,         NaN
,,,          NaN,,,,          NaN,         NaN
,,,          NaN,,,,          NaN,         NaN
,,,          NaN,,,,          NaN,         NaN
,,,          NaN,,,,          NaN,         NaN
,,,          NaN,,,,          NaN,         NaN
,,,          NaN,,,,          NaN,         NaN
,,,          NaN,,,,          NaN,         NaN
,,,          NaN,,,,          NaN,         NaN
,,,          NaN,,,,          NaN,         NaN
,,,          NaN,,,,          NaN,         NaN
,,,          NaN,,,,          NaN,         NaN
,,,          NaN,,,,          NaN,         NaN
,,,          NaN,,,,          NaN,         NaN
,,,          NaN,,,,          NaN,         NaN
,,,          NaN,,,,          NaN,         NaN
,,,          NaN,,,,          NaN,         NaN
,,,          NaN,,,,          NaN,         NaN
,,,          NaN,,,,          NaN,         NaN
,,,          NaN,,,,          NaN,         NaN
,,,          NaN,,,,          NaN,         NaN
,,,          NaN,,,,          NaN,         NaN
,,,          NaN,,,,          NaN,         NaN
,,,          NaN,,,,          NaN,         NaN
,,,          NaN,,,,          NaN,         NaN
,,,          NaN,,,,          NaN,         NaN
,,,          NaN,,,,          NaN,         NaN
,,,          NaN,,,,          NaN,         NaN
,,,          NaN,,,,          NaN,         NaN
,,,          NaN,,,,          NaN,         NaN
,,,          NaN,,,,          NaN,         NaN
,,,          NaN,,,,          NaN,         NaN
,,,          NaN,,,,          NaN,         NaN
,,,          NaN,,,,          NaN,         NaN
,,,          NaN,,,,          NaN,         NaN
,,,          NaN,,,,          NaN,         NaN
,,,          NaN,,,,          NaN,         NaN
,,,          NaN,,,,          NaN,         NaN
,,,          NaN,,,,          NaN,         NaN
,,,          NaN,,,,          NaN,         NaN
,,,          NaN,,,,          NaN,         NaN
,,,          NaN,,,,          NaN,         NaN
,,,          NaN,,,,          NaN,         NaN
,,,          NaN,,,,          NaN,         NaN
,,,          NaN,,,,          NaN,         NaN
,,,          NaN,,,,          NaN,         NaN
,,,          NaN,,,,          NaN,         NaN
,,,          NaN,,,,          NaN,         NaN
,,,          NaN,,,,          NaN,         NaN
,,,          NaN,,,,          NaN,         NaN
,,,          NaN,,,,          NaN,         NaN
,,,          NaN,,,,          NaN,         NaN
,,,          NaN,,,,          NaN,         NaN
,,,          NaN,,,,          NaN,         NaN
,,,          NaN,,,,          NaN,         NaN
,,,          NaN,,,,          NaN,         NaN
,,,          NaN,,,,          NaN,         NaN
,,,          NaN,,,,          NaN,         NaN
,,,          NaN,,,,          NaN,         NaN
,,,          NaN,,,,          NaN,         NaN
,,,          NaN,,,,          NaN,         NaN
,,,          NaN,,,,          NaN,         NaN
,,,          NaN,,,,          NaN,         NaN
,,,          NaN,,,,          NaN,         NaN
,,,          NaN,,,,          NaN,         NaN
,,,          NaN,,,,          NaN,         NaN
,,,          NaN,,,,          NaN,         NaN
,,,          NaN,,,,          NaN,         NaN
,,,          NaN,,,,          NaN,         NaN
,,,          NaN,,,,          NaN,         NaN
,,,          NaN,,,,          NaN,         NaN
,,,          NaN,,,,          NaN,         NaN
,,,          NaN,,,,          NaN,         NaN
,,,          NaN,,,,          NaN,         NaN
,,,          NaN,,,,          NaN,         NaN
,,,          NaN,,,,          NaN,         NaN
,,,          NaN,,,,          NaN,         NaN
,,,          NaN,,,,          NaN,         NaN
,,,          NaN,,,,          NaN,         NaN
,,,          NaN,,,,          NaN,         NaN
,,,          NaN,,,,          NaN,         NaN
,,,          NaN,,,,          NaN,         NaN
,,,          NaN,,,,          NaN,         NaN
,,,          NaN,,,,          NaN,         NaN
,,,          NaN,,,,          NaN,         NaN
,,,          NaN,,,,          NaN,         NaN
,,,          NaN,,,,          NaN,         NaN
,,,          NaN,,,,          NaN,         NaN
,,,          NaN,,,,          NaN,         NaN
,,,          NaN,,,,          NaN,         NaN
,,,          NaN,,,,          NaN,         NaN
,,,          NaN,,,,          NaN,         NaN
,,,          NaN,,,,          NaN,         NaN
,,,          NaN,,,,          NaN,         NaN
,,,          NaN,,,,          NaN,         NaN
,,,          NaN,,,,          NaN,         NaN
,,,          NaN,,,,          NaN,         NaN
,,,          NaN,,,,          NaN,         NaN
,,,          NaN,,,,          NaN,         NaN
,,,          NaN,,,,          NaN,         NaN
,,,          NaN,,,,          NaN,         NaN
,,,          NaN,,,,          NaN,         NaN
,,,          NaN,,,,          NaN,         NaN
,,,          NaN,,,,          NaN,         NaN
,,,          NaN,,,,          NaN,         NaN
,,,          NaN,,,,          NaN,         NaN
,,,          NaN,,,,          NaN,         NaN
,,,          NaN,,,,          NaN,         NaN
,,,          NaN,,,,          NaN,         NaN
,,,          NaN,,,,          NaN,         NaN
,,,          NaN,,,,          NaN,         NaN
,,,          NaN,,,,          NaN,         NaN
,,,          NaN,,,,          NaN,         NaN
,,,          NaN,,,,          NaN,         NaN
,,,          NaN,,,,          NaN,         NaN
,,,          NaN,,,,          NaN,         NaN
,,,          NaN,,,,          NaN,         NaN
,,,          NaN,,,,          NaN,         NaN
,,,          NaN,,,,          NaN,         NaN
,,,          NaN,,,,          NaN,         NaN
,,,          NaN,,,,          NaN,         NaN
,,,          NaN,,,,          NaN,         NaN
,,,          NaN,,,,          NaN,         NaN
,,,          NaN,,,,          NaN,         NaN
,,,          NaN,,,,          NaN,         NaN
,,,          NaN,,,,          NaN,         NaN
,,,          NaN,,,,          NaN,         NaN
,,,          NaN,,,,          NaN,         NaN
,,,          NaN,,,,          NaN,         NaN
,,,          NaN,,,,          NaN,         NaN
,,,          NaN,,,,          NaN,         NaN
,,,          NaN,,,,          NaN,         NaN
,,,          NaN,,,,          NaN,         NaN
,,,          NaN,,,,          NaN,         NaN
,,,          NaN,,,,          NaN,         NaN
,,,          NaN,,,,          NaN,         NaN
,,,          NaN,,,,          NaN,         NaN
,,,          NaN,,,,          NaN,         NaN
,,,          NaN,,,,          NaN,         NaN
,,,          NaN,,,,          NaN,         NaN
,,,          NaN,,,,          NaN,         NaN
,,,          NaN,,,,          NaN,         NaN
,,,          NaN,,,,          NaN,         NaN
,,,          NaN,,,,          NaN,         NaN
,,,          NaN,,,,          NaN,         NaN
,,,          NaN,,,,          NaN,         NaN
,,,          NaN,,,,          NaN,         NaN
,,,          NaN,,,,          NaN,         NaN
,,,          NaN,,,,          NaN,         NaN
,,,          NaN,,,,          NaN,         NaN
,,,          NaN,,,,          NaN,         NaN
,,,          NaN,,,,          NaN,         NaN
,,,          NaN,,,,          NaN,         NaN
,,,          NaN,,,,          NaN,         NaN
,,,          NaN,,,,          NaN,         NaN
,,,          NaN,,,,          NaN,         NaN
,,,          NaN,,,,          NaN,         NaN
,,,          NaN,,,,          NaN,         NaN
,,,          NaN,,,,          NaN,         NaN
,,,          NaN,,,,          NaN,         NaN
,,,          NaN,,,,          NaN,         NaN
,,,          NaN,,,,          NaN,         NaN
,,,          NaN,,,,          NaN,         NaN
,,,          NaN,,,,          NaN,         NaN
,,,          NaN,,,,          NaN,         NaN
,,,          NaN,,,,          NaN,         NaN
,,,          NaN,,,,          NaN,         NaN
,,,          NaN,,,,          NaN,         NaN
,,,          NaN,,,,          NaN,         NaN
,,,          NaN,,,,          NaN,         NaN
,,,          NaN,,,,          NaN,         NaN
,,,          NaN,,,,          NaN,         NaN
,,,          NaN,,,,          NaN,         NaN
,,,          NaN,,,,          NaN,         NaN
,,,          NaN,,,,          NaN,         NaN
,,,          NaN,,,,          NaN,         NaN
,,,          NaN,,,,          NaN,         NaN
,,,          NaN,,,,          NaN,         NaN
,,,          NaN,,,,          NaN,         NaN
,,,          NaN,,,,          NaN,         NaN
,,,          NaN,,,,          NaN,         NaN
,,,          NaN,,,,          NaN,         NaN
,,,          NaN,,,,          NaN,         NaN
,,,          NaN,,,,          NaN,         NaN
,,,          NaN,,,,          NaN,         NaN
,,,          NaN,,,,          NaN,         NaN
,,,          NaN,,,,          NaN,         NaN
,,,          NaN,,,,          NaN,         NaN
,,,          NaN,,,,          NaN,         NaN
,,,          NaN,,,,          NaN,         NaN
,,,          NaN,,,,          NaN,         NaN
,,,          NaN,,,,          NaN,         NaN
,,,          NaN,,,,          NaN,         NaN
,,,          NaN,,,,          NaN,         NaN
,,,          NaN,,,,          NaN,         NaN
,,,          NaN,,,,          NaN,         NaN
,,,          NaN,,,,          NaN,         NaN
,,,          NaN,,,,          NaN,         NaN
,,,          NaN,,,,          NaN,         NaN
,,,          NaN,,,,          NaN,         NaN
,,,          NaN,,,,          NaN,         NaN
,,,          NaN,,,,          NaN,         NaN
,,,          NaN,,,,          NaN,         NaN
,,,          NaN,,,,          NaN,         NaN
,,,          NaN,,,,          NaN,         NaN
,,,          NaN,,,,          NaN,         NaN
,,,          NaN,,,,          NaN,         NaN
,,,          NaN,,,,          NaN,         NaN
,,,          NaN,,,,          NaN,         NaN
,,,          NaN,,,,          NaN,         NaN
,,,          NaN,,,,          NaN,         NaN
,,,          NaN,,,,          NaN,         NaN
,,,          NaN,,,,          NaN,         NaN
,,,          NaN,,,,          NaN,         NaN
,,,          NaN,,,,          NaN,         NaN
,,,          NaN,,,,          NaN,         NaN
,,,          NaN,,,,          NaN,         NaN
,,,          NaN,,,,          NaN,         NaN
,,,          NaN,,,,          NaN,         NaN
,,,          NaN,,,,          NaN,         NaN
,,,          NaN,,,,          NaN,         NaN
,,,          NaN,,,,          NaN,         NaN
,,,          NaN,,,,          NaN,         NaN
,,,          NaN,,,,          NaN,         NaN
,,,          NaN,,,,          NaN,         NaN
,,,          NaN,,,,          NaN,         NaN
,,,          NaN,,,,          NaN,         NaN
,,,          NaN,,,,          NaN,         NaN
,,,          NaN,,,,          NaN,         NaN
,,,          NaN,,,,          NaN,         NaN
,,,          NaN,,,,          NaN,         NaN
,,,          NaN,,,,          NaN,         NaN
,,,          NaN,,,,          NaN,         NaN
,,,          NaN,,,,          NaN,         NaN
,,,          NaN,,,,          NaN,         NaN
,,,          NaN,,,,          NaN,         NaN
,,,          NaN,,,,          NaN,         NaN
,,,          NaN,,,,          NaN,         NaN
,,,          NaN,,,,          NaN,         NaN
,,,          NaN,,,,          NaN,         NaN
,,,          NaN,,,,          NaN,         NaN
,,,          NaN,,,,          NaN,         NaN
,,,          NaN,,,,          NaN,         NaN
,,,          NaN,,,,          NaN,         NaN
,,,          NaN,,,,          NaN,         NaN
,,,          NaN,,,,          NaN,         NaN
,,,          NaN,,,,          NaN,         NaN
,,,          NaN,,,,          NaN,         NaN
,,,          NaN,,,,          NaN,         NaN
,,,          NaN,,,,          NaN,         NaN
,,,          NaN,,,,          NaN,         NaN
,,,          NaN,,,,          NaN,         NaN
,,,          NaN,,,,          NaN,         NaN
,,,          NaN,,,,          NaN,         NaN
,,,          NaN,,,,          NaN,         NaN
,,,          NaN,,,,          NaN,         NaN
,,,          NaN,,,,          NaN,         NaN
,,,          NaN,,,,          NaN,         NaN
,,,          NaN,,,,          NaN,         NaN
,,,          NaN,,,,          NaN,         NaN
,,,          NaN,,,,          NaN,         NaN
,,,          NaN,,,,          NaN,         NaN
,,,          NaN,,,,          NaN,         NaN
,,,          NaN,,,,          NaN,         NaN
,,,          NaN,,,,          NaN,         NaN
,,,          NaN,,,,          NaN,         NaN
,,,          NaN,,,,          NaN,         NaN
,,,          NaN,,,,          NaN,         NaN
,,,          NaN,,,,          NaN,         NaN
,,,          NaN,,,,          NaN,         NaN
,,,          NaN,,,,          NaN,         NaN
,,,          NaN,,,,          NaN,         NaN
,,,          NaN,,,,          NaN,         NaN
,,,          NaN,,,,          NaN,         NaN
,,,          NaN,,,,          NaN,         NaN
,,,          NaN,,,,          NaN,         NaN
,,,          NaN,,,,          NaN,         NaN
,,,          NaN,,,,          NaN,         NaN
,,,          NaN,,,,          NaN,         NaN
,,,          NaN,,,,          NaN,         NaN
,,,          NaN,,,,          NaN,         NaN
,,,          NaN,,,,          NaN,         NaN
,,,          NaN,,,,          NaN,         NaN
,,,          NaN,,,,          NaN,         NaN
,,,          NaN,,,,          NaN,         NaN
,,,          NaN,,,,          NaN,         NaN
,,,          NaN,,,,          NaN,         NaN
,,,          NaN,,,,          NaN,         NaN
,,,          NaN,,,,          NaN,         NaN
,,,          NaN,,,,          NaN,         NaN
,,,          NaN,,,,          NaN,         NaN
,,,          NaN,,,,          NaN,         NaN
,,,          NaN,,,,          NaN,         NaN
,,,          NaN,,,,          NaN,         NaN
,,,          NaN,,,,          NaN,         NaN
,,,          NaN,,,,          NaN,         NaN
,,,          NaN,,,,          NaN,         NaN
,,,          NaN,,,,          NaN,         NaN
,,,          NaN,,,,          NaN,         NaN
,,,          NaN,,,,          NaN,         NaN
,,,          NaN,,,,          NaN,         NaN
,,,          NaN,,,,          NaN,         NaN
,,,          NaN,,,,          NaN,         NaN
,,,          NaN,,,,          NaN,         NaN
,,,          NaN,,,,          NaN,         NaN
,,,          NaN,,,,          NaN,         NaN
,,,          NaN,,,,          NaN,         NaN
,,,          NaN,,,,          NaN,         NaN
,,,          NaN,,,,          NaN,         NaN
,,,          NaN,,,,          NaN,         NaN
,,,          NaN,,,,          NaN,         NaN
,,,          NaN,,,,          NaN,         NaN
,,,          NaN,,,,          NaN,         NaN
,,,          NaN,,,,          NaN,         NaN
,,,          NaN,,,,          NaN,         NaN
,,,          NaN,,,,          NaN,         NaN
,,,          NaN,,,,          NaN,         NaN
,,,          NaN,,,,          NaN,         NaN
,,,          NaN,,,,          NaN,         NaN
,,,          NaN,,,,          NaN,         NaN
,,,          NaN,,,,          NaN,         NaN
,,,          NaN,,,,          NaN,         NaN
,,,          NaN,,,,          NaN,         NaN
,,,          NaN,,,,          NaN,         NaN
,,,          NaN,,,,          NaN,         NaN
,,,          NaN,,,,          NaN,         NaN
,,,          NaN,,,,          NaN,         NaN
,,,          NaN,,,,          NaN,         NaN
,,,          NaN,,,,          NaN,         NaN
,,,          NaN,,,,          NaN,         NaN
,,,          NaN,,,,          NaN,         NaN
,,,          NaN,,,,          NaN,         NaN
,,,          NaN,,,,          NaN,         NaN
,,,          NaN,,,,          NaN,         NaN
,,,          NaN,,,,          NaN,         NaN
,,,          NaN,,,,          NaN,         NaN
,,,          NaN,,,,          NaN,         NaN
,,,          NaN,,,,          NaN,         NaN
,,,          NaN,,,,          NaN,         NaN
,,,          NaN,,,,          NaN,         NaN
,,,          NaN,,,,          NaN,         NaN
,,,          NaN,,,,          NaN,         NaN
,,,          NaN,,,,          NaN,         NaN
,,,          NaN,,,,          NaN,         NaN
,,,          NaN,,,,          NaN,         NaN
,,,          NaN,,,,          NaN,         NaN
,,,          NaN,,,,          NaN,         NaN
,,,          NaN,,,,          NaN,         NaN
,,,          NaN,,,,          NaN,         NaN
,,,          NaN,,,,          NaN,         NaN
,,,          NaN,,,,          NaN,         NaN
,,,          NaN,,,,          NaN,         NaN
,,,          NaN,,,,          NaN,         NaN
,,,          NaN,,,,          NaN,         NaN
,,,          NaN,,,,          NaN,         NaN
,,,          NaN,,,,          NaN,         NaN
,,,          NaN,,,,          NaN,         NaN
,,,          NaN,,,,          NaN,         NaN
,,,          NaN,,,,          NaN,         NaN
,,,          NaN,,,,          NaN,         NaN
,,,          NaN,,,,          NaN,         NaN
,,,          NaN,,,,          NaN,         NaN
,,,          NaN,,,,          NaN,         NaN
,,,          NaN,,,,          NaN,         NaN
,,,          NaN,,,,          NaN,         NaN
,,,          NaN,,,,          NaN,         NaN
,,,          NaN,,,,          NaN,         NaN
,,,          NaN,,,,          NaN,         NaN
,,,          NaN,,,,          NaN,         NaN
,,,          NaN,,,,          NaN,         NaN
,,,          NaN,,,,          NaN,         NaN
,,,          NaN,,,,          NaN,         NaN
,,,          NaN,,,,          NaN,         NaN
,,,          NaN,,,,          NaN,         NaN
,,,          NaN,,,,          NaN,         NaN
,,,          NaN,,,,          NaN,         NaN
,,,          NaN,,,,          NaN,         NaN
,,,          NaN,,,,          NaN,         NaN
,,,          NaN,,,,          NaN,         NaN
,,,          NaN,,,,          NaN,         NaN
,,,          NaN,,,,          NaN,         NaN
,,,          NaN,,,,          NaN,         NaN
,,,          NaN,,,,          NaN,         NaN
,,,          NaN,,,,          NaN,         NaN
,,,          NaN,,,,          NaN,         NaN
,,,          NaN,,,,          NaN,         NaN
,,,          NaN,,,,          NaN,         NaN
,,,          NaN,,,,          NaN,         NaN
,,,          NaN,,,,          NaN,         NaN
,,,          NaN,,,,          NaN,         NaN
,,,          NaN,,,,          NaN,         NaN
,,,          NaN,,,,          NaN,         NaN
,,,          NaN,,,,          NaN,         NaN
,,,          NaN,,,,          NaN,         NaN
,,,          NaN,,,,          NaN,         NaN
,,,          NaN,,,,          NaN,         NaN
,,,          NaN,,,,          NaN,         NaN
,,,          NaN,,,,          NaN,         NaN
,,,          NaN,,,,          NaN,         NaN
,,,          NaN,,,,          NaN,         NaN
,,,          NaN,,,,          NaN,         NaN
,,,          NaN,,,,          NaN,         NaN
,,,          NaN,,,,          NaN,         NaN
,,,          NaN,,,,          NaN,         NaN
,,,          NaN,,,,          NaN,         NaN
,,,          NaN,,,,          NaN,         NaN
,,,          NaN,,,,          NaN,         NaN
,,,          NaN,,,,          NaN,         NaN
,,,          NaN,,,,          NaN,         NaN
,,,          NaN,,,,          NaN,         NaN
,,,          NaN,,,,          NaN,         NaN
,,,          NaN,,,,          NaN,         NaN
,,,          NaN,,,,          NaN,         NaN
,,,          NaN,,,,          NaN,         NaN
,,,          NaN,,,,          NaN,         NaN
,,,          NaN,,,,          NaN,         NaN
,,,          NaN,,,,          NaN,         NaN
,,,          NaN,,,,          NaN,         NaN
,,,          NaN,,,,          NaN,         NaN
,,,          NaN,,,,          NaN,         NaN
,,,          NaN,,,,          NaN,         NaN
,,,          NaN,,,,          NaN,         NaN
,,,          NaN,,,,          NaN,         NaN
,,,          NaN,,,,          NaN,         NaN
,,,          NaN,,,,          NaN,         NaN
,,,          NaN,,,,          NaN,         NaN
,,,          NaN,,,,          NaN,         NaN
,,,          NaN,,,,          NaN,         NaN
,,,          NaN,,,,          NaN,         NaN
,,,          NaN,,,,          NaN,         NaN
,,,          NaN,,,,          NaN,         NaN
,,,          NaN,,,,          NaN,         NaN
,,,          NaN,,,,          NaN,         NaN
,,,          NaN,,,,          NaN,         NaN
,,,          NaN,,,,          NaN,         NaN
,,,          NaN,,,,          NaN,         NaN
,,,          NaN,,,,          NaN,         NaN
,,,          NaN,,,,          NaN,         NaN
,,,          NaN,,,,          NaN,         NaN
,,,          NaN,,,,          NaN,         NaN
,,,          NaN,,,,          NaN,         NaN
,,,          NaN,,,,          NaN,         NaN
,,,          NaN,,,,          NaN,         NaN
,,,          NaN,,,,          NaN,         NaN
,,,          NaN,,,,          NaN,         NaN
,,,          NaN,,,,          NaN,         NaN
,,,          NaN,,,,          NaN,         NaN
,,,          NaN,,,,          NaN,         NaN
,,,          NaN,,,,          NaN,         NaN
,,,          NaN,,,,          NaN,         NaN
,,,          NaN,,,,          NaN,         NaN
,,,          NaN,,,,          NaN,         NaN
,,,          NaN,,,,          NaN,         NaN
,,,          NaN,,,,          NaN,         NaN
,,,          NaN,,,,          NaN,         NaN
,,,          NaN,,,,          NaN,         NaN
,,,          NaN,,,,          NaN,         NaN
,,,          NaN,,,,          NaN,         NaN
,,,          NaN,,,,          NaN,         NaN
,,,          NaN,,,,          NaN,         NaN
,,,          NaN,,,,          NaN,         NaN
,,,          NaN,,,,          NaN,         NaN
,,,          NaN,,,,          NaN,         NaN
,,,          NaN,,,,          NaN,         NaN
,,,          NaN,,,,          NaN,         NaN
,,,          NaN,,,,          NaN,         NaN
,,,          NaN,,,,          NaN,         NaN
,,,          NaN,,,,          NaN,         NaN
,,,          NaN,,,,          NaN,         NaN
,,,          NaN,,,,          NaN,         NaN
,,,          NaN,,,,          NaN,         NaN
,,,          NaN,,,,          NaN,         NaN
,,,          NaN,,,,          NaN,         NaN
,,,          NaN,,,,          NaN,         NaN
,,,          NaN,,,,          NaN,         NaN
,,,          NaN,,,,          NaN,         NaN
,,,          NaN,,,,          NaN,         NaN
,,,          NaN,,,,          NaN,         NaN
,,,          NaN,,,,          NaN,         NaN
,,,          NaN,,,,          NaN,         NaN
,,,          NaN,,,,          NaN,         NaN
,,,          NaN,,,,          NaN,         NaN
,,,          NaN,,,,          NaN,         NaN
,,,          NaN,,,,          NaN,         NaN
,,,          NaN,,,,          NaN,         NaN
,,,          NaN,,,,          NaN,         NaN
,,,          NaN,,,,          NaN,         NaN
,,,          NaN,,,,          NaN,         NaN
,,,          NaN,,,,          NaN,         NaN
,,,          NaN,,,,          NaN,         NaN
,,,          NaN,,,,          NaN,         NaN
,,,          NaN,,,,          NaN,         NaN
,,,          NaN,,,,          NaN,         NaN
,,,          NaN,,,,          NaN,         NaN
,,,          NaN,,,,          NaN,         NaN
,,,          NaN,,,,          NaN,         NaN
,,,          NaN,,,,          NaN,         NaN
,,,          NaN,,,,          NaN,         NaN
,,,          NaN,,,,          NaN,         NaN
,,,          NaN,,,,          NaN,         NaN
,,,          NaN,,,,          NaN,         NaN
,,,          NaN,,,,          NaN,         NaN
,,,          NaN,,,,          NaN,         NaN
,,,          NaN,,,,          NaN,         NaN
,,,          NaN,,,,          NaN,         NaN
,,,          NaN,,,,          NaN,         NaN
,,,          NaN,,,,          NaN,         NaN
,,,          NaN,,,,          NaN,         NaN
,,,          NaN,,,,          NaN,         NaN
,,,          NaN,,,,          NaN,         NaN
,,,          NaN,,,,          NaN,         NaN
,,,          NaN,,,,          NaN,         NaN
,,,          NaN,,,,          NaN,         NaN
,,,          NaN,,,,          NaN,         NaN
,,,          NaN,,,,          NaN,         NaN
,,,          NaN,,,,          NaN,         NaN
,,,          NaN,,,,          NaN,         NaN
,,,          NaN,,,,          NaN,         NaN
,,,          NaN,,,,          NaN,         NaN
,,,          NaN,,,,          NaN,         NaN
,,,          NaN,,,,          NaN,         NaN
,,,          NaN,,,,          NaN,         NaN
,,,          NaN,,,,          NaN,         NaN
,,,          NaN,,,,          NaN,         NaN
,,,          NaN,,,,          NaN,         NaN
,,,          NaN,,,,          NaN,         NaN
,,,          NaN,,,,          NaN,         NaN
,,,          NaN,,,,          NaN,         NaN
,,,          NaN,,,,          NaN,         NaN
,,,          NaN,,,,          NaN,         NaN
,,,          NaN,,,,          NaN,         NaN
,,,          NaN,,,,          NaN,         NaN
,,,          NaN,,,,          NaN,         NaN
,,,          NaN,,,,          NaN,         NaN
,,,          NaN,,,,          NaN,         NaN
,,,          NaN,,,,          NaN,         NaN
,,,          NaN,,,,          NaN,         NaN
,,,          NaN,,,,          NaN,         NaN
,,,          NaN,,,,          NaN,         NaN
,,,          NaN,,,,          NaN,         NaN
,,,          NaN,,,,          NaN,         NaN
,,,          NaN,,,,          NaN,         NaN
,,,          NaN,,,,          NaN,         NaN
,,,          NaN,,,,          NaN,         NaN
,,,          NaN,,,,          NaN,         NaN
,,,          NaN,,,,          NaN,         NaN
,,,          NaN,,,,          NaN,         NaN
,,,          NaN,,,,          NaN,         NaN
,,,          NaN,,,,          NaN,         NaN
,,,          NaN,,,,          NaN,         NaN
,,,          NaN,,,,          NaN,         NaN
,,,          NaN,,,,          NaN,         NaN
,,,          NaN,,,,          NaN,         NaN
,,,          NaN,,,,          NaN,         NaN
,,,          NaN,,,,          NaN,         NaN
,,,          NaN,,,,          NaN,         NaN
,,,          NaN,,,,          NaN,         NaN
,,,          NaN,,,,          NaN,         NaN
,,,          NaN,,,,          NaN,         NaN
,,,          NaN,,,,          NaN,         NaN
,,,          NaN,,,,          NaN,         NaN
,,,          NaN,,,,          NaN,         NaN
,,,          NaN,,,,          NaN,         NaN
,,,          NaN,,,,          NaN,         NaN
,,,          NaN,,,,          NaN,         NaN
,,,          NaN,,,,          NaN,         NaN
,,,          NaN,,,,          NaN,         NaN
,,,          NaN,,,,          NaN,         NaN
,,,          NaN,,,,          NaN,         NaN
,,,          NaN,,,,          NaN,         NaN
,,,          NaN,,,,          NaN,         NaN
,,,          NaN,,,,          NaN,         NaN
,,,          NaN,,,,          NaN,         NaN
,,,          NaN,,,,          NaN,         NaN
,,,          NaN,,,,          NaN,         NaN
,,,          NaN,,,,          NaN,         NaN
,,,          NaN,,,,          NaN,         NaN
,,,          NaN,,,,          NaN,         NaN
,,,          NaN,,,,          NaN,         NaN
,,,          NaN,,,,          NaN,         NaN
,,,          NaN,,,,          NaN,         NaN
,,,          NaN,,,,          NaN,         NaN
,,,          NaN,,,,          NaN,         NaN
,,,          NaN,,,,          NaN,         NaN
,,,          NaN,,,,          NaN,         NaN
,,,          NaN,,,,          NaN,         NaN
,,,          NaN,,,,          NaN,         NaN
,,,          NaN,,,,          NaN,         NaN
,,,          NaN,,,,          NaN,         NaN
,,,          NaN,,,,          NaN,         NaN
,,,          NaN,,,,          NaN,         NaN
,,,          NaN,,,,          NaN,         NaN
,,,          NaN,,,,          NaN,         NaN
,,,          NaN,,,,          NaN,         NaN
,,,          NaN,,,,          NaN,         NaN
,,,          NaN,,,,          NaN,         NaN
,,,          NaN,,,,          NaN,         NaN
,,,          NaN,,,,          NaN,         NaN
,,,          NaN,,,,          NaN,         NaN
,,,          NaN,,,,          NaN,         NaN
,,,          NaN,,,,          NaN,         NaN
,,,          NaN,,,,          NaN,         NaN
,,,          NaN,,,,          NaN,         NaN
,,,          NaN,,,,          NaN,         NaN
,,,          NaN,,,,          NaN,         NaN
,,,          NaN,,,,          NaN,         NaN
,,,          NaN,,,,          NaN,         NaN
,,,          NaN,,,,          NaN,         NaN
,,,          NaN,,,,          NaN,         NaN
,,,          NaN,,,,          NaN,         NaN
,,,          NaN,,,,          NaN,         NaN
,,,          NaN,,,,          NaN,         NaN
,,,          NaN,,,,          NaN,         NaN
,,,          NaN,,,,          NaN,         NaN
,,,          NaN,,,,          NaN,         NaN
,,,          NaN,,,,          NaN,         NaN
,,,          NaN,,,,          NaN,         NaN
,,,          NaN,,,,          NaN,         NaN
,,,          NaN,,,,          NaN,         NaN
,,,          NaN,,,,          NaN,         NaN
,,,          NaN,,,,          NaN,         NaN
,,,          NaN,,,,          NaN,         NaN
,,,          NaN,,,,          NaN,         NaN
,,,          NaN,,,,          NaN,         NaN
,,,          NaN,,,,          NaN,         NaN
,,,          NaN,,,,          NaN,         NaN
,,,          NaN,,,,          NaN,         NaN
,,,          NaN,,,,          NaN,         NaN
,,,          NaN,,,,          NaN,         NaN
,,,          NaN,,,,          NaN,         NaN
,,,          NaN,,,,          NaN,         NaN
,,,          NaN,,,,          NaN,         NaN
,,,          NaN,,,,          NaN,         NaN
,,,          NaN,,,,          NaN,         NaN
,,,          NaN,,,,          NaN,         NaN
,,,          NaN,,,,          NaN,         NaN
,,,          NaN,,,,          NaN,         NaN
,,,          NaN,,,,          NaN,         NaN
,,,          NaN,,,,          NaN,         NaN
,,,          NaN,,,,          NaN,         NaN
,,,          NaN,,,,          NaN,         NaN
,,,          NaN,,,,          NaN,         NaN
,,,          NaN,,,,          NaN,         NaN
,,,          NaN,,,,          NaN,         NaN
,,,          NaN,,,,          NaN,         NaN
,,,          NaN,,,,          NaN,         NaN
,,,          NaN,,,,          NaN,         NaN
,,,          NaN,,,,          NaN,         NaN
,,,          NaN,,,,          NaN,         NaN
,,,          NaN,,,,          NaN,         NaN
,,,          NaN,,,,          NaN,         NaN
,,,          NaN,,,,          NaN,         NaN
,,,          NaN,,,,          NaN,         NaN
,,,          NaN,,,,          NaN,         NaN
,,,          NaN,,,,          NaN,         NaN
,,,          NaN,,,,          NaN,         NaN
,,,          NaN,,,,          NaN,         NaN
,,,          NaN,,,,          NaN,         NaN
,,,          NaN,,,,          NaN,         NaN
,,,          NaN,,,,          NaN,         NaN
,,,          NaN,,,,          NaN,         NaN
,,,          NaN,,,,          NaN,         NaN
,,,          NaN,,,,          NaN,         NaN
,,,          NaN,,,,          NaN,         NaN
,,,          NaN,,,,          NaN,         NaN
,,,          NaN,,,,          NaN,         NaN
,,,          NaN,,,,          NaN,         NaN
,,,          NaN,,,,          NaN,         NaN
,,,          NaN,,,,          NaN,         NaN
,,,          NaN,,,,          NaN,         NaN
,,,          NaN,,,,          NaN,         NaN
,,,          NaN,,,,          NaN,         NaN
,,,          NaN,,,,          NaN,         NaN
,,,          NaN,,,,          NaN,         NaN
,,,          NaN,,,,          NaN,         NaN
,,,          NaN,,,,          NaN,         NaN
,,,          NaN,,,,          NaN,         NaN
,,,          NaN,,,,          NaN,         NaN
,,,          NaN,,,,          NaN,         NaN
,,,          NaN,,,,          NaN,         NaN
,,,          NaN,,,,          NaN,         NaN
,,,          NaN,,,,          NaN,         NaN
,,,          NaN,,,,          NaN,         NaN
,,,          NaN,,,,          NaN,         NaN
,,,          NaN,,,,          NaN,         NaN
,,,          NaN,,,,          NaN,         NaN
,,,          NaN,,,,          NaN,         NaN
,,,          NaN,,,,          NaN,         NaN
,,,          NaN,,,,          NaN,         NaN
,,,          NaN,,,,          NaN,         NaN
,,,          NaN,,,,          NaN,         NaN
,,,          NaN,,,,          NaN,         NaN
,,,          NaN,,,,          NaN,         NaN
,,,          NaN,,,,          NaN,         NaN
,,,          NaN,,,,          NaN,         NaN
,,,          NaN,,,,          NaN,         NaN
,,,          NaN,,,,          NaN,         NaN
,,,          NaN,,,,          NaN,         NaN
,,,          NaN,,,,          NaN,         NaN
,,,          NaN,,,,          NaN,         NaN
,,,          NaN,,,,          NaN,         NaN
,,,          NaN,,,,          NaN,         NaN
,,,          NaN,,,,          NaN,         NaN
,,,          NaN,,,,          NaN,         NaN
,,,          NaN,,,,          NaN,         NaN
,,,          NaN,,,,          NaN,         NaN
,,,          NaN,,,,          NaN,         NaN
,,,          NaN,,,,          NaN,         NaN
,,,          NaN,,,,          NaN,         NaN
,,,          NaN,,,,          NaN,         NaN
,,,          NaN,,,,          NaN,         NaN
,,,          NaN,,,,          NaN,         NaN
,,,          NaN,,,,          NaN,         NaN
,,,          NaN,,,,          NaN,         NaN
,,,          NaN,,,,          NaN,         NaN
,,,          NaN,,,,          NaN,         NaN
,,,          NaN,,,,          NaN,         NaN
,,,          NaN,,,,          NaN,         NaN
,,,          NaN,,,,          NaN,         NaN
,,,          NaN,,,,          NaN,         NaN
,,,          NaN,,,,          NaN,         NaN
,,,          NaN,,,,          NaN,         NaN
,,,          NaN,,,,          NaN,         NaN
,,,          NaN,,,,          NaN,         NaN
,,,          NaN,,,,          NaN,         NaN
,,,          NaN,,,,          NaN,         NaN
,,,          NaN,,,,          NaN,         NaN
,,,          NaN,,,,          NaN,         NaN
,,,          NaN,,,,          NaN,         NaN
,,,          NaN,,,,          NaN,         NaN
,,,          NaN,,,,          NaN,         NaN
,,,          NaN,,,,          NaN,         NaN
,,,          NaN,,,,          NaN,         NaN
,,,          NaN,,,,          NaN,         NaN
,,,          NaN,,,,          NaN,         NaN
,,,          NaN,,,,          NaN,         NaN
,,,          NaN,,,,          NaN,         NaN
,,,          NaN,,,,          NaN,         NaN
,,,          NaN,,,,          NaN,         NaN
,,,          NaN,,,,          NaN,         NaN
,,,          NaN,,,,          NaN,         NaN
,,,          NaN,,,,          NaN,         NaN
,,,          NaN,,,,          NaN,         NaN
,,,          NaN,,,,          NaN,         NaN
,,,          NaN,,,,          NaN,         NaN
,,,          NaN,,,,          NaN,         NaN
,,,          NaN,,,,          NaN,         NaN
,,,          NaN,,,,          NaN,         NaN
,,,          NaN,,,,          NaN,         NaN
,,,          NaN,,,,          NaN,         NaN
,,,          NaN,,,,          NaN,         NaN
,,,          NaN,,,,          NaN,         NaN
,,,          NaN,,,,          NaN,         NaN
,,,          NaN,,,,          NaN,         NaN
,,,          NaN,,,,          NaN,         NaN
,,,          NaN,,,,          NaN,         NaN
,,,          NaN,,,,          NaN,         NaN
,,,          NaN,,,,          NaN,         NaN
,,,          NaN,,,,          NaN,         NaN
,,,          NaN,,,,          NaN,         NaN
,,,          NaN,,,,          NaN,         NaN
,,,          NaN,,,,          NaN,         NaN
,,,          NaN,,,,          NaN,         NaN
,,,          NaN,,,,          NaN,         NaN
,,,          NaN,,,,          NaN,         NaN
,,,          NaN,,,,          NaN,         NaN
,,,          NaN,,,,          NaN,         NaN
,,,          NaN,,,,          NaN,         NaN
,,,          NaN,,,,          NaN,         NaN
,,,          NaN,,,,          NaN,         NaN
,,,          NaN,,,,          NaN,         NaN
,,,          NaN,,,,          NaN,         NaN
,,,          NaN,,,,          NaN,         NaN
,,,          NaN,,,,          NaN,         NaN
,,,          NaN,,,,          NaN,         NaN
,,,          NaN,,,,          NaN,         NaN
,,,          NaN,,,,          NaN,         NaN
,,,          NaN,,,,          NaN,         NaN
,,,          NaN,,,,          NaN,         NaN
,,,          NaN,,,,          NaN,         NaN
,,,          NaN,,,,          NaN,         NaN
,,,          NaN,,,,          NaN,         NaN
,,,          NaN,,,,          NaN,         NaN
,,,          NaN,,,,          NaN,         NaN
,,,          NaN,,,,          NaN,         NaN
,,,          NaN,,,,          NaN,         NaN
,,,          NaN,,,,          NaN,         NaN
,,,          NaN,,,,          NaN,         NaN
,,,          NaN,,,,          NaN,         NaN
,,,          NaN,,,,          NaN,         NaN
,,,          NaN,,,,          NaN,         NaN
,,,          NaN,,,,          NaN,         NaN
,,,          NaN,,,,          NaN,         NaN
,,,          NaN,,,,          NaN,         NaN
,,,          NaN,,,,          NaN,         NaN
,,,          NaN,,,,          NaN,         NaN
,,,          NaN,,,,          NaN,         NaN
,,,          NaN,,,,          NaN,         NaN
,,,          NaN,,,,          NaN,         NaN
,,,          NaN,,,,          NaN,         NaN
,,,          NaN,,,,          NaN,         NaN
,,,          NaN,,,,          NaN,         NaN
,,,          NaN,,,,          NaN,         NaN
,,,          NaN,,,,          NaN,         NaN
,,,          NaN,,,,          NaN,         NaN
,,,          NaN,,,,          NaN,         NaN
,,,          NaN,,,,          NaN,         NaN
,,,          NaN,,,,          NaN,         NaN
,,,          NaN,,,,          NaN,         NaN
,,,          NaN,,,,          NaN,         NaN
,,,          NaN,,,,          NaN,         NaN
,,,          NaN,,,,          NaN,         NaN
,,,          NaN,,,,          NaN,         NaN
,,,          NaN,,,,          NaN,         NaN
,,,          NaN,,,,          NaN,         NaN
,,,          NaN,,,,          NaN,         NaN
,,,          NaN,,,,          NaN,         NaN
,,,          NaN,,,,          NaN,         NaN
,,,          NaN,,,,          NaN,         NaN
,,,          NaN,,,,          NaN,         NaN
,,,          NaN,,,,          NaN,         NaN
,,,          NaN,,,,          NaN,         NaN
,,,          NaN,,,,          NaN,         NaN
,,,          NaN,,,,          NaN,         NaN
,,,          NaN,,,,          NaN,         NaN
,,,          NaN,,,,          NaN,         NaN
,,,          NaN,,,,          NaN,         NaN
,,,          NaN,,,,          NaN,         NaN
,,,          NaN,,,,          NaN,         NaN
,,,          NaN,,,,          NaN,         NaN
,,,          NaN,,,,          NaN,         NaN
,,,          NaN,,,,          NaN,         NaN
,,,          NaN,,,,          NaN,         NaN
,,,          NaN,,,,          NaN,         NaN
,,,          NaN,,,,          NaN,         NaN
,,,          NaN,,,,          NaN,         NaN
,,,          NaN,,,,          NaN,         NaN
,,,          NaN,,,,          NaN,         NaN
,,,          NaN,,,,          NaN,         NaN
,,,          NaN,,,,          NaN,         NaN
,,,          NaN,,,,          NaN,         NaN
,,,          NaN,,,,          NaN,         NaN
,,,          NaN,,,,          NaN,         NaN
,,,          NaN,,,,          NaN,         NaN
,,,          NaN,,,,          NaN,         NaN
,,,          NaN,,,,          NaN,         NaN
,,,          NaN,,,,          NaN,         NaN
,,,          NaN,,,,          NaN,         NaN
,,,          NaN,,,,          NaN,         NaN
,,,          NaN,,,,          NaN,         NaN
,,,          NaN,,,,          NaN,         NaN
,,,          NaN,,,,          NaN,         NaN
,,,          NaN,,,,          NaN,         NaN
,,,          NaN,,,,          NaN,         NaN
,,,          NaN,,,,          NaN,         NaN
,,,          NaN,,,,          NaN,         NaN
,,,          NaN,,,,          NaN,         NaN
,,,          NaN,,,,          NaN,         NaN
,,,          NaN,,,,          NaN,         NaN
,,,          NaN,,,,          NaN,         NaN
,,,          NaN,,,,          NaN,         NaN
,,,          NaN,,,,          NaN,         NaN
,,,          NaN,,,,          NaN,         NaN
,,,          NaN,,,,          NaN,         NaN
,,,          NaN,,,,          NaN,         NaN
,,,          NaN,,,,          NaN,         NaN
,,,          NaN,,,,          NaN,         NaN
,,,          NaN,,,,          NaN,         NaN
,,,          NaN,,,,          NaN,         NaN
,,,          NaN,,,,          NaN,         NaN
,,,          NaN,,,,          NaN,         NaN
,,,          NaN,,,,          NaN,         NaN
,,,          NaN,,,,          NaN,         NaN
,,,          NaN,,,,          NaN,         NaN
,,,          NaN,,,,          NaN,         NaN
,,,          NaN,,,,          NaN,         NaN
,,,          NaN,,,,          NaN,         NaN
,,,          NaN,,,,          NaN,         NaN
,,,          NaN,,,,          NaN,         NaN
,,,          NaN,,,,          NaN,         NaN
,,,          NaN,,,,          NaN,         NaN
,,,          NaN,,,,          NaN,         NaN
,,,          NaN,,,,          NaN,         NaN
,,,          NaN,,,,          NaN,         NaN
,,,          NaN,,,,          NaN,         NaN
,,,          NaN,,,,          NaN,         NaN
,,,          NaN,,,,          NaN,         NaN
,,,          NaN,,,,          NaN,         NaN
,,,          NaN,,,,          NaN,         NaN
,,,          NaN,,,,          NaN,         NaN
,,,          NaN,,,,          NaN,         NaN
,,,          NaN,,,,          NaN,         NaN
,,,          NaN,,,,          NaN,         NaN
,,,          NaN,,,,          NaN,         NaN
,,,          NaN,,,,          NaN,         NaN
,,,          NaN,,,,          NaN,         NaN
,,,          NaN,,,,          NaN,         NaN
,,,          NaN,,,,          NaN,         NaN
,,,          NaN,,,,          NaN,         NaN
,,,          NaN,,,,          NaN,         NaN
,,,          NaN,,,,          NaN,         NaN
,,,          NaN,,,,          NaN,         NaN
,,,          NaN,,,,          NaN,         NaN
,,,          NaN,,,,          NaN,         NaN
,,,          NaN,,,,          NaN,         NaN
,,,          NaN,,,,          NaN,         NaN
,,,          NaN,,,,          NaN,         NaN
,,,          NaN,,,,          NaN,         NaN
,,,          NaN,,,,          NaN,         NaN
,,,          NaN,,,,          NaN,         NaN
,,,          NaN,,,,          NaN,         NaN
,,,          NaN,,,,          NaN,         NaN
,,,          NaN,,,,          NaN,         NaN
,,,          NaN,,,,          NaN,         NaN
,,,          NaN,,,,          NaN,         NaN
,,,          NaN,,,,          NaN,         NaN
,,,          NaN,,,,          NaN,         NaN
,,,          NaN,,,,          NaN,         NaN
,,,          NaN,,,,          NaN,         NaN
,,,          NaN,,,,          NaN,         NaN
,,,          NaN,,,,          NaN,         NaN
,,,          NaN,,,,          NaN,         NaN
,,,          NaN,,,,          NaN,         NaN
,,,          NaN,,,,          NaN,         NaN
,,,          NaN,,,,          NaN,         NaN
,,,          NaN,,,,          NaN,         NaN
,,,          NaN,,,,          NaN,         NaN
,,,          NaN,,,,          NaN,         NaN
,,,          NaN,,,,          NaN,         NaN
,,,          NaN,,,,          NaN,         NaN
,,,          NaN,,,,          NaN,         NaN
,,,          NaN,,,,          NaN,         NaN
,,,          NaN,,,,          NaN,         NaN
,,,          NaN,,,,          NaN,         NaN
,,,          NaN,,,,          NaN,         NaN
,,,          NaN,,,,          NaN,         NaN
,,,          NaN,,,,          NaN,         NaN
,,,          NaN,,,,          NaN,         NaN
,,,          NaN,,,,          NaN,         NaN
,,,          NaN,,,,          NaN,         NaN
,,,          NaN,,,,          NaN,         NaN
,,,          NaN,,,,          NaN,         NaN
,,,          NaN,,,,          NaN,         NaN
,,,          NaN,,,,          NaN,         NaN
,,,          NaN,,,,          NaN,         NaN
,,,          NaN,,,,          NaN,         NaN
,,,          NaN,,,,          NaN,         NaN
,,,          NaN,,,,          NaN,         NaN
,,,          NaN,,,,          NaN,         NaN
,,,          NaN,,,,          NaN,         NaN
,,,          NaN,,,,          NaN,         NaN
,,,          NaN,,,,          NaN,         NaN
,,,          NaN,,,,          NaN,         NaN
,,,          NaN,,,,          NaN,         NaN
,,,          NaN,,,,          NaN,         NaN
,,,          NaN,,,,          NaN,         NaN
,,,          NaN,,,,          NaN,         NaN
,,,          NaN,,,,          NaN,         NaN
,,,          NaN,,,,          NaN,         NaN
,,,          NaN,,,,          NaN,         NaN
,,,          NaN,,,,          NaN,         NaN
,,,          NaN,,,,          NaN,         NaN
,,,          NaN,,,,          NaN,         NaN
,,,          NaN,,,,          NaN,         NaN
,,,          NaN,,,,          NaN,         NaN
,,,          NaN,,,,          NaN,         NaN
,,,          NaN,,,,          NaN,         NaN
,,,          NaN,,,,          NaN,         NaN
,,,          NaN,,,,          NaN,         NaN
,,,          NaN,,,,          NaN,         NaN
,,,          NaN,,,,          NaN,         NaN
,,,          NaN,,,,          NaN,         NaN
,,,          NaN,,,,          NaN,         NaN
,,,          NaN,,,,          NaN,         NaN
,,,          NaN,,,,          NaN,         NaN
,,,          NaN,,,,          NaN,         NaN
,,,          NaN,,,,          NaN,         NaN
,,,          NaN,,,,          NaN,         NaN
,,,          NaN,,,,          NaN,         NaN
,,,          NaN,,,,          NaN,         NaN
,,,          NaN,,,,          NaN,         NaN
,,,          NaN,,,,          NaN,         NaN
,,,          NaN,,,,          NaN,         NaN
,,,          NaN,,,,          NaN,         NaN
,,,          NaN,,,,          NaN,         NaN
,,,          NaN,,,,          NaN,         NaN
,,,          NaN,,,,          NaN,         NaN
,,,          NaN,,,,          NaN,         NaN
,,,          NaN,,,,          NaN,         NaN
,,,          NaN,,,,          NaN,         NaN
,,,          NaN,,,,          NaN,         NaN
,,,          NaN,,,,          NaN,         NaN
,,,          NaN,,,,          NaN,         NaN
,,,          NaN,,,,          NaN,         NaN
,,,          NaN,,,,          NaN,         NaN
,,,          NaN,,,,          NaN,         NaN
,,,          NaN,,,,          NaN,         NaN
,,,          NaN,,,,          NaN,         NaN
,,,          NaN,,,,          NaN,         NaN
,,,          NaN,,,,          NaN,         NaN
,,,          NaN,,,,          NaN,         NaN
,,,          NaN,,,,          NaN,         NaN
,,,          NaN,,,,          NaN,         NaN
,,,          NaN,,,,          NaN,         NaN
,,,          NaN,,,,          NaN,         NaN
,,,          NaN,,,,          NaN,         NaN
,,,          NaN,,,,          NaN,         NaN
,,,          NaN,,,,          NaN,         NaN
,,,          NaN,,,,          NaN,         NaN
,,,          NaN,,,,          NaN,         NaN
,,,          NaN,,,,          NaN,         NaN
,,,          NaN,,,,          NaN,         NaN
,,,          NaN,,,,          NaN,         NaN
,,,          NaN,,,,          NaN,         NaN
,,,          NaN,,,,          NaN,         NaN
,,,          NaN,,,,          NaN,         NaN
,,,          NaN,,,,          NaN,         NaN
,,,          NaN,,,,          NaN,         NaN
,,,          NaN,,,,          NaN,         NaN
,,,          NaN,,,,          NaN,         NaN
,,,          NaN,,,,          NaN,         NaN
,,,          NaN,,,,          NaN,         NaN
,,,          NaN,,,,          NaN,         NaN
,,,          NaN,,,,          NaN,         NaN
,,,          NaN,,,,          NaN,         NaN
,,,          NaN,,,,          NaN,         NaN
,,,          NaN,,,,          NaN,         NaN
,,,          NaN,,,,          NaN,         NaN
,,,          NaN,,,,          NaN,         NaN
,,,          NaN,,,,          NaN,         NaN
,,,          NaN,,,,          NaN,         NaN
,,,          NaN,,,,          NaN,         NaN
,,,          NaN,,,,          NaN,         NaN
,,,          NaN,,,,          NaN,         NaN
,,,          NaN,,,,          NaN,         NaN
,,,          NaN,,,,          NaN,         NaN
,,,          NaN,,,,          NaN,         NaN
,,,          NaN,,,,          NaN,         NaN
,,,          NaN,,,,          NaN,         NaN
,,,          NaN,,,,          NaN,         NaN
,,,          NaN,,,,          NaN,         NaN
,,,          NaN,,,,          NaN,         NaN
,,,          NaN,,,,          NaN,         NaN
,,,          NaN,,,,          NaN,         NaN
,,,          NaN,,,,          NaN,         NaN
,,,          NaN,,,,          NaN,         NaN
,,,          NaN,,,,          NaN,         NaN
,,,          NaN,,,,          NaN,         NaN
,,,          NaN,,,,          NaN,         NaN
,,,          NaN,,,,          NaN,         NaN
,,,          NaN,,,,          NaN,         NaN
,,,          NaN,,,,          NaN,         NaN
,,,          NaN,,,,          NaN,         NaN
,,,          NaN,,,,          NaN,         NaN
,,,          NaN,,,,          NaN,         NaN
,,,          NaN,,,,          NaN,         NaN
,,,          NaN,,,,          NaN,         NaN
,,,          NaN,,,,          NaN,         NaN
,,,          NaN,,,,          NaN,         NaN
,,,          NaN,,,,          NaN,         NaN
,,,          NaN,,,,          NaN,         NaN
,,,          NaN,,,,          NaN,         NaN
,,,          NaN,,,,          NaN,         NaN
,,,          NaN,,,,          NaN,         NaN
,,,          NaN,,,,          NaN,         NaN
,,,          NaN,,,,          NaN,         NaN
,,,          NaN,,,,          NaN,         NaN
,,,          NaN,,,,          NaN,         NaN
,,,          NaN,,,,          NaN,         NaN
,,,          NaN,,,,          NaN,         NaN
,,,          NaN,,,,          NaN,         NaN
,,,          NaN,,,,          NaN,         NaN
,,,          NaN,,,,          NaN,         NaN
,,,          NaN,,,,          NaN,         NaN
,,,          NaN,,,,          NaN,         NaN
,,,          NaN,,,,          NaN,         NaN
,,,          NaN,,,,          NaN,         NaN
,,,          NaN,,,,          NaN,         NaN
,,,          NaN,,,,          NaN,         NaN
,,,          NaN,,,,          NaN,         NaN
,,,          NaN,,,,          NaN,         NaN
,,,          NaN,,,,          NaN,         NaN
,,,          NaN,,,,          NaN,         NaN
,,,          NaN,,,,          NaN,         NaN
,,,          NaN,,,,          NaN,         NaN
,,,          NaN,,,,          NaN,         NaN
,,,          NaN,,,,          NaN,         NaN
,,,          NaN,,,,          NaN,         NaN
,,,          NaN,,,,          NaN,         NaN
,,,          NaN,,,,          NaN,         NaN
,,,          NaN,,,,          NaN,         NaN
,,,          NaN,,,,          NaN,         NaN
,,,          NaN,,,,          NaN,         NaN
,,,          NaN,,,,          NaN,         NaN
,,,          NaN,,,,          NaN,         NaN
,,,          NaN,,,,          NaN,         NaN
,,,          NaN,,,,          NaN,         NaN
,,,          NaN,,,,          NaN,         NaN
,,,          NaN,,,,          NaN,         NaN
,,,          NaN,,,,          NaN,         NaN
,,,          NaN,,,,          NaN,         NaN
,,,          NaN,,,,          NaN,         NaN
,,,          NaN,,,,          NaN,         NaN
,,,          NaN,,,,          NaN,         NaN
,,,          NaN,,,,          NaN,         NaN
,,,          NaN,,,,          NaN,         NaN
,,,          NaN,,,,          NaN,         NaN
,,,          NaN,,,,          NaN,         NaN
,,,          NaN,,,,          NaN,         NaN
,,,          NaN,,,,          NaN,         NaN
,,,          NaN,,,,          NaN,         NaN
,,,          NaN,,,,          NaN,         NaN
,,,          NaN,,,,          NaN,         NaN
,,,          NaN,,,,          NaN,         NaN
,,,          NaN,,,,          NaN,         NaN
,,,          NaN,,,,          NaN,         NaN
,,,          NaN,,,,          NaN,         NaN
,,,          NaN,,,,          NaN,         NaN
,,,          NaN,,,,          NaN,         NaN
,,,          NaN,,,,          NaN,         NaN
,,,          NaN,,,,          NaN,         NaN
,,,          NaN,,,,          NaN,         NaN
,,,          NaN,,,,          NaN,         NaN
,,,          NaN,,,,          NaN,         NaN
,,,          NaN,,,,          NaN,         NaN
,,,          NaN,,,,          NaN,         NaN
,,,          NaN,,,,          NaN,         NaN
,,,          NaN,,,,          NaN,         NaN
,,,          NaN,,,,          NaN,         NaN
,,,          NaN,,,,          NaN,         NaN
,,,          NaN,,,,          NaN,         NaN
,,,          NaN,,,,          NaN,         NaN
,,,          NaN,,,,          NaN,         NaN
,,,          NaN,,,,          NaN,         NaN
,,,          NaN,,,,          NaN,         NaN
,,,          NaN,,,,          NaN,         NaN
,,,          NaN,,,,          NaN,         NaN
,,,          NaN,,,,          NaN,         NaN
,,,          NaN,,,,          NaN,         NaN
,,,          NaN,,,,          NaN,         NaN
,,,          NaN,,,,          NaN,         NaN
,,,          NaN,,,,          NaN,         NaN
,,,          NaN,,,,          NaN,         NaN
,,,          NaN,,,,          NaN,         NaN
,,,          NaN,,,,          NaN,         NaN
,,,          NaN,,,,          NaN,         NaN
,,,          NaN,,,,          NaN,         NaN
,,,          NaN,,,,          NaN,         NaN
,,,          NaN,,,,          NaN,         NaN
,,,          NaN,,,,          NaN,         NaN
,,,          NaN,,,,          NaN,         NaN
,,,          NaN,,,,          NaN,         NaN
,,,          NaN,,,,          NaN,         NaN
,,,          NaN,,,,          NaN,         NaN
,,,          NaN,,,,          NaN,         NaN
,,,          NaN,,,,          NaN,         NaN
,,,          NaN,,,,          NaN,         NaN
,,,          NaN,,,,          NaN,         NaN
,,,          NaN,,,,          NaN,         NaN
,,,          NaN,,,,          NaN,         NaN
,,,          NaN,,,,          NaN,         NaN
,,,          NaN,,,,          NaN,         NaN
,,,          NaN,,,,          NaN,         NaN
,,,          NaN,,,,          NaN,         NaN
,,,          NaN,,,,          NaN,         NaN
,,,          NaN,,,,          NaN,         NaN
,,,          NaN,,,,          NaN,         NaN
,,,          NaN,,,,          NaN,         NaN
,,,          NaN,,,,          NaN,         NaN
,,,          NaN,,,,          NaN,         NaN
,,,          NaN,,,,          NaN,         NaN
,,,          NaN,,,,          NaN,         NaN
,,,          NaN,,,,          NaN,         NaN
,,,          NaN,,,,          NaN,         NaN
,,,          NaN,,,,          NaN,         NaN
,,,          NaN,,,,          NaN,         NaN
,,,          NaN,,,,          NaN,         NaN
,,,          NaN,,,,          NaN,         NaN
,,,          NaN,,,,          NaN,         NaN
,,,          NaN,,,,          NaN,         NaN
,,,          NaN,,,,          NaN,         NaN
,,,          NaN,,,,          NaN,         NaN
,,,          NaN,,,,          NaN,         NaN
,,,          NaN,,,,          NaN,         NaN
,,,          NaN,,,,          NaN,         NaN
,,,          NaN,,,,          NaN,         NaN
,,,          NaN,,,,          NaN,         NaN
,,,          NaN,,,,          NaN,         NaN
,,,          NaN,,,,          NaN,         NaN
,,,          NaN,,,,          NaN,         NaN
,,,          NaN,,,,          NaN,         NaN
,,,          NaN,,,,          NaN,         NaN
,,,          NaN,,,,          NaN,         NaN
,,,          NaN,,,,          NaN,         NaN
,,,          NaN,,,,          NaN,         NaN
,,,          NaN,,,,          NaN,         NaN
,,,          NaN,,,,          NaN,         NaN
,,,          NaN,,,,          NaN,         NaN
,,,          NaN,,,,          NaN,         NaN
,,,          NaN,,,,          NaN,         NaN
,,,          NaN,,,,          NaN,         NaN
,,,          NaN,,,,          NaN,         NaN
,,,          NaN,,,,          NaN,         NaN
,,,          NaN,,,,          NaN,         NaN
,,,          NaN,,,,          NaN,         NaN
,,,          NaN,,,,          NaN,         NaN
,,,          NaN,,,,          NaN,         NaN
,,,          NaN,,,,          NaN,         NaN
,,,          NaN,,,,          NaN,         NaN
,,,          NaN,,,,          NaN,         NaN
,,,          NaN,,,,          NaN,         NaN
,,,          NaN,,,,          NaN,         NaN
,,,          NaN,,,,          NaN,         NaN
,,,          NaN,,,,          NaN,         NaN
,,,          NaN,,,,          NaN,         NaN
,,,          NaN,,,,          NaN,         NaN
,,,          NaN,,,,          NaN,         NaN
,,,          NaN,,,,          NaN,         NaN
,,,          NaN,,,,          NaN,         NaN
,,,          NaN,,,,          NaN,         NaN
,,,          NaN,,,,          NaN,         NaN
,,,          NaN,,,,          NaN,         NaN
,,,          NaN,,,,          NaN,         NaN
,,,          NaN,,,,          NaN,         NaN
,,,          NaN,,,,          NaN,         NaN
,,,          NaN,,,,          NaN,         NaN
,,,          NaN,,,,          NaN,         NaN
,,,          NaN,,,,          NaN,         NaN
,,,          NaN,,,,          NaN,         NaN
,,,          NaN,,,,          NaN,         NaN
,,,          NaN,,,,          NaN,         NaN
,,,          NaN,,,,          NaN,         NaN
,,,          NaN,,,,          NaN,         NaN
,,,          NaN,,,,          NaN,         NaN
,,,          NaN,,,,          NaN,         NaN
,,,          NaN,,,,          NaN,         NaN
,,,          NaN,,,,          NaN,         NaN
,,,          NaN,,,,          NaN,         NaN
,,,          NaN,,,,          NaN,         NaN
,,,          NaN,,,,          NaN,         NaN
,,,          NaN,,,,          NaN,         NaN
,,,          NaN,,,,          NaN,         NaN
,,,          NaN,,,,          NaN,         NaN
,,,          NaN,,,,          NaN,         NaN
,,,          NaN,,,,          NaN,         NaN
,,,          NaN,,,,          NaN,         NaN
,,,          NaN,,,,          NaN,         NaN
,,,          NaN,,,,          NaN,         NaN
,,,          NaN,,,,          NaN,         NaN
,,,          NaN,,,,          NaN,         NaN
,,,          NaN,,,,          NaN,         NaN
,,,          NaN,,,,          NaN,         NaN
,,,          NaN,,,,          NaN,         NaN
,,,          NaN,,,,          NaN,         NaN
,,,          NaN,,,,          NaN,         NaN
,,,          NaN,,,,          NaN,         NaN
,,,          NaN,,,,          NaN,         NaN
,,,          NaN,,,,          NaN,         NaN
,,,          NaN,,,,          NaN,         NaN
,,,          NaN,,,,          NaN,         NaN
,,,          NaN,,,,          NaN,         NaN
,,,          NaN,,,,          NaN,         NaN
,,,          NaN,,,,          NaN,         NaN
,,,          NaN,,,,          NaN,         NaN
,,,          NaN,,,,          NaN,         NaN
,,,          NaN,,,,          NaN,         NaN
,,,          NaN,,,,          NaN,         NaN
,,,          NaN,,,,          NaN,         NaN
,,,          NaN,,,,          NaN,         NaN
,,,          NaN,,,,          NaN,         NaN
,,,          NaN,,,,          NaN,         NaN
,,,          NaN,,,,          NaN,         NaN
,,,          NaN,,,,          NaN,         NaN
,,,          NaN,,,,          NaN,         NaN
,,,          NaN,,,,          NaN,         NaN
,,,          NaN,,,,          NaN,         NaN
,,,          NaN,,,,          NaN,         NaN
,,,          NaN,,,,          NaN,         NaN
,,,          NaN,,,,          NaN,         NaN
,,,          NaN,,,,          NaN,         NaN
,,,          NaN,,,,          NaN,         NaN
,,,          NaN,,,,          NaN,         NaN
,,,          NaN,,,,          NaN,         NaN
,,,          NaN,,,,          NaN,         NaN
,,,          NaN,,,,          NaN,         NaN
,,,          NaN,,,,          NaN,         NaN
,,,          NaN,,,,          NaN,         NaN
,,,          NaN,,,,          NaN,         NaN
,,,          NaN,,,,          NaN,         NaN
,,,          NaN,,,,          NaN,         NaN
,,,          NaN,,,,          NaN,         NaN
,,,          NaN,,,,          NaN,         NaN
,,,          NaN,,,,          NaN,         NaN
,,,          NaN,,,,          NaN,         NaN
,,,          NaN,,,,          NaN,         NaN
,,,          NaN,,,,          NaN,         NaN
,,,          NaN,,,,          NaN,         NaN
,,,          NaN,,,,          NaN,         NaN
,,,          NaN,,,,          NaN,         NaN
,,,          NaN,,,,          NaN,         NaN
,,,          NaN,,,,          NaN,         NaN
,,,          NaN,,,,          NaN,         NaN
,,,          NaN,,,,          NaN,         NaN
,,,          NaN,,,,          NaN,         NaN
,,,          NaN,,,,          NaN,         NaN
,,,          NaN,,,,          NaN,         NaN
,,,          NaN,,,,          NaN,         NaN
,,,          NaN,,,,          NaN,         NaN
,,,          NaN,,,,          NaN,         NaN
,,,          NaN,,,,          NaN,         NaN
,,,          NaN,,,,          NaN,         NaN
,,,          NaN,,,,          NaN,         NaN
,,,          NaN,,,,          NaN,         NaN
,,,          NaN,,,,          NaN,         NaN
,,,          NaN,,,,          NaN,         NaN
,,,          NaN,,,,          NaN,         NaN
,,,          NaN,,,,          NaN,         NaN
,,,          NaN,,,,          NaN,         NaN
,,,          NaN,,,,          NaN,         NaN
,,,          NaN,,,,          NaN,         NaN
,,,          NaN,,,,          NaN,         NaN
,,,          NaN,,,,          NaN,         NaN
,,,          NaN,,,,          NaN,         NaN
,,,          NaN,,,,          NaN,         NaN
,,,          NaN,,,,          NaN,         NaN
,,,          NaN,,,,          NaN,         NaN
,,,          NaN,,,,          NaN,         NaN
,,,          NaN,,,,          NaN,         NaN
,,,          NaN,,,,          NaN,         NaN
,,,          NaN,,,,          NaN,         NaN
,,,          NaN,,,,          NaN,         NaN
,,,          NaN,,,,          NaN,         NaN
,,,          NaN,,,,          NaN,         NaN
,,,          NaN,,,,          NaN,         NaN
,,,          NaN,,,,          NaN,         NaN
,,,          NaN,,,,          NaN,         NaN
,,,          NaN,,,,          NaN,         NaN
,,,          NaN,,,,          NaN,         NaN
,,,          NaN,,,,          NaN,         NaN
,,,          NaN,,,,          NaN,         NaN
,,,          NaN,,,,          NaN,         NaN
,,,          NaN,,,,          NaN,         NaN
,,,          NaN,,,,          NaN,         NaN
,,,          NaN,,,,          NaN,         NaN
,,,          NaN,,,,          NaN,         NaN
,,,          NaN,,,,          NaN,         NaN
,,,          NaN,,,,          NaN,         NaN
,,,          NaN,,,,          NaN,         NaN
,,,          NaN,,,,          NaN,         NaN
,,,          NaN,,,,          NaN,         NaN
,,,          NaN,,,,          NaN,         NaN
,,,          NaN,,,,          NaN,         NaN
,,,          NaN,,,,          NaN,         NaN
,,,          NaN,,,,          NaN,         NaN
,,,          NaN,,,,          NaN,         NaN
,,,          NaN,,,,          NaN,         NaN
,,,          NaN,,,,          NaN,         NaN
,,,          NaN,,,,          NaN,         NaN
,,,          NaN,,,,          NaN,         NaN
,,,          NaN,,,,          NaN,         NaN
,,,          NaN,,,,          NaN,         NaN
,,,          NaN,,,,          NaN,         NaN
,,,          NaN,,,,          NaN,         NaN
,,,          NaN,,,,          NaN,         NaN
,,,          NaN,,,,          NaN,         NaN
,,,          NaN,,,,          NaN,         NaN
,,,          NaN,,,,          NaN,         NaN
,,,          NaN,,,,          NaN,         NaN
,,,          NaN,,,,          NaN,         NaN
,,,          NaN,,,,          NaN,         NaN
,,,          NaN,,,,          NaN,         NaN
,,,          NaN,,,,          NaN,         NaN
,,,          NaN,,,,          NaN,         NaN
,,,          NaN,,,,          NaN,         NaN
,,,          NaN,,,,          NaN,         NaN
,,,          NaN,,,,          NaN,         NaN
,,,          NaN,,,,          NaN,         NaN
,,,          NaN,,,,          NaN,         NaN
,,,          NaN,,,,          NaN,         NaN
,,,          NaN,,,,          NaN,         NaN
,,,          NaN,,,,          NaN,         NaN
,,,          NaN,,,,          NaN,         NaN
,,,          NaN,,,,          NaN,         NaN
,,,          NaN,,,,          NaN,         NaN
,,,          NaN,,,,          NaN,         NaN
,,,          NaN,,,,          NaN,         NaN
,,,          NaN,,,,          NaN,         NaN
,,,          NaN,,,,          NaN,         NaN
,,,          NaN,,,,          NaN,         NaN
,,,          NaN,,,,          NaN,         NaN
,,,          NaN,,,,          NaN,         NaN
,,,          NaN,,,,          NaN,         NaN
,,,          NaN,,,,          NaN,         NaN
,,,          NaN,,,,          NaN,         NaN
,,,          NaN,,,,          NaN,         NaN
,,,          NaN,,,,          NaN,         NaN
,,,          NaN,,,,          NaN,         NaN
,,,          NaN,,,,          NaN,         NaN
,,,          NaN,,,,          NaN,         NaN
,,,          NaN,,,,          NaN,         NaN
,,,          NaN,,,,          NaN,         NaN
,,,          NaN,,,,          NaN,         NaN
,,,          NaN,,,,          NaN,         NaN
,,,          NaN,,,,          NaN,         NaN
,,,          NaN,,,,          NaN,         NaN
,,,          NaN,,,,          NaN,         NaN
,,,          NaN,,,,          NaN,         NaN
,,,          NaN,,,,          NaN,         NaN
,,,          NaN,,,,          NaN,         NaN
,,,          NaN,,,,          NaN,         NaN
,,,          NaN,,,,          NaN,         NaN
,,,          NaN,,,,          NaN,         NaN
,,,          NaN,,,,          NaN,         NaN
,,,          NaN,,,,          NaN,         NaN
,,,          NaN,,,,          NaN,         NaN
,,,          NaN,,,,          NaN,         NaN
,,,          NaN,,,,          NaN,         NaN
,,,          NaN,,,,          NaN,         NaN
,,,          NaN,,,,          NaN,         NaN
,,,          NaN,,,,          NaN,         NaN
,,,          NaN,,,,          NaN,         NaN
,,,          NaN,,,,          NaN,         NaN
,,,          NaN,,,,          NaN,         NaN
,,,          NaN,,,,          NaN,         NaN
,,,          NaN,,,,          NaN,         NaN
,,,          NaN,,,,          NaN,         NaN
,,,          NaN,,,,          NaN,         NaN
,,,          NaN,,,,          NaN,         NaN
,,,          NaN,,,,          NaN,         NaN
,,,          NaN,,,,          NaN,         NaN
,,,          NaN,,,,          NaN,         NaN
,,,          NaN,,,,          NaN,         NaN
,,,          NaN,,,,          NaN,         NaN
,,,          NaN,,,,          NaN,         NaN
,,,          NaN,,,,          NaN,         NaN
,,,          NaN,,,,          NaN,         NaN
,,,          NaN,,,,          NaN,         NaN
,,,          NaN,,,,          NaN,         NaN
,,,          NaN,,,,          NaN,         NaN
,,,          NaN,,,,          NaN,         NaN
,,,          NaN,,,,          NaN,         NaN
,,,          NaN,,,,          NaN,         NaN
,,,          NaN,,,,          NaN,         NaN
,,,          NaN,,,,          NaN,         NaN
,,,          NaN,,,,          NaN,         NaN
,,,          NaN,,,,          NaN,         NaN
,,,          NaN,,,,          NaN,         NaN
,,,          NaN,,,,          NaN,         NaN
,,,          NaN,,,,          NaN,         NaN
,,,          NaN,,,,          NaN,         NaN
,,,          NaN,,,,          NaN,         NaN
,,,          NaN,,,,          NaN,         NaN
,,,          NaN,,,,          NaN,         NaN
,,,          NaN,,,,          NaN,         NaN
,,,          NaN,,,,          NaN,         NaN
,,,          NaN,,,,          NaN,         NaN
,,,          NaN,,,,          NaN,         NaN
,,,          NaN,,,,          NaN,         NaN
,,,          NaN,,,,          NaN,         NaN
,,,          NaN,,,,          NaN,         NaN
,,,          NaN,,,,          NaN,         NaN
,,,          NaN,,,,          NaN,         NaN
,,,          NaN,,,,          NaN,         NaN
,,,          NaN,,,,          NaN,         NaN
,,,          NaN,,,,          NaN,         NaN
,,,          NaN,,,,          NaN,         NaN
,,,          NaN,,,,          NaN,         NaN
,,,          NaN,,,,          NaN,         NaN
,,,          NaN,,,,          NaN,         NaN
,,,          NaN,,,,          NaN,         NaN
,,,          NaN,,,,          NaN,         NaN
,,,          NaN,,,,          NaN,         NaN
,,,          NaN,,,,          NaN,         NaN
,,,          NaN,,,,          NaN,         NaN
,,,          NaN,,,,          NaN,         NaN
,,,          NaN,,,,          NaN,         NaN
,,,          NaN,,,,          NaN,         NaN
,,,          NaN,,,,          NaN,         NaN
,,,          NaN,,,,          NaN,         NaN
,,,          NaN,,,,          NaN,         NaN
,,,          NaN,,,,          NaN,         NaN
,,,          NaN,,,,          NaN,         NaN
,,,          NaN,,,,          NaN,         NaN
,,,          NaN,,,,          NaN,         NaN
,,,          NaN,,,,          NaN,         NaN
,,,          NaN,,,,          NaN,         NaN
,,,          NaN,,,,          NaN,         NaN
,,,          NaN,,,,          NaN,         NaN
,,,          NaN,,,,          NaN,         NaN
,,,          NaN,,,,          NaN,         NaN
,,,          NaN,,,,          NaN,         NaN
,,,          NaN,,,,          NaN,         NaN
,,,          NaN,,,,          NaN,         NaN
,,,          NaN,,,,          NaN,         NaN
,,,          NaN,,,,          NaN,         NaN
,,,          NaN,,,,          NaN,         NaN
,,,          NaN,,,,          NaN,         NaN
,,,          NaN,,,,          NaN,         NaN
,,,          NaN,,,,          NaN,         NaN
,,,          NaN,,,,          NaN,         NaN
,,,          NaN,,,,          NaN,         NaN
,,,          NaN,,,,          NaN,         NaN
,,,          NaN,,,,          NaN,         NaN
,,,          NaN,,,,          NaN,         NaN
,,,          NaN,,,,          NaN,         NaN
,,,          NaN,,,,          NaN,         NaN
,,,          NaN,,,,          NaN,         NaN
,,,          NaN,,,,          NaN,         NaN
,,,          NaN,,,,          NaN,         NaN
,,,          NaN,,,,          NaN,         NaN
,,,          NaN,,,,          NaN,         NaN
,,,          NaN,,,,          NaN,         NaN
,,,          NaN,,,,          NaN,         NaN
,,,          NaN,,,,          NaN,         NaN
,,,          NaN,,,,          NaN,         NaN
,,,          NaN,,,,          NaN,         NaN
,,,          NaN,,,,          NaN,         NaN
,,,          NaN,,,,          NaN,         NaN
,,,          NaN,,,,          NaN,         NaN
,,,          NaN,,,,          NaN,         NaN
,,,          NaN,,,,          NaN,         NaN
,,,          NaN,,,,          NaN,         NaN
,,,          NaN,,,,          NaN,         NaN
,,,          NaN,,,,          NaN,         NaN
,,,          NaN,,,,          NaN,         NaN
,,,          NaN,,,,          NaN,         NaN
,,,          NaN,,,,          NaN,         NaN
,,,          NaN,,,,          NaN,         NaN
,,,          NaN,,,,          NaN,         NaN
,,,          NaN,,,,          NaN,         NaN
,,,          NaN,,,,          NaN,         NaN
,,,          NaN,,,,          NaN,         NaN
,,,          NaN,,,,          NaN,         NaN
,,,          NaN,,,,          NaN,         NaN
,,,          NaN,,,,          NaN,         NaN
,,,          NaN,,,,          NaN,         NaN
,,,          NaN,,,,          NaN,         NaN
,,,          NaN,,,,          NaN,         NaN
,,,          NaN,,,,          NaN,         NaN
,,,          NaN,,,,          NaN,         NaN
,,,          NaN,,,,          NaN,         NaN
,,,          NaN,,,,          NaN,         NaN
,,,          NaN,,,,          NaN,         NaN
,,,          NaN,,,,          NaN,         NaN
,,,          NaN,,,,          NaN,         NaN
,,,          NaN,,,,          NaN,         NaN
,,,          NaN,,,,          NaN,         NaN
,,,          NaN,,,,          NaN,         NaN
,,,          NaN,,,,          NaN,         NaN
,,,          NaN,,,,          NaN,         NaN
,,,          NaN,,,,          NaN,         NaN
,,,          NaN,,,,          NaN,         NaN
,,,          NaN,,,,          NaN,         NaN
,,,          NaN,,,,          NaN,         NaN
,,,          NaN,,,,          NaN,         NaN
,,,          NaN,,,,          NaN,         NaN
,,,          NaN,,,,          NaN,         NaN
,,,          NaN,,,,          NaN,         NaN
,,,          NaN,,,,          NaN,         NaN
,,,          NaN,,,,          NaN,         NaN
,,,          NaN,,,,          NaN,         NaN
,,,          NaN,,,,          NaN,         NaN
,,,          NaN,,,,          NaN,         NaN
,,,          NaN,,,,          NaN,         NaN
,,,          NaN,,,,          NaN,         NaN
,,,          NaN,,,,          NaN,         NaN
,,,          NaN,,,,          NaN,         NaN
,,,          NaN,,,,          NaN,         NaN
,,,          NaN,,,,          NaN,         NaN
,,,          NaN,,,,          NaN,         NaN
,,,          NaN,,,,          NaN,         NaN
,,,          NaN,,,,          NaN,         NaN
,,,          NaN,,,,          NaN,         NaN
,,,          NaN,,,,          NaN,         NaN
,,,          NaN,,,,          NaN,         NaN
,,,          NaN,,,,          NaN,         NaN
,,,          NaN,,,,          NaN,         NaN
,,,          NaN,,,,          NaN,         NaN
,,,          NaN,,,,          NaN,         NaN
,,,          NaN,,,,          NaN,         NaN
,,,          NaN,,,,          NaN,         NaN
,,,          NaN,,,,          NaN,         NaN
,,,          NaN,,,,          NaN,         NaN
,,,          NaN,,,,          NaN,         NaN
,,,          NaN,,,,          NaN,         NaN
,,,          NaN,,,,          NaN,         NaN
,,,          NaN,,,,          NaN,         NaN
,,,          NaN,,,,          NaN,         NaN
,,,          NaN,,,,          NaN,         NaN
,,,          NaN,,,,          NaN,         NaN
,,,          NaN,,,,          NaN,         NaN
,,,          NaN,,,,          NaN,         NaN
,,,          NaN,,,,          NaN,         NaN
,,,          NaN,,,,          NaN,         NaN
,,,          NaN,,,,          NaN,         NaN
,,,          NaN,,,,          NaN,         NaN
,,,          NaN,,,,          NaN,         NaN
,,,          NaN,,,,          NaN,         NaN
,,,          NaN,,,,          NaN,         NaN
,,,          NaN,,,,          NaN,         NaN
,,,          NaN,,,,          NaN,         NaN
,,,          NaN,,,,          NaN,         NaN
,,,          NaN,,,,          NaN,         NaN
,,,          NaN,,,,          NaN,         NaN
,,,          NaN,,,,          NaN,         NaN
,,,          NaN,,,,          NaN,         NaN
,,,          NaN,,,,          NaN,         NaN
,,,          NaN,,,,          NaN,         NaN
,,,          NaN,,,,          NaN,         NaN
,,,          NaN,,,,          NaN,         NaN
,,,          NaN,,,,          NaN,         NaN
,,,          NaN,,,,          NaN,         NaN
,,,          NaN,,,,          NaN,         NaN
,,,          NaN,,,,          NaN,         NaN
,,,          NaN,,,,          NaN,         NaN
,,,          NaN,,,,          NaN,         NaN
,,,          NaN,,,,          NaN,         NaN
,,,          NaN,,,,          NaN,         NaN
,,,          NaN,,,,          NaN,         NaN
,,,          NaN,,,,          NaN,         NaN
,,,          NaN,,,,          NaN,         NaN
,,,          NaN,,,,          NaN,         NaN
,,,          NaN,,,,          NaN,         NaN
,,,          NaN,,,,          NaN,         NaN
,,,          NaN,,,,          NaN,         NaN
,,,          NaN,,,,          NaN,         NaN
,,,          NaN,,,,          NaN,         NaN
,,,          NaN,,,,          NaN,         NaN
,,,          NaN,,,,          NaN,         NaN
,,,          NaN,,,,          NaN,         NaN
,,,          NaN,,,,          NaN,         NaN
,,,          NaN,,,,          NaN,         NaN
,,,          NaN,,,,          NaN,         NaN
,,,          NaN,,,,          NaN,         NaN
,,,          NaN,,,,          NaN,         NaN
,,,          NaN,,,,          NaN,         NaN
,,,          NaN,,,,          NaN,         NaN
,,,          NaN,,,,          NaN,         NaN
,,,          NaN,,,,          NaN,         NaN
,,,          NaN,,,,          NaN,         NaN
,,,          NaN,,,,          NaN,         NaN
,,,          NaN,,,,          NaN,         NaN
,,,          NaN,,,,          NaN,         NaN
,,,          NaN,,,,          NaN,         NaN
,,,          NaN,,,,          NaN,         NaN
,,,          NaN,,,,          NaN,         NaN
,,,          NaN,,,,          NaN,         NaN
,,,          NaN,,,,          NaN,         NaN
,,,          NaN,,,,          NaN,         NaN
,,,          NaN,,,,          NaN,         NaN
,,,          NaN,,,,          NaN,         NaN
,,,          NaN,,,,          NaN,         NaN
,,,          NaN,,,,          NaN,         NaN
,,,          NaN,,,,          NaN,         NaN
,,,          NaN,,,,          NaN,         NaN
,,,          NaN,,,,          NaN,         NaN
,,,          NaN,,,,          NaN,         NaN
,,,          NaN,,,,          NaN,         NaN
,,,          NaN,,,,          NaN,         NaN
,,,          NaN,,,,          NaN,         NaN
,,,          NaN,,,,          NaN,         NaN
,,,          NaN,,,,          NaN,         NaN
,,,          NaN,,,,          NaN,         NaN
,,,          NaN,,,,          NaN,         NaN
,,,          NaN,,,,          NaN,         NaN
,,,          NaN,,,,          NaN,         NaN
,,,          NaN,,,,          NaN,         NaN
,,,          NaN,,,,          NaN,         NaN
,,,          NaN,,,,          NaN,         NaN
,,,          NaN,,,,          NaN,         NaN
,,,          NaN,,,,          NaN,         NaN
,,,          NaN,,,,          NaN,         NaN
,,,          NaN,,,,          NaN,         NaN
,,,          NaN,,,,          NaN,         NaN
,,,          NaN,,,,          NaN,         NaN
,,,          NaN,,,,          NaN,         NaN
,,,          NaN,,,,          NaN,         NaN
,,,          NaN,,,,          NaN,         NaN
,,,          NaN,,,,          NaN,         NaN
,,,          NaN,,,,          NaN,         NaN
,,,          NaN,,,,          NaN,         NaN
,,,          NaN,,,,          NaN,         NaN
,,,          NaN,,,,          NaN,         NaN
,,,          NaN,,,,          NaN,         NaN
,,,          NaN,,,,          NaN,         NaN
,,,          NaN,,,,          NaN,         NaN
,,,          NaN,,,,          NaN,         NaN
,,,          NaN,,,,          NaN,         NaN
,,,          NaN,,,,          NaN,         NaN
,,,          NaN,,,,          NaN,         NaN
,,,          NaN,,,,          NaN,         NaN
,,,          NaN,,,,          NaN,         NaN
,,,          NaN,,,,          NaN,         NaN
,,,          NaN,,,,          NaN,         NaN
,,,          NaN,,,,          NaN,         NaN
,,,          NaN,,,,          NaN,         NaN
,,,          NaN,,,,          NaN,         NaN
,,,          NaN,,,,          NaN,         NaN
,,,          NaN,,,,          NaN,         NaN
,,,          NaN,,,,          NaN,         NaN
,,,          NaN,,,,          NaN,         NaN
,,,          NaN,,,,          NaN,         NaN
,,,          NaN,,,,          NaN,         NaN
,,,          NaN,,,,          NaN,         NaN
,,,          NaN,,,,          NaN,         NaN
,,,          NaN,,,,          NaN,         NaN
,,,          NaN,,,,          NaN,         NaN
,,,          NaN,,,,          NaN,         NaN
,,,          NaN,,,,          NaN,         NaN
,,,          NaN,,,,          NaN,         NaN
,,,          NaN,,,,          NaN,         NaN
,,,          NaN,,,,          NaN,         NaN
,,,          NaN,,,,          NaN,         NaN
,,,          NaN,,,,          NaN,         NaN
,,,          NaN,,,,          NaN,         NaN
,,,          NaN,,,,          NaN,         NaN
,,,          NaN,,,,          NaN,         NaN
,,,          NaN,,,,          NaN,         NaN
,,,          NaN,,,,          NaN,         NaN
,,,          NaN,,,,          NaN,         NaN
,,,          NaN,,,,          NaN,         NaN
,,,          NaN,,,,          NaN,         NaN
,,,          NaN,,,,          NaN,         NaN
,,,          NaN,,,,          NaN,         NaN
,,,          NaN,,,,          NaN,         NaN
,,,          NaN,,,,          NaN,         NaN
,,,          NaN,,,,          NaN,         NaN
,,,          NaN,,,,          NaN,         NaN
,,,          NaN,,,,          NaN,         NaN
,,,          NaN,,,,          NaN,         NaN
,,,          NaN,,,,          NaN,         NaN
,,,          NaN,,,,          NaN,         NaN
,,,          NaN,,,,          NaN,         NaN
,,,          NaN,,,,          NaN,         NaN
,,,          NaN,,,,          NaN,         NaN
,,,          NaN,,,,          NaN,         NaN
,,,          NaN,,,,          NaN,         NaN
,,,          NaN,,,,          NaN,         NaN
,,,          NaN,,,,          NaN,         NaN
,,,          NaN,,,,          NaN,         NaN
,,,          NaN,,,,          NaN,         NaN
,,,          NaN,,,,          NaN,         NaN
,,,          NaN,,,,          NaN,         NaN
,,,          NaN,,,,          NaN,         NaN
,,,          NaN,,,,          NaN,         NaN
,,,          NaN,,,,          NaN,         NaN
,,,          NaN,,,,          NaN,         NaN
,,,          NaN,,,,          NaN,         NaN
,,,          NaN,,,,          NaN,         NaN
,,,          NaN,,,,          NaN,         NaN
,,,          NaN,,,,          NaN,         NaN
,,,          NaN,,,,          NaN,         NaN
,,,          NaN,,,,          NaN,         NaN
,,,          NaN,,,,          NaN,         NaN
,,,          NaN,,,,          NaN,         NaN
,,,          NaN,,,,          NaN,         NaN
,,,          NaN,,,,          NaN,         NaN
,,,          NaN,,,,          NaN,         NaN
,,,          NaN,,,,          NaN,         NaN
,,,          NaN,,,,          NaN,         NaN
,,,          NaN,,,,          NaN,         NaN
,,,          NaN,,,,          NaN,         NaN
,,,          NaN,,,,          NaN,         NaN
,,,          NaN,,,,          NaN,         NaN
,,,          NaN,,,,          NaN,         NaN
,,,          NaN,,,,          NaN,         NaN
,,,          NaN,,,,          NaN,         NaN
,,,          NaN,,,,          NaN,         NaN
,,,          NaN,,,,          NaN,         NaN
,,,          NaN,,,,          NaN,         NaN
,,,          NaN,,,,          NaN,         NaN
,,,          NaN,,,,          NaN,         NaN
,,,          NaN,,,,          NaN,         NaN
,,,          NaN,,,,          NaN,         NaN
,,,          NaN,,,,          NaN,         NaN
,,,          NaN,,,,          NaN,         NaN
,,,          NaN,,,,          NaN,         NaN
,,,          NaN,,,,          NaN,         NaN
,,,          NaN,,,,          NaN,         NaN
,,,          NaN,,,,          NaN,         NaN
,,,          NaN,,,,          NaN,         NaN
,,,          NaN,,,,          NaN,         NaN
,,,          NaN,,,,          NaN,         NaN
,,,          NaN,,,,          NaN,         NaN
,,,          NaN,,,,          NaN,         NaN
,,,          NaN,,,,          NaN,         NaN
,,,          NaN,,,,          NaN,         NaN
,,,          NaN,,,,          NaN,         NaN
,,,          NaN,,,,          NaN,         NaN
,,,          NaN,,,,          NaN,         NaN
,,,          NaN,,,,          NaN,         NaN
,,,          NaN,,,,          NaN,         NaN
,,,          NaN,,,,          NaN,         NaN
,,,          NaN,,,,          NaN,         NaN
,,,          NaN,,,,          NaN,         NaN
,,,          NaN,,,,          NaN,         NaN
,,,          NaN,,,,          NaN,         NaN
,,,          NaN,,,,          NaN,         NaN
,,,          NaN,,,,          NaN,         NaN
,,,          NaN,,,,          NaN,         NaN
,,,          NaN,,,,          NaN,         NaN
,,,          NaN,,,,          NaN,         NaN
,,,          NaN,,,,          NaN,         NaN
,,,          NaN,,,,          NaN,         NaN
,,,          NaN,,,,          NaN,         NaN
,,,          NaN,,,,          NaN,         NaN
,,,          NaN,,,,          NaN,         NaN
,,,          NaN,,,,          NaN,         NaN
,,,          NaN,,,,          NaN,         NaN
,,,          NaN,,,,          NaN,         NaN
,,,          NaN,,,,          NaN,         NaN
,,,          NaN,,,,          NaN,         NaN
,,,          NaN,,,,          NaN,         NaN
,,,          NaN,,,,          NaN,         NaN
,,,          NaN,,,,          NaN,         NaN
,,,          NaN,,,,          NaN,         NaN
,,,          NaN,,,,          NaN,         NaN
,,,          NaN,,,,          NaN,         NaN
,,,          NaN,,,,          NaN,         NaN
,,,          NaN,,,,          NaN,         NaN
,,,          NaN,,,,          NaN,         NaN
,,,          NaN,,,,          NaN,         NaN
,,,          NaN,,,,          NaN,         NaN
,,,          NaN,,,,          NaN,         NaN
,,,          NaN,,,,          NaN,         NaN
,,,          NaN,,,,          NaN,         NaN
,,,          NaN,,,,          NaN,         NaN
,,,          NaN,,,,          NaN,         NaN
,,,          NaN,,,,          NaN,         NaN
,,,          NaN,,,,          NaN,         NaN
,,,          NaN,,,,          NaN,         NaN
,,,          NaN,,,,          NaN,         NaN
,,,          NaN,,,,          NaN,         NaN
,,,          NaN,,,,          NaN,         NaN
,,,          NaN,,,,          NaN,         NaN
,,,          NaN,,,,          NaN,         NaN
,,,          NaN,,,,          NaN,         NaN
,,,          NaN,,,,          NaN,         NaN
,,,          NaN,,,,          NaN,         NaN
,,,          NaN,,,,          NaN,         NaN
,,,          NaN,,,,          NaN,         NaN
,,,          NaN,,,,          NaN,         NaN
,,,          NaN,,,,          NaN,         NaN
,,,          NaN,,,,          NaN,         NaN
,,,          NaN,,,,          NaN,         NaN
,,,          NaN,,,,          NaN,         NaN
,,,          NaN,,,,          NaN,         NaN
,,,          NaN,,,,          NaN,         NaN
,,,          NaN,,,,          NaN,         NaN
,,,          NaN,,,,          NaN,         NaN
,,,          NaN,,,,          NaN,         NaN
,,,          NaN,,,,          NaN,         NaN
,,,          NaN,,,,          NaN,         NaN
,,,          NaN,,,,          NaN,         NaN
,,,          NaN,,,,          NaN,         NaN
,,,          NaN,,,,          NaN,         NaN
,,,          NaN,,,,          NaN,         NaN
,,,          NaN,,,,          NaN,         NaN
,,,          NaN,,,,          NaN,         NaN
,,,          NaN,,,,          NaN,         NaN
,,,          NaN,,,,          NaN,         NaN
,,,          NaN,,,,          NaN,         NaN
,,,          NaN,,,,          NaN,         NaN
,,,          NaN,,,,          NaN,         NaN
,,,          NaN,,,,          NaN,         NaN
,,,          NaN,,,,          NaN,         NaN
,,,          NaN,,,,          NaN,         NaN
,,,          NaN,,,,          NaN,         NaN
,,,          NaN,,,,          NaN,         NaN
,,,          NaN,,,,          NaN,         NaN
,,,          NaN,,,,          NaN,         NaN
,,,          NaN,,,,          NaN,         NaN
,,,          NaN,,,,          NaN,         NaN
,,,          NaN,,,,          NaN,         NaN
,,,          NaN,,,,          NaN,         NaN
,,,          NaN,,,,          NaN,         NaN
,,,          NaN,,,,          NaN,         NaN
,,,          NaN,,,,          NaN,         NaN
,,,          NaN,,,,          NaN,         NaN
,,,          NaN,,,,          NaN,         NaN
,,,          NaN,,,,          NaN,         NaN
,,,          NaN,,,,          NaN,         NaN
,,,          NaN,,,,          NaN,         NaN
,,,          NaN,,,,          NaN,         NaN
,,,          NaN,,,,          NaN,         NaN
,,,          NaN,,,,          NaN,         NaN
,,,          NaN,,,,          NaN,         NaN
,,,          NaN,,,,          NaN,         NaN
,,,          NaN,,,,          NaN,         NaN
,,,          NaN,,,,          NaN,         NaN
,,,          NaN,,,,          NaN,         NaN
,,,          NaN,,,,          NaN,         NaN
,,,          NaN,,,,          NaN,         NaN
,,,          NaN,,,,          NaN,         NaN
,,,          NaN,,,,          NaN,         NaN
,,,          NaN,,,,          NaN,         NaN
,,,          NaN,,,,          NaN,         NaN
,,,          NaN,,,,          NaN,         NaN
,,,          NaN,,,,          NaN,         NaN
,,,          NaN,,,,          NaN,         NaN
,,,          NaN,,,,          NaN,         NaN
,,,          NaN,,,,          NaN,         NaN
,,,          NaN,,,,          NaN,         NaN
,,,          NaN,,,,          NaN,         NaN
,,,          NaN,,,,          NaN,         NaN
,,,          NaN,,,,          NaN,         NaN
,,,          NaN,,,,          NaN,         NaN
,,,          NaN,,,,          NaN,         NaN
,,,          NaN,,,,          NaN,         NaN
,,,          NaN,,,,          NaN,         NaN
,,,          NaN,,,,          NaN,         NaN
,,,          NaN,,,,          NaN,         NaN
,,,          NaN,,,,          NaN,         NaN
,,,          NaN,,,,          NaN,         NaN
,,,          NaN,,,,          NaN,         NaN
,,,          NaN,,,,          NaN,         NaN
,,,          NaN,,,,          NaN,         NaN
,,,          NaN,,,,          NaN,         NaN
,,,          NaN,,,,          NaN,         NaN
,,,          NaN,,,,          NaN,         NaN
,,,          NaN,,,,          NaN,         NaN
,,,          NaN,,,,          NaN,         NaN
,,,          NaN,,,,          NaN,         NaN
,,,          NaN,,,,          NaN,         NaN
,,,          NaN,,,,          NaN,         NaN
,,,          NaN,,,,          NaN,         NaN
,,,          NaN,,,,          NaN,         NaN
,,,          NaN,,,,          NaN,         NaN
,,,          NaN,,,,          NaN,         NaN
,,,          NaN,,,,          NaN,         NaN
,,,          NaN,,,,          NaN,         NaN
,,,          NaN,,,,          NaN,         NaN
,,,          NaN,,,,          NaN,         NaN
,,,          NaN,,,,          NaN,         NaN
,,,          NaN,,,,          NaN,         NaN
,,,          NaN,,,,          NaN,         NaN
,,,          NaN,,,,          NaN,         NaN
,,,          NaN,,,,          NaN,         NaN
,,,          NaN,,,,          NaN,         NaN
,,,          NaN,,,,          NaN,         NaN
,,,          NaN,,,,          NaN,         NaN
,,,          NaN,,,,          NaN,         NaN
,,,          NaN,,,,          NaN,         NaN
,,,          NaN,,,,          NaN,         NaN
,,,          NaN,,,,          NaN,         NaN
,,,          NaN,,,,          NaN,         NaN
,,,          NaN,,,,          NaN,         NaN
,,,          NaN,,,,          NaN,         NaN
,,,          NaN,,,,          NaN,         NaN
,,,          NaN,,,,          NaN,         NaN
,,,          NaN,,,,          NaN,         NaN
,,,          NaN,,,,          NaN,         NaN
,,,          NaN,,,,          NaN,         NaN
,,,          NaN,,,,          NaN,         NaN
,,,          NaN,,,,          NaN,         NaN
,,,          NaN,,,,          NaN,         NaN
,,,          NaN,,,,          NaN,         NaN
,,,          NaN,,,,          NaN,         NaN
,,,          NaN,,,,          NaN,         NaN
,,,          NaN,,,,          NaN,         NaN
,,,          NaN,,,,          NaN,         NaN
,,,          NaN,,,,          NaN,         NaN
,,,          NaN,,,,          NaN,         NaN
,,,          NaN,,,,          NaN,         NaN
,,,          NaN,,,,          NaN,         NaN
,,,          NaN,,,,          NaN,         NaN
,,,          NaN,,,,          NaN,         NaN
,,,          NaN,,,,          NaN,         NaN
,,,          NaN,,,,          NaN,         NaN
,,,          NaN,,,,          NaN,         NaN
,,,          NaN,,,,          NaN,         NaN
,,,          NaN,,,,          NaN,         NaN
,,,          NaN,,,,          NaN,         NaN
,,,          NaN,,,,          NaN,         NaN
,,,          NaN,,,,          NaN,         NaN
,,,          NaN,,,,          NaN,         NaN
,,,          NaN,,,,          NaN,         NaN
,,,          NaN,,,,          NaN,         NaN
,,,          NaN,,,,          NaN,         NaN
,,,          NaN,,,,          NaN,         NaN
,,,          NaN,,,,          NaN,         NaN
,,,          NaN,,,,          NaN,         NaN
,,,          NaN,,,,          NaN,         NaN
,,,          NaN,,,,          NaN,         NaN
,,,          NaN,,,,          NaN,         NaN
,,,          NaN,,,,          NaN,         NaN
,,,          NaN,,,,          NaN,         NaN
,,,          NaN,,,,          NaN,         NaN
,,,          NaN,,,,          NaN,         NaN
,,,          NaN,,,,          NaN,         NaN
,,,          NaN,,,,          NaN,         NaN
,,,          NaN,,,,          NaN,         NaN
,,,          NaN,,,,          NaN,         NaN
,,,          NaN,,,,          NaN,         NaN
,,,          NaN,,,,          NaN,         NaN
,,,          NaN,,,,          NaN,         NaN
,,,          NaN,,,,          NaN,         NaN
,,,          NaN,,,,          NaN,         NaN
,,,          NaN,,,,          NaN,         NaN
,,,          NaN,,,,          NaN,         NaN
,,,          NaN,,,,          NaN,         NaN
,,,          NaN,,,,          NaN,         NaN
,,,          NaN,,,,          NaN,         NaN
,,,          NaN,,,,          NaN,         NaN
,,,          NaN,,,,          NaN,         NaN
,,,          NaN,,,,          NaN,         NaN
,,,          NaN,,,,          NaN,         NaN
,,,          NaN,,,,          NaN,         NaN
,,,          NaN,,,,          NaN,         NaN
,,,          NaN,,,,          NaN,         NaN
,,,          NaN,,,,          NaN,         NaN
,,,          NaN,,,,          NaN,         NaN
,,,          NaN,,,,          NaN,         NaN
,,,          NaN,,,,          NaN,         NaN
,,,          NaN,,,,          NaN,         NaN
,,,          NaN,,,,          NaN,         NaN
,,,          NaN,,,,          NaN,         NaN
,,,          NaN,,,,          NaN,         NaN
,,,          NaN,,,,          NaN,         NaN
,,,          NaN,,,,          NaN,         NaN
,,,          NaN,,,,          NaN,         NaN
,,,          NaN,,,,          NaN,         NaN
,,,          NaN,,,,          NaN,         NaN
,,,          NaN,,,,          NaN,         NaN
,,,          NaN,,,,          NaN,         NaN
,,,          NaN,,,,          NaN,         NaN
,,,          NaN,,,,          NaN,         NaN
,,,          NaN,,,,          NaN,         NaN
,,,          NaN,,,,          NaN,         NaN
,,,          NaN,,,,          NaN,         NaN
,,,          NaN,,,,          NaN,         NaN
,,,          NaN,,,,          NaN,         NaN
,,,          NaN,,,,          NaN,         NaN
,,,          NaN,,,,          NaN,         NaN
,,,          NaN,,,,          NaN,         NaN
,,,          NaN,,,,          NaN,         NaN
,,,          NaN,,,,          NaN,         NaN
,,,          NaN,,,,          NaN,         NaN
,,,          NaN,,,,          NaN,         NaN
,,,          NaN,,,,          NaN,         NaN
,,,          NaN,,,,          NaN,         NaN
,,,          NaN,,,,          NaN,         NaN
,,,          NaN,,,,          NaN,         NaN
,,,          NaN,,,,          NaN,         NaN
,,,          NaN,,,,          NaN,         NaN
,,,          NaN,,,,          NaN,         NaN
,,,          NaN,,,,          NaN,         NaN
,,,          NaN,,,,          NaN,         NaN
,,,          NaN,,,,          NaN,         NaN
,,,          NaN,,,,          NaN,         NaN
,,,          NaN,,,,          NaN,         NaN
,,,          NaN,,,,          NaN,         NaN
,,,          NaN,,,,          NaN,         NaN
,,,          NaN,,,,          NaN,         NaN
,,,          NaN,,,,          NaN,         NaN
,,,          NaN,,,,          NaN,         NaN
,,,          NaN,,,,          NaN,         NaN
,,,          NaN,,,,          NaN,         NaN
,,,          NaN,,,,          NaN,         NaN
,,,          NaN,,,,          NaN,         NaN
,,,          NaN,,,,          NaN,         NaN
,,,          NaN,,,,          NaN,         NaN
,,,          NaN,,,,          NaN,         NaN
,,,          NaN,,,,          NaN,         NaN
,,,          NaN,,,,          NaN,         NaN
,,,          NaN,,,,          NaN,         NaN
,,,          NaN,,,,          NaN,         NaN
,,,          NaN,,,,          NaN,         NaN
,,,          NaN,,,,          NaN,         NaN
,,,          NaN,,,,          NaN,         NaN
,,,          NaN,,,,          NaN,         NaN
,,,          NaN,,,,          NaN,         NaN
,,,          NaN,,,,          NaN,         NaN
,,,          NaN,,,,          NaN,         NaN
,,,          NaN,,,,          NaN,         NaN
,,,          NaN,,,,          NaN,         NaN
,,,          NaN,,,,          NaN,         NaN
,,,          NaN,,,,          NaN,         NaN
,,,          NaN,,,,          NaN,         NaN
,,,          NaN,,,,          NaN,         NaN
,,,          NaN,,,,          NaN,         NaN
,,,          NaN,,,,          NaN,         NaN
,,,          NaN,,,,          NaN,         NaN
,,,          NaN,,,,          NaN,         NaN
,,,          NaN,,,,          NaN,         NaN
,,,          NaN,,,,          NaN,         NaN
,,,          NaN,,,,          NaN,         NaN
,,,          NaN,,,,          NaN,         NaN
,,,          NaN,,,,          NaN,         NaN
,,,          NaN,,,,          NaN,         NaN
,,,          NaN,,,,          NaN,         NaN
,,,          NaN,,,,          NaN,         NaN
,,,          NaN,,,,          NaN,         NaN
,,,          NaN,,,,          NaN,         NaN
,,,          NaN,,,,          NaN,         NaN
,,,          NaN,,,,          NaN,         NaN
,,,          NaN,,,,          NaN,         NaN
,,,          NaN,,,,          NaN,         NaN
,,,          NaN,,,,          NaN,         NaN
,,,          NaN,,,,          NaN,         NaN
,,,          NaN,,,,          NaN,         NaN
,,,          NaN,,,,          NaN,         NaN
,,,          NaN,,,,          NaN,         NaN
,,,          NaN,,,,          NaN,         NaN
,,,          NaN,,,,          NaN,         NaN
,,,          NaN,,,,          NaN,         NaN
,,,          NaN,,,,          NaN,         NaN
,,,          NaN,,,,          NaN,         NaN
,,,          NaN,,,,          NaN,         NaN
,,,          NaN,,,,          NaN,         NaN
,,,          NaN,,,,          NaN,         NaN
,,,          NaN,,,,          NaN,         NaN
,,,          NaN,,,,          NaN,         NaN
,,,          NaN,,,,          NaN,         NaN
,,,          NaN,,,,          NaN,         NaN
,,,          NaN,,,,          NaN,         NaN
,,,          NaN,,,,          NaN,         NaN
,,,          NaN,,,,          NaN,         NaN
,,,          NaN,,,,          NaN,         NaN
,,,          NaN,,,,          NaN,         NaN
,,,          NaN,,,,          NaN,         NaN
,,,          NaN,,,,          NaN,         NaN
,,,          NaN,,,,          NaN,         NaN
,,,          NaN,,,,          NaN,         NaN
,,,          NaN,,,,          NaN,         NaN
,,,          NaN,,,,          NaN,         NaN
,,,          NaN,,,,          NaN,         NaN
,,,          NaN,,,,          NaN,         NaN
,,,          NaN,,,,          NaN,         NaN
,,,          NaN,,,,          NaN,         NaN
,,,          NaN,,,,          NaN,         NaN
,,,          NaN,,,,          NaN,         NaN
,,,          NaN,,,,          NaN,         NaN
,,,          NaN,,,,          NaN,         NaN
,,,          NaN,,,,          NaN,         NaN
,,,          NaN,,,,          NaN,         NaN
,,,          NaN,,,,          NaN,         NaN
,,,          NaN,,,,          NaN,         NaN
,,,          NaN,,,,          NaN,         NaN
,,,          NaN,,,,          NaN,         NaN
,,,          NaN,,,,          NaN,         NaN
,,,          NaN,,,,          NaN,         NaN
,,,          NaN,,,,          NaN,         NaN
,,,          NaN,,,,          NaN,         NaN
,,,          NaN,,,,          NaN,         NaN
,,,          NaN,,,,          NaN,         NaN
,,,          NaN,,,,          NaN,         NaN
,,,          NaN,,,,          NaN,         NaN
,,,          NaN,,,,          NaN,         NaN
,,,          NaN,,,,          NaN,         NaN
,,,          NaN,,,,          NaN,         NaN
,,,          NaN,,,,          NaN,         NaN
,,,          NaN,,,,          NaN,         NaN
,,,          NaN,,,,          NaN,         NaN
,,,          NaN,,,,          NaN,         NaN
,,,          NaN,,,,          NaN,         NaN
,,,          NaN,,,,          NaN,         NaN
,,,          NaN,,,,          NaN,         NaN
,,,          NaN,,,,          NaN,         NaN
,,,          NaN,,,,          NaN,         NaN
,,,          NaN,,,,          NaN,         NaN
,,,          NaN,,,,          NaN,         NaN
,,,          NaN,,,,          NaN,         NaN
,,,          NaN,,,,          NaN,         NaN
,,,          NaN,,,,          NaN,         NaN
,,,          NaN,,,,          NaN,         NaN
,,,          NaN,,,,          NaN,         NaN
,,,          NaN,,,,          NaN,         NaN
,,,          NaN,,,,          NaN,         NaN
,,,          NaN,,,,          NaN,         NaN
,,,          NaN,,,,          NaN,         NaN
,,,          NaN,,,,          NaN,         NaN
,,,          NaN,,,,          NaN,         NaN
,,,          NaN,,,,          NaN,         NaN
,,,          NaN,,,,          NaN,         NaN
,,,          NaN,,,,          NaN,         NaN
,,,          NaN,,,,          NaN,         NaN
,,,          NaN,,,,          NaN,         NaN
,,,          NaN,,,,          NaN,         NaN
,,,          NaN,,,,          NaN,         NaN
,,,          NaN,,,,          NaN,         NaN
,,,          NaN,,,,          NaN,         NaN
,,,          NaN,,,,          NaN,         NaN
,,,          NaN,,,,          NaN,         NaN
,,,          NaN,,,,          NaN,         NaN
,,,          NaN,,,,          NaN,         NaN
,,,          NaN,,,,          NaN,         NaN
,,,          NaN,,,,          NaN,         NaN
,,,          NaN,,,,          NaN,         NaN
,,,          NaN,,,,          NaN,         NaN
,,,          NaN,,,,          NaN,         NaN
,,,          NaN,,,,          NaN,         NaN
,,,          NaN,,,,          NaN,         NaN
,,,          NaN,,,,          NaN,         NaN
,,,          NaN,,,,          NaN,         NaN
,,,          NaN,,,,          NaN,         NaN
,,,          NaN,,,,          NaN,         NaN
,,,          NaN,,,,          NaN,         NaN
,,,          NaN,,,,          NaN,         NaN
,,,          NaN,,,,          NaN,         NaN
,,,          NaN,,,,          NaN,         NaN
,,,          NaN,,,,          NaN,         NaN
,,,          NaN,,,,          NaN,         NaN
,,,          NaN,,,,          NaN,         NaN
,,,          NaN,,,,          NaN,         NaN
,,,          NaN,,,,          NaN,         NaN
,,,          NaN,,,,          NaN,         NaN
,,,          NaN,,,,          NaN,         NaN
,,,          NaN,,,,          NaN,         NaN
,,,          NaN,,,,          NaN,         NaN
,,,          NaN,,,,          NaN,         NaN
,,,          NaN,,,,          NaN,         NaN
,,,          NaN,,,,          NaN,         NaN
,,,          NaN,,,,          NaN,         NaN
,,,          NaN,,,,          NaN,         NaN
,,,          NaN,,,,          NaN,         NaN
,,,          NaN,,,,          NaN,         NaN
,,,          NaN,,,,          NaN,         NaN
,,,          NaN,,,,          NaN,         NaN
,,,          NaN,,,,          NaN,         NaN
,,,          NaN,,,,          NaN,         NaN
,,,          NaN,,,,          NaN,         NaN
,,,          NaN,,,,          NaN,         NaN
,,,          NaN,,,,          NaN,         NaN
,,,          NaN,,,,          NaN,         NaN
,,,          NaN,,,,          NaN,         NaN
,,,          NaN,,,,          NaN,         NaN
,,,          NaN,,,,          NaN,         NaN
,,,          NaN,,,,          NaN,         NaN
,,,          NaN,,,,          NaN,         NaN
,,,          NaN,,,,          NaN,         NaN
,,,          NaN,,,,          NaN,         NaN
,,,          NaN,,,,          NaN,         NaN
,,,          NaN,,,,          NaN,         NaN
,,,          NaN,,,,          NaN,         NaN
,,,          NaN,,,,          NaN,         NaN
,,,          NaN,,,,          NaN,         NaN
,,,          NaN,,,,          NaN,         NaN
,,,          NaN,,,,          NaN,         NaN
,,,          NaN,,,,          NaN,         NaN
,,,          NaN,,,,          NaN,         NaN
,,,          NaN,,,,          NaN,         NaN
,,,          NaN,,,,          NaN,         NaN
,,,          NaN,,,,          NaN,         NaN
,,,          NaN,,,,          NaN,         NaN
,,,          NaN,,,,          NaN,         NaN
,,,          NaN,,,,          NaN,         NaN
,,,          NaN,,,,          NaN,         NaN
,,,          NaN,,,,          NaN,         NaN
,,,          NaN,,,,          NaN,         NaN
,,,          NaN,,,,          NaN,         NaN
,,,          NaN,,,,          NaN,         NaN
,,,          NaN,,,,          NaN,         NaN
,,,          NaN,,,,          NaN,         NaN
,,,          NaN,,,,          NaN,         NaN
,,,          NaN,,,,          NaN,         NaN
,,,          NaN,,,,          NaN,         NaN
,,,          NaN,,,,          NaN,         NaN
,,,          NaN,,,,          NaN,         NaN
,,,          NaN,,,,          NaN,         NaN
,,,          NaN,,,,          NaN,         NaN
,,,          NaN,,,,          NaN,         NaN
,,,          NaN,,,,          NaN,         NaN
,,,          NaN,,,,          NaN,         NaN
,,,          NaN,,,,          NaN,         NaN
,,,          NaN,,,,          NaN,         NaN
,,,          NaN,,,,          NaN,         NaN
,,,          NaN,,,,          NaN,         NaN
,,,          NaN,,,,          NaN,         NaN
,,,          NaN,,,,          NaN,         NaN
,,,          NaN,,,,          NaN,         NaN
,,,          NaN,,,,          NaN,         NaN
,,,          NaN,,,,          NaN,         NaN
,,,          NaN,,,,          NaN,         NaN
,,,          NaN,,,,          NaN,         NaN
,,,          NaN,,,,          NaN,         NaN
,,,          NaN,,,,          NaN,         NaN
,,,          NaN,,,,          NaN,         NaN
,,,          NaN,,,,          NaN,         NaN
,,,          NaN,,,,          NaN,         NaN
,,,          NaN,,,,          NaN,         NaN
,,,          NaN,,,,          NaN,         NaN
,,,          NaN,,,,          NaN,         NaN
,,,          NaN,,,,          NaN,         NaN
,,,          NaN,,,,          NaN,         NaN
,,,          NaN,,,,          NaN,         NaN
,,,          NaN,,,,          NaN,         NaN
,,,          NaN,,,,          NaN,         NaN
,,,          NaN,,,,          NaN,         NaN
,,,          NaN,,,,          NaN,         NaN
,,,          NaN,,,,          NaN,         NaN
,,,          NaN,,,,          NaN,         NaN
,,,          NaN,,,,          NaN,         NaN
,,,          NaN,,,,          NaN,         NaN
,,,          NaN,,,,          NaN,         NaN
,,,          NaN,,,,          NaN,         NaN
,,,          NaN,,,,          NaN,         NaN
,,,          NaN,,,,          NaN,         NaN
,,,          NaN,,,,          NaN,         NaN
,,,          NaN,,,,          NaN,         NaN
,,,          NaN,,,,          NaN,         NaN
,,,          NaN,,,,          NaN,         NaN
,,,          NaN,,,,          NaN,         NaN
,,,          NaN,,,,          NaN,         NaN
,,,          NaN,,,,          NaN,         NaN
,,,          NaN,,,,          NaN,         NaN
,,,          NaN,,,,          NaN,         NaN
,,,          NaN,,,,          NaN,         NaN
,,,          NaN,,,,          NaN,         NaN
,,,          NaN,,,,          NaN,         NaN
,,,          NaN,,,,          NaN,         NaN
,,,          NaN,,,,          NaN,         NaN
,,,          NaN,,,,          NaN,         NaN
,,,          NaN,,,,          NaN,         NaN
,,,          NaN,,,,          NaN,         NaN
,,,          NaN,,,,          NaN,         NaN
,,,          NaN,,,,          NaN,         NaN
,,,          NaN,,,,          NaN,         NaN
,,,          NaN,,,,          NaN,         NaN
,,,          NaN,,,,          NaN,         NaN
,,,          NaN,,,,          NaN,         NaN
,,,          NaN,,,,          NaN,         NaN
,,,          NaN,,,,          NaN,         NaN
,,,          NaN,,,,          NaN,         NaN
,,,          NaN,,,,          NaN,         NaN
,,,          NaN,,,,          NaN,         NaN
,,,          NaN,,,,          NaN,         NaN
,,,          NaN,,,,          NaN,         NaN
,,,          NaN,,,,          NaN,         NaN
,,,          NaN,,,,          NaN,         NaN
,,,          NaN,,,,          NaN,         NaN
,,,          NaN,,,,          NaN,         NaN
,,,          NaN,,,,          NaN,         NaN
,,,          NaN,,,,          NaN,         NaN
,,,          NaN,,,,          NaN,         NaN
,,,          NaN,,,,          NaN,         NaN
,,,          NaN,,,,          NaN,         NaN
,,,          NaN,,,,          NaN,         NaN
,,,          NaN,,,,          NaN,         NaN
,,,          NaN,,,,          NaN,         NaN
,,,          NaN,,,,          NaN,         NaN
,,,          NaN,,,,          NaN,         NaN
,,,          NaN,,,,          NaN,         NaN
,,,          NaN,,,,          NaN,         NaN
,,,          NaN,,,,          NaN,         NaN
,,,          NaN,,,,          NaN,         NaN
,,,          NaN,,,,          NaN,         NaN
,,,          NaN,,,,          NaN,         NaN
,,,          NaN,,,,          NaN,         NaN
,,,          NaN,,,,          NaN,         NaN
,,,          NaN,,,,          NaN,         NaN
,,,          NaN,,,,          NaN,         NaN
,,,          NaN,,,,          NaN,         NaN
,,,          NaN,,,,          NaN,         NaN
,,,          NaN,,,,          NaN,         NaN
,,,          NaN,,,,          NaN,         NaN
,,,          NaN,,,,          NaN,         NaN
,,,          NaN,,,,          NaN,         NaN
,,,          NaN,,,,          NaN,         NaN
,,,          NaN,,,,          NaN,         NaN
,,,          NaN,,,,          NaN,         NaN
,,,          NaN,,,,          NaN,         NaN
,,,          NaN,,,,          NaN,         NaN
,,,          NaN,,,,          NaN,         NaN
,,,          NaN,,,,          NaN,         NaN
,,,          NaN,,,,          NaN,         NaN
,,,          NaN,,,,          NaN,         NaN
,,,          NaN,,,,          NaN,         NaN
,,,          NaN,,,,          NaN,         NaN
,,,          NaN,,,,          NaN,         NaN
,,,          NaN,,,,          NaN,         NaN
,,,          NaN,,,,          NaN,         NaN
,,,          NaN,,,,          NaN,         NaN
,,,          NaN,,,,          NaN,         NaN
,,,          NaN,,,,          NaN,         NaN
,,,          NaN,,,,          NaN,         NaN
,,,          NaN,,,,          NaN,         NaN
,,,          NaN,,,,          NaN,         NaN
,,,          NaN,,,,          NaN,         NaN
,,,          NaN,,,,          NaN,         NaN
,,,          NaN,,,,          NaN,         NaN
,,,          NaN,,,,          NaN,         NaN
,,,          NaN,,,,          NaN,         NaN
,,,          NaN,,,,          NaN,         NaN
,,,          NaN,,,,          NaN,         NaN
,,,          NaN,,,,          NaN,         NaN
,,,          NaN,,,,          NaN,         NaN
,,,          NaN,,,,          NaN,         NaN
,,,          NaN,,,,          NaN,         NaN
,,,          NaN,,,,          NaN,         NaN
,,,          NaN,,,,          NaN,         NaN
,,,          NaN,,,,          NaN,         NaN
,,,          NaN,,,,          NaN,         NaN
,,,          NaN,,,,          NaN,         NaN
,,,          NaN,,,,          NaN,         NaN
,,,          NaN,,,,          NaN,         NaN
,,,          NaN,,,,          NaN,         NaN
,,,          NaN,,,,          NaN,         NaN
,,,          NaN,,,,          NaN,         NaN
,,,          NaN,,,,          NaN,         NaN
,,,          NaN,,,,          NaN,         NaN
,,,          NaN,,,,          NaN,         NaN
,,,          NaN,,,,          NaN,         NaN
,,,          NaN,,,,          NaN,         NaN
,,,          NaN,,,,          NaN,         NaN
,,,          NaN,,,,          NaN,         NaN
,,,          NaN,,,,          NaN,         NaN
,,,          NaN,,,,          NaN,         NaN
,,,          NaN,,,,          NaN,         NaN
,,,          NaN,,,,          NaN,         NaN
,,,          NaN,,,,          NaN,         NaN
,,,          NaN,,,,          NaN,         NaN
,,,          NaN,,,,          NaN,         NaN
,,,          NaN,,,,          NaN,         NaN
,,,          NaN,,,,          NaN,         NaN
,,,          NaN,,,,          NaN,         NaN
,,,          NaN,,,,          NaN,         NaN
,,,          NaN,,,,          NaN,         NaN
,,,          NaN,,,,          NaN,         NaN
,,,          NaN,,,,          NaN,         NaN
,,,          NaN,,,,          NaN,         NaN
,,,          NaN,,,,          NaN,         NaN
,,,          NaN,,,,          NaN,         NaN
,,,          NaN,,,,          NaN,         NaN
,,,          NaN,,,,          NaN,         NaN
,,,          NaN,,,,          NaN,         NaN
,,,          NaN,,,,          NaN,         NaN
,,,          NaN,,,,          NaN,         NaN
,,,          NaN,,,,          NaN,         NaN
,,,          NaN,,,,          NaN,         NaN
,,,          NaN,,,,          NaN,         NaN
,,,          NaN,,,,          NaN,         NaN
,,,          NaN,,,,          NaN,         NaN
,,,          NaN,,,,          NaN,         NaN
,,,          NaN,,,,          NaN,         NaN
,,,          NaN,,,,          NaN,         NaN
,,,          NaN,,,,          NaN,         NaN
,,,          NaN,,,,          NaN,         NaN
,,,          NaN,,,,          NaN,         NaN
,,,          NaN,,,,          NaN,         NaN
,,,          NaN,,,,          NaN,         NaN
,,,          NaN,,,,          NaN,         NaN
,,,          NaN,,,,          NaN,         NaN
,,,          NaN,,,,          NaN,         NaN
,,,          NaN,,,,          NaN,         NaN
,,,          NaN,,,,          NaN,         NaN
,,,          NaN,,,,          NaN,         NaN
,,,          NaN,,,,          NaN,         NaN
,,,          NaN,,,,          NaN,         NaN
,,,          NaN,,,,          NaN,         NaN
,,,          NaN,,,,          NaN,         NaN
,,,          NaN,,,,          NaN,         NaN
,,,          NaN,,,,          NaN,         NaN
,,,          NaN,,,,          NaN,         NaN
,,,          NaN,,,,          NaN,         NaN
,,,          NaN,,,,          NaN,         NaN
,,,          NaN,,,,          NaN,         NaN
,,,          NaN,,,,          NaN,         NaN
,,,          NaN,,,,          NaN,         NaN
,,,          NaN,,,,          NaN,         NaN
,,,          NaN,,,,          NaN,         NaN
,,,          NaN,,,,          NaN,         NaN
,,,          NaN,,,,          NaN,         NaN
,,,          NaN,,,,          NaN,         NaN
,,,          NaN,,,,          NaN,         NaN
,,,          NaN,,,,          NaN,         NaN
,,,          NaN,,,,          NaN,         NaN
,,,          NaN,,,,          NaN,         NaN
,,,          NaN,,,,          NaN,         NaN
,,,          NaN,,,,          NaN,         NaN
,,,          NaN,,,,          NaN,         NaN
,,,          NaN,,,,          NaN,         NaN
,,,          NaN,,,,          NaN,         NaN
,,,          NaN,,,,          NaN,         NaN
,,,          NaN,,,,          NaN,         NaN
,,,          NaN,,,,          NaN,         NaN
,,,          NaN,,,,          NaN,         NaN
,,,          NaN,,,,          NaN,         NaN
,,,          NaN,,,,          NaN,         NaN
,,,          NaN,,,,          NaN,         NaN
,,,          NaN,,,,          NaN,         NaN
,,,          NaN,,,,          NaN,         NaN
,,,          NaN,,,,          NaN,         NaN
,,,          NaN,,,,          NaN,         NaN
,,,          NaN,,,,          NaN,         NaN
,,,          NaN,,,,          NaN,         NaN
,,,          NaN,,,,          NaN,         NaN
,,,          NaN,,,,          NaN,         NaN
,,,          NaN,,,,          NaN,         NaN
,,,          NaN,,,,          NaN,         NaN
,,,          NaN,,,,          NaN,         NaN
,,,          NaN,,,,          NaN,         NaN
,,,          NaN,,,,          NaN,         NaN
,,,          NaN,,,,          NaN,         NaN
,,,          NaN,,,,          NaN,         NaN
,,,          NaN,,,,          NaN,         NaN
,,,          NaN,,,,          NaN,         NaN
,,,          NaN,,,,          NaN,         NaN
,,,          NaN,,,,          NaN,         NaN
,,,          NaN,,,,          NaN,         NaN
,,,          NaN,,,,          NaN,         NaN
,,,          NaN,,,,          NaN,         NaN
,,,          NaN,,,,          NaN,         NaN
,,,          NaN,,,,          NaN,         NaN
,,,          NaN,,,,          NaN,         NaN
,,,          NaN,,,,          NaN,         NaN
,,,          NaN,,,,          NaN,         NaN
,,,          NaN,,,,          NaN,         NaN
,,,          NaN,,,,          NaN,         NaN
,,,          NaN,,,,          NaN,         NaN
,,,          NaN,,,,          NaN,         NaN
,,,          NaN,,,,          NaN,         NaN
,,,          NaN,,,,          NaN,         NaN
,,,          NaN,,,,          NaN,         NaN
,,,          NaN,,,,          NaN,         NaN
,,,          NaN,,,,          NaN,         NaN
,,,          NaN,,,,          NaN,         NaN
,,,          NaN,,,,          NaN,         NaN
,,,          NaN,,,,          NaN,         NaN
,,,          NaN,,,,          NaN,         NaN
,,,          NaN,,,,          NaN,         NaN
,,,          NaN,,,,          NaN,         NaN
,,,          NaN,,,,          NaN,         NaN
,,,          NaN,,,,          NaN,         NaN
,,,          NaN,,,,          NaN,         NaN
,,,          NaN,,,,          NaN,         NaN
,,,          NaN,,,,          NaN,         NaN
,,,          NaN,,,,          NaN,         NaN
,,,          NaN,,,,          NaN,         NaN
,,,          NaN,,,,          NaN,         NaN
,,,          NaN,,,,          NaN,         NaN
,,,          NaN,,,,          NaN,         NaN
,,,          NaN,,,,          NaN,         NaN
,,,          NaN,,,,          NaN,         NaN
,,,          NaN,,,,          NaN,         NaN
,,,          NaN,,,,          NaN,         NaN
,,,          NaN,,,,          NaN,         NaN
,,,          NaN,,,,          NaN,         NaN
,,,          NaN,,,,          NaN,         NaN
,,,          NaN,,,,          NaN,         NaN
,,,          NaN,,,,          NaN,         NaN
,,,          NaN,,,,          NaN,         NaN
,,,          NaN,,,,          NaN,         NaN
,,,          NaN,,,,          NaN,         NaN
,,,          NaN,,,,          NaN,         NaN
,,,          NaN,,,,          NaN,         NaN
,,,          NaN,,,,          NaN,         NaN
,,,          NaN,,,,          NaN,         NaN
,,,          NaN,,,,          NaN,         NaN
,,,          NaN,,,,          NaN,         NaN
,,,          NaN,,,,          NaN,         NaN
,,,          NaN,,,,          NaN,         NaN
,,,          NaN,,,,          NaN,         NaN
,,,          NaN,,,,          NaN,         NaN
,,,          NaN,,,,          NaN,         NaN
,,,          NaN,,,,          NaN,         NaN
,,,          NaN,,,,          NaN,         NaN
,,,          NaN,,,,          NaN,         NaN
,,,          NaN,,,,          NaN,         NaN
,,,          NaN,,,,          NaN,         NaN
,,,          NaN,,,,          NaN,         NaN
,,,          NaN,,,,          NaN,         NaN
,,,          NaN,,,,          NaN,         NaN
,,,          NaN,,,,          NaN,         NaN
,,,          NaN,,,,          NaN,         NaN
,,,          NaN,,,,          NaN,         NaN
,,,          NaN,,,,          NaN,         NaN
,,,          NaN,,,,          NaN,         NaN
,,,          NaN,,,,          NaN,         NaN
,,,          NaN,,,,          NaN,         NaN
,,,          NaN,,,,          NaN,         NaN
,,,          NaN,,,,          NaN,         NaN
,,,          NaN,,,,          NaN,         NaN
,,,          NaN,,,,          NaN,         NaN
,,,          NaN,,,,          NaN,         NaN
,,,          NaN,,,,          NaN,         NaN
,,,          NaN,,,,          NaN,         NaN
,,,          NaN,,,,          NaN,         NaN
,,,          NaN,,,,          NaN,         NaN
,,,          NaN,,,,          NaN,         NaN
,,,          NaN,,,,          NaN,         NaN
,,,          NaN,,,,          NaN,         NaN
,,,          NaN,,,,          NaN,         NaN
,,,          NaN,,,,          NaN,         NaN
,,,          NaN,,,,          NaN,         NaN
,,,          NaN,,,,          NaN,         NaN
,,,          NaN,,,,          NaN,         NaN
,,,          NaN,,,,          NaN,         NaN
,,,          NaN,,,,          NaN,         NaN
,,,          NaN,,,,          NaN,         NaN
,,,          NaN,,,,          NaN,         NaN
,,,          NaN,,,,          NaN,         NaN
,,,          NaN,,,,          NaN,         NaN
,,,          NaN,,,,          NaN,         NaN
,,,          NaN,,,,          NaN,         NaN
,,,          NaN,,,,          NaN,         NaN
,,,          NaN,,,,          NaN,         NaN
,,,          NaN,,,,          NaN,         NaN
,,,          NaN,,,,          NaN,         NaN
,,,          NaN,,,,          NaN,         NaN
,,,          NaN,,,,          NaN,         NaN
,,,          NaN,,,,          NaN,         NaN
,,,          NaN,,,,          NaN,         NaN
,,,          NaN,,,,          NaN,         NaN
,,,          NaN,,,,          NaN,         NaN
,,,          NaN,,,,          NaN,         NaN
,,,          NaN,,,,          NaN,         NaN
,,,          NaN,,,,          NaN,         NaN
,,,          NaN,,,,          NaN,         NaN
,,,          NaN,,,,          NaN,         NaN
,,,          NaN,,,,          NaN,         NaN
,,,          NaN,,,,          NaN,         NaN
,,,          NaN,,,,          NaN,         NaN
,,,          NaN,,,,          NaN,         NaN
,,,          NaN,,,,          NaN,         NaN
,,,          NaN,,,,          NaN,         NaN
,,,          NaN,,,,          NaN,         NaN
,,,          NaN,,,,          NaN,         NaN
,,,          NaN,,,,          NaN,         NaN
,,,          NaN,,,,          NaN,         NaN
,,,          NaN,,,,          NaN,         NaN
,,,          NaN,,,,          NaN,         NaN
,,,          NaN,,,,          NaN,         NaN
,,,          NaN,,,,          NaN,         NaN
,,,          NaN,,,,          NaN,         NaN
,,,          NaN,,,,          NaN,         NaN
,,,          NaN,,,,          NaN,         NaN
,,,          NaN,,,,          NaN,         NaN
,,,          NaN,,,,          NaN,         NaN
,,,          NaN,,,,          NaN,         NaN
,,,          NaN,,,,          NaN,         NaN
,,,          NaN,,,,          NaN,         NaN
,,,          NaN,,,,          NaN,         NaN
,,,          NaN,,,,          NaN,         NaN
,,,          NaN,,,,          NaN,         NaN
,,,          NaN,,,,          NaN,         NaN
,,,          NaN,,,,          NaN,         NaN
,,,          NaN,,,,          NaN,         NaN
,,,          NaN,,,,          NaN,         NaN
,,,          NaN,,,,          NaN,         NaN
,,,          NaN,,,,          NaN,         NaN
,,,          NaN,,,,          NaN,         NaN
,,,          NaN,,,,          NaN,         NaN
,,,          NaN,,,,          NaN,         NaN
,,,          NaN,,,,          NaN,         NaN
,,,          NaN,,,,          NaN,         NaN
,,,          NaN,,,,          NaN,         NaN
,,,          NaN,,,,          NaN,         NaN
,,,          NaN,,,,          NaN,         NaN
,,,          NaN,,,,          NaN,         NaN
,,,          NaN,,,,          NaN,         NaN
,,,          NaN,,,,          NaN,         NaN
,,,          NaN,,,,          NaN,         NaN
,,,          NaN,,,,          NaN,         NaN
,,,          NaN,,,,          NaN,         NaN
,,,          NaN,,,,          NaN,         NaN
,,,          NaN,,,,          NaN,         NaN
,,,          NaN,,,,          NaN,         NaN
,,,          NaN,,,,          NaN,         NaN
,,,          NaN,,,,          NaN,         NaN
,,,          NaN,,,,          NaN,         NaN
,,,          NaN,,,,          NaN,         NaN
,,,          NaN,,,,          NaN,         NaN
,,,          NaN,,,,          NaN,         NaN
,,,          NaN,,,,          NaN,         NaN
,,,          NaN,,,,          NaN,         NaN
,,,          NaN,,,,          NaN,         NaN
,,,          NaN,,,,          NaN,         NaN
,,,          NaN,,,,          NaN,         NaN
,,,          NaN,,,,          NaN,         NaN
,,,          NaN,,,,          NaN,         NaN
,,,          NaN,,,,          NaN,         NaN
,,,          NaN,,,,          NaN,         NaN
,,,          NaN,,,,          NaN,         NaN
,,,          NaN,,,,          NaN,         NaN
,,,          NaN,,,,          NaN,         NaN
,,,          NaN,,,,          NaN,         NaN
,,,          NaN,,,,          NaN,         NaN
,,,          NaN,,,,          NaN,         NaN
,,,          NaN,,,,          NaN,         NaN
,,,          NaN,,,,          NaN,         NaN
,,,          NaN,,,,          NaN,         NaN
,,,          NaN,,,,          NaN,         NaN
,,,          NaN,,,,          NaN,         NaN
,,,          NaN,,,,          NaN,         NaN
,,,          NaN,,,,          NaN,         NaN
,,,          NaN,,,,          NaN,         NaN
,,,          NaN,,,,          NaN,         NaN
,,,          NaN,,,,          NaN,         NaN
,,,          NaN,,,,          NaN,         NaN
,,,          NaN,,,,          NaN,         NaN
,,,          NaN,,,,          NaN,         NaN
,,,          NaN,,,,          NaN,         NaN
,,,          NaN,,,,          NaN,         NaN
,,,          NaN,,,,          NaN,         NaN
,,,          NaN,,,,          NaN,         NaN
,,,          NaN,,,,          NaN,         NaN
,,,          NaN,,,,          NaN,         NaN
,,,          NaN,,,,          NaN,         NaN
,,,          NaN,,,,          NaN,         NaN
,,,          NaN,,,,          NaN,         NaN
,,,          NaN,,,,          NaN,         NaN
,,,          NaN,,,,          NaN,         NaN
,,,          NaN,,,,          NaN,         NaN
,,,          NaN,,,,          NaN,         NaN
,,,          NaN,,,,          NaN,         NaN
,,,          NaN,,,,          NaN,         NaN
,,,          NaN,,,,          NaN,         NaN
,,,          NaN,,,,          NaN,         NaN
,,,          NaN,,,,          NaN,         NaN
,,,          NaN,,,,          NaN,         NaN
,,,          NaN,,,,          NaN,         NaN
,,,          NaN,,,,          NaN,         NaN
,,,          NaN,,,,          NaN,         NaN
,,,          NaN,,,,          NaN,         NaN
,,,          NaN,,,,          NaN,         NaN
,,,          NaN,,,,          NaN,         NaN
,,,          NaN,,,,          NaN,         NaN
,,,          NaN,,,,          NaN,         NaN
,,,          NaN,,,,          NaN,         NaN
,,,          NaN,,,,          NaN,         NaN
,,,          NaN,,,,          NaN,         NaN
,,,          NaN,,,,          NaN,         NaN
,,,          NaN,,,,          NaN,         NaN
,,,          NaN,,,,          NaN,         NaN
,,,          NaN,,,,          NaN,         NaN
,,,          NaN,,,,          NaN,         NaN
,,,          NaN,,,,          NaN,         NaN
,,,          NaN,,,,          NaN,         NaN
,,,          NaN,,,,          NaN,         NaN
,,,          NaN,,,,          NaN,         NaN
,,,          NaN,,,,          NaN,         NaN
,,,          NaN,,,,          NaN,         NaN
,,,          NaN,,,,          NaN,         NaN
,,,          NaN,,,,          NaN,         NaN
,,,          NaN,,,,          NaN,         NaN
,,,          NaN,,,,          NaN,         NaN
,,,          NaN,,,,          NaN,         NaN
,,,          NaN,,,,          NaN,         NaN
,,,          NaN,,,,          NaN,         NaN
,,,          NaN,,,,          NaN,         NaN
,,,          NaN,,,,          NaN,         NaN
,,,          NaN,,,,          NaN,         NaN
,,,          NaN,,,,          NaN,         NaN
,,,          NaN,,,,          NaN,         NaN
,,,          NaN,,,,          NaN,         NaN
,,,          NaN,,,,          NaN,         NaN
,,,          NaN,,,,          NaN,         NaN
,,,          NaN,,,,          NaN,         NaN
,,,          NaN,,,,          NaN,         NaN
,,,          NaN,,,,          NaN,         NaN
,,,          NaN,,,,          NaN,         NaN
,,,          NaN,,,,          NaN,         NaN
,,,          NaN,,,,          NaN,         NaN
,,,          NaN,,,,          NaN,         NaN
,,,          NaN,,,,          NaN,         NaN
,,,          NaN,,,,          NaN,         NaN
,,,          NaN,,,,          NaN,         NaN
,,,          NaN,,,,          NaN,         NaN
,,,          NaN,,,,          NaN,         NaN
,,,          NaN,,,,          NaN,         NaN
,,,          NaN,,,,          NaN,         NaN
,,,          NaN,,,,          NaN,         NaN
,,,          NaN,,,,          NaN,         NaN
,,,          NaN,,,,          NaN,         NaN
,,,          NaN,,,,          NaN,         NaN
,,,          NaN,,,,          NaN,         NaN
,,,          NaN,,,,          NaN,         NaN
,,,          NaN,,,,          NaN,         NaN
,,,          NaN,,,,          NaN,         NaN
,,,          NaN,,,,          NaN,         NaN
,,,          NaN,,,,          NaN,         NaN
,,,          NaN,,,,          NaN,         NaN
,,,          NaN,,,,          NaN,         NaN
,,,          NaN,,,,          NaN,         NaN
,,,          NaN,,,,          NaN,         NaN
,,,          NaN,,,,          NaN,         NaN
,,,          NaN,,,,          NaN,         NaN
,,,          NaN,,,,          NaN,         NaN
,,,          NaN,,,,          NaN,         NaN
,,,          NaN,,,,          NaN,         NaN
,,,          NaN,,,,          NaN,         NaN
,,,          NaN,,,,          NaN,         NaN
,,,          NaN,,,,          NaN,         NaN
,,,          NaN,,,,          NaN,         NaN
,,,          NaN,,,,          NaN,         NaN
,,,          NaN,,,,          NaN,         NaN
,,,          NaN,,,,          NaN,         NaN
,,,          NaN,,,,          NaN,         NaN
,,,          NaN,,,,          NaN,         NaN
,,,          NaN,,,,          NaN,         NaN
,,,          NaN,,,,          NaN,         NaN
,,,          NaN,,,,          NaN,         NaN
,,,          NaN,,,,          NaN,         NaN
,,,          NaN,,,,          NaN,         NaN
,,,          NaN,,,,          NaN,         NaN
,,,          NaN,,,,          NaN,         NaN
,,,          NaN,,,,          NaN,         NaN
,,,          NaN,,,,          NaN,         NaN
,,,          NaN,,,,          NaN,         NaN
,,,          NaN,,,,          NaN,         NaN
,,,          NaN,,,,          NaN,         NaN
,,,          NaN,,,,          NaN,         NaN
,,,          NaN,,,,          NaN,         NaN
,,,          NaN,,,,          NaN,         NaN
,,,          NaN,,,,          NaN,         NaN
,,,          NaN,,,,          NaN,         NaN
,,,          NaN,,,,          NaN,         NaN
,,,          NaN,,,,          NaN,         NaN
,,,          NaN,,,,          NaN,         NaN
,,,          NaN,,,,          NaN,         NaN
,,,          NaN,,,,          NaN,         NaN
,,,          NaN,,,,          NaN,         NaN
,,,          NaN,,,,          NaN,         NaN
,,,          NaN,,,,          NaN,         NaN
,,,          NaN,,,,          NaN,         NaN
,,,          NaN,,,,          NaN,         NaN
,,,          NaN,,,,          NaN,         NaN
,,,          NaN,,,,          NaN,         NaN
,,,          NaN,,,,          NaN,         NaN
,,,          NaN,,,,          NaN,         NaN
,,,          NaN,,,,          NaN,         NaN
,,,          NaN,,,,          NaN,         NaN
,,,          NaN,,,,          NaN,         NaN
,,,          NaN,,,,          NaN,         NaN
,,,          NaN,,,,          NaN,         NaN
,,,          NaN,,,,          NaN,         NaN
,,,          NaN,,,,          NaN,         NaN
,,,          NaN,,,,          NaN,         NaN
,,,          NaN,,,,          NaN,         NaN
,,,          NaN,,,,          NaN,         NaN
,,,          NaN,,,,          NaN,         NaN
,,,          NaN,,,,          NaN,         NaN
,,,          NaN,,,,          NaN,         NaN
,,,          NaN,,,,          NaN,         NaN
,,,          NaN,,,,          NaN,         NaN
,,,          NaN,,,,          NaN,         NaN
,,,          NaN,,,,          NaN,         NaN
,,,          NaN,,,,          NaN,         NaN
,,,          NaN,,,,          NaN,         NaN
,,,          NaN,,,,          NaN,         NaN
,,,          NaN,,,,          NaN,         NaN
,,,          NaN,,,,          NaN,         NaN
,,,          NaN,,,,          NaN,         NaN
,,,          NaN,,,,          NaN,         NaN
,,,          NaN,,,,          NaN,         NaN
,,,          NaN,,,,          NaN,         NaN
,,,          NaN,,,,          NaN,         NaN
,,,          NaN,,,,          NaN,         NaN
,,,          NaN,,,,          NaN,         NaN
,,,          NaN,,,,          NaN,         NaN
,,,          NaN,,,,          NaN,         NaN
,,,          NaN,,,,          NaN,         NaN
,,,          NaN,,,,          NaN,         NaN
,,,          NaN,,,,          NaN,         NaN
,,,          NaN,,,,          NaN,         NaN
,,,          NaN,,,,          NaN,         NaN
,,,          NaN,,,,          NaN,         NaN
,,,          NaN,,,,          NaN,         NaN
,,,          NaN,,,,          NaN,         NaN
,,,          NaN,,,,          NaN,         NaN
,,,          NaN,,,,          NaN,         NaN
,,,          NaN,,,,          NaN,         NaN
,,,          NaN,,,,          NaN,         NaN
,,,          NaN,,,,          NaN,         NaN
,,,          NaN,,,,          NaN,         NaN
,,,          NaN,,,,          NaN,         NaN
,,,          NaN,,,,          NaN,         NaN
,,,          NaN,,,,          NaN,         NaN
,,,          NaN,,,,          NaN,         NaN
,,,          NaN,,,,          NaN,         NaN
,,,          NaN,,,,          NaN,         NaN
,,,          NaN,,,,          NaN,         NaN
,,,          NaN,,,,          NaN,         NaN
,,,          NaN,,,,          NaN,         NaN
,,,          NaN,,,,          NaN,         NaN
,,,          NaN,,,,          NaN,         NaN
,,,          NaN,,,,          NaN,         NaN
,,,          NaN,,,,          NaN,         NaN
,,,          NaN,,,,          NaN,         NaN
,,,          NaN,,,,          NaN,         NaN
,,,          NaN,,,,          NaN,         NaN
,,,          NaN,,,,          NaN,         NaN
,,,          NaN,,,,          NaN,         NaN
,,,          NaN,,,,          NaN,         NaN
,,,          NaN,,,,          NaN,         NaN
,,,          NaN,,,,          NaN,         NaN
,,,          NaN,,,,          NaN,         NaN
,,,          NaN,,,,          NaN,         NaN
,,,          NaN,,,,          NaN,         NaN
,,,          NaN,,,,          NaN,         NaN
,,,          NaN,,,,          NaN,         NaN
,,,          NaN,,,,          NaN,         NaN
,,,          NaN,,,,          NaN,         NaN
,,,          NaN,,,,          NaN,         NaN
,,,          NaN,,,,          NaN,         NaN
,,,          NaN,,,,          NaN,         NaN
,,,          NaN,,,,          NaN,         NaN
,,,          NaN,,,,          NaN,         NaN
,,,          NaN,,,,          NaN,         NaN
,,,          NaN,,,,          NaN,         NaN
,,,          NaN,,,,          NaN,         NaN
,,,          NaN,,,,          NaN,         NaN
,,,          NaN,,,,          NaN,         NaN
,,,          NaN,,,,          NaN,         NaN
,,,          NaN,,,,          NaN,         NaN
,,,          NaN,,,,          NaN,         NaN
,,,          NaN,,,,          NaN,         NaN
,,,          NaN,,,,          NaN,         NaN
,,,          NaN,,,,          NaN,         NaN
,,,          NaN,,,,          NaN,         NaN
,,,          NaN,,,,          NaN,         NaN
,,,          NaN,,,,          NaN,         NaN
,,,          NaN,,,,          NaN,         NaN
,,,          NaN,,,,          NaN,         NaN
,,,          NaN,,,,          NaN,         NaN
,,,          NaN,,,,          NaN,         NaN
,,,          NaN,,,,          NaN,         NaN
,,,          NaN,,,,          NaN,         NaN
,,,          NaN,,,,          NaN,         NaN
,,,          NaN,,,,          NaN,         NaN
,,,          NaN,,,,          NaN,         NaN
,,,          NaN,,,,          NaN,         NaN
,,,          NaN,,,,          NaN,         NaN
,,,          NaN,,,,          NaN,         NaN
,,,          NaN,,,,          NaN,         NaN
,,,          NaN,,,,          NaN,         NaN
,,,          NaN,,,,          NaN,         NaN
,,,          NaN,,,,          NaN,         NaN
,,,          NaN,,,,          NaN,         NaN
,,,          NaN,,,,          NaN,         NaN
,,,          NaN,,,,          NaN,         NaN
,,,          NaN,,,,          NaN,         NaN
,,,          NaN,,,,          NaN,         NaN
,,,          NaN,,,,          NaN,         NaN
,,,          NaN,,,,          NaN,         NaN
,,,          NaN,,,,          NaN,         NaN
,,,          NaN,,,,          NaN,         NaN
,,,          NaN,,,,          NaN,         NaN
,,,          NaN,,,,          NaN,         NaN
,,,          NaN,,,,          NaN,         NaN
,,,          NaN,,,,          NaN,         NaN
,,,          NaN,,,,          NaN,         NaN
,,,          NaN,,,,          NaN,         NaN
,,,          NaN,,,,          NaN,         NaN
,,,          NaN,,,,          NaN,         NaN
,,,          NaN,,,,          NaN,         NaN
,,,          NaN,,,,          NaN,         NaN
,,,          NaN,,,,          NaN,         NaN
,,,          NaN,,,,          NaN,         NaN
,,,          NaN,,,,          NaN,         NaN
,,,          NaN,,,,          NaN,         NaN
,,,          NaN,,,,          NaN,         NaN
,,,          NaN,,,,          NaN,         NaN
,,,          NaN,,,,          NaN,         NaN
,,,          NaN,,,,          NaN,         NaN
,,,          NaN,,,,          NaN,         NaN
,,,          NaN,,,,          NaN,         NaN
,,,          NaN,,,,          NaN,         NaN
,,,          NaN,,,,          NaN,         NaN
,,,          NaN,,,,          NaN,         NaN
,,,          NaN,,,,          NaN,         NaN
,,,          NaN,,,,          NaN,         NaN
,,,          NaN,,,,          NaN,         NaN
,,,          NaN,,,,          NaN,         NaN
,,,          NaN,,,,          NaN,         NaN
,,,          NaN,,,,          NaN,         NaN
,,,          NaN,,,,          NaN,         NaN
,,,          NaN,,,,          NaN,         NaN
,,,          NaN,,,,          NaN,         NaN
,,,          NaN,,,,          NaN,         NaN
,,,          NaN,,,,          NaN,         NaN
,,,          NaN,,,,          NaN,         NaN
,,,          NaN,,,,          NaN,         NaN
,,,          NaN,,,,          NaN,         NaN
,,,          NaN,,,,          NaN,         NaN
,,,          NaN,,,,          NaN,         NaN
,,,          NaN,,,,          NaN,         NaN
,,,          NaN,,,,          NaN,         NaN
,,,          NaN,,,,          NaN,         NaN
,,,          NaN,,,,          NaN,         NaN
,,,          NaN,,,,          NaN,         NaN
,,,          NaN,,,,          NaN,         NaN
,,,          NaN,,,,          NaN,         NaN
,,,          NaN,,,,          NaN,         NaN
,,,          NaN,,,,          NaN,         NaN
,,,          NaN,,,,          NaN,         NaN
,,,          NaN,,,,          NaN,         NaN
,,,          NaN,,,,          NaN,         NaN
,,,          NaN,,,,          NaN,         NaN
,,,          NaN,,,,          NaN,         NaN
,,,          NaN,,,,          NaN,         NaN
,,,          NaN,,,,          NaN,         NaN
,,,          NaN,,,,          NaN,         NaN
,,,          NaN,,,,          NaN,         NaN
,,,          NaN,,,,          NaN,         NaN
,,,          NaN,,,,          NaN,         NaN
,,,          NaN,,,,          NaN,         NaN
,,,          NaN,,,,          NaN,         NaN
,,,          NaN,,,,          NaN,         NaN
,,,          NaN,,,,          NaN,         NaN
,,,          NaN,,,,          NaN,         NaN
,,,          NaN,,,,          NaN,         NaN
,,,          NaN,,,,          NaN,         NaN
,,,          NaN,,,,          NaN,         NaN
,,,          NaN,,,,          NaN,         NaN
,,,          NaN,,,,          NaN,         NaN
,,,          NaN,,,,          NaN,         NaN
,,,          NaN,,,,          NaN,         NaN
,,,          NaN,,,,          NaN,         NaN
,,,          NaN,,,,          NaN,         NaN
,,,          NaN,,,,          NaN,         NaN
,,,          NaN,,,,          NaN,         NaN
,,,          NaN,,,,          NaN,         NaN
,,,          NaN,,,,          NaN,         NaN
,,,          NaN,,,,          NaN,         NaN
,,,          NaN,,,,          NaN,         NaN
,,,          NaN,,,,          NaN,         NaN
,,,          NaN,,,,          NaN,         NaN
,,,          NaN,,,,          NaN,         NaN
,,,          NaN,,,,          NaN,         NaN
,,,          NaN,,,,          NaN,         NaN
,,,          NaN,,,,          NaN,         NaN
,,,          NaN,,,,          NaN,         NaN
,,,          NaN,,,,          NaN,         NaN
,,,          NaN,,,,          NaN,         NaN
,,,          NaN,,,,          NaN,         NaN
,,,          NaN,,,,          NaN,         NaN
,,,          NaN,,,,          NaN,         NaN
,,,          NaN,,,,          NaN,         NaN
,,,          NaN,,,,          NaN,         NaN
,,,          NaN,,,,          NaN,         NaN
,,,          NaN,,,,          NaN,         NaN
,,,          NaN,,,,          NaN,         NaN
,,,          NaN,,,,          NaN,         NaN
,,,          NaN,,,,          NaN,         NaN
,,,          NaN,,,,          NaN,         NaN
,,,          NaN,,,,          NaN,         NaN
,,,          NaN,,,,          NaN,         NaN
,,,          NaN,,,,          NaN,         NaN
,,,          NaN,,,,          NaN,         NaN
,,,          NaN,,,,          NaN,         NaN
,,,          NaN,,,,          NaN,         NaN
,,,          NaN,,,,          NaN,         NaN
,,,          NaN,,,,          NaN,         NaN
,,,          NaN,,,,          NaN,         NaN
,,,          NaN,,,,          NaN,         NaN
,,,          NaN,,,,          NaN,         NaN
,,,          NaN,,,,          NaN,         NaN
,,,          NaN,,,,          NaN,         NaN
,,,          NaN,,,,          NaN,         NaN
,,,          NaN,,,,          NaN,         NaN
,,,          NaN,,,,          NaN,         NaN
,,,          NaN,,,,          NaN,         NaN
,,,          NaN,,,,          NaN,         NaN
,,,          NaN,,,,          NaN,         NaN
,,,          NaN,,,,          NaN,         NaN
,,,          NaN,,,,          NaN,         NaN
,,,          NaN,,,,          NaN,         NaN
,,,          NaN,,,,          NaN,         NaN
,,,          NaN,,,,          NaN,         NaN
,,,          NaN,,,,          NaN,         NaN
,,,          NaN,,,,          NaN,         NaN
,,,          NaN,,,,          NaN,         NaN
,,,          NaN,,,,          NaN,         NaN
,,,          NaN,,,,          NaN,         NaN
,,,          NaN,,,,          NaN,         NaN
,,,          NaN,,,,          NaN,         NaN
,,,          NaN,,,,          NaN,         NaN
,,,          NaN,,,,          NaN,         NaN
,,,          NaN,,,,          NaN,         NaN
,,,          NaN,,,,          NaN,         NaN
,,,          NaN,,,,          NaN,         NaN
,,,          NaN,,,,          NaN,         NaN
,,,          NaN,,,,          NaN,         NaN
,,,          NaN,,,,          NaN,         NaN
,,,          NaN,,,,          NaN,         NaN
,,,          NaN,,,,          NaN,         NaN
,,,          NaN,,,,          NaN,         NaN
,,,          NaN,,,,          NaN,         NaN
,,,          NaN,,,,          NaN,         NaN
,,,          NaN,,,,          NaN,         NaN
,,,          NaN,,,,          NaN,         NaN
,,,          NaN,,,,          NaN,         NaN
,,,          NaN,,,,          NaN,         NaN
,,,          NaN,,,,          NaN,         NaN
,,,          NaN,,,,          NaN,         NaN
,,,          NaN,,,,          NaN,         NaN
,,,          NaN,,,,          NaN,         NaN
,,,          NaN,,,,          NaN,         NaN
,,,          NaN,,,,          NaN,         NaN
,,,          NaN,,,,          NaN,         NaN
,,,          NaN,,,,          NaN,         NaN
,,,          NaN,,,,          NaN,         NaN
,,,          NaN,,,,          NaN,         NaN
,,,          NaN,,,,          NaN,         NaN
,,,          NaN,,,,          NaN,         NaN
,,,          NaN,,,,          NaN,         NaN
,,,          NaN,,,,          NaN,         NaN
,,,          NaN,,,,          NaN,         NaN
,,,          NaN,,,,          NaN,         NaN
,,,          NaN,,,,          NaN,         NaN
,,,          NaN,,,,          NaN,         NaN
,,,          NaN,,,,          NaN,         NaN
,,,          NaN,,,,          NaN,         NaN
,,,          NaN,,,,          NaN,         NaN
,,,          NaN,,,,          NaN,         NaN
,,,          NaN,,,,          NaN,         NaN
,,,          NaN,,,,          NaN,         NaN
,,,          NaN,,,,          NaN,         NaN
,,,          NaN,,,,          NaN,         NaN
,,,          NaN,,,,          NaN,         NaN
,,,          NaN,,,,          NaN,         NaN
,,,          NaN,,,,          NaN,         NaN
,,,          NaN,,,,          NaN,         NaN
,,,          NaN,,,,          NaN,         NaN
,,,          NaN,,,,          NaN,         NaN
,,,          NaN,,,,          NaN,         NaN
,,,          NaN,,,,          NaN,         NaN
,,,          NaN,,,,          NaN,         NaN
,,,          NaN,,,,          NaN,         NaN
,,,          NaN,,,,          NaN,         NaN
,,,          NaN,,,,          NaN,         NaN
,,,          NaN,,,,          NaN,         NaN
,,,          NaN,,,,          NaN,         NaN
,,,          NaN,,,,          NaN,         NaN
,,,          NaN,,,,          NaN,         NaN
,,,          NaN,,,,          NaN,         NaN
,,,          NaN,,,,          NaN,         NaN
,,,          NaN,,,,          NaN,         NaN
,,,          NaN,,,,          NaN,         NaN
,,,          NaN,,,,          NaN,         NaN
,,,          NaN,,,,          NaN,         NaN
,,,          NaN,,,,          NaN,         NaN
,,,          NaN,,,,          NaN,         NaN
,,,          NaN,,,,          NaN,         NaN
,,,          NaN,,,,          NaN,         NaN
,,,          NaN,,,,          NaN,         NaN
,,,          NaN,,,,          NaN,         NaN
,,,          NaN,,,,          NaN,         NaN
,,,          NaN,,,,          NaN,         NaN
,,,          NaN,,,,          NaN,         NaN
,,,          NaN,,,,          NaN,         NaN
,,,          NaN,,,,          NaN,         NaN
,,,          NaN,,,,          NaN,         NaN
,,,          NaN,,,,          NaN,         NaN
,,,          NaN,,,,          NaN,         NaN
,,,          NaN,,,,          NaN,         NaN
,,,          NaN,,,,          NaN,         NaN
,,,          NaN,,,,          NaN,         NaN
,,,          NaN,,,,          NaN,         NaN
,,,          NaN,,,,          NaN,         NaN
,,,          NaN,,,,          NaN,         NaN
,,,          NaN,,,,          NaN,         NaN
,,,          NaN,,,,          NaN,         NaN
,,,          NaN,,,,          NaN,         NaN
,,,          NaN,,,,          NaN,         NaN
,,,          NaN,,,,          NaN,         NaN
,,,          NaN,,,,          NaN,         NaN
,,,          NaN,,,,          NaN,         NaN
,,,          NaN,,,,          NaN,         NaN
,,,          NaN,,,,          NaN,         NaN
,,,          NaN,,,,          NaN,         NaN
,,,          NaN,,,,          NaN,         NaN
,,,          NaN,,,,          NaN,         NaN
,,,          NaN,,,,          NaN,         NaN
,,,          NaN,,,,          NaN,         NaN
,,,          NaN,,,,          NaN,         NaN
,,,          NaN,,,,          NaN,         NaN
,,,          NaN,,,,          NaN,         NaN
,,,          NaN,,,,          NaN,         NaN
,,,          NaN,,,,          NaN,         NaN
,,,          NaN,,,,          NaN,         NaN
,,,          NaN,,,,          NaN,         NaN
,,,          NaN,,,,          NaN,         NaN
,,,          NaN,,,,          NaN,         NaN
,,,          NaN,,,,          NaN,         NaN
,,,          NaN,,,,          NaN,         NaN
,,,          NaN,,,,          NaN,         NaN
,,,          NaN,,,,          NaN,         NaN
,,,          NaN,,,,          NaN,         NaN
,,,          NaN,,,,          NaN,         NaN
,,,          NaN,,,,          NaN,         NaN
,,,          NaN,,,,          NaN,         NaN
,,,          NaN,,,,          NaN,         NaN
,,,          NaN,,,,          NaN,         NaN
,,,          NaN,,,,          NaN,         NaN
,,,          NaN,,,,          NaN,         NaN
,,,          NaN,,,,          NaN,         NaN
,,,          NaN,,,,          NaN,         NaN
,,,          NaN,,,,          NaN,         NaN
,,,          NaN,,,,          NaN,         NaN
,,,          NaN,,,,          NaN,         NaN
,,,          NaN,,,,          NaN,         NaN
,,,          NaN,,,,          NaN,         NaN
,,,          NaN,,,,          NaN,         NaN
,,,          NaN,,,,          NaN,         NaN
,,,          NaN,,,,          NaN,         NaN
,,,          NaN,,,,          NaN,         NaN
,,,          NaN,,,,          NaN,         NaN
,,,          NaN,,,,          NaN,         NaN
,,,          NaN,,,,          NaN,         NaN
,,,          NaN,,,,          NaN,         NaN
,,,          NaN,,,,          NaN,         NaN
,,,          NaN,,,,          NaN,         NaN
,,,          NaN,,,,          NaN,         NaN
,,,          NaN,,,,          NaN,         NaN
,,,          NaN,,,,          NaN,         NaN
,,,          NaN,,,,          NaN,         NaN
,,,          NaN,,,,          NaN,         NaN
,,,          NaN,,,,          NaN,         NaN
,,,          NaN,,,,          NaN,         NaN
,,,          NaN,,,,          NaN,         NaN
,,,          NaN,,,,          NaN,         NaN
,,,          NaN,,,,          NaN,         NaN
,,,          NaN,,,,          NaN,         NaN
,,,          NaN,,,,          NaN,         NaN
,,,          NaN,,,,          NaN,         NaN
,,,          NaN,,,,          NaN,         NaN
,,,          NaN,,,,          NaN,         NaN
,,,          NaN,,,,          NaN,         NaN
,,,          NaN,,,,          NaN,         NaN
,,,          NaN,,,,          NaN,         NaN
,,,          NaN,,,,          NaN,         NaN
,,,          NaN,,,,          NaN,         NaN
,,,          NaN,,,,          NaN,         NaN
,,,          NaN,,,,          NaN,         NaN
,,,          NaN,,,,          NaN,         NaN
,,,          NaN,,,,          NaN,         NaN
,,,          NaN,,,,          NaN,         NaN
,,,          NaN,,,,          NaN,         NaN
,,,          NaN,,,,          NaN,         NaN
,,,          NaN,,,,          NaN,         NaN
,,,          NaN,,,,          NaN,         NaN
,,,          NaN,,,,          NaN,         NaN
,,,          NaN,,,,          NaN,         NaN
,,,          NaN,,,,          NaN,         NaN
,,,          NaN,,,,          NaN,         NaN
,,,          NaN,,,,          NaN,         NaN
,,,          NaN,,,,          NaN,         NaN
,,,          NaN,,,,          NaN,         NaN
,,,          NaN,,,,          NaN,         NaN
,,,          NaN,,,,          NaN,         NaN
,,,          NaN,,,,          NaN,         NaN
,,,          NaN,,,,          NaN,         NaN
,,,          NaN,,,,          NaN,         NaN
,,,          NaN,,,,          NaN,         NaN
,,,          NaN,,,,          NaN,         NaN
,,,          NaN,,,,          NaN,         NaN
,,,          NaN,,,,          NaN,         NaN
,,,          NaN,,,,          NaN,         NaN
,,,          NaN,,,,          NaN,         NaN
,,,          NaN,,,,          NaN,         NaN
,,,          NaN,,,,          NaN,         NaN
,,,          NaN,,,,          NaN,         NaN
,,,          NaN,,,,          NaN,         NaN
,,,          NaN,,,,          NaN,         NaN
,,,          NaN,,,,          NaN,         NaN
,,,          NaN,,,,          NaN,         NaN
,,,          NaN,,,,          NaN,         NaN
,,,          NaN,,,,          NaN,         NaN
,,,          NaN,,,,          NaN,         NaN
,,,          NaN,,,,          NaN,         NaN
,,,          NaN,,,,          NaN,         NaN
,,,          NaN,,,,          NaN,         NaN
,,,          NaN,,,,          NaN,         NaN
,,,          NaN,,,,          NaN,         NaN
,,,          NaN,,,,          NaN,         NaN
,,,          NaN,,,,          NaN,         NaN
,,,          NaN,,,,          NaN,         NaN
,,,          NaN,,,,          NaN,         NaN
,,,          NaN,,,,          NaN,         NaN
,,,          NaN,,,,          NaN,         NaN
,,,          NaN,,,,          NaN,         NaN
,,,          NaN,,,,          NaN,         NaN
,,,          NaN,,,,          NaN,         NaN
,,,          NaN,,,,          NaN,         NaN
,,,          NaN,,,,          NaN,         NaN
,,,          NaN,,,,          NaN,         NaN
,,,          NaN,,,,          NaN,         NaN
,,,          NaN,,,,          NaN,         NaN
,,,          NaN,,,,          NaN,         NaN
,,,          NaN,,,,          NaN,         NaN
,,,          NaN,,,,          NaN,         NaN
,,,          NaN,,,,          NaN,         NaN
,,,          NaN,,,,          NaN,         NaN
,,,          NaN,,,,          NaN,         NaN
,,,          NaN,,,,          NaN,         NaN
,,,          NaN,,,,          NaN,         NaN
,,,          NaN,,,,          NaN,         NaN
,,,          NaN,,,,          NaN,         NaN
,,,          NaN,,,,          NaN,         NaN
,,,          NaN,,,,          NaN,         NaN
,,,          NaN,,,,          NaN,         NaN
,,,          NaN,,,,          NaN,         NaN
,,,          NaN,,,,          NaN,         NaN
,,,          NaN,,,,          NaN,         NaN
,,,          NaN,,,,          NaN,         NaN
,,,          NaN,,,,          NaN,         NaN
,,,          NaN,,,,          NaN,         NaN
,,,          NaN,,,,          NaN,         NaN
,,,          NaN,,,,          NaN,         NaN
,,,          NaN,,,,          NaN,         NaN
,,,          NaN,,,,          NaN,         NaN
,,,          NaN,,,,          NaN,         NaN
,,,          NaN,,,,          NaN,         NaN
,,,          NaN,,,,          NaN,         NaN
,,,          NaN,,,,          NaN,         NaN
,,,          NaN,,,,          NaN,         NaN
,,,          NaN,,,,          NaN,         NaN
,,,          NaN,,,,          NaN,         NaN
,,,          NaN,,,,          NaN,         NaN
,,,          NaN,,,,          NaN,         NaN
,,,          NaN,,,,          NaN,         NaN
,,,          NaN,,,,          NaN,         NaN
,,,          NaN,,,,          NaN,         NaN
,,,          NaN,,,,          NaN,         NaN
,,,          NaN,,,,          NaN,         NaN
,,,          NaN,,,,          NaN,         NaN
,,,          NaN,,,,          NaN,         NaN
,,,          NaN,,,,          NaN,         NaN
,,,          NaN,,,,          NaN,         NaN
,,,          NaN,,,,          NaN,         NaN
,,,          NaN,,,,          NaN,         NaN
,,,          NaN,,,,          NaN,         NaN
,,,          NaN,,,,          NaN,         NaN
,,,          NaN,,,,          NaN,         NaN
,,,          NaN,,,,          NaN,         NaN
,,,          NaN,,,,          NaN,         NaN
,,,          NaN,,,,          NaN,         NaN
,,,          NaN,,,,          NaN,         NaN
,,,          NaN,,,,          NaN,         NaN
,,,          NaN,,,,          NaN,         NaN
,,,          NaN,,,,          NaN,         NaN
,,,          NaN,,,,          NaN,         NaN
,,,          NaN,,,,          NaN,         NaN
,,,          NaN,,,,          NaN,         NaN
,,,          NaN,,,,          NaN,         NaN
,,,          NaN,,,,          NaN,         NaN
,,,          NaN,,,,          NaN,         NaN
,,,          NaN,,,,          NaN,         NaN
,,,          NaN,,,,          NaN,         NaN
,,,          NaN,,,,          NaN,         NaN
,,,          NaN,,,,          NaN,         NaN
,,,          NaN,,,,          NaN,         NaN
,,,          NaN,,,,          NaN,         NaN
,,,          NaN,,,,          NaN,         NaN
,,,          NaN,,,,          NaN,         NaN
,,,          NaN,,,,          NaN,         NaN
,,,          NaN,,,,          NaN,         NaN
,,,          NaN,,,,          NaN,         NaN
,,,          NaN,,,,          NaN,         NaN
,,,          NaN,,,,          NaN,         NaN
,,,          NaN,,,,          NaN,         NaN
,,,          NaN,,,,          NaN,         NaN
,,,          NaN,,,,          NaN,         NaN
,,,          NaN,,,,          NaN,         NaN
,,,          NaN,,,,          NaN,         NaN
,,,          NaN,,,,          NaN,         NaN
,,,          NaN,,,,          NaN,         NaN
,,,          NaN,,,,          NaN,         NaN
,,,          NaN,,,,          NaN,         NaN
,,,          NaN,,,,          NaN,         NaN
,,,          NaN,,,,          NaN,         NaN
,,,          NaN,,,,          NaN,         NaN
,,,          NaN,,,,          NaN,         NaN
,,,          NaN,,,,          NaN,         NaN
,,,          NaN,,,,          NaN,         NaN
,,,          NaN,,,,          NaN,         NaN
,,,          NaN,,,,          NaN,         NaN
,,,          NaN,,,,          NaN,         NaN
,,,          NaN,,,,          NaN,         NaN
,,,          NaN,,,,          NaN,         NaN
,,,          NaN,,,,          NaN,         NaN
,,,          NaN,,,,          NaN,         NaN
,,,          NaN,,,,          NaN,         NaN
,,,          NaN,,,,          NaN,         NaN
,,,          NaN,,,,          NaN,         NaN
,,,          NaN,,,,          NaN,         NaN
,,,          NaN,,,,          NaN,         NaN
,,,          NaN,,,,          NaN,         NaN
,,,          NaN,,,,          NaN,         NaN
,,,          NaN,,,,          NaN,         NaN
,,,          NaN,,,,          NaN,         NaN
,,,          NaN,,,,          NaN,         NaN
,,,          NaN,,,,          NaN,         NaN
,,,          NaN,,,,          NaN,         NaN
,,,          NaN,,,,          NaN,         NaN
,,,          NaN,,,,          NaN,         NaN
,,,          NaN,,,,          NaN,         NaN
,,,          NaN,,,,          NaN,         NaN
,,,          NaN,,,,          NaN,         NaN
,,,          NaN,,,,          NaN,         NaN
,,,          NaN,,,,          NaN,         NaN
,,,          NaN,,,,          NaN,         NaN
,,,          NaN,,,,          NaN,         NaN
,,,          NaN,,,,          NaN,         NaN
,,,          NaN,,,,          NaN,         NaN
,,,          NaN,,,,          NaN,         NaN
,,,          NaN,,,,          NaN,         NaN
,,,          NaN,,,,          NaN,         NaN
,,,          NaN,,,,          NaN,         NaN
,,,          NaN,,,,          NaN,         NaN
,,,          NaN,,,,          NaN,         NaN
,,,          NaN,,,,          NaN,         NaN
,,,          NaN,,,,          NaN,         NaN
,,,          NaN,,,,          NaN,         NaN
,,,          NaN,,,,          NaN,         NaN
,,,          NaN,,,,          NaN,         NaN
,,,          NaN,,,,          NaN,         NaN
,,,          NaN,,,,          NaN,         NaN
,,,          NaN,,,,          NaN,         NaN
,,,          NaN,,,,          NaN,         NaN
,,,          NaN,,,,          NaN,         NaN
,,,          NaN,,,,          NaN,         NaN
,,,          NaN,,,,          NaN,         NaN
,,,          NaN,,,,          NaN,         NaN
,,,          NaN,,,,          NaN,         NaN
,,,          NaN,,,,          NaN,         NaN
,,,          NaN,,,,          NaN,         NaN
,,,          NaN,,,,          NaN,         NaN
,,,          NaN,,,,          NaN,         NaN
,,,          NaN,,,,          NaN,         NaN
,,,          NaN,,,,          NaN,         NaN
,,,          NaN,,,,          NaN,         NaN
,,,          NaN,,,,          NaN,         NaN
,,,          NaN,,,,          NaN,         NaN
,,,          NaN,,,,          NaN,         NaN
,,,          NaN,,,,          NaN,         NaN
,,,          NaN,,,,          NaN,         NaN
,,,          NaN,,,,          NaN,         NaN
,,,          NaN,,,,          NaN,         NaN
,,,          NaN,,,,          NaN,         NaN
,,,          NaN,,,,          NaN,         NaN
,,,          NaN,,,,          NaN,         NaN
,,,          NaN,,,,          NaN,         NaN
,,,          NaN,,,,          NaN,         NaN
,,,          NaN,,,,          NaN,         NaN
,,,          NaN,,,,          NaN,         NaN
,,,          NaN,,,,          NaN,         NaN
,,,          NaN,,,,          NaN,         NaN
,,,          NaN,,,,          NaN,         NaN
,,,          NaN,,,,          NaN,         NaN
,,,          NaN,,,,          NaN,         NaN
,,,          NaN,,,,          NaN,         NaN
,,,          NaN,,,,          NaN,         NaN
,,,          NaN,,,,          NaN,         NaN
,,,          NaN,,,,          NaN,         NaN
,,,          NaN,,,,          NaN,         NaN
,,,          NaN,,,,          NaN,         NaN
,,,          NaN,,,,          NaN,         NaN
,,,          NaN,,,,          NaN,         NaN
,,,          NaN,,,,          NaN,         NaN
,,,          NaN,,,,          NaN,         NaN
,,,          NaN,,,,          NaN,         NaN
,,,          NaN,,,,          NaN,         NaN
,,,          NaN,,,,          NaN,         NaN
,,,          NaN,,,,          NaN,         NaN
,,,          NaN,,,,          NaN,         NaN
,,,          NaN,,,,          NaN,         NaN
,,,          NaN,,,,          NaN,         NaN
,,,          NaN,,,,          NaN,         NaN
,,,          NaN,,,,          NaN,         NaN
,,,          NaN,,,,          NaN,         NaN
,,,          NaN,,,,          NaN,         NaN
,,,          NaN,,,,          NaN,         NaN
,,,          NaN,,,,          NaN,         NaN
,,,          NaN,,,,          NaN,         NaN
,,,          NaN,,,,          NaN,         NaN
,,,          NaN,,,,          NaN,         NaN
,,,          NaN,,,,          NaN,         NaN
,,,          NaN,,,,          NaN,         NaN
,,,          NaN,,,,          NaN,         NaN
,,,          NaN,,,,          NaN,         NaN
,,,          NaN,,,,          NaN,         NaN
,,,          NaN,,,,          NaN,         NaN
,,,          NaN,,,,          NaN,         NaN
,,,          NaN,,,,          NaN,         NaN
,,,          NaN,,,,          NaN,         NaN
,,,          NaN,,,,          NaN,         NaN
,,,          NaN,,,,          NaN,         NaN
,,,          NaN,,,,          NaN,         NaN
,,,          NaN,,,,          NaN,         NaN
,,,          NaN,,,,          NaN,         NaN
,,,          NaN,,,,          NaN,         NaN
,,,          NaN,,,,          NaN,         NaN
,,,          NaN,,,,          NaN,         NaN
,,,          NaN,,,,          NaN,         NaN
,,,          NaN,,,,          NaN,         NaN
,,,          NaN,,,,          NaN,         NaN
,,,          NaN,,,,          NaN,         NaN
,,,          NaN,,,,          NaN,         NaN
,,,          NaN,,,,          NaN,         NaN
,,,          NaN,,,,          NaN,         NaN
,,,          NaN,,,,          NaN,         NaN
,,,          NaN,,,,          NaN,         NaN
,,,          NaN,,,,          NaN,         NaN
,,,          NaN,,,,          NaN,         NaN
,,,          NaN,,,,          NaN,         NaN
,,,          NaN,,,,          NaN,         NaN
,,,          NaN,,,,          NaN,         NaN
,,,          NaN,,,,          NaN,         NaN
,,,          NaN,,,,          NaN,         NaN
,,,          NaN,,,,          NaN,         NaN
,,,          NaN,,,,          NaN,         NaN
,,,          NaN,,,,          NaN,         NaN
,,,          NaN,,,,          NaN,         NaN
,,,          NaN,,,,          NaN,         NaN
,,,          NaN,,,,          NaN,         NaN
,,,          NaN,,,,          NaN,         NaN
,,,          NaN,,,,          NaN,         NaN
,,,          NaN,,,,          NaN,         NaN
,,,          NaN,,,,          NaN,         NaN
,,,          NaN,,,,          NaN,         NaN
,,,          NaN,,,,          NaN,         NaN
,,,          NaN,,,,          NaN,         NaN
,,,          NaN,,,,          NaN,         NaN
,,,          NaN,,,,          NaN,         NaN
,,,          NaN,,,,          NaN,         NaN
,,,          NaN,,,,          NaN,         NaN
,,,          NaN,,,,          NaN,         NaN
,,,          NaN,,,,          NaN,         NaN
,,,          NaN,,,,          NaN,         NaN
,,,          NaN,,,,          NaN,         NaN
,,,          NaN,,,,          NaN,         NaN
,,,          NaN,,,,          NaN,         NaN
,,,          NaN,,,,          NaN,         NaN
,,,          NaN,,,,          NaN,         NaN
,,,          NaN,,,,          NaN,         NaN
,,,          NaN,,,,          NaN,         NaN
,,,          NaN,,,,          NaN,         NaN
,,,          NaN,,,,          NaN,         NaN
,,,          NaN,,,,          NaN,         NaN
,,,          NaN,,,,          NaN,         NaN
,,,          NaN,,,,          NaN,         NaN
,,,          NaN,,,,          NaN,         NaN
,,,          NaN,,,,          NaN,         NaN
,,,          NaN,,,,          NaN,         NaN
,,,          NaN,,,,          NaN,         NaN
,,,          NaN,,,,          NaN,         NaN
,,,          NaN,,,,          NaN,         NaN
,,,          NaN,,,,          NaN,         NaN
,,,          NaN,,,,          NaN,         NaN
,,,          NaN,,,,          NaN,         NaN
,,,          NaN,,,,          NaN,         NaN
,,,          NaN,,,,          NaN,         NaN
,,,          NaN,,,,          NaN,         NaN
,,,          NaN,,,,          NaN,         NaN
,,,          NaN,,,,          NaN,         NaN
,,,          NaN,,,,          NaN,         NaN
,,,          NaN,,,,          NaN,         NaN
,,,          NaN,,,,          NaN,         NaN
,,,          NaN,,,,          NaN,         NaN
,,,          NaN,,,,          NaN,         NaN
,,,          NaN,,,,          NaN,         NaN
,,,          NaN,,,,          NaN,         NaN
,,,          NaN,,,,          NaN,         NaN
,,,          NaN,,,,          NaN,         NaN
,,,          NaN,,,,          NaN,         NaN
,,,          NaN,,,,          NaN,         NaN
,,,          NaN,,,,          NaN,         NaN
,,,          NaN,,,,          NaN,         NaN
,,,          NaN,,,,          NaN,         NaN
,,,          NaN,,,,          NaN,         NaN
,,,          NaN,,,,          NaN,         NaN
,,,          NaN,,,,          NaN,         NaN
,,,          NaN,,,,          NaN,         NaN
,,,          NaN,,,,          NaN,         NaN
,,,          NaN,,,,          NaN,         NaN
,,,          NaN,,,,          NaN,         NaN
,,,          NaN,,,,          NaN,         NaN
,,,          NaN,,,,          NaN,         NaN
,,,          NaN,,,,          NaN,         NaN
,,,          NaN,,,,          NaN,         NaN
,,,          NaN,,,,          NaN,         NaN
,,,          NaN,,,,          NaN,         NaN
,,,          NaN,,,,          NaN,         NaN
,,,          NaN,,,,          NaN,         NaN
,,,          NaN,,,,          NaN,         NaN
,,,          NaN,,,,          NaN,         NaN
,,,          NaN,,,,          NaN,         NaN
,,,          NaN,,,,          NaN,         NaN
,,,          NaN,,,,          NaN,         NaN
,,,          NaN,,,,          NaN,         NaN
,,,          NaN,,,,          NaN,         NaN
,,,          NaN,,,,          NaN,         NaN
,,,          NaN,,,,          NaN,         NaN
,,,          NaN,,,,          NaN,         NaN
,,,          NaN,,,,          NaN,         NaN
,,,          NaN,,,,          NaN,         NaN
,,,          NaN,,,,          NaN,         NaN
,,,          NaN,,,,          NaN,         NaN
,,,          NaN,,,,          NaN,         NaN
,,,          NaN,,,,          NaN,         NaN
,,,          NaN,,,,          NaN,         NaN
,,,          NaN,,,,          NaN,         NaN
,,,          NaN,,,,          NaN,         NaN
,,,          NaN,,,,          NaN,         NaN
,,,          NaN,,,,          NaN,         NaN
,,,          NaN,,,,          NaN,         NaN
,,,          NaN,,,,          NaN,         NaN
,,,          NaN,,,,          NaN,         NaN
,,,          NaN,,,,          NaN,         NaN
,,,          NaN,,,,          NaN,         NaN
,,,          NaN,,,,          NaN,         NaN
,,,          NaN,,,,          NaN,         NaN
,,,          NaN,,,,          NaN,         NaN
,,,          NaN,,,,          NaN,         NaN
,,,          NaN,,,,          NaN,         NaN
,,,          NaN,,,,          NaN,         NaN
,,,          NaN,,,,          NaN,         NaN
,,,          NaN,,,,          NaN,         NaN
,,,          NaN,,,,          NaN,         NaN
,,,          NaN,,,,          NaN,         NaN
,,,          NaN,,,,          NaN,         NaN
,,,          NaN,,,,          NaN,         NaN
,,,          NaN,,,,          NaN,         NaN
,,,          NaN,,,,          NaN,         NaN
,,,          NaN,,,,          NaN,         NaN
,,,          NaN,,,,          NaN,         NaN
,,,          NaN,,,,          NaN,         NaN
,,,          NaN,,,,          NaN,         NaN
,,,          NaN,,,,          NaN,         NaN
,,,          NaN,,,,          NaN,         NaN
,,,          NaN,,,,          NaN,         NaN
,,,          NaN,,,,          NaN,         NaN
,,,          NaN,,,,          NaN,         NaN
,,,          NaN,,,,          NaN,         NaN
,,,          NaN,,,,          NaN,         NaN
,,,          NaN,,,,          NaN,         NaN
,,,          NaN,,,,          NaN,         NaN
,,,          NaN,,,,          NaN,         NaN
,,,          NaN,,,,          NaN,         NaN
,,,          NaN,,,,          NaN,         NaN
,,,          NaN,,,,          NaN,         NaN
,,,          NaN,,,,          NaN,         NaN
,,,          NaN,,,,          NaN,         NaN
,,,          NaN,,,,          NaN,         NaN
,,,          NaN,,,,          NaN,         NaN
,,,          NaN,,,,          NaN,         NaN
,,,          NaN,,,,          NaN,         NaN
,,,          NaN,,,,          NaN,         NaN
,,,          NaN,,,,          NaN,         NaN
,,,          NaN,,,,          NaN,         NaN
,,,          NaN,,,,          NaN,         NaN
,,,          NaN,,,,          NaN,         NaN
,,,          NaN,,,,          NaN,         NaN
,,,          NaN,,,,          NaN,         NaN
,,,          NaN,,,,          NaN,         NaN
,,,          NaN,,,,          NaN,         NaN
,,,          NaN,,,,          NaN,         NaN
,,,          NaN,,,,          NaN,         NaN
,,,          NaN,,,,          NaN,         NaN
,,,          NaN,,,,          NaN,         NaN
,,,          NaN,,,,          NaN,         NaN
,,,          NaN,,,,          NaN,         NaN
,,,          NaN,,,,          NaN,         NaN
,,,          NaN,,,,          NaN,         NaN
,,,          NaN,,,,          NaN,         NaN
,,,          NaN,,,,          NaN,         NaN
,,,          NaN,,,,          NaN,         NaN
,,,          NaN,,,,          NaN,         NaN
,,,          NaN,,,,          NaN,         NaN
,,,          NaN,,,,          NaN,         NaN
,,,          NaN,,,,          NaN,         NaN
,,,          NaN,,,,          NaN,         NaN
,,,          NaN,,,,          NaN,         NaN
,,,          NaN,,,,          NaN,         NaN
,,,          NaN,,,,          NaN,         NaN
,,,          NaN,,,,          NaN,         NaN
,,,          NaN,,,,          NaN,         NaN
,,,          NaN,,,,          NaN,         NaN
,,,          NaN,,,,          NaN,         NaN
,,,          NaN,,,,          NaN,         NaN
,,,          NaN,,,,          NaN,         NaN
,,,          NaN,,,,          NaN,         NaN
,,,          NaN,,,,          NaN,         NaN
,,,          NaN,,,,          NaN,         NaN
,,,          NaN,,,,          NaN,         NaN
,,,          NaN,,,,          NaN,         NaN
,,,          NaN,,,,          NaN,         NaN
,,,          NaN,,,,          NaN,         NaN
,,,          NaN,,,,          NaN,         NaN
,,,          NaN,,,,          NaN,         NaN
,,,          NaN,,,,          NaN,         NaN
,,,          NaN,,,,          NaN,         NaN
,,,          NaN,,,,          NaN,         NaN
,,,          NaN,,,,          NaN,         NaN
,,,          NaN,,,,          NaN,         NaN
,,,          NaN,,,,          NaN,         NaN
,,,          NaN,,,,          NaN,         NaN
,,,          NaN,,,,          NaN,         NaN
,,,          NaN,,,,          NaN,         NaN
,,,          NaN,,,,          NaN,         NaN
,,,          NaN,,,,          NaN,         NaN
,,,          NaN,,,,          NaN,         NaN
,,,          NaN,,,,          NaN,         NaN
,,,          NaN,,,,          NaN,         NaN
,,,          NaN,,,,          NaN,         NaN
,,,          NaN,,,,          NaN,         NaN
,,,          NaN,,,,          NaN,         NaN
,,,          NaN,,,,          NaN,         NaN
,,,          NaN,,,,          NaN,         NaN
,,,          NaN,,,,          NaN,         NaN
,,,          NaN,,,,          NaN,         NaN
,,,          NaN,,,,          NaN,         NaN
,,,          NaN,,,,          NaN,         NaN
,,,          NaN,,,,          NaN,         NaN
,,,          NaN,,,,          NaN,         NaN
,,,          NaN,,,,          NaN,         NaN
,,,          NaN,,,,          NaN,         NaN
,,,          NaN,,,,          NaN,         NaN
,,,          NaN,,,,          NaN,         NaN
,,,          NaN,,,,          NaN,         NaN
,,,          NaN,,,,          NaN,         NaN
,,,          NaN,,,,          NaN,         NaN
,,,          NaN,,,,          NaN,         NaN
,,,          NaN,,,,          NaN,         NaN
,,,          NaN,,,,          NaN,         NaN
,,,          NaN,,,,          NaN,         NaN
,,,          NaN,,,,          NaN,         NaN
,,,          NaN,,,,          NaN,         NaN
,,,          NaN,,,,          NaN,         NaN
,,,          NaN,,,,          NaN,         NaN
,,,          NaN,,,,          NaN,         NaN
,,,          NaN,,,,          NaN,         NaN
,,,          NaN,,,,          NaN,         NaN
,,,          NaN,,,,          NaN,         NaN
,,,          NaN,,,,          NaN,         NaN
,,,          NaN,,,,          NaN,         NaN
,,,          NaN,,,,          NaN,         NaN
,,,          NaN,,,,          NaN,         NaN
,,,          NaN,,,,          NaN,         NaN
,,,          NaN,,,,          NaN,         NaN
,,,          NaN,,,,          NaN,         NaN
,,,          NaN,,,,          NaN,         NaN
,,,          NaN,,,,          NaN,         NaN
,,,          NaN,,,,          NaN,         NaN
,,,          NaN,,,,          NaN,         NaN
,,,          NaN,,,,          NaN,         NaN
,,,          NaN,,,,          NaN,         NaN
,,,          NaN,,,,          NaN,         NaN
,,,          NaN,,,,          NaN,         NaN
,,,          NaN,,,,          NaN,         NaN
,,,          NaN,,,,          NaN,         NaN
,,,          NaN,,,,          NaN,         NaN
,,,          NaN,,,,          NaN,         NaN
,,,          NaN,,,,          NaN,         NaN
,,,          NaN,,,,          NaN,         NaN
,,,          NaN,,,,          NaN,         NaN
,,,          NaN,,,,          NaN,         NaN
,,,          NaN,,,,          NaN,         NaN
,,,          NaN,,,,          NaN,         NaN
,,,          NaN,,,,          NaN,         NaN
,,,          NaN,,,,          NaN,         NaN
,,,          NaN,,,,          NaN,         NaN
,,,          NaN,,,,          NaN,         NaN
,,,          NaN,,,,          NaN,         NaN
,,,          NaN,,,,          NaN,         NaN
,,,          NaN,,,,          NaN,         NaN
,,,          NaN,,,,          NaN,         NaN
,,,          NaN,,,,          NaN,         NaN
,,,          NaN,,,,          NaN,         NaN
,,,          NaN,,,,          NaN,         NaN
,,,          NaN,,,,          NaN,         NaN
,,,          NaN,,,,          NaN,         NaN
,,,          NaN,,,,          NaN,         NaN
,,,          NaN,,,,          NaN,         NaN
,,,          NaN,,,,          NaN,         NaN
,,,          NaN,,,,          NaN,         NaN
,,,          NaN,,,,          NaN,         NaN
,,,          NaN,,,,          NaN,         NaN
,,,          NaN,,,,          NaN,         NaN
,,,          NaN,,,,          NaN,         NaN
,,,          NaN,,,,          NaN,         NaN
,,,          NaN,,,,          NaN,         NaN
,,,          NaN,,,,          NaN,         NaN
,,,          NaN,,,,          NaN,         NaN
,,,          NaN,,,,          NaN,         NaN
,,,          NaN,,,,          NaN,         NaN
,,,          NaN,,,,          NaN,         NaN
,,,          NaN,,,,          NaN,         NaN
,,,          NaN,,,,          NaN,         NaN
,,,          NaN,,,,          NaN,         NaN
,,,          NaN,,,,          NaN,         NaN
,,,          NaN,,,,          NaN,         NaN
,,,          NaN,,,,          NaN,         NaN
,,,          NaN,,,,          NaN,         NaN
,,,          NaN,,,,          NaN,         NaN
,,,          NaN,,,,          NaN,         NaN
,,,          NaN,,,,          NaN,         NaN
,,,          NaN,,,,          NaN,         NaN
,,,          NaN,,,,          NaN,         NaN
,,,          NaN,,,,          NaN,         NaN
,,,          NaN,,,,          NaN,         NaN
,,,          NaN,,,,          NaN,         NaN
,,,          NaN,,,,          NaN,         NaN
,,,          NaN,,,,          NaN,         NaN
,,,          NaN,,,,          NaN,         NaN
,,,          NaN,,,,          NaN,         NaN
,,,          NaN,,,,          NaN,         NaN
,,,          NaN,,,,          NaN,         NaN
,,,          NaN,,,,          NaN,         NaN
,,,          NaN,,,,          NaN,         NaN
,,,          NaN,,,,          NaN,         NaN
,,,          NaN,,,,          NaN,         NaN
,,,          NaN,,,,          NaN,         NaN
,,,          NaN,,,,          NaN,         NaN
,,,          NaN,,,,          NaN,         NaN
,,,          NaN,,,,          NaN,         NaN
,,,          NaN,,,,          NaN,         NaN
,,,          NaN,,,,          NaN,         NaN
,,,          NaN,,,,          NaN,         NaN
,,,          NaN,,,,          NaN,         NaN
,,,          NaN,,,,          NaN,         NaN
,,,          NaN,,,,          NaN,         NaN
,,,          NaN,,,,          NaN,         NaN
,,,          NaN,,,,          NaN,         NaN
,,,          NaN,,,,          NaN,         NaN
,,,          NaN,,,,          NaN,         NaN
,,,          NaN,,,,          NaN,         NaN
,,,          NaN,,,,          NaN,         NaN
,,,          NaN,,,,          NaN,         NaN
,,,          NaN,,,,          NaN,         NaN
,,,          NaN,,,,          NaN,         NaN
,,,          NaN,,,,          NaN,         NaN
,,,          NaN,,,,          NaN,         NaN
,,,          NaN,,,,          NaN,         NaN
,,,          NaN,,,,          NaN,         NaN
,,,          NaN,,,,          NaN,         NaN
,,,          NaN,,,,          NaN,         NaN
,,,          NaN,,,,          NaN,         NaN
,,,          NaN,,,,          NaN,         NaN
,,,          NaN,,,,          NaN,         NaN
,,,          NaN,,,,          NaN,         NaN
,,,          NaN,,,,          NaN,         NaN
,,,          NaN,,,,          NaN,         NaN
,,,          NaN,,,,          NaN,         NaN
,,,          NaN,,,,          NaN,         NaN
,,,          NaN,,,,          NaN,         NaN
,,,          NaN,,,,          NaN,         NaN
,,,          NaN,,,,          NaN,         NaN
,,,          NaN,,,,          NaN,         NaN
,,,          NaN,,,,          NaN,         NaN
,,,          NaN,,,,          NaN,         NaN
,,,          NaN,,,,          NaN,         NaN
,,,          NaN,,,,          NaN,         NaN
,,,          NaN,,,,          NaN,         NaN
,,,          NaN,,,,          NaN,         NaN
,,,          NaN,,,,          NaN,         NaN
,,,          NaN,,,,          NaN,         NaN
,,,          NaN,,,,          NaN,         NaN
,,,          NaN,,,,          NaN,         NaN
,,,          NaN,,,,          NaN,         NaN
,,,          NaN,,,,          NaN,         NaN
,,,          NaN,,,,          NaN,         NaN
,,,          NaN,,,,          NaN,         NaN
,,,          NaN,,,,          NaN,         NaN
,,,          NaN,,,,          NaN,         NaN
,,,          NaN,,,,          NaN,         NaN
,,,          NaN,,,,          NaN,         NaN
,,,          NaN,,,,          NaN,         NaN
,,,          NaN,,,,          NaN,         NaN
,,,          NaN,,,,          NaN,         NaN
,,,          NaN,,,,          NaN,         NaN
,,,          NaN,,,,          NaN,         NaN
,,,          NaN,,,,          NaN,         NaN
,,,          NaN,,,,          NaN,         NaN
,,,          NaN,,,,          NaN,         NaN
,,,          NaN,,,,          NaN,         NaN
,,,          NaN,,,,          NaN,         NaN
,,,          NaN,,,,          NaN,         NaN
,,,          NaN,,,,          NaN,         NaN
,,,          NaN,,,,          NaN,         NaN
,,,          NaN,,,,          NaN,         NaN
,,,          NaN,,,,          NaN,         NaN
,,,          NaN,,,,          NaN,         NaN
,,,          NaN,,,,          NaN,         NaN
,,,          NaN,,,,          NaN,         NaN
,,,          NaN,,,,          NaN,         NaN
,,,          NaN,,,,          NaN,         NaN
,,,          NaN,,,,          NaN,         NaN
,,,          NaN,,,,          NaN,         NaN
,,,          NaN,,,,          NaN,         NaN
,,,          NaN,,,,          NaN,         NaN
,,,          NaN,,,,          NaN,         NaN
,,,          NaN,,,,          NaN,         NaN
,,,          NaN,,,,          NaN,         NaN
,,,          NaN,,,,          NaN,         NaN
,,,          NaN,,,,          NaN,         NaN
,,,          NaN,,,,          NaN,         NaN
,,,          NaN,,,,          NaN,         NaN
,,,          NaN,,,,          NaN,         NaN
,,,          NaN,,,,          NaN,         NaN
,,,          NaN,,,,          NaN,         NaN
,,,          NaN,,,,          NaN,         NaN
,,,          NaN,,,,          NaN,         NaN
,,,          NaN,,,,          NaN,         NaN
,,,          NaN,,,,          NaN,         NaN
,,,          NaN,,,,          NaN,         NaN
,,,          NaN,,,,          NaN,         NaN
,,,          NaN,,,,          NaN,         NaN
,,,          NaN,,,,          NaN,         NaN
,,,          NaN,,,,          NaN,         NaN
,,,          NaN,,,,          NaN,         NaN
,,,          NaN,,,,          NaN,         NaN
,,,          NaN,,,,          NaN,         NaN
,,,          NaN,,,,          NaN,         NaN
,,,          NaN,,,,          NaN,         NaN
,,,          NaN,,,,          NaN,         NaN
,,,          NaN,,,,          NaN,         NaN
,,,          NaN,,,,          NaN,         NaN
,,,          NaN,,,,          NaN,         NaN
,,,          NaN,,,,          NaN,         NaN
,,,          NaN,,,,          NaN,         NaN
,,,          NaN,,,,          NaN,         NaN
,,,          NaN,,,,          NaN,         NaN
,,,          NaN,,,,          NaN,         NaN
,,,          NaN,,,,          NaN,         NaN
,,,          NaN,,,,          NaN,         NaN
,,,          NaN,,,,          NaN,         NaN
,,,          NaN,,,,          NaN,         NaN
,,,          NaN,,,,          NaN,         NaN
,,,          NaN,,,,          NaN,         NaN
,,,          NaN,,,,          NaN,         NaN
,,,          NaN,,,,          NaN,         NaN
,,,          NaN,,,,          NaN,         NaN
,,,          NaN,,,,          NaN,         NaN
,,,          NaN,,,,          NaN,         NaN
,,,          NaN,,,,          NaN,         NaN
,,,          NaN,,,,          NaN,         NaN
,,,          NaN,,,,          NaN,         NaN
,,,          NaN,,,,          NaN,         NaN
,,,          NaN,,,,          NaN,         NaN
,,,          NaN,,,,          NaN,         NaN
,,,          NaN,,,,          NaN,         NaN
,,,          NaN,,,,          NaN,         NaN
,,,          NaN,,,,          NaN,         NaN
,,,          NaN,,,,          NaN,         NaN
,,,          NaN,,,,          NaN,         NaN
,,,          NaN,,,,          NaN,         NaN
,,,          NaN,,,,          NaN,         NaN
,,,          NaN,,,,          NaN,         NaN
,,,          NaN,,,,          NaN,         NaN
,,,          NaN,,,,          NaN,         NaN
,,,          NaN,,,,          NaN,         NaN
,,,          NaN,,,,          NaN,         NaN
,,,          NaN,,,,          NaN,         NaN
,,,          NaN,,,,          NaN,         NaN
,,,          NaN,,,,          NaN,         NaN
,,,          NaN,,,,          NaN,         NaN
,,,          NaN,,,,          NaN,         NaN
,,,          NaN,,,,          NaN,         NaN
,,,          NaN,,,,          NaN,         NaN
,,,          NaN,,,,          NaN,         NaN
,,,          NaN,,,,          NaN,         NaN
,,,          NaN,,,,          NaN,         NaN
,,,          NaN,,,,          NaN,         NaN
,,,          NaN,,,,          NaN,
,,,          NaN,,,,          NaN,
,,,          NaN,,,,          NaN,
,,,          NaN,,,,          NaN,
,,,          NaN,,,,          NaN,
,,,          NaN,,,,          NaN,
,,,          NaN,,,,          NaN,
,,,          NaN,,,,          NaN,
,,,          NaN,,,,          NaN,
,,,          NaN,,,,          NaN,
,,,          NaN,,,,          NaN,
,,,          NaN,,,,          NaN,
,,,          NaN,,,,          NaN,
,,,          NaN,,,,          NaN,
,,,          NaN,,,,          NaN,
,,,          NaN,,,,          NaN,
,,,          NaN,,,,          NaN,
,,,          NaN,,,,          NaN,
,,,          NaN,,,,          NaN,
,,,          NaN,,,,          NaN,
,,,          NaN,,,,          NaN,
,,,          NaN,,,,          NaN,
,,,          NaN,,,,          NaN,
,,,          NaN,,,,          NaN,
,,,          NaN,,,,          NaN,
,,,          NaN,,,,          NaN,
,,,          NaN,,,,          NaN,
,,,          NaN,,,,          NaN,
,,,          NaN,,,,          NaN,
,,,          NaN,,,,          NaN,
,,,          NaN,,,,          NaN,
,,,          NaN,,,,          NaN,
,,,          NaN,,,,          NaN,
,,,          NaN,,,,          NaN,
,,,          NaN,,,,          NaN,
,,,          NaN,,,,          NaN,
,,,          NaN,,,,          NaN,
,,,          NaN,,,,          NaN,
,,,          NaN,,,,          NaN,
,,,          NaN,,,,          NaN,
,,,          NaN,,,,          NaN,
,,,          NaN,,,,          NaN,
,,,          NaN,,,,          NaN,
,,,          NaN,,,,          NaN,
,,,          NaN,,,,          NaN,
,,,          NaN,,,,          NaN,
,,,          NaN,,,,          NaN,
,,,          NaN,,,,          NaN,
,,,          NaN,,,,          NaN,
,,,          NaN,,,,          NaN,
,,,          NaN,,,,          NaN,
,,,          NaN,,,,          NaN,
,,,          NaN,,,,          NaN,
,,,          NaN,,,,          NaN,
,,,          NaN,,,,          NaN,
,,,          NaN,,,,          NaN,
,,,          NaN,,,,          NaN,
,,,          NaN,,,,          NaN,
,,,          NaN,,,,          NaN,
,,,          NaN,,,,          NaN,
,,,          NaN,,,,          NaN,
,,,          NaN,,,,          NaN,
,,,          NaN,,,,          NaN,
,,,          NaN,,,,          NaN,
,,,          NaN,,,,          NaN,
,,,          NaN,,,,          NaN,
,,,          NaN,,,,          NaN,
,,,          NaN,,,,          NaN,
,,,          NaN,,,,          NaN,
,,,          NaN,,,,          NaN,
,,,          NaN,,,,          NaN,
,,,          NaN,,,,          NaN,
,,,          NaN,,,,          NaN,
,,,          NaN,,,,          NaN,
,,,          NaN,,,,          NaN,
,,,          NaN,,,,          NaN,
,,,          NaN,,,,          NaN,
,,,          NaN,,,,          NaN,
,,,          NaN,,,,          NaN,
,,,          NaN,,,,          NaN,
,,,          NaN,,,,          NaN,
,,,          NaN,,,,          NaN,
,,,          NaN,,,,          NaN,
,,,          NaN,,,,          NaN,
,,,          NaN,,,,          NaN,
,,,          NaN,,,,          NaN,
,,,          NaN,,,,          NaN,
,,,          NaN,,,,          NaN,
,,,          NaN,,,,          NaN,
,,,          NaN,,,,          NaN,
,,,          NaN,,,,          NaN,
,,,          NaN,,,,          NaN,
,,,          NaN,,,,          NaN,
,,,          NaN,,,,          NaN,
,,,          NaN,,,,          NaN,
,,,          NaN,,,,          NaN,
,,,          NaN,,,,          NaN,
,,,          NaN,,,,          NaN,
,,,          NaN,,,,          NaN,
,,,          NaN,,,,          NaN,
,,,          NaN,,,,          NaN,
,,,          NaN,,,,          NaN,
,,,          NaN,,,,          NaN,
,,,          NaN,,,,          NaN,
,,,          NaN,,,,          NaN,
,,,          NaN,,,,          NaN,
,,,          NaN,,,,          NaN,
,,,          NaN,,,,          NaN,
,,,          NaN,,,,          NaN,
,,,          NaN,,,,          NaN,
,,,          NaN,,,,          NaN,
,,,          NaN,,,,          NaN,
,,,          NaN,,,,          NaN,
,,,          NaN,,,,          NaN,
,,,          NaN,,,,          NaN,
,,,          NaN,,,,          NaN,
,,,          NaN,,,,          NaN,
,,,          NaN,,,,          NaN,
,,,          NaN,,,,          NaN,
,,,          NaN,,,,          NaN,
,,,          NaN,,,,          NaN,
,,,          NaN,,,,          NaN,
,,,          NaN,,,,          NaN,
,,,          NaN,,,,          NaN,
,,,          NaN,,,,          NaN,
,,,          NaN,,,,          NaN,
,,,          NaN,,,,          NaN,
,,,          NaN,,,,          NaN,
,,,          NaN,,,,          NaN,
,,,          NaN,,,,          NaN,
,,,          NaN,,,,          NaN,
,,,          NaN,,,,          NaN,
,,,          NaN,,,,          NaN,
,,,          NaN,,,,          NaN,
,,,          NaN,,,,          NaN,
,,,          NaN,,,,          NaN,
,,,          NaN,,,,          NaN,
,,,          NaN,,,,          NaN,
,,,          NaN,,,,          NaN,
,,,          NaN,,,,          NaN,
,,,          NaN,,,,          NaN,
,,,          NaN,,,,          NaN,
,,,          NaN,,,,          NaN,
,,,          NaN,,,,          NaN,
,,,          NaN,,,,          NaN,
,,,          NaN,,,,          NaN,
,,,          NaN,,,,          NaN,
,,,          NaN,,,,          NaN,
,,,          NaN,,,,          NaN,
,,,          NaN,,,,          NaN,
,,,          NaN,,,,          NaN,
,,,          NaN,,,,          NaN,
,,,          NaN,,,,          NaN,
,,,          NaN,,,,          NaN,
,,,          NaN,,,,          NaN,
,,,          NaN,,,,          NaN,
,,,          NaN,,,,          NaN,
,,,          NaN,,,,          NaN,
,,,          NaN,,,,          NaN,
,,,          NaN,,,,          NaN,
,,,          NaN,,,,          NaN,
,,,          NaN,,,,          NaN,
,,,          NaN,,,,          NaN,
,,,          NaN,,,,          NaN,
,,,          NaN,,,,          NaN,
,,,          NaN,,,,          NaN,
,,,          NaN,,,,          NaN,
,,,          NaN,,,,          NaN,
,,,          NaN,,,,          NaN,
,,,          NaN,,,,          NaN,
,,,          NaN,,,,          NaN,
,,,          NaN,,,,          NaN,
,,,          NaN,,,,          NaN,
,,,          NaN,,,,          NaN,
,,,          NaN,,,,          NaN,
,,,          NaN,,,,          NaN,
,,,          NaN,,,,          NaN,
,,,          NaN,,,,          NaN,
,,,          NaN,,,,          NaN,
,,,          NaN,,,,          NaN,
,,,          NaN,,,,          NaN,
,,,          NaN,,,,          NaN,
,,,          NaN,,,,          NaN,
,,,          NaN,,,,          NaN,
,,,          NaN,,,,          NaN,
,,,          NaN,,,,          NaN,
,,,          NaN,,,,          NaN,
,,,          NaN,,,,          NaN,
,,,          NaN,,,,          NaN,
,,,          NaN,,,,          NaN,
,,,          NaN,,,,          NaN,
,,,          NaN,,,,          NaN,
,,,          NaN,,,,          NaN,
,,,          NaN,,,,          NaN,
,,,          NaN,,,,          NaN,
,,,          NaN,,,,          NaN,
,,,          NaN,,,,          NaN,
,,,          NaN,,,,          NaN,
,,,          NaN,,,,          NaN,
,,,          NaN,,,,          NaN,
,,,          NaN,,,,          NaN,
,,,          NaN,,,,          NaN,
,,,          NaN,,,,          NaN,
,,,          NaN,,,,          NaN,
,,,          NaN,,,,          NaN,
,,,          NaN,,,,          NaN,
,,,          NaN,,,,          NaN,
,,,          NaN,,,,          NaN,
,,,          NaN,,,,          NaN,
,,,          NaN,,,,          NaN,
,,,          NaN,,,,          NaN,
,,,          NaN,,,,          NaN,
,,,          NaN,,,,          NaN,
,,,          NaN,,,,          NaN,
,,,          NaN,,,,          NaN,
,,,          NaN,,,,          NaN,
,,,          NaN,,,,          NaN,
,,,          NaN,,,,          NaN,
,,,          NaN,,,,          NaN,
,,,          NaN,,,,          NaN,
,,,          NaN,,,,          NaN,
,,,          NaN,,,,          NaN,
,,,          NaN,,,,          NaN,
,,,          NaN,,,,          NaN,
,,,          NaN,,,,          NaN,
,,,          NaN,,,,          NaN,
,,,          NaN,,,,          NaN,
,,,          NaN,,,,          NaN,
,,,          NaN,,,,          NaN,
,,,          NaN,,,,          NaN,
,,,          NaN,,,,          NaN,
,,,          NaN,,,,          NaN,
,,,          NaN,,,,          NaN,
,,,          NaN,,,,          NaN,
,,,          NaN,,,,          NaN,
,,,          NaN,,,,          NaN,
,,,          NaN,,,,          NaN,
,,,          NaN,,,,          NaN,
,,,          NaN,,,,          NaN,
,,,          NaN,,,,          NaN,
,,,          NaN,,,,          NaN,
,,,          NaN,,,,          NaN,
,,,          NaN,,,,          NaN,
,,,          NaN,,,,          NaN,
,,,          NaN,,,,          NaN,
,,,          NaN,,,,          NaN,
,,,          NaN,,,,          NaN,
,,,          NaN,,,,          NaN,
,,,          NaN,,,,          NaN,
,,,          NaN,,,,          NaN,
,,,          NaN,,,,          NaN,
,,,          NaN,,,,          NaN,
,,,          NaN,,,,          NaN,
,,,          NaN,,,,          NaN,
,,,          NaN,,,,          NaN,
,,,          NaN,,,,          NaN,
,,,          NaN,,,,          NaN,
,,,          NaN,,,,          NaN,
,,,          NaN,,,,          NaN,
,,,          NaN,,,,          NaN,
,,,          NaN,,,,          NaN,
,,,          NaN,,,,          NaN,
,,,          NaN,,,,          NaN,
,,,          NaN,,,,          NaN,
,,,          NaN,,,,          NaN,
,,,          NaN,,,,          NaN,
,,,          NaN,,,,          NaN,
,,,          NaN,,,,          NaN,
,,,          NaN,,,,          NaN,
,,,          NaN,,,,          NaN,
,,,          NaN,,,,          NaN,
,,,          NaN,,,,          NaN,
,,,          NaN,,,,          NaN,
,,,          NaN,,,,          NaN,
,,,          NaN,,,,          NaN,
,,,          NaN,,,,          NaN,
,,,          NaN,,,,          NaN,
,,,          NaN,,,,          NaN,
,,,          NaN,,,,          NaN,
,,,          NaN,,,,          NaN,
,,,          NaN,,,,          NaN,
,,,          NaN,,,,          NaN,
,,,          NaN,,,,          NaN,
,,,          NaN,,,,          NaN,
,,,          NaN,,,,          NaN,
,,,          NaN,,,,          NaN,
,,,          NaN,,,,          NaN,
,,,          NaN,,,,          NaN,
,,,          NaN,,,,          NaN,
,,,          NaN,,,,          NaN,
,,,          NaN,,,,          NaN,
,,,          NaN,,,,          NaN,
,,,          NaN,,,,          NaN,
,,,          NaN,,,,          NaN,
,,,          NaN,,,,          NaN,
,,,          NaN,,,,          NaN,
,,,          NaN,,,,          NaN,
,,,          NaN,,,,          NaN,
,,,          NaN,,,,          NaN,
,,,          NaN,,,,          NaN,
,,,          NaN,,,,          NaN,
,,,          NaN,,,,          NaN,
,,,          NaN,,,,          NaN,
,,,          NaN,,,,          NaN,
,,,          NaN,,,,          NaN,
,,,          NaN,,,,          NaN,
,,,          NaN,,,,          NaN,
,,,          NaN,,,,          NaN,
,,,          NaN,,,,          NaN,
,,,          NaN,,,,          NaN,
,,,          NaN,,,,          NaN,
,,,          NaN,,,,          NaN,
,,,          NaN,,,,          NaN,
,,,          NaN,,,,          NaN,
,,,          NaN,,,,          NaN,
,,,          NaN,,,,          NaN,
,,,          NaN,,,,          NaN,
,,,          NaN,,,,          NaN,
,,,          NaN,,,,          NaN,
,,,          NaN,,,,          NaN,
,,,          NaN,,,,          NaN,
,,,          NaN,,,,          NaN,
,,,          NaN,,,,          NaN,
,,,          NaN,,,,          NaN,
,,,          NaN,,,,          NaN,
,,,          NaN,,,,          NaN,
,,,          NaN,,,,          NaN,
,,,          NaN,,,,          NaN,
,,,          NaN,,,,          NaN,
,,,          NaN,,,,          NaN,
,,,          NaN,,,,          NaN,
,,,          NaN,,,,          NaN,
,,,          NaN,,,,          NaN,
,,,          NaN,,,,          NaN,
,,,          NaN,,,,          NaN,
,,,          NaN,,,,          NaN,
,,,          NaN,,,,          NaN,
,,,          NaN,,,,          NaN,
,,,          NaN,,,,          NaN,
,,,          NaN,,,,          NaN,
,,,          NaN,,,,          NaN,
,,,          NaN,,,,          NaN,
,,,          NaN,,,,          NaN,
,,,          NaN,,,,          NaN,
,,,          NaN,,,,          NaN,
,,,          NaN,,,,          NaN,
,,,          NaN,,,,          NaN,
,,,          NaN,,,,          NaN,
,,,          NaN,,,,          NaN,
,,,          NaN,,,,          NaN,
,,,          NaN,,,,          NaN,
,,,          NaN,,,,          NaN,
,,,          NaN,,,,          NaN,
,,,          NaN,,,,          NaN,
,,,          NaN,,,,          NaN,
,,,          NaN,,,,          NaN,
,,,          NaN,,,,          NaN,
,,,          NaN,,,,          NaN,
,,,          NaN,,,,          NaN,
,,,          NaN,,,,          NaN,
,,,          NaN,,,,          NaN,
,,,          NaN,,,,          NaN,
,,,          NaN,,,,          NaN,
,,,          NaN,,,,          NaN,
,,,          NaN,,,,          NaN,
,,,          NaN,,,,          NaN,
,,,          NaN,,,,          NaN,
,,,          NaN,,,,          NaN,
,,,          NaN,,,,          NaN,
,,,          NaN,,,,          NaN,
,,,          NaN,,,,          NaN,
,,,          NaN,,,,          NaN,
,,,          NaN,,,,          NaN,
,,,          NaN,,,,          NaN,
,,,          NaN,,,,          NaN,
,,,          NaN,,,,          NaN,
,,,          NaN,,,,          NaN,
,,,          NaN,,,,          NaN,
,,,          NaN,,,,          NaN,
,,,          NaN,,,,          NaN,
,,,          NaN,,,,          NaN,
,,,          NaN,,,,          NaN,
,,,          NaN,,,,          NaN,
,,,          NaN,,,,          NaN,
,,,          NaN,,,,          NaN,
,,,          NaN,,,,          NaN,
,,,          NaN,,,,          NaN,
,,,          NaN,,,,          NaN,
,,,          NaN,,,,          NaN,
,,,          NaN,,,,          NaN,
,,,          NaN,,,,          NaN,
,,,          NaN,,,,          NaN,
,,,          NaN,,,,          NaN,
,,,          NaN,,,,          NaN,
,,,          NaN,,,,          NaN,
,,,          NaN,,,,          NaN,
,,,          NaN,,,,          NaN,
,,,          NaN,,,,          NaN,
,,,          NaN,,,,          NaN,
,,,          NaN,,,,          NaN,
,,,          NaN,,,,          NaN,
,,,          NaN,,,,          NaN,
,,,          NaN,,,,          NaN,
,,,          NaN,,,,          NaN,
,,,          NaN,,,,          NaN,
,,,          NaN,,,,          NaN,
,,,          NaN,,,,          NaN,
,,,          NaN,,,,          NaN,
,,,          NaN,,,,          NaN,
,,,          NaN,,,,          NaN,
,,,          NaN,,,,          NaN,
,,,          NaN,,,,          NaN,
,,,          NaN,,,,          NaN,
,,,          NaN,,,,          NaN,
,,,          NaN,,,,          NaN,
,,,          NaN,,,,          NaN,
,,,          NaN,,,,          NaN,
,,,          NaN,,,,          NaN,
,,,          NaN,,,,          NaN,
,,,          NaN,,,,          NaN,
,,,          NaN,,,,          NaN,
,,,          NaN,,,,          NaN,
,,,          NaN,,,,          NaN,
,,,          NaN,,,,          NaN,
,,,          NaN,,,,          NaN,
,,,          NaN,,,,          NaN,
,,,          NaN,,,,          NaN,
,,,          NaN,,,,          NaN,
,,,          NaN,,,,          NaN,
,,,          NaN,,,,          NaN,
,,,          NaN,,,,          NaN,
,,,          NaN,,,,          NaN,
,,,          NaN,,,,          NaN,
,,,          NaN,,,,          NaN,
,,,          NaN,,,,          NaN,
,,,          NaN,,,,          NaN,
,,,          NaN,,,,          NaN,
,,,          NaN,,,,          NaN,
,,,          NaN,,,,          NaN,
,,,          NaN,,,,          NaN,
,,,          NaN,,,,          NaN,
,,,          NaN,,,,          NaN,
,,,          NaN,,,,          NaN,
,,,          NaN,,,,          NaN,
,,,          NaN,,,,          NaN,
,,,          NaN,,,,          NaN,
,,,          NaN,,,,          NaN,
,,,          NaN,,,,          NaN,
,,,          NaN,,,,          NaN,
,,,          NaN,,,,          NaN,
,,,          NaN,,,,          NaN,
,,,          NaN,,,,          NaN,
,,,          NaN,,,,          NaN,
,,,          NaN,,,,          NaN,
,,,          NaN,,,,          NaN,
,,,          NaN,,,,          NaN,
,,,          NaN,,,,          NaN,
,,,          NaN,,,,          NaN,
,,,          NaN,,,,          NaN,
,,,          NaN,,,,          NaN,
,,,          NaN,,,,          NaN,
,,,          NaN,,,,          NaN,
,,,          NaN,,,,          NaN,
,,,          NaN,,,,          NaN,
,,,          NaN,,,,          NaN,
,,,          NaN,,,,          NaN,
,,,          NaN,,,,          NaN,
,,,          NaN,,,,          NaN,
,,,          NaN,,,,          NaN,
,,,          NaN,,,,          NaN,
,,,          NaN,,,,          NaN,
,,,          NaN,,,,          NaN,
,,,          NaN,,,,          NaN,
,,,          NaN,,,,          NaN,
,,,          NaN,,,,          NaN,
,,,          NaN,,,,          NaN,
,,,          NaN,,,,          NaN,
,,,          NaN,,,,          NaN,
,,,          NaN,,,,          NaN,
,,,          NaN,,,,          NaN,
,,,          NaN,,,,          NaN,
,,,          NaN,,,,          NaN,
,,,          NaN,,,,          NaN,
,,,          NaN,,,,          NaN,
,,,          NaN,,,,          NaN,
,,,          NaN,,,,          NaN,
,,,          NaN,,,,          NaN,
,,,          NaN,,,,          NaN,
,,,          NaN,,,,          NaN,
,,,          NaN,,,,          NaN,
,,,          NaN,,,,          NaN,
,,,          NaN,,,,          NaN,
,,,          NaN,,,,          NaN,
,,,          NaN,,,,          NaN,
,,,          NaN,,,,          NaN,
,,,          NaN,,,,          NaN,
,,,          NaN,,,,          NaN,
,,,          NaN,,,,          NaN,
,,,          NaN,,,,          NaN,
,,,          NaN,,,,          NaN,
,,,          NaN,,,,          NaN,
,,,          NaN,,,,          NaN,
,,,          NaN,,,,          NaN,
,,,          NaN,,,,          NaN,
,,,          NaN,,,,          NaN,
,,,          NaN,,,,          NaN,
,,,          NaN,,,,          NaN,
,,,          NaN,,,,          NaN,
,,,          NaN,,,,          NaN,
,,,          NaN,,,,          NaN,
,,,          NaN,,,,          NaN,
,,,          NaN,,,,          NaN,
,,,          NaN,,,,          NaN,
,,,          NaN,,,,          NaN,
,,,          NaN,,,,          NaN,
,,,          NaN,,,,          NaN,
,,,          NaN,,,,          NaN,
,,,          NaN,,,,          NaN,
,,,          NaN,,,,          NaN,
,,,          NaN,,,,          NaN,
,,,          NaN,,,,          NaN,
,,,          NaN,,,,          NaN,
,,,          NaN,,,,          NaN,
,,,          NaN,,,,          NaN,
,,,          NaN,,,,          NaN,
,,,          NaN,,,,          NaN,
,,,          NaN,,,,          NaN,
,,,          NaN,,,,          NaN,
,,,          NaN,,,,          NaN,
,,,          NaN,,,,          NaN,
,,,          NaN,,,,          NaN,
,,,          NaN,,,,          NaN,
,,,          NaN,,,,          NaN,
,,,          NaN,,,,          NaN,
,,,          NaN,,,,          NaN,
,,,          NaN,,,,          NaN,
,,,          NaN,,,,          NaN,
,,,          NaN,,,,          NaN,
,,,          NaN,,,,          NaN,
,,,          NaN,,,,          NaN,
,,,          NaN,,,,          NaN,
,,,          NaN,,,,          NaN,
,,,          NaN,,,,          NaN,
,,,          NaN,,,,          NaN,
,,,          NaN,,,,          NaN,
,,,          NaN,,,,          NaN,
,,,          NaN,,,,          NaN,
,,,          NaN,,,,          NaN,
,,,          NaN,,,,          NaN,
,,,          NaN,,,,          NaN,
,,,          NaN,,,,          NaN,
,,,          NaN,,,,          NaN,
,,,          NaN,,,,          NaN,
,,,          NaN,,,,          NaN,
,,,          NaN,,,,          NaN,
,,,          NaN,,,,          NaN,
,,,          NaN,,,,          NaN,
,,,          NaN,,,,          NaN,
,,,          NaN,,,,          NaN,
,,,          NaN,,,,          NaN,
,,,          NaN,,,,          NaN,
,,,          NaN,,,,          NaN,
,,,          NaN,,,,          NaN,
,,,          NaN,,,,          NaN,
,,,          NaN,,,,          NaN,
,,,          NaN,,,,          NaN,
,,,          NaN,,,,          NaN,
,,,          NaN,,,,          NaN,
,,,          NaN,,,,          NaN,
,,,          NaN,,,,          NaN,
,,,          NaN,,,,          NaN,
,,,          NaN,,,,          NaN,
,,,          NaN,,,,          NaN,
,,,          NaN,,,,          NaN,
,,,          NaN,,,,          NaN,
,,,          NaN,,,,          NaN,
,,,          NaN,,,,          NaN,
,,,          NaN,,,,          NaN,
,,,          NaN,,,,          NaN,
,,,          NaN,,,,          NaN,
,,,          NaN,,,,          NaN,
,,,          NaN,,,,          NaN,
,,,          NaN,,,,          NaN,
,,,          NaN,,,,          NaN,
,,,          NaN,,,,          NaN,
,,,          NaN,,,,          NaN,
,,,          NaN,,,,          NaN,
,,,          NaN,,,,          NaN,
,,,          NaN,,,,          NaN,
,,,          NaN,,,,          NaN,
,,,          NaN,,,,          NaN,
,,,          NaN,,,,          NaN,
,,,          NaN,,,,          NaN,
,,,          NaN,,,,          NaN,
,,,          NaN,,,,          NaN,
,,,          NaN,,,,          NaN,
,,,          NaN,,,,          NaN,
,,,          NaN,,,,          NaN,
,,,          NaN,,,,          NaN,
,,,          NaN,,,,          NaN,
,,,          NaN,,,,          NaN,
,,,          NaN,,,,          NaN,
,,,          NaN,,,,          NaN,
,,,          NaN,,,,          NaN,
,,,          NaN,,,,          NaN,
,,,          NaN,,,,          NaN,
,,,          NaN,,,,          NaN,
,,,          NaN,,,,          NaN,
,,,          NaN,,,,          NaN,
,,,          NaN,,,,          NaN,
,,,          NaN,,,,          NaN,
,,,          NaN,,,,          NaN,
,,,          NaN,,,,          NaN,
,,,          NaN,,,,          NaN,
,,,          NaN,,,,          NaN,
,,,          NaN,,,,          NaN,
,,,          NaN,,,,          NaN,
,,,          NaN,,,,          NaN,
,,,          NaN,,,,          NaN,
,,,          NaN,,,,          NaN,
,,,          NaN,,,,          NaN,
,,,          NaN,,,,          NaN,
,,,          NaN,,,,          NaN,
,,,          NaN,,,,          NaN,
,,,          NaN,,,,          NaN,
,,,          NaN,,,,          NaN,
,,,          NaN,,,,          NaN,
,,,          NaN,,,,          NaN,
,,,          NaN,,,,          NaN,
,,,          NaN,,,,          NaN,
,,,          NaN,,,,          NaN,
,,,          NaN,,,,          NaN,
,,,          NaN,,,,          NaN,
,,,          NaN,,,,          NaN,
,,,          NaN,,,,          NaN,
,,,          NaN,,,,          NaN,
,,,          NaN,,,,          NaN,
,,,          NaN,,,,          NaN,
,,,          NaN,,,,          NaN,
,,,          NaN,,,,          NaN,
,,,          NaN,,,,          NaN,
,,,          NaN,,,,          NaN,
,,,          NaN,,,,          NaN,
,,,          NaN,,,,          NaN,
,,,          NaN,,,,          NaN,
,,,          NaN,,,,          NaN,
,,,          NaN,,,,          NaN,
,,,          NaN,,,,          NaN,
,,,          NaN,,,,          NaN,
,,,          NaN,,,,          NaN,
,,,          NaN,,,,          NaN,
,,,          NaN,,,,          NaN,
,,,          NaN,,,,          NaN,
,,,          NaN,,,,          NaN,
,,,          NaN,,,,          NaN,
,,,          NaN,,,,          NaN,
,,,          NaN,,,,          NaN,
,,,          NaN,,,,          NaN,
,,,          NaN,,,,          NaN,
,,,          NaN,,,,          NaN,
,,,          NaN,,,,          NaN,
,,,          NaN,,,,          NaN,
,,,          NaN,,,,          NaN,
,,,          NaN,,,,          NaN,
,,,          NaN,,,,          NaN,
,,,          NaN,,,,          NaN,
,,,          NaN,,,,          NaN,
,,,          NaN,,,,          NaN,
,,,          NaN,,,,          NaN,
,,,          NaN,,,,          NaN,
,,,          NaN,,,,          NaN,
,,,          NaN,,,,          NaN,
,,,          NaN,,,,          NaN,
,,,          NaN,,,,          NaN,
,,,          NaN,,,,          NaN,
,,,          NaN,,,,          NaN,
,,,          NaN,,,,          NaN,
,,,          NaN,,,,          NaN,
,,,          NaN,,,,          NaN,
,,,          NaN,,,,          NaN,
,,,          NaN,,,,          NaN,
,,,          NaN,,,,          NaN,
,,,          NaN,,,,          NaN,
,,,          NaN,,,,          NaN,
,,,          NaN,,,,          NaN,
,,,          NaN,,,,          NaN,
,,,          NaN,,,,          NaN,
,,,          NaN,,,,          NaN,
,,,          NaN,,,,          NaN,
,,,          NaN,,,,          NaN,
,,,          NaN,,,,          NaN,
,,,          NaN,,,,          NaN,
,,,          NaN,,,,          NaN,
,,,          NaN,,,,          NaN,
,,,          NaN,,,,          NaN,
,,,          NaN,,,,          NaN,
,,,          NaN,,,,          NaN,
,,,          NaN,,,,          NaN,
,,,          NaN,,,,          NaN,
,,,          NaN,,,,          NaN,
,,,          NaN,,,,          NaN,
,,,          NaN,,,,          NaN,
,,,          NaN,,,,          NaN,
,,,          NaN,,,,          NaN,
,,,          NaN,,,,          NaN,
,,,          NaN,,,,          NaN,
,,,          NaN,,,,          NaN,
,,,          NaN,,,,          NaN,
,,,          NaN,,,,          NaN,
,,,          NaN,,,,          NaN,
,,,          NaN,,,,          NaN,
,,,          NaN,,,,          NaN,
,,,          NaN,,,,          NaN,
,,,          NaN,,,,          NaN,
,,,          NaN,,,,          NaN,
,,,          NaN,,,,          NaN,
,,,          NaN,,,,          NaN,
,,,          NaN,,,,          NaN,
,,,          NaN,,,,          NaN,
,,,          NaN,,,,          NaN,
,,,          NaN,,,,          NaN,
,,,          NaN,,,,          NaN,
,,,          NaN,,,,          NaN,
,,,          NaN,,,,          NaN,
,,,          NaN,,,,          NaN,
,,,          NaN,,,,          NaN,
,,,          NaN,,,,          NaN,
,,,          NaN,,,,          NaN,
,,,          NaN,,,,          NaN,
,,,          NaN,,,,          NaN,
,,,          NaN,,,,          NaN,
,,,          NaN,,,,          NaN,
,,,          NaN,,,,          NaN,
,,,          NaN,,,,          NaN,
,,,          NaN,,,,          NaN,
,,,          NaN,,,,          NaN,
,,,          NaN,,,,          NaN,
,,,          NaN,,,,          NaN,
,,,          NaN,,,,          NaN,
,,,          NaN,,,,          NaN,
,,,          NaN,,,,          NaN,
,,,          NaN,,,,          NaN,
,,,          NaN,,,,          NaN,
,,,          NaN,,,,          NaN,
,,,          NaN,,,,          NaN,
,,,          NaN,,,,          NaN,
,,,          NaN,,,,          NaN,
,,,          NaN,,,,          NaN,
,,,          NaN,,,,          NaN,
,,,          NaN,,,,          NaN,
,,,          NaN,,,,          NaN,
,,,          NaN,,,,          NaN,
,,,          NaN,,,,          NaN,
,,,          NaN,,,,          NaN,
,,,          NaN,,,,          NaN,
,,,          NaN,,,,          NaN,
,,,          NaN,,,,          NaN,
,,,          NaN,,,,          NaN,
,,,          NaN,,,,          NaN,
,,,          NaN,,,,          NaN,
,,,          NaN,,,,          NaN,
,,,          NaN,,,,          NaN,
,,,          NaN,,,,          NaN,
,,,          NaN,,,,          NaN,
,,,          NaN,,,,          NaN,
,,,          NaN,,,,          NaN,
,,,          NaN,,,,          NaN,
,,,          NaN,,,,          NaN,
,,,          NaN,,,,          NaN,
,,,          NaN,,,,          NaN,
,,,          NaN,,,,          NaN,
,,,          NaN,,,,          NaN,
,,,          NaN,,,,          NaN,
,,,          NaN,,,,          NaN,
,,,          NaN,,,,          NaN,
,,,          NaN,,,,          NaN,
,,,          NaN,,,,          NaN,
,,,          NaN,,,,          NaN,
,,,          NaN,,,,          NaN,
,,,          NaN,,,,          NaN,
,,,          NaN,,,,          NaN,
,,,          NaN,,,,          NaN,
,,,          NaN,,,,          NaN,
,,,          NaN,,,,          NaN,
,,,          NaN,,,,          NaN,
,,,          NaN,,,,          NaN,
,,,          NaN,,,,          NaN,
,,,          NaN,,,,          NaN,
,,,          NaN,,,,          NaN,
,,,          NaN,,,,          NaN,
,,,          NaN,,,,          NaN,
,,,          NaN,,,,          NaN,
,,,          NaN,,,,          NaN,
,,,          NaN,,,,          NaN,
,,,          NaN,,,,          NaN,
,,,          NaN,,,,          NaN,
,,,          NaN,,,,          NaN,
,,,          NaN,,,,          NaN,
,,,          NaN,,,,          NaN,
,,,          NaN,,,,          NaN,
,,,          NaN,,,,          NaN,
,,,          NaN,,,,          NaN,
,,,          NaN,,,,          NaN,
,,,          NaN,,,,          NaN,
,,,          NaN,,,,          NaN,
,,,          NaN,,,,          NaN,
,,,          NaN,,,,          NaN,
,,,          NaN,,,,          NaN,
,,,          NaN,,,,          NaN,
,,,          NaN,,,,          NaN,
,,,          NaN,,,,          NaN,
,,,          NaN,,,,          NaN,
,,,          NaN,,,,          NaN,
,,,          NaN,,,,          NaN,
,,,          NaN,,,,          NaN,
,,,          NaN,,,,          NaN,
,,,          NaN,,,,          NaN,
,,,          NaN,,,,          NaN,
,,,          NaN,,,,          NaN,
,,,          NaN,,,,          NaN,
,,,          NaN,,,,          NaN,
,,,          NaN,,,,          NaN,
,,,          NaN,,,,          NaN,
,,,          NaN,,,,          NaN,
,,,          NaN,,,,          NaN,
,,,          NaN,,,,          NaN,
,,,          NaN,,,,          NaN,
,,,          NaN,,,,          NaN,
,,,          NaN,,,,          NaN,
,,,          NaN,,,,          NaN,
,,,          NaN,,,,          NaN,
,,,          NaN,,,,          NaN,
,,,          NaN,,,,          NaN,
,,,          NaN,,,,          NaN,
,,,          NaN,,,,          NaN,
,,,          NaN,,,,          NaN,
,,,          NaN,,,,          NaN,
,,,          NaN,,,,          NaN,
,,,          NaN,,,,          NaN,
,,,          NaN,,,,          NaN,
,,,          NaN,,,,          NaN,
,,,          NaN,,,,          NaN,
,,,          NaN,,,,          NaN,
,,,          NaN,,,,          NaN,
,,,          NaN,,,,          NaN,
,,,          NaN,,,,          NaN,
,,,          NaN,,,,          NaN,
,,,          NaN,,,,          NaN,
,,,          NaN,,,,          NaN,
,,,          NaN,,,,          NaN,
,,,          NaN,,,,          NaN,
,,,          NaN,,,,          NaN,
,,,          NaN,,,,          NaN,
,,,          NaN,,,,          NaN,
,,,          NaN,,,,          NaN,
,,,          NaN,,,,          NaN,
,,,          NaN,,,,          NaN,
,,,          NaN,,,,          NaN,
,,,          NaN,,,,          NaN,
,,,          NaN,,,,          NaN,
,,,          NaN,,,,          NaN,
,,,          NaN,,,,          NaN,
,,,          NaN,,,,          NaN,
,,,          NaN,,,,          NaN,
,,,          NaN,,,,          NaN,
,,,          NaN,,,,          NaN,
,,,          NaN,,,,          NaN,
,,,          NaN,,,,          NaN,
,,,          NaN,,,,          NaN,
,,,          NaN,,,,          NaN,
,,,          NaN,,,,          NaN,
,,,          NaN,,,,          NaN,
,,,          NaN,,,,          NaN,
,,,          NaN,,,,          NaN,
,,,          NaN,,,,          NaN,
,,,          NaN,,,,          NaN,
,,,          NaN,,,,          NaN,
,,,          NaN,,,,          NaN,
,,,          NaN,,,,          NaN,
,,,          NaN,,,,          NaN,
,,,          NaN,,,,          NaN,
,,,          NaN,,,,          NaN,
,,,          NaN,,,,          NaN,
,,,          NaN,,,,          NaN,
,,,          NaN,,,,          NaN,
,,,          NaN,,,,          NaN,
,,,          NaN,,,,          NaN,
,,,          NaN,,,,          NaN,
,,,          NaN,,,,          NaN,
,,,          NaN,,,,          NaN,
,,,          NaN,,,,          NaN,
,,,          NaN,,,,          NaN,
,,,          NaN,,,,          NaN,
,,,          NaN,,,,          NaN,
,,,          NaN,,,,          NaN,
,,,          NaN,,,,          NaN,
,,,          NaN,,,,          NaN,
,,,          NaN,,,,          NaN,
,,,          NaN,,,,          NaN,
,,,          NaN,,,,          NaN,
,,,          NaN,,,,          NaN,
,,,          NaN,,,,          NaN,
,,,          NaN,,,,          NaN,
,,,          NaN,,,,          NaN,
,,,          NaN,,,,          NaN,
,,,          NaN,,,,          NaN,
,,,          NaN,,,,          NaN,
,,,          NaN,,,,          NaN,
,,,          NaN,,,,          NaN,
,,,          NaN,,,,          NaN,
,,,          NaN,,,,          NaN,
,,,          NaN,,,,          NaN,
,,,          NaN,,,,          NaN,
,,,          NaN,,,,          NaN,
,,,          NaN,,,,          NaN,
,,,          NaN,,,,          NaN,
,,,          NaN,,,,          NaN,
,,,          NaN,,,,          NaN,
,,,          NaN,,,,          NaN,
,,,          NaN,,,,          NaN,
,,,          NaN,,,,          NaN,
,,,          NaN,,,,          NaN,
,,,          NaN,,,,          NaN,
,,,          NaN,,,,          NaN,
,,,          NaN,,,,          NaN,
,,,          NaN,,,,          NaN,
,,,          NaN,,,,          NaN,
,,,          NaN,,,,          NaN,
,,,          NaN,,,,          NaN,
,,,          NaN,,,,          NaN,
,,,          NaN,,,,          NaN,
,,,          NaN,,,,          NaN,
,,,          NaN,,,,          NaN,
,,,          NaN,,,,          NaN,
,,,          NaN,,,,          NaN,
,,,          NaN,,,,          NaN,
,,,          NaN,,,,          NaN,
,,,          NaN,,,,          NaN,
,,,          NaN,,,,          NaN,
,,,          NaN,,,,          NaN,
,,,          NaN,,,,          NaN,
,,,          NaN,,,,          NaN,
,,,          NaN,,,,          NaN,
,,,          NaN,,,,          NaN,
,,,          NaN,,,,          NaN,
,,,          NaN,,,,          NaN,
,,,          NaN,,,,          NaN,
,,,          NaN,,,,          NaN,
,,,          NaN,,,,          NaN,
,,,          NaN,,,,          NaN,
,,,          NaN,,,,          NaN,
,,,          NaN,,,,          NaN,
,,,          NaN,,,,          NaN,
,,,          NaN,,,,          NaN,
,,,          NaN,,,,          NaN,
,,,          NaN,,,,          NaN,
,,,          NaN,,,,          NaN,
,,,          NaN,,,,          NaN,
,,,          NaN,,,,          NaN,
,,,          NaN,,,,          NaN,
,,,          NaN,,,,          NaN,
,,,          NaN,,,,          NaN,
,,,          NaN,,,,          NaN,
,,,          NaN,,,,          NaN,
,,,          NaN,,,,          NaN,
,,,          NaN,,,,          NaN,
,,,          NaN,,,,          NaN,
,,,          NaN,,,,          NaN,
,,,          NaN,,,,          NaN,
,,,          NaN,,,,          NaN,
,,,          NaN,,,,          NaN,
,,,          NaN,,,,          NaN,
,,,          NaN,,,,          NaN,
,,,          NaN,,,,          NaN,
,,,          NaN,,,,          NaN,
,,,          NaN,,,,          NaN,
,,,          NaN,,,,          NaN,
,,,          NaN,,,,          NaN,
,,,          NaN,,,,          NaN,
,,,          NaN,,,,          NaN,
,,,          NaN,,,,          NaN,
,,,          NaN,,,,          NaN,
,,,          NaN,,,,          NaN,
,,,          NaN,,,,          NaN,
,,,          NaN,,,,          NaN,
,,,          NaN,,,,          NaN,
,,,          NaN,,,,          NaN,
,,,          NaN,,,,          NaN,
,,,          NaN,,,,          NaN,
,,,          NaN,,,,          NaN,
,,,          NaN,,,,          NaN,
,,,          NaN,,,,          NaN,
,,,          NaN,,,,          NaN,
,,,          NaN,,,,          NaN,
,,,          NaN,,,,          NaN,
,,,          NaN,,,,          NaN,
,,,          NaN,,,,          NaN,
,,,          NaN,,,,          NaN,
,,,          NaN,,,,          NaN,
,,,          NaN,,,,          NaN,
,,,          NaN,,,,          NaN,
,,,          NaN,,,,          NaN,
,,,          NaN,,,,          NaN,
,,,          NaN,,,,          NaN,
,,,          NaN,,,,          NaN,
,,,          NaN,,,,          NaN,
,,,          NaN,,,,          NaN,
,,,          NaN,,,,          NaN,
,,,          NaN,,,,          NaN,
,,,          NaN,,,,          NaN,
,,,          NaN,,,,          NaN,
,,,          NaN,,,,          NaN,
,,,          NaN,,,,          NaN,
,,,          NaN,,,,          NaN,
,,,          NaN,,,,          NaN,
,,,          NaN,,,,          NaN,
,,,          NaN,,,,          NaN,
,,,          NaN,,,,          NaN,
,,,          NaN,,,,          NaN,
,,,          NaN,,,,          NaN,
,,,          NaN,,,,          NaN,
,,,          NaN,,,,          NaN,
,,,          NaN,,,,          NaN,
,,,          NaN,,,,          NaN,
,,,          NaN,,,,          NaN,
,,,          NaN,,,,          NaN,
,,,          NaN,,,,          NaN,
,,,          NaN,,,,          NaN,
,,,          NaN,,,,          NaN,
,,,          NaN,,,,          NaN,
,,,          NaN,,,,          NaN,
,,,          NaN,,,,          NaN,
,,,          NaN,,,,          NaN,
,,,          NaN,,,,          NaN,
,,,          NaN,,,,          NaN,
,,,          NaN,,,,          NaN,
,,,          NaN,,,,          NaN,
,,,          NaN,,,,          NaN,
,,,          NaN,,,,          NaN,
,,,          NaN,,,,          NaN,
,,,          NaN,,,,          NaN,
,,,          NaN,,,,          NaN,
,,,          NaN,,,,          NaN,
,,,          NaN,,,,          NaN,
,,,          NaN,,,,          NaN,
,,,          NaN,,,,          NaN,
,,,          NaN,,,,          NaN,
,,,          NaN,,,,          NaN,
,,,          NaN,,,,          NaN,
,,,          NaN,,,,          NaN,
,,,          NaN,,,,          NaN,
,,,          NaN,,,,          NaN,
,,,          NaN,,,,          NaN,
,,,          NaN,,,,          NaN,
,,,          NaN,,,,          NaN,
,,,          NaN,,,,          NaN,
,,,          NaN,,,,          NaN,
,,,          NaN,,,,          NaN,
,,,          NaN,,,,          NaN,
,,,          NaN,,,,          NaN,
,,,          NaN,,,,          NaN,
,,,          NaN,,,,          NaN,
,,,          NaN,,,,          NaN,
,,,          NaN,,,,          NaN,
,,,          NaN,,,,          NaN,
,,,          NaN,,,,          NaN,
,,,          NaN,,,,          NaN,
,,,          NaN,,,,          NaN,
,,,          NaN,,,,          NaN,
,,,          NaN,,,,          NaN,
,,,          NaN,,,,          NaN,
,,,          NaN,,,,          NaN,
,,,          NaN,,,,          NaN,
,,,          NaN,,,,          NaN,
,,,          NaN,,,,          NaN,
,,,          NaN,,,,          NaN,
,,,          NaN,,,,          NaN,
,,,          NaN,,,,          NaN,
,,,          NaN,,,,          NaN,
,,,          NaN,,,,          NaN,
,,,          NaN,,,,          NaN,
,,,          NaN,,,,          NaN,
,,,          NaN,,,,          NaN,
,,,          NaN,,,,          NaN,
,,,          NaN,,,,          NaN,
,,,          NaN,,,,          NaN,
,,,          NaN,,,,          NaN,
,,,          NaN,,,,          NaN,
,,,          NaN,,,,          NaN,
,,,          NaN,,,,          NaN,
,,,          NaN,,,,          NaN,
,,,          NaN,,,,          NaN,
,,,          NaN,,,,          NaN,
,,,          NaN,,,,          NaN,
,,,          NaN,,,,          NaN,
,,,          NaN,,,,          NaN,
,,,          NaN,,,,          NaN,
,,,          NaN,,,,          NaN,
,,,          NaN,,,,          NaN,
,,,          NaN,,,,          NaN,
,,,          NaN,,,,          NaN,
,,,          NaN,,,,          NaN,
,,,          NaN,,,,          NaN,
,,,          NaN,,,,          NaN,
,,,          NaN,,,,          NaN,
,,,          NaN,,,,          NaN,
,,,          NaN,,,,          NaN,
,,,          NaN,,,,          NaN,
,,,          NaN,,,,          NaN,
,,,          NaN,,,,          NaN,
,,,          NaN,,,,          NaN,
,,,          NaN,,,,          NaN,
,,,          NaN,,,,          NaN,
,,,          NaN,,,,          NaN,
,,,          NaN,,,,          NaN,
,,,          NaN,,,,          NaN,
,,,          NaN,,,,          NaN,
,,,          NaN,,,,          NaN,
,,,          NaN,,,,          NaN,
,,,          NaN,,,,          NaN,
,,,          NaN,,,,          NaN,
,,,          NaN,,,,          NaN,
,,,          NaN,,,,          NaN,
,,,          NaN,,,,          NaN,
,,,          NaN,,,,          NaN,
,,,          NaN,,,,          NaN,
,,,          NaN,,,,          NaN,
,,,          NaN,,,,          NaN,
,,,          NaN,,,,          NaN,
,,,          NaN,,,,          NaN,
,,,          NaN,,,,          NaN,
,,,          NaN,,,,          NaN,
,,,          NaN,,,,          NaN,
,,,          NaN,,,,          NaN,
,,,          NaN,,,,          NaN,
,,,          NaN,,,,          NaN,
,,,          NaN,,,,          NaN,
,,,          NaN,,,,          NaN,
,,,          NaN,,,,          NaN,
,,,          NaN,,,,          NaN,
,,,          NaN,,,,          NaN,
,,,          NaN,,,,          NaN,
,,,          NaN,,,,          NaN,
,,,          NaN,,,,          NaN,
,,,          NaN,,,,          NaN,
,,,          NaN,,,,          NaN,
,,,          NaN,,,,          NaN,
,,,          NaN,,,,          NaN,
,,,          NaN,,,,          NaN,
,,,          NaN,,,,          NaN,
,,,          NaN,,,,          NaN,
,,,          NaN,,,,          NaN,
,,,          NaN,,,,          NaN,
,,,          NaN,,,,          NaN,
,,,          NaN,,,,          NaN,
,,,          NaN,,,,          NaN,
,,,          NaN,,,,          NaN,
,,,          NaN,,,,          NaN,
,,,          NaN,,,,          NaN,
,,,          NaN,,,,          NaN,
,,,          NaN,,,,          NaN,
,,,          NaN,,,,          NaN,
,,,          NaN,,,,          NaN,
,,,          NaN,,,,          NaN,
,,,          NaN,,,,          NaN,
,,,          NaN,,,,          NaN,
,,,          NaN,,,,          NaN,
,,,          NaN,,,,          NaN,
,,,          NaN,,,,          NaN,
,,,          NaN,,,,          NaN,
,,,          NaN,,,,          NaN,
,,,          NaN,,,,          NaN,
,,,          NaN,,,,          NaN,
,,,          NaN,,,,          NaN,
,,,          NaN,,,,          NaN,
,,,          NaN,,,,          NaN,
,,,          NaN,,,,          NaN,
,,,          NaN,,,,          NaN,
,,,          NaN,,,,          NaN,
,,,          NaN,,,,          NaN,
,,,          NaN,,,,          NaN,
,,,          NaN,,,,          NaN,
,,,          NaN,,,,          NaN,
,,,          NaN,,,,          NaN,
,,,          NaN,,,,          NaN,
,,,          NaN,,,,          NaN,
,,,          NaN,,,,          NaN,
,,,          NaN,,,,          NaN,
,,,          NaN,,,,          NaN,
,,,          NaN,,,,          NaN,
,,,          NaN,,,,          NaN,
,,,          NaN,,,,          NaN,
,,,          NaN,,,,          NaN,
,,,          NaN,,,,          NaN,
,,,          NaN,,,,          NaN,
,,,          NaN,,,,          NaN,
,,,          NaN,,,,          NaN,
,,,          NaN,,,,          NaN,
,,,          NaN,,,,          NaN,
,,,          NaN,,,,          NaN,
,,,          NaN,,,,          NaN,
,,,          NaN,,,,          NaN,
,,,          NaN,,,,          NaN,
,,,          NaN,,,,          NaN,
,,,          NaN,,,,          NaN,
,,,          NaN,,,,          NaN,
,,,          NaN,,,,          NaN,
,,,          NaN,,,,          NaN,
,,,          NaN,,,,          NaN,
,,,          NaN,,,,          NaN,
,,,          NaN,,,,          NaN,
,,,          NaN,,,,          NaN,
,,,          NaN,,,,          NaN,
,,,          NaN,,,,          NaN,
,,,          NaN,,,,          NaN,
,,,          NaN,,,,          NaN,
,,,          NaN,,,,          NaN,
,,,          NaN,,,,          NaN,
,,,          NaN,,,,          NaN,
,,,          NaN,,,,          NaN,
,,,          NaN,,,,          NaN,
,,,          NaN,,,,          NaN,
,,,          NaN,,,,          NaN,
,,,          NaN,,,,          NaN,
,,,          NaN,,,,          NaN,
,,,          NaN,,,,          NaN,
,,,          NaN,,,,          NaN,
,,,          NaN,,,,          NaN,
,,,          NaN,,,,          NaN,
,,,          NaN,,,,          NaN,
,,,          NaN,,,,          NaN,
,,,          NaN,,,,          NaN,
,,,          NaN,,,,          NaN,
,,,          NaN,,,,          NaN,
,,,          NaN,,,,          NaN,
,,,          NaN,,,,          NaN,
,,,          NaN,,,,          NaN,
,,,          NaN,,,,          NaN,
,,,          NaN,,,,          NaN,
,,,          NaN,,,,          NaN,
,,,          NaN,,,,          NaN,
,,,          NaN,,,,          NaN,
,,,          NaN,,,,          NaN,
,,,          NaN,,,,          NaN,
,,,          NaN,,,,          NaN,
,,,          NaN,,,,          NaN,
,,,          NaN,,,,          NaN,
,,,          NaN,,,,          NaN,
,,,          NaN,,,,          NaN,
,,,          NaN,,,,          NaN,
,,,          NaN,,,,          NaN,
,,,          NaN,,,,          NaN,
,,,          NaN,,,,          NaN,
,,,          NaN,,,,          NaN,
,,,          NaN,,,,          NaN,
,,,          NaN,,,,          NaN,
,,,          NaN,,,,          NaN,
,,,          NaN,,,,          NaN,
,,,          NaN,,,,          NaN,
,,,          NaN,,,,          NaN,
,,,          NaN,,,,          NaN,
,,,          NaN,,,,          NaN,
,,,          NaN,,,,          NaN,
,,,          NaN,,,,          NaN,
,,,          NaN,,,,          NaN,
,,,          NaN,,,,          NaN,
,,,          NaN,,,,          NaN,
,,,          NaN,,,,          NaN,
,,,          NaN,,,,          NaN,
,,,          NaN,,,,          NaN,
,,,          NaN,,,,          NaN,
,,,          NaN,,,,          NaN,
,,,          NaN,,,,          NaN,
,,,          NaN,,,,          NaN,
,,,          NaN,,,,          NaN,
,,,          NaN,,,,          NaN,
,,,          NaN,,,,          NaN,
,,,          NaN,,,,          NaN,
,,,          NaN,,,,          NaN,
,,,          NaN,,,,          NaN,
,,,          NaN,,,,          NaN,
,,,          NaN,,,,          NaN,
,,,          NaN,,,,          NaN,
,,,          NaN,,,,          NaN,
,,,          NaN,,,,          NaN,
,,,          NaN,,,,          NaN,
,,,          NaN,,,,          NaN,
,,,          NaN,,,,          NaN,
,,,          NaN,,,,          NaN,
,,,          NaN,,,,          NaN,
,,,          NaN,,,,          NaN,
,,,          NaN,,,,          NaN,
,,,          NaN,,,,          NaN,
,,,          NaN,,,,          NaN,
,,,          NaN,,,,          NaN,
,,,          NaN,,,,          NaN,
,,,          NaN,,,,          NaN,
,,,          NaN,,,,          NaN,
,,,          NaN,,,,          NaN,
,,,          NaN,,,,          NaN,
,,,          NaN,,,,          NaN,
,,,          NaN,,,,          NaN,
,,,          NaN,,,,          NaN,
,,,          NaN,,,,          NaN,
,,,          NaN,,,,          NaN,
,,,          NaN,,,,          NaN,
,,,          NaN,,,,          NaN,
,,,          NaN,,,,          NaN,
,,,          NaN,,,,          NaN,
,,,          NaN,,,,          NaN,
,,,          NaN,,,,          NaN,
,,,          NaN,,,,          NaN,
,,,          NaN,,,,          NaN,
,,,          NaN,,,,          NaN,
,,,          NaN,,,,          NaN,
,,,          NaN,,,,          NaN,
,,,          NaN,,,,          NaN,
,,,          NaN,,,,          NaN,
,,,          NaN,,,,          NaN,
,,,          NaN,,,,          NaN,
,,,          NaN,,,,          NaN,
,,,          NaN,,,,          NaN,
,,,          NaN,,,,          NaN,
,,,          NaN,,,,          NaN,
,,,          NaN,,,,          NaN,
,,,          NaN,,,,          NaN,
,,,          NaN,,,,          NaN,
,,,          NaN,,,,          NaN,
,,,          NaN,,,,          NaN,
,,,          NaN,,,,          NaN,
,,,          NaN,,,,          NaN,
,,,          NaN,,,,          NaN,
,,,          NaN,,,,          NaN,
,,,          NaN,,,,          NaN,
,,,          NaN,,,,          NaN,
,,,          NaN,,,,          NaN,
,,,          NaN,,,,          NaN,
,,,          NaN,,,,          NaN,
,,,          NaN,,,,          NaN,
,,,          NaN,,,,          NaN,
,,,          NaN,,,,          NaN,
,,,          NaN,,,,          NaN,
,,,          NaN,,,,          NaN,
,,,          NaN,,,,          NaN,
,,,          NaN,,,,          NaN,
,,,          NaN,,,,          NaN,
,,,          NaN,,,,          NaN,
,,,          NaN,,,,          NaN,
,,,          NaN,,,,          NaN,
,,,          NaN,,,,          NaN,
,,,          NaN,,,,          NaN,
,,,          NaN,,,,          NaN,
,,,          NaN,,,,          NaN,
,,,          NaN,,,,          NaN,
,,,          NaN,,,,          NaN,
,,,          NaN,,,,          NaN,
,,,          NaN,,,,          NaN,
,,,          NaN,,,,          NaN,
,,,          NaN,,,,          NaN,
,,,          NaN,,,,          NaN,
,,,          NaN,,,,          NaN,
,,,          NaN,,,,          NaN,
,,,          NaN,,,,          NaN,
,,,          NaN,,,,          NaN,
,,,          NaN,,,,          NaN,
,,,          NaN,,,,          NaN,
,,,          NaN,,,,          NaN,
,,,          NaN,,,,          NaN,
,,,          NaN,,,,          NaN,
,,,          NaN,,,,          NaN,
,,,          NaN,,,,          NaN,
,,,          NaN,,,,          NaN,
,,,          NaN,,,,          NaN,
,,,          NaN,,,,          NaN,
,,,          NaN,,,,          NaN,
,,,          NaN,,,,          NaN,
,,,          NaN,,,,          NaN,
,,,          NaN,,,,          NaN,
,,,          NaN,,,,          NaN,
,,,          NaN,,,,          NaN,
,,,          NaN,,,,          NaN,
,,,          NaN,,,,          NaN,
,,,          NaN,,,,          NaN,
,,,          NaN,,,,          NaN,
,,,          NaN,,,,          NaN,
,,,          NaN,,,,          NaN,
,,,          NaN,,,,          NaN,
,,,          NaN,,,,          NaN,
,,,          NaN,,,,          NaN,
,,,          NaN,,,,          NaN,
,,,          NaN,,,,          NaN,
,,,          NaN,,,,          NaN,
,,,          NaN,,,,          NaN,
,,,          NaN,,,,          NaN,
,,,          NaN,,,,          NaN,
,,,          NaN,,,,          NaN,
,,,          NaN,,,,          NaN,
,,,          NaN,,,,          NaN,
,,,          NaN,,,,          NaN,
,,,          NaN,,,,          NaN,
,,,          NaN,,,,          NaN,
,,,          NaN,,,,          NaN,
,,,          NaN,,,,          NaN,
,,,          NaN,,,,          NaN,
,,,          NaN,,,,          NaN,
,,,          NaN,,,,          NaN,
,,,          NaN,,,,          NaN,
,,,          NaN,,,,          NaN,
,,,          NaN,,,,          NaN,
,,,          NaN,,,,          NaN,
,,,          NaN,,,,          NaN,
,,,          NaN,,,,          NaN,
,,,          NaN,,,,          NaN,
,,,          NaN,,,,          NaN,
,,,          NaN,,,,          NaN,
,,,          NaN,,,,          NaN,
,,,          NaN,,,,          NaN,
,,,          NaN,,,,          NaN,
,,,          NaN,,,,          NaN,
,,,          NaN,,,,          NaN,
,,,          NaN,,,,          NaN,
,,,          NaN,,,,          NaN,
,,,          NaN,,,,          NaN,
,,,          NaN,,,,          NaN,
,,,          NaN,,,,          NaN,
,,,          NaN,,,,          NaN,
,,,          NaN,,,,          NaN,
,,,          NaN,,,,          NaN,
,,,          NaN,,,,          NaN,
,,,          NaN,,,,          NaN,
,,,          NaN,,,,          NaN,
,,,          NaN,,,,          NaN,
,,,          NaN,,,,          NaN,
,,,          NaN,,,,          NaN,
,,,          NaN,,,,          NaN,
,,,          NaN,,,,          NaN,
,,,          NaN,,,,          NaN,
,,,          NaN,,,,          NaN,
,,,          NaN,,,,          NaN,
,,,          NaN,,,,          NaN,
,,,          NaN,,,,          NaN,
,,,          NaN,,,,          NaN,
,,,          NaN,,,,          NaN,
,,,          NaN,,,,          NaN,
,,,          NaN,,,,          NaN,
,,,          NaN,,,,          NaN,
,,,          NaN,,,,          NaN,
,,,          NaN,,,,          NaN,
,,,          NaN,,,,          NaN,
,,,          NaN,,,,          NaN,
,,,          NaN,,,,          NaN,
,,,          NaN,,,,          NaN,
,,,          NaN,,,,          NaN,
,,,          NaN,,,,          NaN,
,,,          NaN,,,,          NaN,
,,,          NaN,,,,          NaN,
,,,          NaN,,,,          NaN,
,,,          NaN,,,,          NaN,
,,,          NaN,,,,          NaN,
,,,          NaN,,,,          NaN,
,,,          NaN,,,,          NaN,
,,,          NaN,,,,          NaN,
,,,          NaN,,,,          NaN,
,,,          NaN,,,,          NaN,
,,,          NaN,,,,          NaN,
,,,          NaN,,,,          NaN,
,,,          NaN,,,,          NaN,
,,,          NaN,,,,          NaN,
,,,          NaN,,,,          NaN,
,,,          NaN,,,,          NaN,
,,,          NaN,,,,          NaN,
,,,          NaN,,,,          NaN,
,,,          NaN,,,,          NaN,
,,,          NaN,,,,          NaN,
,,,          NaN,,,,          NaN,
,,,          NaN,,,,          NaN,
,,,          NaN,,,,          NaN,
,,,          NaN,,,,          NaN,
,,,          NaN,,,,          NaN,
,,,          NaN,,,,          NaN,
,,,          NaN,,,,          NaN,
,,,          NaN,,,,          NaN,
,,,          NaN,,,,          NaN,
,,,          NaN,,,,          NaN,
,,,          NaN,,,,          NaN,
,,,          NaN,,,,          NaN,
,,,          NaN,,,,          NaN,
,,,          NaN,,,,          NaN,
,,,          NaN,,,,          NaN,
,,,          NaN,,,,          NaN,
,,,          NaN,,,,          NaN,
,,,          NaN,,,,          NaN,
,,,          NaN,,,,          NaN,
,,,          NaN,,,,          NaN,
,,,          NaN,,,,          NaN,
,,,          NaN,,,,          NaN,
,,,          NaN,,,,          NaN,
,,,          NaN,,,,          NaN,
,,,          NaN,,,,          NaN,
,,,          NaN,,,,          NaN,
,,,          NaN,,,,          NaN,
,,,          NaN,,,,          NaN,
,,,          NaN,,,,          NaN,
,,,          NaN,,,,          NaN,
,,,          NaN,,,,          NaN,
,,,          NaN,,,,          NaN,
,,,          NaN,,,,          NaN,
,,,          NaN,,,,          NaN,
,,,          NaN,,,,          NaN,
,,,          NaN,,,,          NaN,
,,,          NaN,,,,          NaN,
,,,          NaN,,,,          NaN,
,,,          NaN,,,,          NaN,
,,,          NaN,,,,          NaN,
,,,          NaN,,,,          NaN,
,,,          NaN,,,,          NaN,
,,,          NaN,,,,          NaN,
,,,          NaN,,,,          NaN,
,,,          NaN,,,,          NaN,
,,,          NaN,,,,          NaN,
,,,          NaN,,,,          NaN,
,,,          NaN,,,,          NaN,
,,,          NaN,,,,          NaN,
,,,          NaN,,,,          NaN,
,,,          NaN,,,,          NaN,
,,,          NaN,,,,          NaN,
,,,          NaN,,,,          NaN,
,,,          NaN,,,,          NaN,
,,,          NaN,,,,          NaN,
,,,          NaN,,,,          NaN,
,,,          NaN,,,,          NaN,
,,,          NaN,,,,          NaN,
,,,          NaN,,,,          NaN,
,,,          NaN,,,,          NaN,
,,,          NaN,,,,          NaN,
,,,          NaN,,,,          NaN,
,,,          NaN,,,,          NaN,
,,,          NaN,,,,          NaN,
,,,          NaN,,,,          NaN,
,,,          NaN,,,,          NaN,
,,,          NaN,,,,          NaN,
,,,          NaN,,,,          NaN,
,,,          NaN,,,,          NaN,
,,,          NaN,,,,          NaN,
,,,          NaN,,,,          NaN,
,,,          NaN,,,,          NaN,
,,,          NaN,,,,          NaN,
,,,          NaN,,,,          NaN,
,,,          NaN,,,,          NaN,
,,,          NaN,,,,          NaN,
,,,          NaN,,,,          NaN,
,,,          NaN,,,,          NaN,
,,,          NaN,,,,          NaN,
,,,          NaN,,,,          NaN,
,,,          NaN,,,,          NaN,
,,,          NaN,,,,          NaN,
,,,          NaN,,,,          NaN,
,,,          NaN,,,,          NaN,
,,,          NaN,,,,          NaN,
,,,          NaN,,,,          NaN,
,,,          NaN,,,,          NaN,
,,,          NaN,,,,          NaN,
,,,          NaN,,,,          NaN,
,,,          NaN,,,,          NaN,
,,,          NaN,,,,          NaN,
,,,          NaN,,,,          NaN,
,,,          NaN,,,,          NaN,
,,,          NaN,,,,          NaN,
,,,          NaN,,,,          NaN,
,,,          NaN,,,,          NaN,
,,,          NaN,,,,          NaN,
,,,          NaN,,,,          NaN,
,,,          NaN,,,,          NaN,
,,,          NaN,,,,          NaN,
,,,          NaN,,,,          NaN,
,,,          NaN,,,,          NaN,
,,,          NaN,,,,          NaN,
,,,          NaN,,,,          NaN,
,,,          NaN,,,,          NaN,
,,,          NaN,,,,          NaN,
,,,          NaN,,,,          NaN,
,,,          NaN,,,,          NaN,
,,,          NaN,,,,          NaN,
,,,          NaN,,,,          NaN,
,,,          NaN,,,,          NaN,
,,,          NaN,,,,          NaN,
,,,          NaN,,,,          NaN,
,,,          NaN,,,,          NaN,
,,,          NaN,,,,          NaN,
,,,          NaN,,,,          NaN,
,,,          NaN,,,,          NaN,
,,,          NaN,,,,          NaN,
,,,          NaN,,,,          NaN,
,,,          NaN,,,,          NaN,
,,,          NaN,,,,          NaN,
,,,          NaN,,,,          NaN,
,,,          NaN,,,,          NaN,
,,,          NaN,,,,          NaN,
,,,          NaN,,,,          NaN,
,,,          NaN,,,,          NaN,
,,,          NaN,,,,          NaN,
,,,          NaN,,,,          NaN,
,,,          NaN,,,,          NaN,
,,,          NaN,,,,          NaN,
,,,          NaN,,,,          NaN,
,,,          NaN,,,,          NaN,
,,,          NaN,,,,          NaN,
,,,          NaN,,,,          NaN,
,,,          NaN,,,,          NaN,
,,,          NaN,,,,          NaN,
,,,          NaN,,,,          NaN,
,,,          NaN,,,,          NaN,
,,,          NaN,,,,          NaN,
,,,          NaN,,,,          NaN,
,,,          NaN,,,,          NaN,
,,,          NaN,,,,          NaN,
,,,          NaN,,,,          NaN,
,,,          NaN,,,,          NaN,
,,,          NaN,,,,          NaN,
,,,          NaN,,,,          NaN,
,,,          NaN,,,,          NaN,
,,,          NaN,,,,          NaN,
,,,          NaN,,,,          NaN,
,,,          NaN,,,,          NaN,
,,,          NaN,,,,          NaN,
,,,          NaN,,,,          NaN,
,,,          NaN,,,,          NaN,
,,,          NaN,,,,          NaN,
,,,          NaN,,,,          NaN,
,,,          NaN,,,,          NaN,
,,,          NaN,,,,          NaN,
,,,          NaN,,,,          NaN,
,,,          NaN,,,,          NaN,
,,,          NaN,,,,          NaN,
,,,          NaN,,,,          NaN,
,,,          NaN,,,,          NaN,
,,,          NaN,,,,          NaN,
,,,          NaN,,,,          NaN,
,,,          NaN,,,,          NaN,
,,,          NaN,,,,          NaN,
,,,          NaN,,,,          NaN,
,,,          NaN,,,,          NaN,
,,,          NaN,,,,          NaN,
,,,          NaN,,,,          NaN,
,,,          NaN,,,,          NaN,
,,,          NaN,,,,          NaN,
,,,          NaN,,,,          NaN,
,,,          NaN,,,,          NaN,
,,,          NaN,,,,          NaN,
,,,          NaN,,,,          NaN,
,,,          NaN,,,,          NaN,
,,,          NaN,,,,          NaN,
,,,          NaN,,,,          NaN,
,,,          NaN,,,,          NaN,
,,,          NaN,,,,          NaN,
,,,          NaN,,,,          NaN,
,,,          NaN,,,,          NaN,
,,,          NaN,,,,          NaN,
,,,          NaN,,,,          NaN,
,,,          NaN,,,,          NaN,
,,,          NaN,,,,          NaN,
,,,          NaN,,,,          NaN,
,,,          NaN,,,,          NaN,
,,,          NaN,,,,          NaN,
,,,          NaN,,,,          NaN,
,,,          NaN,,,,          NaN,
,,,          NaN,,,,          NaN,
,,,          NaN,,,,          NaN,
,,,          NaN,,,,          NaN,
,,,          NaN,,,,          NaN,
,,,          NaN,,,,          NaN,
,,,          NaN,,,,          NaN,
,,,          NaN,,,,          NaN,
,,,          NaN,,,,          NaN,
,,,          NaN,,,,          NaN,
,,,          NaN,,,,          NaN,
,,,          NaN,,,,          NaN,
,,,          NaN,,,,          NaN,
,,,          NaN,,,,          NaN,
,,,          NaN,,,,          NaN,
,,,          NaN,,,,          NaN,
,,,          NaN,,,,          NaN,
,,,          NaN,,,,          NaN,
,,,          NaN,,,,          NaN,
,,,          NaN,,,,          NaN,
,,,          NaN,,,,          NaN,
,,,          NaN,,,,          NaN,
,,,          NaN,,,,          NaN,
,,,          NaN,,,,          NaN,
,,,          NaN,,,,          NaN,
,,,          NaN,,,,          NaN,
,,,          NaN,,,,          NaN,
,,,          NaN,,,,          NaN,
,,,          NaN,,,,          NaN,
,,,          NaN,,,,          NaN,
,,,          NaN,,,,          NaN,
,,,          NaN,,,,          NaN,
,,,          NaN,,,,          NaN,
,,,          NaN,,,,          NaN,
,,,          NaN,,,,          NaN,
,,,          NaN,,,,          NaN,
,,,          NaN,,,,          NaN,
,,,          NaN,,,,          NaN,
,,,          NaN,,,,          NaN,
,,,          NaN,,,,          NaN,
,,,          NaN,,,,          NaN,
,,,          NaN,,,,          NaN,
,,,          NaN,,,,          NaN,
,,,          NaN,,,,          NaN,
,,,          NaN,,,,          NaN,
,,,          NaN,,,,          NaN,
,,,          NaN,,,,          NaN,
,,,          NaN,,,,          NaN,
,,,          NaN,,,,          NaN,
,,,          NaN,,,,          NaN,
,,,          NaN,,,,          NaN,
,,,          NaN,,,,          NaN,
,,,          NaN,,,,          NaN,
,,,          NaN,,,,          NaN,
,,,          NaN,,,,          NaN,
,,,          NaN,,,,          NaN,
,,,          NaN,,,,          NaN,
,,,          NaN,,,,          NaN,
,,,          NaN,,,,          NaN,
,,,          NaN,,,,          NaN,
,,,          NaN,,,,          NaN,
,,,          NaN,,,,          NaN,
,,,          NaN,,,,          NaN,
,,,          NaN,,,,          NaN,
,,,          NaN,,,,          NaN,
,,,          NaN,,,,          NaN,
,,,          NaN,,,,          NaN,
,,,          NaN,,,,          NaN,
,,,          NaN,,,,          NaN,
,,,          NaN,,,,          NaN,
,,,          NaN,,,,          NaN,
,,,          NaN,,,,          NaN,
,,,          NaN,,,,          NaN,
,,,          NaN,,,,          NaN,
,,,          NaN,,,,          NaN,
,,,          NaN,,,,          NaN,
,,,          NaN,,,,          NaN,
,,,          NaN,,,,          NaN,
,,,          NaN,,,,          NaN,
,,,          NaN,,,,          NaN,
,,,          NaN,,,,          NaN,
,,,          NaN,,,,          NaN,
,,,          NaN,,,,          NaN,
,,,          NaN,,,,          NaN,
,,,          NaN,,,,          NaN,
,,,          NaN,,,,          NaN,
,,,          NaN,,,,          NaN,
,,,          NaN,,,,          NaN,
,,,          NaN,,,,          NaN,
,,,          NaN,,,,          NaN,
,,,          NaN,,,,          NaN,
,,,          NaN,,,,          NaN,
,,,          NaN,,,,          NaN,
,,,          NaN,,,,          NaN,
,,,          NaN,,,,          NaN,
,,,          NaN,,,,          NaN,
,,,          NaN,,,,          NaN,
,,,          NaN,,,,          NaN,
,,,          NaN,,,,          NaN,
,,,          NaN,,,,          NaN,
,,,          NaN,,,,          NaN,
,,,          NaN,,,,          NaN,
,,,          NaN,,,,          NaN,
,,,          NaN,,,,          NaN,
,,,          NaN,,,,          NaN,
,,,          NaN,,,,          NaN,
,,,          NaN,,,,          NaN,
,,,          NaN,,,,          NaN,
,,,          NaN,,,,          NaN,
,,,          NaN,,,,          NaN,
,,,          NaN,,,,          NaN,
,,,          NaN,,,,          NaN,
,,,          NaN,,,,          NaN,
,,,          NaN,,,,          NaN,
,,,          NaN,,,,          NaN,
,,,          NaN,,,,          NaN,
,,,          NaN,,,,          NaN,
,,,          NaN,,,,          NaN,
,,,          NaN,,,,          NaN,
,,,          NaN,,,,          NaN,
,,,          NaN,,,,          NaN,
,,,          NaN,,,,          NaN,
,,,          NaN,,,,          NaN,
,,,          NaN,,,,          NaN,
,,,          NaN,,,,          NaN,
,,,          NaN,,,,          NaN,
,,,          NaN,,,,          NaN,
,,,          NaN,,,,          NaN,
,,,          NaN,,,,          NaN,
,,,          NaN,,,,          NaN,
,,,          NaN,,,,          NaN,
,,,          NaN,,,,          NaN,
,,,          NaN,,,,          NaN,
,,,          NaN,,,,          NaN,
,,,          NaN,,,,          NaN,
,,,          NaN,,,,          NaN,
,,,          NaN,,,,          NaN,
,,,          NaN,,,,          NaN,
,,,          NaN,,,,          NaN,
,,,          NaN,,,,          NaN,
,,,          NaN,,,,          NaN,
,,,          NaN,,,,          NaN,
,,,          NaN,,,,          NaN,
,,,          NaN,,,,          NaN,
,,,          NaN,,,,          NaN,
